Date,Close,High,Low,Open,Volume
2011-10-20,5.22051477432251,5.235144054244206,5.166177705149996,5.224694226917951,296700
2011-10-21,5.322919845581055,5.322919845581055,5.274852541412171,5.2936612785499175,566400
2011-10-24,5.352179050445557,5.43159406000179,5.325010206987726,5.43159406000179,889800
2011-10-25,5.264404296875,5.333370675847623,5.262314569671944,5.333370675847623,283200
2011-10-26,5.318739414215088,5.341728799171227,5.247683924360535,5.341728799171227,135000
2011-10-27,5.439955234527588,5.467123485412407,5.391887915171949,5.4420449619989215,818100
2011-10-28,5.435775279998779,5.446225113382807,5.41278648364076,5.446225113382807,280500
2011-10-31,5.329191207885742,5.398156996501604,5.329191207885742,5.387707761421445,731400
2011-11-01,5.207976341247559,5.26649227096887,5.197526512872645,5.26649227096887,852900
2011-11-02,5.276944160461426,5.333370983633905,5.241415806363719,5.299932356859852,970800
2011-11-03,5.360538005828857,5.368896913210518,5.276942952822421,5.360538005828857,1599600
2011-11-04,5.337549209594727,5.339639534356314,5.279032672568911,5.337549209594727,327000
2011-11-07,5.368896484375,5.375166262329436,5.293660942678574,5.345908295073627,672000
2011-11-08,5.435775279998779,5.439955332936226,5.358449980888175,5.406516703194178,1395600
2011-11-09,5.272763729095459,5.352179340880204,5.256044715869099,5.347999288614076,1996500
2011-11-10,5.325009822845459,5.347998612605597,5.28112256815356,5.341729431877469,549300
2011-11-11,5.423233509063721,5.4336833381893,5.385616037552207,5.385616037552207,397500
2011-11-14,5.385618686676025,5.416966993634777,5.368899071434698,5.416966993634777,668100
2011-11-15,5.406514644622803,5.431593158941125,5.366807445391336,5.377256676877567,435300
2011-11-16,5.32710075378418,5.419055325368198,5.3250104287179685,5.373077740616655,310200
2011-11-17,5.2623138427734375,5.341729444710521,5.235145599129278,5.3354596660483296,771900
2011-11-18,5.283212184906006,5.302020920407574,5.262313124856214,5.302020920407574,591600
2011-11-21,5.184988498687744,5.245594763855316,5.145280698232166,5.245594763855316,881700
2011-11-22,5.166179180145264,5.199617202130981,5.147370442258048,5.182898789057119,451200
2011-11-23,5.076314449310303,5.136920110848669,5.076314449310303,5.136920110848669,464700
2011-11-25,5.0679545402526855,5.113932116713352,5.0679545402526855,5.072134591712274,159300
2011-11-28,5.187078475952148,5.207978139920066,5.15991022821586,5.184989346642087,432000
2011-11-29,5.222605705261231,5.247684220374938,5.199616916927257,5.220515978481496,327300
2011-11-30,5.416966915130615,5.416966915130615,5.343820468007438,5.356360029776901,568200
2011-12-01,5.408606052398682,5.437864026003206,5.396066493768839,5.437864026003206,305100
2011-12-02,5.396066665649414,5.559077345515346,5.3918872112523815,5.559077345515346,883200
2011-12-05,5.435775279998779,5.488022055242228,5.406516703194178,5.469213311821654,682500
2011-12-06,5.452493190765381,5.479661436635047,5.421144892805509,5.460852697026744,422700
2011-12-07,5.471301555633545,5.494289745326284,5.412784424287824,5.4504018968169925,598800
2011-12-08,5.3814377784729,5.458763669742804,5.370988543786391,5.456673344470199,639300
2011-12-09,5.454584121704102,5.465033955276422,5.400247020053259,5.408607126078788,365700
2011-12-12,5.3835272789001465,5.427414536194535,5.341729748639053,5.427414536194535,437700
2011-12-13,5.345909118652344,5.427414450859733,5.3291901068107785,5.410695439018167,375300
2011-12-14,5.304111003875732,5.347998255638252,5.289482318567534,5.345908528868361,382200
2011-12-15,5.32710075378418,5.381437247124293,5.320830974423684,5.354269000454236,653100
2011-12-16,5.329191207885742,5.494291633412692,5.276944434565795,5.3772585263412855,321300
2011-12-19,5.291810512542725,5.407306422201686,5.277111502842736,5.396806957903599,351600
2011-12-20,5.424105644226074,5.430405562935067,5.354808340807105,5.3779076422112,588900
2011-12-21,5.44510555267334,5.449305098243288,5.396807173858794,5.434606087955113,362700
2011-12-22,5.470305442810059,5.472405816701063,5.447206136356594,5.470305442810059,742800
2011-12-23,5.518603801727295,5.518603801727295,5.470305415959876,5.487104802244765,595800
2011-12-27,5.535404682159424,5.552203472185292,5.516505517685916,5.520705064993982,963900
2011-12-28,5.476604461669922,5.541702831264067,5.468205369740448,5.541702831264067,659700
2011-12-29,5.529105186462402,5.531204960278238,5.491306854602744,5.491306854602744,328800
2011-12-30,5.497602462768555,5.529100847669658,5.497602462768555,5.529100847669658,465000
2012-01-03,5.548003196716309,5.587901289760269,5.548003196716308,5.579501596362572,751200
2012-01-04,5.548003196716309,5.560602436416121,5.514403822332061,5.539602902525149,505200
2012-01-05,5.543803691864014,5.548003839446175,5.489205378057104,5.533303623305375,542700
2012-01-06,5.518603801727295,5.548003028122574,5.506003961616906,5.548003028122574,459900
2012-01-09,5.5312018394470215,5.537501758133623,5.503902992862833,5.527001693391516,720300
2012-01-10,5.569003582000732,5.581602824985954,5.562703660111311,5.581602824985954,417300
2012-01-11,5.548003196716309,5.552202142224963,5.529103435976395,5.550102969867367,812700
2012-01-12,5.552202701568604,5.558502622449913,5.518604525386512,5.548003755636937,411900
2012-01-13,5.522804260253906,5.531203353076727,5.49130525899442,5.522804260253906,636600
2012-01-17,5.554303169250488,5.585802173393903,5.550103622454585,5.566903011225268,610800
2012-01-18,5.60260009765625,5.606799643354401,5.554301717367252,5.558501263065404,535200
2012-01-19,5.625701427459717,5.625701427459717,5.592102646600477,5.625701427459717,1591800
2012-01-20,5.636199474334717,5.6382992474102736,5.613100168123268,5.634099100465718,2645700
2012-01-23,5.636199474334717,5.652998860526054,5.615199941198824,5.6445991674303855,1037400
2012-01-24,5.6299004554748535,5.631999627868965,5.602601000862367,5.613100467593761,1145700
2012-01-25,5.663497924804688,5.667698071451192,5.585800919381639,5.610999996880471,892500
2012-01-26,5.642499923706055,5.690797712942127,5.631999855756324,5.688697939669581,784800
2012-01-27,5.617300033569336,5.631999045155068,5.600500648219862,5.621499579509999,846600
2012-01-30,5.598399639129639,5.598399639129639,5.556400584235885,5.579499884189466,986700
2012-01-31,5.587900638580322,5.627799327768194,5.564801334230144,5.627799327768194,753900
2012-02-01,5.623600959777832,5.648800042312138,5.619400812292022,5.621500585638168,860100
2012-02-02,5.625701427459717,5.64040044349044,5.61520135784601,5.64040044349044,948600
2012-02-03,5.684495449066162,5.690795367080347,5.665596295816859,5.678196131845228,483000
2012-02-06,5.6802978515625,5.682397624467231,5.657197946436899,5.667698012547334,773700
2012-02-07,5.690796852111816,5.699197145518312,5.6466986160914505,5.673998067679045,821100
2012-02-08,5.690796852111816,5.699197145518312,5.667698148020876,5.694996998815064,575100
2012-02-09,5.6886982917785645,5.707598054781805,5.665598981970293,5.707598054781805,502800
2012-02-10,5.657198905944824,5.657198905944824,5.63409959769478,5.652999359423086,684900
2012-02-13,5.682398796081543,5.692898263563399,5.659298886193132,5.692898263563399,581700
2012-02-14,5.682398796081543,5.682398796081543,5.646699645373608,5.676098875275024,362400
2012-02-15,5.652999877929688,5.703398045574154,5.644600183322276,5.703398045574154,446400
2012-02-16,5.699199676513672,5.705499598969615,5.663500516459112,5.676100361370998,420900
2012-02-17,5.7348952293396,5.739094774912895,5.713895699093045,5.732795456552951,512100
2012-02-21,5.718095302581787,5.760093758294191,5.707595838852011,5.753793839739005,960600
2012-02-22,5.709697723388672,5.726497714448802,5.697098481085557,5.71809801931553,369300
2012-02-23,5.732795715332031,5.736995261094895,5.694996799499329,5.711796184137556,706800
2012-02-24,5.747494697570801,5.755894990641317,5.739095005293668,5.749595071235121,280500
2012-02-27,5.749593734741211,5.768492887773306,5.7117948278837805,5.726494436150183,438600
2012-02-28,5.768496036529541,5.772695583587572,5.745396725329663,5.757996568090896,314700
2012-02-29,5.747494697570801,5.785293613214594,5.741194778164605,5.785293613214594,347700
2012-03-01,5.762195110321045,5.781094871167098,5.7411955763121405,5.764294883483895,420000
2012-03-02,5.749593734741211,5.762192969831527,5.732794354091962,5.762192969831527,352500
2012-03-05,5.743296146392822,5.747495692861931,5.718097065197708,5.745395919627376,985200
2012-03-06,5.676098823547363,5.697097758319707,5.663498982049149,5.697097758319707,910200
2012-03-07,5.705498695373535,5.709697641689709,5.676099462430957,5.688698704553792,368700
2012-03-08,5.741196155548096,5.749596450633946,5.72019722021405,5.732797062049299,338400
2012-03-09,5.75379753112793,5.768497150256239,5.74119768593404,5.751697757193511,334200
2012-03-12,5.778994083404541,5.783194230222955,5.753795004874322,5.757995151692736,548100
2012-03-13,5.846190452575684,5.846190452575684,5.793692533041287,5.8041919967895055,443100
2012-03-14,5.83359432220459,5.854593260881448,5.823094252072539,5.844093791543019,391200
2012-03-15,5.850390911102295,5.852490683805456,5.827291608987514,5.839891446793152,633300
2012-03-16,5.850390911102295,5.873489612423741,5.850390911102295,5.873489612423741,390900
2012-03-19,5.862631797790527,5.871072700214931,5.833086224168511,5.84996923658562,415800
2012-03-20,5.8436360359191895,5.852077539354089,5.824642804136652,5.835195136268241,301800
2012-03-21,5.835196971893311,5.849969154713427,5.82253441086562,5.84785892913686,342600
2012-03-22,5.807763576507568,5.811984632863729,5.788770332365705,5.80565335022166,342000
2012-03-23,5.820423603057861,5.822534432426388,5.788768407939701,5.81831337747348,196200
2012-03-26,5.88795804977417,5.88795804977417,5.852081184987898,5.852081184987898,566700
2012-03-27,5.88373613357544,5.898508922576242,5.88373613357544,5.898508922576242,393300
2012-03-28,5.8563008308410645,5.883735576542184,5.830976310859064,5.881625350823064,340800
2012-03-29,5.866853713989258,5.866853713989258,5.805652332155302,5.828866628582518,360600
2012-03-30,5.88584566116333,5.896396788423639,5.871072271646579,5.890066112067454,268500
2012-04-02,5.923832416534424,5.934384148081321,5.87951466101015,5.885845941451942,280800
2012-04-03,5.896395683288574,5.961818094097615,5.862630271031768,5.915389520149519,372900
2012-04-04,5.864742279052734,5.866853108535001,5.843638210719304,5.85207971729584,387600
2012-04-05,5.8563008308410645,5.860521886063489,5.8351973660814895,5.841528647023035,321600
2012-04-09,5.795102119445801,5.811985744314829,5.786661212687978,5.8014334032986286,393300
2012-04-10,5.712795257568359,5.782438148204661,5.708575409438789,5.782438148204661,464700
2012-04-11,5.7486724853515625,5.767665727746766,5.740230977199884,5.765555501654919,557400
2012-04-12,5.8035407066345215,5.805650932041475,5.748670619565083,5.752891674163084,236400
2012-04-13,5.759225845336914,5.801432789800514,5.757115015086217,5.792991280150915,333600
2012-04-16,5.784548759460449,5.80354199992376,5.76555491521291,5.778217478044603,460200
2012-04-17,5.847860813140869,5.8584125482073,5.809874325387984,5.818315230413659,270000
2012-04-18,5.833086490631104,5.843638222927775,5.820423928847755,5.82675520973943,191400
2012-04-19,5.805652618408203,5.83941864986384,5.778217868796564,5.83519819782402,355500
2012-04-20,5.833086490631104,5.84996950381945,5.824644984036931,5.824644984036931,203400
2012-04-23,5.780326843261719,5.782437068824724,5.752892099590244,5.782437068824724,344100
2012-04-24,5.795102119445801,5.814095971004285,5.786661212687978,5.790881666066889,271200
2012-04-25,5.849969387054443,5.854190442159367,5.830976148542702,5.837307429308005,523500
2012-04-26,5.88584566116333,5.890066112067454,5.839417078513335,5.841527907749502,386100
2012-04-27,5.892177581787109,5.902728710194332,5.873183739301592,5.902728710194332,417300
2012-04-30,5.879514694213867,5.883735145342807,5.868962962607381,5.881624919778337,237000
2012-05-01,5.906949043273926,5.928052505077021,5.862631290460146,5.879514301416262,251700
2012-05-02,5.898507595062256,5.900617820506233,5.868962627494261,5.883734809386207,318000
2012-05-03,5.881624221801758,5.906948736922529,5.868962266133406,5.898507231882272,189000
2012-05-04,5.818315982818604,5.862634362640521,5.811985303230685,5.862634362640521,483900
2012-05-07,5.816205978393555,5.8309781669137095,5.795101299347799,5.801432582304651,246000
2012-05-08,5.801429271697998,5.803540100668646,5.750780244514984,5.786657091607641,331500
2012-05-09,5.755002975463867,5.782437722235446,5.723347173305164,5.755002975463867,297300
2012-05-10,5.773995876312256,5.803541450935176,5.773995876312255,5.803541450935176,211200
2012-05-11,5.773995876312256,5.816204012569049,5.7613339184625545,5.7613339184625545,312000
2012-05-14,5.733898162841797,5.759222677862543,5.7127934946484125,5.744449289370361,522000
2012-05-15,5.714904308319092,5.752891382639752,5.702242352734914,5.721235588003212,309000
2012-05-16,5.714904308319092,5.752891382639752,5.714904308319092,5.74233904857153,261900
2012-05-17,5.64948320388794,5.725456758295098,5.64948320388794,5.725456758295098,606600
2012-05-18,5.60727596282959,5.672697789000044,5.60094528580729,5.660035227387105,340200
2012-05-21,5.662145614624023,5.664256444142523,5.609386348561083,5.615717629548208,397200
2012-05-22,5.66636848449707,5.691693012771411,5.63893372981263,5.67480999392185,333600
2012-05-23,5.660036087036133,5.660036087036133,5.592504024934777,5.641042845516192,279000
2012-05-24,5.69802188873291,5.69802188873291,5.660034810476342,5.679028651496688,186300
2012-05-25,5.674808502197266,5.708575134804606,5.660035713641096,5.7043540793096055,156600
2012-05-29,5.72334623336792,5.725456458822819,5.691690436408005,5.710684276854418,318000
2012-05-30,5.657926082611084,5.691691507596516,5.651594801270719,5.691691507596516,373800
2012-05-31,5.655815124511719,5.689581152514428,5.619938870704892,5.666366857316514,259500
2012-06-01,5.548184871673584,5.596723680107988,5.543964420740563,5.584061119740704,698400
2012-06-04,5.548184871673584,5.558736602790247,5.514418849072975,5.552405926390716,756600
2012-06-05,5.56506872177124,5.567178947555815,5.531302694081233,5.537633975219159,331500
2012-06-06,5.664258003234863,5.664258003234863,5.592504874460432,5.596725930875094,214800
2012-06-07,5.695911884307861,5.729677909053645,5.687469774337266,5.729677909053645,329400
2012-06-08,5.729677677154541,5.733898731968998,5.676918416570633,5.676918416570633,212700
2012-06-11,5.68958044052124,5.780326780368591,5.685359385657019,5.780326780368591,229500
2012-06-12,5.744451522827148,5.744451522827148,5.685360964804188,5.708575867329296,208800
2012-06-13,5.719126224517822,5.757113308573155,5.706464265688857,5.733899616756015,372000
2012-06-14,5.778218746185303,5.792990934352013,5.729679917651419,5.736011200456787,164100
2012-06-15,5.822535037994385,5.8267554896020926,5.795099687407452,5.807762249798992,277200
2012-06-18,5.83018970489502,5.842946914792714,5.796169667399495,5.808926877297189,342000
2012-06-19,5.868463516235352,5.883347438711552,5.842948481273188,5.847201291263425,516300
2012-06-20,5.840820789337158,5.859957516590538,5.802548551482902,5.859957516590538,330000
2012-06-21,5.747267723083496,5.857832883644099,5.740888811738768,5.845075060954642,279000
2012-06-22,5.777032852172852,5.783411152189893,5.760022227148864,5.764275035486406,266700
2012-06-25,5.706868171691895,5.730256496991165,5.691984249536791,5.730256496991165,522900
2012-06-26,5.730254650115967,5.745139175800157,5.691982414996828,5.719624149611994,319800
2012-06-27,5.777032852172852,5.781284443858031,5.7472650187886,5.749391118794279,420000
2012-06-28,5.774906158447266,5.777032866784507,5.708992191495005,5.747265033324964,439800
2012-06-29,5.902482509613037,5.902482509613037,5.847200247889455,5.862083559383459,372000
2012-07-02,5.902482509613037,5.932250349253666,5.8748413787512455,5.913114228528295,341100
2012-07-03,5.932250022888184,5.934376123223743,5.900356084549687,5.913113903215596,265500
2012-07-05,5.921616554260254,5.936501077188466,5.902480440243874,5.921616554260254,295500
2012-07-06,5.885473728179932,5.889725321214153,5.855705885350261,5.8854737281799325,405600
2012-07-09,5.87696647644043,5.887597585215435,5.857830358980179,5.885472093451881,709500
2012-07-10,5.857833385467529,5.910990173458764,5.840823359308699,5.902484552052829,306900
2012-07-11,5.85145378112793,5.868463805273831,5.825938744909078,5.868463805273831,183000
2012-07-12,5.845073223114014,5.857831041792086,5.806800983732349,5.828063812087045,191100
2012-07-13,5.923744201660156,5.923744201660156,5.85783023367789,5.85783023367789,257400
2012-07-16,5.913114070892334,5.921618472475729,5.889724533232824,5.917366271684032,379500
2012-07-17,5.953512191772461,5.959891101050639,5.885472723334892,5.925871062668718,471900
2012-07-18,5.998162746429443,6.004541655076301,5.9365021933725926,5.949259402340097,340800
2012-07-19,6.019426345825195,6.023677937829306,5.985405701551351,6.017299637333799,495000
2012-07-20,5.974774360656738,5.991784377970782,5.957764343342695,5.991784377970782,248400
2012-07-23,5.921616554260254,5.927995461707746,5.87909212681323,5.915237646812762,274800
2012-07-24,5.870589256286621,5.9237460321024935,5.834443111059878,5.9237460321024935,613200
2012-07-25,5.887598037719727,5.908860865230144,5.866335818535561,5.9046086647238125,216900
2012-07-26,5.9811530113220215,5.985405211304075,5.953511278133967,5.962016894750429,189600
2012-07-27,6.061950206756592,6.07683412315177,5.998162341249352,6.013046865970701,402000
2012-07-30,6.072583198547363,6.089593218478132,6.057699279026367,6.066204288991751,357600
2012-07-31,6.047068595886231,6.074709730925703,6.04706859588623,6.074709730925703,705000
2012-08-01,6.036438941955566,6.072585705475538,6.023681117577565,6.072585705475538,217500
2012-08-02,5.9811530113220215,6.006668036192872,5.940753461535453,5.998162419576411,382500
2012-08-03,6.070455074310303,6.083212280842108,6.051318352023452,6.066202266582304,309900
2012-08-06,6.061950206756592,6.089591939583686,6.061950206756592,6.085339131330991,340200
2012-08-07,6.072583198547363,6.087466509742063,6.068330389401522,6.087466509742063,345300
2012-08-08,6.085337162017822,6.087463261293045,6.051317140310367,6.061948245012453,358500
2012-08-09,6.076834678649902,6.089592496248041,6.064077469377989,6.081086878965132,216600
2012-08-10,6.098097801208496,6.100223293143057,6.0491932369259365,6.068329964252048,5326200
2012-08-13,6.089593410491943,6.102350621679125,6.066204480268075,6.098098420725504,554700
2012-08-14,6.104476451873779,6.115108170439736,6.091719241251437,6.106602552256455,321000
2012-08-15,6.106600761413574,6.117232476861637,6.095970262617734,6.102348561895238,245400
2012-08-16,6.13211727142334,6.136370080299706,6.091718932892288,6.11298115229534,263100
2012-08-17,6.13211727142334,6.149127898602545,6.117233961171706,6.149127898602545,270300
2012-08-20,6.12786340713501,6.129989506832819,6.104474485480826,6.129989506832819,376800
2012-08-21,6.102350234985352,6.149128092468869,6.093845225290738,6.138496374105893,238500
2012-08-22,6.085337162017822,6.095968875045881,6.064074952613649,6.087463261293045,310800
2012-08-23,6.049192905426025,6.08108684089548,6.038562404704503,6.08108684089548,356400
2012-08-24,6.091719150543213,6.095971959571528,6.038562991810106,6.038562991810106,380400
2012-08-27,6.089593410491943,6.108729531435873,6.085340601212005,6.100223912875998,713700
2012-08-28,6.091719150543213,6.104476360975595,6.076835231433533,6.081087432135567,318300
2012-08-29,6.0832133293151855,6.104475546641546,6.08108662092159,6.10234944657415,340800
2012-08-30,6.053446769714356,6.068330689972569,6.04068955829755,6.068330689972569,236100
2012-08-31,6.0832133293151855,6.104475546641546,6.059824403595228,6.087465529449978,604500
2012-09-04,6.064079284667969,6.083215408467376,6.0364375410394855,6.083215408467376,356100
2012-09-05,6.055571556091309,6.081086581714155,6.04706654755036,6.068329373065829,165600
2012-09-06,6.155505657196045,6.155505657196045,6.087465587777835,6.087465587777835,384600
2012-09-07,6.147003173828125,6.16613929723817,6.134245352670498,6.161886487410163,1287600
2012-09-10,6.117233276367188,6.142748301790282,6.115107176330144,6.140622201753238,930600
2012-09-11,6.129992961883545,6.149129694928156,6.123614659195112,6.13211906277969,434400
2012-09-12,6.11936092376709,6.14062375449269,6.112982013716775,6.138497045591689,396900
2012-09-13,6.198030471801758,6.217166586659552,6.115106496316487,6.115106496316487,302700
2012-09-14,6.204410076141357,6.234176693344335,6.187399450848157,6.2214194847821735,569100
2012-09-17,6.199697971343994,6.21040601688132,6.186849174470203,6.201839335374031,408900
2012-09-18,6.201841354370117,6.208266061245348,6.186851188586273,6.193275895461503,296100
2012-09-19,6.199697971343994,6.216830721665001,6.191132515223847,6.21040601688132,192000
2012-09-20,6.201841354370117,6.208266061245348,6.174001774835811,6.182567846438196,223200
2012-09-21,6.201841354370117,6.236106253473425,6.201841354370117,6.233964276052501,232200
2012-09-24,6.212546825408936,6.221112893456708,6.182565280894973,6.188989985104182,410100
2012-09-25,6.1718573570251465,6.233961192247573,6.171857357025146,6.229678464911839,328800
2012-09-26,6.150442123413086,6.182565030464444,6.150442123413086,6.173998962763648,486000
2012-09-27,6.182568073272705,6.197558852300322,6.152587127911263,6.178285343661267,551100
2012-09-28,6.156866073608398,6.169715479933251,6.126885146672769,6.169715479933251,285000
2012-10-01,6.178285121917725,6.212549408354625,6.167577685579636,6.174001779766227,324000
2012-10-02,6.1718573570251465,6.208262990152762,6.1483005185982025,6.199696922787825,367200
2012-10-03,6.184706687927246,6.201838209751772,6.156866509815425,6.1889894152100124,201600
2012-10-04,6.216831684112549,6.231821847337052,6.203982272555927,6.2104069783342375,480900
2012-10-05,6.246812343597412,6.263944483110157,6.233962932616035,6.248954320556734,628200
2012-10-08,6.238245964050293,6.246812033381275,6.221113825388329,6.2403873282096365,753000
2012-10-09,6.191134452819824,6.242530881787313,6.191134452819824,6.23824753969314,417300
2012-10-10,6.137595653533936,6.186850714647946,6.135454288970819,6.18470935008483,390900
2012-10-11,6.137595653533936,6.180426008264874,6.137595653533936,6.180426008264874,533400
2012-10-12,6.133312225341797,6.174000598178296,6.12046281404021,6.1461610239497295,288300
2012-10-15,6.191134452819824,6.1954171822202335,6.137596046458368,6.144020140558982,525300
2012-10-16,6.242527961730957,6.244669325429499,6.210405055478911,6.210405055478911,648600
2012-10-17,6.259661674499512,6.2660863805368585,6.242530146222739,6.253236968462166,558600
2012-10-18,6.26608419418335,6.26822617057755,6.229678560497142,6.253234786592055,359400
2012-10-19,6.180425643920898,6.257520277891762,6.169718209042812,6.257520277891762,444300
2012-10-22,6.1718573570251465,6.182564788057951,6.13545172389753,6.176140084360881,504300
2012-10-23,6.088342666625977,6.122606345942033,6.058361104770356,6.122606345942033,714300
2012-10-24,6.073346138000488,6.101186311240137,6.064780072240601,6.096902972013518,633000
2012-10-25,6.103331089019775,6.122604594588761,6.073349535740291,6.111897159571957,460800
2012-10-26,6.090482234954834,6.107614990322878,6.069067362958844,6.107614990322878,328800
2012-10-31,6.099046230316162,6.135452480627493,6.073348025051804,6.12474443558052,540000
2012-11-01,6.144018173217773,6.161150923414718,6.107613146890053,6.111895874919114,773100
2012-11-02,6.090482234954834,6.176142948326298,6.086199505633137,6.176142948326298,648900
2012-11-05,6.092621326446533,6.105470735004988,6.066923122023145,6.088339211416252,621900
2012-11-06,6.139736175537109,6.161151041479919,6.103329923124608,6.1054712871801735,591900
2012-11-07,6.034801959991455,6.10118915373316,5.996254339766271,6.10118915373316,1423200
2012-11-08,5.966272354125977,6.045508332230729,5.964130377544257,6.02837619573816,1289700
2012-11-09,5.972696781158447,6.013385143918902,5.951281305190339,5.953423281672601,697800
2012-11-12,5.974839687347412,5.996254556150251,5.964131640252333,5.981264393065728,248400
2012-11-13,5.970554828643799,6.02409321243224,5.955564669368799,5.959847396963512,459900
2012-11-14,5.897745132446289,5.983405221449882,5.884895720844866,5.983405221449882,3403200
2012-11-15,5.876328468322754,5.897743945784981,5.850630262984208,5.8784698322609135,446100
2012-11-16,5.904170513153076,5.908453855518898,5.844208621581987,5.893463076279224,562200
2012-11-19,5.983401775360107,5.983401775360107,5.944854788143986,5.951279490244445,568500
2012-11-20,5.987689971923828,5.991973314363494,5.940576881250365,5.989831336796756,496500
2012-11-21,6.0005388259887695,6.0005388259887695,5.981265318545298,5.994114119276361,380700
2012-11-23,6.075488567352295,6.075488567352295,6.019808829411171,6.036940962209456,279900
2012-11-26,6.062641620635986,6.062641620635986,6.036942800917916,6.05407493893424,483000
2012-11-27,6.045511722564697,6.081917992548258,6.041228379692683,6.060502503575935,522000
2012-11-28,6.092621326446533,6.092621326446533,6.004819893866861,6.019810053593695,565200
2012-11-29,6.105470657348633,6.122602793412985,6.079772453252104,6.116178701908989,1017900
2012-11-30,6.12688684463501,6.131169572801236,6.101188637556901,6.114038047442748,407100
2012-12-03,6.084056377410889,6.1483015874701055,6.0819150133707485,6.1483015874701055,442200
2012-12-04,6.084056377410889,6.105471243199436,6.077631672596895,6.086197741451028,645900
2012-12-05,6.103331089019775,6.129029300676321,6.066924829652731,6.094765018467593,294000
2012-12-06,6.129025936126709,6.129025936126709,6.101186375288163,6.107611077848861,234300
2012-12-07,6.159008979797363,6.159008979797363,6.126886071828112,6.150442299158288,318300
2012-12-10,6.163293361663818,6.174000796296297,6.156868655806862,6.163293361663818,332700
2012-12-11,6.193274021148682,6.216830864099513,6.1804246112869246,6.182565975366023,363300
2012-12-12,6.180425643920898,6.221114631690054,6.176142302353451,6.214689925685727,395100
2012-12-13,6.14830207824707,6.186849697514452,6.137594644498095,6.176141651071855,270600
2012-12-14,6.1418776512146,6.161151153452118,6.13331158214308,6.150443107592528,348000
2012-12-17,6.180425643920898,6.184708985488346,6.156868797034157,6.159010774164725,666300
2012-12-18,6.231820583343506,6.233961947270723,6.1718581045266205,6.188990241331445,948900
2012-12-19,6.191134452819824,6.236106174992936,6.191134452819824,6.236106174992936,365100
2012-12-20,6.218972206115723,6.218972206115723,6.184707930197376,6.197556727319965,338700
2012-12-21,6.174001693725586,6.19755854349611,6.1375960430671705,6.1483034792560405,701100
2012-12-24,6.14979887008667,6.156281589292119,6.138994750228343,6.156281589292119,249600
2012-12-26,6.119546890258789,6.162764608246414,6.110904088532656,6.162764608246414,718800
2012-12-27,6.113065242767334,6.130352083955208,6.056882699793642,6.123869363953204,657600
2012-12-28,6.041757583618164,6.102261538034572,6.037435563475265,6.087136013100204,837000
2012-12-31,6.123868465423584,6.123868465423585,6.02879085284062,6.037433653940228,1069800
2013-01-02,6.255680084228516,6.255680084228516,6.208141589872119,6.238393246603266,4556400
2013-01-03,6.251358985900879,6.270806524612159,6.242715566670743,6.262163105382022,543600
2013-01-04,6.283770084381104,6.290252802060379,6.257839831889987,6.277287984927813,533100
2013-01-07,6.262164115905762,6.272968855356573,6.249199294081482,6.272968855356573,960600
2013-01-08,6.240553379058838,6.25567889543701,6.227587944190734,6.251357495964951,551400
2013-01-09,6.268645286560059,6.275128004983022,6.253519149648498,6.257840549779769,548100
2013-01-10,6.307539939880371,6.309700639801871,6.27080556831083,6.294575122125362,3337200
2013-01-11,6.311863899230957,6.316185300403048,6.292416357504136,6.307541879832661,563400
2013-01-14,6.329150676727295,6.331311995517812,6.311863835760352,6.322667956808141,773700
2013-01-15,6.342113018035889,6.344274335981146,6.309700049342538,6.309700049342538,497100
2013-01-16,6.333471298217773,6.33995339848006,6.3205058612410765,6.326988579729425,513600
2013-01-17,6.3961381912231445,6.40910363278688,6.355081783906356,6.357243102984499,622200
2013-01-18,6.406940460205078,6.406940460205078,6.368044764992529,6.396136340845076,908400
2013-01-22,6.4199042320251465,6.422065550125288,6.3853311793608905,6.40477871468016,1527000
2013-01-23,6.4285502433776855,6.430710943915779,6.404780682780078,6.415584803696739,1585800
2013-01-24,6.454479217529297,6.469604736506208,6.441514398659648,6.443674480540843,722100
2013-01-25,6.482570171356201,6.486892189795299,6.458800615506334,6.476087452810589,924300
2013-01-28,6.482570171356201,6.499857008660456,6.463122633945432,6.495535608447426,2062800
2013-01-29,6.519306659698486,6.523627442676551,6.473928237696346,6.473928237696346,1491900
2013-01-30,6.4933762550354,6.527949318588127,6.491214936254571,6.519306516369593,1007400
2013-01-31,6.463124752044678,6.493377036354455,6.463124752044679,6.491215717313564,1701000
2013-02-01,6.525786876678467,6.525786876678467,6.493374522329357,6.493374522329357,702000
2013-02-04,6.463124752044678,6.491215717313564,6.460964051230057,6.491215717313564,1168200
2013-02-05,6.512823104858398,6.532270644237285,6.495536265804692,6.502018366780233,768900
2013-02-06,6.52362585067749,6.52362585067749,6.484730776425976,6.495535513252338,675600
2013-02-07,6.521464824676514,6.53442964147467,6.484729837592138,6.53442964147467,664500
2013-02-08,6.536593437194824,6.547398177574419,6.52578931504149,6.53443273640941,537300
2013-02-11,6.5344319343566895,6.538753953623284,6.5193064124890725,6.536592634876894,566700
2013-02-12,6.54523515701294,6.553877957091397,6.527947702177896,6.538752438728054,838800
2013-02-13,6.540912628173828,6.558199463433445,6.527947192616119,6.556038145356497,588300
2013-02-14,6.54523515701294,6.551717257071783,6.523625683912624,6.532269720443168,653100
2013-02-15,6.551717281341553,6.562521399705689,6.527947726359615,6.558199999650452,381300
2013-02-19,6.597095489501953,6.599256189463485,6.562521198987308,6.564682517174866,917100
2013-02-20,6.553878784179688,6.6079000008436894,6.553878784179688,6.597096499382234,700200
2013-02-21,6.538753032684326,6.553878552421616,6.523626276494838,6.547396451773963,535200
2013-02-22,6.586291790008545,6.586291790008545,6.551718112277588,6.562522232011982,588600
2013-02-25,6.499857425689697,6.629509332016109,6.495536025199407,6.612221875376628,863100
2013-02-26,6.54523515701294,6.558199975356669,6.508500165549281,6.53010840219751,494400
2013-02-27,6.614383697509766,6.625188437020333,6.536592911455224,6.540914930904694,540900
2013-02-28,6.599258899688721,6.646797409495974,6.599258899688721,6.6143844238573175,1017000
2013-03-01,6.623027801513672,6.635992623537101,6.569005958108431,6.58197078013186,469800
2013-03-04,6.6554388999938965,6.655438899993896,6.6057384719228125,6.623025926770953,756000
2013-03-05,6.702978610992432,6.711622030875885,6.681370370396877,6.690013172054175,598800
2013-03-06,6.70946216583252,6.726749007751748,6.694336024596637,6.711622866515865,648300
2013-03-07,6.713780403137207,6.724584519688416,6.711619703472153,6.720263120358309,618600
2013-03-08,6.741875171661377,6.746197191665162,6.711623504540042,6.741875171661377,897000
2013-03-11,6.761322975158691,6.767805077480586,6.728909990644186,6.737553411966304,832200
2013-03-12,6.759161949157715,6.77212677140394,6.744035189789032,6.767804751837712,763800
2013-03-13,6.774287223815918,6.778609243223756,6.7440349426396695,6.76996520440808,511200
2013-03-14,6.793734550476074,6.7980565697470645,6.782930429637879,6.791574468179859,2564100
2013-03-15,6.778604984283447,6.7894090986756,6.763478853198944,6.787248399442333,654900
2013-03-18,6.752294540405273,6.780564833195895,6.721849131113133,6.732722224929078,963600
2013-03-19,6.767519474029541,6.782742185088929,6.730550566176607,6.765344978784822,524400
2013-03-20,6.819708347320557,6.830582063512735,6.797962159282046,6.797962159282046,556500
2013-03-21,6.789262294769287,6.821882192922779,6.776214708811576,6.795786398834547,971700
2013-03-22,6.845803737640381,6.847978854052737,6.806660352638385,6.806660352638385,606600
2013-03-25,6.821882724761963,6.874074317007321,6.797961422772959,6.8675502124334376,1746000
2013-03-26,6.884948253631592,6.887123370204694,6.84580424356386,6.850153854537134,2785500
2013-03-27,6.884948253631592,6.889297864604865,6.832756654989905,6.856677959910578,1083600
2013-03-28,6.913218021392822,6.919741503509927,6.874074017826045,6.884947110194049,1969800
2013-04-01,6.897995948791504,6.919742759648033,6.882773865582172,6.90669517087247,1186500
2013-04-02,6.926268100738525,6.941490808836467,6.9110453926405855,6.921918488922091,799500
2013-04-03,6.869725227355957,6.939314644464814,6.8566776393919175,6.934965033694866,1031700
2013-04-04,6.893646717071533,6.900170822315952,6.865375801736692,6.87842401222553,661200
2013-04-05,6.867552280426025,6.871901270002968,6.813185555502948,6.828408885541375,889200
2013-04-08,6.904520511627197,6.904520511627197,6.841455813659807,6.863202625956864,672900
2013-04-09,6.939316272735596,6.956712853378689,6.895822643522191,6.921918447746404,710100
2013-04-10,7.002379894256592,7.011079117265037,6.952363406082588,6.958887512252417,735900
2013-04-11,7.013252258300781,7.030649456613816,6.991506071495931,6.995855059987746,975600
2013-04-12,7.011079788208008,7.013254283081709,6.980634371283924,6.995857079745966,425400
2013-04-15,6.878423690795898,6.98715649182107,6.878423690795899,6.978457892625972,1257900
2013-04-16,6.9654083251953125,6.971932428280563,6.915391238496248,6.926264328856523,975000
2013-04-17,6.911045551300049,6.939316473323266,6.871901532745708,6.939316473323266,1278900
2013-04-18,6.895822525024414,6.93279204700322,6.871901216020019,6.928442435287403,527700
2013-04-19,6.9806318283081055,6.982806322389659,6.926265743232209,6.926265743232209,467100
2013-04-22,7.017600536346436,7.032822615350052,6.96323383531259,6.993679237665365,774600
2013-04-23,7.076318740844727,7.076318740844727,6.99803133546956,7.0393492216767095,1416600
2013-04-24,7.0589213371276855,7.093715741585164,7.054571725483987,7.091541246849829,859500
2013-04-25,7.06979513168335,7.102415041758614,7.06109590830178,7.082842722409635,1135800
2013-04-26,7.065443515777588,7.076317230833547,7.050221434610392,7.071967620376592,717000
2013-04-29,7.108938694000244,7.119811790224556,7.074144288344007,7.085017384568318,533100
2013-04-30,7.119809150695801,7.1219842668727225,7.07196717174147,7.111110552506576,1399800
2013-05-01,7.06979513168335,7.119811622002649,7.06327102523369,7.119811622002649,844500
2013-05-02,7.132858276367188,7.132858276367187,7.069793586928249,7.076317691952387,643500
2013-05-03,7.193750858306885,7.211148062694799,7.180703266102502,7.182877761107715,942600
2013-05-06,7.187224864959717,7.20027245261051,7.17852564362867,7.20027245261051,1041600
2013-05-07,7.21766996383667,7.219845080537673,7.189400290626299,7.198098268738431,1425000
2013-05-08,7.222018718719482,7.226368329432766,7.198097415228662,7.208971130925423,960600
2013-05-09,7.213322162628174,7.245941449625612,7.198098833219206,7.2220201414224094,896100
2013-05-10,7.230719089508057,7.232894206484053,7.198099178771647,7.21984599332027,575400
2013-05-13,7.237240314483643,7.245938912405016,7.211144520719522,7.226367222625126,584700
2013-05-14,7.3133544921875,7.3133544921875,7.243765696538452,7.243765696538452,1103400
2013-05-15,7.369897365570068,7.38294495661698,7.293784447581753,7.293784447581753,1334700
2013-05-16,7.322054862976074,7.372071977492066,7.317705873282367,7.34380167796379,785700
2013-05-17,7.387295246124268,7.387295246124268,7.341627736164756,7.341627736164756,1015200
2013-05-20,7.380768775939941,7.409039693117868,7.372070797944223,7.380768775939941,1363500
2013-05-21,7.398166179656982,7.42208748430996,7.376419991552769,7.393816568732385,802200
2013-05-22,7.359020709991455,7.478626587353504,7.341623514090531,7.404688815860981,1291200
2013-05-23,7.339450836181641,7.359022530869697,7.285084741082392,7.29378334118519,1458600
2013-05-24,7.354673385620117,7.356848502413318,7.293783803216383,7.315529993764431,962100
2013-05-28,7.395989894866943,7.4568800778606015,7.376418205876462,7.417736077706862,979500
2013-05-29,7.309003829956055,7.363370535365782,7.28725764553042,7.363370535365782,1071900
2013-05-30,7.319879531860352,7.350324944930266,7.313355425892085,7.322054026458777,625200
2013-05-31,7.21984338760376,7.332925164794284,7.211144789358335,7.302479759848886,1103400
2013-06-03,7.289435386657715,7.289435386657715,7.208973472964151,7.237243774179765,1105500
2013-06-04,7.254638195037842,7.3177035025496675,7.22201829421074,7.29813181092255,1009200
2013-06-05,7.163303852081299,7.248115360220576,7.158954863034653,7.237242265430993,1835400
2013-06-06,7.204620838165283,7.204620838165283,7.117634853863354,7.163302340078658,935400
2013-06-07,7.302480697631836,7.306830308399537,7.237241513499559,7.26333731158705,942000
2013-06-10,7.300305843353271,7.326401640153969,7.285083761849187,7.313354052840056,924000
2013-06-11,7.248114585876465,7.302480676189208,7.228542892911541,7.252464196631393,868200
2013-06-12,7.193750858306885,7.309007181833543,7.189401868296459,7.309007181833543,515400
2013-06-13,7.274209022521973,7.285082736287832,7.169825850013782,7.191572033199929,573300
2013-06-14,7.245940685272217,7.29595779110102,7.22854348517289,7.269861990952029,693300
2013-06-17,7.298132419586182,7.330751700960869,7.258988410894481,7.29160831444208,809400
2013-06-18,7.348152160644531,7.356850763972375,7.304659144005311,7.306833639293975,945900
2013-06-19,7.237240314483643,7.352497203571443,7.237240314483643,7.345973099587213,980400
2013-06-20,7.061094760894775,7.182875780198244,7.041523066899173,7.182875780198244,1905600
2013-06-21,7.106764316558838,7.130685626385826,7.045874105654815,7.119811907808884,1500900
2013-06-24,7.048736095428467,7.10347910185396,6.989613949202398,7.055305431615713,1652400
2013-06-25,7.085958957672119,7.107855900505465,7.050922721463751,7.107855900505465,951900
2013-06-26,7.173552989959717,7.18450209550627,7.127568876718486,7.149465834838479,823200
2013-06-27,7.199826240539551,7.239241623212553,7.195446475137548,7.219533618632925,1197900
2013-06-28,7.160412311553955,7.217345514420883,7.156033171749166,7.191068796133004,1206300
2013-07-01,7.204205989837647,7.250190080781481,7.193256889600242,7.202015793898414,885000
2013-07-02,7.19325590133667,7.239240612449032,7.160409858109601,7.202014804431476,828900
2013-07-03,7.19325590133667,7.208584138374124,7.147271816710473,7.166979192052248,371700
2013-07-05,7.248000144958496,7.248000144958496,7.182308673607803,7.243621005895378,849600
2013-07-08,7.296174049377441,7.313691857680031,7.276466671658588,7.289605341128651,948300
2013-07-09,7.355295658111572,7.361864991818678,7.326828754209496,7.3421576171835055,1040100
2013-07-10,7.359675407409668,7.379382783681349,7.335588892627033,7.355296268898715,887700
2013-07-11,7.466974258422852,7.471353397997173,7.425369300035057,7.440697541517879,1236300
2013-07-12,7.466974258422852,7.471353397997173,7.4385073452443695,7.460404922575021,664800
2013-07-15,7.491060256958008,7.493250453078869,7.466973738005276,7.47354307339525,742500
2013-07-16,7.464782238006592,7.484490240734107,7.451644196007777,7.484490240734107,716100
2013-07-17,7.480111122131348,7.497628302680976,7.464782257867256,7.491058968420992,1083000
2013-07-18,7.497630596160889,7.519528174897105,7.473544073983357,7.495441026233184,878100
2013-07-19,7.495438575744629,7.495438575744629,7.456023823986275,7.475731199865452,570000
2013-07-22,7.493248462677002,7.5063871299669795,7.477920226334075,7.499817796321991,987900
2013-07-23,7.504199504852295,7.517337550156328,7.488871263258964,7.517337550156328,720000
2013-07-24,7.480111122131348,7.528284778236767,7.462592688609327,7.526095208978837,738900
2013-07-25,7.486680030822754,7.491059169456133,7.445075081374584,7.460403319563838,790800
2013-07-26,7.493248462677002,7.493248462677002,7.416607907448506,7.462591989991148,671400
2013-07-29,7.473542213439941,7.4866802562218355,7.458213974789205,7.477921352205162,543600
2013-07-30,7.484493732452393,7.515149595742212,7.462596150256961,7.515149595742212,439200
2013-07-31,7.488870143890381,7.530475096359399,7.482301435463372,7.497629048279318,699300
2013-08-01,7.552371978759766,7.558941313071267,7.534854171586563,7.537043740861662,858300
2013-08-02,7.556750774383545,7.558940970045455,7.5129568849241135,7.539233594491477,607200
2013-08-05,7.543613910675049,7.556752581844388,7.532666062177805,7.556752581844388,813600
2013-08-06,7.526096820831299,7.543614005132555,7.506389440316847,7.543614005132555,478200
2013-08-07,7.508578777313232,7.519527252094541,7.484491631605306,7.504199011508922,486000
2013-08-08,7.532665729522705,7.547993343228277,7.497629483447167,7.537044868728212,428700
2013-08-09,7.504199504852295,7.532666418236013,7.471353451862685,7.52609708234082,525000
2013-08-12,7.484493732452393,7.499821977340546,7.471355057837837,7.477924395145115,509100
2013-08-13,7.499819278717041,7.517336461089182,7.460403895542505,7.504198417688511,408600
2013-08-14,7.447263717651367,7.497626933819772,7.440694384590764,7.486678463042821,565500
2013-08-15,7.333396911621094,7.401279180391168,7.320258872800402,7.401279180391168,1364700
2013-08-16,7.3115034103393555,7.335590557073563,7.293985599348357,7.315883176330274,810900
2013-08-19,7.28741455078125,7.329019498727686,7.285224981543592,7.304932357654887,551400
2013-08-20,7.289606094360352,7.32245151845693,7.280846562817696,7.302744138701722,841500
2013-08-21,7.237052917480469,7.293985489097492,7.22610381591184,7.278657248090474,664800
2013-08-22,7.289606094360352,7.302744138701722,7.248000512234811,7.256760043777467,482100
2013-08-23,7.346536159515381,7.3487263548975506,7.2961723159890655,7.324638591096337,411000
2013-08-26,7.302743434906006,7.353106664261567,7.302743434906006,7.350917094830074,426600
2013-08-27,7.212964057922363,7.267707051572639,7.208584919143734,7.245810104707022,818400
2013-08-28,7.237052917480469,7.256760297925874,7.212965144624016,7.217344910548734,631500
2013-08-29,7.239240646362305,7.269896494094658,7.215152879631034,7.226101978415459,492900
2013-08-30,7.223914623260498,7.250191340721385,7.202017045466578,7.241431808414728,309000
2013-09-03,7.221722602844238,7.280845358819323,7.204205422114579,7.267706690164324,921600
2013-09-04,7.278655529022217,7.291794197206957,7.219532775163245,7.223912540053552,455400
2013-09-05,7.274277687072754,7.293985694559637,7.267708351243793,7.283037219168933,470700
2013-09-06,7.274277687072754,7.315883271827393,7.219534683632886,7.296175264340509,776100
2013-09-09,7.339969635009766,7.348729166918127,7.291795968431773,7.291795968431773,710700
2013-09-10,7.396903038024902,7.396903038024903,7.366246554956966,7.388144132360686,936000
2013-09-11,7.431938171386719,7.436317937542852,7.388144268743559,7.403472510560483,899700
2013-09-12,7.416611194610596,7.449457250907303,7.414421624587193,7.438508147817457,460500
2013-09-13,7.462594985961914,7.462594985961914,7.4319385009685535,7.436318267318915,633900
2013-09-16,7.519529342651367,7.547995635591405,7.510770435093934,7.539237354520457,1354800
2013-09-17,7.545799732208252,7.554558632414427,7.523902168449835,7.523902168449835,575400
2013-09-18,7.633392810821533,7.639962146105955,7.523906186530922,7.547993331582938,926700
2013-09-19,7.637775421142578,7.6509134701183,7.615877837534336,7.648723899703435,883500
2013-09-20,7.569889545440674,7.653099446999416,7.567700602540159,7.650909877612668,711000
2013-09-23,7.541453838348389,7.565703021934564,7.521613883914599,7.556885825031351,524100
2013-09-24,7.523816108703613,7.565700301737814,7.521611179569797,7.541451126870267,618900
2013-09-25,7.484136581420898,7.5304306388961,7.477523685239273,7.5304306388961,549300
2013-09-26,7.50397777557373,7.52161279753383,7.475319366974433,7.495159318542647,595200
2013-09-27,7.462094783782959,7.475321843010066,7.442254825643195,7.473117543372514,1123500
2013-09-30,7.418001651763916,7.435636668590384,7.384934654975716,7.411388126266175,924300
2013-10-01,7.453274250030518,7.459887145984025,7.411389422155225,7.411389422155225,596100
2013-10-02,7.4290242195129395,7.431229148798671,7.3761172692661265,7.4135934987164,865800
2013-10-03,7.365097999572754,7.418004965790091,7.336439586512773,7.418004965790091,948300
2013-10-04,7.39595890045166,7.40257179714752,7.35186976897584,7.367301122667548,495900
2013-10-07,7.354074478149414,7.389345785297814,7.332030226532025,7.343052352340719,1063200
2013-10-08,7.301168918609619,7.360689418520431,7.298964619164993,7.356280188930335,787200
2013-10-09,7.305574417114258,7.334232187360901,7.287938769162397,7.309983013751963,1084800
2013-10-10,7.459886074066162,7.459886074066161,7.376116430352514,7.393752709129541,1141500
2013-10-11,7.508389472961426,7.512798072596213,7.453278193320893,7.45768679295568,676800
2013-10-14,7.537045001983643,7.539249301139866,7.457684556052785,7.473115911547864,760200
2013-10-15,7.481934547424316,7.539250751416977,7.468708119241938,7.530433553095978,742500
2013-10-16,7.567907333374023,7.570112263304165,7.508387469976598,7.508387469976598,691200
2013-10-17,7.631838321685791,7.638451851170913,7.550273560372235,7.556887089857357,1292100
2013-10-18,7.63404369354248,7.656088584688973,7.605385902682918,7.656088584688973,1141500
2013-10-21,7.623021125793457,7.6362481858623745,7.598771936134399,7.6362481858623745,733800
2013-10-22,7.67812967300415,7.693561027361313,7.634040539627056,7.651676192977894,1950600
2013-10-23,7.669312477111816,7.68253890177473,7.649471894066376,7.678129673086617,1178700
2013-10-24,7.695763111114502,7.706784602007068,7.678126833584956,7.689149585878482,507300
2013-10-25,7.746466159820557,7.746466159820556,7.702377036845234,7.731034809104052,536700
2013-10-28,7.786148548126221,7.801580534484321,7.748673569974121,7.75749076669172,892500
2013-10-29,7.843464374542236,7.843464374542237,7.805988767443609,7.810397996296778,886200
2013-10-30,7.790558815002441,7.8500793156806115,7.77733238746332,7.8500793156806115,945900
2013-10-31,7.788349151611328,7.839051788777028,7.781736257746563,7.79496267617651,663000
2013-11-01,7.803783416748047,7.828032595420877,7.76630718399889,7.805987715527218,984900
2013-11-04,7.830237865447998,7.843464290464253,7.80158008566217,7.843464290464253,1463100
2013-11-05,7.823622703552246,7.839054055098836,7.786146473981871,7.808191982706255,865200
2013-11-06,7.898576736450195,7.898576736450195,7.8500789965107804,7.865510353596386,6685500
2013-11-07,7.808193206787109,7.90739359669417,7.803783978210884,7.905188667055709,1365600
2013-11-08,7.878734588623047,7.878734588623046,7.786147102569377,7.812600579913189,808200
2013-11-11,7.878734588623047,7.8875530451049665,7.86771246407162,7.880939518093851,892200
2013-11-12,7.867712020874023,7.87873414480456,7.847872071658934,7.8677120208740225,786900
2013-11-13,7.914004802703857,7.914004802703856,7.836848686208906,7.845665879373517,770400
2013-11-14,7.964707374572754,7.973525829755836,7.918413953714634,7.918413953714634,856200
2013-11-15,7.986755847930908,7.986755847930908,7.947075935240141,7.9845509177918785,1224900
2013-11-18,7.971319675445557,8.008795266061282,7.958092625404443,8.006590967954583,1075800
2013-11-19,7.96030330657959,7.988961094777087,7.949281177380694,7.962507606279186,690900
2013-11-20,7.933846950531006,7.984548978800932,7.911802069400035,7.973527484286477,648000
2013-11-21,7.980140209197998,7.988958035320418,7.958095328541612,7.962504556953159,7016700
2013-11-22,8.01321029663086,8.015414596334047,7.962507619252047,7.984551877685756,612300
2013-11-25,7.999980449676514,8.03525112196068,7.991161993229662,8.03525112196068,1218000
2013-11-26,7.984548568725586,8.013206975794061,7.984548568725586,8.006593448724361,691800
2013-11-27,7.993368148803711,7.9999816768029826,7.9757324946061505,7.997776747002729,640500
2013-11-29,7.986755847930908,8.030844990198894,7.98234661835369,8.019822862307107,307800
2013-12-02,7.94927978515625,7.995573224244587,7.942666256514828,7.995573224244587,1047600
2013-12-03,7.938256740570068,7.95809669507719,7.907394659192411,7.940461670504801,773700
2013-12-04,7.914004802703857,7.949276098164347,7.863302157804274,7.914004802703856,686400
2013-12-05,7.880941390991211,7.909599173915671,7.874327862408397,7.9029856453328575,444000
2013-12-06,7.993368148803711,7.993368148803711,7.949279013309809,7.962505438607608,557100
2013-12-09,8.002185821533203,8.026435003262247,7.984549536975118,7.984549536975118,1089300
2013-12-10,7.955894947052002,7.993371199550547,7.949282047229597,7.993371199550547,915000
2013-12-11,7.891965389251709,7.964712328807681,7.880943259467672,7.964712328807681,884100
2013-12-12,7.83465051651001,7.8941710318341585,7.8214234550153074,7.891966101117704,972300
2013-12-13,7.830237865447998,7.852282117375334,7.812601580925108,7.852282117375334,1071900
2013-12-16,7.869917869567871,7.896371350631769,7.858895743466433,7.87432709842889,1025400
2013-12-17,7.850078105926514,7.883145115729725,7.836851680425681,7.883145115729725,878700
2013-12-18,7.980140209197998,7.988958035320418,7.808192915161149,7.869917067317414,1129500
2013-12-19,7.971319675445557,7.977932569765655,7.93604838293653,7.975728902359416,621300
2013-12-20,8.017614364624023,8.035250013684001,7.98013876804671,7.986752294119342,951900
2013-12-23,8.026270866394043,8.061785305534817,8.012952634192121,8.057346318166353,1305300
2013-12-24,8.052909851074219,8.059568969784383,8.030713635438355,8.030713635438355,285300
2013-12-26,8.110618591308594,8.112838085160966,8.066224903971257,8.072884020576689,885300
2013-12-27,8.112839698791504,8.137256041168916,8.103961086567757,8.112839698791504,1134300
2013-12-30,8.115060806274414,8.13059790325239,8.101742568809275,8.13059790325239,1074600
2013-12-31,8.137256622314453,8.143915105671468,8.112840278193278,8.130597503908954,1089000
2014-01-02,8.057350158691406,8.117280327020897,8.039592295608493,8.110621842794442,1621500
2014-01-03,8.06844711303711,8.09286282180457,8.052909381968016,8.077325725783952,1262700
2014-01-06,8.039591789245605,8.095083599644283,8.02627418658292,8.095083599644283,1084200
2014-01-07,8.08398151397705,8.103958225666087,8.066223660750088,8.066223660750088,985800
2014-01-08,8.05512809753418,8.07954380201598,8.032930616990654,8.077324307980973,1270200
2014-01-09,8.06844711303711,8.079545220208544,8.030713167625148,8.07510623135936,999000
2014-01-10,8.092863082885742,8.101742330967513,8.059568760297342,8.092863082885742,896400
2014-01-13,7.995198726654053,8.092862831943199,7.990759102750832,8.079545230330488,1520700
2014-01-14,8.064006805419922,8.068446428941161,8.010735133455588,8.026272863207291,893100
2014-01-15,8.081765174865723,8.106180883105049,8.068446938509306,8.083984669242303,1105800
2014-01-16,8.08398151397705,8.08398151397705,8.052906064640137,8.072882776329173,841500
2014-01-17,8.04403305053711,8.072888391385705,8.032934305169556,8.070668896331657,896100
2014-01-21,8.050688743591309,8.092861671859946,8.015174297650317,8.092861671859946,2182500
2014-01-22,8.064006805419922,8.081764664456456,8.041810592958994,8.081764664456456,670800
2014-01-23,7.981879234313965,8.028492420246634,7.95302327110373,8.028492420246634,1449900
2014-01-24,7.844262599945068,7.973002817644621,7.8442625999450675,7.9530254602965265,1852500
2014-01-27,7.8220648765563965,7.870896925556431,7.797648534532164,7.853139701365794,2054400
2014-01-28,7.868677616119385,7.875336734109394,7.833163166903925,7.84204177920779,1108500
2014-01-29,7.786549568176269,7.830943262418773,7.76435335610343,7.822064650579955,1251600
2014-01-30,7.817623615264893,7.842039952174129,7.782109809371863,7.819843109061652,1218600
2014-01-31,7.775453090667725,7.817626026004293,7.704423551833232,7.746597122218293,1234800
2014-02-03,7.59343957901001,7.773231944489947,7.580121978816168,7.773231944489947,3013800
2014-02-04,7.606758117675781,7.6200757184008445,7.575683292618343,7.608978247003653,904200
2014-02-05,7.60453987121582,7.620076968769785,7.5423895758543456,7.589002138613317,1198200
2014-02-06,7.682227611541748,7.688886730271853,7.626735802188895,7.626735802188895,904200
2014-02-07,7.775453090667725,7.784331068592482,7.697765068389664,7.7199612832985425,724200
2014-02-10,7.793208599090576,7.795428728311883,7.759913646303428,7.793208599090576,1322400
2014-02-11,7.879775047302246,7.89753227038787,7.802087672588932,7.806526660836144,1267500
2014-02-12,7.884217262268066,7.919731720113494,7.866459398296754,7.906413480897158,910500
2014-02-13,7.913069248199463,7.926386846725309,7.844259856512323,7.844259856512323,1002900
2014-02-14,7.970778465270996,7.981876567001758,7.893090483059336,7.904188584790097,877500
2014-02-18,7.948586463928223,7.981880786721963,7.924169484125511,7.973002173633932,1020900
2014-02-19,7.908633232116699,7.984101133900368,7.899753983031901,7.937488568972304,964200
2014-02-20,7.96856164932251,7.979659119733789,7.90197174646781,7.913069851927467,613500
2014-02-21,7.948586463928223,7.995199023878261,7.948586463928223,7.9841002812318465,809700
2014-02-24,7.990756988525391,8.041809157138232,7.968560780027474,7.9752198965961725,1346100
2014-02-25,7.999636173248291,8.035150617433278,7.981878951155799,8.004075796295592,947400
2014-02-26,7.999636173248291,8.039589605432223,7.988538068202572,8.021833018388085,810000
2014-02-27,8.039591789245605,8.039591789245605,7.981881119293095,8.004077970462271,837000
2014-02-28,8.077327728271484,8.11062269308857,8.026275533558435,8.03959313845609,814800
2014-03-03,8.019613265991211,8.037370488917693,7.979659196882433,7.999636548961014,1688100
2014-03-04,8.130596160888672,8.143913760451372,8.097301209409354,8.097301209409354,989100
2014-03-05,8.106183052062988,8.130599401883819,8.095084942162114,8.130599401883819,610800
2014-03-06,8.10840129852295,8.13059751316858,8.106181169019598,8.123938394755497,735000
2014-03-07,8.130596160888672,8.146133254537093,8.101740832629174,8.146133254537093,782400
2014-03-10,8.1261568069458,8.130596430312735,8.083983877726114,8.123937312786532,771300
2014-03-11,8.101740837097168,8.148353388164892,8.088422602478744,8.137255282681792,609300
2014-03-12,8.115060806274414,8.115060806274414,8.068447610194942,8.077326223488864,759000
2014-03-13,8.028493881225586,8.146134709358828,8.019614633200199,8.139476225912526,1119600
2014-03-14,8.021836280822754,8.066228719059781,8.012957031117013,8.015177161067754,646200
2014-03-17,8.092863082885742,8.103961825463706,8.055129771304955,8.057349265801149,554100
2014-03-18,8.13281536102295,8.1461329601043,8.09952041074704,8.112838644876746,848100
2014-03-19,8.081765174865723,8.148354451502417,8.037371477043308,8.141695968372671,607500
2014-03-20,8.119494438171387,8.123934059760588,8.046246079858824,8.068442917708534,765300
2014-03-21,8.10840129852295,8.179429566418058,8.106181169019598,8.152793727814212,1680600
2014-03-24,8.101248741149902,8.134771278493732,8.072196173833554,8.121362007800512,829800
2014-03-25,8.154885292053223,8.161589928013912,8.116893420591444,8.137007328473512,592500
2014-03-26,8.123595237731934,8.190640295296195,8.123595237731934,8.17723102802772,699600
2014-03-27,8.132537841796875,8.159355747845607,8.107954601404876,8.114659237764387,876000
2014-03-28,8.17946720123291,8.204050436166048,8.154883966299773,8.159353936009968,594600
2014-03-31,8.235336303710938,8.250980875413005,8.21745834599631,8.233101638920242,1116900
2014-04-01,8.257686614990234,8.264391250168366,8.228633409014735,8.246512649286151,1657500
2014-04-02,8.284506797790527,8.293446100693437,8.24651492030051,8.268862857863093,812100
2014-04-03,8.29344367980957,8.304618284718336,8.271095748770424,8.291209014583494,819900
2014-04-04,8.228635787963867,8.333673397750394,8.217462458418709,8.333673397750394,962100
2014-04-07,8.181703567504883,8.237574683858393,8.179468901879748,8.212991443813992,990300
2014-04-08,8.210753440856934,8.22192740383016,8.163822284858151,8.186170210804601,844200
2014-04-09,8.268861770629883,8.268861770629883,8.208521324121783,8.2375745342782,757200
2014-04-10,8.152652740478516,8.284507631411541,8.145948102779341,8.271098995402637,959400
2014-04-11,8.101248741149902,8.15711984985269,8.096779410511642,8.12583197782799,1255800
2014-04-14,8.152652740478516,8.15935737817769,8.096782251560764,8.152652740478516,1145100
2014-04-15,8.212990760803223,8.217460731071066,8.134771715924625,8.177233556217493,812100
2014-04-16,8.284506797790527,8.288976129547292,8.239810283275984,8.268862857863093,1086600
2014-04-17,8.329200744628906,8.338140684165243,8.280034913514147,8.28226957870364,1079700
2014-04-21,8.34931755065918,8.35155285618574,8.318030306571304,8.335908914447076,1262700
2014-04-22,8.347079277038574,8.378367146993751,8.347079277038574,8.364958516576658,801600
2014-04-23,8.329200744628906,8.344844679733722,8.32473141424992,8.342609375155048,636900
2014-04-24,8.313557624816895,8.347080163503502,8.291209691951984,8.347080163503502,825300
2014-04-25,8.282269477844238,8.3113220431214,8.259920908053916,8.30461804763456,776700
2014-04-28,8.364959716796875,8.376133044256642,8.29791463692413,8.324732540995374,886500
2014-04-29,8.367197036743164,8.39401559076111,8.358258371256541,8.391780924389455,819600
2014-04-30,8.385071754455566,8.391776389336759,8.351549219438779,8.36942718014,739200
2014-05-01,8.3560209274292,8.387308806184786,8.3448469590405,8.387308806184786,717000
2014-05-02,8.35825252532959,8.391775055016183,8.344843257699324,8.371661153570782,852600
2014-05-05,8.3560209274292,8.360490898418293,8.302385111896214,8.338142961640894,2741700
2014-05-06,8.304617881774902,8.342609106942426,8.300147912150443,8.342609106942426,1222800
2014-05-07,8.371659278869629,8.373893943177897,8.30908420251559,8.338137396078805,1258800
2014-05-08,8.376133918762207,8.409656462198482,8.35155131700565,8.367194616471822,814500
2014-05-09,8.394013404846191,8.394013404846191,8.358256194653286,8.369429523601877,398100
2014-05-12,8.434236526489258,8.436471191372807,8.414123263759125,8.432001861605709,1017600
2014-05-13,8.447648048400879,8.458822015188934,8.438708747092583,8.44541338292112,748200
2014-05-14,8.420829772949219,8.449882341072069,8.409655167264923,8.449882341072069,1080000
2014-05-15,8.340375900268555,8.407420980635194,8.322497297422686,8.407420980635194,980100
2014-05-16,8.369429588317871,8.371664893514227,8.333673017237833,8.358256259282882,739500
2014-05-19,8.367197036743164,8.378371647380481,8.338145095132603,8.353788399123712,706500
2014-05-20,8.322498321533203,8.371664805104071,8.306855021660065,8.371664805104071,732000
2014-05-21,8.385071754455566,8.385071754455566,8.338140589065567,8.338140589065567,532500
2014-05-22,8.38953971862793,8.39847901721745,8.376130451049114,8.396243713028268,961200
2014-05-23,8.407421112060547,8.409655777603895,8.3895425089352,8.400716476041222,702300
2014-05-27,8.427533149719238,8.436472449976149,8.41188985381154,8.436472449976149,821100
2014-05-28,8.425298690795898,8.445412596408326,8.41859469498096,8.44094262647583,927600
2014-05-29,8.461054801940918,8.461054801940918,8.425297604647406,8.447646172650412,753300
2014-05-30,8.496814727783203,8.499050032873704,8.447648885410754,8.467762155499969,780900
2014-06-02,8.494579315185547,8.505753921487528,8.476700712369505,8.505753921487528,1613100
2014-06-03,8.478936195373535,8.490110163363585,8.465527561663341,8.490110163363585,544800
2014-06-04,8.47446346282959,8.481167457299469,8.456584226076016,8.47446346282959,1094700
2014-06-05,8.528100967407227,8.53257093734048,8.467760529338127,8.494578430770037,854400
2014-06-06,8.552685737609863,8.559390374017712,8.539276464794167,8.5504504325477,770100
2014-06-09,8.566092491149902,8.579501761022845,8.55268386066614,8.557153191031,684600
2014-06-10,8.570561408996582,8.570561408996582,8.543743509930675,8.561622748697095,629400
2014-06-11,8.534802436828613,8.552681671879977,8.5236284743869,8.548211703269882,664200
2014-06-12,8.485636711120605,8.541507163328331,8.465523450628067,8.541507163328331,972000
2014-06-13,8.530335426330566,8.541509391809596,8.496812890504287,8.496812890504287,543000
2014-06-16,8.570561408996582,8.577266043610345,8.519160915328788,8.530334880092296,786300
2014-06-17,8.575033187866211,8.58173782389465,8.54821528314173,8.56832855183777,2139900
2014-06-18,8.630901336669922,8.633136641003134,8.561622247679004,8.579500846010037,455700
2014-06-19,8.655488014221191,8.655488014221191,8.626435440217232,8.642079379830658,531600
2014-06-20,8.680070877075195,8.689010179407857,8.666662243270872,8.682305542811026,1705500
2014-06-23,8.670845031738281,8.691098577343485,8.648341235254414,8.686598075586154,762300
2014-06-24,8.619081497192383,8.677591852275107,8.612330104267986,8.664089066426314,922800
2014-06-25,8.641586303710938,8.641586303710938,8.589826691583566,8.596577441457997,471000
2014-06-26,8.623580932617188,8.643835110403662,8.571821972980377,8.643835110403662,507900
2014-06-27,8.6370849609375,8.6370849609375,8.587576243757356,8.603328636949753,373800
2014-06-30,8.61233139038086,8.63933632226293,8.603329102571806,8.63933632226293,934200
2014-07-01,8.652840614318848,8.673094801144707,8.614583778950873,8.62583567573289,1140600
2014-07-02,8.666339874267578,8.666339874267578,8.648336589212729,8.661838731079735,527100
2014-07-03,8.709102630615234,8.709102630615234,8.682097686173353,8.697850731393283,393600
2014-07-07,8.695600509643555,8.702351906738958,8.677597213288252,8.697850760725801,615000
2014-07-08,8.66408920288086,8.688843881428008,8.659588703425893,8.688843881428008,817500
2014-07-09,8.688844680786133,8.697846324372478,8.664089999961599,8.677592787265285,570900
2014-07-10,8.675345420837402,8.68659731809815,8.598831102997512,8.625836042732434,532500
2014-07-11,8.677596092224121,8.679846343015656,8.648340900388417,8.679846343015656,473100
2014-07-14,8.715848922729492,8.722600315847771,8.704597030097883,8.711347779367877,728700
2014-07-15,8.704601287841797,8.722604582397762,8.6753460951505,8.720354331540417,479100
2014-07-16,8.776611328125,8.776611328125,8.731603107827071,8.731603107827071,573900
2014-07-17,8.686595916748047,8.774362117689954,8.682094772260758,8.754108577118267,767100
2014-07-18,8.747356414794922,8.754107809009247,8.700097942991421,8.709098943479336,845700
2014-07-21,8.736108779907227,8.74286017791099,8.702353077585915,8.724856879133457,470400
2014-07-22,8.751856803894043,8.760859091964413,8.740604909578655,8.751856803894043,351900
2014-07-23,8.751856803894043,8.765358948302833,8.738354015636872,8.765358948302833,382500
2014-07-24,8.747356414794922,8.758608309253205,8.738354126610227,8.756358059131227,860400
2014-07-25,8.713601112365723,8.740606048550646,8.6978480719624,8.733855297390765,546900
2014-07-28,8.70009994506836,8.71585234339556,8.65959221430911,8.71585234339556,448200
2014-07-29,8.66184139251709,8.731604304502047,8.659591142155886,8.720352408847575,527400
2014-07-30,8.625834465026855,8.68659572927905,8.596578636111971,8.68434483515976,801300
2014-07-31,8.46380615234375,8.576326409298439,8.46380615234375,8.574076158682992,1943100
2014-08-01,8.443552017211914,8.486309351302214,8.418797330631723,8.436800621990319,1317300
2014-08-04,8.486307144165039,8.49530878750317,8.412043747587537,8.461552464023098,561000
2014-08-05,8.40754508972168,8.470557255566737,8.382791046109418,8.461554965718722,949200
2014-08-06,8.423296928405762,8.443550466502375,8.382789208364168,8.382789208364168,1215600
2014-08-07,8.385042190551758,8.461555867780211,8.367038896633465,8.44805371926578,1215600
2014-08-08,8.475053787231445,8.477304680563465,8.387287618880645,8.391788761696478,524100
2014-08-11,8.493061065673828,8.524567148659541,8.488559920740794,8.511064357708948,906000
2014-08-12,8.488556861877441,8.495308254919864,8.459301683824645,8.490807755457102,388800
2014-08-13,8.54032039642334,8.544821541804428,8.497563056470169,8.511065204916283,431700
2014-08-14,8.565073013305664,8.567322619509746,8.53356693717787,8.551570225294217,447600
2014-08-15,8.569572448730469,8.607829916985251,8.51106208714983,8.607829916985251,570000
2014-08-18,8.628083229064941,8.628083229064941,8.60107829892109,8.605579442535891,476100
2014-08-19,8.666339874267578,8.67084037360716,8.63033266030962,8.657337587891893,1983900
2014-08-20,8.695600509643555,8.700101655656711,8.657343022002038,8.657343022002038,676800
2014-08-21,8.722602844238281,8.7316044897225,8.702349302860906,8.70684980367878,593400
2014-08-22,8.695600509643555,8.724855705258754,8.684347966534991,8.71810430816335,449700
2014-08-25,8.724852561950684,8.740605601548381,8.713600666744513,8.720352061407588,940200
2014-08-26,8.729352951049805,8.749606489438195,8.722601556970883,8.722601556970883,557700
2014-08-27,8.736108779907227,8.745110429295993,8.720356376363448,8.745110429295993,873900
2014-08-28,8.733857154846191,8.736106761862784,8.702351067339054,8.715853216378825,411600
2014-08-29,8.754106521606445,8.754106521606445,8.713598806126056,8.742853984954602,484500
2014-09-02,8.727106094360352,8.76761318688763,8.700101151392625,8.76761318688763,1151400
2014-09-03,8.740605354309082,8.769860538556976,8.731603709629082,8.756358393461184,442800
2014-09-04,8.747356414794922,8.776611597925813,8.724851982029966,8.758608309253205,457800
2014-09-05,8.787864685058594,8.787864685058594,8.722602276658279,8.742855816717755,457200
2014-09-08,8.760859489440918,8.787864423332081,8.74285555633173,8.781113028897188,416700
2014-09-09,8.720353126525879,8.754109460115876,8.704600085004078,8.754109460115876,877500
2014-09-10,8.738356590270996,8.740607484875973,8.686597603630796,8.727105336488965,402300
2014-09-11,8.74510669708252,8.74510669708252,8.693347718073236,8.71360125959202,387000
2014-09-12,8.6910982131958,8.745108095112457,8.668594417654818,8.745108095112457,761100
2014-09-15,8.720353126525879,8.729354772559978,8.677595146901782,8.697848689516375,588900
2014-09-16,8.783363342285156,8.801366631675458,8.709099290663847,8.715850685147315,604500
2014-09-17,8.794615745544434,8.830622326406315,8.767610809898022,8.796865995886188,936000
2014-09-18,8.839621543884277,8.839621543884277,8.812616615654573,8.823868508121548,711900
2014-09-19,8.868881225585938,8.886883875059215,8.848627037712458,8.866630331034292,1405800
2014-09-22,8.819953918457031,8.856194065629689,8.80636418727976,8.853929218437633,925200
2014-09-23,8.75879955291748,8.804099738935513,8.756534705622823,8.799569396321221,1318500
2014-09-24,8.829012870788574,8.833543212641171,8.752002891518238,8.761062927198564,612600
2014-09-25,8.715763092041016,8.815423488449426,8.708967903006945,8.815423488449426,1263000
2014-09-26,8.767861366271973,8.785982093714258,8.70670593623287,8.729357007542017,714900
2014-09-29,8.76332950592041,8.77238954339118,8.695379548902137,8.718029318566563,1151400
2014-09-30,8.733885765075684,8.783716302131921,8.720295382960314,8.7655955766364,4400100
2014-10-01,8.622896194458008,8.715762038633255,8.604776124573785,8.713496543879115,2997300
2014-10-02,8.607047080993652,8.629696858709107,8.548156492488063,8.607047080993652,1747500
2014-10-03,8.686320304870605,8.702176183106923,8.629695223287813,8.659140187947852,882900
2014-10-06,8.693113327026367,8.733883816250112,8.654608332999736,8.720293437167216,1550700
2014-10-07,8.577597618103027,8.670463479582965,8.577597618103027,8.663668290103958,855600
2014-10-08,8.711236000061035,8.718031191630304,8.53909525113208,8.582130600370604,916800
2014-10-09,8.554946899414062,8.708967505006491,8.54588686379098,8.697642622483851,1037400
2014-10-10,8.480204582214355,8.586660854285805,8.477940382415127,8.539095161823537,2823600
2014-10-13,8.362422943115234,8.516442930864281,8.360157447746873,8.48473312398212,2065200
2014-10-14,8.369218826293945,8.446229480534244,8.339773214011572,8.391869247432302,2125800
2014-10-15,8.319387435913086,8.339772359230698,8.138187325503724,8.224257361747545,5383200
2014-10-16,8.292207717895508,8.337508557691127,8.192547944025334,8.199342486772125,1627500
2014-10-17,8.394133567810059,8.419048835089518,8.342038185687112,8.380543186375787,1389600
2014-10-20,8.466614723205566,8.466614723205566,8.369219139908667,8.396399257478143,1172400
2014-10-21,8.584392547607422,8.59118773688064,8.477937606443284,8.500587373320789,2054100
2014-10-22,8.539092063903809,8.625162082229961,8.534562369898435,8.60477716315599,1378200
2014-10-23,8.597983360290527,8.641019348429209,8.586659123451398,8.607044045811827,1295100
2014-10-24,8.677258491516113,8.679522690596206,8.59571751548631,8.62289762482127,1301400
2014-10-27,8.68178939819336,8.690849435903637,8.63195886677432,8.647814742798575,1175100
2014-10-28,8.756535530090332,8.756535530090332,8.695380111201684,8.715765034822887,1246200
2014-10-29,8.770125389099121,8.79730550365937,8.715765159978623,8.765595045993223,798600
2014-10-30,8.797304153442383,8.81995392142043,8.72029351666214,8.74520877985795,913800
2014-10-31,8.906025886535645,8.912821077124466,8.856195352917675,8.890170657836741,973800
2014-11-03,8.896964073181152,8.91508414578575,8.874314306437862,8.91508414578575,2132700
2014-11-04,8.910554885864258,8.924145265980798,8.86298985150635,8.878845078967316,2575800
2014-11-05,8.949061393737793,8.976241508566664,8.901496354793533,8.976241508566664,1334400
2014-11-06,8.987566947937012,8.989831147450962,8.926411528208767,8.967181376010899,1281900
2014-11-07,8.99889087677002,9.001156372256307,8.960386525853487,8.992095686361209,861000
2014-11-10,9.021541595458984,9.03513197672854,8.980771747700409,9.012481557287629,815700
2014-11-11,9.02380657196045,9.037396953424237,9.007951990952774,9.035132105855288,679200
2014-11-12,9.032867431640623,9.04419296656532,8.998892122916766,8.998892122916766,1265400
2014-11-13,9.050987243652344,9.09175774252672,9.021542279369518,9.046456900210703,1236000
2014-11-14,9.053251266479492,9.069107143067985,9.039661533442985,9.060046457010264,971700
2014-11-17,9.062311172485352,9.07137120973818,9.028335870781,9.046455297261677,766200
2014-11-18,9.094019889831545,9.112139962167287,9.060044592195798,9.0758998174958,632400
2014-11-19,9.10308074951172,9.10534559675235,9.066840601561756,9.091755865283597,566400
2014-11-20,9.12573528289795,9.12573528289795,9.06684469189939,9.06684469189939,676800
2014-11-21,9.16423797607422,9.220863056453856,9.130263316661493,9.220863056453856,1839600
2014-11-24,9.14158535003662,9.19368072247184,9.130261114322357,9.19368072247184,1125300
2014-11-25,9.134790420532228,9.161970531094727,9.116670994848844,9.161970531094727,928500
2014-11-26,9.168767929077148,9.17329827260786,9.130263573204196,9.143853307746111,666000
2014-11-28,9.171029090881348,9.205004383218023,9.157439362761556,9.168763596174047,439500
2014-12-01,9.14385223388672,9.161971661806284,9.11893696745664,9.139321890888054,3783600
2014-12-02,9.189151763916016,9.195946954392769,9.14385222213776,9.148381917105572,838500
2014-12-03,9.200475692749023,9.20727088204064,9.180090772899096,9.198210845660125,859800
2014-12-04,9.184624671936035,9.200479255723089,9.134793480508218,9.195948911765951,834000
2014-12-05,9.191414833068848,9.202739715523862,9.16876442013396,9.20047486863783,1746300
2014-12-08,9.12346649169922,9.177826714654628,9.096286380221514,9.177826714654628,930300
2014-12-09,9.071372032165527,9.073636879677824,8.996626232034362,9.04419191794284,1102200
2014-12-10,8.94000244140625,9.048722913928042,8.926412706353592,9.048722913928042,1268100
2014-12-11,8.976241111755371,9.062311795587744,8.958121036003822,8.976241111755371,651000
2014-12-12,8.831279754638672,8.953590579571552,8.82901425934364,8.924144972960878,1457700
2014-12-15,8.792778968811035,8.89696977709746,8.754273951846628,8.881114541397295,1383000
2014-12-16,8.75879955291748,8.942265144284265,8.752004363008531,8.763329247506794,10728600
2014-12-17,8.912819862365723,8.928675088903663,8.767858624336641,8.790509688562215,2079900
2014-12-18,9.114407539367676,9.114407539367676,8.989831842737328,9.039662380599506,1895400
2014-12-19,9.139322280883787,9.161972052768537,9.094022089089233,9.150647814851222,1444800
2014-12-22,9.195194244384766,9.202036063575818,9.124497620983202,9.151864245275618,1175400
2014-12-23,9.233963012695312,9.247646649439258,9.220280028423078,9.22940158295676,855600
2014-12-24,9.222563743591309,9.252210766031896,9.222563743591309,9.252210766031896,561000
2014-12-26,9.236248970031738,9.259054175059038,9.231687537543014,9.24081040252046,918600
2014-12-29,9.218002319335938,9.2339663504838,9.206599719575443,9.227124529638722,998100
2014-12-30,9.176950454711914,9.211158900530837,9.167828245991656,9.199756302748472,1288800
2014-12-31,9.088010787963867,9.190636148359904,9.0811689667764,9.186075369216248,912000
2015-01-02,9.078889846801758,9.135903504804771,9.03783956935861,9.106256480939848,1418700
2015-01-05,8.951178550720215,9.053803269239546,8.942056339019118,9.044681710010495,12067500
2015-01-06,8.896443367004395,9.012751704294988,8.8576741387315,8.964860266283063,1611300
2015-01-07,9.001347541809082,9.010469749963688,8.93977247364754,8.976261306265966,3470700
2015-01-08,9.167831420898438,9.17239285307415,9.0652067003736,9.08117008180844,3114600
2015-01-09,9.09713077545166,9.183791424034188,9.067483110502057,9.179230646332265,3722400
2015-01-12,9.046961784362791,9.11309765377167,9.01731476048599,9.094853231005631,5879700
2015-01-13,9.026433944702148,9.170108899304358,8.96713991254775,9.117656687005269,3306000
2015-01-14,8.983108520507812,8.994511124431213,8.896447164756728,8.932936671761542,2773200
2015-01-15,8.948896408081055,9.033276686670517,8.942054587527336,9.019593698035,1326600
2015-01-16,9.069765090942385,9.078887299762554,8.937492084342148,8.944333904075236,1408200
2015-01-20,9.078889846801758,9.106256480939848,8.999069681642297,9.106256480939848,1407900
2015-01-21,9.117657661437988,9.129060260767565,9.03099634060059,9.060643359846258,1538400
2015-01-22,9.224843978881836,9.224843978881836,9.072047437528555,9.160989155834365,6761100
2015-01-23,9.10853385925293,9.208878810910466,9.10625412258853,9.208878810910466,9584400
2015-01-26,9.117657661437988,9.124499482024504,9.04467998177362,9.094851810306912,2996400
2015-01-27,8.978544235229492,9.033277499641247,8.935214223590837,9.00591086743537,2307600
2015-01-28,8.862234115600586,9.040117515654522,8.848551128465894,9.040117515654522,1332900
2015-01-29,8.948896408081055,8.962580049188492,8.807501828173164,8.885040938680827,1101000
2015-01-30,8.805219650268555,8.910124716738604,8.79153666441237,8.885039133923632,1307700
2015-02-02,8.92837142944336,8.932932860549908,8.752768402571505,8.828026469818353,1476000
2015-02-03,9.067481994628906,9.067481994628906,8.971698497486402,8.973979538528427,31112400
2015-02-04,9.044676780700684,9.099410021077889,9.026431714769924,9.040115351100072,1279800
2015-02-05,9.133623123168944,9.138183902626654,9.085731024030844,9.099414667348022,909900
2015-02-06,9.122217178344728,9.174670041465896,9.099411982840117,9.156425624073474,1463700
2015-02-09,9.078889846801758,9.12678129342541,9.058364381844171,9.103976091213012,997800
2015-02-10,9.17238998413086,9.183792582295542,9.094850881172936,9.147303746191072,939000
2015-02-11,9.17238998413086,9.190634402183091,9.126778939000271,9.170108942520438,655500
2015-02-12,9.245368957519531,9.249930388910489,9.19747686403826,9.220283368521091,1089300
2015-02-13,9.279576301574709,9.279576301574709,9.24080772524927,9.26133253432176,1054800
2015-02-17,9.27501392364502,9.284135478821083,9.227121844140138,9.261330285937408,992100
2015-02-18,9.25448989868164,9.265892496887371,9.229403660651544,9.256770287828417,1130400
2015-02-19,9.238524436950684,9.259049241032274,9.208877425224856,9.227121840513329,993000
2015-02-20,9.270453453063965,9.272733842094,9.174669936612505,9.218000590542257,1122300
2015-02-23,9.25221061706543,9.26817530154531,9.227125026735283,9.26817530154531,711600
2015-02-24,9.297821998596191,9.3023834300699,9.243088735743466,9.261333156694374,901500
2015-02-25,9.297821998596191,9.3023834300699,9.272735756670702,9.297821998596191,633600
2015-02-26,9.281859397888184,9.295543041946594,9.256773152095802,9.286420177592946,518700
2015-02-27,9.26589298248291,9.288698832561412,9.261332203950346,9.286417790823236,737100
2015-03-02,9.309226036071776,9.31150642592478,9.254492764767324,9.259053544473332,1890900
2015-03-03,9.261330604553224,9.290977617310643,9.23168293932402,9.27273320138734,1325400
2015-03-04,9.21116065979004,9.245369112142503,9.181513638904816,9.245369112142503,1137300
2015-03-05,9.208879470825195,9.227123890166364,9.186074272884689,9.227123890166364,700800
2015-03-06,9.062925338745115,9.16098926905135,9.042400527335346,9.16098926905135,1821000
2015-03-09,9.099411010742188,9.117655426185545,9.067482957480436,9.078886206486354,1166400
2015-03-10,8.962575912475586,9.049237192898708,8.958014483387814,9.019589535007228,2026800
2015-03-11,8.935211181640625,8.992224816208187,8.930649751589906,8.992224816208187,1144800
2015-03-12,9.012751579284668,9.012751579284668,8.944334680954968,8.944334680954968,798000
2015-03-13,8.96942138671875,9.001349448258003,8.901005137304818,9.001349448258003,1005000
2015-03-16,9.072047233581545,9.074327623109406,8.999068896442225,8.999068896442225,7826400
2015-03-17,9.026433944702148,9.046959404268073,8.992226150369312,9.040117584412766,14977500
2015-03-18,9.12678050994873,9.16098896280277,8.94661668755423,8.999068909128857,4384500
2015-03-19,9.069765090942385,9.106253926223063,9.056081451476206,9.106253926223063,5974200
2015-03-20,9.160988807678224,9.181513618054309,9.088010471671776,9.110816324012283,1352400
2015-03-23,9.172465324401855,9.213793367281305,9.160985567946938,9.172465324401855,1242000
2015-03-24,9.112773895263672,9.18394960272522,9.110478731106976,9.174765661662027,936000
2015-03-25,8.99108600616455,9.133437407879637,8.98649436450263,9.121956989950396,1635300
2015-03-26,8.975013732910156,9.01174949287986,8.924502391395414,8.963533972141423,1730100
2015-03-27,9.007156372070312,9.01634031055445,8.952052741165497,8.961236679649634,1152300
2015-03-30,9.115062713623049,9.131135419244808,9.050775832456656,9.069143700471846,1424400
2015-03-31,9.048483848571776,9.11047559362128,9.043891551178048,9.078331482526332,1196100
2015-04-01,8.997971534729004,9.053075821039071,8.961236438667422,9.043891882801908,971700
2015-04-02,9.014044761657717,9.053076337169149,8.991084586312269,9.00715664336537,21366900
2015-04-06,9.085219383239746,9.121955136620306,8.979604420714184,8.991084179423837,1761000
2015-04-07,9.082927703857422,9.133439055687656,9.080631225724922,9.096703288215728,1292700
2015-04-08,9.082927703857422,9.119662814442014,9.046191279498151,9.10588723008371,954300
2015-04-09,9.117364883422852,9.133436942194551,9.055373125937136,9.08062912445164,1701600
2015-04-10,9.15639591217041,9.177059611126593,9.121955975985344,9.133436392638464,768600
2015-04-13,9.110477447509766,9.172468548286766,9.108180969902063,9.158692967076494,894300
2015-04-14,9.138025283813477,9.1540966787392,9.08751265176887,9.110473476514793,2211600
2015-04-15,9.188539505004885,9.211499023230566,9.172467448114638,9.181651386782333,1568400
2015-04-16,9.172465324401855,9.20460877385302,9.151801631405611,9.158689748033344,1743000
2015-04-17,9.07374095916748,9.13343689563498,9.034709379681336,9.13343689563498,1428000
2015-04-20,9.170169830322266,9.193130659466611,9.119658502375405,9.12425079958168,930900
2015-04-21,9.151803970336914,9.21149924466841,9.133436092559974,9.188539725890797,1396500
2015-04-22,9.190834045410156,9.195426342547972,9.124250663564446,9.17935428789614,1429500
2015-04-23,9.190834045410156,9.216090037450604,9.149505998717878,9.154098295855691,859200
2015-04-24,9.21609115600586,9.222979274105086,9.17246728389356,9.209203037906637,1008600
2015-04-27,9.190834045410156,9.239049552478637,9.18394592814694,9.22756979496462,1343100
2015-04-28,9.234458923339844,9.234458923339844,9.156395118545632,9.181651113351444,974700
2015-04-29,9.190834045410156,9.211497740312788,9.149505998717878,9.188538225284756,913800
2015-04-30,9.117364883422852,9.181652461622472,9.085220765879448,9.179356640908567,849000
2015-05-01,9.197721481323242,9.2023131212339,9.147209500984182,9.165578031287724,1065300
2015-05-04,9.20690631866455,9.243642069091242,9.204609841597607,9.216090256271224,1556700
2015-05-05,9.124253273010254,9.213796852379586,9.112772855325936,9.19313315156734,1094100
2015-05-06,9.087515830993652,9.167876118170442,9.041596792984851,9.14950758332494,1198200
2015-05-07,9.115062713623049,9.140319353252403,9.069143700471846,9.085215092320055,792300
2015-05-08,9.23216152191162,9.245937756567422,9.193130608752249,9.195426428899207,1182600
2015-05-11,9.190834045410156,9.236753732353234,9.186242405159357,9.234457912227835,1010700
2015-05-12,9.16328239440918,9.188538386893832,9.105882948942538,9.158690754077622,1111500
2015-05-13,9.172465324401855,9.22527312373622,9.160985567946938,9.17705696422904,752100
2015-05-14,9.271194458007812,9.273490278330382,9.211498531411518,9.21379500862116,838200
2015-05-15,9.287267684936523,9.287267684936523,9.257420044207738,9.275788581064534,638100
2015-05-18,9.282676696777344,9.289564159097942,9.257420040719667,9.280380219116608,756000
2015-05-19,9.259713172912598,9.289561461850816,9.243641775277034,9.289561461850816,804000
2015-05-20,9.259713172912598,9.296449579058637,9.255122189585736,9.266601290120418,586500
2015-05-21,9.273491859436035,9.28497161989322,9.24594004020648,9.257419800663666,698100
2015-05-22,9.22757053375244,9.255123005011242,9.22527471344323,9.255123005011242,691800
2015-05-26,9.14721393585205,9.20920570291036,9.119662112369168,9.20920570291036,1339200
2015-05-27,9.209203720092772,9.220684136737612,9.1472119663818,9.17246796335844,863700
2015-05-28,9.202315330505373,9.21379574681215,9.177059334272435,9.19313204847935,779400
2015-05-29,9.16328239440918,9.204609784941312,9.144914519308893,9.204609784941312,1922100
2015-06-01,9.15639591217041,9.19313232581839,9.128844094599788,9.188540027779712,1334400
2015-06-02,9.144915580749512,9.172467396597852,9.101291708101195,9.126547703517284,1134300
2015-06-03,9.142621994018556,9.193134657708235,9.133438709386102,9.15639823474186,717900
2015-06-04,9.05536937713623,9.13802545749014,9.043889621431989,9.115064632307826,1589400
2015-06-05,9.002562522888184,9.048482864282072,8.993379242873784,9.039298270493708,1333500
2015-06-08,8.963528633117676,8.9956727323885,8.956640518004383,8.988784617275208,1441500
2015-06-09,8.968122482299805,8.995674290638748,8.947458133380401,8.96353018579985,810300
2015-06-10,9.064555168151855,9.094402801846016,9.007155720996844,9.007155720996844,863400
2015-06-11,9.092106819152832,9.115066334849772,9.080627061304362,9.082923538383683,958500
2015-06-12,9.018636703491213,9.064556398827047,9.002564645901884,9.064556398827047,691500
2015-06-15,8.961237907409668,8.984197428322094,8.926797969153842,8.975013488579686,1439100
2015-06-16,9.011752128601074,9.018640249831805,8.947464529851512,8.952056829634465,915900
2015-06-17,9.041598320007324,9.064557842889323,8.988790497736586,9.027822080768331,879900
2015-06-18,9.131139755249023,9.16328321109583,9.071443827409116,9.071443827409116,1349700
2015-06-19,9.085219383239746,9.131139731852532,9.085219383239746,9.124251613871904,928800
2015-06-22,9.146770477294922,9.179164444102389,9.132886875801326,9.144456102374953,1011300
2015-06-23,9.130569458007812,9.165277788168272,9.112059098862748,9.16065036388359,971100
2015-06-24,9.063470840454102,9.125945061059811,9.063470840454102,9.119003922330217,789300
2015-06-25,9.035701751708984,9.10048966695624,9.035701751708984,9.095862242441308,731100
2015-06-26,9.033384323120115,9.065778931797002,9.010245222350036,9.035698696601424,968400
2015-06-29,8.86678695678711,8.991736678887978,8.862160194570759,8.940831702406891,2833500
2015-06-30,8.859846115112305,8.92926211480538,8.839020719398668,8.92926211480538,2148600
2015-07-01,8.920007705688477,8.929262554897766,8.878357574214762,8.929262554897766,1420500
2015-07-02,8.917693138122559,8.950087093267433,8.896867743379799,8.929261698524673,574500
2015-07-06,8.88530158996582,8.922323644065322,8.839023360334895,8.852906961625482,1472700
2015-07-07,8.97322940826416,8.977856834079438,8.80894321369731,8.887615410616,854100
2015-07-08,8.857534408569336,8.920009285843973,8.843650808283195,8.917695573131782,1242900
2015-07-09,8.857534408569336,8.97785607568773,8.857534408569336,8.954716962546328,1186200
2015-07-10,8.947773933410645,8.970912379655529,8.91769368848975,8.943145846957853,1137900
2015-07-13,9.044958114624023,9.049586201919942,8.95471670141516,9.005622351637872,832800
2015-07-14,9.068096160888672,9.075037960519891,9.031074774203883,9.040329624370244,745200
2015-07-15,9.040328025817873,9.070408931565291,9.024131378884258,9.061153421029086,854400
2015-07-16,9.098176956176758,9.098176956176758,9.075037845035965,9.081979644578848,1020600
2015-07-17,9.05652904510498,9.070411984578987,9.038018017801932,9.070411984578987,1078800
2015-07-20,9.051901817321776,9.07041284638361,9.03570516339764,9.06578542012146,1172400
2015-07-21,8.984800338745117,9.03107858112353,8.966289968603173,9.026450492083,1298400
2015-07-22,8.943147659301758,8.982483423093335,8.924636633752016,8.959344972159405,949500
2015-07-23,8.903813362121582,8.954718359765055,8.889930421675762,8.95009093361865,1011300
2015-07-24,8.806628227233887,8.90612448046012,8.79968642803012,8.89918268125635,1982100
2015-07-27,8.769604682922363,8.790429416542304,8.734896352218232,8.783487618000208,1756200
2015-07-28,8.896869659423828,8.906125171745119,8.783489136983162,8.813570048532204,3994200
2015-07-29,8.961658477783203,8.97554207762796,8.894555515211001,8.899183602494746,984000
2015-07-30,8.954716682434082,8.963972194999823,8.90149731967946,8.926950144736864,1560300
2015-07-31,8.922325134277344,8.96628899636501,8.915383332472627,8.96628899636501,1140000
2015-08-03,8.892241477966309,8.920008012568593,8.85059134505968,8.920008012568593,1690200
2015-08-04,8.889927864074707,8.922321823799724,8.864475041572357,8.90612451293401,1553100
2015-08-05,8.93157958984375,8.975543446716225,8.922324075870943,8.943148816808113,851700
2015-08-06,8.878361701965332,8.938522883840681,8.862165046312501,8.938522883840681,1076400
2015-08-07,8.839022636413574,8.86447612403051,8.811256098113043,8.862162411340421,1078800
2015-08-10,8.952400207519531,8.957027631371364,8.88992601348214,8.88992601348214,1051800
2015-08-11,8.892241477966309,8.906124414264248,8.852905057441603,8.87604416728004,1195500
2015-08-12,8.920007705688477,8.933890641508794,8.792744260971391,8.836707442741046,1049100
2015-08-13,8.892241477966309,8.933890948866532,8.882985966432214,8.920008012568593,577500
2015-08-14,8.92463493347168,8.92463493347168,8.873729291904953,8.89686840043702,689400
2015-08-17,8.952400207519531,8.952400207519531,8.855217686568297,8.901494573111723,583800
2015-08-18,8.922325134277344,8.950091679489557,8.910755905940587,8.929266274075404,615300
2015-08-19,8.839022636413574,8.90612560047806,8.797373159966025,8.894555713014636,1568700
2015-08-20,8.714069366455078,8.804310738160481,8.711755654874471,8.790427144664493,1571100
2015-08-21,8.4664888381958,8.672423842097507,8.4664888381958,8.62846065075225,5421900
2015-08-24,8.151803970336914,8.380878179481329,7.346573336737543,8.003715699699198,9033000
2015-08-25,8.012969017028809,8.445665141530421,8.012969017028809,8.445665141530421,3863100
2015-08-26,8.304516792297363,8.316086018010171,8.06387345503713,8.172625235947933,2282100
2015-08-27,8.48499870300293,8.496567927456903,8.3160851131466,8.410954607287204,2796600
2015-08-28,8.494255065917969,8.512766091701327,8.447977501459574,8.450291214180869,1799700
2015-08-31,8.447978019714355,8.491941212141947,8.397073026690524,8.452606107447362,1026300
2015-09-01,8.216588020324707,8.311456842809772,8.179565314225986,8.286004684001053,2147700
2015-09-02,8.360050201416016,8.360050201416016,8.26286698036037,8.329969948568102,1947300
2015-09-03,8.392443656921387,8.478056977841524,8.369305207810623,8.406326593986558,996900
2015-09-04,8.258238792419434,8.306830729465254,8.218903029864078,8.297574554974789,1412400
2015-09-08,8.459547996520996,8.461861047401879,8.369306573845673,8.385503226064243,1529100
2015-09-09,8.327657699584961,8.535907117306905,8.311460382894072,8.531279028820945,1248000
2015-09-10,8.353107452392578,8.408640526116578,8.29294695352814,8.32071349039014,1265400
2015-09-11,8.387819290161133,8.387819290161133,8.304519644804733,8.329972479720873,1098000
2015-09-14,8.34616470336914,8.380873036000473,8.32765434290633,8.380873036000473,1190100
2015-09-15,8.461859703063965,8.482685101761959,8.37161895673176,8.37161895673176,868500
2015-09-16,8.538215637207031,8.545157434710324,8.4687989861866,8.480368869360836,816900
2015-09-17,8.535903930664062,8.656225580293851,8.517392907644096,8.526647757147677,1323300
2015-09-18,8.399385452270508,8.48962619816524,8.376246341164837,8.424838275884815,1227900
2015-09-21,8.448147773742676,8.490143832087716,8.399152928594049,8.448147773742676,1845900
2015-09-22,8.361823081970215,8.375821990061695,8.312828238659387,8.345491245031713,1369200
2015-09-23,8.34082317352295,8.382819219146155,8.312826032275645,8.375819766958204,682500
2015-09-24,8.338493347167969,8.361824642506443,8.235837783694045,8.277833180796577,2028900
2015-09-25,8.361823081970215,8.436482145112304,8.32449355039917,8.41081859278572,814800
2015-09-28,8.228839874267578,8.324496667865013,8.214840960933603,8.319830808423639,2589600
2015-09-29,8.25916862487793,8.294165235037271,8.214839629843086,8.242836784469596,1803000
2015-09-30,8.387484550476074,8.396817598554772,8.315159101654512,8.34548917164449,1164000
2015-10-01,8.375821113586426,8.422482355662758,8.294162604943628,8.40848411654078,2452500
2015-10-02,8.513477325439453,8.513477325439453,8.277834736024122,8.294166579078977,1680300
2015-10-05,8.676789283752441,8.681455140431378,8.562467117559569,8.562467117559569,1454700
2015-10-06,8.69778823852539,8.723451787030708,8.672124022515494,8.68845518951763,1468500
2015-10-07,8.777112007141113,8.784111459235206,8.695453512722,8.746781938072697,1250700
2015-10-08,8.872771263122559,8.882102977862141,8.751449626443149,8.756116151317572,1257600
2015-10-09,8.872771263122559,8.896101884980778,8.847107045074813,8.87743712049235,808800
2015-10-12,8.854106903076172,8.863439286450236,8.835442136328043,8.861106357482898,660900
2015-10-13,8.80744457244873,8.856439415984704,8.795779260655342,8.821443480604541,657300
2015-10-14,8.777112007141113,8.826106836790784,8.760780842260884,8.793443172021343,762600
2015-10-15,8.863438606262207,8.863438606262207,8.770114779683317,8.798111927656985,828300
2015-10-16,8.912436485290527,8.912436485290527,8.863441626517568,8.882106398193446,608700
2015-10-19,8.898435592651367,8.898435592651367,8.861106060406616,8.886770280701056,975300
2015-10-20,8.882102966308594,8.896101873409021,8.854105819612371,8.872771251581149,542400
2015-10-21,8.858774185180664,8.933433258550124,8.849441801009482,8.891437196027418,685800
2015-10-22,9.075750350952148,9.087414993871704,8.91709919216335,8.91709919216335,1356300
2015-10-23,9.16207504272461,9.178406210898792,9.11541246435526,9.155075589218743,1332600
2015-10-26,9.138745307922363,9.159743002973071,9.13174585373723,9.148077023496286,1449600
2015-10-27,9.10374927520752,9.127079900614286,9.082751578840483,9.10374927520752,840900
2015-10-28,9.185404777526855,9.185404777526855,9.071083273822518,9.120078108623725,1005000
2015-10-29,9.159744262695312,9.171409576271715,9.127080583675644,9.162077191909637,660300
2015-10-30,9.12241554260254,9.187742911275246,9.12241554260254,9.17141106910707,961800
2015-11-02,9.220404624938965,9.229737677005884,9.131747305351205,9.136413163879867,1425900
2015-11-03,9.250732421875,9.278729566622602,9.19940398941877,9.208736371001304,1158000
2015-11-04,9.220404624938965,9.274066003047366,9.204072785079052,9.267066547749575,807600
2015-11-05,9.178406715393066,9.215736913641337,9.138744923358807,9.208737459750743,1084500
2015-11-06,9.15507698059082,9.15507698059082,9.071085528269451,9.143411000473195,915000
2015-11-09,9.057084083557127,9.124744346280526,9.02208815551571,9.124744346280526,1531500
2015-11-10,9.06641674041748,9.073416193240568,9.024421358488086,9.031420143806612,524400
2015-11-11,9.061753273010254,9.10374933351805,9.059419676450844,9.087416827621128,650400
2015-11-12,8.935765266418457,9.01509018401694,8.933431670162005,9.00575780150508,958200
2015-11-13,8.856439590454102,8.933432251818429,8.847107874839303,8.921766939795237,1515600
2015-11-16,9.001091003417969,9.003423932098993,8.858772341305993,8.858772341305993,1040400
2015-11-17,9.005757331848145,9.073416934654466,8.984759639167667,9.03608740655379,1167000
2015-11-18,9.094417572021484,9.106083553958742,9.005760247828281,9.01975915915106,967200
2015-11-19,9.115410804748535,9.13874275718988,9.094413115558533,9.094413115558533,1399200
2015-11-20,9.120078086853027,9.185404755600215,9.10607984873091,9.1620741362285,771000
2015-11-23,9.134078979492188,9.15740960393921,9.110748355045166,9.122412999763972,843600
2015-11-24,9.173741340637209,9.194739703414175,9.071085125689256,9.089749892043429,855900
2015-11-25,9.16207504272461,9.187739260576365,9.155075589218743,9.16207504272461,864000
2015-11-27,9.169076919555664,9.180742233478751,9.148078553488345,9.162077464199893,204900
2015-11-30,9.148076057434082,9.187739181958174,9.14107727149273,9.187739181958174,1036800
2015-12-01,9.225069046020508,9.232067832216538,9.166741822692396,9.171407680156417,1050300
2015-12-02,9.14340877532959,9.23906618448936,9.131744133060131,9.229734470673792,5708400
2015-12-03,9.033754348754885,9.162074766642329,9.001090678381523,9.159741838045546,3771600
2015-12-04,9.197072982788086,9.208738295327777,9.045421249753192,9.045421249753192,3479400
2015-12-07,9.15274143218994,9.171406194030888,9.103746599233586,9.16674033732292,3175500
2015-12-08,9.068753242492676,9.11541449625394,9.03142303797507,9.068753242492676,5207100
2015-12-09,9.04075527191162,9.180741023046703,8.994093354866592,9.061752967705704,8400900
2015-12-10,9.071087837219238,9.134081609370847,9.038424152583255,9.050090135670334,2725800
2015-12-11,8.92409896850586,8.998758025930774,8.912432990154747,8.961428497218316,2917200
2015-12-14,8.991761207580566,8.991761207580566,8.868106616032915,8.931100376396182,2078100
2015-12-15,9.075750350952148,9.113079878313137,9.047753205431407,9.047753205431407,2010600
2015-12-16,9.178406715393066,9.19240562317425,9.05475347918569,9.113080704096411,1898700
2015-12-17,9.050086975097656,9.197072169617966,9.047754046296932,9.192405644511853,3144300
2015-12-18,8.89610481262207,9.024425277585468,8.893771883169425,9.01742582172268,2531400
2015-12-21,8.964720726013184,8.964720726013184,8.896574312817075,8.945921182272343,1945500
2015-12-22,9.05871295928955,9.077511826322096,8.967068314430763,9.011715119407672,3985800
2015-12-23,9.173855781555176,9.178555834427588,9.112759800317402,9.115109490603354,1847400
2015-12-24,9.150358200073242,9.17855717683091,9.145658818814038,9.166807379081678,623100
2015-12-28,9.124509811401367,9.126860174389575,9.082212689822365,9.110410994975242,2786700
2015-12-29,9.21615219116211,9.234951728913678,9.169155699834796,9.169155699834796,3043200
2015-12-30,9.164456367492676,9.211453534813629,9.155056934028485,9.195004358176169,2280600
2015-12-31,9.061062812805176,9.140958335282862,9.061062812805176,9.12685884860423,1993500
2016-01-04,8.957670211791992,8.957670211791992,8.856625446103784,8.943571395573123,3673800
2016-01-05,9.009363174438477,9.021112967618723,8.938867776858729,8.976464829214338,8220000
2016-01-06,8.90127182006836,8.938869552191536,8.847224912066173,8.891871714737084,9086700
2016-01-07,8.715632438659668,8.847225177336878,8.692134191528364,8.755580534463688,4105500
2016-01-08,8.621637344360352,8.76967857403925,8.600488789349207,8.76967857403925,2928600
2016-01-11,8.638087272644043,8.682734748906253,8.551142682670635,8.668635935102687,3090000
2016-01-12,8.689783096313477,8.722680771438515,8.591089398637967,8.710931649772458,1824600
2016-01-13,8.522942543029785,8.736779772579617,8.508843059969186,8.727380341306,2628900
2016-01-14,8.66628646850586,8.71563333037076,8.511195466829724,8.548793876227471,3338700
2016-01-15,8.48534870147705,8.5088469542655,8.398403418178063,8.436001832780775,5484600
2016-01-19,8.494745254516602,8.57229040362589,8.426598865492865,8.569940713604502,2782200
2016-01-20,8.365503311157227,8.426599288583493,8.19631351971461,8.356103878299304,6438300
2016-01-21,8.438348770141602,8.508844177804756,8.31850583758375,8.386651555194904,4101000
2016-01-22,8.595788955688477,8.607538750816273,8.532343289040586,8.5840405051616,2515800
2016-01-25,8.501797676086426,8.607541155677039,8.492398240738357,8.569943414284763,2009700
2016-01-26,8.645136833190918,8.652185903793638,8.53704301634335,8.53704301634335,1551900
2016-01-27,8.595788955688477,8.732081738607599,8.548792464379131,8.612238803327482,2151600
2016-01-28,8.65688705444336,8.678036285835327,8.5675920924788,8.65688705444336,1856700
2016-01-29,8.854277610778809,8.854277610778809,8.699186577845708,8.70858601401436,2604600
2016-02-01,8.84957504272461,8.884823086419633,8.76733050383691,8.78377900823414,2601300
2016-02-02,8.70858097076416,8.762627865509838,8.682732368194449,8.762627865509838,9894900
2016-02-03,8.783780097961426,8.804928657881952,8.619290327478693,8.764981228631937,2577000
2016-02-04,8.78612995147705,8.821378000198612,8.725033961173583,8.76498139116436,2149200
2016-02-05,8.69213581085205,8.772030672743306,8.649838689215652,8.76733196366239,2481900
2016-02-08,8.675686836242676,8.699185086485487,8.546443770704851,8.607540431477222,3099900
2016-02-09,8.66158676147461,8.722682745807425,8.593440361325756,8.598140414436266,2655900
2016-02-10,8.614590644836426,8.741482682122621,8.607540900459242,8.703885614145765,4085700
2016-02-11,8.525298118591309,8.569945616040453,8.447752252821486,8.485350676174043,4323900
2016-02-12,8.66158676147461,8.663936451879591,8.562892369159348,8.586391290110809,2533500
2016-02-16,8.767328262329102,8.769677279727553,8.680382348169909,8.746179038138916,1779600
2016-02-17,8.894221305847168,8.915369860257174,8.81432579586431,8.81432579586431,3050100
2016-02-18,8.896574020385742,8.92477232661911,8.875425458785879,8.908323818875134,1577100
2016-02-19,8.882474899291992,8.882474899291992,8.82842730715276,8.861325666115606,1281600
2016-02-22,8.981169700622559,9.007018318270081,8.95062170102133,8.962370828206309,2071500
2016-02-23,8.908323287963867,8.976468350257436,8.891873436598953,8.969419278344688,2565900
2016-02-24,8.94826889038086,8.960018686652964,8.795528934149281,8.83547568673244,1226700
2016-02-25,9.049314498901367,9.054013880014598,8.936521284576752,8.969418969271137,1237800
2016-02-26,8.990567207336426,9.105710780400162,8.981167773145543,9.105710780400162,1960200
2016-02-29,8.920071601867676,9.046964306524316,8.920071601867676,8.995267751801663,1677000
2016-03-01,9.07986068725586,9.07986068725586,8.96236744288423,8.983515998288969,1834500
2016-03-02,9.124509811401367,9.124509811401367,9.035215514567568,9.054014384669486,2232300
2016-03-03,9.145657539367676,9.14800790196908,9.07986150483918,9.115109548554576,2592600
2016-03-04,9.18090534210205,9.20675462582829,9.115109976783,9.140958588208692,1906500
2016-03-07,9.21145248413086,9.227901658892083,9.145656457386394,9.148006819709735,1878600
2016-03-08,9.155055046081545,9.220851066762483,9.148005976662438,9.17385390913324,6796200
2016-03-09,9.21850299835205,9.244350935369118,9.190304698814847,9.211453255392628,1550700
2016-03-10,9.21850299835205,9.267849854467032,9.129208047000663,9.244350935369118,1954500
2016-03-11,9.3171968460083,9.321896226176802,9.274899062989528,9.288998548095938,1284300
2016-03-14,9.300748825073242,9.326597437977714,9.270200831077366,9.286650009498446,1430400
2016-03-15,9.303102493286133,9.303102493286133,9.239656119905773,9.260805359233109,1351200
2016-03-16,9.35479736328125,9.366546489502932,9.260803008906498,9.286650952134064,1513500
2016-03-17,9.437042236328123,9.458190797191484,9.34774726688186,9.359496392661434,1759800
2016-03-18,9.453489303588867,9.465239099879396,9.432340745946757,9.46053904690308,2196300
2016-03-21,9.467222213745115,9.48379414918485,9.422242213719892,9.436446246012638,1620000
2016-03-22,9.448280334472656,9.474321843055424,9.415137150445384,9.438810756562344,1539300
2016-03-23,9.396199226379396,9.441179899921734,9.384362420915972,9.42934309445831,1193400
2016-03-24,9.403300285339355,9.403300285339355,9.339380460932984,9.341747686236042,1578900
2016-03-28,9.405665397644045,9.431706902080473,9.38435902006766,9.4246052277667,3290100
2016-03-29,9.48852252960205,9.48852252960205,9.37488763469815,9.3938274611662,3226800
2016-03-30,9.509833335876465,9.550078874385456,9.49562862974525,9.526404589939323,1215600
2016-03-31,9.49089241027832,9.531138621475828,9.483790735347222,9.505097114775698,1296600
2016-04-01,9.528772354125977,9.53587470708844,9.410402288249657,9.431708669819388,1439100
2016-04-04,9.505098342895508,9.533507078243264,9.483791960714113,9.526404725076905,3130800
2016-04-05,9.460116386413574,9.500362597325148,9.443545134374489,9.469585963572015,2512500
2016-04-06,9.535874366760254,9.535874366760254,9.429341108078358,9.464852194305656,2085900
2016-04-07,9.448280334472656,9.486158646113903,9.412769247979575,9.46958671544145,1773900
2016-04-08,9.483793258666992,9.519303674723384,9.455383842113443,9.497997289625996,1194000
2016-04-11,9.448280334472656,9.550078466337922,9.445913109324488,9.51930183014118,1806000
2016-04-12,9.526405334472656,9.538242816279713,9.44354702572959,9.464853409273935,2051400
2016-04-13,9.566651344299316,9.569018569681887,9.524037900824512,9.561916216216469,1594500
2016-04-14,9.550079345703123,9.573752953999936,9.542977669604705,9.566651277901514,1419300
2016-04-15,9.552446365356444,9.564283846567632,9.538242336147784,9.550079140041284,2436000
2016-04-18,9.616366386413574,9.621101514458257,9.526405049423918,9.5311401774686,1848600
2016-04-19,9.630570411682127,9.642407214979604,9.6021616773776,9.630570411682127,2377800
2016-04-20,9.599796295166016,9.649511420413916,9.58795881227831,9.614000326386366,1918500
2016-04-21,9.538243293762209,9.597427996489378,9.521671360256915,9.58795841696032,1825200
2016-04-22,9.535874366760254,9.540608817021155,9.500363280532955,9.526404111603185,1628400
2016-04-25,9.540607452392578,9.540607452392578,9.481422768690908,9.516933172521387,1794000
2016-04-26,9.554813385009766,9.587957247979386,9.531139777732328,9.566650865966157,1868100
2016-04-27,9.618733406066896,9.637672563205182,9.550079130770026,9.55954870933917,1538100
2016-04-28,9.533509254455566,9.614001028306886,9.507468415764048,9.571388254216885,1650000
2016-04-29,9.474326133728027,9.507470010082928,9.4222437702934,9.507470010082928,2298900
2016-05-02,9.53114128112793,9.53824363535852,9.481426156149352,9.497997412930358,1945500
2016-05-03,9.481422424316406,9.50509602601021,9.448278569164064,9.493259225163309,2446800
2016-05-04,9.445913314819336,9.479057176885288,9.429341383786358,9.443546089619668,2681700
2016-05-05,9.45064926147461,9.483792449094905,9.431709426283096,9.460118163093798,1449300
2016-05-06,9.50273323059082,9.507468359527165,9.42224213453344,9.426975908834129,1400700
2016-05-09,9.50273323059082,9.531141972255394,9.476691714735503,9.509835585336422,1102200
2016-05-10,9.60926342010498,9.611630645317485,9.533506794763598,9.53587469729376,1775400
2016-05-11,9.535874366760254,9.602161411636317,9.533506464312168,9.587956706218344,1774800
2016-05-12,9.561917304992676,9.585591593467196,9.509834954057188,9.576121336223162,1130400
2016-05-13,9.464853286743164,9.55718185066369,9.445914128878323,9.550079497134949,1662900
2016-05-16,9.550079345703123,9.571386405951497,9.46722036202888,9.469587587395022,1404000
2016-05-17,9.457748413085938,9.5453418255411,9.424605234312711,9.5453418255411,2359500
2016-05-18,9.400934219360352,9.471956405752048,9.351219095276823,9.42224128166852,2294400
2016-05-19,9.391464233398438,9.393832136208758,9.325177178381985,9.372525074822308,2064000
2016-05-20,9.426974296569824,9.455383033375746,9.41513816954783,9.42460774848314,1067400
2016-05-23,9.41750431060791,9.448280269274644,9.410401957894775,9.426973211135245,1416000
2016-05-24,9.528772354125977,9.542977060050903,9.46248462956652,9.46248462956652,1588800
2016-05-25,9.587956428527832,9.616365161223358,9.55244534332902,9.557180470770415,1246500
2016-05-26,9.599796295166016,9.618734777687225,9.578489232358816,9.599796295166016,768600
2016-05-27,9.625835418701172,9.635304996935222,9.602161811774875,9.613998615238025,1444200
2016-05-31,9.60689640045166,9.64950984177682,9.564283636444172,9.64950984177682,1263900
2016-06-01,9.628203392028809,9.63293716520414,9.573752470135648,9.580854823192812,1963800
2016-06-02,9.637673377990724,9.642408506334451,9.576120773428684,9.609264639881568,948300
2016-06-03,9.651877403259276,9.663714207305055,9.602162284412849,9.632937568541257,1791300
2016-06-06,9.706329345703123,9.715798926057518,9.668450346967736,9.680287830399088,2626200
2016-06-07,9.741839408874512,9.765513018592548,9.718165121838734,9.7252667983635,1614300
2016-06-08,9.772612571716309,9.779714923523365,9.741836616975805,9.746571066635472,1252200
2016-06-09,9.777348518371582,9.786817418484745,9.734735081274332,9.73710230630262,867900
2016-06-10,9.734734535217283,9.756040913911956,9.699223452514456,9.725264281000134,1084500
2016-06-13,9.658980369567873,9.722899521861976,9.654245241258453,9.70396036325978,1493100
2016-06-14,9.663715362548828,9.66844981380604,9.602163432298426,9.642408977255826,1218300
2016-06-15,9.64714241027832,9.703959883274552,9.640040056824365,9.687388628305596,1500300
2016-06-16,9.701592445373535,9.70395967070043,9.569018344619815,9.613999012419251,1351800
2016-06-17,9.68028736114502,9.696858617973552,9.625837107417288,9.696858617973552,969300
2016-06-20,9.753535270690918,9.801252424256068,9.74399102084616,9.772621722551111,1922400
2016-06-21,9.77739429473877,9.80125287261275,9.753535716864787,9.770236448332652,1174200
2016-06-22,9.753535270690918,9.813182395257128,9.746377424612236,9.784551693552174,989100
2016-06-23,9.870441436767578,9.870441436767578,9.806022202693878,9.829880773767332,1455000
2016-06-24,9.591293334960938,9.75114824663061,9.545961905435734,9.603223305203104,4989900
2016-06-27,9.46484088897705,9.538803698191703,9.417123057646585,9.531645852839707,6081600
2016-06-28,9.584134101867676,9.584134101867676,9.495856300279224,9.536415596425202,3090000
2016-06-29,9.720129013061523,9.734444700165747,9.643780502131074,9.650937663073654,3900900
2016-06-30,9.887142181396484,9.887142181396484,9.734445824508464,9.743988706867457,2651100
2016-07-01,9.896685600280762,9.90861488484022,9.810793522755477,9.882370595331324,1799700
2016-07-05,9.863283157348633,9.891913850939693,9.848968151857894,9.85374027542786,1546800
2016-07-06,9.896685600280762,9.901457041060723,9.78932067402654,9.853739902822896,1606800
2016-07-07,9.88237190246582,9.942019015762142,9.844196958128988,9.91338831946675,1760100
2016-07-08,10.01359748840332,10.020755334611534,9.930091102933586,9.932477506742847,1932600
2016-07-11,10.058927536010742,10.082786790929122,10.020753274229053,10.025525398256583,1728900
2016-07-12,10.111416816711426,10.128117543176147,10.07801399856278,10.082786122273845,5422800
2016-07-13,10.135273933410645,10.14004605643709,10.104257522872013,10.128116090175729,1542600
2016-07-14,10.175836563110352,10.199695135040278,10.15674874991292,10.192537290417446,1524600
2016-07-15,10.171065330505373,10.204468153266104,10.140048911234471,10.194923904526156,1364100
2016-07-18,10.180608749389648,10.187765911926553,10.15913521394989,10.182995152844969,1078800
2016-07-19,10.18299388885498,10.185378926794884,10.156748232372076,10.18060748569588,1272000
2016-07-20,10.218785285949709,10.2354867008028,10.197312428344208,10.22117100732591,1021500
2016-07-21,10.18299388885498,10.218781744926288,10.154363194432175,10.206852459569186,1452900
2016-07-22,10.242643356323242,10.242643356323242,10.187766992783834,10.192539117591078,1120200
2016-07-25,10.221165657043455,10.23309562289939,10.182992087176704,10.23309562289939,1182600
2016-07-26,10.228327751159668,10.245028481602112,10.171066348646187,10.216397780345371,1667700
2016-07-27,10.17344856262207,10.223552101896486,10.135274307439747,10.223552101896486,1359000
2016-07-28,10.1519775390625,10.163906825298309,10.09948758744951,10.156748980512964,1050000
2016-07-29,10.168678283691406,10.180607569146291,10.11380261494548,10.128117620969425,1571400
2016-08-01,10.137662887573242,10.173451432555009,10.11619003362807,10.17106571158548,1794000
2016-08-02,10.073243141174316,10.137662382409513,10.032683838884305,10.128118816397247,1371900
2016-08-03,10.078012466430664,10.078012466430664,10.03745181018655,10.070854623257055,693000
2016-08-04,10.094717979431152,10.111419392760432,10.078016566101873,10.089946537114086,2761800
2016-08-05,10.1519775390625,10.156748980512964,10.125732563256005,10.130504004706468,930300
2016-08-08,10.1519775390625,10.173450390808885,10.140048252826691,10.173450390808885,1108500
2016-08-09,10.156747817993164,10.185378511247883,10.140047092218424,10.16151994150707,1017000
2016-08-10,10.1543607711792,10.17583361621959,10.130500840939767,10.171061493649816,1240800
2016-08-11,10.209239959716797,10.21639712261288,10.17822353933794,10.190152826774469,1245300
2016-08-12,10.202082633972168,10.216397643103356,10.180609778970508,10.206854758755732,1242600
2016-08-15,10.230712890625,10.249800023710986,10.21878360309869,10.225941448658364,1370700
2016-08-16,10.171065330505373,10.209239595026384,10.166293206135398,10.206853874146244,949200
2016-08-17,10.18776512145996,10.192537245390644,10.128118009289008,10.163906549635431,1104000
2016-08-18,10.218785285949709,10.218785285949709,10.178225292114911,10.187768177619724,1076400
2016-08-19,10.18299388885498,10.194922491602483,10.156748232372076,10.194922491602483,837900
2016-08-22,10.171065330505373,10.187766059276044,10.137662507744638,10.175837454875344,1266000
2016-08-23,10.19492244720459,10.22355314150271,10.190151006126367,10.206852415119338,1107900
2016-08-24,10.168678283691406,10.194922575170237,10.14720543335069,10.194922575170237,1071900
2016-08-25,10.163907051086426,10.180608461753362,10.147206323029152,10.1591349269203,1032600
2016-08-26,10.135273933410645,10.233095970662491,10.099485399845566,10.173448187184196,1413900
2016-08-29,10.192537307739258,10.199695152374254,10.13527591587856,10.142433760513557,1288200
2016-08-30,10.1543607711792,10.20446430380992,10.130500840939767,10.199692181240149,1159500
2016-08-31,10.135273933410645,10.149589619880476,10.094713959428622,10.149589619880476,1113900
2016-09-01,10.1543607711792,10.156745808549932,10.08516943087882,10.1281151209596,851100
2016-09-02,10.197309494018556,10.218782345445137,10.168678797913232,10.199695214708257,1211100
2016-09-06,10.22594165802002,10.22594165802002,10.178223824328096,10.214012370249472,1156800
2016-09-07,10.209239959716797,10.223554968118684,10.185380702234026,10.223554968118684,1115700
2016-09-08,10.18776512145996,10.209238655233593,10.171064394226642,10.199695089981857,1338900
2016-09-09,9.934863090515137,10.128120157195124,9.934863090515137,10.128120157195124,3557400
2016-09-12,10.075629234313965,10.092330644973458,9.868056509287886,9.903845051384035,2022900
2016-09-13,9.937247276306152,10.018367926920565,9.908616578902771,10.006437957711904,1660500
2016-09-14,9.913389205932615,9.984965611766713,9.889529948914785,9.942019904788197,1614300
2016-09-15,10.015978813171388,10.035066622218116,9.901456054547928,9.908613897614266,9441900
2016-09-16,9.987351417541504,10.008824271213204,9.953949276564384,9.999281387456636,7872900
2016-09-19,9.98590850830078,10.053105137449284,9.978708697810513,10.021906874140408,4539900
2016-09-20,9.98111057281494,10.02910886209672,9.98111057281494,10.02910886209672,954300
2016-09-21,10.081908226013184,10.091508435391312,9.978713184624588,10.002712334845857,1401000
2016-09-22,10.129902839660645,10.158701399429653,10.11070379981464,10.141902754523263,1637100
2016-09-23,10.077106475830078,10.12270437006952,10.072306372251882,10.12270437006952,1137000
2016-09-26,9.995508193969728,10.053105305632007,9.988308383359009,10.048305889632683,2091000
2016-09-27,10.072308540344238,10.079508353955376,9.97631331423579,9.99551235945748,1612500
2016-09-28,10.127503395080566,10.134703206863277,10.038707318521435,10.0915057093907,1259100
2016-09-29,10.072308540344238,10.137105489620446,10.033911136512875,10.12030684001048,1257900
2016-09-30,10.153902053833008,10.192300133793731,10.113104265527694,10.125102807250633,1991700
2016-10-03,10.117905616760254,10.139504369214889,10.09390715550221,10.139504369214889,1497600
2016-10-04,10.038707733154297,10.13230323035982,10.012309566547096,10.13230323035982,18874200
2016-10-05,10.081908226013184,10.10590737623445,10.067508598558016,10.077108807936147,1613400
2016-10-06,10.089103698730469,10.101102925372214,10.029106878910005,10.072304369464984,1598700
2016-10-07,10.069908142089844,10.10830622990499,10.02191053232091,10.10830622990499,1268400
2016-10-10,10.084306716918944,10.139503447439331,10.074706509354122,10.115504988362972,1571400
2016-10-11,9.983510971069336,10.077106467958272,9.935513368384225,10.077106467958272,1969800
2016-10-12,9.990711212158203,10.012309962641057,9.945112629384363,9.983511399793288,1510200
2016-10-13,9.959511756896973,9.988310318307008,9.882716279748744,9.899514925612367,2193000
2016-10-14,9.97391128540039,10.029108699227368,9.969111868517274,9.985910514220038,1333200
2016-10-17,9.947510719299316,9.983509086169578,9.942711303242875,9.969110151388517,1224000
2016-10-18,9.954712867736816,10.002710472631565,9.952312472533157,10.002710472631565,1255200
2016-10-19,9.933115005493164,9.959513175587103,9.916314984012722,9.959513175587103,1421700
2016-10-20,9.89951515197754,9.928313714046087,9.86831688138958,9.916313798225284,1327200
2016-10-21,9.933115005493164,9.947513944943315,9.899516335756203,9.91391596181832,1962000
2016-10-24,9.983510971069336,10.000310303662094,9.959511826420847,9.973911450532317,1024200
2016-10-25,9.988308906555176,10.019507858631938,9.981109095567325,9.993109009417664,1582200
2016-10-26,10.005109786987305,10.033909035401262,9.952312080377547,9.961912287590115,1438800
2016-10-27,9.97391128540039,10.03630782455204,9.971511576958832,10.03390880272234,1522800
2016-10-28,9.983510971069336,10.04110809429147,9.945112202309378,9.983510971069336,1509900
2016-10-31,9.995508193969728,10.019507333801544,9.988308383359009,10.00750742057977,1193700
2016-11-01,9.928314208984377,10.012310190857916,9.880316603144054,10.002710669689852,1657800
2016-11-02,9.892314910888672,9.942712907282347,9.877915973784658,9.921113471708551,2076000
2016-11-03,9.863517761230469,9.913915764834528,9.846719113307731,9.913915764834528,1721400
2016-11-04,9.825115203857422,9.880312599862018,9.825115203857422,9.858713171026544,1739700
2016-11-07,10.00990867614746,10.012309071129964,9.937912618744624,9.952311555580456,1817100
2016-11-08,10.067505836486816,10.096304396884088,10.002709590551833,10.012309110684257,1780200
2016-11-09,10.158700942993164,10.20429883223164,9.959510741887646,9.96911094799113,3871200
2016-11-10,10.146702766418455,10.206700284415746,10.098705163987749,10.206700284415746,2732100
2016-11-11,10.13950252532959,10.15150244038837,10.093905319908842,10.120304171781584,2246100
2016-11-14,10.125102996826172,10.173101284287595,10.101104539707302,10.168301180896718,1686300
2016-11-15,10.20670223236084,10.20670223236084,10.149105098451596,10.158703934157808,1368000
2016-11-16,10.20670223236084,10.225900590385258,10.182703083259325,10.216301068067052,1305600
2016-11-17,10.216297149658203,10.228297062912452,10.19709811238548,10.211497733645889,1470000
2016-11-18,10.204298973083496,10.223498012331884,10.187499642088206,10.223498012331884,1241400
2016-11-21,10.273897171020508,10.273897171020508,10.22829927597898,10.22829927597898,4462800
2016-11-22,10.326692581176758,10.338691808544215,10.29789402352779,10.300294418290704,3031500
2016-11-23,10.331493377685549,10.341092210934503,10.307494234727692,10.324293566137008,2916600
2016-11-25,10.37709140777588,10.37949180289094,10.348292845902032,10.348292845902032,1195500
2016-11-28,10.36269187927246,10.38909073113788,10.348292255850655,10.369891004371528,1685700
2016-11-29,10.360292434692385,10.379491475335731,10.329094165299905,10.357892726264929,1413600
2016-11-30,10.321894645690918,10.38429118624276,10.321894645690918,10.381891477747354,1655700
2016-12-01,10.252297401428224,10.33869308504223,10.23309836062511,10.33869308504223,2224800
2016-12-02,10.285893440246582,10.297892666032272,10.25229478411263,10.25229478411263,1180800
2016-12-05,10.329092979431152,10.353091434174184,10.307493546228296,10.329092979431152,1824900
2016-12-06,10.357892990112305,10.357892990112305,10.317094512747031,10.338693262368023,2371500
2016-12-07,10.504281997680664,10.50668170536752,10.343489910263385,10.362688944981516,1811400
2016-12-08,10.509084701538086,10.53548286585253,10.477885747438052,10.504284598364308,1889700
2016-12-09,10.566682815551758,10.573882627684892,10.516284817231703,10.523484629364836,1832700
2016-12-12,10.61948013305664,10.624280236817066,10.581082049420822,10.581082049420822,1843800
2016-12-13,10.686675071716309,10.710674213459642,10.64347689122302,10.66267661658476,1675800
2016-12-14,10.578680992126465,10.705875151168092,10.554682534662064,10.68427640212776,2287800
2016-12-15,10.60987949371338,10.648277573301486,10.564281602549546,10.571481414125271,1784100
2016-12-16,10.614678382873535,10.645877335947349,10.58108040820946,10.63627712991557,1644900
2016-12-19,10.641075134277344,10.650762039227528,10.599905961454589,10.599905961454589,1643700
2016-12-20,10.667716979980469,10.672560087242983,10.641077811449833,10.662873872717954,1516200
2016-12-21,10.643497467041016,10.679823536480972,10.643497467041016,10.662871971222852,3044700
2016-12-22,10.63381004333496,10.645917807953332,10.614435541359365,10.645917807953332,1482000
2016-12-23,10.641075134277344,10.641075134277344,10.624122877398998,10.6362320282333,866100
2016-12-27,10.658029556274414,10.67498112373428,10.650764202870336,10.658029556274414,2500500
2016-12-28,10.578109741210938,10.665291878696763,10.57084438987161,10.665291878696763,1546200
2016-12-29,10.58779525756836,10.602325959293273,10.575687494234254,10.585373704901537,1922700
2016-12-30,10.551472663879396,10.607173243556334,10.512725729890024,10.599907890306104,1350900
2017-01-03,10.607173919677734,10.628969287955476,10.549052475695577,10.607173919677734,2177100
2017-01-04,10.62412452697754,10.643498339886024,10.612016067125284,10.62654677323775,4258200
2017-01-05,10.614436149597168,10.621701501646584,10.580531635274632,10.612014596534731,1647600
2017-01-06,10.614436149597168,10.631388406758436,10.561158517913032,10.616857702659605,1512600
2017-01-09,10.558737754821776,10.599907626975488,10.556316201419266,10.599907626975488,1673400
2017-01-10,10.522414207458496,10.573270998288844,10.519992653474873,10.558740288662351,1863000
2017-01-11,10.551472663879396,10.553894910204283,10.500616576852238,10.522411943740702,1365900
2017-01-12,10.529677391052246,10.536942744367376,10.461869043456232,10.534521190883076,1929300
2017-01-13,10.536941528320312,10.544206880796963,10.517568409819493,10.536941528320312,1253100
2017-01-17,10.536941528320312,10.556315339683282,10.50788081127586,10.522410823367013,1965000
2017-01-18,10.541787147521973,10.556317162121582,10.52241263995205,10.544208701144862,1017900
2017-01-19,10.503040313720703,10.553896407965128,10.478822697070497,10.544209499877509,1311900
2017-01-20,10.558737754821776,10.587798474238523,10.52725548200252,10.536942388474769,1537200
2017-01-23,10.51272678375244,10.539365953098944,10.478822260427384,10.534522152825812,1706100
2017-01-24,10.575692176818848,10.587799945513892,10.500617775148864,10.500617775148864,1448100
2017-01-25,10.645920753479004,10.655608353578211,10.607173817393464,10.624125385411434,2823600
2017-01-26,10.607173919677734,10.63381308805179,10.592643212251062,10.63381308805179,1778700
2017-01-27,10.609593391418455,10.626545649135682,10.597484932847069,10.614436497702162,1209600
2017-01-30,10.551472663879396,10.595064090518544,10.515147283352697,10.580533384018088,1736700
2017-01-31,10.500612258911133,10.529672967099817,10.464286200459794,10.52240761683716,2264400
2017-02-01,10.45218276977539,10.505460410436616,10.425543603013669,10.503038856966157,1650600
2017-02-02,10.464289665222168,10.466711911353023,10.425542734336618,10.437651193542235,1979400
2017-02-03,10.51272678375244,10.524835245141835,10.481244506995097,10.498196075795333,1434000
2017-02-06,10.500612258911133,10.515142959436442,10.481239146313946,10.507877609173788,1644300
2017-02-07,10.522414207458496,10.546632518744229,10.507884190694377,10.524836454304491,1381200
2017-02-08,10.536941528320312,10.549050680068778,10.51514616375251,10.522410823367013,884400
2017-02-09,10.580531120300291,10.604749421194336,10.539362641656302,10.544205747545451,1425000
2017-02-10,10.604753494262695,10.6192835103729,10.580535184066898,10.592644339164798,1926900
2017-02-13,10.658029556274414,10.672559570220333,10.62412503563021,10.63381263541047,1428300
2017-02-14,10.67982578277588,10.67982578277588,10.61928278288333,10.653186613392734,1468500
2017-02-15,10.740367889404297,10.74521168928124,10.667716434148035,10.674981094670098,1400100
2017-02-16,10.75974178314209,10.75974178314209,10.723415711152086,10.740367277600186,1494900
2017-02-17,10.774272918701172,10.774272918701172,10.723416828334216,10.733103042821002,1335600
2017-02-21,10.832392692565918,10.84450184453184,10.788801962647504,10.798488175640788,1739400
2017-02-22,10.822710037231444,10.842083856551223,10.774275488932002,10.815445374633352,1431900
2017-02-23,10.86872100830078,10.88325102365488,10.827551130262515,10.85419030008438,1188300
2017-02-24,10.89777946472168,10.89777946472168,10.83723647642728,10.84692338226887,1071600
2017-02-27,10.90019989013672,10.905043688987412,10.871139175618824,10.897778337142416,1318500
2017-02-28,10.859031677246094,10.878405488636483,10.839657865855704,10.866297029733028,1571100
2017-03-01,10.972853660583496,10.98980591979795,10.902623763232144,10.90988911616151,1914300
2017-03-02,10.936528205871582,10.968011172721132,10.929262852532284,10.968011172721132,2011800
2017-03-03,10.924419403076172,10.938950109299242,10.895358683492235,10.938950109299242,1671900
2017-03-06,10.90746784210205,10.914732502816708,10.839659492062816,10.89051558137668,1725900
2017-03-07,10.87356185913086,10.909887926955856,10.868718060085206,10.885669624589706,1248300
2017-03-08,10.861452102661133,10.888091263772392,10.849343645014953,10.87356125316939,1416300
2017-03-09,10.866296768188477,10.87113987448843,10.82270534717824,10.85418761671433,1476300
2017-03-10,10.909889221191406,10.9292623410859,10.87356314905706,10.917153881328517,1315500
2017-03-13,10.90504264831543,10.91957265775673,10.87840348933402,10.909886446703876,1098900
2017-03-14,10.871138572692873,10.883247029854925,10.849343211228769,10.883247029854925,1136700
2017-03-15,10.95348072052002,10.977697641730662,10.873563910517753,10.883250124712214,1446000
2017-03-16,10.943792343139648,10.970432201730867,10.919575423649407,10.958323049123551,1075200
2017-03-17,10.951056480407717,10.9849609953648,10.9462133741922,10.948634927299956,1657200
2017-03-20,10.935446739196776,10.959840908486754,10.911053965693796,10.950082961613363,1131900
2017-03-21,10.854950904846191,10.976916880595107,10.84519365470202,10.969598768513585,2079600
2017-03-22,10.864706993103027,10.874463543683529,10.813480915194642,10.857388882274192,3082800
2017-03-23,10.85007095336914,10.901296334242964,10.832995593780042,10.854949228741184,1353900
2017-03-24,10.825678825378418,10.87202593662795,10.79396793784708,10.867147660650923,1610700
2017-03-27,10.815918922424316,10.825676169878507,10.759814575089374,10.772011657827154,2858100
2017-03-28,10.872023582458496,10.88665980300744,10.784208352845056,10.801283710854356,2582100
2017-03-29,10.869585990905762,10.876903404327534,10.840313545644651,10.859828741783229,2609400
2017-03-30,10.884220123291016,10.903734619039714,10.8500701046775,10.864706325435735,1558500
2017-03-31,10.874464988708496,10.908615711852116,10.869586712770008,10.879343962540537,1323900
2017-04-03,10.842754364013672,10.886662337991163,10.806165199908255,10.879344226012655,2298900
2017-04-04,10.869585990905762,10.869585990905762,10.823238883100348,10.840313545644651,4558500
2017-04-05,10.840316772460938,10.950086381184487,10.835439193288032,10.891542869022746,1808400
2017-04-06,10.84519100189209,10.874462745164529,10.830555479202577,10.850069974717536,1302000
2017-04-07,10.85007095336914,10.876902863702329,10.832995593780042,10.847631117789646,1687500
2017-04-10,10.85007095336914,10.889099947919382,10.823238345142482,10.854949228741184,1412700
2017-04-11,10.852510452270508,10.852510452270508,10.776892296232642,10.840313367647484,1823400
2017-04-12,10.820798873901367,10.85250975652257,10.806163350342908,10.84275250818578,1360200
2017-04-13,10.75493621826172,10.82323694992,10.75005724562515,10.806162290425467,1571100
2017-04-17,10.825678825378418,10.825678825378418,10.77201430016335,10.776893274033934,1442700
2017-04-18,10.82323932647705,10.835436411800003,10.769574803051484,10.793967577910324,1648500
2017-04-19,10.779329299926758,10.840311923342895,10.764693777379982,10.832994511016208,1370700
2017-04-20,10.832996368408203,10.85495000493917,10.77933114811748,10.79396737106714,901500
2017-04-21,10.815918922424316,10.828116005162096,10.786647180061744,10.803722537579926,1173900
2017-04-24,10.911053657531738,10.923250741832245,10.884221049121496,10.898857271124712,1616700
2017-04-25,10.969598770141602,10.97935602028722,10.937887881641736,10.945205993724343,1454400
2017-04-26,10.945202827453612,10.981792679388224,10.937884717488016,10.95983904738481,1396800
2017-04-27,10.952523231506348,10.964718920847856,10.918372509776024,10.959841343004776,1069200
2017-04-28,10.90129566192627,10.942763791605064,10.881781165854669,10.942763791605064,1349100
2017-05-01,10.884220123291016,10.915931702302712,10.872023737921433,10.915931702302712,1143600
2017-05-02,10.889097213745115,10.89641532285913,10.869582721369946,10.886658076671544,1413600
2017-05-03,10.896417617797852,10.901295892972428,10.852509651759432,10.88909950714254,1373400
2017-05-04,10.906174659729004,10.91349277071417,10.86470722519567,10.908614495319709,932700
2017-05-05,10.945202827453612,10.945202827453612,10.886659343515593,10.908612975519006,897000
2017-05-08,10.933009147644045,10.94276639800387,10.9183736210511,10.928130871410929,3549600
2017-05-09,10.923251152038574,10.940325814492237,10.906175093797907,10.937886676697929,1227000
2017-05-10,10.930569648742676,10.933008088729464,10.908615314139247,10.91837256355404,1109100
2017-05-11,10.884220123291016,10.90129548154448,10.83787371930792,10.898856344049248,1435800
2017-05-12,10.864706993103027,10.884220792157487,10.859828019919316,10.872024406038404,940200
2017-05-15,10.923251152038574,10.925690289832882,10.884221457862129,10.884221457862129,1197900
2017-05-16,10.933009147644045,10.947645372130584,10.913494646924388,10.937888121770754,1023600
2017-05-17,10.798848152160645,10.896420661844695,10.79153003946093,10.874466323745557,3060600
2017-05-18,10.811040878295898,10.85250970695795,10.762255334728213,10.78908724411175,2530500
2017-05-19,10.893980026245115,10.9134938276062,10.82323944302694,10.83787566641468,1011300
2017-05-22,10.950079917907717,10.952519752894627,10.918369042010855,10.918369042010855,1122000
2017-05-23,10.94276523590088,10.962279734548128,10.933007986577254,10.95496232097555,949800
2017-05-24,10.964717864990234,10.976914948944264,10.940325092869092,10.95008234129624,1422600
2017-05-25,11.037898063659668,11.05009514815131,10.979354570516346,11.00374804160614,1198800
2017-05-26,11.033019065856934,11.042776314075358,11.020822680057266,11.030579230382246,697200
2017-05-30,11.05985164642334,11.06473061977545,11.01106610026315,11.023261788909712,962700
2017-05-31,11.09156322479248,11.094002362520982,11.059851642748017,11.08424511371349,952200
2017-06-01,11.147665023803713,11.147665023803713,11.074486018892518,11.098879485791828,1674000
2017-06-02,11.167180061340332,11.17693661049284,11.135469182914608,11.164740924052206,825300
2017-06-05,11.172061920166016,11.181818471839176,11.150107585220791,11.16230397270578,1245300
2017-06-06,11.14034938812256,11.16474285891131,11.130592139385756,11.150106636859364,1107900
2017-06-07,11.13059139251709,11.152545026228433,11.101319648270826,11.145226915693506,882000
2017-06-08,11.123272895812988,11.147665666224643,11.094001152582956,11.133030143556333,1013700
2017-06-09,11.147665023803713,11.15498313366284,11.089121540717407,11.13302950197882,1370400
2017-06-12,11.167180061340332,11.174498171098072,11.137908320202737,11.137908320202737,1265100
2017-06-13,11.201334953308104,11.20621253181045,11.16230525267229,11.181819754043389,1277100
2017-06-14,11.215968132019045,11.235482629304244,11.172060862074074,11.218407269706326,1252200
2017-06-15,11.213529586791992,11.223287534450924,11.147667976402294,11.16474403585865,1391400
2017-06-16,11.23304271697998,11.23304271697998,11.162302145779329,11.213527523147084,1100400
2017-06-19,11.294713020324709,11.294713020324709,11.243116773244353,11.27014364664688,1535700
2017-06-20,11.233288764953612,11.28242891768436,11.225917671749388,11.279971417985523,985800
2017-06-21,11.189064979553224,11.243118029451544,11.174322791342446,11.243118029451544,1243500
2017-06-22,11.17677879333496,11.201348870956386,11.166950902875628,11.191520980497051,1499100
2017-06-23,11.198891639709473,11.208720233350697,11.159580779875531,11.174322264444989,1071300
2017-06-26,11.189064979553224,11.243118029451544,11.189064979553224,11.21854865302855,1866600
2017-06-27,11.112897872924805,11.18660740294971,11.107983576214927,11.179236309357984,3392700
2017-06-28,11.162035942077637,11.181691720589017,11.137465867465368,11.149751256244548,1113000
2017-06-29,11.04655933380127,11.152209331146617,10.9974198818902,11.149752534287604,2022300
2017-06-30,11.08095645904541,11.117811223250884,11.061301381474806,11.088327552475738,1044900
2017-07-03,11.10798168182373,11.147293237013711,11.105524885360872,11.10798168182373,680400
2017-07-05,11.115352630615234,11.120266926423549,11.083412168172364,11.117809427046367,1377900
2017-07-06,11.031817436218262,11.085870479821397,11.021988843258264,11.085870479821397,1152600
2017-07-07,11.08095645904541,11.093241849078009,11.041644898011882,11.049015991442207,1242300
2017-07-10,11.056387901306152,11.085871574258451,11.056387901306152,11.078500480283823,1216500
2017-07-11,11.04655933380127,11.061301520847676,10.994963085031188,11.056387224183483,1191000
2017-07-12,11.120268821716309,11.13992389946135,11.095698744379217,11.095698744379217,1203600
2017-07-13,11.130098342895508,11.13501193731519,11.105528261958291,11.127641545685668,1265100
2017-07-14,11.193976402282717,11.20626038439378,11.147293052584406,11.147293052584406,822300
2017-07-17,11.189064979553224,11.19889216776544,11.17923708839478,11.189064979553224,1140000
2017-07-18,11.17186450958252,11.181692399434864,11.144837636752037,11.169407009909834,1141500
2017-07-19,11.208720207214355,11.213633801077318,11.1694079415797,11.18169333212949,1077600
2017-07-20,11.208720207214355,11.223462394695623,11.179236535198006,11.213633801077318,1222800
2017-07-21,11.193976402282717,11.193976402282717,11.135008367527297,11.166948829854196,1290000
2017-07-24,11.125182151794434,11.186606992208562,11.125182151794434,11.186606992208562,1990200
2017-07-25,11.184146881103516,11.196431565139552,11.154663217649436,11.169404697903484,2295300
2017-07-26,11.203804969787598,11.213632859634613,11.193977782886714,11.213632859634613,1254000
2017-07-27,11.294713020324709,11.294713020324709,11.23083208640544,11.23083208640544,910800
2017-07-28,11.24066162109375,11.289801078585176,11.174323177743764,11.275059592810871,1195200
2017-07-31,11.265229225158691,11.287341801812632,11.245574148202184,11.245574148202184,1246500
2017-08-01,11.27259922027588,11.2873407022938,11.25540094174598,11.284884608727896,1229400
2017-08-02,11.262773513793944,11.267687810716264,11.235746638086711,11.260316716805889,989100
2017-08-03,11.282430648803713,11.297172134527884,11.26523096005739,11.267688460133291,1085700
2017-08-04,11.297171592712402,11.30699948370592,11.27014471674368,11.299628389724228,699300
2017-08-07,11.316828727722168,11.316828727722168,11.294715443133269,11.299629740690678,973500
2017-08-08,11.28979778289795,11.336480429623894,11.27014200563924,11.30699676373583,1139100
2017-08-09,11.294713020324709,11.297170520049406,11.25785825686182,11.277514739928684,1117500
2017-08-10,11.218546867370604,11.272599908665295,11.21363257110048,11.257857722801036,1281300
2017-08-11,11.21363639831543,11.252948673055366,11.21117960081492,11.218550696262804,1111500
2017-08-14,11.297171592712402,11.311913780675782,11.262773622761992,11.265230419773818,1141800
2017-08-15,11.297171592712402,11.316827374699434,11.272601513755507,11.316827374699434,875700
2017-08-16,11.32419776916504,11.346311051116809,11.31437058111476,11.31437058111476,1100100
2017-08-17,11.166953086853027,11.307001080498075,11.166953086853027,11.294715687811562,1816800
2017-08-18,11.127638816833496,11.184148653533164,11.120267724065332,11.162036078174769,3172200
2017-08-21,11.164493560791016,11.174321450770416,11.110439814431244,11.130096297336184,11046900
2017-08-22,11.228373527526855,11.240658916153055,11.181691581353183,11.181691581353183,6925800
2017-08-23,11.189064979553224,11.21117755892316,11.186608182500168,11.19889216776544,1085400
2017-08-24,11.17186450958252,11.223461458516931,11.16695021318328,11.211176068991902,1245000
2017-08-25,11.203804969787598,11.240659732450432,11.196433876665806,11.203804969787598,825900
2017-08-28,11.19151782989502,11.228371881532857,11.17923314601574,11.22345899210551,1187700
2017-08-29,11.203804969787598,11.218547156031184,11.149751927102088,11.152208723827307,956700
2017-08-30,11.22591781616211,11.240660002760206,11.191520552343457,11.203805239211109,902700
2017-08-31,11.262773513793944,11.272601404692375,11.245575231931348,11.25048882590746,919800
2017-09-01,11.279972076416016,11.294713560738812,11.270144185885425,11.277515279519912,998100
2017-09-05,11.230834007263184,11.272602371427,11.189065643099363,11.260317682486985,16979100
2017-09-06,11.279972076416016,11.294713560738812,11.252945904666522,11.265229889147038,1225200
2017-09-07,11.297171592712402,11.30699948370592,11.27014471674368,11.297171592712402,666000
2017-09-08,11.279972076416016,11.294713560738812,11.265229889147038,11.284886373154402,948900
2017-09-11,11.375795364379885,11.385623255929527,11.316828015082018,11.324198406534562,1384500
2017-09-12,11.42984676361084,11.434760356899814,11.397905595448089,11.40036309503868,1017000
2017-09-13,11.454416275024414,11.454416275024414,11.395448937164131,11.420018309799524,822000
2017-09-14,11.488815307617188,11.488815307617188,11.439675854834988,11.439675854834988,767100
2017-09-15,11.533039093017578,11.533039093017578,11.488813942242574,11.493727535463751,1029600
2017-09-18,11.558782577514648,11.566208089624451,11.526605594417433,11.54393226143085,1563600
2017-09-19,11.571155548095703,11.59590701392616,11.551355366821268,11.568680613953358,1067400
2017-09-20,11.57363224029541,11.583532685898597,11.511753924173709,11.576107174662274,1090800
2017-09-21,11.529078483581545,11.58105634779986,11.524128615447784,11.56868026119418,828900
2017-09-22,11.55135726928711,11.556306430251247,11.526605091244395,11.526605091244395,1061400
2017-09-25,11.563730239868164,11.576106327067771,11.514228723612431,11.54887992661858,1947600
2017-09-26,11.54887866973877,11.58353057710938,11.543928801906167,11.571154491256678,979800
2017-09-27,11.54640293121338,11.568678751179,11.48947520629186,11.568678751179,949500
2017-09-28,11.576105117797852,11.586005561641906,11.516702454733515,11.516702454733515,744300
2017-09-29,11.583534240722656,11.59590962235382,11.56125770402358,11.573633793790563,1075200
2017-10-02,11.633033752441406,11.637983620680927,11.583531529367914,11.590956331727195,2342700
2017-10-03,11.670161247253418,11.67758675816224,11.635509335102713,11.645409780269242,1409400
2017-10-04,11.699862480163574,11.704812348635588,11.657785057472998,11.665210568316713,1069200
2017-10-05,11.749364852905272,11.749364852905272,11.707288843422496,11.709763777838706,921300
2017-10-06,11.732041358947754,11.73699193665651,11.709765529597966,11.724615846452542,852900
2017-10-09,11.749364852905272,11.77164138705838,11.736990180824227,11.741939341520906,1037100
2017-10-10,11.81619358062744,11.81866922329285,11.779066730139824,11.796393396254588,1159200
2017-10-11,11.84341812133789,11.84341812133789,11.80629127669206,11.811241853108143,934500
2017-10-12,11.858272552490234,11.865697357045994,11.82114569716797,11.828571209859597,1022400
2017-10-13,11.883018493652344,11.915196176262407,11.87311875767328,11.887969777913115,1062600
2017-10-16,11.883018493652344,11.89291964590265,11.855793511574293,11.89291964590265,1216200
2017-10-17,11.887971878051758,11.887971878051758,11.853319963460912,11.878071432188053,1255200
2017-10-18,11.927573204040527,11.939948583861582,11.895396933251494,11.927573204040527,1021500
2017-10-19,11.954798698425291,11.954798698425291,11.89539603003182,11.9127212772115,997800
2017-10-20,11.994402885437012,11.99687852821885,11.952325455775451,11.986977373363112,1153200
2017-10-23,12.004302024841309,12.046378031166942,11.977074207627323,12.01667598785814,1255800
2017-10-24,12.01915168762207,12.041428220210053,12.001826439790117,12.036476935454024,1056900
2017-10-25,11.962224960327148,12.001826741743423,11.905296514371614,12.001826741743423,1419000
2017-10-26,12.001827239990234,12.026578000335062,11.982026348460078,12.0092513350765,1925400
2017-10-27,12.081031799316406,12.093407180506224,12.026578989063932,12.04637988222196,1021200
2017-10-30,11.99687671661377,12.081030146957572,11.982025694708568,12.046378234602573,1643100
2017-10-31,12.001827239990234,12.016676846434244,11.982026348460078,12.011726977619574,1186500
2017-11-01,12.046380043029783,12.0637067099441,12.014203768252417,12.038954530962451,1323600
2017-11-02,12.056280136108398,12.063705647521784,11.994401818511172,12.046378982133389,1216200
2017-11-03,12.071128845214844,12.08597986693749,12.036476933285794,12.066178976731088,1144500
2017-11-06,12.03400421142578,12.081031508578304,12.026578699636271,12.081031508578304,1502400
2017-11-07,12.063703536987305,12.063703536987305,12.016674834172994,12.041427006644406,1305600
2017-11-08,12.10083293914795,12.103307165673392,12.051329997107972,12.05875550922755,1008900
2017-11-09,12.046380043029783,12.0637067099441,11.974601981407712,12.046380043029783,1934400
2017-11-10,12.048853874206545,12.051328100342568,12.009250677044758,12.029052983761352,1303500
2017-11-13,12.095882415771484,12.113207665599266,12.029054226580472,12.03895396469019,1833600
2017-11-14,12.110732078552246,12.110732078552246,12.036478377302178,12.063706197907807,1032600
2017-11-15,12.01915168762207,12.066178978904668,12.009250534381394,12.061229110420022,3121800
2017-11-16,12.140433311462402,12.157758560207968,12.073605126445775,12.076079352682884,1170900
2017-11-17,12.095882415771484,12.125583046372189,12.08598126139022,12.115683308262469,1105200
2017-11-20,12.13548469543457,12.155287007315334,12.093408677435312,12.105784060156964,1105200
2017-11-21,12.20478343963623,12.214684591440392,12.172607174747268,12.180032684532591,1579200
2017-11-22,12.177560806274414,12.204787211811844,12.15775991281734,12.204787211811844,2468100
2017-11-24,12.199835777282717,12.209735514605311,12.189936039960116,12.199835777282717,819000
2017-11-27,12.212210655212402,12.229535902950689,12.202309502025257,12.204785144389886,1355700
2017-11-28,12.340917587280272,12.345867455913943,12.22706211107731,12.236961848344649,1346700
2017-11-29,12.390420913696287,12.410221807390984,12.3508191263069,12.3508191263069,1510800
2017-11-30,12.506747245788574,12.553775948882052,12.417643956430531,12.417643956430531,3618900
2017-12-01,12.486949920654297,12.509225038688024,12.318641632759451,12.491899789520517,2712900
2017-12-04,12.536449432373049,12.613178760722082,12.533973790201015,12.576051209497946,2426100
2017-12-05,12.481998443603516,12.576053031973013,12.47457293228261,12.576053031973013,2387400
2017-12-06,12.491901397705078,12.509226649103008,12.464674991028565,12.464674991028565,1291200
2017-12-07,12.484474182128906,12.506749299991426,12.46714893309456,12.479524313300734,1149600
2017-12-08,12.529026985168455,12.529026985168455,12.484475329078972,12.514175961048092,1240500
2017-12-11,12.566149711608888,12.568625353712855,12.514172557595334,12.53149921978067,1350600
2017-12-12,12.58100128173828,12.618128833564931,12.568625903219829,12.593376660256736,1777200
2017-12-13,12.62060546875,12.647830453869853,12.581002271595215,12.588427782544777,1470600
2017-12-14,12.568628311157228,12.63793214366356,12.566152668470728,12.635456500977062,1334100
2017-12-15,12.662683486938477,12.68743424985382,12.62308169976528,12.632981438422767,1894200
2017-12-18,12.751145362854004,12.77357171309989,12.723734111765058,12.723734111765058,2638500
2017-12-19,12.758617401123049,12.791012117298534,12.741173105260952,12.791012117298534,1524900
2017-12-20,12.758617401123049,12.810947436936258,12.731206158385357,12.808454987274091,1763400
2017-12-21,12.736196517944336,12.783543105918788,12.726228139792571,12.781050654909018,1671300
2017-12-22,12.751145362854004,12.756128837810092,12.728717586721148,12.748652912432474,1445100
2017-12-26,12.758617401123049,12.778551294874235,12.73868208148532,12.74615657869875,2246700
2017-12-27,12.776062965393066,12.795998289234875,12.758620091739049,12.77107806501749,4083900
2017-12-28,12.783536911010742,12.805963255681617,12.761109140453256,12.805963255681617,1797000
2017-12-29,12.751145362854004,12.808458889566452,12.751145362854004,12.805966439144925,1890900
2018-01-02,12.79101848602295,12.800985437861147,12.76111477873386,12.798494412845224,2382300
2018-01-03,12.828397750854492,12.833382653071416,12.76360828090809,12.788527088443264,2928900
2018-01-04,12.89069366455078,12.908136541223104,12.828395232057494,12.838362182759653,2469900
2018-01-05,12.97043228149414,12.977908205912552,12.8956744631968,12.920593260666983,2328600
2018-01-08,12.997843742370604,13.005319666911705,12.955480645266654,12.962956569807751,2660400
2018-01-09,13.000336647033691,13.057651601510043,12.99036969679512,13.015288498278569,3060300
2018-01-10,12.962957382202148,12.977909232221384,12.92308673274212,12.967940856912929,2682900
2018-01-11,13.055158615112305,13.057651065513143,12.962957912698627,12.990369163560038,2049000
2018-01-12,13.129916191101074,13.15483499108475,13.082569615599931,13.087553090419282,2458500
2018-01-16,13.107492446899414,13.227104434673011,13.062638307956156,13.192218674321238,3421500
2018-01-17,13.304351806640623,13.321794682977735,13.15981961714022,13.177263919364384,2446800
2018-01-18,13.266974449157717,13.324287982965116,13.244546670248482,13.316812056662036,3337200
2018-01-19,13.30933666229248,13.311829113122169,13.25700660196661,13.299369710748124,2493300
2018-01-22,13.416485786437988,13.416485786437988,13.299366293505797,13.30185731780822,2629800
2018-01-23,13.384092330932615,13.406518681212471,13.36166455476579,13.406518681212471,2496000
2018-01-24,13.351699829101562,13.431441145351776,13.28940139107338,13.391570487226668,2464200
2018-01-25,13.37412166595459,13.413992310613226,13.344219395403975,13.401532912393243,2331900
2018-01-26,13.600886344909668,13.605871244983726,13.43891273967151,13.43891273967151,2838300
2018-01-29,13.503705024719238,13.5809553073765,13.493736648359215,13.575970406252964,2815200
2018-01-30,13.33176040649414,13.448881332480491,13.30933405696574,13.426453557065166,3911100
2018-01-31,13.33176040649414,13.411503132675207,13.259496457225362,13.404027207536766,3468000
2018-02-01,13.289399147033691,13.36166452444686,13.24703604522147,13.257004421013098,3010500
2018-02-02,13.000336647033691,13.207167262184775,12.99036969679512,13.202182361178476,5088300
2018-02-05,12.434673309326172,13.002830902516775,12.334996663668804,12.910630183519611,10652100
2018-02-06,12.643994331359863,12.663929659471563,12.130659276011736,12.210399162571406,9009600
2018-02-07,12.616584777832031,12.828397489337783,12.574221665175946,12.609108850546408,4570200
2018-02-08,12.155577659606934,12.646486345044028,12.15059275833592,12.621566116350238,5699100
2018-02-09,12.320040702819824,12.407257916927511,11.941269575604949,12.277677607831686,8161500
2018-02-12,12.489493370056152,12.559266295380937,12.354929568352787,12.434670869230793,3564900
2018-02-13,12.499462127685549,12.536841759058158,12.397293036449934,12.442148594097066,2163300
2018-02-14,12.57172966003418,12.591663563392206,12.402278648505952,12.43467338029358,2344800
2018-02-15,12.718751907348633,12.718751907348633,12.52936698588415,12.64897896551033,2858100
2018-02-16,12.733701705932615,12.8408542652882,12.683864102076276,12.688847577284502,2988300
2018-02-20,12.584185600280762,12.68635468083708,12.549299849162304,12.646485454685555,2567100
2018-02-21,12.472050666809082,12.688848247519296,12.467067191337623,12.59664753480532,3061500
2018-02-22,12.521890640258787,12.621567286614637,12.491986933408423,12.50943123770021,3278400
2018-02-23,12.70131015777588,12.70131015777588,12.559270384631724,12.586681643969408,2015100
2018-02-26,12.87574291229248,12.880726388069183,12.746162560887722,12.753638487496382,2709900
2018-02-27,12.743670463562012,12.957974162798694,12.743670463562012,12.89567715611417,2801400
2018-02-28,12.581693649291992,12.818426519518926,12.579202624902374,12.808458144299792,3213600
2018-03-01,12.42719554901123,12.661435988215256,12.33997831869419,12.586678158531075,4178100
2018-03-02,12.464571952819824,12.494475650734508,12.305089366306309,12.325026115507294,3917100
2018-03-05,12.594152450561523,12.626547173182605,12.397290238790132,12.397290238790132,2889000
2018-03-06,12.604124069213867,12.646487177483428,12.521890303474317,12.639011250971906,2030100
2018-03-07,12.57671356201172,12.594156440984625,12.462085058495765,12.47703691240812,1796400
2018-03-08,12.629040718078612,12.634024192939965,12.551791867123386,12.60910539274627,1593000
2018-03-09,12.808460235595703,12.810952686279162,12.67887989191112,12.708783596564146,1653900
2018-03-12,12.736196517944336,12.848332573299691,12.71626118752811,12.825906217761004,1926600
2018-03-13,12.686357498168944,12.848332592753772,12.658946240569218,12.78852660141454,1535100
2018-03-14,12.569232940673828,12.748650842950957,12.54680516818166,12.736191444639775,1807800
2018-03-15,12.574219703674316,12.65396101443202,12.541824974414888,12.599138506814322,2095500
2018-03-16,12.62231159210205,12.667399820023745,12.5872423333501,12.589746358978076,2150400
2018-03-19,12.46700668334961,12.589746944698366,12.396869595911603,12.589746944698366,2632200
2018-03-20,12.469512939453123,12.52712704181594,12.43444510612621,12.499572720395332,1745400
2018-03-21,12.424423217773438,12.554679864087031,12.411898788319473,12.451977535903795,2411100
2018-03-22,12.153889656066896,12.374324177552616,12.151385630441142,12.33424543425138,3543300
2018-03-23,11.918428421020508,12.214008819918387,11.910914193504574,12.168920588164696,5365500
2018-03-26,12.208999633789062,12.219018602879354,12.003595000820033,12.08375248685802,3089400
2018-03-27,12.086257934570312,12.314207424807066,12.031150731431806,12.246574358838496,7560900
2018-03-28,12.128841400146484,12.236553207265812,12.096277598768618,12.108802027504028,2381400
2018-03-29,12.281643867492676,12.331743025676207,12.18896192984888,12.196476875242874,1938600
2018-04-02,11.991073608398438,12.264109935169856,11.860816943947066,12.261605908927832,4953900
2018-04-03,12.156397819519045,12.16892225042094,11.988567865440992,12.04868599376764,3321300
2018-04-04,12.299179077148438,12.324227939289,11.986063283739018,11.988568026620149,2396100
2018-04-05,12.36180019378662,12.389354509962786,12.286652189063348,12.339255362370949,3599700
2018-04-06,12.113815307617188,12.346772880841767,12.03115234185103,12.286654751192543,3364500
2018-04-09,12.116317749023438,12.289157169991151,12.1062987787237,12.161405982030432,2822700
2018-04-10,12.296672821044922,12.339257030588753,12.198981405027464,12.274127986581275,2676300
2018-04-11,12.256596565246582,12.316714702721884,12.214012347036364,12.229042239737554,2309400
2018-04-12,12.324228286743164,12.376831472053077,12.301684883512802,12.319218800839671,2564700
2018-04-13,12.30919361114502,12.401875514316195,12.264105388880695,12.39937148900241,2433300
2018-04-16,12.434441566467283,12.484539276004204,12.361799027641448,12.379332939313604,2633400
2018-04-17,12.50959300994873,12.539651357284878,12.472018284117006,12.50959300994873,7239000
2018-04-18,12.46700668334961,12.51960985726036,12.464501224276148,12.502075943733104,5970300
2018-04-19,12.306692123413086,12.411898474832476,12.249078029385103,12.411898474832476,5347800
2018-04-20,12.186457633972168,12.31170337666596,12.138863936416094,12.294169460020772,3855300
2018-04-23,12.19397258758545,12.226536394708472,12.143873430475931,12.21401053043416,7383300
2018-04-24,12.0762357711792,12.24657112067754,11.99106881309438,12.24156163686754,8897700
2018-04-25,12.138864517211914,12.163913380283311,12.011112592222096,12.07624092620411,6927600
2018-04-26,12.23906135559082,12.26411021856554,12.126340038875265,12.158903847408263,3548700
2018-04-27,12.259098052978516,12.274126507480768,12.203989419816615,12.234049195479106,1698900
2018-04-30,12.143872261047363,12.31170219954225,12.143872261047363,12.281642421505383,2766900
2018-05-01,12.078746795654297,12.096280713733307,11.958509812172323,12.096280713733307,4299600
2018-05-02,11.956003189086914,12.076239436997612,11.935963814435132,12.048685117685269,18551100
2018-05-03,11.925944328308104,11.96351833558024,11.79318293150184,11.913419898105587,11351100
2018-05-04,12.08375358581543,12.118822847478652,11.845785848332053,11.885864594996011,2380500
2018-05-07,12.068721771240234,12.121324938674752,12.036157973939288,12.116315454473565,2424000
2018-05-08,12.068721771240234,12.073732688770235,11.99106974947096,12.048682401106666,2002200
2018-05-09,12.148883819580078,12.176436706459816,12.053696428554568,12.08125074876349,1896300
2018-05-10,12.271625518798828,12.281644490946563,12.196477494373424,12.2039924401489,2475300
2018-05-11,12.324228286743164,12.346773123302826,12.274129127720348,12.294169937992915,1947900
2018-05-14,12.374324798583984,12.401877681823576,12.349274507766818,12.37933428341582,2050800
2018-05-15,12.299179077148438,12.324227939289,12.264109810154096,12.31921845352674,2572800
2018-05-16,12.386850357055664,12.414404676137307,12.314207803717292,12.314207803717292,1519200
2018-05-17,12.409396171569824,12.459495334190388,12.36681338833822,12.3918622529838,1410300
2018-05-18,12.371822357177734,12.401880706829424,12.344268033888232,12.39436719441351,1734000
2018-05-21,12.48704719543457,12.512096055139006,12.431938557421514,12.431938557421514,1983600
2018-05-22,12.424423217773438,12.53714451618822,12.414404247541894,12.514601116502709,1552800
2018-05-23,12.449472427368164,12.449472427368164,12.32923619507128,12.3668094801657,1430400
2018-05-24,12.434441566467283,12.449471452659894,12.34927316692838,12.42692662337098,1290000
2018-05-25,12.424423217773438,12.446968050788024,12.38935538863396,12.409393329097048,1171500
2018-05-29,12.329235076904297,12.391857213048985,12.259096564427663,12.34927301380754,2065500
2018-05-30,12.504581451416016,12.529630311803242,12.381841175521108,12.394365605714722,2296800
2018-05-31,12.36180019378662,12.482036428012266,12.334245877610456,12.482036428012266,3770700
2018-06-01,12.479530334472656,12.504579190330531,12.434442107262695,12.434442107262695,2230500
2018-06-04,12.544660568237305,12.574720348244403,12.52211716656118,12.52211716656118,1660200
2018-06-05,12.574721336364746,12.584741741597584,12.524623610188504,12.554681959228388,1153200
2018-06-06,12.652373313903809,12.652373313903809,12.562196833963489,12.604779614307242,1346400
2018-06-07,12.687439918518066,12.73252814902273,12.662391060829808,12.67241003057351,1421100
2018-06-08,12.74505615234375,12.74505615234375,12.664898638597156,12.664898638597156,1128300
2018-06-11,12.770102500915527,12.802666301637744,12.740042725892582,12.75256715437582,1205700
2018-06-12,12.777617454528809,12.800162288342376,12.742549624146536,12.790143317755764,1854600
2018-06-13,12.709986686706545,12.787638730701453,12.697462255954411,12.787638730701453,1147800
2018-06-14,12.709986686706545,12.75758038356218,12.689947310837288,12.750065438445056,1228800
2018-06-15,12.755077362060549,12.757582822021552,12.644861490377805,12.674919843262373,1557000
2018-06-18,12.644856452941896,12.70998405268762,12.59976679158354,12.6824297374116,1398900
2018-06-19,12.612290382385254,12.629825727303384,12.537142385106144,12.542153302699226,1566000
2018-06-20,12.609789848327637,12.647363140706103,12.577226041600452,12.647363140706103,1127100
2018-06-21,12.552172660827637,12.644856005901625,12.534638748694112,12.619805717145178,1163100
2018-06-22,12.609789848327637,12.654878085847642,12.60728438883738,12.624818305281488,1092900
2018-06-25,12.514602661132812,12.577226249461116,12.439454641804698,12.564700385132054,2028600
2018-06-26,12.485806465148926,12.53379008089354,12.473179426016973,12.51611251512321,1605000
2018-06-27,12.394895553588867,12.574201595265231,12.392369566847544,12.498439333895575,1553400
2018-06-28,12.442875862121582,12.468131390503524,12.357011111825388,12.367113612192622,2563500
2018-06-29,12.447930335998535,12.538845632209776,12.44540434913111,12.475710411249908,1469100
2018-07-02,12.42772388458252,12.435300398349307,12.336807164453289,12.372163747007558,3512400
2018-07-03,12.40499782562256,12.508541616072582,12.38984479383521,12.470659036604207,1047300
2018-07-05,12.536320686340332,12.536320686340332,12.427726375702514,12.458030991771944,2170800
2018-07-06,12.589354515075684,12.622185117062228,12.500963765847684,12.531269826187568,1305900
2018-07-09,12.667641639709473,12.685320655031598,12.612082942464928,12.634811040632853,1606800
2018-07-10,12.771187782287598,12.778764298108433,12.705526571937224,12.705526571937224,1755900
2018-07-11,12.65754222869873,12.715626919986546,12.64238919790276,12.715626919986546,1424700
2018-07-12,12.720677375793455,12.750981988696877,12.695421845789497,12.720677375793455,1584900
2018-07-13,12.773715019226074,12.793918581701108,12.723205390502104,12.723205390502104,1219200
2018-07-16,12.73835563659668,12.778762752706056,12.725728593446556,12.773712224460498,1288200
2018-07-17,12.776237487792969,12.791390518458114,12.715626810204933,12.715626810204933,1263000
2018-07-18,12.788862228393556,12.791388214740332,12.750981103625591,12.77118465918296,915000
2018-07-19,12.796441078186035,12.821695165974484,12.735830400450231,12.76108448823868,1104900
2018-07-20,12.778763771057127,12.806543846230202,12.748459154096324,12.766136726900744,942600
2018-07-23,12.771187782287598,12.783814826964775,12.740883164076902,12.776238311143942,1029600
2018-07-24,12.81159496307373,12.841901026498496,12.76866185491286,12.809070421170093,1698000
2018-07-25,12.887358665466309,12.894935181315976,12.768661843918366,12.793917378441472,1941300
2018-07-26,12.965649604797363,13.008582721808809,12.925242475282923,12.925242475282923,1612800
2018-07-27,12.905035018920898,12.950492664648332,12.872204416724836,12.917662062452267,1433700
2018-07-30,12.897459030151367,12.94039213596819,12.889882514708836,12.899985016989731,1330500
2018-07-31,13.013630867004396,13.028783899063775,12.93786859685283,12.950494196805415,1514100
2018-08-01,12.905035018920898,12.975748196783575,12.887357446991482,12.975748196783575,1446600
2018-08-02,12.965649604797363,12.973226122215438,12.836851698835972,12.854530721169128,1506300
2018-08-03,13.06161403656006,13.074241081132326,12.975749266425073,12.975749266425073,2048700
2018-08-06,13.081815719604492,13.099494735526765,13.03383209007212,13.05908762066502,1469700
2018-08-07,13.124749183654783,13.137376226763884,13.07929009437508,13.112122140545685,3850500
2018-08-08,13.11464786529541,13.137377411985868,13.094444305483645,13.134851425107176,1289100
2018-08-09,13.081815719604492,13.134849877226475,13.081815719604492,13.129799349136862,1289700
2018-08-10,12.99847412109375,13.03382925510342,12.96311754201198,13.018676229058077,1660200
2018-08-13,12.942913055419922,13.031305229153745,12.922710946657189,13.013626216378118,1561200
2018-08-14,13.018677711486816,13.03888126682381,12.97322007324665,12.97322007324665,1086000
2018-08-15,13.001002311706545,13.008578826856102,12.889882016276356,12.95049269240032,1664700
2018-08-16,13.152528762817385,13.18535936268317,13.10201914720451,13.10201914720451,1468200
2018-08-17,13.22323989868164,13.253545955707263,13.137375145562926,13.139899686933504,1786800
2018-08-20,13.256072998046877,13.278801097554137,13.240919968327065,13.253547011402755,1722300
2018-08-21,13.28385066986084,13.309106199267278,13.2535460576744,13.266173099841444,1325700
2018-08-22,13.238394737243652,13.283852383925057,13.23081822195133,13.27375132691698,1435800
2018-08-23,13.22829246520996,13.263649055498158,13.208088905769928,13.223241936618091,1373400
2018-08-24,13.27375316619873,13.293956728086926,13.223243538941876,13.22829406814574,1130400
2018-08-27,13.341937065124512,13.354564107544448,13.311631007258764,13.31668298028464,2006700
2018-08-28,13.344463348388672,13.377295397052851,13.32678577570782,13.36719289475482,1359300
2018-08-29,13.367195129394531,13.38487415010341,13.316686944678436,13.346991566493534,1194000
2018-08-30,13.296480178833008,13.364667375243238,13.26870010288272,13.331836770503612,1452000
2018-08-31,13.31163501739502,13.321736076344967,13.248499786275818,13.2737538787235,1284300
2018-09-04,13.306581497192385,13.319208540578224,13.261122406916368,13.291428467100378,1451700
2018-09-05,13.407596588134766,13.415173101654336,13.276272762249226,13.276272762249226,1701000
2018-09-06,13.410126686096191,13.445483278337692,13.374770093854693,13.41517721496708,1487700
2018-09-07,13.374770164489746,13.417701827727992,13.33941357206152,13.374770164489746,1370100
2018-09-10,13.425278663635254,13.493465863132013,13.42275412166262,13.42275412166262,1618500
2018-09-11,13.405071258544922,13.442953827998332,13.36971612048476,13.412647772435603,1650000
2018-09-12,13.435379981994627,13.468210585325306,13.379819832478464,13.389920889623646,1526100
2018-09-13,13.485886573791504,13.495989074822583,13.448005446337817,13.48841256031737,1369800
2018-09-14,13.501041412353516,13.508617927874214,13.4555837643019,13.493464896832815,1356600
2018-09-17,13.490938186645508,13.543972341693651,13.475785158039653,13.50609121525136,1650900
2018-09-18,13.559123992919922,13.5944791293123,13.483360302659314,13.52124142525352,1356600
2018-09-19,13.546501159667969,13.59953677653164,13.53387411353422,13.55912965087452,2233800
2018-09-20,13.647512435913086,13.660140921069909,13.586901776463195,13.591953748554769,1920000
2018-09-21,13.675298690795898,13.710655286076758,13.667723619374708,13.695503698161614,1694700
2018-09-24,13.56417465209961,13.655089925238308,13.551547611112136,13.655089925238308,1830600
2018-09-25,13.476957321166992,13.588840652892875,13.466785315547698,13.576126737129554,2071200
2018-09-26,13.459160804748535,13.565958893940726,13.451532161946972,13.510016483405831,1670100
2018-09-27,13.454073905944824,13.53290078036668,13.448987174680449,13.471873100326148,1407000
2018-09-28,13.476957321166992,13.489669781915923,13.418471562638432,13.436270753704209,1605300
2018-10-01,13.51509952545166,13.558326549505743,13.48458496257636,13.51764143568164,2867100
2018-10-02,13.55578327178955,13.593925016521554,13.510011432093991,13.512554797081844,1845600
2018-10-03,13.54815673828125,13.637155611507591,13.53035754564179,13.611726322718264,1604700
2018-10-04,13.482043266296388,13.517643109053054,13.400674483589844,13.517643109053054,2360400
2018-10-05,13.398130416870115,13.49221456743471,13.35235856928636,13.476958739921336,1710300
2018-10-08,13.464247703552246,13.482046902223471,13.365078245215386,13.375248800166082,1622100
2018-10-09,13.41593074798584,13.482043704529632,13.408303561089356,13.464244510080048,2018100
2018-10-10,13.080278396606444,13.37778813702212,13.072649755183662,13.37778813702212,5194200
2018-10-11,12.747167587280272,13.095535913414782,12.683597999312314,13.057392705619405,7683300
2018-10-12,12.841253280639648,12.912452973715297,12.70139871533254,12.909909607885888,4164900
2018-10-15,12.825994491577148,12.930250641307904,12.80565193467952,12.820909216106353,2038800
2018-10-16,13.029420852661133,13.04722004539822,12.861595111806553,12.88956631111807,2284800
2018-10-17,12.965849876403809,13.009076898416131,12.869222371882003,12.986190977340636,2091900
2018-10-18,12.825994491577148,12.991278312000787,12.767510186126882,12.92007863535187,3569400
2018-10-19,12.856507301330566,12.953134808107542,12.82345082901516,12.859050666514216,1944600
2018-10-22,12.81836986541748,12.8946548414287,12.77005609577754,12.876854189184307,2018100
2018-10-23,12.764968872070312,12.828539918220963,12.571713822981728,12.64545687672294,4458900
2018-10-24,12.472543716430664,12.759882908945384,12.452201157359212,12.72936834283091,3477900
2018-10-25,12.6022310256958,12.66834399630642,12.454747797405968,12.528487956535905,3434100
2018-10-26,12.452200889587402,12.574256241391431,12.353030006862523,12.513228565489417,7546200
2018-10-29,12.485254287719728,12.673422544944808,12.335227772900527,12.569167867029714,5576400
2018-10-30,12.73191261291504,12.749711807736674,12.50560108153582,12.50560108153582,4408500
2018-10-31,12.68105411529541,12.800567554814894,12.678512204889383,12.795480823973756,2227500
2018-11-01,12.828539848327637,12.838710400848113,12.691227204198563,12.71156976425418,2284500
2018-11-02,12.78785228729248,12.912451003657395,12.6785123085612,12.90736572778922,3610200
2018-11-05,12.932794570922852,12.95313713099686,12.798025292309369,12.813282576118544,2458800
2018-11-06,13.01925277709961,13.026881419727612,12.90990986944144,12.925167154697444,2980200
2018-11-07,13.181992530822754,13.19724836020487,13.029422596883792,13.120964848250114,3352500
2018-11-08,13.176905632019045,13.20996356613065,13.103164031723692,13.123506592322917,2244600
2018-11-09,13.10062026977539,13.171819957226516,13.05230796295136,13.143848755371764,1898400
2018-11-12,12.92008113861084,13.090450267514209,12.89719666705118,13.080279714602076,2576400
2018-11-13,12.909907341003418,13.016706861863698,12.87176559034837,12.94550718129018,2865900
2018-11-14,12.848876953125,13.016704112595162,12.777678742603834,12.993818194027174,4440000
2018-11-15,12.940421104431152,12.9582217509798,12.706482429203245,12.790394566452475,4443300
2018-11-16,12.97602367401123,13.019252161855484,12.879396145309212,12.879396145309212,2480700
2018-11-19,12.866681098937988,12.996365096090903,12.810738697222105,12.963308619171864,2636700
2018-11-20,12.607311248779297,12.762423058419149,12.569169501413798,12.72173794589019,4482900
2018-11-21,12.622570037841797,12.698854996701511,12.617484761921702,12.647997872456845,3224100
2018-11-23,12.56408405303955,12.622569817651408,12.536112853445104,12.553913501376776,1484700
2018-11-26,12.698856353759766,12.726826101816552,12.617486110284355,12.650541134804676,3627900
2018-11-27,12.792938232421877,12.79548014269256,12.642911690916284,12.66579615842477,2367300
2018-11-28,12.993821144104004,12.996364509527067,12.754795719845085,12.828538766968483,2712900
2018-11-29,12.968392372131348,13.04213395890763,12.9378778093194,12.973477647595193,1858200
2018-11-30,13.108245849609377,13.120961219766905,12.95567741287656,12.96584941799972,2544900
2018-12-03,13.171818733215332,13.250647055212028,13.075191218517205,13.240475048657975,3901200
2018-12-04,12.820911407470703,13.16164820248425,12.795482115741434,13.146392373464316,4129500
2018-12-06,12.77259635925293,12.775139724674297,12.464914618922087,12.653082919695962,6839700
2018-12-07,12.520858764648438,12.82091190558505,12.475086910766253,12.764969498627766,4391100
2018-12-10,12.541200637817385,12.586971034173908,12.302175193488264,12.53611390654414,6895200
2018-12-11,12.561543464660645,12.731912590566104,12.490343775469691,12.678513551180238,5126700
2018-12-12,12.573081016540527,12.706401408008302,12.56538931443256,12.706401408008302,4592100
2018-12-13,12.591029167175291,12.65256131874004,12.524368236031824,12.60897549457418,3341100
2018-12-14,12.426941871643066,12.573079796385931,12.39361067672912,12.503855951174248,4311300
2018-12-17,12.165428161621094,12.411557450343723,12.09620505561134,12.39104673741025,8396100
2018-12-18,12.14748191833496,12.288493996101932,12.07569441825787,12.237216476811575,8332800
2018-12-19,11.962885856628418,12.33977042697754,11.90391810132508,12.160302038038592,8329200
2018-12-20,11.803927421569824,11.968013130487067,11.680863139881891,11.911608301286275,14826900
2018-12-21,11.668042182922363,12.037234989674488,11.63727611569302,11.801361807582852,11748300
2018-12-24,11.339871406555176,11.6295857906974,11.334744094837768,11.591128018732888,9286500
2018-12-26,11.82700252532959,11.82700252532959,11.288595892755415,11.388585811215352,13596300
2018-12-27,11.970574378967283,11.970574378967283,11.547541153197114,11.69367978388703,11298600
2018-12-28,11.942373275756836,12.101330924922385,11.903916241399294,12.019288811513746,7551000
2018-12-31,12.042366027832031,12.044929684024863,11.929557086615404,12.003908250855185,7402800
2019-01-02,12.042366027832031,12.088515506908468,11.85776957856846,11.880843951346137,6042000
2019-01-03,11.806488990783691,11.98339368106478,11.780850236536123,11.973138326069924,5907900
2019-01-04,12.132098197937012,12.155173301069318,11.932119105437248,11.950066163366492,5090100
2019-01-07,12.214141845703123,12.29874835703512,12.062875147534324,12.14748165886632,4483200
2019-01-08,12.32951545715332,12.37566419770664,12.244908210270555,12.347461782079051,4616400
2019-01-09,12.339770317077637,12.388483447999612,12.280802562299474,12.370535655688233,3149100
2019-01-10,12.393609046936035,12.40130074728608,12.252598452630115,12.288492565249712,3105900
2019-01-11,12.408992767333984,12.426940557627097,12.32951430673895,12.344896240793492,3621900
2019-01-14,12.352587699890137,12.383354501481584,12.316693587047396,12.344895999492277,2893500
2019-01-15,12.37566375732422,12.408993483595705,12.319258928076184,12.357717433037095,4116300
2019-01-16,12.33207893371582,12.385919377954464,12.321824309595163,12.378227676342934,4683300
2019-01-17,12.419249534606934,12.452579260772882,12.270545760965534,12.29362013034804,3051600
2019-01-18,12.62435817718506,12.647431815800775,12.519240207466598,12.532059221595803,4643400
2019-01-22,12.455143928527832,12.57051652512961,12.375665452458785,12.565389212779838,5065500
2019-01-23,12.503854751586914,12.583334680002878,12.38848217631666,12.52436546423589,3235800
2019-01-24,12.542314529418944,12.555133542747154,12.45001557959698,12.521803814685402,3151800
2019-01-25,12.588460922241213,12.639736965987728,12.56025851136392,12.59615262221154,2803800
2019-01-28,12.51667308807373,12.521801866240583,12.429502930780725,12.49616384357355,3855900
2019-01-29,12.532057762145996,12.55769725446063,12.493600724236986,12.51923874950966,1829100
2019-01-30,12.649993896484377,12.691015321027184,12.50641891058454,12.58077005918815,3677400
2019-01-31,12.770495414733888,12.785878817665983,12.632047722429109,12.660250138790603,3249900
2019-02-01,12.801259994506836,12.834589717035769,12.749983949705957,12.798695605450074,3225300
2019-02-04,12.875612258911133,12.875612258911133,12.752547980241452,12.801261107261777,2889600
2019-02-05,12.908942222595217,12.921761235146333,12.852537393736744,12.888431509105038,2126100
2019-02-06,12.95508861541748,12.970472014510138,12.903812574497538,12.903812574497538,2004900
2019-02-07,12.865357398986816,12.9191978365332,12.765366757507625,12.883303722488312,2463600
2019-02-08,12.865357398986816,12.87048471040983,12.747420434006129,12.808952572207978,2227500
2019-02-11,12.890997886657717,12.921763228117054,12.857668155475857,12.903816901185952,1697100
2019-02-12,13.075591087341309,13.101229110026908,12.973037529557104,12.980729229771148,2439300
2019-02-13,13.149945259094238,13.173020365045836,13.101232124557855,13.116615528525587,2220000
2019-02-14,13.10892391204834,13.160201436594532,13.057647854544305,13.10892391204834,2448000
2019-02-15,13.2601900100708,13.262754399643178,13.190966162037457,13.196094941182212,2031900
2019-02-19,13.3114652633667,13.355049609373838,13.244804349225586,13.244804349225586,2335200
2019-02-20,13.308900833129885,13.324284233810468,13.260187709002594,13.288390121236384,2513700
2019-02-21,13.2601900100708,13.306338753079,13.21660418959289,13.285828037626237,1879800
2019-02-22,13.355050086975098,13.3576144762021,13.27557162544073,13.306336960955296,1985700
2019-02-25,13.355050086975098,13.429401237097354,13.344795464150872,13.42171100350013,3309600
2019-02-26,13.324283599853516,13.370432332657714,13.303772888935896,13.33453822179144,1822500
2019-02-27,13.290956497192385,13.311467212151973,13.229424352313616,13.301211121151152,2301000
2019-02-28,13.28839111328125,13.314029138301672,13.260188698942008,13.29095550260007,1896000
2019-03-01,13.342233657836914,13.390946793287052,13.273009805725778,13.375563389030765,2235000
2019-03-04,13.290956497192385,13.40889200792848,13.183274143372998,13.388382760010948,3008700
2019-03-05,13.2601900100708,13.306338753079,13.2601900100708,13.296084128873662,2205000
2019-03-06,13.20891284942627,13.267882074868178,13.19096652305472,13.267882074868178,1980000
2019-03-07,13.119178771972656,13.198657240458283,13.078155875962178,13.185838227285894,3777300
2019-03-08,13.080717086791992,13.085844397406603,12.988419627562308,13.039695667791763,2638200
2019-03-11,13.265320777893066,13.265320777893068,13.129435983985426,13.129435983985426,2138100
2019-03-12,13.283262252807615,13.33197390784968,13.26531593079432,13.290953952825252,2262300
2019-03-13,13.367871284484863,13.424276120365173,13.314030838250796,13.32428692979364,2444400
2019-03-14,13.329410552978516,13.378123673480316,13.308899842611533,13.378123673480316,2559900
2019-03-15,13.40119743347168,13.411453522273789,13.344794079706176,13.357613090427506,11528100
2019-03-18,13.467863082885742,13.475554785433864,13.401202149816111,13.416585554912356,10807500
2019-03-19,13.452478408813477,13.549904675843086,13.401200885677111,13.511447633772402,8694000
2019-03-20,13.36781406402588,13.465898325602604,13.32651558304096,13.442668853142452,8808300
2019-03-21,13.514939308166504,13.545913904748693,13.32909615952354,13.32909615952354,2232900
2019-03-22,13.3213529586792,13.491708814764024,13.305865659866914,13.47106105228112,3875400
2019-03-25,13.292963027954102,13.362652926474349,13.246501126340242,13.29038131888102,3029100
2019-03-26,13.445249557495115,13.47880586680574,13.380721601782923,13.380721601782923,3347100
2019-03-27,13.393627166748049,13.476224131458409,13.321354084151364,13.445249531216907,2581500
2019-03-28,13.422017097473145,13.47364093318615,13.347165268046911,13.416856633936932,3125400
2019-03-29,13.494288444519045,13.5046138011198,13.424597087551032,13.473639208267404,2133900
2019-04-01,13.649161338806152,13.664648638504657,13.551077076649229,13.57430802619698,3236400
2019-04-02,13.607860565185549,13.656902688002331,13.582049388003009,13.643997099411065,2519700
2019-04-03,13.631091117858888,13.690458602439753,13.587212408549185,13.654322065340535,2641800
2019-04-04,13.705949783325195,13.70853001580959,13.638838630572817,13.641420340007688,2114400
2019-04-05,13.757570266723633,13.76015197580389,13.695622541349934,13.72659714251192,2315400
2019-04-08,13.806612014770508,13.806612014770508,13.734340408995962,13.73950235006195,2076600
2019-04-09,13.68787670135498,13.752406125485903,13.659483813815374,13.752406125485903,1975800
2019-04-10,13.705949783325195,13.71627366716373,13.654325933281092,13.698206131971055,1628700
2019-04-11,13.74724292755127,13.76531193461032,13.70336421815799,13.736919046617578,2165700
2019-04-12,13.835002899169922,13.84532677980433,13.788542482415046,13.809190243683863,2191500
2019-04-15,13.847909927368164,13.863397226879076,13.811773387492766,13.85049163627004,1769700
2019-04-16,13.956320762634276,13.956320762634276,13.845330889643124,13.88662937833981,2123700
2019-04-17,13.995034217834473,14.051819989549466,13.971803272055624,14.023427103691969,2390100
2019-04-18,13.99245262145996,14.028589156200017,13.943410497944877,14.028589156200017,1974000
2019-04-22,13.99761962890625,14.018267394682455,13.943414074417513,13.966645026341256,2216400
2019-04-23,14.093122482299805,14.106028074651036,13.98729455728918,14.031174752843668,1812000
2019-04-24,14.080215454101562,14.131839300607565,14.054404269323747,14.090540814182914,1642500
2019-04-25,13.865976333618164,13.9537352194604,13.824676383689582,13.9537352194604,2185800
2019-04-26,13.871138572692873,13.871138572692873,13.77047261954235,13.806609153415613,2149500
2019-04-29,13.847909927368164,13.884046467243564,13.842747986514585,13.868559167732654,1898100
2019-04-30,13.927926063537598,13.945993594230524,13.829841806747172,13.878882458192274,1900200
2019-05-01,13.806612014770508,13.95631864433582,13.80145007370452,13.95631864433582,2210700
2019-05-02,13.822097778320312,13.878882077633964,13.742082531366938,13.79886683068059,2067300
2019-05-03,13.935670852661133,13.948574966825609,13.855654120019643,13.886627243304888,1863300
2019-05-06,13.850491523742676,13.873722472820305,13.71627072398888,13.72143266480052,2532300
2019-05-07,13.620767593383787,13.739501088702566,13.53042698674668,13.731757439339376,4291800
2019-05-08,13.592374801635742,13.672391527659297,13.566563621541098,13.61302404110148,1890900
2019-05-09,13.522685050964355,13.551077943243945,13.375558648320196,13.473642916749636,3410700
2019-05-10,13.59495735168457,13.633674124222342,13.336841103915487,13.476223848171788,2913300
2019-05-13,13.305863380432127,13.409111036859883,13.256822737511246,13.388461800964304,2769000
2019-05-14,13.39878749847412,13.483966161957197,13.344583431512184,13.357489021079306,2289600
2019-05-15,13.468481063842772,13.49687395630859,13.318774428068732,13.349747552699435,2373300
2019-05-16,13.507196426391602,13.584631445296257,13.471061364259551,13.478805013845031,1848000
2019-05-17,13.432344436645508,13.540754064548048,13.38588401151601,13.398789603110298,1767000
2019-05-20,13.357489585876465,13.424599245243137,13.31102916608032,13.352327645221363,1775100
2019-05-21,13.45557689666748,13.481388082750666,13.409116466327657,13.427184001195796,2012700
2019-05-22,13.403948783874512,13.434923378881956,13.36523201706519,13.398786843689932,1505700
2019-05-23,13.274894714355469,13.318774909196916,13.184554092414478,13.311031258521934,2633700
2019-05-24,13.267148971557615,13.34200228034488,13.218106842983184,13.326514981437136,1414200
2019-05-28,13.060657501220703,13.295542802477838,13.060657501220703,13.28779915247538,2008500
2019-05-29,13.029685020446776,13.050332785537522,12.923857101130103,12.998710418910076,3034500
2019-05-30,13.058074951171877,13.09679319869035,13.003870881596136,13.05033130166818,1612200
2019-05-31,12.86965274810791,12.975479188194203,12.85932738883471,12.936762414057794,2714100
2019-06-03,13.019357681274414,13.050330801151162,12.895462247867288,12.895462247867288,2206200
2019-06-04,13.285215377807615,13.29037731744937,13.14583266883156,13.148412900177522,3249000
2019-06-05,13.336840629577637,13.352327928822003,13.251661960683762,13.352327928822003,1649400
2019-06-06,13.434926986694336,13.473643763900652,13.32909906126654,13.37039754773343,1512900
2019-06-07,13.522685050964355,13.587214485867992,13.478806334946132,13.483968276192345,1768500
2019-06-10,13.574310302734377,13.641419976749209,13.556241291072384,13.589796128079804,1856100
2019-06-11,13.60269832611084,13.68013333290614,13.5768856725458,13.651738970899624,1894500
2019-06-12,13.563983917236328,13.605282402270891,13.551078325281818,13.584633159753611,1446300
2019-06-13,13.654321670532228,13.656903379161117,13.58205007537356,13.615603425848995,1689600
2019-06-14,13.607860565185549,13.643997099411065,13.56656209091351,13.610442273683775,1150500
2019-06-17,13.571725845336914,13.620767974710043,13.561400486913556,13.61818626586667,1254000
2019-06-18,13.695618629455566,13.754984628792233,13.63108921343322,13.6362526301189,1765800
2019-06-19,13.724017143249512,13.749828329466691,13.659487700756104,13.705949608287575,1380300
2019-06-20,13.860814094543455,13.881463332787376,13.754986194687111,13.840164856299538,1601400
2019-06-21,13.845329284667969,13.899534837130416,13.824680042713322,13.845329284667969,1475100
2019-06-24,13.796287536621094,13.850491607847877,13.78596217798495,13.837586017265323,1689300
2019-06-25,13.71885108947754,13.804029750804384,13.713687672221354,13.804029750804384,1462500
2019-06-26,13.719112396240234,13.765943765360737,13.716510074555949,13.747730491055488,1546500
2019-06-27,13.755537986755373,13.786759896580843,13.7243160769299,13.74513167597528,1276200
2019-06-28,13.807573318481444,13.843998381880924,13.791962364347023,13.802368674608289,1550400
2019-07-01,13.922049522399902,14.007908277371628,13.854404042645337,13.979288692381052,2428200
2019-07-02,13.916847229003906,13.929855861397174,13.83098846871729,13.922050384212705,2612700
2019-07-03,14.026117324829102,14.031321967441905,13.945463229236656,13.945463229236656,1428000
2019-07-05,13.984491348266602,13.992295335116182,13.870013024576153,13.961074921491123,1428000
2019-07-08,13.929852485656738,13.971480694724091,13.896029751882288,13.935055639604611,1599600
2019-07-09,13.870012283325195,13.880418591063323,13.828384074888346,13.872613115888646,1552200
2019-07-10,13.90904140472412,13.950669622840774,13.88302414058684,13.914246048545586,2059500
2019-07-11,13.95067024230957,13.953272564335858,13.877821601741893,13.942864764973288,1525500
2019-07-12,14.067750930786133,14.078158731262832,13.984495970686227,13.984495970686227,2077500
2019-07-15,14.088563919067385,14.09897171871379,14.054741175516146,14.088563919067385,1642500
2019-07-16,14.080759048461914,14.1145803011525,14.062545772406954,14.078156726527627,1687500
2019-07-17,13.968879699707031,14.10156980065922,13.966277378392258,14.10156980065922,1511700
2019-07-18,14.01571273803711,14.041729999327044,13.92465083477999,13.940261787050892,1431600
2019-07-19,13.984491348266602,14.07555175643933,13.974083551230086,14.049534496961408,1587900
2019-07-22,13.976685523986816,14.01050825821276,13.937658147001336,13.994897307418569,1485600
2019-07-23,14.127589225769045,14.130190058740569,14.018314044920183,14.059942259888588,2555700
2019-07-24,14.26808261871338,14.283692080357696,14.13279019660078,14.1510019795569,2382600
2019-07-25,14.252477645874023,14.299309027932583,14.19784078534857,14.268088602807808,1401900
2019-07-26,14.320116996765137,14.330524793169708,14.226454272834784,14.27068331351328,1375800
2019-07-29,14.314915657043455,14.34093291823878,14.281092919741068,14.299304704829323,1602300
2019-07-30,14.26027774810791,14.283692685938185,14.213444894962896,14.257675426685775,2973000
2019-07-31,14.036528587341309,14.242068847778087,13.919447919517271,14.242068847778087,3174900
2019-08-01,13.83619213104248,14.161412384028626,13.828386654411782,14.026119937000562,3584700
2019-08-02,13.763340950012209,13.830986423953547,13.71130642813189,13.810172317452958,2745600
2019-08-05,13.37567901611328,13.607235031090577,13.287217942871044,13.599429554702,5381100
2019-08-06,13.490159034729004,13.510973147078486,13.344460248282624,13.464141766477836,3816900
2019-08-07,13.53178596496582,13.568211030278649,13.253397052829564,13.378281714979888,3382200
2019-08-08,13.765945434570312,13.771148589827424,13.570812969374378,13.586423923888267,3112200
2019-08-09,13.607234001159668,13.745128755264023,13.542190850748664,13.721712327870693,2282400
2019-08-12,13.464138984680176,13.565607203141235,13.412102970186147,13.549997738661224,1893900
2019-08-13,13.6488676071167,13.75033584403712,13.422513210439496,13.443327322275174,2241600
2019-08-14,13.302831649780272,13.492760977910908,13.292425338269318,13.461540554635336,3178500
2019-08-15,13.331448554992676,13.37827992484694,13.235183493559084,13.347059507858232,2801700
2019-08-16,13.565608978271484,13.591627733294407,13.417309369479732,13.41991020286218,1732800
2019-08-19,13.742526054382324,13.765942481129237,13.695694689630743,13.713906473494625,1934400
2019-08-20,13.659271240234377,13.739925349503755,13.64626260898076,13.734722194750796,1683900
2019-08-21,13.781556129455566,13.80757339399354,13.752936542966784,13.789361606565464,2124600
2019-08-22,13.823180198669434,13.870013052314048,13.729517468864705,13.823180198669434,1736100
2019-08-23,13.453731536865234,13.804969022201712,13.383483742049476,13.763340809625138,3598200
2019-08-26,13.583821296691896,13.596829928913676,13.484953905315328,13.57601581961032,2986200
2019-08-27,13.542194366455078,13.719115056736642,13.513574777347351,13.685290823251028,1975500
2019-08-28,13.685287475585938,13.69049211869068,13.487554211132563,13.513571471687058,2066700
2019-08-29,13.823180198669434,13.843995792784094,13.734720623022245,13.80236609329702,1998900
2019-08-30,13.85440444946289,13.932457730025266,13.825784863631936,13.893430345372828,2487600
2019-09-03,13.77895450592041,13.804971771777122,13.685290264596588,13.786759983425943,2532600
2019-09-04,13.945465087890623,13.945465087890623,13.851802350767118,13.880420445240926,1863000
2019-09-05,14.12238597869873,14.203041583638871,14.067749127243257,14.067749127243257,2808600
2019-09-06,14.17182159423828,14.19523653772052,14.114580930330051,14.161413794779715,1980600
2019-09-09,14.265480995178224,14.26548099517822,14.18742772817009,14.226455106045275,2148300
2019-09-10,14.351343154907228,14.359148632340798,14.218653016021712,14.22905932677141,2030400
2019-09-11,14.450204849243164,14.46061264570121,14.29670213360984,14.37475539644761,1990200
2019-09-12,14.507447242736816,14.551677782247124,14.418987652458696,14.50224408771869,2287800
2019-09-13,14.478824615478516,14.551674725398748,14.465815986294656,14.525657467031028,4241100
2019-09-16,14.39037036895752,14.429397759693416,14.351344466964358,14.4189899592496,1704000
2019-09-17,14.395570755004885,14.40597855344617,14.333128430584502,14.369553492015337,1444200
2019-09-18,14.38776683807373,14.390369160151767,14.26548449777281,14.382563682660258,2230200
2019-09-19,14.346138954162598,14.434600041981929,14.327927165416488,14.40337813128272,1216800
2019-09-20,14.275891304016112,14.403376790859978,14.270686660222175,14.379960360014776,2426100
2019-09-23,14.3123140335083,14.346136772460392,14.234262246115362,14.2498717103485,2163000
2019-09-24,14.21084690093994,14.36435114317963,14.16921868232384,14.36435114317963,5267400
2019-09-25,14.27804946899414,14.301676126901292,14.15991918367454,14.21504655001648,2445300
2019-09-26,14.288548469543455,14.325300542053576,14.209794457624014,14.293798336442665,1442100
2019-09-27,14.309551239013672,14.367304288492267,14.228173034463309,14.32792652652594,2373600
2019-09-30,14.380431175231934,14.42768299230313,14.33580354115414,14.33580354115414,2261400
2019-10-01,14.194046974182127,14.46968533513174,14.165171947819688,14.42768338501227,4204200
2019-10-02,13.905281066894531,14.09691397551498,13.839652473659628,14.09691397551498,4290000
2019-10-03,14.015536308288574,14.02078617535443,13.763524663832836,13.9236568751506,3231600
2019-10-04,14.209796905517578,14.220298143232856,14.03391356617848,14.052288854545091,2205600
2019-10-07,14.104790687561035,14.225546648122872,14.104790687561035,14.178293336093487,1797000
2019-10-08,13.879030227661133,14.023412847953733,13.8737803602254,14.023412847953733,3188700
2019-10-09,13.999785423278809,14.054912783599605,13.939408195810296,13.976160270060127,1845900
2019-10-10,14.112666130065918,14.173044860932336,13.999785722384818,13.999785722384818,1992300
2019-10-11,14.299050331115724,14.414554918491437,14.267548124126408,14.267548124126408,3190200
2019-10-14,14.26754665374756,14.291173306554642,14.246545685288291,14.280672071271132,1388400
2019-10-15,14.372550964355469,14.422428450364562,14.299048328521016,14.312172243451345,1823400
2019-10-16,14.338428497314451,14.383054627015351,14.31217615395781,14.362055155703004,1626900
2019-10-17,14.375179290771484,14.41718274035325,14.327927475390675,14.36730523996479,1824300
2019-10-18,14.369929313659668,14.411929754315633,14.335801420819516,14.354178209596206,1517400
2019-10-21,14.46967887878418,14.47755442868105,14.427676947405905,14.438176679196696,1764000
2019-10-22,14.493309020996094,14.54581069681674,14.46705818308577,14.506434439951256,2078700
2019-10-23,14.472305297851562,14.48280503017565,14.359424913775667,14.4145522637462,2119500
2019-10-24,14.459182739257812,14.511684415470487,14.40667956093721,14.503810365724927,1863300
2019-10-25,14.569437980651855,14.606190056576352,14.469682989760209,14.472308674507666,1711800
2019-10-28,14.64294147491455,14.663943949889548,14.6166906343579,14.6166906343579,2518500
2019-10-29,14.645567893981934,14.705945130710496,14.621942737139868,14.627192605092755,1792800
2019-10-30,14.669190406799316,14.679690139737424,14.579935166286822,14.663940540330264,1981800
2019-10-31,14.574688911437988,14.679693777377938,14.498560571395034,14.65081725148094,2177100
2019-11-01,14.724319458007812,14.726945142598993,14.653440995124848,14.656066679716028,2130900
2019-11-04,14.80569839477539,14.829325050952798,14.771572003924444,14.789948792765085,2108400
2019-11-05,14.800447463989258,14.829323985428584,14.782072178576897,14.81094870001622,2252700
2019-11-06,14.847701072692873,14.852952442397564,14.782073972464602,14.81620036500491,1821300
2019-11-07,14.921204566955566,14.986833166386669,14.887078175925945,14.952706775357044,2306100
2019-11-08,14.950081825256348,14.950081825256348,14.8477011450286,14.897580144817953,2338200
2019-11-11,14.871329307556152,14.889706099255868,14.845078464680215,14.873954992687027,2086500
2019-11-12,14.87395191192627,14.931703453869927,14.837199838247296,14.900202749365013,1846800
2019-11-13,14.855573654174805,14.889701541997912,14.805696166711495,14.839822552426869,2171400
2019-11-14,14.879202842712402,14.88970407970337,14.81357424231584,14.855576186063722,1998600
2019-11-15,14.96583080291748,14.971082172428378,14.91332912467237,14.9579567528671,1776900
2019-11-18,14.96583080291748,14.97895772458674,14.91332912467237,14.95533106811165,1878300
2019-11-19,14.87395191192627,14.978956763789132,14.85557512403284,14.976331079202104,2484000
2019-11-20,14.824074745178224,14.87920210585376,14.766321699857976,14.87132655402755,2949600
2019-11-21,14.82669734954834,14.839821263721609,14.779444048408056,14.82669734954834,2131500
2019-11-22,14.86082649230957,14.876576093507133,14.81882455156696,14.863450674788552,2655300
2019-11-25,14.950081825256348,14.955331692878577,14.900204327575045,14.910704062819503,2313600
2019-11-26,14.994708061218262,15.005207795486534,14.929079464663882,14.963205854197628,2164200
2019-11-27,15.049838066101074,15.052462249075337,15.005210432348743,15.031461274740389,2092200
2019-11-29,14.986831665039062,15.039333337638066,14.968454877943154,15.028832101853572,827100
2019-12-02,14.918578147888184,15.018333133438707,14.908078413676495,15.018333133438707,3469500
2019-12-03,14.774197578430176,14.797824234431328,14.692819377939468,14.787322997728165,3385800
2019-12-04,14.894956588745115,14.921207432716091,14.821452423096463,14.839827713454495,2241900
2019-12-05,14.913333892822266,14.950085980609154,14.850330957519796,14.926459316580056,2238000
2019-12-06,15.05246353149414,15.094466985850762,14.981585049311562,15.007837396047986,2045700
2019-12-09,15.073463439941406,15.102339967830297,15.039337043920408,15.039337043920408,1824600
2019-12-10,15.023584365844728,15.086587276864831,15.00520757797977,15.073460356057913,2786400
2019-12-11,15.07083797454834,15.086589079712596,15.031460211637704,15.031460211637704,2260500
2019-12-12,15.220635414123535,15.260333909441956,15.04860557227599,15.075072750222128,3063300
2019-12-13,15.186223983764648,15.273562457591094,15.12799833454702,15.215336808373465,2398500
2019-12-16,15.23915672302246,15.307969548747046,15.233863894705214,15.265623893408884,2371500
2019-12-17,15.241808891296388,15.284154560517267,15.23916171906986,15.270921728185815,2753400
2019-12-18,15.212691307067873,15.270916962676576,15.194165650465154,15.270916962676576,3450300
2019-12-19,15.236510276794434,15.255035932145194,15.210044622179057,15.228570277529816,1936200
2019-12-20,15.366195678710938,15.382075680118977,15.29738435847649,15.302677187479071,2006400
2019-12-23,15.3529634475708,15.395309110042971,15.347670618361866,15.39266345263868,2325300
2019-12-24,15.34238052368164,15.368846188843737,15.323853346547684,15.368846188843737,861900
2019-12-26,15.371488571166992,15.374134228218413,15.33708291429739,15.363548571212446,1373400
2019-12-27,15.3900146484375,15.408541820304142,15.363548990799652,15.408541820304142,1508700
2019-12-30,15.294736862182615,15.392662525853764,15.27356554662159,15.390015354208508,2524500
2019-12-31,15.329145431518556,15.334438260890666,15.252392590821197,15.265626935852058,2711700
2020-01-02,15.36884593963623,15.403251606669183,15.292094603270318,15.400605948836246,4103100
2020-01-03,15.257685661315918,15.305324150490186,15.217987172737406,15.233865659528652,3058200
2020-01-06,15.255041122436523,15.2603339522804,15.183582619142348,15.183582619142348,2436300
2020-01-07,15.233866691589355,15.26827235356836,15.204753858899345,15.239159520878347,2312700
2020-01-08,15.292092323303224,15.342377987438867,15.231219486212533,15.231219486212533,3318600
2020-01-09,15.3900146484375,15.3900146484375,15.31855616129516,15.345023333333195,3364200
2020-01-10,15.34767246246338,15.44824380151904,15.32914680080598,15.41913096577132,2443500
2020-01-13,15.46147346496582,15.46147346496582,15.358254974938983,15.384722147540865,3690300
2020-01-14,15.456184387207031,15.506470058633958,15.421777205914465,15.448244384939562,2752500
2020-01-15,15.48264980316162,15.527642643821125,15.43765696250212,15.448244136822234,2850600
2020-01-16,15.596450805664062,15.60174363454778,15.5302851442167,15.54881080250984,3351600
2020-01-17,15.654678344726562,15.673204005242283,15.614979851735544,15.628211168332117,2976300
2020-01-21,15.612330436706545,15.649381752414714,15.556750434343853,15.625563265802349,3488400
2020-01-22,15.670557022094728,15.731428342411874,15.649382677010156,15.66790985035908,2585700
2020-01-23,15.689088821411133,15.694381652553622,15.55146461090014,15.625570304498574,3445200
2020-01-24,15.572630882263184,15.763186352635918,15.495879562663088,15.752600694815342,4262100
2020-01-27,15.3529634475708,15.432361943306212,15.32914495893042,15.35031627576616,4224000
2020-01-28,15.435007095336914,15.4852912378423,15.368841438482232,15.413834266871431,2932200
2020-01-29,15.326499938964844,15.480004122778706,15.32385276678854,15.480004122778706,3296400
2020-01-30,15.334440231323242,15.34238023360187,15.149177549890126,15.2206360559972,3720300
2020-01-31,15.059192657470703,15.305326658673645,15.008906988390454,15.292093826978924,4760400
2020-02-03,15.10153579711914,15.233865606318906,15.096241453806952,15.12006145551102,3176100
2020-02-04,15.28415584564209,15.350320012862577,15.265630181700498,15.2815101875937,3518700
2020-02-05,15.583219528198242,15.599099530831149,15.411189699942684,15.435009703892048,3189000
2020-02-06,15.609683990478516,15.646736822308675,15.577925502052867,15.646736822308675,2944500
2020-02-07,15.477359771728516,15.567343954917376,15.456186933660495,15.564696782258562,2504100
2020-02-10,15.54881191253662,15.54881191253662,15.440302097872769,15.440302097872769,2691300
2020-02-11,15.60439395904541,15.638799625341594,15.577928294879198,15.614981133352227,2283000
2020-02-12,15.646740913391112,15.691732243291147,15.614982416661718,15.667913749344272,2618400
2020-02-13,15.596450805664062,15.633503636650593,15.532932315858686,15.599097977306046,3069600
2020-02-14,15.575281143188477,15.612333981710242,15.51440981264602,15.612333981710242,2465400
2020-02-18,15.48264980316162,15.551461135840398,15.427071302582569,15.524995471640954,3114600
2020-02-19,15.54881191253662,15.564691914721696,15.51440776513622,15.527640595490332,3045600
2020-02-20,15.514409065246582,15.56998756315148,15.397957725331183,15.517054722898894,2992500
2020-02-21,15.403252601623535,15.466771109725872,15.374139762776544,15.453538276504638,3320700
2020-02-24,14.92685890197754,15.112121544596446,14.913626072419085,15.048603054075702,7879800
2020-02-25,14.506048202514648,15.006256082353024,14.453115374506286,15.006256082353024,9729900
2020-02-26,14.431943893432615,14.720425031368215,14.405478234157885,14.577508048244209,8925300
2020-02-27,13.812639236450195,14.33931283181736,13.807344892978938,14.209630190377368,15975300
2020-02-28,13.651195526123049,13.675015529325794,13.227738898521029,13.426234382009518,25358700
2020-03-02,14.24139404296875,14.241394042968752,13.624734549140156,13.735891573496962,12913800
2020-03-03,13.884098052978516,14.498110157131752,13.764999552503667,14.289029017152115,18236400
2020-03-04,14.511341094970703,14.511341094970703,14.042891698352012,14.15934149744358,7025700
2020-03-05,14.05612564086914,14.299613944159152,13.934381489224137,14.135524132324605,8220600
2020-03-06,13.82058334350586,13.886747512551628,13.532102114623584,13.62208780756704,14056200
2020-03-09,12.825454711914062,13.28067132993039,12.74870338979742,12.8942660332048,18369300
2020-03-10,13.4156494140625,13.423589415538778,12.711651598637042,13.267438072372563,15008100
2020-03-11,12.798990249633787,13.119228397973211,12.640193247058502,13.053064242233887,13600200
2020-03-12,11.525973320007324,12.343774619885773,11.502153313311624,11.92561076020938,22436100
2020-03-13,12.53962230682373,12.54491589376924,11.578904045635827,12.147924889265154,12396600
2020-03-16,11.293068885803224,12.07911076010672,11.049581343078934,11.203083980544186,13232700
2020-03-17,12.190269470214844,12.190269470214844,11.287776959813252,11.518031691628332,11782800
2020-03-18,11.605369567871094,11.811805055966088,10.97547668771458,11.406874080979795,11117400
2020-03-19,11.36452865600586,11.668889085479464,11.07869540243095,11.430694328900245,13005000
2020-03-20,10.729342460632324,11.457159481520367,10.71346245859105,11.430693063851631,10349400
2020-03-23,10.454095840454102,10.811387563542493,10.276772429036688,10.66582415677312,16892100
2020-03-24,11.293068885803224,11.32482813050639,10.930484364742084,11.041641342603112,11651400
2020-03-25,11.397904396057127,11.849862728698511,11.090358219166626,11.4139506162105,17705400
2020-03-26,12.16008186340332,12.213567986980332,11.528944840068704,11.528944840068704,16427100
2020-03-27,11.876604080200195,12.224264238331054,11.72951706079384,11.766957726879443,11930700
2020-03-30,12.23228931427002,12.28042721195907,11.8926514455841,11.935441113044329,12971700
2020-03-31,12.029040336608888,12.269728276265091,11.97555497793625,12.17880224837057,11226600
2020-04-01,11.649287223815918,11.881952013348709,11.547663223626024,11.60917244662908,11064300
2020-04-02,11.97555446624756,12.002297144441222,11.587778746306917,11.603824965323785,8040600
2020-04-03,11.847186088562012,12.093221447381753,11.718818650073434,11.924739997311578,6090300
2020-04-06,12.507742881774902,12.598668915345238,12.205545689605104,12.261705931817716,8517900
2020-04-07,12.515764236450195,12.97039740103086,12.515764236450195,12.932956734723913,9847200
2020-04-08,12.903536796569824,12.962373437102608,12.53448297799008,12.676221759519608,6715800
2020-04-09,13.029231071472168,13.26991975911395,12.954351268612584,13.0880661860236,9144000
2020-04-13,12.898192405700684,13.023884227199847,12.76447594381654,13.023884227199847,9449400
2020-04-14,13.261897087097168,13.3020111045676,13.104111306392442,13.128180635025709,5910000
2020-04-15,12.89016819000244,12.99714043218388,12.777846953149016,12.994465552284971,6276000
2020-04-16,12.94097900390625,12.978419672210096,12.77517240675938,12.943653883874989,5615100
2020-04-17,13.34479808807373,13.379563870945702,13.120155643802924,13.237825859909409,5759400
2020-04-20,13.085390090942385,13.326078756231462,13.082716741598444,13.130853862555668,6247500
2020-04-21,12.76982307434082,12.938304536907282,12.740405518231832,12.842028759618632,6806100
2020-04-22,13.002488136291504,13.082717697248372,12.924933455125451,13.045277031434956,5196600
2020-04-23,13.010512351989746,13.21643373610029,13.002489242186511,13.034581681399445,5589000
2020-04-24,13.240501403808594,13.277942072434731,13.02923179201059,13.082718680083888,4469400
2020-04-27,13.48386573791504,13.540025978865309,13.310035254781887,13.331429705155886,6486900
2020-04-28,13.585485458374023,13.74594456857491,13.526651879535086,13.695132568019678,5594700
2020-04-29,13.807453155517578,13.89303247060564,13.68176135788319,13.767339142719752,4753800
2020-04-30,13.54537296295166,13.721876779738835,13.518630285006983,13.719203430095362,7862700
2020-05-01,13.189689636230469,13.39293611843052,13.141550982596206,13.34747387477802,5651700
2020-05-04,13.21375846862793,13.22713133807568,13.021208429751486,13.106786224807683,5957100
2020-05-05,13.323402404785156,13.475838389603322,13.307356189488232,13.363517943027473,3438300
2020-05-06,13.221778869628906,13.438398192833416,13.21108241256396,13.408980640527764,3092100
2020-05-07,13.275266647338867,13.433050876648482,13.25654555082666,13.384912225832636,4295700
2020-05-08,13.588163375854492,13.606882946454055,13.414332889315764,13.443750450437816,4145700
2020-05-11,13.580137252807615,13.66304168764631,13.483863010722573,13.502582577169251,3558600
2020-05-12,13.307357788085938,13.66036691576831,13.307357788085938,13.625601131949477,4094100
2020-05-13,13.069347381591797,13.312707902795175,12.970398245110356,13.275268764303403,6630000
2020-05-14,13.227129936218262,13.227129936218262,12.807262584752582,12.962373469541507,6903900
2020-05-15,13.253873825073242,13.31805717043854,13.077368477629928,13.122832254441386,4344300
2020-05-18,13.71652889251709,13.780712239337095,13.577464209281226,13.598860188472925,11589600
2020-05-19,13.494559288024902,13.68978417943398,13.494559288024902,13.68978417943398,6180900
2020-05-20,13.660369873046877,13.740599446286652,13.609557861003411,13.649671882497383,7623600
2020-05-21,13.54537296295166,13.67373965338809,13.499910716496045,13.633625636471075,4816800
2020-05-22,13.561419486999512,13.569442596613792,13.45712059226553,13.540025038111988,3146100
2020-05-26,13.802103996276855,13.901054642294994,13.778034672069513,13.86896221001854,4836300
2020-05-27,14.104303359985352,14.104303359985352,13.839546872333386,13.973263321219344,5002800
2020-05-28,14.026745796203612,14.208597803363016,13.994653365380586,14.19522646727053,4581300
2020-05-29,14.045469284057615,14.096281293553371,13.844896126140805,13.997332154628072,6552900
2020-06-01,14.02942180633545,14.093605142903543,13.951865602345649,13.991981144107864,3229500
2020-06-02,14.23802089691162,14.23802089691162,14.061515538154374,14.090933097947248,15150000
2020-06-03,14.468009948730469,14.50010238829411,14.358364350808763,14.358364350808763,4263600
2020-06-04,14.510799407958984,14.526845628360036,14.387780935303928,14.406502035855755,3231000
2020-06-05,14.89590072631836,15.016244316237312,14.8076480462603,14.815671156288468,6157200
2020-06-08,15.109844207763672,15.1205421982475,14.92531726162105,14.96008458300463,8227200
2020-06-09,14.91461944580078,14.989499251374484,14.858459209057584,14.962756572973282,7328100
2020-06-10,14.724743843078612,14.938689876830232,14.724743843078612,14.925317006391172,6397500
2020-06-11,13.820825576782228,14.385104268596466,13.799431131264395,14.374407810963277,9177600
2020-06-12,13.949191093444824,14.165810410198544,13.692457768515077,14.165810410198544,8612700
2020-06-15,14.05081558227539,14.117673802473451,13.588160860789014,13.649669321590116,7377000
2020-06-16,14.334293365478516,14.47603138659266,14.080233349116924,14.459985168664227,7843500
2020-06-17,14.259414672851562,14.40917583063097,14.235346871758706,14.379758269071392,3997500
2020-06-18,14.246042251586914,14.288831150563947,14.139070004144331,14.18453378315183,10122300
2020-06-19,14.15778923034668,14.441265265994058,14.098954119476009,14.430568807791134,5762100
2020-06-22,14.074885368347168,14.13104560183647,13.946518683156876,14.104302924984724,18654000
2020-06-23,14.11767292022705,14.272783797763124,14.112324691415862,14.221971798428203,5816400
2020-06-24,13.665136337280272,13.98876425816732,13.589624287399646,13.98876425816732,8261100
2020-06-25,13.845829010009766,13.856617328365616,13.52759599451218,13.619289756261043,5684400
2020-06-26,13.492536544799805,13.7811036113118,13.4466904359044,13.7811036113118,6679800
2020-06-29,13.77840805053711,13.794588213598038,13.557262180474218,13.611200686861308,4705500
2020-06-30,13.956400871276855,14.021126146924,13.716377395395744,13.740649952453037,6525600
2020-07-01,13.824251174926758,14.091244640595836,13.821553710079638,14.031911216163932,3527400
2020-07-02,13.94021987915039,14.172152514534709,13.907858011258734,14.05349027470213,4249500
2020-07-06,14.08046054840088,14.212608588455174,14.021128649342009,14.134397516147075,5079900
2020-07-07,13.856614112854004,13.991458030390092,13.82964409480914,13.967185477101332,3806100
2020-07-08,13.880888938903809,13.948310137124906,13.767618548182208,13.87819147370604,2977500
2020-07-09,13.58423137664795,13.859312649973734,13.500626928323502,13.856616727880914,4715100
2020-07-10,13.88628101348877,13.89706778691557,13.584229753127998,13.584229753127998,3852900
2020-07-13,13.942913055419922,14.139786297038707,13.913247118794358,14.013031700259308,5597100
2020-07-14,14.112817764282228,14.14248370402421,13.81616145320651,13.902460264494014,4419900
2020-07-15,14.38250732421875,14.436444274847473,14.258450177331776,14.32587290878976,4310700
2020-07-16,14.409479141235352,14.48499274143442,14.26654433711473,14.328572153357047,3242100
2020-07-17,14.387901306152344,14.506565071522273,14.363628751461546,14.460717427052591,2973300
2020-07-20,14.261148452758787,14.374417290055154,14.231482510957898,14.374417290055154,3393600
2020-07-21,14.476900100708008,14.55510961350309,14.385206348793664,14.39059973580692,4019100
2020-07-22,14.568592071533203,14.573985457887089,14.422961380945942,14.4822917171828,2968500
2020-07-23,14.584776878356934,14.668379785740504,14.517354133479207,14.582079413019764,5166300
2020-07-24,14.520051956176758,14.649502518443846,14.471508381119708,14.582079771906743,3676500
2020-07-27,14.622530937194824,14.622530937194824,14.409475967480727,14.514655491507972,6987000
2020-07-28,14.53623390197754,14.638714441416386,14.52274966108223,14.584777477835146,2942700
2020-07-29,14.74928379058838,14.792433968229444,14.53353290238306,14.595562247224638,2665800
2020-07-30,14.741193771362305,14.75467955291183,14.54162457430192,14.700741056230228,3177300
2020-07-31,14.69534969329834,14.700743080757606,14.484992150663173,14.673774600288896,3535500
2020-08-03,14.757375717163086,14.816707601536086,14.654893652004668,14.754679795346616,3086400
2020-08-04,14.81131649017334,14.822103265440758,14.71153033150138,14.722318649941226,2759100
2020-08-05,14.97312831878662,14.98931002420893,14.8760411725975,14.88143456001415,6674700
2020-08-06,14.951549530029297,15.00279055575194,14.892219196767485,14.954246994657009,3921900
2020-08-07,15.16730499267578,15.16730499267578,14.894918107966127,14.91109981263646,3108900
2020-08-10,15.361477851867676,15.374960545592147,15.18617968586961,15.18617968586961,3801900
2020-08-11,15.442380905151367,15.650040899221816,15.39383735113386,15.52598532152949,5674500
2020-08-12,15.531384468078612,15.609593984999108,15.455870873220828,15.585321427400748,5242500
2020-08-13,15.428902626037598,15.507113687308882,15.380359053281772,15.461266036656388,3198600
2020-08-14,15.48823356628418,15.536777136061117,15.342601313781108,15.383054031399846,3313200
2020-08-17,15.418116569519045,15.504416944292895,15.399237398054495,15.496326091261295,3123600
2020-08-18,15.350690841674805,15.447777972853222,15.331813217049037,15.447777972853222,2900100
2020-08-19,15.304845809936523,15.445083129916313,15.275178323728818,15.380357856885896,3078600
2020-08-20,15.210453987121582,15.248210784506862,15.156517027861751,15.210453987121584,4014300
2020-08-21,15.19697380065918,15.22663975343355,15.137641895110434,15.191580411929133,3013800
2020-08-24,15.512502670288086,15.512502670288086,15.24820821939639,15.28596501043008,6674100
2020-08-25,15.431594848632812,15.577225517424194,15.372262978103825,15.547561125331532,3912600
2020-08-26,15.37766170501709,15.42350935601845,15.323724744471836,15.418115968598396,4856400
2020-08-27,15.472051620483398,15.544867745598436,15.396539573472545,15.423508051464118,4668300
2020-08-28,15.606898307800291,15.609594229905298,15.426206713525993,15.512505541160923,3647400
2020-08-31,15.447782516479492,15.593414799253786,15.442389128310372,15.593414799253786,4493400
2020-09-01,15.49632453918457,15.504415391405812,15.350692285546785,15.447779425857126,3708600
2020-09-02,15.787588119506836,15.825344916955586,15.520596158473788,15.555657033858411,4943400
2020-09-03,15.434300422668455,15.908952549954147,15.326423396021797,15.771411115628192,7558500
2020-09-04,15.461265563964844,15.644653074623484,15.256301418105098,15.552959319294164,7248300
2020-09-08,15.086398124694824,15.35878346825793,15.05673218030268,15.35878346825793,7311000
2020-09-09,15.26439094543457,15.38035724791905,15.191574823261888,15.223938230081822,4958400
2020-09-10,15.037850379943848,15.356083317025355,14.9920042819526,15.310235675862074,5314200
2020-09-11,15.14302921295166,15.20505701009088,15.032456312132735,15.099879038462126,4778100
2020-09-14,15.369572639465332,15.442387228722882,15.25630224281187,15.283270723512622,3376200
2020-09-15,15.345304489135742,15.480148474548162,15.323729389742844,15.439694198703451,3994800
2020-09-16,15.442380905151367,15.620376508501831,15.374958187836336,15.445078369385802,3739200
2020-09-17,15.40463161468506,15.453175187451723,15.18618322247654,15.267090205869216,4752300
2020-09-18,15.26439094543457,15.450475905132684,15.202363139925923,15.428900814976782,4206600
2020-09-21,14.870641708374023,15.04593986293677,14.695345096983171,15.04593986293677,6561300
2020-09-22,14.870641708374023,15.002789690414115,14.773554591784,14.892218337807249,4493400
2020-09-23,14.580026626586914,15.004925989359236,14.577303891793372,14.925938626982886,4332000
2020-09-24,14.629050254821776,14.789749225649857,14.419324928399297,14.558234234683225,4995600
2020-09-25,14.781577110290527,14.833327755609846,14.525548176060084,14.55278486564299,4229100
2020-09-28,15.105700492858888,15.162898168805384,14.980407970660227,14.980407970660227,5968200
2020-09-29,14.958622932434082,15.116597646834755,14.890529630734433,15.111150619084412,6111900
2020-09-30,15.062119483947754,15.206477377469133,14.95044842552299,15.004921808458043,4935600
2020-10-01,15.053951263427734,15.187413572721404,14.947727209727937,15.13838720628458,4379700
2020-10-02,15.122048377990724,15.20648434213996,14.808821607094927,14.827888546670795,6087900
2020-10-05,15.451615333557127,15.473405004944302,15.25823102592081,15.25823102592081,3478500
2020-10-06,15.350836753845217,15.718538395586531,15.318153029312697,15.511535758973633,4992900
2020-10-07,15.664058685302734,15.69674239990741,15.492464118439466,15.492464118439466,3791700
2020-10-08,15.898307800292969,15.914650446983144,15.764845449857482,15.797529184717265,3668700
2020-10-09,15.928260803222656,16.03720912892734,15.884681472940784,16.007248144543578,3991500
2020-10-12,16.02903938293457,16.064447397448916,15.95822335390588,15.988184341230312,3940500
2020-10-13,15.895578384399414,16.023593664195424,15.84927631172432,16.020869371118035,3907800
2020-10-14,15.887405395507812,16.02903900877907,15.87923407565371,15.930986287569656,3839700
2020-10-15,15.969117164611816,15.982735511638763,15.713088188353384,15.737602148113844,4079100
2020-10-16,15.996356010437012,16.07534180271467,15.947328089097814,16.039933787427454,3622500
2020-10-19,15.792075157165527,16.110748802352905,15.764836907933654,16.034484198135218,4459800
2020-10-20,15.835653305053713,15.993629543697104,15.79207553398628,15.876509900616556,7688700
2020-10-21,15.721258163452148,15.871061526454092,15.721258163452148,15.8247594622272,3501900
2020-10-22,15.90102481842041,15.92281604518586,15.683128135966005,15.745774406246651,3531000
2020-10-23,15.988183975219728,16.029039015988708,15.862893001600316,15.985459682427166,2866500
2020-10-26,15.623207092285156,15.811142778570044,15.46523083493443,15.811142778570044,5844900
2020-10-27,15.399864196777344,15.639550574683424,15.397139903492432,15.636827839918698,4732800
2020-10-28,14.925935745239258,15.203754385835134,14.9068703712846,15.11659571886544,7518900
2020-10-29,15.122048377990724,15.228274016997752,14.778860609350406,14.893257571244169,5783400
2020-10-30,15.119321823120115,15.132941731574824,14.893255343983814,15.029440401848644,6378000
2020-11-02,15.457061767578123,15.487021197857814,15.222820884638605,15.320875171484914,4733700
2020-11-03,15.732154846191406,15.816590786576135,15.617759475014724,15.639549143739808,4990500
2020-11-04,15.544215202331545,15.832929408538435,15.424372834025752,15.72942811873822,5957400
2020-11-05,15.914642333984377,16.015419339665204,15.797521131424782,15.8084167431707,4603200
2020-11-06,15.80569839477539,15.969121722785635,15.753949284709853,15.95277907828054,4346100
2020-11-09,16.557443618774414,16.93604095985527,16.541102532078604,16.557443618774414,9910800
2020-11-10,16.731760025024414,16.769890780034718,16.51931034509186,16.62553440579804,7823100
2020-11-11,16.729036331176758,16.88701261902949,16.606469623348435,16.88701261902949,3905100
2020-11-12,16.440317153930664,16.636424121598353,16.3068548831564,16.636424121598353,5298000
2020-11-13,16.75354766845703,16.78895724622168,16.541099552990023,16.541099552990023,3876300
2020-11-16,17.12669563293457,17.132144219142614,16.876115215567463,17.031365635054886,6069300
2020-11-17,17.091285705566406,17.134863476747444,16.85976915282609,17.01774539188133,4402800
2020-11-18,16.914243698120117,17.24381139718989,16.914243698120117,17.148482979406545,7611600
2020-11-19,16.965991973876953,16.976887584784553,16.753542367115454,16.881557613051577,5473800
2020-11-20,16.848875045776367,16.976888741918167,16.846150753233868,16.94148073146447,6327000
2020-11-23,17.1185245513916,17.14576124625244,16.960548292454813,16.960548292454813,4363500
2020-11-24,17.543418884277344,17.546143176642513,17.28194292392879,17.30373258729117,8588100
2020-11-25,17.380002975463867,17.483504300528665,17.31735669836246,17.483504300528665,4734300
2020-11-27,17.344594955444336,17.437200665939695,17.301014055688675,17.420858023346344,2100600
2020-11-30,17.110347747802734,17.306454693289478,17.080386769649547,17.306454693289478,5607600
2020-12-01,17.33370018005371,17.483505146878322,17.306463480092965,17.347318530034084,3943200
2020-12-02,17.412687301635742,17.423582916579882,17.276502245215525,17.303738944795523,4131000
2020-12-03,17.4508113861084,17.532523004832257,17.377271085108873,17.437193042741004,12800400
2020-12-04,17.736804962158203,17.736804962158203,17.50256566706359,17.5107369864878,3894900
2020-12-07,17.619686126708984,17.704122058970956,17.54069877999416,17.704122058970956,5079900
2020-12-08,17.731359481811523,17.758596176587776,17.518909833812867,17.548870821474726,3642600
2020-12-09,17.747699737548828,17.856648070103095,17.63875140499456,17.79945039032709,5821200
2020-12-10,17.665781021118164,17.71251643670311,17.594303049096474,17.68227605874266,4842600
2020-12-11,17.566810607910156,17.59705098283997,17.448600378257076,17.547567447979006,5712600
2020-12-14,17.34137725830078,17.73449882851998,17.34137725830078,17.731750705663057,5212800
2020-12-15,17.572307586669922,17.597048564173217,17.37162220474355,17.484336170984882,4282200
2020-12-16,17.591556549072266,17.63554227142983,17.531075787567236,17.597054371103585,5225700
2020-12-17,17.630041122436523,17.66852744244651,17.539319997298946,17.66852744244651,4751400
2020-12-18,17.577808380126953,17.64653665015097,17.451349055426196,17.63828913190383,4372800
2020-12-21,17.456851959228516,17.51458302551176,17.19568573907386,17.38537397773412,5814900
2020-12-22,17.360624313354492,17.45684481518738,17.357876189879764,17.45684481518738,3897600
2020-12-23,17.517330169677734,17.583308752173465,17.4568509821801,17.4568509821801,3600900
2020-12-24,17.547571182250977,17.547571182250977,17.429359354388207,17.547571182250977,1757100
2020-12-28,17.55581283569336,17.720760029285703,17.536568105044207,17.657529590085662,3928200
2020-12-29,17.454097747802734,17.627290901863304,17.388117605623655,17.62454277797462,4710300
2020-12-30,17.53107452392578,17.58605745943632,17.48159098310368,17.48708880473871,3286500
2020-12-31,17.632787704467773,17.65753025635614,17.459594560408444,17.525573125724343,3119400
2021-01-04,17.38262176513672,17.715262742449017,17.220422675883576,17.701517403524033,7476900
2021-01-05,17.522825241088867,17.619042607065968,17.346880824792677,17.371623377018647,4403100
2021-01-06,18.00666618347168,18.14137458350732,17.632787647881425,17.632787647881425,6752700
2021-01-07,18.127628326416016,18.19635659077293,18.02866126171732,18.105635470588176,6633300
2021-01-08,18.072643280029297,18.193603175836348,17.882953560857892,18.185355659954737,5717400
2021-01-11,18.146875381469727,18.18261515628471,17.91045331035096,17.957187155860574,4843800
2021-01-12,18.309070587158203,18.32831374613405,18.11938082901055,18.174363755167885,5135100
2021-01-13,18.24034309387207,18.309071361211085,18.17986234445799,18.2898266283685,4539300
2021-01-14,18.32831764221192,18.432784122980262,18.22660085890454,18.27333627742024,4691700
2021-01-15,18.108386993408203,18.212851889334225,17.96543262958599,18.207355641139472,5418900
2021-01-19,18.22659683227539,18.27883006112017,18.1716139065771,18.22109743856838,5773200
2021-01-20,18.251338958740234,18.27883120984368,18.163367530536952,18.276081512817363,4712400
2021-01-21,18.201854705810547,18.281580185897194,18.166116511144025,18.278830488979324,4641000
2021-01-22,18.0671501159668,18.116633650954466,17.904951025903745,18.042407561946355,4927800
2021-01-25,18.100135803222656,18.16886406056755,17.92419297455058,18.025909725745,5772600
2021-01-26,18.07814598083496,18.182612446138336,18.031410569237863,18.15512019475892,4226400
2021-01-27,17.731754302978516,17.940685615962476,17.657528228889255,17.88570427103882,7789200
2021-01-28,17.863718032836914,17.990177375259343,17.808735094501888,17.838975474628132,7250700
2021-01-29,17.473342895507812,17.860968409651505,17.418361534839875,17.827978334808066,9219000
2021-02-01,17.657529830932617,17.693268022986054,17.43485158846155,17.613544121781768,7594500
2021-02-02,17.847217559814453,17.913196121894888,17.737253289680392,17.830724099084097,4575300
2021-02-03,17.915945053100586,17.94068602966559,17.764744778021026,17.852716190369772,4812600
2021-02-04,18.0671501159668,18.078145757940405,17.86921440296291,17.91319854391056,4664700
2021-02-05,18.152368545532227,18.22384492452074,18.100135323024336,18.17711109505268,4543800
2021-02-08,18.36955451965332,18.377802039366124,18.226601706107505,18.24859456765713,4776000
2021-02-09,18.388790130615234,18.421778620041263,18.26233084620113,18.3585497643606,4044300
2021-02-10,18.40254211425781,18.49601136996249,18.309072858553133,18.4850157271988,4554300
2021-02-11,18.336565017700195,18.46027466056449,18.1963603363064,18.46027466056449,4651200
2021-02-12,18.424535751342773,18.44652861085276,18.28158295105455,18.30082611323077,3657000
2021-02-16,18.520750045776367,18.56473575372305,18.46576712431652,18.518000349134827,4648500
2021-02-17,18.545494079589844,18.57848257666165,18.413536945196373,18.476765815531657,3990600
2021-02-18,18.482267379760746,18.51525745656777,18.37780090060975,18.47127173619403,4298700
2021-02-19,18.636215209960938,18.677452801121312,18.548243779556483,18.548243779556483,3796200
2021-02-22,18.79291534423828,18.86714143698776,18.58123428157099,18.58123428157099,5275500
2021-02-23,18.83690071105957,18.889133944731213,18.6307174734806,18.82590506873568,7680000
2021-02-24,19.161291122436523,19.18328397481996,18.81765300057701,18.85613931245836,7028400
2021-02-25,18.773670196533203,19.18603667025293,18.70494349961542,19.144800652102266,14103600
2021-02-26,18.53175163269043,18.7764228015486,18.405293861555805,18.7764228015486,9713100
2021-03-01,18.996347427368164,19.111809530296167,18.77092104235322,18.77092104235322,5799900
2021-03-02,18.9276180267334,19.06782266297042,18.9083732969628,19.00459222665695,5798100
2021-03-03,18.97710227966309,19.22727119183229,18.94136408836077,18.94136408836077,7123200
2021-03-04,18.78741836547852,19.08982057130129,18.50700901875097,18.990851918846065,10848900
2021-03-05,19.29050636291504,19.348237427200843,18.737935132809667,18.996351646370403,11131800
2021-03-08,19.54616928100586,19.735857460009427,19.33723637059127,19.386719901406742,9854700
2021-03-09,19.43620491027832,19.67262692215365,19.41696017896136,19.631390908851145,8601900
2021-03-10,19.75785446166992,19.82108334358972,19.50218766357209,19.54067398836497,8439300
2021-03-11,19.760597229003903,19.936540059400294,19.700118060844886,19.829325487022366,8237400
2021-03-12,19.94479179382324,19.95853870677631,19.810086518973733,19.834827501571947,5784000
2021-03-15,19.96678352355957,19.986028256773974,19.75235434558113,19.97778073868969,6927600
2021-03-16,19.801834106445312,19.95853377407044,19.73860367086976,19.953034381027045,7235700
2021-03-17,19.889806747436523,19.89530456776668,19.6588809899867,19.793587812920183,8609700
2021-03-18,19.862314224243164,20.142723506881925,19.799085358690625,19.88980647161875,13691700
2021-03-19,19.7880916595459,19.95028917084676,19.645137307548143,19.85132053130168,7164900
2021-03-22,19.856822967529297,19.89805898937676,19.694623858323787,19.777097475072104,5637600
2021-03-23,19.636892318725582,19.865068428090613,19.587408779107,19.82108270997334,6622500
2021-03-24,19.67648696899414,19.909048902635668,19.67094857308126,19.687560592401187,5940300
2021-03-25,19.9339599609375,19.96995160073857,19.58511559825274,19.66817408159841,9449400
2021-03-26,20.396318435668945,20.415698062717976,19.99487040395256,20.014250031001584,7816500
2021-03-29,20.360321044921875,20.435073509146303,20.219122121854465,20.26618895761312,7088400
2021-03-30,20.26619338989257,20.360325497788324,20.185904099257183,20.33263986326761,9015000
2021-03-31,20.18867492675781,20.27173342123633,20.16375690315155,20.266195026517824,5739900
2021-04-01,20.29941940307617,20.310493024283414,20.105616774068043,20.232972923205587,6459900
2021-04-05,20.55689811706543,20.60396496497708,20.412931544503383,20.44892318764389,7335000
2021-04-06,20.482147216796875,20.54582608468308,20.44615557087423,20.52644487088768,6890400
2021-04-07,20.4350814819336,20.5209091815553,20.37971020339883,20.473842327433424,5266200
2021-04-08,20.443384170532227,20.468302192351658,20.35201967473655,20.45999618507852,4731000
2021-04-09,20.559669494628903,20.562438692380976,20.440620922847096,20.46276975223592,5246400
2021-04-12,20.615039825439453,20.6205782202626,20.534750526803283,20.55413174026621,5486100
2021-04-13,20.498756408691406,20.581814894719635,20.432309936710595,20.581814894719635,5101200
2021-04-14,20.55135726928711,20.61780373223305,20.465529597851543,20.49875362142884,5526300
2021-04-15,20.645496368408203,20.68148801669152,20.56243786548792,20.63442116205455,4539600
2021-04-16,20.817148208618164,20.847603042937383,20.75347092681099,20.764544547903967,4830600
2021-04-19,20.723018646240234,20.81715077396677,20.65933977237673,20.76731472027988,6002700
2021-04-20,20.59843063354492,20.670415518233977,20.534753342229607,20.63996067936731,6845700
2021-04-21,20.83099365234375,20.84483647255904,20.59566254026532,20.61227455820736,5820300
2021-04-22,20.56797218322754,20.819916859087343,20.543055744318348,20.819916859087343,6918600
2021-04-23,20.753467559814453,20.83652445716388,20.562432576967968,20.58735059669806,4864500
2021-04-26,20.71470832824707,20.819915640755344,20.673178292147018,20.775616407512324,4575600
2021-04-27,20.68979263305664,20.709172262609886,20.623346152033857,20.709172262609886,5881800
2021-04-28,20.56520271301269,20.648261198363784,20.54859069910071,20.64549200130884,5055300
2021-04-29,20.739625930786133,20.74793193847275,20.56520452199414,20.63718780966617,6778500
2021-04-30,20.63442039489746,20.667644428514024,20.56520629854481,20.667644428514024,5224500
2021-05-03,20.84483337402344,20.936197874914324,20.745164449605188,20.74793206271131,4822500
2021-05-04,20.9721908569336,20.9721908569336,20.77008221367902,20.822685876559227,6338700
2021-05-05,21.074626922607425,21.12169377010668,20.922354343853435,21.00818044718968,6606900
2021-05-06,21.34041213989257,21.343181337024525,21.074626246745325,21.0940074582512,5869500
2021-05-07,21.43177795410156,21.453926779894005,21.23520771927201,21.31826621204592,6787200
2021-05-10,21.45392608642578,21.70863836691013,21.44838927620889,21.52591095608114,7428900
2021-05-11,21.23243904113769,21.38748082547581,21.11062128840512,21.30719152804113,8487900
2021-05-12,20.85590934753418,21.21029057489484,20.81991770215649,21.146611707972816,8588700
2021-05-13,21.224130630493164,21.32656874266504,20.855906632402203,20.87528625917216,7327800
2021-05-14,21.417932510375977,21.4677669662475,21.30718839498993,21.33487402778424,5982900
2021-05-17,21.43177795410156,21.459463590289868,21.296115802044493,21.40132312061084,5158200
2021-05-18,21.196441650390625,21.41792985368925,21.17982963909108,21.40962384803948,5512800
2021-05-19,21.1106185913086,21.1106185913086,20.806070287863736,20.994336079754515,7296000
2021-05-20,21.235206604003903,21.31272669810162,21.058014422761484,21.10785046633384,5183100
2021-05-21,21.26565742492676,21.40685636385085,21.207516964936023,21.315493462812004,5405100
2021-05-24,21.332109451293945,21.412400338522293,21.31272982098211,21.387482313084963,4591800
2021-05-25,21.182601928710938,21.38471213713455,21.15214868021569,21.38471213713455,4702500
2021-05-26,21.17983627319336,21.22967073849292,21.10508378313948,21.19644828969624,5132100
2021-05-27,21.26289367675781,21.33764616296299,21.22690203232736,21.24904927424548,4266300
2021-05-28,21.29888153076172,21.340409978281148,21.251814689539387,21.33210397193552,5160600
2021-06-01,21.312726974487305,21.49545438399553,21.26012331728469,21.44838912117872,5259300
2021-06-02,21.376405715942383,21.40962816102557,21.276735212275003,21.33210648214995,4914000
2021-06-03,21.362564086914062,21.40686174224698,21.229671120915302,21.29058079305035,4826400
2021-06-04,21.498226165771484,21.50653217413983,21.404094044612084,21.442854888928,4301400
2021-06-07,21.404090881347656,21.53144543294988,21.348718028478487,21.50929819285286,4659600
2021-06-08,21.38194465637207,21.42347311291576,21.28504334022772,21.42347311291576,4594500
2021-06-09,21.31550025939941,21.420707593980467,21.296119043750195,21.4040955760552,4938300
2021-06-10,21.376405715942383,21.489917452869587,21.3099592415671,21.40685896384825,4189500
2021-06-11,21.40962791442871,21.4373135490473,21.33210623644599,21.426239928883422,3263400
2021-06-14,21.304420471191406,21.395784965923188,21.174296721914825,21.395784965923188,5109300
2021-06-15,21.29334831237793,21.31826633561723,21.210289819122583,21.3099603278708,4030500
2021-06-16,21.132768630981445,21.29334881082313,21.049710135781822,21.29334881082313,4643700
2021-06-17,20.85314178466797,21.15491937422066,20.753472848764865,21.1161585283876,6851100
2021-06-18,20.47937774658203,20.70086441274371,20.46553334475105,20.70086441274371,10156500
2021-06-21,20.85037040710449,20.861445612274228,20.62057772218376,20.6288821457998,6276900
2021-06-22,20.87805557250977,20.927890030344937,20.739624234665943,20.855906748559818,5074500
2021-06-23,20.783246994018555,20.90594496532572,20.774881078189857,20.89200230415632,4851300
2021-06-24,20.92267417907715,20.942193583144924,20.822284797329093,20.89199969008844,3795000
2021-06-25,21.05931282043457,21.08441056432941,20.92825054768778,20.95613586603645,4634100
2021-06-28,20.99796867370605,21.08162623727367,20.94777477381961,21.08162623727367,7838400
2021-06-29,20.97565650939941,21.089986950942617,20.94498202148245,21.042582229681425,5953800
2021-06-30,21.087203979492188,21.115089303454464,20.964506001041567,20.967295171691948,3409200
2021-07-01,21.184799194335938,21.195952683026547,21.10950756095179,21.14018204830348,3553800
2021-07-02,21.212684631347656,21.24056994886648,21.159701570680888,21.24056994886648,3410400
2021-07-06,20.98681259155273,21.19316652234517,20.852961134449224,21.182013032070827,5560500
2021-07-07,21.081621170043945,21.08998548831846,20.94219139906649,20.972865884856137,4348800
2021-07-08,20.891996383666992,20.96728800915341,20.780453530286152,20.864111069230493,5113200
2021-07-09,21.20153045654297,21.215474711535627,21.01748511913386,21.02306186374987,4080900
2021-07-12,21.251724243164062,21.2851863038156,21.07883240883208,21.145758125770108,4570800
2021-07-13,21.137392044067383,21.268454307001857,21.112295897686497,21.237781416495768,3758700
2021-07-14,21.162492752075195,21.20710990259995,21.06210336557692,21.1736462418888,3708300
2021-07-15,21.20431900024414,21.20431900024414,21.0704675596036,21.07883347409801,4116900
2021-07-16,21.039794921875,21.262882271528888,21.00912043124303,21.25730393095204,3848400
2021-07-19,20.699583053588867,20.850164693595968,20.54899981794709,20.81391346939233,10718100
2021-07-20,20.97565650939941,21.08441020649454,20.738628116188348,20.76930260410532,6145200
2021-07-21,21.137392044067383,21.19874101634945,21.07046632766011,21.073255497540185,3898500
2021-07-22,20.97565650939941,21.115084694411507,20.942192851440893,21.115084694411507,4411800
2021-07-23,21.14018821716309,21.16249679668912,21.01191348597953,21.05374306986301,4689300
2021-07-26,21.19316291809082,21.218260660392648,21.101141054254047,21.10950696835465,3163800
2021-07-27,21.17643547058105,21.1959548756263,21.009120357834057,21.126239979375853,3277200
2021-07-28,21.148548126220703,21.21826142016376,21.05931223783056,21.20152959136342,3359400
2021-07-29,21.279613494873047,21.31865390254869,21.215476935976472,21.24893900281613,3548400
2021-07-30,21.223840713500977,21.32701766967913,21.18480030975827,21.24893686219372,3696900
2021-08-02,21.18758773803711,21.438558778142404,21.17643265404123,21.315860832362507,4251900
2021-08-03,21.435768127441406,21.435768127441406,21.1206605619412,21.237780159814992,4041600
2021-08-04,21.16527938842773,21.33538206780809,21.15970264376816,21.324228578488945,5029800
2021-08-05,21.28239822387696,21.290764137749804,21.223838422401933,21.234991910475784,3865500
2021-08-06,21.34932327270508,21.377208587654057,21.29076347305828,21.31585961825841,4249500
2021-08-09,21.332595825195312,21.38000214684928,21.276823588212103,21.349327655853795,3432000
2021-08-10,21.52500915527344,21.52779832586242,21.315866038889588,21.357695619547567,3235800
2021-08-11,21.639339447021484,21.644916192108496,21.53058573746629,21.569624548710586,3741900
2021-08-12,21.658855438232425,21.664433778075253,21.55567849002957,21.63933603568741,4275000
2021-08-13,21.70347595214844,21.720207783004245,21.64491613978833,21.678379801499943,3357300
2021-08-16,21.7871322631836,21.7871322631836,21.55289143152141,21.65328081527238,4153800
2021-08-17,21.639339447021484,21.68116902426211,21.466447584242403,21.67559068353988,5718600
2021-08-18,21.329811096191406,21.63097611004756,21.313079263300672,21.5724162905654,4628400
2021-08-19,21.332595825195312,21.393944807186283,21.15133804954388,21.17085905052384,6062700
2021-08-20,21.449716567993164,21.497122892121265,21.290768955347705,21.33538451337348,3156900
2021-08-23,21.58356475830078,21.670011477691386,21.541736781445195,21.55010269594332,3688200
2021-08-24,21.56683349609375,21.63097004333969,21.55567841208339,21.6114490452303,3104700
2021-08-25,21.608661651611328,21.695106771965744,21.513850617087943,21.56962125070112,4671300
2021-08-26,21.499902725219727,21.619809877427485,21.48317090095461,21.611443965294928,5481000
2021-08-27,21.678380966186523,21.69790037281018,21.53058684216872,21.55010624879238,3064500
2021-08-30,21.650489807128903,21.748091608034755,21.64491306284814,21.71462795108018,3612600
2021-08-31,21.66722297668457,21.678378061571525,21.59750967977266,21.6560694874327,3486600
2021-09-01,21.56683349609375,21.681165527933864,21.50269535321285,21.681165527933864,5623500
2021-09-02,21.70347595214844,21.709054292857186,21.603088158284027,21.630973479286894,4252500
2021-09-03,21.69232177734375,21.72857301263036,21.642127881995776,21.68953260707741,3070200
2021-09-07,21.405092239379883,21.656064841324167,21.38836200909139,21.656064841324167,5416200
2021-09-08,21.41625022888184,21.44134637553845,21.304707366977528,21.37720982830659,4637400
2021-09-09,21.301921844482425,21.460871048275205,21.268458182363844,21.39115614928499,3582300
2021-09-10,21.20153045654297,21.416251878427865,21.19595371192696,21.38557738958717,4104300
2021-09-13,21.3047103881836,21.402309010009667,21.19595508513253,21.33538328337639,4018200
2021-09-14,21.156911849975582,21.379997558764494,21.095562881149924,21.37163164523056,6301500
2021-09-15,21.346540451049805,21.396735947647084,21.126242248789325,21.16528265870876,4372500
2021-09-16,21.20431900024414,21.38000001335676,21.09556530308684,21.35490226987352,4325400
2021-09-17,21.06767845153809,21.17364457459901,21.014696985642665,21.156914341196003,6664200
2021-09-20,20.774877548217773,20.86411343668289,20.549004241763484,20.78045588824592,12579900
2021-09-21,20.699583053588867,20.92545631141685,20.66054265997161,20.878051600828105,7194600
2021-09-22,20.881446838378903,21.021988007890823,20.811177861976724,20.867394651452244,5871300
2021-09-23,21.16252326965332,21.26371282681,20.96857836081926,20.985443555070947,6086400
2021-09-24,21.20469093322754,21.28058271574909,21.12036655171984,21.12598774825933,5298900
2021-09-27,21.342416763305664,21.39301235169636,21.21593100903618,21.21593100903618,7365000
2021-09-28,21.08944702148437,21.32555496202611,21.05009543000179,21.28058217414709,8213400
2021-09-29,21.19063186645508,21.280579037308325,21.064146120234035,21.137228096030203,3685800
2021-09-30,20.86739921569824,21.30026199508769,20.86177640967319,21.280586999062404,18546600
2021-10-01,21.14566230773925,21.252471465095944,20.81679741243601,20.996688551167665,6019800
2021-10-04,21.06134033203125,21.272150485275624,20.951718151666032,21.131609310876826,13274700
2021-10-05,21.18782997131348,21.29463916033341,21.005127376244904,21.103505572946894,4444500
2021-10-06,21.221555709838867,21.221555709838867,20.91517718338925,21.05290695017204,5120400
2021-10-07,21.38176727294922,21.53355081375776,21.35365968638573,21.35365968638573,3742800
2021-10-08,21.37614822387696,21.44079600113556,21.322742839031275,21.37895801780333,3387900
2021-10-11,21.27214813232422,21.522308242709908,21.26933673013984,21.387389888225385,3823500
2021-10-12,21.168148040771484,21.32836419652005,21.11193286157433,21.30025660692148,4632600
2021-10-13,21.221555709838867,21.27495948843447,20.993880366794777,21.193446510991883,4860900
2021-10-14,21.547607421875,21.547607421875,21.30868968816759,21.353662475885542,3778200
2021-10-15,21.64317512512207,21.71344409851252,21.598200730456995,21.64317512512207,4193700
2021-10-18,21.57290267944336,21.66847105548808,21.46328211724074,21.54760649266397,4461600
2021-10-19,21.7640380859375,21.7640380859375,21.56728335204612,21.64879471785596,4916100
2021-10-20,21.974851608276367,21.98890701347669,21.74998764202655,21.775285441362385,4138200
2021-10-21,21.8652286529541,21.93268783550192,21.76966187976648,21.927065030690933,5559000
2021-10-22,21.92425346374512,21.98328004265708,21.83711929646625,21.89052307102192,4053900
2021-10-25,21.977659225463867,22.011388010414777,21.85679466337856,21.95517283271204,4317300
2021-10-26,21.918630599975582,22.002953358660267,21.913009404400647,21.97765717439628,4872000
2021-10-27,21.61787796020508,21.89895707867236,21.60663395912244,21.89895707867236,4028700
2021-10-28,21.79495620727539,21.80057740325269,21.65160525555552,21.657226451532825,3290400
2021-10-29,21.786527633666992,21.85398843127093,21.738745046502785,21.764041237250325,3973200
2021-11-01,21.834306716918945,21.8708469014963,21.76965894549033,21.839927912618485,3961200
2021-11-02,21.98328018188477,22.019820368663893,21.83711943476825,21.873659621547382,4212000
2021-11-03,22.11257743835449,22.13506383096028,21.87646951181693,21.890523306151334,4461600
2021-11-04,22.03949737548828,22.14911793785578,21.91582141023436,22.14911793785578,4650900
2021-11-05,22.17441749572754,22.284038066809057,22.06198552217452,22.149119698545427,5215200
2021-11-08,22.15755081176757,22.269982777781152,22.08728022987645,22.21376599059751,4975500
2021-11-09,22.11539077758789,22.15474076182932,22.04512019140739,22.15474076182932,4357200
2021-11-10,22.14349937438965,22.23063355419357,22.11258037940016,22.115391781982435,4077000
2021-11-11,22.182846069335938,22.20533085161248,22.118196691053534,22.19408846047421,3576300
2021-11-12,22.24468421936035,22.295279808596444,22.14349625759548,22.23063042513488,3892500
2021-11-15,22.258739471435547,22.317766050124888,22.20814388254156,22.306522049808343,4216800
2021-11-16,22.28403663635254,22.379605014003246,22.26717304766745,22.2980904311003,4032300
2021-11-17,22.196901321411133,22.25592789965062,22.146305732902743,22.25592789965062,3454500
2021-11-18,22.10976791381836,22.16879610673097,22.00014734368826,22.151930908755936,3879300
2021-11-19,21.96922874450684,22.08166071910206,21.95236354622909,22.08166071910206,5141700
2021-11-22,22.073226928710938,22.2952810717738,21.99452374656484,22.017011748624075,5799000
2021-11-23,22.196901321411133,22.225008909457816,22.03949657665462,22.053550370677964,5268300
2021-11-24,22.129440307617188,22.182845685483667,22.06760233236616,22.15192669785815,4343100
2021-11-26,21.72468376159668,21.86522490742852,21.6234958092854,21.86241350550462,8369400
2021-11-29,21.79776763916016,21.91019960062769,21.71063347215544,21.88490180616488,7036500
2021-11-30,21.33960723876953,21.674091721686764,21.317120846430043,21.67128192786536,9491100
2021-12-01,21.24123191833496,21.80058039962002,21.232799319033173,21.56166265003356,7119600
2021-12-02,21.558853149414062,21.68814871819185,21.258095798067625,21.308691394567337,7744200
2021-12-03,21.59820556640625,21.707827762806254,21.43236978706108,21.64879956024637,7710600
2021-12-06,21.811824798583984,21.94393177055813,21.733121609237,21.7809058033658,5594100
2021-12-07,22.045116424560547,22.08727780405245,21.89333288502403,21.927061666946848,4682100
2021-12-08,21.99411964416504,22.110279655411865,21.894957591355144,22.081948103514502,5704500
2021-12-09,21.94595718383789,22.039453261045644,21.869460688153243,21.91479182476864,6639600
2021-12-10,22.17827796936035,22.17827796936035,22.016786814838145,22.110281267148565,7415700
2021-12-13,22.104616165161133,22.209444215953106,22.03945326420565,22.18677864764216,5590800
2021-12-14,22.09044647216797,22.206608097110884,21.999784214993703,22.01394999003105,8023500
2021-12-15,22.37944221496582,22.385108203125,22.059290377011504,22.124454914936035,5975400
2021-12-16,22.540929794311523,22.637258055294936,22.4332679384757,22.447433716164205,8395200
2021-12-17,22.271772384643555,22.501261845460668,22.268940202159712,22.48709606953405,7888800
2021-12-20,22.124446868896484,22.138612644727587,21.9176229751903,22.079115737769303,9898800
2021-12-21,22.300107955932617,22.31993972012886,22.14428116164316,22.21794385285128,6453600
2021-12-22,22.42476463317871,22.43043061913226,22.212274758814303,22.29160504684033,4855800
2021-12-23,22.552265167236328,22.631595479652383,22.48143626811797,22.489934439076507,5688900
2021-12-27,22.818584442138672,22.818584442138672,22.563597180861898,22.597594725819715,5518800
2021-12-28,22.86391258239746,22.90641153447937,22.804415670652045,22.812915461068425,6584100
2021-12-29,22.909242630004883,22.96023974891383,22.83841374851168,22.84691191735552,5178300
2021-12-30,22.86674690246582,23.022572073832485,22.85258112517515,22.940409592845025,4984200
2021-12-31,22.9007511138916,22.97724763047733,22.85258778130894,22.85258778130894,4047600
2022-01-03,22.895076751708984,22.94607549155992,22.77324913068039,22.92057612163445,8928300
2022-01-04,23.1727294921875,23.23222640074092,22.971573200356005,22.971573200356005,7969500
2022-01-05,23.02540397644043,23.368221270542183,23.019736369056726,23.21806209825729,9767700
2022-01-06,23.093402862548828,23.17273154057603,22.9772412177144,23.079237085085733,10201500
2022-01-07,23.133066177368164,23.186897100159968,23.02540433178456,23.05090370189726,8449500
2022-01-10,23.133066177368164,23.161397730047263,22.91490868246537,23.113232793557444,12178500
2022-01-11,23.215232849121094,23.215232849121094,22.920580432958506,23.121736762977104,8802000
2022-01-12,23.20389747619629,23.280393973333783,23.093403436536214,23.240728822749645,10553100
2022-01-13,23.1727294921875,23.36255543268712,23.107566597383567,23.246393798120973,9165600
2022-01-14,23.150070190429688,23.158569982094875,22.95741202874765,23.008409157569268,8229000
2022-01-18,22.88091278076172,22.99424062075665,22.77608473141257,22.982908647341805,14785500
2022-01-19,22.6174259185791,22.878080763032425,22.6060923239132,22.855413573700616,11593500
2022-01-20,22.300107955932617,22.770418900420108,22.271774779863154,22.628757883580725,11585400
2022-01-21,22.00262260437012,22.36810551271811,21.98562302231454,22.30577479262725,27423000
2022-01-24,22.093280792236328,22.13861192188341,21.43031180527096,21.815628028440223,28006200
2022-01-25,22.107446670532227,22.280271400470223,21.59180466310369,21.85529165275796,15238500
2022-01-26,21.93178939819336,22.300106065346977,21.73346528836744,22.198110206716525,17263500
2022-01-27,21.84396171569824,22.302939042974465,21.733466063145418,22.08194935903805,12460800
2022-01-28,22.11878204345703,22.12728183425852,21.56630861071507,21.80146408565842,11340900
2022-01-31,22.27461051940918,22.277442702443714,21.94029295479453,22.00545586096117,8006400
2022-02-01,22.40776824951172,22.433267621692547,22.144281221653777,22.297274212400104,10737300
2022-02-02,22.589092254638672,22.64008937295061,22.37660237030825,22.40776610509893,9663000
2022-02-03,22.33976936340332,22.591924393115463,22.31426999371249,22.50976191900388,8540100
2022-02-04,22.251941680908203,22.402100858275045,22.06778334276513,22.232109917901543,6971400
2022-02-07,22.30860710144043,22.424767121639267,22.20094525053041,22.28877371664848,7850700
2022-02-08,22.489933013916016,22.52676436335752,22.300110279372,22.365273186665505,7542900
2022-02-09,22.59475898742676,22.659923509869348,22.55226165457498,22.62309216383061,8477700
2022-02-10,22.21511459350586,22.608929094652307,22.11311871280592,22.382271762115728,11459100
2022-02-11,22.062116622924805,22.3681025750618,21.98562013489056,22.20094382286387,10028400
2022-02-14,21.89212417602539,22.0791163126708,21.716465633041445,22.050783139101725,12685800
2022-02-15,22.11028289794922,22.17544742227268,22.019622242815853,22.062119576894247,8981700
2022-02-16,22.138612747192383,22.22644120621937,21.985619773637765,22.03945069474658,7470900
2022-02-17,21.89212417602539,22.05645074651704,21.84962684742553,22.03661736290177,8899500
2022-02-18,21.91196250915528,22.02812416987055,21.804300640313752,21.86946354978649,9522600
2022-02-22,21.7136344909668,21.911958609607705,21.55497552028792,21.869459657802228,13990200
2022-02-23,21.43881607055664,21.83263054422934,21.40765070977168,21.809964974673857,13036200
2022-02-24,21.288658142089844,21.32265568786204,20.824013127960068,21.07050222477892,28840200
2022-02-25,21.934627532958984,21.982790857482104,21.3793202400334,21.39065383597204,11682600
2022-02-28,21.84396171569824,21.889291228609853,21.57197329004396,21.64280379498373,11774700
2022-03-01,21.4558162689209,21.869462519890146,21.34248841789032,21.74480107317177,14989500
2022-03-02,21.957290649414062,22.056454341313945,21.56064398766169,21.56347779183121,14114100
2022-03-03,22.039453506469727,22.175446917830296,21.87229473569286,22.0337858984527,13099500
2022-03-04,21.99695587158203,22.03378722005519,21.730636640903903,21.81563293339473,10649100
2022-03-07,21.60597038269043,21.954453645220187,21.59463841083973,21.91478850140458,12826500
2022-03-08,21.38498306274414,21.883627165692754,21.379317076198053,21.673969451794942,16128000
2022-03-09,21.7136344909668,21.852460077080035,21.639970181560383,21.73630005820664,11618100
2022-03-10,21.56913948059082,21.61730279368833,21.37648136469343,21.51814236388853,9550200
2022-03-11,21.44731330871582,21.773131034937,21.42747992448484,21.66546918707208,8404800
2022-03-14,21.56913948059082,21.81846069923096,21.49264299495282,21.600304835566977,8918400
2022-03-15,21.84963035583496,21.89496149542133,21.614474866584462,21.690971367282653,7232100
2022-03-16,22.070615768432617,22.070615768432617,21.673967563713035,21.954454137926085,9442200
2022-03-17,22.266111373901367,22.274611165590457,21.979958745436573,21.999790511931444,9147000
2022-03-18,22.314268112182617,22.356767058083843,22.08478028899208,22.25760501253968,8209500
2022-03-21,22.35110664367676,22.552262967186827,22.226445199518263,22.38510418770308,8823900
2022-03-22,22.506929397583008,22.540928559107787,22.373769797672537,22.43326670917165,8237700
2022-03-23,22.232585906982425,22.50920862954921,22.232585906982425,22.46643237408896,9014100
2022-03-24,22.44362068176269,22.44932385679889,22.258253622703368,22.329549021989973,6228900
2022-03-25,22.66036033630371,22.66036033630371,22.472140851518937,22.472140851518937,7825500
2022-03-28,22.614728927612305,22.614728927612305,22.417955504801583,22.589063822260385,8082600
2022-03-29,22.831462860107425,22.845721612687942,22.631837060360848,22.723094382323897,14089200
2022-03-30,22.771574020385746,22.888496436947147,22.67176112676363,22.82290585282269,6133200
2022-03-31,22.497802734375,22.85427643249225,22.48639475360322,22.72879843486015,6081300
2022-04-01,22.59476661682129,22.611877774640703,22.39514079375433,22.591915845057937,7048800
2022-04-04,22.626134872436523,22.63183804735553,22.39513915421502,22.58906178774845,6914400
2022-04-05,22.49209976196289,22.76016691488829,22.4293599466784,22.55769034860876,6558300
2022-04-06,22.520620346069336,22.586210941684545,22.363770786409333,22.389437523029105,6141600
2022-04-07,22.61187744140625,22.686023615117907,22.35521497332699,22.497805777307622,8394000
2022-04-08,22.66036033630371,22.765876430120063,22.534880679780528,22.59762050804212,6522000
2022-04-11,22.500652313232425,22.76301790717327,22.466431636349853,22.643243090370035,6444000
2022-04-12,22.4350643157959,22.71739186779945,22.358065744175867,22.55483914640053,7321200
2022-04-13,22.571950912475582,22.58620966585564,22.38943625831535,22.417953765075456,7727100
2022-04-14,22.44362068176269,22.71168949018104,22.429361928267323,22.620432162362857,6996600
2022-04-18,22.406543731689453,22.55198527679051,22.32098959366364,22.426505656778048,8536500
2022-04-19,22.65180206298828,22.68887514842218,22.37803007965205,22.38658565810752,9876900
2022-04-20,22.882795333862305,22.976903423168945,22.785833209630013,22.79438878716872,8420400
2022-04-21,22.686023712158203,23.10238487994674,22.64609822160045,22.97975926834976,7180500
2022-04-22,22.17555427551269,22.591917102642977,22.152739941086782,22.586212295179063,10358700
2022-04-25,22.22118377685547,22.26110927154905,21.713563593004142,22.06148342989112,14453700
2022-04-26,21.84189414978028,22.243996577381385,21.836189342496244,22.10140576785826,9595500
2022-04-27,21.87611198425293,22.08429336413017,21.76204033058245,21.819075341512864,13697400
2022-04-28,22.18695640563965,22.26680737684324,21.793409619619467,21.944554352458823,8425200
2022-04-29,21.570968627929688,22.16984599250144,21.525339969589528,22.10425377625649,11616300
2022-05-02,21.65367126464844,21.76203974065012,21.25727207491304,21.573821925148508,15532200
2022-05-03,21.81622695922852,21.96737171291812,21.61945353907376,21.702155293065623,17117400
2022-05-04,22.47498893737793,22.494950864439737,21.787706625922137,21.827630480045755,10825800
2022-05-05,21.91603660583496,22.32384213967982,21.72211398634559,22.28676905767661,11702700
2022-05-06,21.96736717224121,22.027256212431205,21.6679301303387,21.82192562397021,11724900
2022-05-09,21.670787811279297,21.88182164120552,21.59664162791036,21.72497206275968,13332000
2022-05-10,21.56241607666016,21.93315020156124,21.38275382115992,21.85900239749516,16161300
2022-05-11,21.39130592346192,21.833335410839133,21.368493224866825,21.565266620631306,14619000
2022-05-12,21.51963996887207,21.525343144053284,21.18027575253821,21.36279041281532,15341400
2022-05-13,21.759191513061523,21.799117006378022,21.545306923206613,21.66508340315611,8690100
2022-05-16,21.83333969116211,21.964520892849464,21.58523277948961,21.71641561298692,9478800
2022-05-17,22.22973823547364,22.24970016590872,22.00159489417312,22.09570463438829,8304000
2022-05-18,21.53675079345703,22.10140596570032,21.46830779172481,22.07574085993191,10883400
2022-05-19,21.21735191345215,21.43979209585023,21.08046589840872,21.280091744966228,12990300
2022-05-20,21.31145668029785,21.4055664055758,20.880836803870423,21.33712341404901,10151400
2022-05-23,21.57952690124512,21.685042982862523,21.39701224508317,21.50252832670058,8779500
2022-05-24,21.70500946044922,21.76204448226056,21.302905376715483,21.50253121667508,9628200
2022-05-25,21.921741485595703,21.998740058749483,21.630858349639137,21.67078383790586,10427100
2022-05-26,22.21833038330078,22.298181369130983,22.03296330547417,22.03296330547417,9681300
2022-05-27,22.56339454650879,22.56339454650879,22.28106699673312,22.30673373100715,7304700
2022-05-31,22.412256240844727,22.543439089549707,22.22974154066741,22.446478563033043,8544900
2022-06-01,22.22403144836425,22.51206216597332,22.044367576405303,22.49210023878216,6660000
2022-06-02,22.412256240844727,22.4151086449638,21.97307901968545,22.263962231045586,9066900
2022-06-03,22.25825500488281,22.38088225072953,22.2154787417404,22.27821856646381,5053800
2022-06-06,22.28106689453125,22.48924827563992,22.241143039367667,22.40654653021583,5256600
2022-06-07,22.49495315551757,22.50636113772165,22.112812676542475,22.144182587841453,6089400
2022-06-08,22.155590057373047,22.386585781515027,22.12136774336249,22.386585781515027,7344300
2022-06-09,21.75063133239746,22.20406715441904,21.747780561070016,22.11566223888626,5587500
2022-06-10,21.302902221679688,21.516786785415047,21.28579106494653,21.46260254363318,12758700
2022-06-13,20.69831657409668,21.00060761945212,20.607059269493377,20.906497912151465,19847100
2022-06-14,20.575693130493164,20.86087307544449,20.418845221446187,20.74965219523534,12123300
2022-06-15,20.64413833618164,20.88083887446947,20.35040441368036,20.71828614154558,10636500
2022-06-16,20.130815505981445,20.29621900109981,19.9939295172332,20.284811019465945,13704000
2022-06-17,20.05096435546875,20.281960071399684,19.92263394611035,20.136518505644247,11796300
2022-06-21,20.52436065673828,20.58710047112919,20.296217360598227,20.3561047718588,10361100
2022-06-22,20.418954849243164,20.58887285406061,20.26055751915832,20.283597220694084,8873400
2022-06-23,20.479433059692383,20.57735302334093,20.263435660241992,20.4621528722333,7862400
2022-06-24,21.02662849426269,21.02662849426269,20.606154327000525,20.686792463438817,8217900
2022-06-27,21.02950859069824,21.159106710941,20.98342918581506,21.08710867076697,8454600
2022-06-28,20.81062889099121,21.277184063211006,20.79622928413446,21.167745073584435,10842300
2022-06-29,20.692550659179688,20.86822816317173,20.620550979737672,20.80774750960002,6081900
2022-06-30,20.629194259643555,20.776072573718427,20.42471586353187,20.505355648797494,8898900
2022-07-01,20.78470993041992,20.83078933080744,20.410313566324337,20.597511748372128,8765100
2022-07-05,20.634952545166016,20.637833125871737,20.20871723684001,20.519754035879185,8808900
2022-07-06,20.689672470092773,20.81639000895894,20.516875526560817,20.657992673393856,7683300
2022-07-07,20.920068740844727,20.97478823790806,20.79335120653709,20.807749166056507,6652200
2022-07-08,20.87974739074707,20.97766569557968,20.796227043290425,20.897025928355745,6412800
2022-07-11,20.764554977416992,20.87111506259093,20.72711566010931,20.79047526536684,6435900
2022-07-12,20.6810302734375,20.920067366833617,20.59751156696188,20.73862869944993,5953500
2022-07-13,20.52839469909668,20.675273008499914,20.3699973624102,20.45351443003752,8006700
2022-07-14,20.387279510498047,20.407440283705085,20.12520264224498,20.23176272708123,10183200
2022-07-15,20.6810302734375,20.68678978645288,20.476553553992304,20.58311196045877,5757900
2022-07-18,20.51975440979004,20.85095033601592,20.456394816545377,20.80774986429024,6536100
2022-07-19,20.90855026245117,20.945989572386065,20.62343374286909,20.634952769958524,5415900
2022-07-20,20.859588623046875,20.94598791108293,20.750149634729823,20.882628323327868,7205400
2022-07-21,20.87686920166016,20.87686920166016,20.62055191325492,20.77031079185388,6507900
2022-07-22,20.78759002685547,20.969028705995647,20.663753073318745,20.91142862832164,6758400
2022-07-25,20.88550567626953,20.920066048041782,20.773187763868165,20.842306859483443,7557600
2022-07-26,20.825029373168945,20.934468367395475,20.78471113144712,20.871110424148565,6735600
2022-07-27,21.121665954589844,21.18790447660152,20.82790935658617,20.873988758315008,6378900
2022-07-28,21.26278114318848,21.31749898154626,20.93446422546709,21.14470207826105,7521000
2022-07-29,21.43558120727539,21.475901094894684,21.23686399762729,21.26566321109992,8176200
2022-08-01,21.455739974975582,21.490300348919,21.30022323601822,21.334781962032302,8817300
2022-08-02,21.26278114318848,21.516217809821462,21.25990056309423,21.429818534214306,7005300
2022-08-03,21.48454093933105,21.54501994609384,21.28006257101661,21.360702345319886,6279000
2022-08-04,21.426944732666016,21.481664236263764,21.389505419242216,21.46438404608981,5891400
2022-08-05,21.487422943115234,21.49606138928554,21.259904859633547,21.288704074679764,6135000
2022-08-08,21.51046371459961,21.62854116133368,21.44998470082274,21.55654312013717,6525300
2022-08-09,21.501821517944336,21.55941994527042,21.412541648487785,21.513340544237803,5589300
2022-08-10,21.873340606689453,21.879100120705104,21.726462287747854,21.737981315779155,7348800
2022-08-11,21.913658142089844,22.089337321271827,21.88773785796556,21.95973919650954,6528600
2022-08-12,22.244853973388672,22.25349241948499,21.962616394978955,21.98565609640448,5393400
2022-08-15,22.290935516357425,22.308215707345457,22.060538462949296,22.10661787363092,8227500
2022-08-16,22.4262924194336,22.50981113638068,22.244855377230905,22.247734310134884,10325700
2022-08-17,22.28229522705078,22.400372677206686,22.18437525149861,22.25925387568473,6731700
2022-08-18,22.41765213012696,22.43493231911887,22.29381352223406,22.360052049463725,6210300
2022-08-19,22.24197196960449,22.33700970194797,22.16997228928303,22.31397164992595,7356900
2022-08-22,21.83013916015625,22.063416770668614,21.789819267981976,22.063416770668614,6321600
2022-08-23,21.78693962097168,21.91365715917094,21.766778851580565,21.83013844464494,5048400
2022-08-24,21.795578002929688,21.84165740373275,21.700538620799865,21.75813704783901,4852200
2022-08-25,22.037494659423828,22.037494659423828,21.812858810072417,21.873337819353903,5538300
2022-08-26,21.38950157165528,22.08357315547143,21.377982545564464,22.03461317476214,9096300
2022-08-29,21.25126266479492,21.412540560212257,21.176384053904908,21.291582550631578,8014500
2022-08-30,21.02662849426269,21.29158590240897,20.951749871585093,21.29158590240897,7905600
2022-08-31,20.8509521484375,21.121669085708376,20.82791244415763,21.0842297722448,6569100
2022-09-01,20.93446922302246,20.9459898982206,20.655113860568942,20.76743179212083,11283300
2022-09-02,20.744388580322266,21.216703224954045,20.660869879000323,21.13894403629208,7192800
2022-09-06,20.67239189147949,20.848069412463342,20.59751327229217,20.816389616361903,7915800
2022-09-07,20.974788665771484,21.00646846197699,20.62631255544041,20.663753513086537,6258300
2022-09-08,21.14182472229004,21.14758588335711,20.790469701949576,20.89414753014572,6693600
2022-09-09,21.38950157165528,21.43270203931916,21.22822367087856,21.262784045009667,5499000
2022-09-12,21.47590065002441,21.59109914945796,21.40390096990495,21.44134192415901,7610100
2022-09-13,20.64935111999512,21.18214481677095,20.58311259844186,21.156226183433727,10521300
2022-09-14,20.6666316986084,20.758790503172303,20.499594277318675,20.715591681506503,7096500
2022-09-15,20.50247383117676,20.69831212077315,20.43047579288574,20.63495252873348,7848000
2022-09-16,20.50247383117676,20.5283941137192,20.297997095329016,20.381515808504275,11690100
2022-09-19,20.6666316986084,20.67239121191129,20.3296762754128,20.33255520809954,6936000
2022-09-20,20.45063591003418,20.52839511351917,20.306636530579976,20.52839511351917,10531800
2022-09-21,20.170785903930664,20.711307387847302,20.16787924864488,20.566006217637312,12713100
2022-09-22,20.103944778442383,20.25215259393657,20.040013332085923,20.17078454273464,16892100
2022-09-23,19.7813777923584,19.964457172183348,19.53436529722456,19.92377231127348,22713600
2022-09-26,19.56342315673828,19.830778885833475,19.48496009847874,19.70581766078481,13227600
2022-09-27,19.47333526611328,19.824965703007265,19.36000066059183,19.72616104720552,19514100
2022-09-28,19.839496612548828,19.935396280753885,19.50820941951192,19.56342422882577,11484900
2022-09-29,19.53726959228516,19.726162276101327,19.39778007087064,19.708725670212942,12804000
2022-09-30,19.304786682128903,19.665135436882988,19.27863177380368,19.54598751608525,10547700
2022-10-03,19.822059631347656,19.906332669994384,19.45589926467347,19.534362319164085,9942000
2022-10-04,20.339332580566406,20.348050882399864,20.028387020839244,20.0661652202202,10969500
2022-10-05,20.304462432861328,20.420702031047664,20.066166600610085,20.17368955920937,7479600
2022-10-06,20.042919158935547,20.33642980990252,20.002234300217346,20.246341789680333,8243100
2022-10-07,19.641883850097656,19.93829944275697,19.54017255211276,19.897614590993825,9671700
2022-10-10,19.57795524597168,19.80171948779591,19.45008901473136,19.73488137964068,8264700
2022-10-11,19.534366607666016,19.775565808245947,19.429748624429063,19.511116688860977,9132300
2022-10-12,19.51692581176757,19.685475215586163,19.479145948951547,19.572140615676304,9470400
2022-10-13,20.08941650390625,20.14753797062241,19.1682046423678,19.24376105253714,13476900
2022-10-14,19.74359893798828,20.31318032062325,19.717444029081527,20.194034060022663,9612600
2022-10-17,20.06907081604004,20.1678754601951,19.97898447325836,20.03129261865269,12595800
2022-10-18,20.339332580566406,20.478822084209654,20.144628273875284,20.40907733238803,8050800
2022-10-19,20.11556625366211,20.3218938324614,19.984793402805884,20.211464238018568,7527300
2022-10-20,19.91505241394043,20.275401159704764,19.86274426144115,20.101040097091776,6961200
2022-10-21,20.371299743652344,20.39454799495644,19.848213257887224,19.923769658914,8250000
2022-10-24,20.73455047607422,20.77814031742396,20.493349695678084,20.51078629735633,9317100
2022-10-25,20.94088363647461,20.95541358631146,20.64446800383355,20.667716256141745,7805700
2022-10-26,21.033876419067383,21.231485730134736,20.92054181385341,20.98447325987747,8904300
2022-10-27,21.074556350708008,21.2925088878658,21.051309765095017,21.167551007389445,9545100
2022-10-28,21.56277656555176,21.58311816441833,21.1065281216858,21.11815308021406,8294700
2022-10-31,21.469783782958984,21.56858844871883,21.388414060912293,21.426193929406608,9193500
2022-11-01,21.52499961853028,21.64705254455676,21.3971333814767,21.63252259268183,10305000
2022-11-02,21.132680892944336,21.748760398600577,21.12396259064188,21.484311325861704,10794000
2022-11-03,20.964130401611328,21.071653353053414,20.754896145680387,20.923445547246576,12130200
2022-11-04,21.350631713867188,21.440718058873184,21.02224955969423,21.24601542049545,9562200
2022-11-07,21.574398040771484,21.5947396363538,21.30122901934828,21.41456527960323,9270900
2022-11-08,21.809783935546875,21.92021353281698,21.58020643986998,21.609267997940897,10376400
2022-11-09,21.437816619873047,21.77782212395051,21.408756718325364,21.681924116273905,9747300
2022-11-10,22.29509162902832,22.321244868960843,21.896964755246263,22.03064259803717,13729500
2022-11-11,22.353214263916016,22.41424071532249,22.13816835651298,22.29509446747026,12663000
2022-11-14,22.222442626953125,22.53048153295644,22.21081933302842,22.31543562973496,10524300
2022-11-15,22.29800033569336,22.495609632052005,22.09457606677235,22.43167652794055,13650600
2022-11-16,22.1352596282959,22.266032483742435,22.10038808626384,22.245689226614964,10797300
2022-11-17,22.21372413635254,22.225349093024526,21.94055844013633,21.94927507908277,10681800
2022-11-18,22.359031677246094,22.396809884438245,22.216635489267205,22.338688414479744,9075600
2022-11-21,22.420053482055664,22.46364332833389,22.289282280374927,22.33287212665316,12778500
2022-11-22,22.7513427734375,22.760061076080973,22.55082680117625,22.571168398780216,8062800
2022-11-23,22.742626190185547,22.82108925706257,22.635103220864096,22.72228459104372,7527600
2022-11-25,22.79493522644043,22.84433672632855,22.754250366708945,22.762968669711853,3444300
2022-11-28,22.469459533691406,22.722285349365343,22.417151374976463,22.6292923281626,8653200
2022-11-29,22.536296844482425,22.57698170252469,22.38808902527901,22.486893683799217,6960900
2022-11-30,22.937328338623047,22.943141648833688,22.29800223168489,22.5450147045596,10571100
2022-12-01,22.9751033782959,23.100064587931485,22.84723883964697,23.05937973628804,10197900
2022-12-02,22.96057510375977,23.004166613285264,22.725187603706324,22.75134084657556,14984400
2022-12-05,22.56535720825196,22.82689964146758,22.481082498120085,22.80655804345169,10372200
2022-12-06,22.29509162902832,22.594413863724004,22.17885038808968,22.53629241183174,14779200
2022-12-07,22.298904418945312,22.448482833062968,22.21971574804633,22.25491145876759,8716500
2022-12-08,22.433826446533203,22.47781941897765,22.33703989328624,22.389831795864435,10608900
2022-12-09,22.293045043945312,22.513013260655853,22.27838071992785,22.44262349843745,7839000
2022-12-12,22.574604034423828,22.580469427934737,22.24318496680681,22.348768762899912,9286800
2022-12-13,22.686050415039062,23.09079272521185,22.557003382656763,23.061462404840626,13612500
2022-12-14,22.592199325561523,22.891356199755247,22.451419817496724,22.67432154437805,11433000
2022-12-15,22.13759994506836,22.416227120335048,22.03788154044754,22.38983033166004,11455500
2022-12-16,21.94695854187012,22.01734829419428,21.76218607135323,21.94695854187012,13434300
2022-12-19,21.87363815307617,22.04961170459738,21.74458942749968,21.98215548418868,9720900
2022-12-20,21.905900955200195,21.999752287973173,21.80618087234752,21.86483984333287,9119100
2022-12-21,22.213851928710938,22.254911353392856,22.067205372365173,22.073070764716324,10937400
2022-12-22,22.0232162475586,22.09360600270177,21.69473072355708,22.09360600270177,13066200
2022-12-23,22.16985511779785,22.16985511779785,21.92055834595536,22.02027671904761,9231000
2022-12-27,22.2461166381836,22.298908535788115,22.105337125755423,22.213856135031616,9435600
2022-12-28,21.973352432250977,22.33410007514397,21.96161996929791,22.278374652120583,9989400
2022-12-29,22.22265243530273,22.28424493780093,22.067208606758744,22.093605393543687,8621400
2022-12-30,22.155193328857425,22.17572304153042,21.95868841701289,22.14052900863044,10362600
2023-01-03,22.125864028930664,22.28717322484344,21.96748669004158,22.24024673022621,9125700
2023-01-04,22.345836639404297,22.451420434241243,22.146398158388497,22.237317630510542,10210800
2023-01-05,22.213851928710938,22.298904313362275,22.090668619993632,22.25784488868036,8378400
2023-01-06,22.768171310424805,22.83269566199703,22.375161486769816,22.44261769545286,10004700
2023-01-09,22.60393142700196,22.923618011649,22.58340171173988,22.86202718763869,13200000
2023-01-10,22.71831512451172,22.71831512451172,22.498346927445223,22.627395652433208,10056300
2023-01-11,22.803369522094727,22.815100308272108,22.64499216113167,22.78870352203691,8382000
2023-01-12,22.841495513916016,22.944149123639207,22.706583081179176,22.847362585253844,9211500
2023-01-13,22.86202812194824,22.882557838049305,22.624462066864886,22.697785358467247,9216600
2023-01-17,22.633262634277344,22.85616438281836,22.598066914729067,22.841498380857058,9721500
2023-01-18,22.199188232421875,22.67432030483447,22.184523910911462,22.67138676924278,13953900
2023-01-19,22.008548736572266,22.137597451258227,21.9498914504234,22.084805558079434,9714900
2023-01-20,22.27251243591309,22.28131136482669,21.94109338580517,22.0554777834579,9034500
2023-01-23,22.44848251342773,22.56873228571472,22.27837438929402,22.31943549180956,9284400
2023-01-24,22.430885314941406,22.504208589077983,22.246111201148832,22.378091752015667,8128200
2023-01-25,22.433826446533203,22.43969016232328,22.178662507327324,22.32237556913809,9218400
2023-01-26,22.430885314941406,22.46021395330653,22.26370905545741,22.451415026152244,8358000
2023-01-27,22.395694732666016,22.483682346125395,22.30477526163328,22.40156012603687,11433000
2023-01-30,22.30477523803711,22.47195153561066,22.28131198635437,22.30477523803711,8212200
2023-01-31,22.615663528442383,22.615663528442383,22.29890878285732,22.348768823395464,16214400
2023-02-01,22.72124481201172,22.87375676314597,22.339965773288046,22.53647068509477,13659600
2023-02-02,22.88548851013184,22.923616079962294,22.639123556626785,22.741775480735228,15913200
2023-02-03,22.703649520874023,22.832698238581138,22.618595447032547,22.753509557847057,10095000
2023-02-06,22.586332321166992,22.63619235605073,22.501278250889552,22.583400463848182,9450600
2023-02-07,22.703649520874023,22.750576022181324,22.3868947979377,22.51887537308648,11888400
2023-02-08,22.51300811767578,22.67725085866498,22.48074594091777,22.60392925532761,9959400
2023-02-09,22.319435119628903,22.6889816796588,22.25491077078385,22.656719505236275,8798100
2023-02-10,22.52474403381348,22.55113914377129,22.29597690424205,22.31944015655132,7377300
2023-02-13,22.77404022216797,22.776973757955982,22.53940770585083,22.57753527997435,8393100
2023-02-14,22.62446022033692,22.77697218451957,22.47194993437828,22.715381363019045,10174500
2023-02-15,22.66845321655273,22.677252145097142,22.477815358837173,22.52767371629016,7397700
2023-02-16,22.51007652282715,22.69191881380728,22.471950628384057,22.507144665375257,7906200
2023-02-17,22.557004928588867,22.580468179559507,22.392762171794395,22.457284853295587,7465200
2023-02-21,22.12879753112793,22.41622359069509,22.09360349666041,22.404491127056616,10497900
2023-02-22,22.037879943847656,22.196257307975213,21.95575772606889,22.17279405692757,8979000
2023-02-23,22.105335235595703,22.199188235856063,21.88536705645748,22.18159037875124,8780400
2023-02-24,21.95575714111328,21.99388639149591,21.782715459469223,21.905898782855463,10475700
2023-02-27,21.95868873596192,22.17279150647821,21.90296331135565,22.10533361858561,10268100
2023-02-28,21.86483764648437,21.988019291485585,21.85897057521838,21.96162250546073,8443500
2023-03-01,21.856040954589844,21.89710206653385,21.735791154691047,21.81791337857906,11108100
2023-03-02,21.93522834777832,21.976289457298623,21.715260156048853,21.773919123681303,8533800
2023-03-03,22.163997650146484,22.193326297737443,21.92349971909693,22.02321812784076,8190900
2023-03-06,22.155193328857425,22.25197985622416,22.11413222528755,22.163992256638384,7317000
2023-03-07,21.803247451782227,22.166927004215605,21.776850664997315,22.15519621779393,8960700
2023-03-08,21.77391624450684,21.870701094877496,21.66833078801969,21.844305989423635,9119700
2023-03-09,21.36330986022949,21.84430731887999,21.31931521808902,21.8296413193505,11207400
2023-03-10,21.10521507263184,21.477693549751883,21.00842853374675,21.310517258466025,16793700
2023-03-13,20.803125381469727,21.119878438998896,20.68874098101476,20.76206427160835,32750700
2023-03-14,20.98789596557617,21.169736568655367,20.741532685076084,21.166804711359497,12085800
2023-03-15,20.81485366821289,20.81485366821289,20.542091954632788,20.691670363355367,19080300
2023-03-16,21.014291763305664,21.04068854707223,20.5332943323108,20.66820843007784,12662400
2023-03-17,20.6799430847168,20.99963137222092,20.61835225596073,20.99963137222092,14466300
2023-03-20,20.990827560424805,21.04948483960692,20.803121581883925,20.80605511713256,11370600
2023-03-21,21.21373176574707,21.24892580178682,21.0846830510786,21.19906576598781,9270300
2023-03-22,20.80177879333496,21.27199305349984,20.79586458490422,21.22763225979112,11112900
2023-03-23,20.78403282165528,21.06202090207029,20.64503962754332,20.90232544181155,14120700
2023-03-24,20.949642181396484,20.97330070507937,20.600678534026088,20.68348421301175,11326500
2023-03-27,21.03835868835449,21.16552344424436,20.973297335631152,21.13890866699632,10263900
2023-03-28,21.070890426635746,21.14186598985888,20.99991486341261,21.02948759170785,10033800
2023-03-29,21.31930923461914,21.32818139299853,21.20101660987921,21.2424177593948,8134800
2023-03-30,21.381410598754883,21.470130481841704,21.298604923289577,21.4464702669736,8238300
2023-03-31,21.63573837280273,21.650524736743893,21.4464685146596,21.46125657079164,8034300
2023-04-03,21.7540340423584,21.780648824327,21.63869767985738,21.68010052004213,9918300
2023-04-04,21.5440616607666,21.78951903769581,21.44646962308202,21.78360483025186,8911200
2023-04-05,21.59434127807617,21.638700381689983,21.520407746528484,21.5322378561403,7926300
2023-04-06,21.576589584350582,21.638692985058004,21.541102652028098,21.59729015385614,7558200
2023-04-10,21.65644264221192,21.65940059238164,21.484918760573805,21.5470221766086,8987400
2023-04-11,21.74811363220215,21.819089189718472,21.69192612983532,21.718540906284705,8110200
2023-04-12,21.65644264221192,21.833882424189465,21.617997750961383,21.819094365532028,7884600
2023-04-13,21.80726432800293,21.82796490107852,21.561806940090523,21.677141605267707,8252700
2023-04-14,21.75994873046875,21.907814086172845,21.638698157320523,21.816137937918363,6999300
2023-04-17,21.860492706298828,21.860492706298828,21.73037169287037,21.76585862664511,7678200
2023-04-18,21.86641311645508,21.94626084915932,21.79543754207255,21.92260063217397,7495200
2023-04-19,21.816137313842773,21.8457100456994,21.739245841947994,21.780648681861937,6846000
2023-04-20,21.680099487304688,21.75403300609911,21.609123918450816,21.680099487304688,7374900
2023-04-21,21.63573837280273,21.7185423493114,21.558846911241467,21.7185423493114,6876900
2023-04-24,21.680099487304688,21.70967221794604,21.606165968510265,21.644612548973274,6163800
2023-04-25,21.340007781982425,21.57659300898564,21.33113562444592,21.564764593730988,8270700
2023-04-26,21.023576736450195,21.2453756184096,20.988089795276103,21.239461410245777,10873500
2023-04-27,21.23945999145508,21.25424635697249,20.93781339676492,21.0442759053667,9308100
2023-04-28,21.461257934570312,21.467172142084426,21.177355667601063,21.18031192526262,8824500
2023-05-01,21.479001998901367,21.576594044294584,21.44647131710363,21.44647131710363,9200700
2023-05-02,21.02948951721192,21.396197473536787,20.863879854527696,21.372538950296185,13883100
2023-05-03,20.84317970275879,21.141868353187657,20.83134959480373,21.044276308275,11622000
2023-05-04,20.647993087768555,20.77811579840529,20.559273211624493,20.7692436415718,15059700
2023-05-05,20.994001388549805,21.02948832530385,20.846136049724507,20.857964464578867,9132600
2023-05-08,20.884584426879883,21.03836399883465,20.83726737517207,21.00287536395817,10743600
2023-05-09,20.80769157409668,20.86092283070355,20.72488758517389,20.79881941596368,10566600
2023-05-10,20.76628875732422,20.9466847790255,20.574062628332342,20.937812621605307,10198800
2023-05-11,20.67461204528809,20.695314311120217,20.54449101118953,20.695314311120217,10107000
2023-05-12,20.71601295471192,20.76332999764683,20.591804447864547,20.73375726886024,8498100
2023-05-15,20.760374069213867,20.78994680087979,20.645039400402105,20.733759287590978,7678200
2023-05-16,20.45872688293457,20.704184271561687,20.44985472525033,20.704184271561687,9490200
2023-05-17,20.751502990722656,20.76924730752167,20.48830126550792,20.56519274090657,8262900
2023-05-18,20.855005264282227,20.87570752732248,20.63320642324808,20.66869505006516,10053000
2023-05-19,20.875707626342773,20.99400022930936,20.792901958170727,20.93189513208489,9811500
2023-05-22,20.878665924072266,20.95555739265757,20.727842629027474,20.87570966632851,8946900
2023-05-23,20.87275123596192,21.05019099976258,20.852048971276936,20.875709185828622,10928700
2023-05-24,20.67461204528809,20.85500807676056,20.642081363715675,20.84909386889042,9371100
2023-05-25,20.594762802124023,20.642079845988302,20.438025305847468,20.60363495937245,11398500
2023-05-26,20.82839012145996,20.860919105884577,20.633206061767265,20.668694687962603,13805700
2023-05-30,20.751502990722656,20.88162572432717,20.6982717325168,20.84613878292033,12973500
2023-05-31,20.579978942871094,20.69235735877758,20.517875526762552,20.668698833965223,11291400
2023-06-01,20.662784576416016,20.73376015068342,20.44098569530648,20.633210151327887,11988600
2023-06-02,21.06793785095215,21.097510584415524,20.763333281267528,20.763333281267528,9735600
2023-06-05,20.93485641479492,21.097509827389526,20.914155840551583,21.088637669230625,7203900
2023-06-06,20.994001388549805,21.00878775321324,20.857964464578867,20.90528150837824,8585700
2023-06-07,21.233543395996094,21.2512877109122,20.95555702586844,20.9999161209677,9618900
2023-06-08,21.266075134277344,21.280863192237387,21.13299615016572,21.22467229480964,7749300
2023-06-09,21.21284484863281,21.32226531407712,21.18031416557783,21.25424768999289,10866300
2023-06-12,21.331138610839844,21.337052819295167,21.198059613543137,21.248334615891537,8997900
2023-06-13,21.46421432495117,21.511533061929622,21.325221140459664,21.369580235376272,9424800
2023-06-14,21.416898727416992,21.55884987137173,21.292691899504373,21.523362931478605,9975300
2023-06-15,21.694887161254883,21.727417843799028,21.42281497699925,21.425771234927083,11187900
2023-06-16,21.68897247314453,21.833881566326284,21.680100315175128,21.786564518616867,12838800
2023-06-20,21.481958389282227,21.6179953145075,21.44646976000999,21.603208949707728,9382500
2023-06-21,21.408838272094727,21.522254994002164,21.32228394468936,21.438684238546383,9037800
2023-06-22,21.316312789916992,21.396898256890648,21.25960443509013,21.37302114474385,7303200
2023-06-23,21.104400634765625,21.29840279560528,21.083508803772,21.22080261439967,9089400
2023-06-26,21.211849212646484,21.271541136291702,21.0745553973065,21.10440135912911,9741300
2023-06-27,21.39391326904297,21.41480680984731,21.19394223860968,21.229757053405148,11336100
2023-06-28,21.34615707397461,21.37301946346132,21.2387092238534,21.35212592458533,8761200
2023-06-29,21.49240493774414,21.49837549663353,21.31631273049992,21.346158693643776,8395200
2023-06-30,21.674468994140625,21.716252658606745,21.56403585854948,21.60880651022852,8362200
2023-07-03,21.802810668945312,21.80877952043773,21.62074788973216,21.6416397238686,5321700
2023-07-05,21.707300186157227,21.78490037178806,21.63268357208098,21.69834605584202,7522800
2023-07-06,21.471511840820312,21.543143172843227,21.355111566717703,21.531205471418907,7891500
2023-07-07,21.432710647583008,21.626712802272586,21.38495642868948,21.408833538136243,6875100
2023-07-10,21.60283851623535,21.671484574432,21.43271344875784,21.435698728263443,9162300
2023-07-11,21.85354995727539,21.86847123194403,21.62671652457665,21.62671652457665,9109500
2023-07-12,21.91921043395996,22.05650426195704,21.886379189798102,21.99681233280883,8286000
2023-07-13,22.02069091796875,22.04456974246713,21.94010543572153,21.960998980201094,8994300
2023-07-14,21.901302337646484,22.011733773666155,21.83862512843672,22.00278135048693,9302100
2023-07-17,21.844594955444336,21.89831803184826,21.76997833812025,21.83862439642383,9975300
2023-07-18,22.02069091796875,22.119184664676705,21.820721560186225,21.823705132378947,9374400
2023-07-19,22.235580444335938,22.25647398456484,22.07441122045644,22.07441122045644,10055100
2023-07-20,22.32512092590332,22.366906300192383,22.17887467763033,22.21767477238952,8472000
2023-07-21,22.3758602142334,22.43256856997091,22.31915185849588,22.38779791658561,7883100
2023-07-24,22.50718307495117,22.55493729553029,22.39973522473533,22.408689354572125,7482000
2023-07-25,22.48330879211425,22.57284668609097,22.459429970996105,22.510169477176927,11333400
2023-07-26,22.52509117126465,22.59373722241467,22.372874380794432,22.393766211711664,7806000
2023-07-27,22.43256950378418,22.69223247292486,22.405707110634783,22.62657169160279,10443000
2023-07-28,22.57284545898437,22.644478502792992,22.492261700351207,22.560907756900114,6849300
2023-07-31,22.58180046081543,22.63552524574495,22.50121499124698,22.60567928155688,7678500
2023-08-01,22.480323791503903,22.590755228373013,22.39376946822341,22.55494041190304,9380400
2023-08-02,22.24751853942871,22.372874649916906,22.21170372773612,22.337058130398663,10698000
2023-08-03,22.22364044189453,22.30124232812858,22.11917787504055,22.18484035269029,8093400
2023-08-04,22.13410377502441,22.36392247711819,22.10425781136448,22.277366449983084,8268900
2023-08-07,22.328107833862305,22.34601609669596,22.190813998514194,22.196784558009373,7629600
2023-08-08,22.24751853942871,22.25945794854334,22.03262454579621,22.193795467977,7299300
2023-08-09,22.19081115722656,22.32213612409073,22.15499634397089,22.241550659483305,5960100
2023-08-10,22.19379997253418,22.42958584519142,22.14604574203453,22.28035430183653,7045200
2023-08-11,22.25647354125977,22.28035065259882,22.122165003455795,22.15499624502521,5196600
2023-08-14,22.220659255981445,22.244534660061905,22.14604264083985,22.220659255981445,6620400
2023-08-15,21.95800971984864,22.09530354278349,21.91920962576774,22.09530354278349,8457300
2023-08-16,21.868471145629883,22.06247333294462,21.850564591402662,21.95204189666037,7290000
2023-08-17,21.901302337646484,22.08038154209656,21.883395783462166,21.96696482646657,7266300
2023-08-18,21.95502471923828,21.999793661534927,21.761022553634792,21.79086851516589,7854000
2023-08-21,21.943084716796875,22.00874719665094,21.802807335131952,21.96696182694148,7080300
2023-08-22,21.77594375610352,21.99382301470426,21.75505192630298,21.96696062682454,8922000
2023-08-23,21.960994720458984,21.972934130392307,21.778931954625545,21.79683850778688,7087500
2023-08-24,21.790870666503903,22.11022726832753,21.7878853869258,21.960995738113247,7776000
2023-08-25,21.88936233520508,21.94905425853341,21.719237279633088,21.8625016528376,7470600
2023-08-28,22.01471710205078,22.077396013531008,21.93711691731908,21.984871139896388,6457200
2023-08-29,22.22364044189453,22.22961100009947,22.02068415856593,22.041577696632075,7608600
2023-08-30,22.26244163513184,22.31318113543664,22.18484145287504,22.241549803855207,6776100
2023-08-31,22.24453353881836,22.34302726090156,22.24154996737157,22.31318129947962,5803800
2023-09-01,22.286317825317383,22.40868865215016,22.223640626250173,22.3489950243846,7832700
2023-09-05,22.089338302612305,22.30423234883782,22.074415318436014,22.286324084695845,10831200
2023-09-06,21.91622543334961,22.05053397300257,21.81176285632492,22.05053397300257,10455900
2023-09-07,21.901302337646484,21.952041844066702,21.814748015031764,21.87742522424153,6183300
2023-09-08,21.987855911254883,22.014716593442987,21.907270449039224,21.9192081504949,6187500
2023-09-11,22.02069091796875,22.110230532446334,21.993830229103743,22.068446859139414,6309300
2023-09-12,22.01471710205078,22.09828784547394,21.96099402860773,21.975917009684927,7701900
2023-09-13,21.95204162597656,22.08933545364751,21.892349696970143,22.038595947731377,6287100
2023-09-14,22.187828063964844,22.20573461706581,22.07142607576688,22.08635076508965,7003800
2023-09-15,21.97591590881348,22.18484104907967,21.966961779050568,22.1341015496984,8133600
2023-09-18,21.97293281555176,22.035610017430283,21.922193315066444,22.002778776860453,8060100
2023-09-19,21.91622543334961,21.97890263799928,21.81176285632492,21.966963228252524,7377900
2023-09-20,21.82738494873047,22.07131723205672,21.81533980355711,21.990006470947968,9579000
2023-09-21,21.51117897033692,21.731019264090936,21.505156397093536,21.71596196938403,10454400
2023-09-22,21.46902084350586,21.58647051756447,21.45998612064003,21.56539064634233,10194600
2023-09-25,21.5262393951416,21.529249820361585,21.399755009582453,21.42384702732748,9135600
2023-09-26,21.2702579498291,21.43890205621297,21.2401433616312,21.399752746916324,13153200
2023-09-27,21.273269653320312,21.366625564061444,21.12269326908409,21.351568270277184,8781300
2023-09-28,21.384695053100582,21.44492595156743,21.22508567079883,21.26423497936372,8310600
2023-09-29,21.309404373168945,21.493107471969505,21.24315090954885,21.493107471969505,7446900
2023-10-02,21.13473892211914,21.29133787022035,21.014278855578485,21.288325722358064,13518300
2023-10-03,20.90586471557617,21.08053138779016,20.83057824817193,21.03234908256951,12576000
2023-10-04,20.91490173339844,20.93598160194748,20.731200320280564,20.91490173339844,15901500
2023-10-05,20.84262657165528,20.94802936528928,20.746258500126704,20.878765460077013,11496300
2023-10-06,20.969106674194336,21.07149903008807,20.616761171092623,20.752278539731986,12545700
2023-10-09,21.20099449157715,21.23110908039897,20.96308475957285,20.99621149655561,8345700
2023-10-10,21.306394577026367,21.42384422516953,21.23411853324473,21.28230428562929,7980300
2023-10-11,21.339519500732425,21.375656655038604,21.21303515266947,21.342529925059964,7934700
2023-10-12,21.222070693969727,21.39673734680687,21.101610636289525,21.39673734680687,10840200
2023-10-13,21.176898956298828,21.36662290218062,21.119680213128937,21.30037116242297,7026600
2023-10-16,21.42685317993164,21.496117065367788,21.303380977340368,21.324460840769657,9343200
2023-10-17,21.51117897033692,21.562375150897925,21.324465414216853,21.327477562437,8586000
2023-10-18,21.267248153686523,21.459982557769365,21.237131841401386,21.441914838234567,8427300
2023-10-19,21.07451057434082,21.336510583110687,21.041383839347485,21.252187671637323,11148600
2023-10-20,20.866718292236328,21.083546450086327,20.86370614384509,21.05041971057073,10215900
2023-10-23,20.7040958404541,20.91791182279569,20.69204897161399,20.821543764862,12551700
2023-10-24,20.86370658874512,20.935982642903006,20.761315942820705,20.85467186657575,9668700
2023-10-25,20.640851974487305,20.82154293753176,20.59568009532456,20.77938148306181,10981500
2023-10-26,20.532440185546875,20.70710686480972,20.52942803745044,20.59568150999732,11457900
2023-10-27,20.14696884155273,20.496303968740715,20.077704935091663,20.496303968740715,19812000
2023-10-30,20.38487243652344,20.42703388663005,20.23429779836732,20.26742280574049,15673200
2023-10-31,20.496299743652344,20.49931189151989,20.291516768577218,20.39390911771314,12723000
2023-11-01,20.52340316772461,20.568575044935027,20.372826797296568,20.52340316772461,12750900
2023-11-02,20.98115539550781,20.98717796897535,20.643867156567897,20.643867156567897,17221800
2023-11-03,21.15582275390625,21.24917866917498,21.122694293498665,21.149798457542925,11808000
2023-11-06,21.062461853027344,21.19195663363068,20.996208388868123,21.1558194770326,10616700
2023-11-07,20.99018859863281,21.02632576002044,20.9450149929022,21.0082563177282,10370700
2023-11-08,20.951040267944336,21.04439618548767,20.88779894016376,21.02030416903808,9341100
2023-11-09,20.71011543273925,20.981151871620387,20.692047715371206,20.97813972379403,10171500
2023-11-10,20.91189193725586,20.929961381239643,20.66193703947029,20.82756901412956,10023300
2023-11-13,20.86069297790528,20.911889154647977,20.77938221399477,20.83961311152717,12084000
2023-11-14,21.321456909179688,21.38770866721661,21.11065131790626,21.125708613969067,11900400
2023-11-15,21.48407554626465,21.53828214936898,21.34554602882305,21.34554602882305,9096600
2023-11-16,21.312419891357425,21.420833100611343,21.20400495890661,21.384695938592333,10950600
2023-11-17,21.42384147644043,21.45094563557982,21.32747343042916,21.429864048516983,8777100
2023-11-20,21.52924346923828,21.574415342985617,21.35457682291275,21.3756566860222,12552000
2023-11-21,21.47202682495117,21.493108413315408,21.405773358429336,21.47503897277369,8789100
2023-11-22,21.54129219055176,21.57743107410882,21.47805086752372,21.5081671782202,8541000
2023-11-24,21.62260055541992,21.62561270311429,21.55634881491342,21.56237138710553,6213000
2023-11-27,21.514190673828125,21.580444147726485,21.475041363760063,21.56839727829184,15677700
2023-11-28,21.544301986694336,21.613565875021752,21.44191136645484,21.502140534879263,11078700
2023-11-29,21.63163948059082,21.74005441710832,21.619594333864963,21.65573149723949,10791000
2023-11-30,21.78823471069336,21.80630415087768,21.634647915519952,21.70692395306057,9611400
2023-12-01,22.029157638549805,22.0412045079376,21.70391456663871,21.740053451605224,13222500
2023-12-04,22.116491317749023,22.13456076050853,21.92375519017268,21.92375519017268,12940800
2023-12-05,21.986995697021484,22.068306463211336,21.950858536046464,22.068306463211336,9987900
2023-12-06,21.945011138916016,22.10625929156549,21.929799246125256,22.0362842365501,16391700
2023-12-07,22.027156829833984,22.06975117433099,21.914587430076544,21.996733044145927,9737100
2023-12-08,22.06366539001465,22.136683521409413,21.98456284955938,22.048455237808177,19341600
2023-12-11,22.2766342163086,22.285761699156023,22.136680639907564,22.15493560560242,20164200
2023-12-12,22.288803100585938,22.325311291197263,22.1853611961496,22.300971917159927,14730600
2023-12-13,22.656938552856445,22.656938552856445,22.17927677684041,22.20970056153764,12121500
2023-12-14,23.028114318847656,23.113303007724124,22.83035623036907,22.83035623036907,14745900
2023-12-15,22.955093383789062,23.040282062255987,22.894244079042785,22.930754010068416,14744400
2023-12-18,22.98551750183105,23.07374925613676,22.97639001894117,23.06462177324688,12961500
2023-12-19,23.11330223083496,23.137641606711632,23.02811354482188,23.052452920698546,10315500
2023-12-20,22.76646041870117,23.13155098628776,22.757332936900365,23.064619021230413,10764000
2023-12-21,22.93683815002441,22.949008707187065,22.74516623704948,22.903371293938765,9560700
2023-12-22,23.07678985595703,23.17110601556011,22.98855984534656,23.006814810545773,9598200
2023-12-26,23.189361572265625,23.256293544887857,23.076790444591907,23.101129818515265,10798500
2023-12-27,23.20761489868164,23.25629364674156,23.14676733405142,23.20457182409439,10449000
2023-12-28,23.219785690307617,23.259336955894,23.171106941756783,23.204572058107285,9972900
2023-12-29,23.16197967529297,23.24108220720512,23.082877143380824,23.201530941249043,11581800
2024-01-02,23.33235549926757,23.42667166434064,23.0737498605413,23.07983426899748,20586600
2024-01-03,23.18631935119629,23.32627119162968,23.152852493208563,23.286718184270065,10899900
2024-01-04,23.15893745422364,23.317144264768395,23.152853045596,23.222828097037468,11936700
2024-01-05,23.234994888305664,23.32018181795038,23.08287425193992,23.158933699678204,10662300
2024-01-08,23.37190818786621,23.39016315523505,23.122428276197383,23.204573888467664,13774800
2024-01-09,23.24716758728028,23.28671885488949,23.165021977288266,23.25629507071155,8764500
2024-01-10,23.234994888305664,23.274546149307408,23.146764884395743,23.244122370212093,17371800
2024-01-11,23.14068031311035,23.24716528809104,23.0037715569607,23.23195339750655,10072500
2024-01-12,23.204572677612305,23.32322821842862,23.11938573581876,23.259337576861103,10789200
2024-01-16,23.03420066833496,23.17110944581849,22.967266946621816,23.152854477916804,14806500
2024-01-17,22.89424705505371,22.994647637535888,22.79080513851694,22.87295075311335,12843300
2024-01-18,23.031152725219727,23.055492096980764,22.84556523315296,22.96421901765457,10711500
2024-01-19,23.30192947387696,23.350606477731848,22.99768644878152,23.11329890277114,12286200
2024-01-22,23.402328491210938,23.454050310764583,23.30497100091413,23.329310373488333,13368900
2024-01-23,23.40841293334961,23.451005526582165,23.33539482095064,23.40841293334961,9414000
2024-01-24,23.24412727355957,23.49664852327621,23.2380411237453,23.49664852327621,13708500
2024-01-25,23.44796562194824,23.45405002979659,23.320182611797524,23.438838139731104,12179400
2024-01-26,23.43275260925293,23.51185687692552,23.374948121834624,23.47230561353386,11016900
2024-01-29,23.527070999145508,23.533155407731552,23.368864189682284,23.45100979870692,11151000
2024-01-30,23.48447608947754,23.511858538786868,23.36277921625173,23.42971293174828,7753800
2024-01-31,23.195446014404297,23.47839101906548,23.19240293982593,23.47839101906548,12526800
2024-02-01,23.438838958740234,23.438838958740234,23.09504466040165,23.256292789797307,10506900
2024-02-02,23.426671981811523,23.520986407273305,23.2502102070758,23.368864007581536,10705500
2024-02-05,23.23803901672364,23.36886337163588,23.171107042841275,23.36886337163588,11640300
2024-02-06,23.350610733032227,23.390163743622857,23.28976316145812,23.326273097114225,10884000
2024-02-07,23.387115478515625,23.475345482251416,23.30496988240905,23.466218000363003,8478900
2024-02-08,23.44796562194824,23.460134437644943,23.33235316838345,23.417541841817265,7434300
2024-02-09,23.36277961730957,23.41754451686835,23.274549600317435,23.41754451686835,9789600
2024-02-12,23.50576972961425,23.56966210410615,23.3688609803386,23.371904054658422,9979200
2024-02-13,23.14677047729492,23.341485495976144,22.96422427683648,23.332358011864265,12654600
2024-02-14,23.23803901672364,23.26846454036766,23.098088919696487,23.247166499727903,10551900
2024-02-15,23.49968910217285,23.5179423270083,23.28063299525398,23.28063299525398,10514400
2024-02-16,23.42058563232422,23.56053747285383,23.368863807964097,23.43579752398557,9462300
2024-02-20,23.41754531860352,23.514901081299143,23.3262722237701,23.36886482592148,14182800
2024-02-21,23.511857986450195,23.52098546933888,23.347566776232515,23.44188119793337,8347800
2024-02-22,23.670063018798828,23.730912324353227,23.50577180878024,23.54228174029075,9360300
2024-02-23,23.69744682312012,23.7735080241921,23.66397996428402,23.69744682312012,12565200
2024-02-26,23.56966590881348,23.73699846474204,23.536199049449863,23.69744719664582,8671800
2024-02-27,23.590959548950195,23.603130105932166,23.50881394721207,23.58183206643604,8188200
2024-02-28,23.557493209838867,23.639638813377967,23.51794194533658,23.55445187619366,8081100
2024-02-29,23.621381759643555,23.72178231973504,23.58183049863789,23.68223105872938,9695100
2024-03-01,23.77654838562012,23.806972168448816,23.58487646473205,23.66397899644242,8981700
2024-03-04,23.84956741333008,23.913459796938312,23.776549287238687,23.78567677061129,11979300
2024-03-05,23.767423629760746,23.907373732936023,23.694403762518743,23.825228123178235,10272000
2024-03-06,23.846525192260746,23.98343395597725,23.78871896031121,23.90128834956948,9660000
2024-03-07,23.962133407592773,24.0290688564598,23.92866829449306,23.95909207415964,9161100
2024-03-08,23.861740112304688,24.016903861781188,23.861740112304688,23.971266440823623,10614300
2024-03-11,23.99864387512207,24.00777135740497,23.816097711242648,23.8769470128322,10698300
2024-03-12,24.04123878479004,24.117298237477108,23.94388129263916,24.08079004836517,8812200
2024-03-13,24.1142578125,24.20553090005283,24.05949465632404,24.120342220766364,9695100
2024-03-14,23.98343086242676,24.15076338741003,23.85260652397709,24.15076338741003,9599400
2024-03-15,23.90128898620605,24.01690145318458,23.855653310714786,23.89216150292992,10259100
2024-03-18,23.949966430664062,24.032112034781296,23.87390697565872,24.013857069224283,12881700
2024-03-19,24.056453704833984,24.06862426333016,23.91041744821685,23.94388430796947,10482900
2024-03-20,24.295917510986328,24.311247865775623,23.980106588097566,24.01076729767616,14684100
2024-03-21,24.48908042907715,24.525874681638285,24.335775137114307,24.35417226339488,10912500
2024-03-22,24.338838577270508,24.54426846222777,24.329641769172994,24.5166745290424,10813500
2024-03-25,24.3449764251709,24.47375281465568,24.335777861001027,24.3388428794265,10905600
2024-03-26,24.182472229003903,24.436959986150168,24.179405456172653,24.4154960852248,14642700
2024-03-27,24.59946060180664,24.59946060180664,24.30204683661576,24.31124539944549,9745200
2024-03-28,24.72210693359375,24.78036333267831,24.639321616707623,24.65158519838512,9044100
2024-04-01,24.571866989135746,24.771165106908065,24.547338070999764,24.74050439784974,12515100
2024-04-02,24.446155548095703,24.55040300374912,24.384832380128323,24.5289408599061,10589400
2024-04-03,24.38483238220215,24.48294804740112,24.33883956761108,24.44922056818316,9058200
2024-04-04,24.139545440673828,24.581065974700604,24.099686167324464,24.52894311929604,11765700
2024-04-05,24.22539329528809,24.28364969019559,24.03529375734461,24.151806547159627,10267200
2024-04-08,24.25299072265625,24.338841057738225,24.210064677891967,24.2407253865322,6589200
2024-04-09,24.390962600708008,24.390962600708008,24.18859949288873,24.323507646619458,9741300
2024-04-10,23.9555778503418,24.130347054262742,23.82986823834216,24.105818135525418,19044000
2024-04-11,23.89425468444824,24.010765724100523,23.762409782118297,24.00770070601152,14938800
2024-04-12,23.55084800720215,23.84826178199303,23.501790173491067,23.805335738884203,11039100
2024-04-15,23.431270599365234,23.799204358540923,23.34541851166763,23.74094796069895,13462500
2024-04-16,23.281030654907227,23.44966806012852,23.241171383067623,23.431270933295902,9982800
2024-04-17,23.24423789978028,23.397543194655512,23.15838581180434,23.357683923254744,7970400
2024-04-18,23.24423789978028,23.37608104988481,23.173716165847207,23.29329573449608,7839600
2024-04-19,23.501792907714844,23.52019003610847,23.256503710622223,23.281032630331485,10240500
2024-04-22,23.682693481445312,23.811469859437697,23.498725723359133,23.60297318390313,9235500
2024-04-23,23.845199584960938,23.88812563630655,23.676563907138192,23.73482031515434,7521000
2024-04-24,23.9555778503418,23.9709082052468,23.72561901787353,23.80840433791784,8927700
2024-04-25,23.78080368041992,23.961704637637084,23.64282876064076,23.87891933488033,10230300
2024-04-26,23.75627899169922,23.85439290191633,23.685757261193217,23.71335294979728,7184400
2024-04-29,23.891189575195312,23.924917057648123,23.777743545734022,23.78694210953449,7443000
2024-04-30,23.606040954589844,23.832933011969008,23.58764382711406,23.832933011969008,7275300
2024-05-01,23.575374603271484,23.814531957681723,23.49259105217405,23.54778067105445,10349100
2024-05-02,23.691892623901367,23.762412610593945,23.54778587761564,23.72868688092132,7831500
2024-05-03,23.90652084350586,24.00770329473044,23.78694301842413,23.90652084350586,7839600
2024-05-06,23.9555778503418,24.04756173421844,23.91571857669948,23.99850389674378,10487700
2024-05-07,23.99236869812012,24.11808005590474,23.97397332616958,24.0506268498597,9078900
2024-05-08,24.07209014892578,24.09048727620524,23.909586284999392,23.955577348751405,6155400
2024-05-09,24.271385192871094,24.274450210731665,24.035292849733523,24.096616014748143,9018300
2024-05-10,24.31431007385254,24.338838989569727,24.271385787182297,24.317376846234605,6134100
2024-05-13,24.39403343200684,24.492149107208352,24.351107385494508,24.37870132261577,6714600
2024-05-14,24.43389129638672,24.51360983927806,24.34497419016998,24.43695806897737,6367500
2024-05-15,24.574932098388672,24.59946101486433,24.47681643248601,24.532006055944635,7487700
2024-05-16,24.528940200805664,24.57186448733831,24.44002134647527,24.528940200805664,8173800
2024-05-17,24.55346870422364,24.559602249303392,24.47681693519197,24.52587476915085,6338400
2024-05-20,24.430822372436523,24.5565337208848,24.40629345721099,24.5565337208848,7638000
2024-05-21,24.363370895385746,24.44308943689812,24.30204772575939,24.40323016614193,6726000
2024-05-22,24.28365135192871,24.381767022814056,24.210064598764703,24.311247042282684,8979300
2024-05-23,23.90958404541016,24.265252449115803,23.89731871022386,24.265252449115803,9431700
2024-05-24,23.94637680053711,24.0506260101832,23.89731896815536,23.99236786047757,7175100
2024-05-28,23.74401092529297,23.964771145393613,23.661225623449443,23.964771145393613,9843000
2024-05-29,23.431270599365234,23.59377445702868,23.41287347279481,23.59377445702868,9505800
2024-05-30,23.65509796142578,23.65816297959976,23.47419697463784,23.492594101468004,7257600
2024-05-31,24.09048843383789,24.096620225076823,23.655099675833053,23.70109074179509,7858800
2024-06-03,23.95864486694336,24.13034729985216,23.80227278909558,24.13034729985216,8255700
2024-06-04,23.97090530395508,24.026096680269028,23.83599714445157,23.878921431211605,5874600
2024-06-05,23.961708068847656,24.02609801144816,23.786940630843063,24.007700884990875,11250000
2024-06-06,23.940244674682617,24.035293565673143,23.84212901129377,23.915715758835407,6650100
2024-06-07,23.88199043273925,24.05062784091728,23.81147045123993,23.88199043273925,6192000
2024-06-10,23.845199584960938,23.878927071414857,23.694961036921576,23.81760564473272,7659900
2024-06-11,23.76240921020508,23.7654759826668,23.590708550171414,23.76240921020508,7496100
2024-06-12,23.74401092529297,23.998498620548105,23.6796227470694,23.98010149692815,8495700
2024-06-13,23.642831802368164,23.679626054747665,23.492593283675923,23.67349426416659,8197200
2024-06-14,23.54471778869629,23.58457706194216,23.379148904701136,23.520188870202933,9477600
2024-06-17,23.701086044311523,23.71948316882877,23.43739977438553,23.498722937960896,9250200
2024-06-18,23.805334091186523,23.88505438128405,23.71641699304544,23.71641699304544,7321200
2024-06-20,23.93411445617676,23.97397372774038,23.72561778055946,23.7593452613702,9732000
2024-06-21,23.952512741088867,24.029164515322822,23.90038813105245,23.98010667803443,8371200
2024-06-24,24.286714553833008,24.33270560988126,24.04142541268302,24.053688992517355,7982100
2024-06-25,24.093549728393555,24.26218711975028,24.01689796363726,24.26218711975028,7842300
2024-06-26,23.992536544799805,24.045213529038868,23.94915560325228,24.04211425712874,8162400
2024-06-27,23.942960739135746,24.00803304315841,23.850003850895632,23.995637727569665,9172500
2024-06-28,24.09479141235352,24.20014360854041,23.98324067230238,24.01732557140026,10609800
2024-07-01,23.98634147644043,24.290004542747823,23.95535584729536,24.16915952525868,16640400
2024-07-02,23.998735427856445,24.05450991175519,23.871691873328142,23.98634011307957,8160600
2024-07-03,23.915075302124023,24.066905955915328,23.905779258334505,23.99253937863824,6168900
2024-07-05,23.86549568176269,23.921271944198,23.7694395181892,23.921271944198,9886200
2024-07-08,23.887184143066406,23.986339566867954,23.81281757521525,23.88098737233852,8576700
2024-07-09,23.893383026123047,23.99253845869057,23.79422759355552,23.81281968042168,8870100
2024-07-10,24.128877639770508,24.1505672253728,23.90887541948901,23.942960320463296,7726500
2024-07-11,24.423242568969727,24.46352601070036,24.19704536992805,24.20324214056399,10332000
2024-07-12,24.677330017089844,24.7981750248725,24.519300838888626,24.55958250814951,9661200
2024-07-15,24.767189025878903,24.900429346144293,24.70211850166349,24.75169621278369,9588600
2024-07-16,25.179304122924805,25.179304122924805,24.779584925722048,24.81676732342142,8936100
2024-07-17,25.50775718688965,25.541842084905287,25.145218623013672,25.157613937309726,11274000
2024-07-18,25.28775405883789,25.699870318715256,25.26296520419317,25.396205519538384,11019000
2024-07-19,25.13282585144043,25.365221600999515,25.05226251168468,25.29705180288056,6724800
2024-07-22,25.154512405395508,25.163808447022618,24.92211668383373,25.13282282362469,9084600
2024-07-23,24.9376163482666,25.027473965208788,24.872544043621865,25.00268687987233,8572800
2024-07-24,25.00578498840332,25.108039696583667,24.841559019293584,24.987192900908884,7804200
2024-07-25,25.154512405395508,25.355922503559352,24.91901918531713,24.96859689196928,9511800
2024-07-26,25.554237365722656,25.594519037109023,25.269164620934465,25.30944806535976,7490400
2024-07-29,25.4550838470459,25.55733855572737,25.37142122594998,25.55423928345009,9230100
2024-07-30,25.6564884185791,25.715362167784384,25.479867170963253,25.51395206645256,8377200
2024-07-31,25.58832359313965,25.7773384177734,25.541845148292325,25.702971842194263,9619200
2024-08-01,25.3342342376709,25.77423865415533,25.25677016973113,25.69057604234929,10129500
2024-08-02,25.03676986694336,25.340434710102407,24.760994927227408,25.25677209192912,10460700
2024-08-05,24.472820281982425,24.69282069446589,24.404648717765685,24.57817246732389,18282000
2024-08-06,24.59676551818848,24.860148670443444,24.44803237888724,24.544090306168584,12704400
2024-08-07,24.44493293762207,24.92521721674976,24.43253762381244,24.77338481755446,9877200
2024-08-08,24.85704803466797,24.8818368898581,24.51310333379444,24.531693645407955,8586000
2024-08-09,24.84155464172364,24.91592120555748,24.677328701553733,24.850850683832704,7585200
2024-08-12,24.72380828857422,24.92521840654481,24.66803380636533,24.915922364003524,7661400
2024-08-13,24.98719024658203,24.999585561274618,24.70211928511894,24.77958512609072,7015800
2024-08-14,25.018178939819336,25.08015019736856,24.94071309484385,24.971698723618463,6625200
2024-08-15,25.28155899047852,25.41170004286516,25.22888200592256,25.300151075973424,8206800
2024-08-16,25.39620590209961,25.411698714856097,25.2598663129805,25.269162355242145,6395100
2024-08-19,25.544940948486328,25.554236991445325,25.408601349139573,25.41789739209857,7279800
2024-08-20,25.47677230834961,25.517053978175976,25.4178967800141,25.51395470625131,7043100
2024-08-21,25.585220336914062,25.631700547562712,25.50775627423089,25.566628252654606,7131000
2024-08-22,25.513954162597656,25.653391254575904,25.44578436601844,25.62860239882336,6476700
2024-08-23,25.879594802856445,25.89198834640408,25.57592993643076,25.634805473918966,7466400
2024-08-26,25.91057777404785,26.062410191669265,25.88578891645899,25.953958718088103,9560100
2024-08-27,25.8671989440918,25.935366973580724,25.79283237034472,25.90438134444585,6933300
2024-08-28,25.87339401245117,26.0035368466408,25.749451495575496,25.842408383232254,6417300
2024-08-29,25.984941482543945,26.108885756826137,25.786630643692444,26.012829609146973,7154100
2024-08-30,26.192550659179688,26.20494597421364,25.932268546894665,26.02832470299244,7419000
2024-09-03,25.96015167236328,26.146068963464256,25.90127792261593,26.087195213716903,10817700
2024-09-04,25.87339401245117,26.08410019182558,25.79283244030537,25.960155901910923,9603900
2024-09-05,25.62860107421875,25.960152224402886,25.548037740446546,25.947758683686576,8496000
2024-09-06,25.408599853515625,25.77733518601577,25.365220686312263,25.65958767951797,9841200
2024-09-09,25.71536445617676,25.81761737870541,25.45817985435697,25.513954336921586,8665800
2024-09-10,25.73705291748047,25.74634895967552,25.510853952170947,25.74634895967552,6937500
2024-09-11,25.579025268554688,25.659588608321428,25.157614711185524,25.659588608321428,8727300
2024-09-12,25.60381507873535,25.68747769354798,25.417897762920862,25.628603935974688,6989100
2024-09-13,25.83001518249512,25.83931122599158,25.66268994563685,25.671985989133308,6856800
2024-09-16,26.074800491333008,26.087195805105463,25.91057455185945,25.95085799184088,7710600
2024-09-17,26.056211471557617,26.21114137663972,25.984942403171125,26.07790105543592,7572000
2024-09-18,26.071706771850582,26.384665883725653,26.022129055651785,26.09029885868489,8607300
2024-09-19,26.29790496826172,26.412553211859848,26.21733985210609,26.390861853532243,9279900
2024-09-20,26.17705535888672,26.21733702610305,26.06860389805564,26.201844213561287,10921800
2024-09-23,26.316495895385746,26.322694439646188,26.198748376982955,26.25142536496288,7689600
2024-09-24,26.35677528381348,26.41255153909007,26.29480403089125,26.375367368905675,9443100
2024-09-25,26.064462661743164,26.38647674506053,26.05195633993837,26.3770974509363,10584900
2024-09-26,26.180137634277344,26.25204317065455,26.089473509656543,26.0957257760986,10354200
2024-09-27,26.34270668029785,26.49589883251518,26.2708011455993,26.317695826196086,13143900
2024-09-30,26.427122116088867,26.452132973578383,26.214530721886828,26.36772110593657,21598200
2024-10-01,26.41148567199707,26.442748790851024,26.248916022822662,26.430244258876364,13093500
2024-10-02,26.430248260498047,26.48964926866444,26.289562415437675,26.44275279436593,10701600
2024-10-03,26.36146354675293,26.408360013204863,26.202019138650904,26.35521128086509,9858300
2024-10-04,26.464635848999023,26.50527826350993,26.308316668366427,26.48339443690172,9511200
2024-10-07,26.35521507263184,26.50840544796849,26.27705547657852,26.46463779153947,12602700
2024-10-08,26.31144523620605,26.398984125598044,26.20827478561925,26.386477803291683,10086300
2024-10-09,26.558427810668945,26.574057582508644,26.24891825649189,26.320823793758294,11862600
2024-10-10,26.455257415771484,26.54279451396976,26.395856411425267,26.5177836589249,9633300
2024-10-11,26.767894744873047,26.78665154499173,26.552174548791733,26.561553843309834,9937900
2024-10-14,26.908578872680664,26.917958166601984,26.67410189139987,26.758513747774348,9085700
2024-10-15,26.79602813720703,27.06802228404961,26.758512751835458,26.86168140329529,11217500
2024-10-16,27.011749267578125,27.039887151154208,26.852304838482027,26.871063427532743,9171700
2024-10-17,27.021127700805664,27.105539559925766,26.95547443013835,27.07740346616404,8740400
2024-10-18,27.021127700805664,27.058644877711245,26.899200453697432,27.021127700805664,8179200
2024-10-21,26.70223999023437,27.02112885184596,26.66472460064817,27.011749557220025,12964900
2024-10-22,26.570934295654297,26.608451475361512,26.439627744514222,26.542796410873887,11338300
2024-10-23,26.524038314819336,26.645965565079127,26.38335068670438,26.514659020350503,11877000
2024-10-24,26.570934295654297,26.664725456004746,26.46776384037705,26.63658757122433,8814500
2024-10-25,26.4021053314209,26.70223555391689,26.38334674528559,26.66472017056351,9305200
2024-10-28,26.561553955078125,26.570933249635694,26.411488819992066,26.44900599822234,10346800
2024-10-29,26.345836639404297,26.458384600926745,26.317698754564887,26.43024850500493,10209700
2024-10-30,26.430248260498047,26.514660125317786,26.280183120577973,26.308319216239504,10503900
2024-10-31,26.47714233398437,26.61782817579345,26.439626944330136,26.439626944330136,10905200
2024-11-01,26.35521507263184,26.617828166876127,26.32707718871244,26.54279559867525,9374000
2024-11-04,26.38334846496582,26.49589820019649,26.28955910601051,26.402107052323824,10761000
2024-11-05,26.617826461791992,26.617826461791992,26.327075502253216,26.402108065647656,10098100
2024-11-06,27.236846923828125,27.31187948605972,27.00236994323973,27.20870904214725,16061100
2024-11-07,27.11491775512696,27.302500054216843,27.077402368659406,27.29312076037061,13223300
2024-11-08,27.27436256408692,27.330636539054503,27.105538850266736,27.20870929513849,11674000
2024-11-11,27.34939765930176,27.527600683602618,27.33063906960323,27.405671639479763,11164700
2024-11-12,27.11491775512696,27.38691190991556,27.09615916743449,27.37753261606932,13235500
2024-11-13,27.20870780944824,27.24622319440569,27.07740127872119,27.17119063557348,10503000
2024-11-14,27.086780548095703,27.236847464454968,27.04926516069396,27.22746817037517,8902300
2024-11-15,26.852304458618164,27.039886768636727,26.80540977557227,27.02112817985137,12549300
2024-11-18,27.00236892700196,27.049263605787782,26.8616813128098,26.899198486972328,11084400
2024-11-19,26.861684799194336,26.936717368340563,26.71161966090189,26.85230550443637,11657500
2024-11-20,26.92733764648437,26.94609623570279,26.730377826443625,26.871063667746665,9201500
2024-11-21,27.180572509765625,27.23684827592101,26.899200834658647,26.955474811896543,11132500
2024-11-22,27.5275993347168,27.55573542896831,27.20871048113807,27.20871048113807,12227600
2024-11-25,27.677663803100582,27.87462361380586,27.621389827030143,27.70580168559453,12321500
2024-11-26,27.621387481689453,27.64952357287691,27.424425898790805,27.64952357287691,11306600
2024-11-27,27.612010955810547,27.780834675525263,27.5838730728856,27.68704352135959,10547500
2024-11-29,27.696422576904297,27.74331725912413,27.61201071777463,27.658905399994463,7685300
2024-12-02,27.518218994140625,27.71517880208316,27.396289960627936,27.69642200293441,15555700
2024-12-03,27.36815452575684,27.57449363269572,27.358775231498143,27.546357538837093,13097900
2024-12-04,27.14305877685547,27.377535783385863,27.03050902659714,27.330639308729232,16023900
2024-12-05,27.15243911743164,27.246228492521567,27.11492193626154,27.161816623806505,12749200
2024-12-06,27.030506134033203,27.236847022606447,26.974232159384773,27.189950552968256,12671900
2024-12-09,27.00236892700196,27.20870801814388,26.97423104638006,27.10553757811425,19540700
2024-12-10,26.899200439453125,27.058644863382504,26.796029991934866,27.002370886971384,17529000
2024-12-11,26.743003845214844,26.97020082935161,26.73353707850901,26.97020082935161,15896100
2024-12-12,26.6956729888916,26.79980381602362,26.648339153285043,26.780872087382203,14370700
2024-12-13,26.629404067993164,26.705136394951367,26.50633971378649,26.676737900842728,16919700
2024-12-16,26.383275985717773,26.65780500035608,26.36434245212861,26.61993973877889,24794000
2024-12-17,26.326473236083984,26.44007262274541,26.231807381466293,26.345406768127724,17417900
2024-12-18,25.63541412353516,26.35487205028027,25.607013827068585,26.31700498832484,20344000
2024-12-19,25.493417739868164,25.9004796516354,25.474484207785736,25.78688026474181,22797700
2024-12-20,25.834217071533203,25.947814665914347,25.43662187999678,25.46502037579146,35339500
2024-12-23,25.90994644165039,25.92887816814934,25.63541564300415,25.77741352255176,22013800
2024-12-24,26.10874366760254,26.10874366760254,25.83421466871415,25.89101346062192,9522500
2024-12-26,26.118209838867188,26.146610136974616,25.957278427460427,26.014077218074284,14128100
2024-12-27,26.004613876342773,26.18447884350589,25.87208274559166,25.98568214737921,16074000
2024-12-30,25.77741432189941,25.862613413390168,25.607016138917903,25.862613413390168,16946400
2024-12-31,25.86261367797852,25.919412471019747,25.71114902613451,25.82474841781805,13234100
2025-01-02,25.805814743041992,26.070878785112065,25.701682118371416,26.004611420393747,17005200
2025-01-03,25.97621154785156,26.0140768057937,25.74901458339584,25.891012460480543,11470500
2025-01-06,25.815284729003903,26.09928053366833,25.786884426296947,26.00461466357976,22820300
2025-01-07,25.805814743041992,26.051945252335404,25.72061565114808,25.919412328499835,16406000
2025-01-08,25.86261367797852,25.8720804444189,25.597551440052044,25.74901609189605,13723600
2025-01-10,25.569150924682617,25.796347900528907,25.50288536576092,25.78688113416852,22011200
2025-01-13,25.843679428100582,25.87207972663381,25.521816600461445,25.531283366639187,17826400
2025-01-14,26.051944732666016,26.06141149886551,25.84367948747922,25.94781211007262,14077400
2025-01-15,26.335941314697266,26.44954070702052,26.231808688867705,26.38327514716574,12225300
2025-01-16,26.345409393310547,26.364342927240912,26.11821240294969,26.250743529259896,13454400
2025-01-17,26.496871948242188,26.515805480668188,26.383274364888244,26.459006688991217,15361500
2025-01-21,26.714603424072266,26.78087079071293,26.563138768667265,26.563138768667265,21390200
2025-01-22,26.430606842041016,26.64833705185786,26.430606842041016,26.64833705185786,15660900
2025-01-23,26.591537475585938,26.610471007777555,26.421139297063405,26.46847132194144,14818700
2025-01-24,26.57260513305664,26.62940392657337,26.506339573020263,26.53473987257918,11739400
2025-01-27,26.932334899902344,26.932334899902344,26.648337322576893,26.65780408904785,21061100
2025-01-28,26.57260513305664,26.86606767276106,26.53473987257918,26.80926887924432,14748400
2025-01-29,26.515804290771484,26.714600955520403,26.468470461830584,26.59153661147597,11720300
2025-01-30,26.48740577697754,26.591538402058497,26.32647435894382,26.506339309828817,15498900
2025-01-31,26.345409393310547,26.591539917601768,26.29807736408581,26.515807587481483,15426900
2025-02-03,26.24127578735352,26.345408414500515,25.93834647812709,26.07087940511449,19749100
2025-02-04,26.27914428710937,26.317009550027347,26.137146391364865,26.17501165428284,11507200
2025-02-05,26.45900535583496,26.46847031597003,26.2412733551086,26.32647244113175,10937300
2025-02-06,26.26967430114746,26.506338033590232,26.17500844705016,26.487404501650573,13422000
2025-02-07,26.08981132507324,26.3454086087177,26.051946063941354,26.317008308667944,14970000
2025-02-10,26.20340919494629,26.22234272721109,26.03301101576512,26.20340919494629,11902600
2025-02-11,26.383275985717773,26.383275985717773,26.13714546586208,26.184477494233843,11203800
2025-02-12,26.17500877380371,26.26020786299476,26.08034291852465,26.13714351505269,12124200
2025-02-13,26.364341735839844,26.364341735839844,26.17501001629442,26.279142642604512,10936900
2025-02-14,26.30754280090332,26.51580624680371,26.279142501443733,26.38327512719447,10062600
2025-02-18,26.496871948242188,26.496871948242188,26.260208209720265,26.32647376761024,15611500
2025-02-19,26.676738739013672,26.695672272748386,26.421141450398576,26.459008517868,12266700
2025-02-20,26.809268951416016,26.809268951416016,26.59153873768147,26.64833753135112,12605400
2025-02-21,26.705137252807617,26.85660371719072,26.67673875778673,26.83767018344269,13856400
2025-02-24,26.75246810913086,26.92286628269236,26.6767357881703,26.75246810913086,13681800
2025-02-25,26.932334899902344,27.01753399253987,26.83766904079386,26.83766904079386,12774100
2025-02-26,26.648334503173828,26.92286528498287,26.5915357159585,26.89446498857476,12882000
2025-02-27,26.66726875305176,26.87553218218991,26.6294016901534,26.657801987327165,12408200
2025-02-28,27.01753234863281,27.01753234863281,26.601003677260213,26.752468320377343,16590300
2025-03-03,26.88500213623047,27.18793145293824,26.69567221608869,27.04593356143161,17881200
2025-03-04,26.430606842041016,26.809268469027064,26.37380804939337,26.79980170265228,20158100
2025-03-05,26.55367088317871,26.638869973954343,26.24127481886841,26.36434097470034,16031700
2025-03-06,26.57260513305664,26.601005432615555,26.307542892911137,26.45900754602317,14871800
2025-03-07,26.941797256469727,26.98913108424903,26.51580364006143,26.534737171173152,16558700
2025-03-10,26.866065979003903,27.31099494937113,26.68620284327343,26.809267189068017,23520500
2025-03-11,26.26020812988281,26.79980116317613,26.18447580601008,26.79033439699192,24564600
2025-03-12,25.97621154785156,26.193941746421512,25.85314539693744,26.17500821464996,26655200
2025-03-13,25.834217071533203,26.146613164483163,25.77741646874142,26.00461346310492,15121400
2025-03-14,26.165542602539062,26.193942901448708,25.83421480993177,25.909947134756443,15167200
2025-03-17,26.46847343444824,26.525274035556475,26.146612389507364,26.156077350757585,16046200
2025-03-18,26.430606842041016,26.487405634688656,26.32647421751945,26.45900714116537,12625300
2025-03-19,26.53473854064941,26.601004097359542,26.31700653282913,26.449539451850388,13079400
2025-03-20,26.45900535583496,26.58206969920122,26.373806269811805,26.411671527154905,11317400
2025-03-21,26.27914428710937,26.392741881464502,26.146613158494656,26.364343385676325,16883800
2025-03-24,26.591537475585938,26.610471007777555,26.345406973897944,26.39273899877598,15452500
2025-03-25,26.35487365722656,26.619937690273744,26.269674568232865,26.58207062600943,16456400
2025-03-26,26.55451202392578,26.68824102487905,26.43033704650078,26.478096232765125,17390600
2025-03-27,26.506750106811523,26.640477272091427,26.4112299222276,26.583165890099465,11448800
2025-03-28,26.34436798095703,26.544960563270664,26.23929558917865,26.50675175829812,15661100
2025-03-31,26.70734214782715,26.802862337035897,26.25839962701093,26.26795182812141,19019400
2025-04-01,26.621376037597656,26.69779182474611,26.43033565877849,26.68823962361554,14702200
2025-04-02,26.621376037597656,26.64047861796271,26.363472072760604,26.48764704366581,11923400
2025-04-03,25.532447814941406,26.23929427445176,25.513343413412368,26.14377591059858,30584900
2025-04-04,24.14741325378418,25.12171411795085,24.099652246489253,25.04529832817511,45530200
2025-04-07,23.822643280029297,24.57724889993369,23.0966924397048,23.497875750886863,50085200
2025-04-08,23.230419158935547,24.338448888287047,22.92475603661733,24.300241908945228,40098800
2025-04-09,24.71097755432129,24.79694371380679,22.800581206993336,22.83878818655401,46103800
2025-04-10,23.851299285888672,24.36710720759768,23.22086859617504,24.36710720759768,31358500
2025-04-11,24.1665153503418,24.26203554112062,23.5265324405886,23.84174779483145,21685900
2025-04-14,24.453075408935547,24.53904339664075,24.17606704368632,24.46262761000236,27320700
2025-04-15,24.290691375732425,24.586802318063626,24.2333799918384,24.44352294738053,17240800
2025-04-16,24.00412940979004,24.4053127173972,23.870402247886297,24.30979435712078,18600500
2025-04-17,24.281139373779297,24.48173013000049,24.061444215471493,24.08054679566204,15390600
2025-04-21,23.908611297607425,24.204722225708064,23.650707349634622,24.16651342368426,21932900
2025-04-22,24.30024147033692,24.38620944967422,23.98502615339876,23.98502615339876,21483100
2025-04-23,24.281139373779297,24.71097931124765,24.147412202965167,24.500834532087097,27870400
2025-04-24,24.55814552307129,24.567697723961583,24.18561879783,24.357554770063217,15485700
2025-04-25,24.519939422607425,24.529491623841004,24.27158765622258,24.50083502014025,14346200
2025-04-28,24.63456344604492,24.710979232251,24.42441866755616,24.539043257813308,14821000
2025-04-29,24.730079650878903,24.78739285194612,24.47217753366003,24.47217753366003,12637700
2025-04-30,24.66321563720703,24.72052701536909,24.271584546290565,24.63456085907393,13636400
2025-05-01,24.55814552307129,24.758738097975392,24.42441835439924,24.548595144077023,15470600
2025-05-02,24.892465591430664,24.91156999346052,24.682322634790467,24.82560200622224,14242200
2025-05-05,24.64411354064941,24.777842531388217,24.58680215713052,24.777842531388217,14148800
2025-05-06,24.40531349182129,24.605906062938,24.3575543101676,24.56769726009825,12092400
2025-05-07,24.491283416748047,24.596355810986207,24.35755624000576,24.47218083571068,12919200
2025-05-08,24.625009536743164,24.854256879458035,24.500832754087657,24.567696334642505,20045400
2025-05-09,24.57725143432617,24.75873961859625,24.548596651791417,24.73008301416535,14195200
2025-05-12,25.24588966369629,25.31275324869892,25.08350589073445,25.11216249369103,18699900
2025-05-13,25.13126373291016,25.2554405172006,25.112161153854355,25.236336116248847,17389700
2025-05-14,24.83515357971192,25.09305753491012,24.806496977391223,25.09305753491012,17297200
2025-05-15,25.236337661743164,25.236337661743164,24.82560212560645,24.84470652772817,14412000
2025-05-16,25.40827369689941,25.40827369689941,25.159921934420183,25.26499432444111,11779600
2025-05-19,25.38916778564453,25.38916778564453,25.159920438958093,25.264992822733696,15067100
2025-05-20,25.29364967346192,25.40827426713873,25.22678608627382,25.37006546194775,12280800
2025-05-21,24.844707489013672,25.179027251494983,24.83515528758322,25.16947505006453,15842400
2025-05-22,24.79694366455078,24.91156824679698,24.605905123335017,24.816048065241134,16081300
2025-05-23,24.730079650878903,24.78739285194612,24.53904111300921,24.63456129289201,16065700
2025-05-27,25.093055725097656,25.093055725097656,24.806495188246664,24.902015367196995,15919500
2025-05-28,24.87336540222168,25.14081976876413,24.81605219062296,25.10261278292788,13190600
2025-05-29,25.01664161682129,25.01664161682129,24.730081060835,24.930673632215,13882500
2025-05-30,24.99753761291504,25.09305779976287,24.82560164096815,24.94977843043914,14779900
2025-06-02,25.07395362854004,25.07395362854004,24.768290485333587,25.054849226615627,20610300
2025-06-03,25.25544166564941,25.303200848304613,24.902017519554423,25.0261943094916,12717000
2025-06-04,25.11216163635254,25.370063766572656,25.11216163635254,25.293647983193367,11733400
2025-06-05,25.05484962463379,25.18857861833305,24.99753823984615,25.17902641721909,18901400
2025-06-06,25.350963592529297,25.3987227784619,25.19813018937341,25.255443398767927,10658900
2025-06-09,25.456031799316406,25.58020858623033,25.36051161443553,25.408272617823965,13743000
2025-06-10,25.74259376525879,25.866768737084435,25.522896781419423,25.5324489826208,12688100
2025-06-11,25.656625747680664,25.78080071936759,25.561105557669748,25.78080071936759,13813000
2025-06-12,25.80945587158203,25.80945587158203,25.513343117010063,25.627967702956628,10552300
2025-06-13,25.694833755493164,25.885874143135435,25.62797016638721,25.79990615088603,21328400
2025-06-16,25.71393775939941,25.86676933838189,25.63752196990817,25.761696944620383,13918200
2025-06-17,25.52289390563965,25.73303866459968,25.494239127160288,25.68527766397427,12383700
2025-06-18,25.44647979736328,25.59931136560781,25.40827281625015,25.5515521837424,13837400
2025-06-20,25.503793716430664,25.61841648487752,25.456032711331098,25.55155289963417,14262300
2025-06-23,25.503793716430664,25.65662528895717,25.35096214390416,25.580209502693915,18943800
2025-06-24,25.54199981689453,25.599311199139542,25.45603183257901,25.49424063533969,19845100
2025-06-25,25.27191925048828,25.50341751992396,25.233335285689986,25.50341751992396,20744100
2025-06-26,25.455188751220703,25.48412672616917,25.339440530996427,25.339440530996427,17013600
2025-06-27,25.455188751220703,25.57093881122977,25.34908652264592,25.47448073451968,20889900
2025-06-30,25.56129264831543,25.590230623070006,25.435898437281825,25.48412655542134,24163700
2025-07-01,26.09181022644043,26.275080393441453,25.5420015652222,25.55164755714697,25633400
2025-07-02,26.34259986877441,26.3522458604691,26.091809604066967,26.16897569783966,15531900
2025-07-03,26.381181716918945,26.42940983173445,26.31366162026338,26.390827707838977,8818700
2025-07-07,26.10145378112793,26.323307895112304,25.94712160431208,26.313661904088228,15913300
2025-07-08,26.352245330810547,26.429411423032263,26.04358096192368,26.072518936426107,14732800
2025-07-09,26.32330894470215,26.43905716203693,26.17862091335655,26.38118305336954,14405300
2025-07-10,26.53551483154297,26.62232691311212,26.20755848778944,26.28472457809705,13643200
2025-07-11,26.36189079284668,26.44870287482563,26.275078710867728,26.42941089221148,14040400
2025-07-14,26.34259986877441,26.41011997085242,26.16897569783966,26.3522458604691,16559000
2025-07-15,25.918188095092773,26.36189268841473,25.918188095092773,26.31366456819621,16833400
2025-07-16,25.97606086730957,26.04358096804635,25.754208582093074,25.947122892800337,16183600
2025-07-17,26.17862129211425,26.217205258307256,25.956769005858828,25.956769005858828,14578000
2025-07-18,26.0628719329834,26.32330817403903,25.99535183488409,26.313662182912747,13196900
2025-07-21,25.99535179138184,26.18826609423064,25.97605980916155,26.14003797846461,13098600
2025-07-22,26.27507972717285,26.29437171053321,25.918187233930293,25.94712336918603,12718600
2025-07-23,26.410120010375977,26.439057985503343,26.226851687257067,26.275079806017875,16834900
2025-07-24,26.313663482666016,26.44870368553489,26.255787533049546,26.34259961768948,14200200
2025-07-25,26.352245330810547,26.37153731381217,26.159331020148635,26.352245330810547,16852700
2025-07-28,26.23649406433105,26.3715342500845,26.19791010281033,26.36188825970432,14874400
2025-07-29,26.207557678222656,26.2268496601498,26.053225502374843,26.18826569629552,13147000
2025-07-30,25.88924789428711,26.207558243815857,25.783143831182628,26.207558243815857,23968400
2025-07-31,25.56129264831543,25.908540986231223,25.503418538591056,25.71562483410361,19727500
2025-08-01,25.445541381835938,25.590229408959413,25.28156321224273,25.54199945332336,17759300
2025-08-04,25.667394638061523,25.67704062886549,25.45518651994349,25.474478501551427,20330500
2025-08-05,25.79278945922852,25.802435450264458,25.599875157863696,25.66739525533061,15668200
2025-08-06,25.73491477966309,25.879600962410606,25.68668482555749,25.831372848089643,16556100
2025-08-07,25.80243492126465,25.96641308594444,25.64810274742303,25.84101888461737,13395300
2025-08-08,25.92782974243164,26.02428781333477,25.84101950238197,25.850663653666075,13660000
2025-08-11,25.84101867675781,26.13039104043704,25.76385075067309,25.985704858597423,17459200
2025-08-12,26.140037536621094,26.15932951851529,25.889247291350525,25.91818526419182,13871100
2025-08-13,26.48728370666504,26.506575688336994,26.120745253821063,26.17861935905229,16077000
2025-08-14,26.37153625488281,26.400474228223256,26.20755808552299,26.313662147986605,14665800
2025-08-15,26.36189079284668,26.458348866132702,26.29437069348188,26.40047475807497,14205700
2025-08-18,26.29437065124512,26.41011886717464,26.265432677370374,26.35224475920988,12751600
2025-08-19,26.47764015197754,26.64161832031322,26.323307974695098,26.323307974695098,12997100
2025-08-20,26.53551483154297,26.71878498594281,26.487284875235265,26.506576857758347,16734900
2025-08-21,26.54516220092773,26.61268230347919,26.429412139564658,26.49693224211612,9865400
2025-08-22,26.95992851257324,27.037094600775514,26.65126231997949,26.65126231997949,15118600
2025-08-25,26.78630447387696,26.94063665097119,26.76701249179401,26.94063665097119,12613200
2025-08-26,26.767013549804688,26.84417964140192,26.689847458207453,26.776659541227435,16407600
2025-08-27,26.882762908935547,26.940637016184272,26.72842888996445,26.74772087230893,11516200
2025-08-28,26.83453369140625,26.94063775743553,26.68984749941116,26.92134577456025,11793900
2025-08-29,26.930992126464844,26.99851222764732,26.82488805901537,26.834534050582125,13211200
2025-09-02,26.85382461547852,26.95992867732429,26.71878442024548,26.902052730980408,18420600
2025-09-03,26.6223258972168,26.863470150199223,26.525867828066897,26.767012081049323,19873300
2025-09-04,26.70914077758789,26.718786769493327,26.535516602859705,26.63197468212924,13419700
2025-09-05,26.66090965270996,26.844179811332825,26.525869451506143,26.689847627161388,15327800
2025-09-08,26.467994689941406,26.631972861554527,26.30401651832829,26.631972861554527,18249700
2025-09-09,26.47764015197754,26.564452231672,26.439056187764592,26.439056187764592,18576600
2025-09-10,26.52586936950684,26.5644533353228,26.3040170854193,26.44870327765966,16572100
2025-09-11,26.738075256347656,26.76701323027045,26.496930993011887,26.53551495824228,13521500
2025-09-12,26.506574630737305,26.747718872661306,26.506574630737305,26.709136750641434,14967600
2025-09-15,26.37153625488281,26.545160415356115,26.313662147986605,26.545160415356115,18547600
2025-09-16,26.44870376586914,26.525869859140705,26.323309554222146,26.400475647493707,19907700
2025-09-17,26.496931076049805,26.75736732281694,26.38118285956534,26.458348950483224,21748100
2025-09-18,26.47764015197754,26.55480624061876,26.381182081229845,26.506576285352576,17238300
2025-09-19,26.36189079284668,26.535514956804583,26.30401668478895,26.535514956804583,17610900
2025-09-22,26.284725189208984,26.361891281310683,26.236497071564703,26.323309155152213,17463700
2025-09-23,26.42941093444824,26.58374311603864,26.304016726825324,26.31366271814781,16862900
2025-09-24,26.44888687133789,26.57548420429261,26.41967167356148,26.4683636698555,19469300
2025-09-25,26.28333854675293,26.48784122218827,26.25412334814508,26.43914922450853,20335200
2025-09-26,26.49757575988769,26.5462677538841,26.370980290316343,26.390457087914907,16482800
2025-09-29,26.390459060668945,26.565746537339887,26.29307692280622,26.55600813781264,25833100
2025-09-30,26.58522224426269,26.58522224426269,26.30281607948227,26.332031278905006,18115100
2025-10-01,26.809200286865234,26.82867522802584,26.5462690783948,26.565745876965146,18618100
2025-10-02,26.624174118041992,26.85789012604777,26.58522052133617,26.74103119334002,15690700
2025-10-03,26.69234275817871,26.83841504032738,26.643652616599105,26.653391016396995,15309500
2025-10-06,26.624174118041992,26.77024639086939,26.594958920512624,26.75076959251648,16315100
2025-10-07,26.56574821472168,26.653391958591044,26.458627670568035,26.633915158306763,17220200
2025-10-08,26.46836471557617,26.61443699540983,26.42941111700196,26.594960196122724,15899800
2025-10-09,26.29307746887207,26.575485488798154,26.244387327634385,26.48784174864246,19054300
2025-10-10,25.845123291015625,26.390460696475778,25.835384890884743,26.34176869582136,24258300
2025-10-13,25.932764053344727,26.03014619302273,25.86459711279307,25.913289111336987,20634900
2025-10-14,26.16648292541504,26.21517306839852,25.747741009081462,25.76721595182892,18735100
2025-10-15,26.078838348388672,26.293077571040723,25.932764209288354,26.205433830544468,15036900
2025-10-16,25.87433433532715,26.185955682191423,25.776952200079627,26.11778874474108,18983200
2025-10-17,26.08857536315918,26.08857536315918,25.86459589522063,25.91328789147237,14043800
2025-10-20,26.28333854675293,26.29307694628888,26.10805106992544,26.117789469461385,13374300
2025-10-21,26.361242294311523,26.42940922953841,26.23464682280582,26.28333696013655,14782500
2025-10-22,26.28333854675293,26.46836442311637,26.22491000694703,26.312553745360777,13644800
2025-10-23,26.32229232788086,26.458626207512307,26.28333872946628,26.40019766730023,13653800
2025-10-24,26.32229232788086,26.50731634812073,26.32229232788086,26.458626207512307,14055000
2025-10-27,26.4099349975586,26.42940993856753,26.33202966129363,26.39045819913992,17308000
2025-10-28,26.29307746887207,26.45862654945396,26.29307746887207,26.419672950535944,19879800
2025-10-29,26.03988265991211,26.30281386030361,25.95223892644828,26.27359866334577,22899100
2025-10-30,25.981454849243164,26.1664807203258,25.903549512588857,25.94250125221114,18030300
2025-10-31,26.04962158203125,26.08857517875731,25.79642877554103,25.893810909946456,16174400
2025-11-03,25.77695274353028,25.961978618660453,25.63088046628425,25.952240219189413,20525300
2025-11-04,25.74773979187012,25.776953133315203,25.630880853860354,25.679572851951843,18189400
2025-11-05,25.87433433532715,25.981454869840395,25.71852366189501,25.738000460426463,16559900
2025-11-06,25.825645446777344,25.97171772801596,25.76721504835404,25.85485878857917,15867800
2025-11-07,26.02040672302246,26.03988352163889,25.79642911116275,25.85485764960229,18818800
2025-11-10,26.06909942626953,26.09831276757637,25.815906609621383,26.05936102669732,19396900
2025-11-11,26.46836471557617,26.51705485638412,26.11778975804754,26.11778975804754,16948900
2025-11-12,26.47810173034668,26.57548386427905,26.44888653294405,26.458624932078266,15034300
2025-11-13,26.50731658935547,26.770247808817373,26.47810324768847,26.52679338874001,21714900
2025-11-14,26.52679443359375,26.63391497701826,26.293078404002912,26.50731763344204,19840800
2025-11-17,26.29307746887207,26.614437230306333,26.23464892790488,26.51705509042113,17416700
2025-11-18,26.44888687133789,26.5365306072574,26.18595566357939,26.23464765987341,17175100
2025-11-19,26.224910736083984,26.361244618558203,26.10805179581334,26.322292876741216,17996500
2025-11-20,25.92302703857422,26.40993587068004,25.90355023951164,26.302815333245626,21664100
2025-11-21,26.390459060668945,26.5852214789846,26.000932366627847,26.000932366627847,21087200
2025-11-24,26.24438667297364,26.45862588944905,26.234648273487053,26.419672291502728,22398300
2025-11-25,26.604698181152344,26.62417498013592,26.312553626037875,26.312553626037875,17863700
2025-11-26,26.731294631958008,26.848151707170285,26.57548396006849,26.57548396006849,14495900
2025-11-28,26.86762809753418,26.916318235231667,26.73129422605346,26.741030767665205,8406000
2025-12-01,26.809200286865234,27.003962700339457,26.77024668972454,26.83841362731101,20224200
2025-12-02,26.68260383605957,26.81893957315137,26.55600835598484,26.80920117354412,17595800
2025-12-03,27.07213020324707,27.11108380120119,26.789724047718817,26.789724047718817,16300500
2025-12-04,27.023441314697266,27.15003679909136,26.955274372530454,27.09160825686408,15934900
2025-12-05,26.984485626220703,27.16951149593013,26.9747490844447,27.023439222963628,14265800
2025-12-08,26.85788917541504,26.98448464540869,26.828673978919745,26.974748103986578,20370900
2025-12-09,26.74103164672852,26.97474951610665,26.7312951047967,26.848152182076014,19476000
2025-12-10,27.122737884521484,27.19160199027881,26.768577481876783,26.807929471684485,16499500
2025-12-11,27.230955123901367,27.3194952282816,27.132577021655973,27.132577021655973,18955300
2025-12-12,27.230955123901367,27.35884534333601,27.16209101525146,27.30965723041644,20252900
2025-12-15,27.30965614318848,27.378520249096827,27.19160204991262,27.299818145714976,25870900
2025-12-16,27.02435874938965,27.299817038254805,26.94565664920048,27.280141044105992,20603500
2025-12-17,27.152250289916992,27.18176240414173,27.02435820692299,27.073548191307623,17679900
2025-12-18,27.03419685363769,27.260465158027827,27.00468473870356,27.171926936819325,19642900
2025-12-19,27.0145206451416,27.12273673612468,26.985008530441544,27.03419663921236,20518200
2025-12-22,27.17192649841309,27.22111460678041,27.05387241136302,27.08338640222705,20436800
2025-12-23,27.093225479125977,27.19160169978194,27.06371148708551,27.171927581494423,16626400
2025-12-24,27.21127891540528,27.221116913193512,27.09322669475884,27.1129008139291,9031900
2025-12-26,27.19160270690918,27.250630693176404,27.06371248947593,27.19160270690918,15949400
2025-12-29,27.17192649841309,27.24079060068977,27.1227365136397,27.191600615916386,15289800
2025-12-30,27.1817626953125,27.211276686259435,27.112898592842388,27.1817626953125,15209800
2025-12-31,26.985010147094727,27.16209035152812,26.985010147094727,27.16209035152812,14202400
2026-01-02,27.280141830444336,27.35884393290207,26.837443207771905,27.05387352042913,22356200
2026-01-05,27.45722198486328,27.565438079216765,27.289979782865228,27.486735976888628,27203800
2026-01-06,27.634302139282227,27.673652252179263,27.476897934881823,27.48673593220761,18746400
2026-01-07,27.447383880615234,27.791706280612008,27.4080337678075,27.72284217589388,18870000
2026-01-08,27.958948135375977,28.027812239240458,27.457221537555483,27.486735529100017,22373700
2026-01-09,28.08683967590332,28.17537977832341,27.99829957348323,28.03765156407269,17651900
2026-01-12,28.03765106201172,28.10651516790396,27.909760847698443,28.10651516790396,24490500
2026-01-13,28.155704498291016,28.22456860257642,28.027812410555747,28.126190506566083,18445500
2026-01-14,28.568891525268555,28.637755630819104,28.14586701813671,28.155705015559093,21696900
2026-01-15,28.559053421020508,28.61807952892789,28.36229722612106,28.52953942886375,18253100
2026-01-16,28.431161880493164,28.549215974993988,28.391811766597005,28.51970198226724,19792300
2026-01-20,28.23440742492676,28.35245964246417,28.10651533345403,28.23440742492676,24135600
2026-01-21,28.67710494995117,28.716456938550944,28.342620552477484,28.35245854962743,20011400
2026-01-22,28.696781158447266,28.78532125705153,28.6475930487365,28.68694316122389,16446000
2026-01-23,28.667266845703125,28.82467104670198,28.568890627383404,28.76564494042893,19242800
2026-01-26,28.706619262695312,28.814835356149786,28.59840316924084,28.755807372589462,19124800
2026-01-27,28.893537521362305,28.91321163951956,28.65742933941404,28.70661932582248,14886200
2026-01-28,28.82467269897461,29.011590902027457,28.696782481984467,28.89353868271444,19578400
2026-01-29,28.893537521362305,29.306724025162584,28.893537521362305,28.98207574408525,27141900
2026-01-30,29.33623695373535,29.33623695373535,28.90337444337373,28.92305043848248,22771200
2026-02-02,29.513317108154297,29.592019212053128,29.090292596045764,29.168994699944594,23678900
2026-02-03,30.005205154418945,30.054393264765377,29.47396455592806,29.493640550629088,28640100
2026-02-04,30.50693321228028,30.575797320604064,30.07407069029417,30.10358468374989,34231600
2026-02-05,30.46758079528809,30.565958895692976,30.251150475522287,30.4774187929692,31348400
2026-02-06,30.95946884155273,30.979144836546748,30.556120326206244,30.585634318697267,27103700
2026-02-09,30.84141540527344,30.97914361197497,30.664335210139416,30.910279508624203,25465200
2026-02-10,30.792224884033203,30.890602976996828,30.703684788006544,30.84141486871804,20978000
2026-02-11,31.12671089172364,31.225088989799342,30.851254468799024,30.890604582185617,23176800
2026-02-12,30.83157730102539,31.25460179317418,30.79222531272965,31.107035589877324,23196300
2026-02-13,31.097198486328125,31.195574707081985,30.78239007654105,30.79222619749153,29146500
2026-02-17,30.910280227661133,31.36281684672516,30.70368603639694,31.18573852387801,32704700
2026-02-18,31.04800796508789,31.06768395946241,30.900441760091155,30.99881985555768,18596800
2026-02-19,31.057846069335938,31.23492626650488,30.949629976309115,31.087360060999465,17596100
2026-02-20,31.097198486328125,31.146386596705053,30.851254181631205,31.038170502188446,19596700
2026-02-23,31.018497467041016,31.28411589932037,30.91028136874553,31.038171586035123,21142700
2026-02-24,31.12671089172364,31.18573887641275,30.988982680261326,31.038170791096107,16288400
2026-02-25,30.99882125854492,31.14638747022041,30.772552942215427,31.14638747022041,21818500
2026-02-26,30.99882125854492,31.12671147495536,30.91028115625839,30.988983260912395,20177100
2026-02-27,31.254602432250977,31.274278426801168,30.890604038696875,30.99882013231682,17423600
2026-03-02,31.34314346313477,31.431683564836764,31.09719915316392,31.40216957213404,24565200
2026-03-03,31.07752227783203,31.20541248977597,30.77255186749947,31.126710387870595,29375000
2026-03-04,31.02833366394043,31.11687188529089,30.762713370670763,31.07752177318025,36141400
2026-03-05,30.75287628173828,31.01849658285227,30.556120086156184,30.94963060091424,21798300
2026-03-06,30.624984741210938,30.644660736403434,30.28066420737313,30.60531062242462,30706100
2026-03-09,30.51677131652832,30.5757974272394,30.11342278659123,30.497095320822552,27754600
2026-03-10,30.39871406555176,30.664334350809103,30.3200119672984,30.44790404971388,26716000
2026-03-11,30.497095108032227,30.52660910138495,30.310176902944097,30.349528894081057,19947100
2026-03-12,30.32001304626465,30.595471338156862,30.2413109452106,30.35936503499472,22684200
2026-03-13,30.300336837768555,30.55611913348813,30.251148728609675,30.4085529296054,30481900
2026-03-16,30.369203567504883,30.497093780319783,30.3200135807252,30.41839167787843,30596500
2026-03-17,30.447904586791992,30.66433489170489,30.42822859278008,30.50693069242168,24456000
2026-03-18,30.083908081054688,30.42823049213183,30.054394088194528,30.38887850165161,26352600
2026-03-19,30.09374618530273,30.24131239731403,29.975692089849986,30.024882078124545,29056900
2026-03-20,29.896987915039062,30.2314723065226,29.739583716271053,30.123258092623377,27516700
2026-03-23,30.0445556640625,30.32985006755148,30.00520367659862,30.182283867374004,33437900
2026-03-24,30.142934799194336,30.30033901148207,29.87731636371268,29.906828480762734,30013400
2026-03-25,30.298694610595703,30.397902964822705,30.139957080820764,30.24908854120414,27249800
2026-03-26,30.378063201904297,30.566560593551824,30.199485132109285,30.199485132109285,20280100
2026-03-27,30.19948387145996,30.4375873238212,30.130037267722688,30.34829829265098,23433800
2026-03-30,30.23916816711425,30.497114058279752,30.14987913200781,30.437588665634827,30521900
2026-03-31,30.43758773803711,30.566559733550328,30.19948428243559,30.45743016574008,30453500
2026-04-01,30.268930435180664,30.467349032413697,30.130037227889737,30.318534611419416,31995000
2026-04-02,30.31853485107422,30.397902669050406,30.139956787558287,30.219324605534474,20626200
2026-04-06,30.39790344238281,30.39790344238281,30.179642410465178,30.268931444494683,21978700
2026-04-07,30.31853485107422,30.46734927324481,30.219324605534474,30.437587524177523,18789600
2026-04-08,30.616167068481445,30.616167068481445,30.26893213843692,30.318536317466936,30778800
2026-04-09,30.695533752441406,30.72529550184492,30.47727083133261,30.54671932858963,31723800
2026-04-10,30.31853485107422,30.725295154736934,30.25900946066159,30.725295154736934,19661600
2026-04-13,30.497114181518555,30.507035395712485,30.179642896425232,30.348299753165826,19407400
2026-04-14,30.46735000610352,30.497113648164785,30.26893140252933,30.41774582827949,18705300
2026-04-15,30.40782356262207,30.497112593439777,30.26893035569587,30.457429631008587,19024500
2026-04-16,30.56656074523925,30.61616681613855,30.36814213847645,30.397903888737904,17406500
2026-04-17,30.804662704467773,30.854268772944703,30.477270221632164,30.54671871749986,20134700
2026-04-20,30.78482246398925,30.92371567249792,30.715373967456888,30.82450542687257,17253100
2026-04-21,30.73521614074707,30.993162020327613,30.69553317819208,30.94355784406437,17909800
2026-04-22,30.76498031616211,30.963398916939024,30.695533711276287,30.82450570716738,15167200
2026-04-23,31.171741485595703,31.19158391390534,30.89395316609508,30.91379559440472,16814200
2026-04-24,30.953479766845703,31.30071279319879,30.89395248323254,31.25110861579923,19340700
2026-04-27,30.884031295776367,31.27095107048137,30.85426954622234,31.052688148268786,19472300
2026-04-28,31.06260871887207,31.221344354132867,30.993162114980223,31.092372360087733,15859900
2026-04-29,31.20150375366211,31.20150375366211,31.052687440173145,31.112214722479944,17417400
2026-04-30,31.81660461425781,31.84636636383317,31.15189841775581,31.23126623708688,21723300
2026-05-01,31.608264923095703,31.876132024001485,31.568580067134217,31.82652784632771,21039900
2026-05-04,31.27095031738281,31.528896196881345,31.211423035152205,31.49913255576604,22058900
2026-05-05,31.43960762023925,31.51897543874921,31.10229391850244,31.251108341673845,16891100
2026-05-06,31.40984344482422,31.49913247566504,31.310633200303528,31.39000101746448,20183600
2026-05-07,31.2907943725586,31.449530015541672,31.02292726542036,31.26103072989497,24151200
2026-05-08,31.370161056518555,31.53881790760708,31.280872024043568,31.43960766127064,20946800
2026-05-11,31.499134063720703,31.71739509884762,31.38008138583813,31.568580670703,24800700
2026-05-12,31.50905418395996,31.588422002366787,31.27095072873947,31.548737147024347,22999900
2026-05-13,31.499134063720703,31.52889770626088,31.3205559930359,31.509055277900764,16077400
2026-05-14,31.54873847961425,31.697554801156222,31.43960890736912,31.528897943383043,20145900
2026-05-15,31.469369888305664,31.647947955966583,31.380080854475203,31.598343778184365,16015700
2026-05-18,31.786842346191406,31.816604095281303,31.40984379130967,31.528896464503383,20267400
2026-05-19,31.84636688232422,31.93565591706015,31.588422884507203,31.687633133355803,18074200
2026-05-20,31.866209030151367,31.90589388625285,31.687632854528943,31.80668553055532,18299100
2026-05-21,31.99518203735352,32.00510135882709,31.60826416243077,31.786842225403745,19360600
2026-05-22,32.57060241699219,32.63012591738684,32.12415724125114,32.16383831332883,19172000
2026-05-26,32.411861419677734,32.64996676338572,32.37218034952311,32.6003625872754,28043700
2026-05-27,32.29281234741211,32.471390418495446,32.27296991900771,32.40194381135817,17388700
2026-05-28,32.3721809387207,32.471389292747,32.243207050841626,32.362257832584405,16915400
2026-05-29,32.24320602416992,32.421784083375954,32.173759421651575,32.36225680212195,17205900
2026-06-01,31.92573547363281,32.08447110930274,31.895973724618475,32.01502450523191,27497800
2026-06-02,32.114234924316406,32.163839104050176,31.816606061357493,31.88605266989603,19827000
2026-06-03,32.114234924316406,32.25312814139348,31.9356568496298,31.995184136044102,16608200
2026-06-04,32.332496643066406,32.53091713911041,32.233288287322495,32.35233907112642,18235100
2026-06-05,32.0447883605957,32.40194451046845,32.03486903845761,32.34241722397088,26826000
2026-06-08,32.03486633300781,32.28289099563335,32.01502390585105,32.10431293577848,21239400
2026-06-09,32.13407516479492,32.153917592248426,31.81660389465099,32.06462856098569,23600300
2026-06-10,32.00510025024414,32.282890441111235,31.98526160798416,32.14399723795566,20776300
2026-06-11,32.27296829223633,32.45154635431815,32.13407508496292,32.19360236717555,21831600
2026-06-12,32.5606803894043,32.65988874971999,32.31265570405871,32.36225988421656,20503700
2026-06-15,32.3721809387207,32.60036318062608,32.34241540486792,32.50115104204367,25567300
2026-06-16,32.27296829223633,32.58052024016748,32.24320654340804,32.41186149950973,20119700
2026-06-17,31.677711486816406,32.243207437572416,31.588422453299344,32.223365009617936,24015200
2026-06-18,31.608264923095703,31.727315706424,31.4991334614797,31.717394492433623,21237300
2026-06-22,31.63802719116211,31.78684351117788,31.57850179852267,31.608265440981448,22208900
2026-06-23,31.76700019836425,31.816604375469613,31.538817956034727,31.64794752412212,19897100
2026-06-24,31.71999931335449,31.850000381469727,31.61000061035156,31.729999542236328,19321200
2026-06-25,31.959999084472656,32.209999084472656,31.809999465942383,31.82999992370605,16436600
2026-06-26,32.09000015258789,32.310001373291016,31.96999931335449,31.989999771118164,22398300
2026-06-29,31.93000030517578,32.2400016784668,31.86000061035156,32.2400016784668,27791000
2026-06-30,31.709999084472656,31.96999931335449,31.690000534057617,31.940000534057617,20679100
2026-07-01,31.850000381469727,32.040000915527344,31.739999771118164,31.75,20100300
2026-07-02,32.38999938964844,32.400001525878906,32.060001373291016,32.06999969482422,19859200
2026-07-06,32.2400016784668,32.47999954223633,32.060001373291016,32.380001068115234,24030700
2026-07-07,32.540000915527344,32.720001220703125,32.439998626708984,32.54999923706055,21176400
2026-07-08,32.34000015258789,32.540000915527344,32.31999969482422,32.52000045776367,17997100
2026-07-09,32.2599983215332,32.34000015258789,32.119998931884766,32.2400016784668,17425100
2026-07-10,32.400001525878906,32.439998626708984,32.2599983215332,32.310001373291016,14202400
2026-07-13,32.560001373291016,32.720001220703125,32.470001220703125,32.58000183105469,18864100
2026-07-14,32.20000076293945,32.560001373291016,32.18000030517578,32.54999923706055,23685000
2026-07-15,32.34000015258789,32.5,32.209999084472656,32.25,16317500
2026-07-16,33.040000915527344,33.040000915527344,32.59000015258789,32.599998474121094,24656800
2026-07-17,32.90999984741211,33.5,32.81999969482422,33.189998626708984,22221500
2026-07-20,32.75,32.95000076293945,32.709999084472656,32.939998626708984,19501800
2026-07-21,32.81999969482422,32.83000183105469,32.59000015258789,32.75,17734400
2026-07-22,32.900001525878906,33.119998931884766,32.869998931884766,32.9900016784668,16920600
2026-07-23,32.79999923706055,32.970001220703125,32.709999084472656,32.790000915527344,19621100
2026-07-24,33.290000915527344,33.29999923706055,32.849998474121094,32.849998474121094,20136100
2026-07-27,33.43000030517578,33.599998474121094,33.31999969482422,33.33000183105469,24004200
2026-07-28,33.88999938964844,34.2400016784668,33.7400016784668,33.7599983215332,27315400
2026-07-29,33.83000183105469,34.130001068115234,33.779998779296875,33.939998626708984,30028700
2026-07-30,33.40999984741211,33.45000076293945,33.040000915527344,33.380001068115234,35446700
2026-07-31,33.470001220703125,33.540000915527344,33.09000015258789,33.31999969482422,25718200
2026-08-03,33.560001373291016,33.81999969482422,33.40999984741211,33.599998474121094,24706000
2026-08-04,33.849998474121094,33.880001068115234,33.2599983215332,33.459999084472656,26996700
2026-08-05,33.63999938964844,33.959999084472656,33.5099983215332,33.939998626708984,23515300
2026-08-06,33.70000076293945,33.91999816894531,33.54999923706055,33.86000061035156,22903800
2026-08-07,33.900001525878906,33.90999984741211,33.5,33.599998474121094,20355900
2026-08-10,34.189998626708984,34.189998626708984,33.81999969482422,33.88999938964844,24148200
2026-08-11,34.27000045776367,34.34000015258789,34.09000015258789,34.15999984741211,22069000
2026-08-12,34.2599983215332,34.310001373291016,34.04999923706055,34.189998626708984,18971100
2026-08-13,34.43000030517578,34.5099983215332,34.310001373291016,34.349998474121094,18263800
2026-08-14,34.52000045776367,34.540000915527344,34.380001068115234,34.470001220703125,20698500
2026-08-17,34.290000915527344,34.40999984741211,34.2400016784668,34.349998474121094,24547000
2026-08-18,34.5099983215332,34.619998931884766,34.400001525878906,34.47999954223633,23379000
2026-08-19,35.09000015258789,35.310001373291016,34.77000045776367,34.77000045776367,25515200
2026-08-20,34.83000183105469,35.150001525878906,34.81999969482422,34.97999954223633,21355400
2026-08-21,35.11000061035156,35.209999084472656,34.90999984741211,34.939998626708984,19784600
2026-08-24,35.209999084472656,35.310001373291016,35.11000061035156,35.130001068115234,24149100
2026-08-25,35.11000061035156,35.150001525878906,34.939998626708984,35.11000061035156,26614700
2026-08-26,35.04999923706055,35.18000030517578,34.97999954223633,35.02000045776367,21657600
2026-08-27,34.83000183105469,34.970001220703125,34.70000076293945,34.77000045776367,25773500
2026-08-28,34.900001525878906,34.95000076293945,34.77000045776367,34.869998931884766,21068400
2026-08-31,34.88999938964844,34.959999084472656,34.810001373291016,34.91999816894531,20953100
2026-09-01,34.810001373291016,35.119998931884766,34.720001220703125,35.02000045776367,23493500
2026-09-02,35.0099983215332,35.099998474121094,34.810001373291016,34.83000183105469,20855800
2026-09-03,35.06510162353516,35.20000076293945,34.88999938964844,35.11000061035156,12395286
2026-09-04,34.91999816894531,34.91999816894531,34.779998779296875,34.83000183105469,12496042
