Date,Close,High,Low,Open,Volume
1993-01-29,24.11327171325684,24.13042197763326,24.01037012699827,24.13042197763326,1003200
1993-02-01,24.284767150878903,24.284767150878903,24.130414817292813,24.130414817292813,480500
1993-02-02,24.33621025085449,24.35336050473106,24.21615847371849,24.267609235348207,201300
1993-02-03,24.59347152709961,24.61062178618406,24.353367899917327,24.37051815900177,529400
1993-02-04,24.69635391235352,24.74780464967092,24.40479973422157,24.67920366658105,531500
1993-02-05,24.6792049407959,24.73065568076976,24.542002967532262,24.6792049407959,492100
1993-02-08,24.6792049407959,24.76495617408567,24.64490444747999,24.6792049407959,596100
1993-02-09,24.507719039916992,24.593470331169325,24.45626826516559,24.593470331169325,122100
1993-02-10,24.5420150756836,24.559165330802863,24.43911354496793,24.50771456544504,379600
1993-02-11,24.66206932067871,24.764970861655115,24.576318036531703,24.576318036531703,19500
1993-02-12,24.473424911499023,24.627777276042465,24.473424911499023,24.627777276042465,42500
1993-02-16,23.855995178222656,24.40480311905884,23.821694681920395,24.40480311905884,374800
1993-02-17,23.83884048461914,23.89029121947804,23.753089259854324,23.855990729572103,210900
1993-02-18,23.821718215942383,24.11327272254499,23.49586317915124,24.11327272254499,378100
1993-02-19,23.907453536987305,23.907453536987305,23.787401761693967,23.821702268920635,34900
1993-02-22,23.993202209472656,24.027502712988703,23.90745095068255,23.976051957714635,513600
1993-02-23,23.97606086730957,24.078962416096303,23.85600906039171,24.061812157965186,373700
1993-02-24,24.284767150878903,24.284767150878903,23.99321274299406,23.99321274299406,26300
1993-02-25,24.33621025085449,24.35336050473106,24.21615847371849,24.267609235348207,44500
1993-02-26,24.370492935180664,24.38764317651436,24.2504412458448,24.38764317651436,66200
1993-03-01,24.301910400390625,24.4562626894545,24.26760989170976,24.4562626894545,66500
1993-03-02,24.66206932067871,24.66206932067871,24.28476367043189,24.31906418409069,182400
1993-03-03,24.76496315002441,24.78211340151335,24.662061641090794,24.696362144068665,280100
1993-03-04,24.627769470214844,24.799272043127203,24.627769470214844,24.799272043127203,89500
1993-03-05,24.559171676635746,24.764974791244423,24.54202141708502,24.66207323394008,40000
1993-03-08,25.10798454284668,25.10798454284668,24.61062692553619,24.61062692553619,50800
1993-03-09,25.0222225189209,25.07367328489537,24.970771752946423,25.05652302957056,169300
1993-03-10,25.073671340942383,25.073671340942383,24.91931905498583,25.022220578956865,194400
1993-03-11,25.00507164001465,25.159423934088814,24.97077113022039,25.090822914500293,70900
1993-03-12,24.74783706665039,24.816438139600216,24.59348465251328,24.79928787136276,643600
1993-03-15,24.867870330810547,24.867870330810547,24.730668287606075,24.730668287606075,310800
1993-03-16,24.867870330810547,24.936471352412784,24.867870330810547,24.867870330810547,30800
1993-03-17,24.71350479125977,24.83355651474264,24.67920429883609,24.83355651474264,21800
1993-03-18,24.867870330810547,24.9707718632139,24.81641956460887,24.81641956460887,59300
1993-03-19,24.83022689819336,24.968076874033432,24.83022689819336,24.968076874033432,66900
1993-03-22,24.692392349243164,24.744086122479544,24.57177354502495,24.589004802770408,183400
1993-03-23,24.74407958984375,24.778542096236286,24.709617083451207,24.76131084304001,55200
1993-03-24,24.74407958984375,24.84746710902137,24.58899831107732,24.709617083451207,37200
1993-03-25,24.89916038513184,24.950854143716885,24.726847856515008,24.761310362238373,110100
1993-03-26,24.76132583618164,24.899175945220925,24.74409457255173,24.88194468159101,101500
1993-03-29,24.86470413208008,24.9853229324436,24.77854784610613,24.77854784610613,87100
1993-03-30,24.933629989624023,24.933629989624023,24.864704958553883,24.899167474088955,56000
1993-03-31,24.916399002075195,25.07148032366488,24.9163990020752,25.00255529184724,111600
1993-04-01,24.83022689819336,24.950845627053425,24.77853315725333,24.950845627053425,129500
1993-04-02,24.313295364379883,24.623457884974385,24.313295364379883,24.623457884974385,59400
1993-04-05,24.433931350708008,24.502856403883488,24.365006297532524,24.502856403883488,172200
1993-04-06,24.3650016784668,24.485620498657227,24.29607663835798,24.485620498657227,129700
1993-04-07,24.451143264770508,24.451143264770508,24.347755766822218,24.399449515796363,28000
1993-04-08,24.416690826416016,24.55454088048188,24.313303285866617,24.55454088048188,180800
1993-04-12,24.76132583618164,24.77855709981155,24.62347572714236,24.65793825440217,348500
1993-04-13,24.813003540039062,24.899159802330864,24.72684727774726,24.74407853020562,146100
1993-04-14,24.77855682373047,24.84748187748216,24.761325560292548,24.830250614044232,119600
1993-04-15,24.77855682373047,24.830250614044232,24.675169243102943,24.761325560292548,148600
1993-04-16,24.77855682373047,24.830250614044232,24.744094296854627,24.79578808716839,47900
1993-04-19,24.6751651763916,24.84747778237199,24.657933915793564,24.77855273997984,157000
1993-04-20,24.55453491210937,24.675153680098685,24.399453638980265,24.64069117495888,279500
1993-04-21,24.537317276000977,24.606242324529067,24.468392227472883,24.606242324529067,67900
1993-04-22,24.22714805603028,24.640698236218554,24.22714805603028,24.43392314612441,97700
1993-04-23,24.123754501342773,24.244373273849487,24.089291994912283,24.175448260988507,106000
1993-04-26,23.9342098236084,24.227141117345862,23.865284813317228,24.140984854481903,62600
1993-04-27,24.192689895629883,24.192689895629883,23.89975846526969,23.89975846526969,156800
1993-04-28,24.140979766845703,24.209904762611146,24.106517268962985,24.158211015787064,85900
1993-04-29,24.244373321533203,24.244373321533203,24.05482953579272,24.1926795617858,85000
1993-04-30,24.2788314819336,24.41668148325046,24.2788314819336,24.33052523242742,88500
1993-05-03,24.433931350708008,24.433931350708008,24.20992492788769,24.31331250765092,80500
1993-05-04,24.520069122314453,24.606225373622657,24.45114412126789,24.48560662179117,149100
1993-05-05,24.589006423950195,24.675162718357868,24.520081388424053,24.520081388424053,109000
1993-05-06,24.502843856811523,24.57176887469285,24.48561260234119,24.55453762022252,54700
1993-05-07,24.451143264770508,24.520068263402703,24.41668076545441,24.520068263402703,68000
1993-05-10,24.502843856811523,24.640693892574177,24.48561260234119,24.48561260234119,113900
1993-05-11,24.606246948242188,24.606246948242188,24.43393429454301,24.50285935602268,42600
1993-05-12,24.571758270263672,24.58898951729752,24.50283328212829,24.50283328212829,31000
1993-05-13,24.2788314819336,24.46837523374429,24.261600231768984,24.46837523374429,129100
1993-05-14,24.261592864990234,24.34774908965284,24.24436162005772,24.27882410992276,63500
1993-05-17,24.34776306152344,24.34776306152344,24.22714427777916,24.330531806702822,34000
1993-05-18,24.330516815185547,24.382210547795715,24.2443605941686,24.364979303592325,105200
1993-05-19,24.83022689819336,24.83022689819336,24.175439512953005,24.33052073577309,50200
1993-05-20,24.89916038513184,24.89916038513184,24.778541615100057,24.830235373685102,98200
1993-05-21,24.6751651763916,24.950865345960224,24.657933915793564,24.916402824764145,221400
1993-05-24,24.77855682373047,24.86471314092008,24.726863033416706,24.726863033416706,30500
1993-05-25,24.83022689819336,24.881920639133387,24.83022689819336,24.881920639133387,191800
1993-05-26,25.14041519165039,25.15764645634652,24.88194622120848,24.8991774859046,102400
1993-05-27,25.05424118041992,25.174859948138582,25.019778675357447,25.174859948138582,53800
1993-05-28,24.933629989624023,25.03701753622924,24.81301118525128,25.03701753622924,79100
1993-06-01,25.17487335205078,25.26102966057936,24.98532947328791,25.01979199669934,28300
1993-06-02,25.14041519165039,25.22657151513103,25.002565074081367,25.105952662258137,20300
1993-06-03,25.05424118041992,25.0887036854824,25.002547422826208,25.0887036854824,21600
1993-06-04,24.96808815002441,24.98531940478633,24.864700621452883,24.98531940478633,32000
1993-06-07,24.881935119628903,25.01978517569333,24.881935119628903,25.01978517569333,121400
1993-06-08,24.65792655944824,24.81300785856427,24.65792655944824,24.81300785856427,104500
1993-06-09,24.74407958984375,24.84746710902137,24.709617083451207,24.744079589843743,43300
1993-06-10,24.76132583618164,24.77855709981155,24.67516951803209,24.72686330892182,17900
1993-06-11,24.86470413208008,24.899166646469656,24.761316588911345,24.847472874885288,647400
1993-06-14,24.83022689819336,24.916383133093404,24.83022689819336,24.8991518861134,64200
1993-06-15,24.77855682373047,24.881944404357995,24.77855682373047,24.86471314092008,142400
1993-06-16,24.83022689819336,24.83022689819336,24.709608169333293,24.77853315725333,330900
1993-06-17,24.916399002075195,24.9163990020752,24.83024271230316,24.88193648616638,37400
1993-06-18,24.711212158203125,24.90209933077352,24.711212158203125,24.90209933077352,58500
1993-06-21,24.763273239135746,24.78062661912112,24.728566479164986,24.78062661912112,29300
1993-06-22,24.78062057495117,24.797973950703938,24.74591382344564,24.797973950703938,137500
1993-06-23,24.555025100708008,24.78061897089119,24.555025100708004,24.78061897089119,227600
1993-06-24,24.884746551513672,24.884746551513672,24.624445855368133,24.624445855368133,243700
1993-06-25,24.86739158630371,24.936805100850265,24.85003820766707,24.867391586303707,44800
1993-06-28,25.145044326782227,25.145044326782227,24.9541571717825,24.988863927236995,439900
1993-06-29,25.02357292175293,25.1103398181529,24.98886616319293,25.1103398181529,207500
1993-06-30,25.02357292175293,25.1103398181529,24.98886616319293,25.05827968031292,437600
1993-07-01,24.954174041748047,25.05829437850082,24.91946726283045,25.05829437850082,605700
1993-07-02,24.815330505371094,24.88474401727423,24.72856361549217,24.86739063929845,285400
1993-07-06,24.555025100708008,24.85003246940909,24.520318351449053,24.78061897089119,246400
1993-07-07,24.62443923950196,24.659145989663337,24.53767236409849,24.53767236409849,343700
1993-07-08,24.90209197998047,24.9541521025867,24.60708461854516,24.64179136694932,248200
1993-07-09,24.97149658203125,24.971496582031246,24.85002300588516,24.90208310994777,378200
1993-07-12,24.954174041748047,24.97152743120684,24.90211387337166,24.93682065228925,373700
1993-07-13,24.936817169189453,25.04093749139901,24.79799007291004,24.971523943259303,389600
1993-07-14,25.02357292175293,25.09298643887291,24.93680602535295,24.954159404632943,617300
1993-07-15,24.91945075988769,25.00621764972017,24.867390625988207,25.00621764972017,443800
1993-07-16,24.850032806396484,24.95415305558529,24.81532605666688,24.93679968072049,216400
1993-07-19,24.83267593383789,24.850029306258463,24.763262444155604,24.850029306258463,188200
1993-07-20,24.90209197998047,24.90209197998047,24.693851489555545,24.81532510897008,68500
1993-07-21,24.884746551513672,24.884746551513672,24.79797965279849,24.86739317177064,142700
1993-07-22,24.711212158203125,24.88474595144893,24.711212158203125,24.850039192799773,632400
1993-07-23,24.83267593383789,24.83267593383789,24.745909071735035,24.763262444155604,286200
1993-07-26,24.97149658203125,25.02355668609385,24.90208310994777,24.90208310994777,121300
1993-07-27,24.954174041748047,25.00623421012444,24.86740709445407,24.98888082066564,92800
1993-07-28,24.90209197998047,24.9541521025867,24.86738523157632,24.90209197998047,30800
1993-07-29,25.04093170166016,25.11034523375069,24.91945802050172,24.954164786546983,331000
1993-07-30,24.90209197998047,25.040918973597083,24.86738523157632,25.040918973597083,75300
1993-08-02,24.97149658203125,25.0582634221356,24.93678984598951,24.93678984598951,41300
1993-08-03,24.98885726928711,25.09297750790914,24.90209040376876,25.02356401549445,81600
1993-08-04,24.98885726928711,25.040917388598125,24.919443776872424,24.98885726928711,434000
1993-08-05,24.936817169189453,24.98887733029423,24.9021103951196,24.98887733029423,36800
1993-08-06,24.97149658203125,25.02355668609385,24.93678984598951,25.006203318072988,402300
1993-08-09,25.11034202575684,25.179755548979383,24.988868360117376,25.040928502534285,828200
1993-08-10,25.09298515319824,25.110338531589115,25.058278396416505,25.09298515319824,604900
1993-08-11,25.09298515319824,25.162398666761725,25.075631774807373,25.075631774807373,542200
1993-08-12,25.02357292175293,25.16239995599289,24.93680602535295,25.16239995599289,303700
1993-08-13,25.058279037475582,25.075632416310405,25.04092565864077,25.04092565864077,103500
1993-08-16,25.19710731506348,25.26652083383776,25.07563365720849,25.07563365720849,241800
1993-08-17,25.28388404846192,25.28388404846192,25.17976372979976,25.17976372979976,369300
1993-08-18,25.422697067260746,25.474757197773904,25.35328355990986,25.37063693674758,414300
1993-08-19,25.422697067260746,25.440050444098464,25.387990313585306,25.440050444098464,28500
1993-08-20,25.440059661865234,25.440059661865234,25.353292746238136,25.37064612936356,80700
1993-08-23,25.387989044189453,25.405342420159503,25.33592891627929,25.33592891627929,15600
1993-08-24,25.665637969970703,25.665637969970703,25.38798400951125,25.38798400951125,273400
1993-08-25,25.68299674987793,25.78711700697203,25.63093662133088,25.665643373695577,242300
1993-08-26,25.70034980773925,25.839176815478563,25.596229551934776,25.70034980773925,120000
1993-08-27,25.68299674987793,25.68299674987793,25.63093662133088,25.63093662133088,25700
1993-08-30,25.7871150970459,25.82182184684004,25.70034822256055,25.70034822256055,183500
1993-08-31,25.856523513793945,25.856523513793945,25.73504991339357,25.769756656365107,66500
1993-09-01,25.821823120117188,25.87388324737549,25.769762992858887,25.769762992858887,136500
1993-09-02,25.73505973815918,25.87388676304473,25.717706360048485,25.839180006823344,472400
1993-09-03,25.752405166625977,25.78711191213356,25.68299167561081,25.7176984211184,630500
1993-09-07,25.578876495361328,25.787117009570512,25.54416974299313,25.75241025720232,196400
1993-09-08,25.49212455749512,25.578891489276923,25.3185906939315,25.578891489276923,269900
1993-09-09,25.544158935546875,25.561512304388955,25.387978615968123,25.387978615968123,239200
1993-09-10,25.76976585388184,25.787119231561217,25.57887869940864,25.6135854547674,106500
1993-09-13,25.7871150970459,25.85652859663418,25.787115097045906,25.85652859663418,66900
1993-09-14,25.68299674987793,25.717703502242628,25.596229868966176,25.717703502242628,184500
1993-09-15,25.752405166625977,25.76975853937977,25.49210457531911,25.57887143908807,101000
1993-09-16,25.64829063415528,25.73505751722076,25.63093725754218,25.71770414060766,54300
1993-09-17,25.59855842590332,25.650942924728497,25.56363542668653,25.633481425120102,200900
1993-09-20,25.38903045654297,25.68587606710777,25.389030456542965,25.63349154759634,57800
1993-09-21,25.301719665527344,25.458873203822545,25.03979710170201,25.4239501953125,318200
1993-09-22,25.51125717163086,25.5461801793949,25.35410363669268,25.38902664445672,439700
1993-09-23,25.65094757080078,25.66840907357192,25.54617855417396,25.58110155971623,88500
1993-09-24,25.58111000061035,25.633494526208874,25.54618698354468,25.616033017676035,53500
1993-09-27,25.860485076904297,25.8604850769043,25.773177564828323,25.773177564828323,274600
1993-09-28,25.80808448791504,25.87793045405284,25.79062299638059,25.87793045405284,158300
1993-09-29,25.72079086303711,25.87794437136524,25.685867861186413,25.80809836766385,221000
1993-09-30,25.668399810791016,25.773168789610573,25.61601532138124,25.7207843002008,99300
1993-10-01,25.7906494140625,25.82557243290348,25.59857281043712,25.633495829278097,22700
1993-10-04,25.825571060180664,25.825571060180664,25.75572502621128,25.825571060180664,1038500
1993-10-05,25.7906494140625,25.877956961164948,25.703341866960056,25.877956961164948,436500
1993-10-06,25.77316093444824,25.91285286363224,25.77316093444824,25.80808391674424,209200
1993-10-07,25.703330993652344,25.808100005854733,25.68586949161861,25.808100005854733,59400
1993-10-08,25.73824882507324,25.79063332064666,25.54617234130404,25.773171822122187,54400
1993-10-11,25.7906494140625,25.84303394232397,25.7906494140625,25.7906494140625,467100
1993-10-12,25.825571060180664,25.84303256867301,25.80810955168832,25.825571060180664,26200
1993-10-13,25.825571060180664,25.84303256867301,25.79064804319597,25.84303256867301,139100
1993-10-14,26.15732192993164,26.15732192993164,25.86047648746913,25.9303224739309,108100
1993-10-15,26.29702949523925,26.349414016146103,26.209721960394504,26.279567988270305,1502500
1993-10-18,26.2271671295166,26.279551617791267,26.19224413733349,26.279551617791267,722400
1993-10-19,26.035097122192383,26.244635127199967,26.035097122192383,26.19225062594807,880100
1993-10-20,26.070018768310547,26.122403266840305,26.017634269780785,26.122403266840305,230400
1993-10-21,26.035097122192383,26.08748162344428,26.000174121357787,26.08748162344428,56200
1993-10-22,25.912872314453125,26.174794878278465,25.912872314453125,26.070025852748326,390700
1993-10-25,25.982704162597656,26.01762715206351,25.86047369946716,25.93031967839887,114500
1993-10-26,25.96525955200196,25.98272105808938,25.877952021564827,25.96525955200196,186200
1993-10-27,25.982704162597656,26.000165657330584,25.93031967839887,25.93031967839887,118400
1993-10-28,26.174774169921875,26.244620131682844,26.017620755959705,26.017620755959705,129600
1993-10-29,26.174774169921875,26.19223566036212,26.139851189041394,26.157312679481635,80700
1993-11-01,26.244638442993164,26.26209994561658,26.13986942725267,26.13986942725267,36400
1993-11-02,26.2271671295166,26.26209012169971,26.0700136646926,26.209705633425045,262100
1993-11-03,25.895404815673828,26.209711819505337,25.773174314183795,26.209711819505337,479100
1993-11-04,25.61602210998535,25.89540612754484,25.598560608887883,25.89540612754484,130400
1993-11-05,25.73824882507324,25.73824882507324,25.4414033501572,25.54617234130404,363200
1993-11-08,25.77316093444824,25.84300689904024,25.68585347870824,25.75569944330024,367600
1993-11-09,25.7906494140625,25.965264508267392,25.77318790464201,25.947802998846903,246900
1993-11-10,25.982704162597656,25.982704162597656,25.720781741603727,25.79062772053544,46500
1993-11-11,25.912872314453125,26.052564348493306,25.895410810198104,25.98271833147321,88900
1993-11-12,26.035097122192383,26.122404624278875,25.94778962010589,25.965251120523188,108200
1993-11-15,26.01764297485352,26.08748899626252,25.94779695344452,26.08748899626252,243300
1993-11-16,26.13985824584961,26.15731974100382,25.96524329430753,26.07001226523278,492600
1993-11-17,26.00017547607422,26.157328988018254,25.93032947076576,26.157328988018254,39600
1993-11-18,25.93033790588379,26.01764544092044,25.860491877854475,25.965260919898448,240800
1993-11-19,25.87794303894043,25.91286603899298,25.825558538861603,25.84302003888788,106000
1993-11-22,25.72079086303711,25.825559868589195,25.63348335841037,25.80809836766385,165300
1993-11-23,25.860485076904297,25.87794657931949,25.72079305758273,25.8604850769043,89700
1993-11-24,25.96525955200196,25.98272105808938,25.89541352765225,25.930336539827103,77200
1993-11-26,25.982704162597656,26.03508864679644,25.965242667864725,26.03508864679644,1019800
1993-11-29,25.87794303894043,26.10494253928201,25.87794303894043,26.052558039203188,517500
1993-11-30,25.895404815673828,26.01763531716385,25.843020315035243,25.860481815248104,230000
1993-12-01,25.93033790588379,26.05256845493509,25.9303379058838,26.035106947927765,379200
1993-12-02,26.00017547607422,26.01763697740133,25.93032947076576,25.982713974747103,352000
1993-12-03,26.10495376586914,26.10495376586914,25.98272321311925,25.98272321311925,306000
1993-12-06,26.192256927490234,26.227179936726888,26.139872413635253,26.139872413635253,99500
1993-12-07,26.174774169921875,26.20969715080236,26.139851189041394,26.19223566036212,88800
1993-12-08,26.174774169921875,26.17477416992188,26.139851189041394,26.17477416992188,146700
1993-12-09,26.08748817443848,26.20971870805365,26.05256516483414,26.17479569844932,416500
1993-12-10,26.035097122192383,26.104943123861577,25.98271262094049,26.104943123861577,412900
1993-12-13,26.192256927490234,26.192256927490234,26.00018037668864,26.035103385925293,273200
1993-12-14,26.00017547607422,26.2097134919996,26.00017547607422,26.2097134919996,41900
1993-12-15,25.96525955200196,26.052567082439083,25.96525955200196,26.035105576351658,82600
1993-12-16,26.052579879760746,26.070041394425463,26.017656850431305,26.070041394425463,78200
1993-12-17,26.19572639465332,26.21330741907926,26.09024024809767,26.10782127252361,104700
1993-12-20,26.23090934753418,26.248490385970868,26.16058519378744,26.178166232224125,68800
1993-12-21,26.14299964904785,26.195742755266508,26.10783757823541,26.195742755266508,205700
1993-12-22,26.31880187988281,26.336382909862696,26.16057261006388,26.213315700003523,410300
1993-12-23,26.30122947692871,26.35397258416854,26.266067405435493,26.30122947692871,533800
1993-12-27,26.441877365112305,26.4418773651123,26.30122908125532,26.30122908125532,447100
1993-12-28,26.49461555480957,26.512196587029084,26.406710393712,26.424291425931507,880600
1993-12-29,26.459453582763672,26.52977771188729,26.441872550482763,26.51219667960639,266700
1993-12-30,26.35396194458008,26.44186708782417,26.30121885863361,26.44186708782417,219900
1993-12-31,26.21331596374512,26.441869355783137,26.195734933588344,26.406707295469594,312900
1994-01-03,26.14299964904785,26.248485861485165,26.10783757823541,26.213323790672728,960900
1994-01-04,26.24848747253418,26.24848747253418,26.14300125362245,26.17816332659303,164300
1994-01-05,26.30122947692871,26.318810512675324,26.17816222670244,26.283648441182105,710900
1994-01-06,26.30122947692871,26.35397258416854,26.266067405435493,26.336391548421933,201000
1994-01-07,26.459453582763672,26.477034615044577,26.28364325995461,26.353967389078235,775500
1994-01-10,26.77592658996582,26.775926589965824,26.42430575490389,26.49462992191628,593700
1994-01-11,26.72317886352539,26.7583409409774,26.635273669895373,26.7583409409774,295200
1994-01-12,26.635263442993164,26.740749634846605,26.5473582831153,26.740749634846605,158400
1994-01-13,26.56493759155273,26.61768068405748,26.52977552988291,26.56493759155273,244300
1994-01-14,26.67041778564453,26.723160866301704,26.65283675875881,26.65283675875881,137200
1994-01-17,26.67041778564453,26.70557983941598,26.617674704987355,26.67041778564453,17700
1994-01-18,26.70557403564453,26.74073608177441,26.65283096644972,26.70557403564453,166400
1994-01-19,26.635263442993164,26.705587570895457,26.58252034706645,26.670425506944312,200800
1994-01-20,26.70557403564453,26.72315505870948,26.65283096644972,26.67041198951465,281100
1994-01-21,26.65283966064453,26.74074480464402,26.63525863184464,26.74074480464402,85600
1994-01-24,26.547361373901367,26.758333782170784,26.547361373901367,26.635266544013625,373800
1994-01-25,26.547361373901367,26.58252344194627,26.49461827183401,26.56494240792382,310400
1994-01-26,26.61768913269043,26.63527016910568,26.512202914198923,26.547364987029425,145100
1994-01-27,26.86381721496582,26.898979279383315,26.635263796252108,26.670425860669603,344500
1994-01-28,26.93415069580078,27.022055887366708,26.934150695800778,26.969312772427152,356500
1994-01-31,27.12754249572754,27.180285611402965,27.00447522581821,27.03963730293516,313800
1994-02-01,26.98689079284668,27.092377010929468,26.951728720152417,27.092377010929468,303600
1994-02-02,27.16268348693848,27.16268348693848,27.05719733747464,27.07477836238528,307600
1994-02-03,27.03963088989257,27.109955027447565,26.951725717948847,27.109955027447565,466100
1994-02-04,26.42428207397461,27.07478003587552,26.42428207397461,27.03961798388088,1403200
1994-02-07,26.547361373901367,26.617685509991173,26.353969999654407,26.353969999654407,516400
1994-02-08,26.56493759155273,26.60009965322256,26.459451406543263,26.60009965322256,188200
1994-02-09,26.67041778564453,26.687998812530253,26.547350597444456,26.582512651215907,144600
1994-02-10,26.441877365112305,26.670430826379896,26.4418773651123,26.65284979089777,883900
1994-02-11,26.52977561950684,26.60009974308406,26.33638427966948,26.459451495929613,519400
1994-02-14,26.56493759155273,26.6528427457273,26.44187037570835,26.47703243737817,2742100
1994-02-15,26.70557403564453,26.72315505870948,26.58250687418995,26.61766892031983,374700
1994-02-16,26.6880111694336,26.740754274511524,26.63526806435566,26.740754274511524,287600
1994-02-17,26.52977561950684,26.828653144710028,26.459451495929613,26.81107211381572,342400
1994-02-18,26.37156105041504,26.564952498118085,26.30123688761393,26.547371457417807,313300
1994-02-22,26.635263442993164,26.635263442993164,26.44187209126186,26.44187209126186,154500
1994-02-23,26.56493759155273,26.688004807397125,26.47703243737817,26.670423776562213,391700
1994-02-24,26.21331596374512,26.47703141609668,26.195734933588344,26.47703141609668,770800
1994-02-25,26.33637046813965,26.336370468139645,26.195722294745043,26.24846535976802,531300
1994-02-28,26.33637046813965,26.47701864153425,26.336370468139645,26.40669455483695,333000
1994-03-01,26.23090934753418,26.389138693464343,26.0902610400407,26.33639557815429,423600
1994-03-02,26.26606750488281,26.266067504882816,25.82654160955345,25.89686575280615,581500
1994-03-03,26.19572639465332,26.2308884435052,26.125402296949552,26.2308884435052,223200
1994-03-04,26.26606750488281,26.33639164813552,26.107838182564244,26.195743361630115,595800
1994-03-07,26.406715393066406,26.441877464162367,26.35397228642247,26.35397228642247,539800
1994-03-08,26.30122947692871,26.42429672715498,26.266067405435493,26.42429672715498,880300
1994-03-09,26.42428207397461,26.441863099971933,26.213309762006748,26.336376943988,2500100
1994-03-10,26.21331596374512,26.406707295469594,26.125410812961263,26.406707295469594,207400
1994-03-11,26.35396194458008,26.389124001877715,26.107827543496608,26.24847577268716,576600
1994-03-14,26.38912010192871,26.459444206131053,26.35395804982754,26.459444206131053,345900
1994-03-15,26.37156105041504,26.49462833531698,26.353980009714764,26.441885213216143,748600
1994-03-16,26.5825424194336,26.5825424194336,26.3188267208281,26.4067319536966,455500
1994-03-17,26.5825424194336,26.617704512581,26.494637186565097,26.494637186565097,133000
1994-03-18,26.576705932617188,26.61207081077104,26.4352464200018,26.45292885907872,365500
1994-03-21,26.505979537963867,26.55902686192244,26.43524977268578,26.488297096644345,324800
1994-03-22,26.576705932617188,26.62975324984796,26.45292885907872,26.50597617630949,435700
1994-03-23,26.559051513671875,26.629781344600428,26.54136905593973,26.55905151367187,698500
1994-03-24,26.24076271057129,26.50599953042208,26.11698552797425,26.45295216645192,1200500
1994-03-25,25.99319076538086,26.32915717663408,25.99319076538086,26.25842740584393,100900
1994-03-28,26.02857208251953,26.063936990240347,25.79870018233424,26.02857208251953,1117200
1994-03-29,25.51578140258789,26.04625502842132,25.51578140258789,26.028572574226875,338400
1994-03-30,25.16211700439453,25.6041780902061,25.16211700439453,25.53344831647625,1123900
1994-03-31,25.23284149169922,25.285888810882888,24.631638540950952,25.162111732787658,788800
1994-04-04,24.843833923339844,24.914563699634048,24.52554993001592,24.52554993001592,2627300
1994-04-05,25.356630325317383,25.356630325317383,25.09139360643331,25.09139360643331,1179000
1994-04-06,25.356630325317383,25.4096776690942,25.17980584606133,25.3919952211686,516500
1994-04-07,25.48040580749512,25.533453147829945,25.197486659042703,25.33894623326891,666100
1994-04-08,25.28590965270996,25.42736928713072,25.1621324725918,25.42736928713072,242400
1994-04-11,25.392004013061523,25.49809873735008,25.29475051579701,25.35663910496533,203300
1994-04-12,25.356630325317383,25.46272501287101,25.30358298154057,25.418518893057,1409200
1994-04-13,25.22401428222656,25.40968000249532,25.03834856195781,25.3477914290724,364100
1994-04-14,25.23284149169922,25.365459789658395,25.12674685333188,25.179794172515543,419900
1994-04-15,25.23284149169922,25.33893613006656,25.18863539237949,25.22400027183528,387300
1994-04-18,25.06488800048828,25.33012491054636,24.98531692747086,25.259395067864205,369100
1994-04-19,25.100236892700195,25.197490364281634,24.88804750015888,25.038348319875645,472200
1994-04-20,25.073707580566406,25.18864347568184,24.9410892400486,25.12675491677353,508000
1994-04-21,25.40968894958496,25.44505386113623,25.091404745623564,25.17981702450173,200300
1994-04-22,25.38315963745117,25.489254348579493,25.312429830032286,25.47157189672477,301800
1994-04-25,25.64838600158692,25.66606844626225,25.37430810911908,25.37430810911908,394600
1994-04-26,25.621871948242188,25.65723685086225,25.56882459431208,25.61303072258717,399000
1994-04-28,25.43620491027832,25.60418818914356,25.35663388344742,25.568823288329824,287000
1994-04-29,25.51578140258789,25.551146310976787,25.356639314837864,25.39200422322676,481900
1994-05-02,25.674924850463867,25.86943185690677,25.42737047862744,25.515782754283304,275000
1994-05-03,25.64838600158692,25.69259211327527,25.498085221846484,25.6837508909376,183400
1994-05-04,25.60417556762696,25.70142899692388,25.50692213833003,25.70142899692388,401900
1994-05-05,25.568817138671875,25.674911815595827,25.568817138671875,25.630705700210846,659800
1994-05-06,25.321277618408203,25.445054813470254,25.232865336221025,25.445054813470254,216300
1994-05-09,25.100236892700195,25.32126750993074,25.05603076925409,25.250537712416964,499300
1994-05-10,25.29473876953125,25.374309775796817,25.20632654034729,25.22400898618408,583400
1994-05-11,25.06488800048828,25.30360121954055,24.99415815780613,25.268236298199472,210600
1994-05-12,25.188663482666016,25.25055209073153,25.126774874600496,25.2240284015606,305200
1994-05-13,25.188663482666016,25.25939332045517,25.064886266534977,25.25939332045517,321300
1994-05-16,25.19748878479004,25.32126592268024,25.188647560655024,25.24169490546511,450400
1994-05-17,25.568817138671875,25.568817138671875,25.179803323284062,25.215168215592044,470200
1994-05-18,25.75447654724121,25.851729977388707,25.471557477721227,25.58649334971372,824800
1994-05-19,25.87825393676757,25.948983704958263,25.70142951629086,25.70142951629086,531000
1994-05-20,25.7810115814209,25.85174137999818,25.745646682132254,25.834058930353866,370400
1994-05-23,25.73680877685547,25.76333245474299,25.65723774319292,25.754491228780484,262700
1994-05-24,25.842905044555664,25.940158535999423,25.807540138576115,25.807540138576115,549600
1994-05-25,25.91363525390625,25.931317707167192,25.657239681622634,25.74565194792733,738200
1994-05-26,25.931320190429688,25.993208782769617,25.878272825566896,25.90479650799829,369600
1994-05-27,25.95783424377441,25.95783424377441,25.84289832920729,25.887104450194645,162000
1994-05-31,25.922468185424805,25.97551552823264,25.834055947411763,25.878262066418284,160000
1994-06-01,26.03739356994629,26.03739356994629,25.7809981833492,25.86056916539657,200500
1994-06-02,26.010881423950195,26.05508754465712,25.96667530324328,26.05508754465712,55100
1994-06-03,26.16117286682129,26.24958507657736,25.94898356340672,26.02855455218718,550400
1994-06-06,26.1523494720459,26.2938091040786,26.13466701804181,26.214238061060204,99300
1994-06-07,26.11697769165039,26.15234259035269,26.046247894245784,26.108136466974816,120600
1994-06-08,25.9047794342041,26.178857305350974,25.9047794342041,26.178857305350974,131900
1994-06-09,26.04624557495117,26.04624557495117,25.966674559956413,26.019721903286253,80500
1994-06-10,26.09045791625977,26.14350527223996,26.072775464266364,26.072775464266364,83100
1994-06-13,26.125816345214844,26.134657569020334,26.04624533096546,26.05508655477095,109700
1994-06-14,26.32917594909668,26.33801717674916,26.205398761961906,26.205398761961906,161000
1994-06-15,26.22307205200196,26.34684919587519,26.205389602877204,26.338007971312816,142800
1994-06-16,26.27611351013184,26.29379595529343,26.19654250690465,26.223066174647045,44000
1994-06-17,26.12944793701172,26.316341127296884,26.09384923410025,26.289642100113287,403800
1994-06-20,25.906963348388672,25.98706045252316,25.880264313677174,25.94256206133733,137400
1994-06-21,25.68446922302246,25.88916180518792,25.577673093197003,25.88916180518792,139200
1994-06-22,25.78236198425293,25.871358746366333,25.72896392698489,25.75566295561891,279900
1994-06-23,25.631084442138672,25.86247617668576,25.59548571374681,25.826877448293896,922500
1994-06-24,25.097091674804688,25.506476858152563,25.06149296320922,25.506476858152563,353800
1994-06-27,25.533185958862305,25.5331859588623,25.070402525658803,25.19499806536744,371200
1994-06-28,25.40858268737793,25.542077867872035,25.20389007728697,25.542077867872035,5382300
1994-06-29,25.48868179321289,25.639976342963102,25.417484358036315,25.44418339622753,311800
1994-06-30,25.32847785949707,25.542070083189245,25.23948109962533,25.53317040720207,271900
1994-07-01,25.38189125061035,25.4530887015237,25.27509507424032,25.4530887015237,406900
1994-07-05,25.515378952026367,25.55097766699257,25.35518473467845,25.435281843352406,112000
1994-07-06,25.47977638244629,25.52427476942227,25.328481866727955,25.41747864067992,174800
1994-07-07,25.586576461791992,25.586576461791992,25.453081280252206,25.479780316560163,66700
1994-07-08,25.57767105102539,25.622169434899824,25.417476869077426,25.42637654585231,148400
1994-07-11,25.48868179321289,25.639976342963102,25.364086281653886,25.59547794597775,124000
1994-07-12,25.52429580688477,25.5331954916152,25.35520179700652,25.497596752693465,257300
1994-07-13,25.56878089904785,25.648878019859342,25.533182178687184,25.533182178687184,532700
1994-07-14,25.84465980529785,25.89805786274681,25.67556595670947,25.69336530919246,494200
1994-07-15,25.853561401367188,25.906959462781373,25.81796269375773,25.82686237066009,49100
1994-07-18,25.898069381713867,25.96036714311318,25.853570980714363,25.853570980714363,72300
1994-07-19,25.84465980529785,25.951455920195777,25.84465980529785,25.94255624395428,609500
1994-07-20,25.728967666625977,25.86246282919927,25.66666992409177,25.86246282919927,185300
1994-07-21,25.78236198425293,25.80016133667561,25.675565869716845,25.72896392698489,86300
1994-07-22,25.826860427856445,25.86245913278801,25.77346237045908,25.84465978032223,151600
1994-07-25,25.862462997436523,25.88916203012485,25.809064932059847,25.835763964748185,120900
1994-07-26,25.83574485778809,25.871343541712008,25.80904584484514,25.853544199750047,489600
1994-07-27,25.83574485778809,25.83574485778808,25.728948806016312,25.83574485778808,83200
1994-07-28,25.889148712158203,25.960346096034883,25.83575067425069,25.83575067425069,828200
1994-07-29,26.14725875854492,26.22735587523209,26.05826196222584,26.06716164185775,459100
1994-08-01,26.27184295654297,26.28964230813954,26.138347819568665,26.165046846963524,486300
1994-08-02,26.307435989379883,26.414232075940287,26.218439250579543,26.360834032660083,505500
1994-08-03,26.316341400146484,26.33414075178676,26.25404366940553,26.29854204850621,144100
1994-08-04,26.165042877197266,26.32523701726174,26.15614320274924,26.29853799391766,231700
1994-08-05,26.076047897338867,26.11164659754001,26.004850496936577,26.031549522087435,138400
1994-08-08,26.13835334777832,26.16505238081997,26.076055604014464,26.102754637056115,328600
1994-08-09,26.1828556060791,26.18285560607909,26.04046074214393,26.04046074214393,105900
1994-08-10,26.280750274658203,26.307449309817017,26.16505445563668,26.200653169181766,840300
1994-08-11,26.1828556060791,26.334150149010217,26.04936042113988,26.218454322062893,876200
1994-08-12,26.387540817260746,26.396440493758977,26.22734664029255,26.22734664029255,184100
1994-08-15,26.378643035888672,26.47653948440243,26.378643035888672,26.414241744439128,325900
1994-08-16,26.56553268432617,26.592231712149616,26.28964273015059,26.396438841444365,1089500
1994-08-17,26.547739028930664,26.61893645173705,26.52993967322907,26.60113709603545,133700
1994-08-18,26.45874786376953,26.52104562194188,26.43204882455281,26.45874786376953,620000
1994-08-19,26.44093132019043,26.4943293639202,26.378633602505698,26.467630342055312,103200
1994-08-22,26.41423416137696,26.44983285970765,26.36083611388091,26.44983285970765,79700
1994-08-23,26.56553268432617,26.69012814750224,26.49433527679699,26.52993398056158,268600
1994-08-24,26.85030937194824,26.85030937194825,26.58331922240948,26.59221889406077,254700
1994-08-25,26.77913475036621,26.88593090091603,26.70793731666633,26.82363314642864,147400
1994-08-26,27.161821365356445,27.215219441435128,26.84143290888435,26.84143290888435,339500
1994-08-29,27.144012451171875,27.33090565165536,27.135112774958376,27.233009213306865,350300
1994-08-30,27.21522331237793,27.259721715439373,27.09952746441818,27.13512618686733,36000
1994-08-31,27.144012451171875,27.27750759437436,27.10841374631788,27.17071147981237,356200
1994-09-01,27.05502700805664,27.07282636793036,26.95713052875117,27.05502700805664,294600
1994-09-02,26.93931579589844,27.17960701707097,26.89481742160723,27.17960701707097,99600
1994-09-06,26.94821548461914,26.9749145092076,26.8414193862653,26.92151646003068,229800
1994-09-07,26.921531677246094,27.010528476179136,26.89483263756618,27.010528476179136,27900
1994-09-08,27.05502700805664,27.090625727804085,26.966030208688032,26.974929888624896,284800
1994-09-09,26.77022933959961,26.84142675805599,26.66343321191504,26.788028694213708,488400
1994-09-12,26.69013023376465,26.80582603004305,26.64563185058065,26.770227323495853,129400
1994-09-13,26.77022933959961,26.84142675805599,26.69013224383618,26.74353030767847,389200
1994-09-14,26.79692268371582,26.832521385387977,26.68122690328132,26.68122690328132,423500
1994-09-15,27.13511848449707,27.13511848449707,26.868128141914287,26.868128141914287,779800
1994-09-16,26.942007064819336,27.013637525609816,26.843515181232423,26.933053257220525,571300
1994-09-19,26.968860626220703,27.12107531103005,26.94199921125435,27.004675846175846,167300
1994-09-20,26.45850372314453,26.85247129127257,26.458503723144528,26.82560986617293,355600
1994-09-21,26.45850372314453,26.53908799844345,26.207797088881232,26.53908799844345,397500
1994-09-22,26.395828247070312,26.5211815698176,26.368966820767326,26.5211815698176,266400
1994-09-23,26.30628776550293,26.458502500701552,26.26151872573863,26.40477965298439,176600
1994-09-26,26.44058990478516,26.458497517318023,26.3510518421208,26.40477467971941,223000
1994-09-27,26.42268180847168,26.512219869496658,26.360005165754192,26.44058942067668,479500
1994-09-28,26.628625869750977,26.664441102931544,26.548041595094706,26.565949211684988,324000
1994-09-29,26.49430656433105,26.62861362700931,26.4137223267241,26.62861362700931,195900
1994-09-30,26.45850372314453,26.61071846537581,26.458503723144528,26.485365148244167,5200
1994-10-03,26.395828247070312,26.503273952282267,26.351059203232,26.47641252597928,72600
1994-10-04,26.001848220825195,26.53012268536676,25.983940611857687,26.53012268536676,84200
1994-10-05,26.01080703735352,26.01080703735352,25.78696188212672,25.95708420009909,461900
1994-10-06,25.93021011352539,26.04660953737754,25.88544110435149,26.02870193370798,345200
1994-10-07,26.04660987854004,26.118240294156514,25.903349047307096,25.93021045316328,188700
1994-10-10,26.324180603027344,26.368949617658345,26.154058347429547,26.163012150355748,213600
1994-10-11,26.71814727783203,26.78977769948841,26.44057939391353,26.44057939391353,461400
1994-10-12,26.75396728515625,26.78978250240545,26.69129065497014,26.75396728515625,162400
1994-10-13,26.8435001373291,27.12106801733484,26.81663872958661,27.058391399269027,1564500
1994-10-14,26.95990753173828,26.96886133696304,26.75397001156891,26.933046116064016,72800
1994-10-17,26.90618324279785,26.96885987597576,26.87932182857876,26.93304465701696,282300
1994-10-18,26.8435001373291,26.879315347652422,26.7539621115208,26.879315347652422,132100
1994-10-19,26.968860626220703,27.06735248109734,26.73606169651229,26.74501550150108,136700
1994-10-20,26.78978538513184,26.96886149064742,26.70920113764982,26.96886149064742,290300
1994-10-21,26.682336807250977,26.753967241632857,26.565937351380416,26.71815202444192,87800
1994-10-24,26.45850372314453,26.79874844107329,26.449549914777982,26.691302740674736,149600
1994-10-25,26.4853630065918,26.539085852446952,26.360009699596432,26.36896350723896,91800
1994-10-26,26.583850860595703,26.61071227945114,26.458497572603672,26.583850860595703,201000
1994-10-27,26.745012283325195,26.74501228332519,26.61965902856572,26.68233565594545,210300
1994-10-28,27.3091049194336,27.33596633410845,26.7987380406114,26.7987380406114,192100
1994-10-31,27.21062469482422,27.27330135585212,27.20167088610595,27.246439929697303,36300
1994-11-01,26.90618324279785,27.09421314233155,26.897229438058154,27.09421314233155,435200
1994-11-02,26.75396728515625,27.067350436086794,26.75396728515625,26.82559771965466,115600
1994-11-03,26.8972282409668,26.9419972626728,26.807690197554788,26.84350541491959,87000
1994-11-04,26.54803276062012,27.02258444234452,26.54803276062012,27.02258444234452,124400
1994-11-07,26.628625869750977,26.70025633611211,26.539087786799563,26.61071825316069,115000
1994-11-08,26.83455848693848,26.92409655329463,26.673389967497403,26.71815900067548,308300
1994-11-09,26.87932205200196,27.12107478198332,26.646523126834712,27.12107478198332,318500
1994-11-10,26.69130516052246,26.95096562669326,26.67339754216585,26.89724277162344,172100
1994-11-11,26.59280204772949,26.682340101762254,26.521171604503284,26.655478685552424,302200
1994-11-14,26.8435001373291,26.85245393990993,26.709193098616648,26.709193098616648,181400
1994-11-15,26.75396728515625,26.986766197276083,26.54802978597332,26.81664391534236,316900
1994-11-16,26.8435001373291,26.8435001373291,26.709193098616648,26.79873112442495,106900
1994-11-17,26.6644229888916,26.861406637567093,26.55697736234133,26.861406637567093,104700
1994-11-18,26.628625869750977,26.7181639527024,26.51222636191413,26.673394911226683,269300
1994-11-21,26.36000061035156,26.69129137889199,26.36000061035156,26.61070713789567,283100
1994-11-22,25.786975860595703,26.360019768608943,25.786975860595707,26.26152784691917,483600
1994-11-23,25.93021011352539,25.93916391536017,25.56310423829937,25.80485688783845,601600
1994-11-25,26.055583953857425,26.09139918953283,25.948138246831206,25.948138246831206,77300
1994-11-28,26.17197227478028,26.18092607986915,25.98394236791391,26.04661900353604,79900
1994-11-29,26.16302299499512,26.216745834820568,26.073484928619365,26.16302299499512,105500
1994-11-30,26.127201080322266,26.33313858026997,26.12720108032227,26.297323362887767,218800
1994-12-01,25.867542266845703,26.15406402265708,25.81381943763107,26.15406402265708,439000
1994-12-02,26.10930252075196,26.10930252075195,25.81382687494097,25.81382687494097,318500
1994-12-05,26.136165618896484,26.25256512319441,26.073488962736064,26.16302704296524,139200
1994-12-06,26.15406990051269,26.163023707394075,25.992901376647843,26.037670411054744,249900
1994-12-07,25.966033935546875,26.073479593211204,25.93917252113079,25.99289534996296,531900
1994-12-08,25.715330123901367,26.10929757705306,25.643699677873787,26.07348235403927,261500
1994-12-09,25.81382369995117,25.831731312646248,25.607886153957807,25.71533183012826,235900
1994-12-12,25.98394012451172,25.98394012451172,25.7600950166162,25.7600950166162,151100
1994-12-13,26.08243560791016,26.091389413474147,25.966036135578253,25.966036135578253,70900
1994-12-14,26.21673393249512,26.333133365938576,26.046611683616224,26.046611683616224,203300
1994-12-15,26.297332763671875,26.37791703158916,26.252563725940053,26.252563725940053,130100
1994-12-16,26.425765991210938,26.479917151028992,26.353564444786866,26.380640024695893,266100
1994-12-19,26.461883544921875,26.479933942974345,26.344555957580816,26.42578274881693,1120200
1994-12-20,26.380645751953125,26.506998485626525,26.380645751953125,26.488948095101755,675600
1994-12-21,26.660438537597656,26.72361493223651,26.398707759808104,26.398707759808104,544500
1994-12-22,26.579191207885746,26.687493515014648,26.552115631103515,26.660417938232424,222000
1994-12-23,26.606285095214844,26.66946148451828,26.561159102855253,26.561159102855253,125800
1994-12-27,26.750682830810547,26.804834010630003,26.67848125771794,26.69653165099109,95200
1994-12-28,26.615297317504883,26.77775081079585,26.55212095900284,26.77775081079585,358200
1994-12-29,26.633358001708984,26.71458477975554,26.6062824090268,26.71458477975554,220100
1994-12-30,26.31747436523437,26.714583031925155,26.31747436523437,26.68750744101441,2209500
1995-01-03,26.443822860717773,26.479923642780182,26.389671687624155,26.39869688313976,324300
1995-01-04,26.57017135620117,26.57017135620117,26.425768251004428,26.561146162126377,351800
1995-01-05,26.57017135620117,26.63334771472475,26.543095773976784,26.58822174435077,89800
1995-01-06,26.59725379943848,26.714581352676586,26.516027031812094,26.62432938864727,448400
1995-01-09,26.62433242797852,26.62433242797852,26.57018124337924,26.588231638245663,36800
1995-01-10,26.651411056518555,26.795814231900977,26.651411056518555,26.68751185036416,229800
1995-01-11,26.66946220397949,26.741663793702617,26.461882633525505,26.741663793702617,222400
1995-01-12,26.67846870422364,26.696519089003218,26.58821678032572,26.64236793466447,40300
1995-01-13,26.994359970092773,26.994359970092773,26.786780471827264,26.82288125413431,170600
1995-01-16,27.15682029724121,27.16584549508011,26.98534153830217,26.98534153830217,105100
1995-01-17,27.16584205627441,27.183892449667287,27.06656489261361,27.102665679399355,89500
1995-01-18,27.138790130615234,27.19294135801254,27.075613698651715,27.14781533518145,84500
1995-01-19,26.9853458404541,27.07559783323154,26.967295441898614,27.04852223539831,139100
1995-01-20,26.886058807373047,26.958260375167267,26.83190763152738,26.94923517919299,78700
1995-01-23,26.9672794342041,26.9672794342041,26.6874984226712,26.705548810512024,53700
1995-01-24,27.00339126586914,27.003391265869137,26.94021488255996,26.95826527779115,32400
1995-01-25,27.075592041015625,27.17486921183268,26.868012502034503,26.868012502034503,15700
1995-01-26,27.10266494750977,27.13876573332064,27.00338778652988,27.05753896524618,9800
1995-01-27,27.210968017578125,27.28316959109077,27.10266565730916,27.28316959109077,91200
1995-01-30,27.093639373779297,27.17486614072268,27.05753858847113,27.156815748068592,26600
1995-01-31,27.20195198059082,27.247077979231484,27.102674783581367,27.147800782222028,127500
1995-02-01,27.19291305541992,27.33731617818352,27.14778707955629,27.238039031283545,380200
1995-02-02,27.35536193847656,27.35536193847656,27.183883259218543,27.183883259218543,131700
1995-02-03,27.743452072143555,27.78857805144112,27.481721392217672,27.52684737151524,405100
1995-02-06,27.860780715942383,27.942007481878075,27.70735238028608,27.734427968931307,405400
1995-02-07,27.896881103515625,27.90590629960217,27.80662914265016,27.90590629960217,702900
1995-02-08,27.896881103515625,27.996158260467634,27.842729926996345,27.86078031916944,521500
1995-02-09,27.896881103515625,27.89688110351562,27.79760394656361,27.85175512308289,390700
1995-02-10,27.9329776763916,27.9329776763916,27.779549366052777,27.860776118585097,148300
1995-02-13,27.942018508911133,27.996169707571816,27.914942909580795,27.914942909580795,79700
1995-02-14,27.978105545043945,28.03225671706661,27.86980320099861,28.03225671706661,170200
1995-02-15,28.13152503967285,28.16762580969489,27.951021189562663,27.9780967670792,431500
1995-02-16,28.095420837402344,28.12249641161121,28.014194114775737,28.095420837402344,99300
1995-02-17,27.98714065551757,28.0864178393972,27.978115456983065,28.06836744232817,49100
1995-02-21,27.978105545043945,28.03225671706661,27.969080349706832,27.98713074038105,168000
1995-02-22,28.18570137023925,28.18570137023925,27.9871469577688,28.00519735890247,386400
1995-02-23,28.23081588745117,28.393269431560547,28.221790690556208,28.29399226571593,402800
1995-02-24,28.303024291992188,28.31204949106489,28.19472190311977,28.26692349570138,307600
1995-02-27,28.077396392822266,28.303026386335784,28.032270394119564,28.22179958867092,280900
1995-02-28,28.31202888488769,28.3120288848877,28.05029830227318,28.05029830227318,493500
1995-03-01,28.13152503967285,28.32105408228855,28.104449462156325,28.28495331226652,242600
1995-03-02,28.16764068603516,28.16764068603516,28.041287924226605,28.12251469967496,488600
1995-03-03,28.17666244506836,28.176662445068363,28.005183717824192,28.07738528719016,290000
1995-03-06,28.1947021484375,28.194702148437496,27.951021944209646,27.987122715206365,85700
1995-03-07,27.978105545043945,28.15860945178616,27.851752810324392,28.095433084426386,180900
1995-03-08,28.05031394958496,28.086414739738867,27.92396118404629,28.02323835696953,155900
1995-03-09,28.041278839111328,28.06835442215521,27.969077284327653,28.04127883911133,63500
1995-03-10,28.45644760131836,28.52864918102357,28.03226332055021,28.068364110402825,192100
1995-03-13,28.42937088012696,28.528648048279777,28.402295288812542,28.438396077231754,261300
1995-03-14,28.63694190979004,28.67304268748911,28.51058918784328,28.51058918784328,223300
1995-03-15,28.58281517028809,28.63696638311465,28.47451274463496,28.59184037242585,278500
1995-03-16,28.754281997680664,28.772332394414924,28.55572763360377,28.55572763360377,20400
1995-03-17,28.78287124633789,28.8191674269764,28.69213079474161,28.71027888506087,89900
1995-03-20,28.78287124633789,28.8191674269764,28.728426975380128,28.8191674269764,91700
1995-03-21,28.710294723510746,28.96436812814358,28.66492447268345,28.78288712483441,104400
1995-03-22,28.73749542236328,28.76471755253919,28.6467549884436,28.76471755253919,74900
1995-03-23,28.755651473999023,28.83731788714702,28.66491101494569,28.70120719856703,220500
1995-03-24,29.16397857666016,29.16397857666016,28.846387024020736,28.846387024020736,134000
1995-03-27,29.281946182250977,29.28194618225098,29.13676144753886,29.20935381489492,132100
1995-03-28,29.281946182250977,29.28194618225098,29.17305763121689,29.20935381489492,121900
1995-03-29,29.272863388061523,29.554158727500425,29.109530610322803,29.254715301646108,246100
1995-03-30,29.21843338012696,29.336395999363493,29.100470760890417,29.336395999363493,298400
1995-03-31,29.100473403930664,29.13676959776157,28.77380765945249,28.991584822437943,541300
1995-04-03,29.17306900024414,29.17306900024414,29.073254456230863,29.091402555142366,193300
1995-04-04,29.36361312866211,29.36361312866212,29.18213220697693,29.18213220697693,66900
1995-04-05,29.36361312866211,29.390835266914888,29.281946713903785,29.3000948060723,107200
1995-04-06,29.47250366210937,29.49972580219137,29.381763195169384,29.43620747533338,352500
1995-04-07,29.44528579711914,29.53602627723353,29.30917507694756,29.53602627723353,361400
1995-04-10,29.499719619750977,29.499719619750977,29.381757037451145,29.399905127035733,285400
1995-04-11,29.399921417236328,29.581402413639022,29.38177331759606,29.572328363818887,250300
1995-04-12,29.499719619750977,29.499719619750977,29.39083108224344,29.445275350997207,150900
1995-04-13,29.663055419921875,29.67212946563002,29.536018780007865,29.554166871424155,243400
1995-04-17,29.49065399169922,29.799171602689302,29.39991351787861,29.77194946054312,178900
1995-04-18,29.390844345092773,29.517881029511205,29.31825195399653,29.517881029511205,329500
1995-04-19,29.36361312866211,29.454353589504706,29.20935434522971,29.390835266914888,223000
1995-04-20,29.40897750854492,29.49064390705677,29.291014932916696,29.445273685661306,207900
1995-04-21,29.554183959960938,29.56325801091579,29.41807319563812,29.41807319563812,145000
1995-04-24,29.89897918701172,29.89897918701172,29.53601737594025,29.53601737594025,169000
1995-04-25,29.817312240600582,29.89897864661562,29.799164150375024,29.85360842105172,293200
1995-04-26,29.84453582763672,29.86268391874504,29.690277053215976,29.762869417649267,204400
1995-04-27,29.917139053344727,29.935287151041628,29.78102832061796,29.79917641831485,502200
1995-04-28,29.96251678466797,30.00788704024741,29.717517404538945,29.90807247797263,130800
1995-05-01,29.880847930908203,29.99881058596493,29.880847930908203,29.93529223324208,518700
1995-05-02,29.94436454772949,29.989734797044235,29.844549999237064,29.908068348277705,228400
1995-05-03,30.36176300048828,30.361763000488285,30.04417133730326,30.04417133730326,724700
1995-05-04,30.343616485595703,30.597689829374616,30.27102410165888,30.39806077354833,311400
1995-05-05,30.30730628967285,30.47063907806031,30.24378798307773,30.47063907806031,314900
1995-05-08,30.525089263916016,30.624903765076265,30.25286789711534,30.280090033795407,183100
1995-05-09,30.497880935668945,30.68843597870645,30.452510687326686,30.65213978003264,180600
1995-05-10,30.53417015075684,30.588614436315392,30.388985389267354,30.5795403887223,330300
1995-05-11,30.6158390045166,30.6158390045166,30.479728279837364,30.579542811268805,351700
1995-05-12,30.633975982666016,30.70656834281452,30.48879126236902,30.49786530738758,94600
1995-05-15,30.779165267944336,30.779165267944336,30.65212861884315,30.715646943393743,147200
1995-05-16,30.797313690185547,30.8699060618772,30.71564727203243,30.770091550801176,221600
1995-05-17,30.679357528686523,30.806394205823945,30.652135383585648,30.797320157456983,189200
1995-05-18,30.23473358154297,30.643065817788298,30.23473358154297,30.62491771839962,577800
1995-05-19,30.25287818908692,30.30732248096889,30.14398960532296,30.18935984855793,363900
1995-05-22,30.58861351013184,30.633983746723548,30.33454018521825,30.35268827985493,216000
1995-05-23,30.869911193847656,30.869911193847656,30.55231951489861,30.64305999459833,136800
1995-05-24,30.851768493652344,31.02417543523452,30.661213452956257,30.924360890108,370800
1995-05-25,30.87898635864257,30.90620850353706,30.6158389579959,30.76102373076648,379900
1995-05-26,30.525089263916016,30.770088494036628,30.407126671635723,30.761014448476605,518600
1995-05-30,30.516014099121094,30.679346913210946,30.41619960162173,30.59768050616601,61500
1995-05-31,31.15120887756348,31.15120887756348,30.46158118321602,30.46158118321602,564500
1995-06-01,31.06954765319824,31.30547295663958,30.92436285108049,31.015103352404083,810100
1995-06-02,31.09674835205078,31.31452540499773,30.83360107973987,30.94248960621335,112900
1995-06-05,31.28731918334961,31.387133716707165,31.069542019660403,31.096764165121552,257200
1995-06-06,31.23287773132324,31.368988471000712,31.23287773132324,31.26009987925873,165800
1995-06-07,31.06954765319824,31.18751030491891,31.033251452668804,31.169362204654192,41900
1995-06-08,30.996957778930664,31.15121664375556,30.996957778930664,31.06047613503503,141100
1995-06-09,30.815465927124023,30.96972473771328,30.633984973489607,30.933428546986395,304900
1995-06-12,30.98786163330078,31.114898254930715,30.897121189279407,30.91526927808368,378500
1995-06-13,31.323610305786133,31.34175839982193,31.105833177356565,31.13305531841026,120000
1995-06-14,31.296390533447266,31.332686724266,31.17842791328641,31.278242438037903,389400
1995-06-15,31.43248748779297,31.49600579391726,31.287302788080297,31.34174705047255,274500
1995-06-16,31.52581787109375,31.52581787109375,31.37065316240568,31.37065316240568,325100
1995-06-19,31.88176918029785,31.90002384344145,31.598821901572045,31.61707656471565,134600
1995-06-20,31.799638748168945,31.900039444560985,31.77225674006203,31.79051141213331,287800
1995-06-21,31.78138542175293,31.92742280450653,31.78138542175293,31.90004079524023,158200
1995-06-22,32.20124435424805,32.21949902791826,31.91829691235981,31.91829691235981,297000
1995-06-23,32.13734817504883,32.14647551051462,32.03694748492513,32.12822083958304,315400
1995-06-26,31.75399780273437,32.10083652550066,31.75399780273437,32.04607251664282,132900
1995-06-27,31.690105438232425,31.9547981391854,31.67185076920118,31.74486944532613,127700
1995-06-28,31.854389190673828,31.982171840722376,31.589696558430408,31.69009721203998,212600
1995-06-29,31.799638748168945,31.936548788703544,31.5805826833136,31.854402764382787,89200
1995-06-30,31.78138542175293,31.973059486617032,31.717494066798224,31.86353144955183,714100
1995-07-03,31.900047302246094,31.90004730224609,31.817901257690952,31.817901257690952,9500
1995-07-05,32.01868438720703,32.16472171622508,31.918283723507123,31.991302388016145,409300
1995-07-06,32.429412841796875,32.429412841796875,31.963918877560555,32.02781020598515,202500
1995-07-07,32.5754508972168,32.58457823005435,32.34726757627804,32.365522241953144,481700
1995-07-10,32.593719482421875,32.68499284977674,32.53895546200896,32.602846819157364,400400
1995-07-11,32.43854141235352,32.59370607302037,32.392904747451496,32.56632407407916,420500
1995-07-12,32.84016799926758,32.89493203706513,32.438565055418835,32.50245643284932,203400
1995-07-13,32.76713180541992,32.86753248783207,32.73062246636096,32.79451380971415,215600
1995-07-14,32.73976516723633,32.767147184382054,32.56634572531341,32.59372774245914,543700
1995-07-17,32.92230224609375,32.95881159152884,32.75801019163584,32.78539220071216,171500
1995-07-18,32.63936233520508,32.86754579672077,32.61198031982319,32.86754579672077,221200
1995-07-19,32.28339385986328,32.54808665656558,31.66273488828547,32.5115773052963,486600
1995-07-20,32.40203857421875,32.46592991788622,32.14647319954885,32.319892560932,318900
1995-07-21,32.36552810668945,32.49331078956978,32.23774542380912,32.374655441180906,94000
1995-07-24,32.60284805297852,32.63935740130212,32.41117397427959,32.41117397427959,108400
1995-07-25,32.84927749633789,32.8949141697143,32.538948117378325,32.639348798806424,107400
1995-07-26,32.82188415527344,32.986176122680256,32.81275682375084,32.83101148679604,167800
1995-07-27,33.095706939697266,33.123088936613726,32.97705161972593,32.97705161972593,187700
1995-07-28,32.88578414916992,33.12309483134545,32.85840214738044,33.12309483134545,415600
1995-07-31,32.80363464355469,32.9405446378934,32.73061597990738,32.91316263902566,342500
1995-08-01,32.74886703491211,32.84926768635694,32.56632039592152,32.84926768635694,141000
1995-08-02,32.67586135864258,33.17786481526977,32.62109734519234,32.940554090318734,240400
1995-08-03,32.666725158691406,32.68497982488793,32.39290516574344,32.447669164333035,1193600
1995-08-04,32.7032356262207,32.75799962671117,32.6667262925604,32.730617626465936,240500
1995-08-07,32.776248931884766,32.87664958302671,32.757994268040775,32.776248931884766,193100
1995-08-08,32.776248931884766,32.89490424687071,32.67584828074282,32.79450359572876,951900
1995-08-09,32.76713180541992,32.885787157361555,32.739749801125704,32.885787157361555,107100
1995-08-10,32.69412612915039,32.87667289704068,32.55721605323268,32.80365418988456,280800
1995-08-11,32.511566162109375,32.70324019057773,32.37465614177483,32.66673085182185,257200
1995-08-14,32.80363464355469,32.80363464355469,32.52068732192136,32.59370598556867,254800
1995-08-15,32.73976516723633,32.79452920152777,32.511581691021966,32.79452920152777,44400
1995-08-16,32.83102035522461,32.83102035522461,32.675855677426775,32.712365013379205,374900
1995-08-17,32.776248931884766,32.84926758726073,32.65759361689883,32.84926758726073,353800
1995-08-18,32.81275939941406,32.949669382999936,32.78537740269689,32.940542050760875,85400
1995-08-21,32.721492767333984,33.086586131544124,32.712365433228726,32.94967611996532,266700
1995-08-22,32.78538513183594,32.84014913818087,32.60283844401948,32.767130463054286,220200
1995-08-23,32.666725158691406,32.83101715446018,32.666725158691406,32.81276248826365,176500
1995-08-24,32.7032356262207,32.76712696012624,32.56632562499455,32.67585362597548,167400
1995-08-25,32.88578414916992,32.94054815274889,32.75800147415233,32.75800147415233,195000
1995-08-28,32.76713180541992,32.977060505008964,32.71236779683148,32.977060505008964,293000
1995-08-29,32.84927749633789,32.858404831013175,32.57545745607945,32.80364082296148,1133100
1995-08-30,32.92230224609375,32.95881159152884,32.84015621886479,32.876665564299884,437400
1995-08-31,32.94968032836914,33.00444433999524,32.88578898147203,32.91317098728508,491900
1995-09-01,33.095706939697266,33.150470933530194,32.91316029358752,32.940542290503984,629900
1995-09-05,33.40604019165039,33.42429485842179,33.141347523465186,33.196111523779365,272200
1995-09-06,33.46995544433594,33.50646480396979,33.42431874479362,33.433446084702084,214500
1995-09-07,33.48820114135742,33.5247104911981,33.44256445405658,33.50645581627776,258800
1995-09-08,33.61598587036133,33.61598587036133,33.39692975825471,33.61598587036133,107300
1995-09-11,33.707252502441406,33.771143855681885,33.67074315773256,33.67074315773256,260700
1995-09-12,33.86240005493164,33.86240005493164,33.63421676615178,33.71636275011253,139500
1995-09-13,34.01758575439453,34.06322244040794,33.81678433593553,33.825911673138215,239800
1995-09-14,34.327911376953125,34.35529338549629,34.04496395534037,34.136237317150936,457600
1995-09-15,34.31843566894531,34.40102013980641,34.18079488417682,34.30008356430951,431200
1995-09-18,34.189964294433594,34.217492446039415,34.02479538479865,34.19914034496887,307500
1995-09-19,34.35514068603516,34.37349279110248,34.134915425227234,34.254204108164856,549600
1995-09-20,34.520320892333984,34.520320892333984,34.382680059429944,34.41020822601075,290800
1995-09-21,34.2358512878418,34.50195680575855,34.09821050271244,34.47442864873268,508500
1995-09-22,34.245025634765625,34.281729842305566,33.93303987067612,33.960568026331075,449900
1995-09-25,34.189964294433594,34.28172479978634,34.07067563747502,34.28172479978634,130000
1995-09-26,34.18080139160156,34.373498526963616,34.09821690501783,34.290914040379874,466600
1995-09-27,34.15325927734375,34.17161137797639,33.82292146595622,34.03397062323159,654400
1995-09-28,34.41020202636719,34.41020202636719,34.153272517903645,34.18080067952474,456200
1995-09-29,34.34597396850586,34.593727454252495,34.30009369336759,34.382678188616474,606600
1995-10-02,34.17159652709961,34.428525824295846,34.08901211014368,34.345941407339915,293100
1995-10-03,34.20832443237305,34.26338074851957,34.03397943124239,34.1716202216087,839700
1995-10-04,34.17159652709961,34.22665280507023,34.12571629545742,34.22665280507023,248800
1995-10-05,34.27255630493164,34.27255630493164,34.116563411441994,34.20832393702414,268800
1995-10-06,34.30009460449219,34.401031212477584,34.29091854922079,34.29091854922079,75300
1995-10-09,34.01563262939453,34.18997765770813,33.95140025054216,34.17162554946459,358200
1995-10-10,33.99727249145508,33.99727249145508,33.630230413274724,33.66693462109276,360800
1995-10-11,34.107398986816406,34.11657504250293,33.988110262891574,34.11657504250293,228100
1995-10-12,34.31843566894531,34.336787773581115,34.13491462258732,34.13491462258732,199800
1995-10-13,34.428558349609375,34.566199174567835,34.428558349609375,34.47443862459553,488100
1995-10-16,34.26338195800781,34.391846700217805,34.26338195800781,34.32761432911281,443600
1995-10-17,34.49278259277344,34.529486804098546,34.235853113497654,34.3000854833166,146000
1995-10-18,34.59373474121094,34.70384742473734,34.483622057684535,34.65796713993467,228100
1995-10-19,34.75889205932617,34.75889205932617,34.52949071257771,34.575370981927406,500600
1995-10-20,34.547847747802734,34.75889701691282,34.547847747802734,34.73136885137672,748400
1995-10-23,34.47444534301758,34.53867774051589,34.382684775162865,34.382684775162865,533000
1995-10-24,34.511138916015625,34.557019185779005,34.42855443044154,34.520314969968304,172200
1995-10-25,34.2266845703125,34.584550709251424,34.2266845703125,34.538670435028486,302700
1995-10-26,33.91468811035156,34.309258345401645,33.63940655101429,34.28173018946792,606800
1995-10-27,34.17159652709961,34.17159652709961,33.72197025700619,33.87796304458962,905800
1995-10-30,34.39183044433594,34.41018254169151,34.25418971416917,34.25418971416917,488700
1995-10-31,34.245025634765625,34.55701139885513,34.245025634765625,34.48360298377524,508200
1995-11-01,34.520320892333984,34.520320892333984,34.19915894889122,34.226687115472025,415700
1995-11-02,34.74054718017578,34.74054718017578,34.465265506798794,34.465265506798794,326000
1995-11-03,34.78641128540039,34.79558733691329,34.685474718758506,34.78641128540039,615000
1995-11-06,34.66710662841797,34.77721919579251,34.65793058113676,34.77721919579251,311200
1995-11-07,34.538673400878906,34.648786068469384,34.428560733288435,34.648786068469384,358200
1995-11-08,34.850643157958984,34.868995260727786,34.584537667811325,34.584537667811325,357200
1995-11-09,34.979122161865234,34.98829821699689,34.81395316949546,34.98829821699689,503700
1995-11-10,34.96076202392578,35.00664228904905,34.77724096343273,34.786417016457385,795600
1995-11-13,34.92405319213867,35.03416581386901,34.83229267403006,34.89652503670609,818500
1995-11-14,34.69466781616211,34.93324527271334,34.69466781616211,34.85983682454373,341800
1995-11-15,35.04335403442383,35.052530089421055,34.71301605452352,34.73136816451798,584700
1995-11-16,35.23603439331055,35.27273859580358,35.03416127959888,35.04333733022213,577700
1995-11-17,35.34614944458008,35.35532549583776,35.245212880745605,35.291093137034004,267000
1995-11-20,35.16264724731445,35.410400763931754,35.153471191143446,35.40122470776074,448800
1995-11-21,35.44709014892578,35.44709014892578,35.1901606836993,35.19933673602881,119200
1995-11-22,35.33697509765625,35.456263769759474,35.33697509765625,35.41955956295848,351600
1995-11-24,35.428733825683594,35.428733825683594,35.346149364551465,35.37367751826218,62400
1995-11-27,35.43791198730469,35.61225697118837,35.43791198730469,35.50214434978815,273000
1995-11-28,35.81414794921875,35.81414794921875,35.32781696246277,35.41040146964775,479000
1995-11-29,35.85085678100586,35.87838495360454,35.731568033078275,35.87838495360454,549200
1995-11-30,35.76824951171875,35.94259449394621,35.731545304934016,35.85083397698439,286200
1995-12-01,35.81414794921875,35.86920428734207,35.731563442033774,35.81414794921875,465200
1995-12-04,36.25460052490234,36.25460052490234,35.85085402449847,35.896734308635274,631700
1995-12-05,36.49316787719727,36.52987209432293,36.19035808591049,36.217886248754745,567700
1995-12-06,36.57575225830078,36.72256912637224,36.4105832817204,36.58492831255525,272800
1995-12-07,36.38305282592773,36.57574995312685,36.35552466489929,36.52986968474611,289700
1995-12-08,36.50234222412109,36.54822249338218,36.27294087781566,36.53904643952997,296900
1995-12-11,36.65831756591797,36.73172596154434,36.502324725211935,36.57573312083831,186500
1995-12-12,36.5482177734375,36.62162619477506,36.49316145743433,36.49316145743433,299400
1995-12-13,36.77762222290039,36.82350249014453,36.59410115392384,36.59410115392384,390700
1995-12-14,36.511505126953125,36.87854714883755,36.41974462148202,36.814314795007775,395000
1995-12-15,36.524864196777344,36.56179530314416,36.3956053244935,36.56179530314416,416700
1995-12-18,35.823211669921875,36.2017559169494,35.81397888340901,36.2017559169494,862300
1995-12-19,36.20174789428711,36.24791181662107,35.79550537774831,35.841669300082266,1022600
1995-12-20,35.85090637207031,36.34947679290261,35.85090637207031,36.31254565061874,1349800
1995-12-21,36.03554916381836,36.1463425509477,35.89705742990669,36.063247510600696,857600
1995-12-22,36.1648063659668,36.26636696592228,36.12787523871025,36.22943583866574,332800
1995-12-26,36.34021759033203,36.35868314805069,36.23865702287937,36.31251925375403,432200
1995-12-27,36.32177734375,36.43257076726932,36.257147846697066,36.43257076726932,151800
1995-12-28,36.28483581542969,36.43256033783347,36.19250798892732,36.24790468482874,256200
1995-12-29,36.33100509643555,36.35870344847857,36.192513336220415,36.3217723124212,339200
1996-01-02,36.71877670288086,36.71877670288086,36.24790478639936,36.28483591710379,514400
1996-01-03,36.82033920288086,36.93113260068291,36.63568353987744,36.8388047691812,610300
1996-01-04,36.46950149536133,37.00500303630587,36.17405236932296,36.86651125847539,1129700
1996-01-05,36.395626068115234,36.48795388665434,36.146340958059646,36.22943599474485,302400
1996-01-08,36.53411483764648,36.580278743178006,36.47871815100866,36.52488205654018,179900
1996-01-09,35.90628433227539,36.67260513442989,35.82318930553575,36.64490679218335,415500
1996-01-10,35.435420989990234,35.93399126968264,35.24153254788763,35.86012900602451,787700
1996-01-11,35.64777374267578,35.64777374267578,35.32462635055104,35.490816437929475,513200
1996-01-12,35.59237289428711,35.74933018072106,35.25999275830933,35.740097399166125,390400
1996-01-15,35.51850891113281,35.72163009544394,35.370784413451986,35.601603941078274,154200
1996-01-16,35.95245361328125,35.98015195967053,35.389253903365955,35.693935713648,454600
1996-01-17,35.841651916503906,36.11863531616777,35.72162577664956,35.86935025647029,407600
1996-01-18,35.96168518066406,35.98938352611772,35.675468944309614,35.980150744299834,425600
1996-01-19,36.20174789428711,36.29407573895502,35.92476436028338,35.96169549815055,169800
1996-01-22,36.21097183227539,36.29406687217608,36.10941122795233,36.17404070343064,288200
1996-01-23,36.2940673828125,36.2940673828125,36.11864451833185,36.192506777060544,362200
1996-01-24,36.58951187133789,36.66337412088892,36.33099399790931,36.34945956029707,1506500
1996-01-25,36.46025085449219,36.63567368716763,36.41408695115654,36.61720812583338,298400
1996-01-26,36.774169921875,36.79263548548126,36.38639308614346,36.43255699515912,726300
1996-01-29,36.92190170288086,36.92190170288086,36.71878046320509,36.74647881406997,254800
1996-01-30,37.23580932617188,37.30967158122007,36.94959308786012,36.99575699726524,272100
1996-01-31,37.62358474731445,37.63281752884754,37.2081095783257,37.22657514139188,498000
1996-02-01,37.7620849609375,37.7620849609375,37.55896372153882,37.58666207236591,373900
1996-02-02,37.60511779785156,37.82670454647627,37.5220227671173,37.74360951574201,496200
1996-02-05,37.9098014831543,37.96519817309559,37.48509352693776,37.54049021687905,295300
1996-02-06,38.2698860168457,38.306817149310696,37.87287634284706,37.92827304154455,301600
1996-02-07,38.49146270751953,38.49146270751953,38.223712067433645,38.260643190204114,585100
1996-02-08,38.90694427490234,38.94387540378218,38.36221012392483,38.4360723816845,1526600
1996-02-09,38.897705078125,39.22085240253382,38.7130494641771,38.8884722974276,804600
1996-02-12,39.19314193725586,39.36856471624475,38.93462415769327,38.97155526905936,626500
1996-02-13,39.110050201416016,39.40549911700745,38.99925685806923,39.02695519390593,1045900
1996-02-14,38.76845932006836,39.21163294411296,38.74999375239983,39.08237397043328,431400
1996-02-15,38.52840423583984,38.94387947921698,38.48224031990905,38.685361550004544,889500
1996-02-16,38.37143325805664,38.54685607612764,38.25140711937648,38.454528277142906,606100
1996-02-20,37.99290466308594,38.18679311944677,37.74361950490773,38.07599971581201,492300
1996-02-21,38.463775634765625,38.49147398495868,38.066765948665065,38.066765948665065,434000
1996-02-22,39.0731315612793,39.19315772155733,38.64842360952626,38.67612195420581,721400
1996-02-23,38.962310791015625,39.35932011898095,38.60223256332615,39.29469069349823,1430400
1996-02-26,38.40837860107422,38.93464725017547,38.38991303443908,38.85155220031738,1408400
1996-02-27,38.28834915161133,38.5099359323296,38.11292628354269,38.50070314979967,601000
1996-02-28,38.11292266845703,38.84231241913729,38.11292266845703,38.59302731447442,865900
1996-02-29,37.74360656738281,38.38066841991447,37.74360656738281,37.89133105492638,914300
1996-03-01,38.343727111816406,38.343727111816406,37.586639314279935,38.19600266351661,1452600
1996-03-04,38.56534194946289,38.796161568504445,38.297591191374686,38.42685017803796,652600
1996-03-05,38.92540740966797,38.92540740966797,38.45453554584134,38.47300110912866,402000
1996-03-06,38.583797454833984,38.98080709602993,38.583797454833984,38.8700137077892,624700
1996-03-07,38.777679443359375,38.79614500499907,38.54685992286319,38.65765329270136,534200
1996-03-08,37.52202606201172,38.33451087831512,36.63567898968073,37.92826847016342,2289900
1996-03-11,37.95597457885742,38.01137128220774,37.26351578697849,37.37430919367912,1511400
1996-03-12,37.660526275634766,37.84518195730005,37.17118871922176,37.706690196051085,1385300
1996-03-13,37.91903305053711,38.07599033367788,37.69744629786779,37.90980026917589,1019300
1996-03-14,38.08522415161133,38.2975781286991,37.955965209036165,37.97443077226119,725600
1996-03-15,38.05963897705078,38.18019826230947,37.83706798888089,38.0225438123558,869200
1996-03-18,38.79225158691406,38.79225158691406,38.328562230149615,38.41202631436721,917600
1996-03-19,38.70878982543945,39.13538405926078,38.57895679775471,39.13538405926078,858300
1996-03-20,38.66241836547852,38.89426304265217,38.36565717869624,38.89426304265217,744300
1996-03-21,38.56971740722656,38.72737193858575,38.43988426375429,38.70882434666114,650800
1996-03-22,38.67169952392578,38.77371120132703,38.54186647996056,38.58823542423385,344500
1996-03-25,38.59751129150391,39.06120075920578,38.4954996086095,39.02410560178964,802400
1996-03-26,38.78298568725586,38.88499736649063,38.49549822759423,38.5325933836796,969400
1996-03-27,38.430572509765625,38.866440489485456,38.39347736255542,38.838619129077806,809600
1996-03-28,38.57896423339844,38.5975118123568,38.2822029700646,38.29147675954378,1001300
1996-03-29,38.39347839355469,38.69023957920535,38.20800265252302,38.69023957920535,457700
1996-04-01,38.83861923217773,38.8478930190049,38.45839397226386,38.57895320101704,773400
1996-04-02,38.91282272338867,38.91282272338867,38.75516829386112,38.88500135347205,638800
1996-04-03,38.91282272338867,38.9406440933053,38.68097797408345,38.77371587380554,288000
1996-04-04,38.88499069213867,39.005549928722935,38.87571690470912,38.91281205442735,934900
1996-04-08,38.21727752685547,38.21727752685547,37.74431437376893,37.91124254544653,2217200
1996-04-09,38.06890869140625,38.36566997718579,37.99471836996136,38.36566997718579,1180900
1996-04-10,37.391937255859375,38.170935948689774,37.243556552463104,38.00400765736897,939500
1996-04-11,37.34553909301758,37.67012162797055,36.872575970657536,37.48464589371171,1276000
1996-04-12,37.81852722167969,37.87416997874934,37.49394447210666,37.60522998624599,411300
1996-04-15,38.1338119506836,38.180180885448536,37.89269348990593,38.013252720294766,484200
1996-04-16,38.24509048461914,38.37492347850485,38.12453127601098,38.20799534350894,429700
1996-04-17,38.15235137939453,38.3192795089106,37.89268540014732,38.207994089233225,525300
1996-04-18,38.208003997802734,38.328563233718135,38.0410758249968,38.245099147315166,818600
1996-04-19,38.30075454711914,38.49550414651127,38.23583801398844,38.393492451591584,885100
1996-04-22,38.59751129150391,38.74589192116851,38.33784518959086,38.65315402762813,828900
1996-04-23,38.71807098388672,38.74589235225837,38.449131089627386,38.53259519474235,225400
1996-04-24,38.57896423339844,38.912820654649,38.495500128085794,38.912820654649,699000
1996-04-25,38.75514602661133,38.91280036555663,38.43056356407689,38.66240818017292,475500
1996-04-26,38.83861923217773,39.06119011602975,38.71806000342456,38.85716680583207,563300
1996-04-29,38.83861923217773,38.91280952679507,38.67169106928871,38.67169106928871,219900
1996-04-30,38.81080627441406,38.912817951598896,38.6531518642193,38.838627640919015,184400
1996-05-01,38.89426803588867,39.05192243660639,38.74588742344847,38.801530153113546,561900
1996-05-02,38.22654724121094,38.80152199350475,38.04107151466455,38.5882249079764,1299600
1996-05-03,38.1709213256836,38.569694313294,37.83706487094001,38.44913503796992,1329300
1996-05-06,38.1338119506836,38.31928768974334,37.79995562037605,38.31928768974334,647500
1996-05-07,37.97618103027344,38.133835505856986,37.84634793273404,38.133835505856986,582100
1996-05-08,38.44914627075195,38.44914627075195,37.43830282079731,37.79070695931361,1694700
1996-05-09,38.42130661010742,38.61605617293925,38.28219977951326,38.31929493433837,593400
1996-05-10,38.801536560058594,38.931369617381925,38.6160607638824,38.801536560058594,925100
1996-05-13,39.38578796386719,39.55271619163964,38.857181909254415,38.89427707098163,867500
1996-05-14,39.62691879272461,39.72893051908079,39.50635947975821,39.54345465297864,632300
1996-05-15,39.58056640625,39.951518293843726,39.55274501468048,39.63620918938906,466100
1996-05-16,39.66398239135742,39.72889889281627,39.33939988406317,39.35794745590855,514400
1996-05-17,39.87729644775391,39.9422129768549,39.76601096929506,39.76601096929506,427700
1996-05-20,40.1462287902832,40.21114530715361,39.756729689060776,40.15550257840754,788500
1996-05-21,40.090599060058594,40.28534867381322,40.06277768666508,40.21115834476384,352700
1996-05-22,40.47084045410156,40.47084045410156,39.9978769199221,40.13698384173959,1218100
1996-05-23,40.30387115478516,40.619179856870446,40.08130030625436,40.52644200331595,967900
1996-05-24,40.461551666259766,40.554289579774,40.32244479598842,40.34099237869127,659100
1996-05-28,40.05350875854492,40.58211491720134,39.95149704371649,40.58211491720134,456400
1996-05-29,39.784549713134766,40.17404880123538,39.65471668376789,40.1369536499877,649600
1996-05-30,39.98856735229492,40.19259065511275,39.61761589262614,39.72890133052677,895800
1996-05-31,39.69182586669922,40.14624163012638,39.69182586669922,39.97931339050008,923500
1996-06-03,39.80310821533203,39.83092958640519,39.58981103710448,39.70109652139711,503100
1996-06-04,40.081329345703125,40.118424514000864,39.91440108836332,39.988591424958784,627100
1996-06-05,40.43374633789063,40.48011531304876,40.01642556146744,40.09988971675208,428000
1996-06-06,40.136966705322266,40.65629899171276,40.062776378695055,40.65629899171276,523300
1996-06-07,40.136966705322266,40.14624049615067,39.283777949109314,39.283777949109314,1422800
1996-06-10,40.007110595703125,40.201860090953424,39.94219409728636,40.081300879608,548800
1996-06-11,39.97002410888672,40.378070758722224,39.97002410888672,40.15549985881194,688700
1996-06-12,39.89582443237305,40.20185934782361,39.83090793515626,40.09984770934008,1120600
1996-06-13,39.89582443237305,40.044204997439984,39.66397979945595,39.988562285539885,1502000
1996-06-14,39.72890853881836,39.9143843023049,39.59907550437777,39.9143843023049,1468200
1996-06-17,39.70107269287109,39.89582217349485,39.599061060163415,39.74744161682913,1101000
1996-06-18,39.37649917602539,39.784545799611145,39.367225389125714,39.67326035681503,718000
1996-06-19,39.5527229309082,39.766020147182736,39.42288984274109,39.56199672292014,552100
1996-06-20,39.524898529052734,39.719648146394384,39.28377995520117,39.589815068166615,1234400
1996-06-21,39.86484909057617,39.86484909057617,39.60380704788764,39.71568220903987,573300
1996-06-24,39.939430236816406,40.10724296890388,39.88349265945392,39.95807609593724,416500
1996-06-25,39.89278030395508,40.07923873024138,39.8461656973835,40.05126996629844,454400
1996-06-26,39.62241744995117,39.93007386779785,39.61309452819824,39.846167572021486,838200
1996-06-27,39.902137756347656,40.00468997955322,39.47328300476074,39.62244987487793,1090500
1996-06-28,40.04197692871094,40.27505013551368,39.95807057426195,40.06994571352727,1060800
1996-07-01,40.38693237304688,40.39625530295756,40.088598615905255,40.14453619536931,471300
1996-07-02,40.23774719238281,40.35894522609481,40.172486712691736,40.349622300424656,389400
1996-07-03,40.153846740722656,40.27504479218061,40.014002835194255,40.21910722996925,308300
1996-07-05,39.12833023071289,39.64109128925213,39.00713216233088,39.45463272251059,842900
1996-07-08,38.96983337402344,39.37071921973708,38.8579582542894,39.1562919069135,942000
1996-07-09,39.12833023071289,39.268174155769046,39.00713216233088,39.14697608738704,716300
1996-07-10,39.28681564331055,39.28681564331055,38.736762932595,39.119002951905806,1132300
1996-07-11,38.494384765625,39.19360463906212,38.11214456814604,39.1190211858955,1587400
1996-07-12,38.52231979370117,38.72742411012456,38.23330916601368,38.559611487596335,1312000
1996-07-15,37.38494110107422,38.6155675911844,37.38494110107422,38.6155675911844,1951300
1996-07-16,37.47816467285156,37.88837344041511,36.02378813330807,37.49681052592263,4141000
1996-07-17,37.92567443847656,38.18671644542773,37.59004900096792,38.03754958431278,1340500
1996-07-18,38.44774627685547,38.51300675792675,37.78581854027527,38.03753753869309,1432500
1996-07-19,38.16808319091797,38.410479420269176,37.96297868915925,38.35454182888044,1216000
1996-07-22,37.88837432861328,38.03754115667869,37.59936359923656,37.90702018212146,519800
1996-07-23,37.40357971191406,38.149413803876456,37.33831922886735,37.9443094285868,1479800
1996-07-24,37.47816467285156,37.701914909704406,36.76962225615088,36.95608078686159,2463400
1996-07-25,37.81379318237305,37.92566831013155,37.66462634536171,37.85108489162588,1989800
1996-07-26,38.01891326904297,38.07485085600086,37.82313171469037,37.925683957446495,642300
1996-07-29,37.59935760498047,38.01888924203083,37.55274297864154,37.96295169042411,1297900
1996-07-30,37.96295547485352,38.00024717964217,37.55274672217828,37.85108036048754,1868200
1996-07-31,38.24264144897461,38.34519363228488,37.89769319602189,37.99092245357668,767100
1996-08-01,38.87662506103516,39.01646903607485,38.224019844183246,38.279957434199126,1168600
1996-08-02,39.71568298339844,39.734328843954025,39.2308906089532,39.38005749339789,1098500
1996-08-05,39.48259353637695,39.73431255065846,39.36139549246364,39.72498962420359,710200
1996-08-06,39.60381317138672,39.6877195552244,39.25886470449846,39.47329212986143,640000
1996-08-07,39.70634841918945,39.827546477289815,39.454629375442536,39.752963056920365,917800
1996-08-08,39.64108276367188,39.715666174327886,39.491915942359846,39.715666174327886,925100
1996-08-09,39.51055908203125,39.83686148124576,39.417329825112816,39.7809239270947,648800
1996-08-12,39.79959487915039,39.89282419486637,39.380062958428496,39.52922986357406,764200
1996-08-13,39.48259353637695,39.7529584035682,39.38004134537338,39.72498962420359,805200
1996-08-14,39.62241744995117,39.65970913696289,39.380021484375,39.49189654541016,533800
1996-08-15,39.5478630065918,39.75296743519741,39.50124836372689,39.51989422087285,632600
1996-08-16,39.88348007202149,39.90212592525759,39.659729833188266,39.659729833188266,475100
1996-08-19,39.902137756347656,39.93010654449463,39.752970886230464,39.89281482696533,436400
1996-08-20,39.87415313720703,39.92076776561153,39.78092388039804,39.91144483993063,645700
1996-08-21,39.73432922363281,39.864850248769095,39.60380819849652,39.77162094510032,266400
1996-08-22,40.10722351074219,40.18180691104111,39.80888990954652,39.827535759621256,584800
1996-08-23,39.89278030395508,40.097884572870015,39.76225940555466,40.032624123669805,757100
1996-08-26,39.69703674316406,39.84620362618206,39.631776231843695,39.79958897523894,784700
1996-08-27,39.84619522094727,39.88348693383537,39.67838251295076,39.80890350805915,389400
1996-08-28,39.78094482421875,39.97672636659245,39.77162189362952,39.939434644235554,227600
1996-08-29,39.38938522338867,39.73433368570001,39.15631193804318,39.73433368570001,680200
1996-08-30,38.97917556762695,39.38938454274668,38.85797746134158,39.38006161149396,1500900
1996-09-03,39.23088073730469,39.2868183048959,38.41046307930021,38.46640064689143,1782000
1996-09-04,39.268192291259766,39.82756824982472,39.07241070576203,39.23090056068877,930200
1996-09-05,38.79271697998047,39.24021768054261,38.79271697998047,39.08172784909351,616600
1996-09-06,39.34275817871094,39.48260210588645,38.867288826314194,38.93254932566276,804900
1996-09-09,39.80892562866211,39.8182485620646,39.42668535915973,39.491945892977206,719200
1996-09-10,39.79027938842773,39.92080045483775,39.60382072212769,39.75298765516772,669900
1996-09-11,40.01401901245117,40.051310735668736,39.622455918666695,39.71568522671062,713500
1996-09-12,40.29370880126953,40.41490690733536,40.06995845160954,40.12589603902454,713300
1996-09-13,40.90902328491211,40.946315010787146,40.64798120378687,40.75985638141197,2008800
1996-09-16,41.05815505981445,41.26325937664368,40.90898828393865,40.96492582489208,1220200
1996-09-17,40.96495056152344,41.16073207308283,40.71323147523279,41.0954715692297,604700
1996-09-18,40.862396240234375,41.02088602715748,40.70390645331126,40.90901088344705,225500
1996-09-19,41.02088928222656,41.048858070373534,40.74120140075684,40.79713897705078,410000
1996-09-20,41.16638946533203,41.25072761811783,41.007084065625534,41.13827674773677,948400
1996-09-23,41.15702438354492,41.23199164107415,40.87589716781033,41.0633153116334,466800
1996-09-24,41.14765167236328,41.531858850356194,40.96960444353729,41.11953895202233,1269800
1996-09-25,41.1757698059082,41.34444615012904,41.08206072578552,41.34444615012904,1353300
1996-09-26,41.15702438354492,41.49437704242644,41.01646077567763,41.23199164107415,773200
1996-09-27,41.19450378417969,41.213245596638366,41.00708565959288,41.213245596638366,407600
1996-09-30,41.15702438354492,41.41940978489721,41.128911661971465,41.250733455456455,578200
1996-10-01,41.38190841674805,41.41002112627029,41.04455590248108,41.20386125644048,561400
1996-10-02,41.663063049316406,41.73803032425894,41.475644861960056,41.531870318166966,609000
1996-10-03,41.62555313110352,41.70052035871469,41.50373138623536,41.681778551811895,342200
1996-10-04,42.18782043457031,42.18782043457031,41.68179149110812,41.79424236743305,754100
1996-10-07,42.23467254638672,42.356494322091855,42.13159258232854,42.16907620562242,235100
1996-10-08,42.06599044799805,42.393972106648064,41.99102321173518,42.2534085386552,386200
1996-10-09,41.738014221191406,42.206559508811424,41.6911596924294,42.13159226279222,528800
1996-10-10,41.65367126464844,41.89731478610645,41.60681674129113,41.7380094066916,1562200
1996-10-11,42.16908264160156,42.16908264160156,41.81298816596137,41.81298816596137,331300
1996-10-14,42.22530364990234,42.39397996275149,42.15970730601656,42.16907821228596,201600
1996-10-15,42.16908264160156,42.6563698187934,41.95355177476671,42.6563698187934,776900
1996-10-16,42.3752326965332,42.3752326965332,41.94417106361845,42.28152364589956,590100
1996-10-17,42.48769760131836,42.60014849924862,42.3096503462621,42.50643941764007,792500
1996-10-18,42.71258544921875,42.76881087982325,42.41271648599475,42.50642553700225,695800
1996-10-21,42.6563835144043,42.95625264280081,42.5439325912556,42.75009261702821,879200
1996-10-22,42.35649490356445,42.628251176175816,42.33775309166022,42.6188802702237,848900
1996-10-23,42.4970588684082,42.51580068047807,42.094109908906205,42.26278621753495,735900
1996-10-24,42.13161087036133,42.57204363524277,42.112869050579135,42.497076356114015,379300
1996-10-25,42.16908264160156,42.31901715766059,42.05663175455729,42.12222810533312,568300
1996-10-28,41.88795471191406,42.422096416294174,41.86921289772528,42.20656555312325,975400
1996-10-29,42.22530364990234,42.32838361886571,41.80361286777948,42.01914371197561,815900
1996-10-30,42.08475112915039,42.35650748246711,42.037896585475096,42.35650748246711,495400
1996-10-31,42.48769760131836,42.50643941764007,42.09411945856243,42.14097399936671,726300
1996-11-01,42.33777618408203,42.67512898236157,42.1409870517523,42.57204896066504,821300
1996-11-04,42.61890411376953,42.61890411376953,42.30029313314768,42.39400224509529,1608400
1996-11-05,42.86254501342773,43.05933413570189,42.75009408641393,42.75946499699841,764000
1996-11-06,43.687156677246094,43.70589848620244,42.9000007010795,42.93748431899219,1665000
1996-11-07,43.79024124145508,43.9589175398386,43.49974317201679,43.5559686048113,1446300
1996-11-08,44.03390121459961,44.04327212356207,43.63095212921383,43.79962849053811,1355700
1996-11-11,43.98703002929688,44.09010998888832,43.91206278595764,43.93080459679244,655900
1996-11-12,43.8558235168457,44.13695059067164,43.79022719961965,44.10883788328905,719900
1996-11-13,44.05263519287109,44.11823154393472,43.7902497886166,43.90270067615424,481900
1996-11-14,44.3431396484375,44.3431396484375,43.87459421681834,43.89333603408311,558800
1996-11-15,44.39933776855469,44.68046485446787,44.21191971127924,44.455563185737326,2250900
1996-11-18,44.408721923828125,44.53054369741111,44.22130381062353,44.483689169109965,1518200
1996-11-19,44.72734832763672,44.73671923656772,44.39936651505191,44.46496287756887,1029300
1996-11-20,44.80229568481445,44.98971378012846,44.56802306567194,44.71795754192315,730000
1996-11-21,44.73670959472656,44.886644105307965,44.60551689796783,44.85853138457395,653000
1996-11-22,45.08340835571289,45.13026286450079,44.80228130298551,44.80228130298551,965100
1996-11-25,45.65505599975586,45.67379781256364,45.02720527069518,45.130285241137976,2058800
1996-11-26,45.505130767822266,45.99241800009713,45.26148715168483,45.7487743839597,2861800
1996-11-27,45.4207878112793,45.6925441237462,45.36456236732062,45.61757686513464,872000
1996-11-29,45.58946228027344,45.71128407053933,45.49575321083814,45.58009137332991,1073400
1996-12-02,45.608211517333984,45.65506605967766,45.21463336164711,45.5332442495841,1350600
1996-12-03,44.83040237426758,45.926798084507816,44.83040237426758,45.61755826879903,1777800
1996-12-04,44.95225143432617,45.01784779872899,44.43685142830409,44.90539688832417,2365100
1996-12-05,44.83040237426758,45.06467496192575,44.699209725179,44.886627795305536,1697700
1996-12-06,44.56803512573242,44.83042053017323,43.57471895177791,43.9308134292333,3401800
1996-12-09,45.22401428222656,45.23338519276992,44.7273560234288,44.79295239723228,1864600
1996-12-10,45.00844955444336,45.38328569480933,44.96159503689761,45.31768937024528,1331600
1996-12-11,44.59614944458008,44.75545487440943,43.96829863289972,44.15571678564013,1847900
1996-12-12,43.8558235168457,44.905364592462526,43.74337268731533,44.84913917769734,2540200
1996-12-13,43.96828842163086,44.127593814462855,43.42477590490993,43.81835393425957,1678300
1996-12-16,43.406036376953125,44.19319247705332,43.21861825788166,44.08074160561043,1831100
1996-12-17,43.75276184082031,43.94955087458712,43.1061693013008,43.274845615958064,2023200
1996-12-18,44.09947967529297,44.24004325266853,43.94017428760066,44.00577062370926,1666800
1996-12-19,45.00844955444336,45.05530407198911,44.31500269476632,44.49304986144016,2269300
1996-12-20,45.10724258422852,45.634592393146434,45.05074081898732,45.27674787995213,1543200
1996-12-23,44.99422073364258,45.32381423001711,44.79646463581786,45.2578955307422,1263700
1996-12-24,45.3238525390625,45.32385253906249,45.07901144909457,45.10726234409087,633000
1996-12-26,45.6722526550293,45.70050353296025,45.4274117129611,45.46507955020236,1384300
1996-12-27,45.728759765625,45.8229293697552,45.502752715712525,45.67225800314689,410400
1996-12-30,45.33324432373047,45.87942799028144,45.29557648465799,45.87942799028144,694100
1996-12-31,44.50454330444336,45.42740518422234,44.50454330444336,45.370903436480766,1378100
1997-01-02,44.6175422668457,44.824715320849634,43.84535179283107,44.824715320849634,2031900
1997-01-03,45.25789642333984,45.27673033778984,44.64579420371498,44.82471639098994,2123200
1997-01-06,44.86239242553711,45.465077798172366,44.7870567539577,45.257904701329,1374100
1997-01-07,45.40856552124024,45.48390117536091,44.6740428935636,44.8623820288653,939000
1997-01-08,45.01305770874024,45.672244746315926,45.01305770874024,45.653410830956624,1802200
1997-01-09,45.3897590637207,45.7287697123294,45.16375196464824,45.23908766433905,1415700
1997-01-10,45.87942123413086,45.95475690118197,44.74938622836409,44.74938622836409,2369500
1997-01-13,45.81351852416992,46.1054443359375,45.5875114440918,46.1054443359375,1364600
1997-01-14,46.387916564941406,46.642174329304666,46.10540793787112,46.21841138869924,2111200
1997-01-15,46.274940490722656,46.52919840550685,46.030099535745286,46.23727265149537,1583900
1997-01-16,46.46329116821289,46.58571167595241,46.10544660712816,46.425623319677655,1308400
1997-01-17,46.74578857421875,46.85879209212581,46.4726967392767,46.52919849823023,1604000
1997-01-20,46.802276611328125,47.06595140913843,46.68927312655229,46.85877835371605,1889900
1997-01-21,47.178955078125,47.33904334884917,46.47268329551834,46.63277156624251,2785800
1997-01-22,47.51796722412109,47.5179672241211,46.93411586306373,47.19779067128318,1201600
1997-01-23,46.85877227783203,48.02647480244038,46.35025666227678,47.64979656869576,2601100
1997-01-24,46.25607681274414,46.95293139013483,46.25607681274414,46.93409748263778,2176000
1997-01-27,46.12424087524414,46.54800380692768,46.03007133487002,46.3314138640672,2108500
1997-01-28,46.25607681274414,46.915263575140735,45.80406303281504,46.78342622266142,4376000
1997-01-29,46.708106994628906,46.708106994628906,46.16192348541752,46.33142871241415,1122700
1997-01-30,47.310813903808594,47.329647826541006,46.65162660817432,46.93413544916044,2126300
1997-01-31,47.25431442260742,47.856999979213015,47.2354804989635,47.57449112455414,3208100
1997-02-03,47.39556503295898,47.54623640997614,47.22605973381469,47.44264983827684,755000
1997-02-04,47.6874885559082,47.734573358984726,47.27314228883475,47.46148150114086,654100
1997-02-05,46.79285430908203,47.89463815978893,46.48209476144675,47.75338381995471,2255400
1997-02-06,47.103641510009766,47.13189239456195,46.6516273571748,46.87763443359229,2483100
1997-02-07,47.74395751953125,47.76279142782298,46.87759773811175,47.49911671173879,2321000
1997-02-10,47.291969299316406,47.93232252758274,47.26371842159877,47.76281726127694,1670000
1997-02-11,47.838157653808594,47.838157653808594,47.08480084036279,47.48031316742183,1664300
1997-02-12,48.51617431640625,48.60092695011115,47.772234531663216,47.83815324676703,2675400
1997-02-13,49.04349136352539,49.15649479984688,48.62914543034661,48.70448105456093,1104800
1997-02-14,48.93052673339844,49.10003202231321,48.76102144448366,48.93052673339843,1112900
1997-02-18,49.344852447509766,49.382520273805575,48.6668315741852,49.02467592399539,833100
1997-02-19,49.0152587890625,49.42018792026898,48.911672267125965,49.213014876395896,648100
1997-02-20,48.42201232910156,49.0341147797806,48.30900879974544,48.83635860340737,1193900
1997-02-21,48.44085311889648,48.676277171768255,48.299598687173415,48.45968704312622,1844400
1997-02-24,49.0152587890625,49.04350965868156,48.195983570109874,48.195983570109874,787300
1997-02-25,49.05293655395508,49.137689179984186,48.7421769251817,49.06235351240276,1653900
1997-02-26,48.572662353515625,49.08117801212164,47.98881104178278,49.00584235899482,1597800
1997-02-27,47.84755706787109,48.7045001289174,47.8381401111563,48.7045001289174,1813100
1997-02-28,47.70631408691406,48.1394941990337,47.64981233315933,47.7628158406688,2961200
1997-03-03,48.026485443115234,48.06415327483533,47.423800135593794,47.46146796731388,1210400
1997-03-04,47.76280212402344,48.29015167428868,47.66863256147607,48.15831428672237,1478700
1997-03-05,48.572662353515625,48.57266235351562,47.88522451873341,48.0453127816279,1254800
1997-03-06,48.290157318115234,48.761005185881565,48.13948600043,48.59149995348569,1528500
1997-03-07,48.72334671020508,48.91168589346834,48.36550226200489,48.47850577196285,1859300
1997-03-10,49.23184585571289,49.23184585571289,48.54440806928079,48.77983196874384,1074900
1997-03-11,48.96818923950195,49.29778282092168,48.96818923950195,49.26953194251427,624600
1997-03-12,48.53499984741211,49.02468164641588,48.39374548231487,49.00584773106958,1055600
1997-03-13,47.78163528442383,48.49732394851846,47.649797898932704,48.36548656302735,2514100
1997-03-14,48.026485443115234,48.23365851757573,47.76281062107461,47.99823456932517,1642700
1997-03-17,48.1583366394043,48.233672324409234,47.27314234059632,47.76282429312839,3013500
1997-03-18,47.64037704467773,48.280730007523765,47.44262098262234,48.21481132017197,1352500
1997-03-19,47.48030853271485,47.91348865816207,47.04712840726763,47.51797636971026,1510000
1997-03-20,47.23545837402344,47.61213667046701,46.93411573686858,47.46146535188958,1808200
1997-03-21,47.45416259765625,47.64322300641185,47.397444475029566,47.60541092466073,2810600
1997-03-24,48.11587524414063,48.14423430617057,47.246197341888966,47.49197587948182,2145600
1997-03-25,47.643211364746094,48.38054677872431,47.510869110955134,48.00242605360728,2125800
1997-03-26,47.85118103027344,48.19148970611101,47.60540254216851,47.8322749927269,1335300
1997-03-27,46.58448791503906,48.02134712021072,46.07402477635966,48.02134712021072,2898500
1997-03-31,45.60136795043945,46.66010617814452,45.52574379131767,46.52776389968139,4270700
1997-04-01,45.89442443847656,46.09293791184588,45.40286726632399,45.52575655936213,3210900
1997-04-02,45.07200241088867,45.94168030975649,45.0341903283292,45.75261989695914,2672700
1997-04-03,45.31779479980469,45.45013712921588,44.88295571745362,45.03420409392356,2284200
1997-04-04,45.88496017456055,45.89441319478605,44.86403399020691,45.07200043516784,3706700
1997-04-07,46.06455993652344,46.35760351502379,46.06455993652344,46.09291899250734,2596200
1997-04-08,46.395416259765625,46.45213437255262,45.88495324468263,46.05510758304363,1822700
1997-04-09,46.01730346679688,46.612843754062325,45.88496118073788,46.584484692763965,2453200
1997-04-10,45.84716033935547,46.31035845412421,45.79044220285317,46.03622079436312,1996500
1997-04-11,44.391387939453125,45.5635625783995,44.391387939453125,45.41231423789029,4221600
1997-04-14,44.9869270324707,45.04364515858855,44.35357462415477,44.60880619168507,3988500
1997-04-15,45.75264358520508,45.76209661073921,45.072025746747485,45.525770972385885,2760400
1997-04-16,46.28200912475586,46.34818029793259,45.52576714559319,45.60139134350945,2273300
1997-04-17,46.09292602539063,46.58448307078035,45.97948978414684,46.28198642746359,1386000
1997-04-18,46.31980895996094,46.57504056035256,46.1307485152264,46.47105731574857,1702100
1997-04-21,46.01730346679688,46.52776657016726,45.65808869035105,46.433236365839406,2809400
1997-04-22,47.02877807617188,47.02877807617188,45.9794927763819,46.045663921413706,3215000
1997-04-23,47.07604598999024,47.20838828795406,46.697925138665006,46.981515777158926,2047700
1997-04-24,46.83973693847656,47.35965329198135,46.50888107715534,47.21785792284368,2689900
1997-04-25,46.30087661743164,46.7073563427378,46.23470549935854,46.62227919092953,1606200
1997-04-28,46.75465774536133,47.0760605685199,46.206382341149656,46.282006534834025,1666500
1997-04-29,48.229305267333984,48.267117345160194,47.369080496787646,47.54868786646216,3197400
1997-04-30,48.456180572509766,48.81539533289903,47.92681145193611,47.9457174919566,3372200
1997-05-01,48.39949798583984,48.72090090215206,47.983564800024034,48.53184036314487,2149500
1997-05-02,49.269142150878906,49.41093745637836,48.43727635861541,48.56961864374824,1448300
1997-05-05,50.44132614135742,50.55476240704264,49.18407419667966,49.40149370590965,3636200
1997-05-06,50.40349197387695,50.498022153872974,49.911935037897656,50.19552557788572,1721100
1997-05-07,49.306976318359375,50.21446668004697,49.250258170753895,50.21446668004697,2327200
1997-05-08,49.64728927612305,50.346813153966366,49.11791985505243,49.193544058062514,2923700
1997-05-09,49.987586975097656,50.29008371927374,49.4014995332565,50.19555348671871,2558200
1997-05-12,50.81945037841797,50.97069874263945,50.1388327394213,50.17664483047667,2357900
1997-05-13,50.61149215698242,50.87617683766892,50.223918160262905,50.7816465945666,1195100
1997-05-14,50.70598602294922,51.12191879420384,50.47911360226489,50.9612174962191,2772000
1997-05-15,51.04632186889648,51.17866418485288,50.5264056276392,50.70601305643717,884100
1997-05-16,50.346805572509766,51.00851724920441,50.21446323717083,50.89508096177104,1934200
1997-05-19,50.49805450439453,50.76273917794808,50.25227587895195,50.40352426383969,1375800
1997-05-20,51.10303497314453,51.23537727607166,50.063202593002856,50.384605328683016,1756400
1997-05-21,50.989593505859375,51.41497943610848,50.61147267897128,51.23537204333664,1208000
1997-05-22,50.81945037841797,51.10304106133325,50.55476574103037,51.04632292475019,907600
1997-05-23,51.29210662841797,51.55679129218423,50.91398568018046,51.04632801206359,644400
1997-05-27,51.50003433227539,51.74581276337656,50.98011842033062,51.04628953639632,1531000
1997-05-28,51.4906005859375,51.69856702854639,51.13138582143123,51.500053606056085,716700
1997-05-29,51.18808364868164,51.575657319890496,51.121912534085006,51.48112715618102,1282700
1997-05-30,51.51896286010742,51.76474139852262,50.29007016803146,50.346788292281126,2143300
1997-06-02,51.29210662841797,51.7269457188911,51.25429453359422,51.63241548183173,1479100
1997-06-03,51.1219482421875,51.68912962061414,51.02741801244973,51.06523010434484,1562100
1997-06-04,51.06521224975586,51.27317868246497,50.866698836715344,51.14083640710463,1063100
1997-06-05,51.25428009033203,51.61349488993229,51.0746726905319,51.17865592199513,1180800
1997-06-06,52.25628662109375,52.29409869534924,51.17864250481215,51.17864250481215,1511100
1997-06-09,52.52101135253906,52.55882345574463,52.23742057849727,52.29413873330563,1823400
1997-06-10,52.68169784545898,52.88021133097032,52.33193599003426,52.53990249866518,1217500
1997-06-11,52.80459213256836,52.88021632466656,52.53045443621239,52.63443770034741,1673800
1997-06-12,53.82549285888672,53.84439889782556,52.974721106638775,53.163781496027205,4273300
1997-06-13,54.279239654541016,54.44939401082484,53.787682625276624,53.88221282321208,2132900
1997-06-16,54.29814147949219,54.44938978444899,54.12798713641578,54.29814147949219,800400
1997-06-17,54.22254180908203,54.591209718871816,53.80660878265254,54.10910552914672,2048100
1997-06-18,54.033477783203125,54.22253823730811,53.825511283687646,53.92004151074013,1971900
1997-06-19,54.59120178222656,54.75190315543831,54.07128557477679,54.21308090408128,2029900
1997-06-20,54.40521240234375,54.8702142177484,54.35776323750655,54.62347856059491,1396900
1997-06-23,53.08614349365234,54.60451727967029,53.0481841490019,54.300842522466695,3991500
1997-06-24,54.43367767333984,54.58551498902559,53.4467351213825,53.59857243706825,4895100
1997-06-25,54.05406188964844,54.8132481521435,53.40875356652764,54.34824656636528,4708900
1997-06-26,53.78837966918945,54.43368838787415,53.2569489596844,53.959196682958925,2569900
1997-06-27,53.997108459472656,54.49057939794236,53.86425089911543,54.035067762431865,2617900
1997-06-30,53.63652420043945,54.33877168643247,53.37080893546912,53.99713777432776,2384900
1997-07-01,54.262840270996094,54.395697872219245,53.68396072280954,53.75038952342111,1749000
1997-07-02,55.154876708984375,55.154876708984375,54.18691431663812,54.395690518908886,1961800
1997-07-03,55.914093017578125,55.97103201250438,55.55347938304521,55.80021502772563,2539100
1997-07-07,55.34471130371094,56.17981668689451,55.21185362911356,56.103898015696,1158600
1997-07-08,55.92355728149414,55.98998607853647,55.382637077006585,55.4205963896022,3396500
1997-07-09,55.306739807128906,56.10388567943481,54.68041090745998,56.06592635218215,5390300
1997-07-10,55.55347442626953,55.78123038565294,54.95561503288809,55.34469813016808,2072200
1997-07-11,55.74323272705078,55.9899681800476,55.49649727405396,55.62935482566763,2258900
1997-07-14,55.914093017578125,56.06593033738146,55.40164206324187,55.80970486021334,3186400
1997-07-15,56.19878768920898,56.34113517575713,55.55347908352404,56.065930035097374,2983100
1997-07-16,56.93898010253906,57.14775636291505,56.41703945159912,56.55938690185548,2621300
1997-07-17,56.65426635742188,56.97692047068023,56.350591897884605,56.86304254835375,1794800
1997-07-18,55.4490852355957,56.61633450548759,55.30673776365767,56.49296669647463,3961900
1997-07-21,55.45854187011719,55.62935873419353,55.078948838836446,55.43956221855316,3810300
1997-07-22,56.92948913574219,56.96744845505256,55.64836210901687,55.68632142832724,4243400
1997-07-23,56.88204956054688,57.38501062606389,56.80613090914808,57.05286652619416,3204300
1997-07-24,57.14777755737305,57.25216572627559,56.29369253907953,57.0528792220071,4152700
1997-07-25,57.10978317260742,57.58427455822231,56.86304765208768,57.43243731482554,2364800
1997-07-28,57.07182312011719,57.43243656849837,56.78712829244783,57.2426400167188,2794700
1997-07-29,57.2615966796875,57.37547456502993,56.739656371868,56.86302408098898,2737100
1997-07-30,57.94491195678711,58.07776959966215,57.337562732215474,57.394501722019065,4839800
1997-07-31,57.887969970703125,58.32450220326909,57.71715301013384,57.94490895755956,2138700
1997-08-01,57.66020202636719,58.13469348478034,56.97693432625224,58.00183587642466,7077700
1997-08-04,57.81204605102539,58.03031214740976,57.337554537146325,57.56531046380828,2339500
1997-08-05,57.85003280639648,58.115748180179146,57.641256441281534,57.755134458616965,1466700
1997-08-06,58.324485778808594,58.628160289859984,57.73611641364651,57.96387229693506,2478200
1997-08-07,57.887969970703125,58.68511578669314,57.77409199699027,58.609197137551234,3641900
1997-08-08,56.71122360229492,57.54632863526045,56.12285414725103,57.28061339749868,7113100
1997-08-11,57.128787994384766,57.26164564088334,56.25572346025132,56.93899135652967,6355900
1997-08-12,56.217750549316406,57.42295890849318,56.16081157171751,57.22367248689702,6132500
1997-08-13,56.04693222045898,56.99591515680269,55.553461093560266,56.90101686316832,6982300
1997-08-14,56.25570297241211,56.67325542362434,55.70529292308689,56.54039782551136,3462700
1997-08-15,54.5285758972168,55.952050729201225,54.4336775750845,55.952050729201225,4907100
1997-08-18,55.74323272705078,55.74323272705078,54.26282000906986,54.88914846667717,5638900
1997-08-19,56.38857269287109,56.42653201477811,55.59142693282377,56.00897947380094,3802800
1997-08-20,57.24266815185547,57.28062748086864,56.24623576525985,56.445522242578974,3564600
1997-08-21,56.236759185791016,57.24268164169616,55.93308448212154,57.16676296577879,5392600
1997-08-22,56.217750549316406,56.3221386749144,55.00305236053983,55.2687675893347,8087800
1997-08-25,56.00900650024414,56.7302339644967,55.78125045890123,56.35064056225851,3888000
1997-08-26,55.18334197998047,56.21773308502223,55.08844371346287,55.8760993255589,4290000
1997-08-27,55.51549530029297,55.85712911752554,54.908146291879504,55.268759765625,5484300
1997-08-28,54.6709213256836,55.83817064404136,54.66143149382703,55.38265871492614,4287900
1997-08-29,54.8891716003418,55.33519356874015,54.49059877751774,54.73733433450406,2652300
1997-09-02,56.67325592041016,56.70172540596964,55.022025757960165,55.078964729079125,7294000
1997-09-03,56.36960220336914,57.09082943694761,56.33164287528607,56.66378699601299,2812500
1997-09-04,56.73020553588867,56.920002141897,56.33163266327119,56.52142926927952,2473700
1997-09-05,56.56889343261719,57.35654955657411,56.236749283960656,57.07185457201137,3663300
1997-09-08,56.81557083129883,57.09077570086751,56.67322348497021,56.91995888527316,803500
1997-09-09,56.84408187866211,57.26163439997448,56.42652935734973,56.616325957946266,1885200
1997-09-10,55.66733932495117,56.78713919544968,55.66733932495117,56.559383289585575,3623700
1997-09-11,55.38263320922852,55.81916527359187,54.81324356005893,55.74324665370259,7055900
1997-09-12,56.27467727661133,56.4644738272913,55.23079624787149,55.87610452018339,6708000
1997-09-15,56.17979431152344,56.6732654777733,55.98999770911964,56.27469261272533,2060500
1997-09-16,57.58431243896485,57.86900745761497,56.502471368094376,56.67328837928445,6979000
1997-09-17,57.58431243896485,58.001865132985024,57.39451575986477,57.92594646134499,2220000
1997-09-18,57.83106231689453,58.533310201937226,57.67922493634475,57.69820460891348,5045400
1997-09-19,57.92887115478516,58.12888863164317,57.5478854845794,57.7002797526617,1566400
1997-09-22,58.252723693847656,58.64323410448333,58.04318152228706,58.21462511720028,3259000
1997-09-23,57.98601531982422,58.338427042365865,57.75742393222965,58.2527052720179,1872800
1997-09-24,57.509765625,58.58604974484515,57.47166707208513,58.1383917480954,2793100
1997-09-25,57.10977554321289,57.75745144997381,57.07167696046224,57.45266278796867,6327800
1997-09-26,57.58599853515625,57.79554070647173,57.41455494044358,57.56694924685484,3995800
1997-09-29,58.13837432861328,58.25266995311252,57.39545276936822,57.60499474761682,2065000
1997-09-30,57.5288314819336,58.32890132373532,57.52883148193359,57.90981712088679,4137600
1997-10-01,58.29079055786133,58.40508622562184,57.776460052939015,58.0621992223403,3567500
1997-10-02,58.61461639404297,58.63366566813919,58.10028599344526,58.23363091211874,2577500
1997-10-03,58.90989303588867,59.586142414311965,58.1193479878727,59.41469890992296,6499900
1997-10-06,59.300418853759766,59.50043632821029,59.07182745438774,59.319468137040765,2272100
1997-10-07,59.85286712646485,60.04336001992908,59.25281451205248,59.45283205018993,1832800
1997-10-08,59.43377304077149,59.96715305523994,58.967065528111576,59.95762841212444,4439400
1997-10-09,59.22420501708984,59.50041954676106,58.652726679839056,58.99561368218953,3607600
1997-10-10,59.05278015136719,59.11945264508648,58.67179447297127,58.70989304081087,2858100
1997-10-13,59.1098747253418,59.46228616021734,58.95748059134156,59.33846592634215,1760300
1997-10-14,59.12897109985352,59.4337596106775,58.63368976976453,59.414710328751,2235700
1997-10-15,58.99562454223633,59.16706807497128,58.69083603959643,58.70988532101142,2601700
1997-10-16,58.06220626831055,59.433754447876936,57.90981202613651,59.319458766246406,9488100
1997-10-17,57.47164916992188,58.13837363825044,56.69062907845127,57.91930702722819,8151300
1997-10-20,58.29079055786133,58.36698766970167,57.39547449373731,57.81455860885919,3636400
1997-10-21,59.42420959472656,59.43373423162266,58.53841836338988,58.652714006143,5225400
1997-10-22,59.03376007080078,59.36712270430805,58.84326713736807,59.33854876429314,4485200
1997-10-23,57.87171173095703,58.3669930031772,57.47167685724074,57.87171173095703,8054100
1997-10-24,57.30024337768555,58.61464390729336,57.100225905788704,58.61464390729336,6778700
1997-10-27,53.14751052856445,57.26215650496945,52.93796837235865,56.70020254059932,10840700
1997-10-28,56.214454650878906,56.61448973988889,51.43308287271198,51.43308287271198,19548000
1997-10-29,56.06204605102539,57.1478553017588,55.64296177881248,56.38588389773536,10134400
1997-10-30,54.823822021484375,56.423961371659736,54.70952635361471,55.24290613700649,9772900
1997-10-31,56.11920547485352,56.38589552123775,55.128642445426365,55.96681116263395,7072700
1997-11-03,57.30024337768555,57.52883477413908,56.61446918832495,56.80496201870289,5548500
1997-11-04,57.30024337768555,57.56693334021467,56.86210986781627,57.22404624553437,3455700
1997-11-05,57.49076843261719,58.08129653778987,57.20502902688848,57.4145712577562,4774900
1997-11-06,57.27168273925781,57.50979883246943,56.995468071132336,57.31930595790013,3679800
1997-11-07,56.65255737304688,56.84305016851778,55.73819195478654,56.30967034119925,10606800
1997-11-10,56.30968475341797,57.20500112128354,56.0810933403459,57.07165613032484,4347900
1997-11-11,56.32872009277344,56.72875496661457,56.10012873629278,56.50016361013392,3212400
1997-11-12,55.16672897338867,56.51922819891029,55.09053183392267,55.85250322858273,6775300
1997-11-13,55.96678924560547,56.17633134284905,54.91907875938752,55.75724714836188,8589600
1997-11-14,56.7287483215332,56.92876573502417,55.84295691893036,56.27156566212528,5827900
1997-11-17,57.77646255493164,58.10030029427679,57.31927986409143,57.52882193072652,5149900
1997-11-18,57.414527893066406,57.96695699356372,57.23355973945521,57.79551347961628,3433600
1997-11-19,57.70026779174805,57.9479084260474,56.53826173849726,57.10974012534191,4387900
1997-11-20,58.57654571533203,58.84323567956445,58.081264353186135,58.1003136363456,4822700
1997-11-21,58.976558685302734,59.01465723742503,58.309834023162686,58.90036158105816,5436500
1997-11-24,57.909793853759766,58.72891264840176,57.68120256223177,58.51937063116776,4337200
1997-11-25,58.06220626831055,58.405093313202144,57.70026994314719,58.290797631571614,4525000
1997-11-26,58.233646392822266,58.5098609406456,58.10030143870066,58.4431884635848,2681100
1997-11-28,58.29079055786133,58.67177611706303,58.27174127990124,58.36698766970167,1564700
1997-12-01,59.79570007324219,59.79570007324218,58.5384473797621,58.65274307916938,4850900
1997-12-02,59.43377304077149,59.72903697735224,59.28137875092335,59.54806875815758,1974900
1997-12-03,59.6052131652832,60.06239600835345,59.05278389657333,59.50996673964357,3302500
1997-12-04,59.54804229736328,60.17666846365022,59.35754951970057,60.043323519286325,2872500
1997-12-05,60.31002426147461,60.34812282386341,59.20516595219933,59.35756020175455,3458800
1997-12-08,60.13857269287109,60.34811475800305,59.890932070442425,60.329065479354696,2289200
1997-12-09,59.77663040161133,60.10046810614524,59.50994052728929,59.87187678529777,1703000
1997-12-10,59.262325286865234,59.64331098462715,58.80514244955095,59.47186742063429,3558400
1997-12-11,58.252723693847656,58.88135020852947,58.10032938725813,58.70990661361625,5072800
1997-12-12,58.36700439453125,58.82418719657719,57.85267374222957,58.78608862974002,4478400
1997-12-15,58.9575424194336,59.19565850351854,58.4432116778101,58.67180311853165,4674700
1997-12-16,59.31946563720703,59.62425415685871,59.05277568251182,59.26231778977235,2885800
1997-12-17,59.01465606689453,59.66233144012707,58.94798360200294,59.64328216444376,2236300
1997-12-18,58.44320297241211,59.09087862464875,58.04316801073654,59.09087862464875,4658300
1997-12-19,58.00636672973633,58.67574451923213,56.53373559284556,57.853366092137286,8556000
1997-12-22,58.37931060791016,58.694874449034,57.87249595398399,58.40799822983051,5136800
1997-12-23,57.33700180053711,58.52275700788645,57.24137638058959,58.408006503949416,4436500
1997-12-24,57.16487884521485,57.79600664778831,57.0692534205825,57.79600664778831,2019200
1997-12-26,57.39435577392578,57.60473161981488,57.16485485113768,57.60473161981488,941800
1997-12-29,58.52279281616211,58.58016810323678,57.79603917988297,57.89166465834075,2080000
1997-12-30,59.440765380859375,59.51726572240488,58.65663688001792,58.71401213617705,3616000
1997-12-31,59.40252304077149,59.74677462310692,59.17302198588119,59.28777251332633,4359500
1998-01-02,59.70853805541992,59.76591333221885,59.07741001063169,59.55553731728944,2360900
1998-01-05,59.84238815307617,60.2440149192042,59.23038546183346,59.880638321278845,4191800
1998-01-06,58.88615036010742,59.53640340078415,58.86702527067576,59.51727831135248,3154900
1998-01-07,59.03913879394531,59.1921394775707,58.27413537581839,58.80963776850724,4424200
1998-01-08,58.52279281616211,58.94354492137634,58.369792050629655,58.94354492137634,3831000
1998-01-09,56.495513916015625,58.44627302889091,56.246887754570736,58.2932723141556,10258800
1998-01-12,57.52825164794922,57.643002149906565,55.63486836565302,55.768743951269926,12097900
1998-01-13,58.33152389526367,58.36977407486712,57.66214575220327,57.91077191962571,5224900
1998-01-14,58.5992431640625,58.733118719593975,57.968115545128406,58.56099300533922,3770400
1998-01-15,58.11155319213867,58.59924271209903,58.02549033567508,58.44624207838597,2875400
1998-01-16,58.94350814819336,59.17300915331287,58.54188138923422,58.90525798067344,4374800
1998-01-20,59.89974594116211,59.985808794525845,59.05824248605,59.17299295720165,5091700
1998-01-21,59.32598876953125,59.78499061687772,58.847861845212016,59.49811446228618,4699400
1998-01-22,58.80004119873047,59.28773059556496,58.67572821522364,58.84785388469464,4543400
1998-01-23,58.71399688720703,59.230374058527744,58.14024447462846,59.058248334754175,6350300
1998-01-26,58.67574691772461,59.20168663097018,58.38887071049975,58.98174820543112,4362900
1998-01-27,59.26863861083984,59.67026539716693,58.54188537843846,58.63751080375443,7044200
1998-01-28,59.80411911010742,60.043182585923326,59.478992782997786,59.61286832945469,4268600
1998-01-29,60.12924575805664,60.932499041084114,59.708494038375584,59.88061974188147,8007700
1998-01-30,60.16752243041992,60.56914924893194,59.97627156446182,60.45439872935708,3649100
1998-02-02,61.16202163696289,61.50627316587638,61.04727112732506,61.14289655202325,5756300
1998-02-03,61.62102127075195,61.69752160752508,61.02814366076024,61.200269418499765,2759600
1998-02-04,61.54452133178711,61.90789793380823,61.16201964544909,61.372395572935005,3374000
1998-02-05,61.50623321533203,62.17561075343421,61.21935712757395,62.003485100779365,5076200
1998-02-06,62.19478988647461,62.19478988647461,61.62103721224514,61.81228810365496,5701200
1998-02-09,61.98439025878906,62.27126648646011,61.64013878558382,62.25214140461537,2322200
1998-02-10,62.57730102539063,62.7111766693936,61.92704789737617,62.080048633379576,3660400
1998-02-11,62.51989364624024,62.6346441393199,62.24257995463103,62.48164348188034,4073200
1998-02-12,62.787635803222656,62.99801167706836,61.73575643399413,62.25213357888813,5024700
1998-02-13,62.42427444458008,62.7398383319378,62.34777410825094,62.5390249490738,2101300
1998-02-17,62.73029327392578,63.093669972768645,62.51991729038518,62.92154416805361,3055500
1998-02-18,63.304046630859375,63.33273426528423,62.59641831504614,62.61554340466272,3007400
1998-02-19,62.969356536865234,63.2849205103985,62.883293634992526,63.18929506387327,3387800
1998-02-20,63.43791961669922,63.47616979433968,62.65379097506983,63.13191819557556,3707000
1998-02-23,63.68653106689453,63.80128157332136,63.24665412559165,63.80128157332136,3227800
1998-02-24,63.18929672241211,63.705674147201805,62.99804582434186,63.590923608359645,3386800
1998-02-25,63.97341537475586,64.18379132965042,63.41878785730656,63.49528820454094,3481800
1998-02-26,64.33678436279297,64.39415961638642,63.76303182685842,63.91603250310764,3187600
1998-02-27,64.33678436279297,64.58541046169793,63.973407756701086,64.24115894013721,3442900
1998-03-02,64.202880859375,64.7192579172252,64.03075517342494,64.41325669775841,4252300
1998-03-03,64.56629943847656,64.64279979326149,63.9734216888934,63.9734216888934,3349200
1998-03-04,64.1455307006836,64.50890729081866,63.916029696387774,64.31765645390547,4404100
1998-03-05,63.552677154541016,63.91605388217757,63.131925154119735,63.34230115433037,7268000
1998-03-06,64.83399963378906,64.83399963378906,63.915996099151336,63.99249639370448,6896300
1998-03-09,64.6044921875,65.00611869310612,64.41324147054469,64.58536711580446,3362800
1998-03-10,65.21654510498047,65.38867088384993,64.83404337415948,65.00616915302892,5481900
1998-03-11,65.5225601196289,65.6755608437845,65.35043430495388,65.46518484807056,3439600
1998-03-12,65.79024505615234,65.84762026986411,65.17824277656023,65.54161913006804,3191300
1998-03-13,65.54167175292969,66.09629926411584,65.4077961467813,66.00067383115271,2879400
1998-03-16,66.24930572509766,66.32580607812895,65.80942869516774,66.00067957774597,3223600
1998-03-17,66.4405517578125,66.4405517578125,65.88592423882098,66.28755106291828,4581900
1998-03-18,66.68914794921875,66.68914794921875,66.11539560093182,66.24927114886543,1944100
1998-03-19,66.86131286621094,66.93781322418143,66.4979361658511,66.68918706077733,2554800
1998-03-20,67.43701934814453,67.6288197444703,66.82325807990203,67.24521895181874,3123300
1998-03-23,67.28357696533203,67.70553782429363,67.14931669202606,67.34111708246316,4453100
1998-03-24,67.85891723632812,68.01235741097217,67.47531679971802,67.55203688704005,3333600
1998-03-25,67.60958862304688,68.45350972926363,67.01500784366688,68.37678962869846,4597600
1998-03-26,67.5712661743164,67.9740469264199,67.28356563709961,67.43700592361523,3333500
1998-03-27,67.28357696533203,67.99323840994927,66.89997618445784,67.97405837090557,2611300
1998-03-30,67.24522399902344,67.5712846972503,66.88080321865223,67.28358408116777,3108700
1998-03-31,67.47534942626953,68.2425506704568,67.36026923964144,67.6096096440023,5926500
1998-04-01,68.02194213867188,68.17538230139833,67.14925121316516,67.70547180304857,2929000
1998-04-02,68.76041412353516,68.89467434637052,67.97403281835666,68.08911300935839,3920900
1998-04-03,69.10564422607422,69.23990442856729,68.64532353181228,68.95220399465357,3787600
1998-04-06,68.5494155883789,69.58513703263533,68.5494155883789,69.50841692565336,4550500
1998-04-07,68.08912658691406,68.7028877279792,67.60962569545691,68.58780751402948,5583700
1998-04-08,67.70551300048828,68.30009399284384,67.36027242428183,68.2617339288209,4854800
1998-04-09,68.24256134033203,68.3001014426426,67.83978062415807,67.8589606582616,4481200
1998-04-13,68.05072784423828,68.35760824037915,67.51368715099176,68.35760824037915,4350200
1998-04-14,68.62615966796875,68.62615966796875,68.0699386980495,68.20419893216794,3279100
1998-04-15,68.81794738769531,68.81794738769531,68.22336645987521,68.72204723804691,3867200
1998-04-16,68.01242065429688,68.43438152694057,67.82062025764064,68.31930128894683,7177900
1998-04-17,68.91387939453125,69.00977958851195,67.78225710555898,67.95487745472424,5688800
1998-04-20,68.89466857910156,69.08646888138192,68.66450821636515,68.74122833727728,3688300
1998-04-21,69.2207260131836,69.45088636567964,68.68368519069284,69.00974569006223,4573200
1998-04-22,69.41255950927734,69.6235399333177,69.23993916233523,69.27829923943348,2386100
1998-04-23,68.74121856689453,69.35497944695608,68.58777834687913,69.124819116933,5062000
1998-04-24,68.01242065429688,69.02896275657486,67.72472005931253,68.58782184426555,11039700
1998-04-27,66.72731018066406,67.32189098422847,66.05600927341392,67.13009072501416,14510200
1998-04-28,66.63143157958984,67.39863286432893,66.36291112993116,67.37945283221045,6511400
1998-04-29,67.09172821044922,67.49450874001452,66.55468750436215,66.91910798349267,7703100
1998-04-30,68.33847045898438,68.69330113636053,67.76306936053658,67.85896954361121,8684500
1998-05-01,69.10564422607422,69.10564422607422,68.3192630400434,68.58778344502953,4008800
1998-05-04,68.9330062866211,69.54676705489373,68.8371061665785,69.18234659873185,4537200
1998-05-05,68.45355224609375,68.8371529871758,68.20421176439041,68.74125280190529,5146400
1998-05-06,67.64797973632812,68.81796180718608,67.62879970237964,68.81796180718608,5526100
1998-05-07,67.11092376708984,67.85894492368216,67.11092376708984,67.82058486436972,6940400
1998-05-08,68.20423126220703,68.35767160250447,67.51374973086861,67.51374973086861,7951000
1998-05-11,67.97403717041016,68.87549872430668,67.74387677367062,68.47271803001249,6336300
1998-05-12,68.70284271240234,68.72202273549347,67.72466153475507,68.01236188112192,6045200
1998-05-13,68.8755111694336,69.08649157123358,68.49191043888815,68.77961098679724,4441500
1998-05-14,68.5302505493164,69.16319157034285,68.33845023991447,68.45353042555563,4187500
1998-05-15,68.14665222167969,68.87549342191156,68.01239200058434,68.74123320081621,6716100
1998-05-18,67.87808227539062,68.49184283849108,67.40817184426685,67.95480234577819,4847200
1998-05-19,68.33847045898438,68.54945086174857,67.9932297999157,68.12749005622018,5918700
1998-05-20,68.99054718017578,69.04808725288653,68.05072599256705,68.79874693780665,5716600
1998-05-21,68.5494155883789,69.22071652447103,68.31925526743302,68.97137617677967,6301500
1998-05-22,68.28092193603516,68.77960282657924,68.0891215935182,68.58780248406228,4862200
1998-05-26,67.18766784667969,68.79879091237227,67.01504751821263,68.79879091237227,6899300
1998-05-27,67.28357696533203,67.45619731672541,66.02728440796908,66.6122755988022,10202600
1998-05-28,67.5904541015625,67.74389440599283,66.93833280773357,67.43701379713217,4907600
1998-05-29,66.91909790039062,68.01235917305392,66.91909790039062,67.89727903908937,4772600
1998-06-01,67.22602844238281,67.64798924858322,66.63144730637315,66.8807877827643,6092200
1998-06-02,67.28357696533203,67.72471786333735,66.99587637967639,67.51373743385653,6701100
1998-06-03,66.20943450927734,67.62875610652141,66.20943450927734,67.43695589067762,6445100
1998-06-04,67.43701934814453,67.55209958594,66.324577049455,66.43965728725047,6566300
1998-06-05,68.74121856689453,68.74121856689453,67.43697669676371,67.74385713679449,8463200
1998-06-08,68.66449737548828,69.02891789228556,68.53023718508928,68.70285742988798,4159900
1998-06-09,68.8755111694336,69.00018140686086,68.37683021972452,68.56863058499724,2725300
1998-06-10,68.43438720703125,69.39338926991005,68.28094687697063,68.51110737206155,6186900
1998-06-11,67.1493148803711,68.66453792394417,67.13013484184485,68.39601738457678,8056600
1998-06-12,67.78221130371094,67.78221130371094,66.43960949520506,67.43697083866657,9779000
1998-06-15,65.99850463867188,67.4561873915167,65.97932460245023,66.78488612375922,10234200
1998-06-16,67.01506042480469,67.03424046499497,66.13277857605225,66.53555942004793,7471500
1998-06-17,68.41520690917969,68.6070073210361,67.47538489108331,67.6096451793828,12057700
1998-06-18,68.1082992553711,68.39599975912512,67.97403902028587,68.2425594904563,3844600
1998-06-19,67.76702117919922,68.48856101287895,67.4976463079588,68.38273517060591,3549100
1998-06-22,68.09407806396484,68.38269382292485,67.76698020381016,67.88242650739417,5438300
1998-06-23,68.90225219726562,68.99845752007666,68.3442613249616,68.40198451864822,5004600
1998-06-24,69.82583618164062,69.99900579465654,68.71947476515004,69.05619345712543,8291900
1998-06-25,69.71038055419922,70.46078211136559,69.46024670181042,70.13368399670333,5854800
1998-06-26,69.99900817871094,70.09521352255193,69.65266894088333,69.76811535349253,4833100
1998-06-29,70.24913787841797,70.61471816318651,70.06634773603369,70.34534321651495,5953400
1998-06-30,69.76810455322266,70.30685439533248,69.61417602690555,70.13368480322575,4284800
1998-07-01,70.57624053955078,70.76865122804465,69.9605263363704,70.22990130026182,3489500
1998-07-02,70.7109375,70.73017857142858,70.34535714285715,70.63397321428572,3503900
1998-07-06,71.4228744506836,71.4228744506836,70.53778495048654,70.67247248312522,3144400
1998-07-07,71.28816223144531,71.4998139951554,70.98030512059427,71.41322918272856,4920700
1998-07-08,71.80768585205078,72.00009658584513,71.26893579742661,71.34590009094434,6875000
1998-07-09,71.32664489746094,71.86539484543205,71.19195741046815,71.59601987144649,6942500
1998-07-10,71.71147155761719,72.0000876223782,70.84562336333418,71.44209656384025,7849700
1998-07-13,71.73067474365234,71.9423264126921,71.46129989214721,71.76915686529594,6555100
1998-07-14,72.53881072998047,72.75046243237564,72.0000609420655,72.0000609420655,6983600
1998-07-15,72.40410614013672,72.82740944470302,72.36562402153979,72.69272202961375,4977500
1998-07-16,72.9043960571289,73.0198424483516,72.07703025336629,72.46185155744193,6315600
1998-07-17,73.00061798095703,73.2699929550565,72.84668942432876,73.0391001201141,3539500
1998-07-20,73.00061798095703,73.4143009768955,72.61579658938635,73.11606439842824,2338400
1998-07-21,71.73067474365234,73.26995960939595,71.59598731789978,73.26995960939595,5518600
1998-07-22,71.73067474365234,72.02891118639018,71.1342018581767,71.63446943954337,10417300
1998-07-23,70.30686950683594,71.78843189107961,70.13369987750876,71.61526226175243,15110900
1998-07-24,70.24913787841797,70.86485204223867,69.49873624126148,70.78788777176108,11540500
1998-07-27,70.74939727783203,70.80712047387051,69.47948696498544,69.96051359863945,9600000
1998-07-28,69.55644989013672,70.59546739886905,68.88301261595835,70.46077994403338,13693000
1998-07-29,69.28706359863281,70.26835775123772,69.11389404229077,70.01822394763255,7462400
1998-07-30,70.32611083984375,70.5570036798104,69.82584301991601,69.96053050989656,6821600
1998-07-31,68.8252944946289,70.49926727098695,68.5366784987051,70.40306193901235,7680500
1998-08-03,68.53668212890625,69.21974002210563,68.36351252217965,68.82529814011725,10486500
1998-08-04,65.88143157958984,69.09469065487943,65.88143157958984,69.09469065487943,15091600
1998-08-05,66.7857666015625,67.03590055887172,65.01558782675876,66.4586683496966,21718400
1998-08-06,67.07432556152344,67.4206645919616,66.22771904267461,66.57405807311277,13084400
1998-08-07,67.18978881835938,68.09411873659045,66.7857265144689,67.53612793597979,12083800
1998-08-10,66.80500793457031,67.51692766198364,66.61259719743157,66.9589365242813,6273000
1998-08-11,65.80441284179688,66.1507518567537,64.95780636079131,65.7466896726374,14287100
1998-08-12,66.92044067382812,67.03588709247188,66.18928002241769,66.34320858060937,11158400
1998-08-13,66.1123046875,67.51690254611104,66.1123046875,66.99739374909052,9073900
1998-08-14,65.34268951416016,66.93969871017761,65.1310376930012,66.70880581436786,8628500
1998-08-17,66.72804260253906,67.07438192400552,64.95786384837713,65.26572102301398,11290000
1998-08-18,67.95946502685547,68.09415252832433,66.97817037329669,67.11285787476554,7603900
1998-08-19,67.78628540039062,68.40199960215404,67.49766936831402,68.40199960215404,6258600
1998-08-20,67.38219451904297,67.9786674002795,67.20902497287753,67.53612300452338,7402800
1998-08-21,66.84346008300781,66.93966540840074,64.95783570530638,66.61256730206478,16685400
1998-08-24,67.26679992675781,67.69010358762414,66.6895676619401,67.26679992675781,7201700
1998-08-25,67.42073059082031,68.4982308514042,66.8916009985693,67.95948072111226,9688300
1998-08-26,67.03588104248047,67.4976666753793,66.34320259313222,66.6703007497689,9339700
1998-08-27,63.88031768798828,66.2277269524264,63.70714815208711,65.88138788062406,24887800
1998-08-28,63.6494369506836,65.09251668807816,62.89903548723841,64.63073117211191,23735900
1998-08-31,59.108585357666016,64.04392134211957,58.492870926857,63.88037219643593,22563100
1998-09-01,61.60991287231445,61.917770025955,57.64625201919242,59.14705564319008,24748500
1998-09-02,61.1673583984375,62.64892071258651,60.8210191561689,61.45597443366133,13843200
1998-09-03,60.68632125854492,61.1865889670808,59.57033944719564,60.10908928715736,17311300
1998-09-04,60.1860580444336,61.45596847631743,58.95462974684928,61.22507567052037,17783800
1998-09-08,63.41854095458984,63.41854095458984,61.45595261194173,62.110148726157774,14746500
1998-09-09,61.87929153442383,63.495541686442365,61.8408093879472,63.264648807582574,12109700
1998-09-10,60.64784622192383,61.167355056946654,59.60882855187818,60.60936408599621,19889300
1998-09-11,62.61040878295898,62.61040878295898,59.72424980402726,60.45541007868996,20379800
1998-09-14,63.687931060791016,64.31326573132748,62.8605651890043,63.34159185864774,10686800
1998-09-15,64.07274627685547,64.22667479643951,62.9760055748192,63.34158580883129,8337900
1998-09-16,64.6500015258789,64.80393010094052,63.51477828479948,64.4960729508173,11024900
1998-09-17,62.802860260009766,63.43781564866796,62.668172753324704,62.95678883907842,12945200
1998-09-18,63.08259963989258,63.27568993569879,62.46471069331267,63.256380906118174,7019200
1998-09-21,63.04402160644531,63.89361944738975,61.132426464320325,61.55722538479255,8834600
1998-09-22,63.56528091430664,64.04800631614675,63.12117354461373,63.95146123577874,7270100
1998-09-23,66.11414337158203,66.11414337158203,64.12531254001867,64.1832396516176,13688500
1998-09-24,64.49214172363281,65.9982456321488,63.797016842779286,65.68930124065834,11129500
1998-09-25,64.41490173339844,65.13899010720013,63.41083252172675,63.71977689454881,10247400
1998-09-28,64.99417114257812,65.68929596763243,64.41490045503286,65.07140723425083,8847800
1998-09-29,64.8396987915039,65.45758752328715,63.8742476480926,65.11002511165908,10618100
1998-09-30,62.870208740234375,64.45354937804126,62.63850035421385,63.95151454166346,7908400
1998-10-01,61.055152893066406,62.74469301898144,60.611045202825885,61.80820506347425,13335600
1998-10-02,62.23298263549805,62.32952775283516,60.070372007146894,61.09375025092021,14351800
1998-10-05,60.9779167175293,61.76958694723756,59.52973946806296,61.53787858732295,12807200
1998-10-06,60.919952392578125,62.58052795700339,60.26344577408441,62.25227464775653,12621000
1998-10-07,60.01244354248047,61.80818268323037,59.16284652965256,60.93927664738364,14348500
1998-10-08,59.68422317504883,59.78076834356233,56.980958456670685,58.42913598437326,20625000
1998-10-09,60.88132858276367,61.03580071364287,58.12013924329802,59.935186781128586,12708500
1998-10-12,61.769569396972656,62.67709354878813,61.59578817641224,62.17505891161361,9508500
1998-10-13,61.55715560913086,62.03988110794776,61.01650305045593,61.51853756922551,6256800
1998-10-14,62.13646697998047,62.908828284890106,61.07447018572971,61.13239728359793,8176900
1998-10-15,65.47689819335938,66.26856815087272,61.75025668604049,61.8661108261644,20541100
1998-10-16,65.49620819091797,65.95962475830655,64.87831943439987,65.57344428548274,16573900
1998-10-19,65.72792053222656,65.99824687989141,65.18726783689685,65.30312198589607,7915900
1998-10-20,66.11414337158203,67.22441301056158,65.55418129279235,66.46170604117563,14611600
1998-10-21,65.88240814208984,66.50029708128882,65.41899143769062,66.03688037688958,9178400
1998-10-22,66.86715698242188,67.02162919029348,65.59276126748111,65.97894178716014,8277500
1998-10-23,66.0175552368164,66.73198914841694,65.97893718754071,66.71268012377908,6237200
1998-10-26,66.50027465820312,67.02161827486151,65.97893104154474,66.55820172672072,5838600
1998-10-27,66.11414337158203,67.33061271515962,65.67003551599021,67.00235908276566,10089700
1998-10-28,65.99825286865234,66.4423604801149,65.51552720401914,65.84378065596971,5650600
1998-10-29,67.60089874267578,67.62020776830921,65.88239546129957,66.17203084580117,9625600
1998-10-30,67.96778106689453,68.52774289954793,67.65883660749957,68.04501718174328,9872800
1998-11-02,69.12632751464844,69.12632751464844,68.08363989291911,68.4698204935596,6501400
1998-11-03,68.62425994873047,69.08767644810287,68.43116974065863,68.95251330245259,6866000
1998-11-04,69.3580093383789,69.87935294977541,68.64357550053926,69.4931724968891,8233600
1998-11-05,70.3041763305664,70.40072147795802,68.66290882490912,68.9139262081273,6841500
1998-11-06,70.51657104492188,70.78689743994622,70.01453631130524,70.11108145238536,5224800
1998-11-09,70.0145263671875,70.5937971313948,69.51249170487452,70.40070687665903,6188700
1998-11-10,69.82144927978516,70.4007201532347,69.35803258102551,69.82144927978516,14015200
1998-11-11,69.3580093383789,70.43931460646054,69.13595557796928,70.32346047059464,10922400
1998-11-12,69.28076934814453,69.89865803798305,69.01044304634019,69.39662347748926,5457400
1998-11-13,69.95658874511719,69.95658874511719,69.28077295541829,69.33870002310677,5524600
1998-11-16,70.47794342041016,70.66137916355918,69.75385496061142,70.57448854838333,6023700
1998-11-17,70.47794342041016,71.44339470014181,69.82143655019264,70.22692608767993,9058900
1998-11-18,70.90277099609375,71.0572432640591,70.13040965626702,70.63244452715439,4567700
1998-11-19,71.52063751220703,71.61718264923755,70.82551252558731,71.23100210111548,5249300
1998-11-20,72.06131744384766,72.13855358258705,71.5785915767265,71.89719064902647,5562000
1998-11-23,73.7604751586914,73.91494735797663,72.3895343900351,72.58262463914163,7151300
1998-11-24,73.29707336425781,73.93427131500083,73.19087370580064,73.52878170998255,5323700
1998-11-25,73.29707336425781,73.64463588284491,73.04605598972269,73.49016365236176,4393500
1998-11-27,73.8377456665039,73.97290890386414,73.53845564092053,73.8184366325953,4557900
1998-11-30,71.75238800048828,73.76052803064188,71.75238800048828,73.5384740849999,8705400
1998-12-01,72.67915344238281,72.9301707098512,71.19235885814703,71.75232045480726,8950600
1998-12-02,72.4667739868164,72.85295450366596,71.67510392727485,72.42815593513146,7495500
1998-12-03,71.2696304321289,73.1039883002005,71.11515819060709,72.44748127373276,12145300
1998-12-04,73.14263153076172,73.2198676781015,71.98408932066518,72.06132546800495,10339500
1998-12-07,73.49017333984375,73.81842687289087,72.91090239917236,72.94952046188378,4290000
1998-12-08,73.16191101074219,73.99219925921459,72.60194916874917,73.23914712687916,10102600
1998-12-09,73.29707336425781,73.50947268117216,72.83365667280835,73.33569142187861,5327900
1998-12-10,72.22541809082031,73.43223232171893,72.11921843850124,73.43223232171893,5966600
1998-12-11,72.3702163696289,72.50537952720292,71.40476524410023,71.94541787439628,8198200
1998-12-14,70.28485107421875,71.92611820095188,70.28485107421875,71.77164600078876,9521400
1998-12-15,72.09988403320312,72.13850207499917,70.76756159123981,70.8641066957299,9631500
1998-12-16,72.00333404541016,72.37020541759112,71.52060855569837,72.37020541759112,7260000
1998-12-17,73.15221405029297,73.27772266619027,72.31227177467261,72.42812588165472,6914700
1998-12-18,73.46308135986328,73.85054486914527,73.07561785058131,73.34684230707869,4802400
1998-12-21,74.48986053466797,75.22604121095337,73.77305303407428,73.92803843960804,8580700
1998-12-22,74.8192138671875,75.14855789508553,73.88930131782836,74.64485526418267,5461100
1998-12-23,76.38842010498047,76.38842010498047,74.89668580417309,75.12916387702619,7791000
1998-12-24,76.05907440185547,76.40779150303565,75.94283536812874,76.34967198617228,1507100
1998-12-28,75.86534881591797,76.44654403156596,75.63287072965878,76.40779768385609,4203600
1998-12-29,77.06647491455078,77.17302735598618,75.71035293264566,76.07844318487705,3935800
1998-12-30,76.4465560913086,77.33772222922045,76.27219749910844,76.83401962953114,6810700
1998-12-31,76.4465560913086,76.83401962953114,75.92348031470816,76.4465560913086,6790500
1999-01-04,76.27218627929688,77.62830846358715,75.45851296872272,76.48529119397107,9450400
1999-01-05,77.14398956298828,77.41521403658994,76.21407708206829,76.21407708206829,8031000
1999-01-06,79.0038070678711,79.1975388164436,77.95765562557952,77.99640197529402,7737700
1999-01-07,78.6163558959961,78.86820720862497,77.97704102547667,78.3451314054727,5504900
1999-01-08,79.19754791259766,79.66250416257377,78.09327681890439,79.46877239175039,6224400
1999-01-11,78.44197845458984,79.15878586452313,77.62830517844937,79.15878586452313,7578300
1999-01-12,77.02771759033203,78.248227200038,76.71774689580353,78.248227200038,7768800
1999-01-13,76.4852523803711,77.57014957725579,74.62542861428304,74.64480177851313,10810600
1999-01-14,75.14854431152344,76.81463732796865,74.95481256542516,76.6402787564802,11400700
1999-01-15,77.10523986816406,77.3570911541656,75.6716248555399,75.86535661400264,7817700
1999-01-19,77.60891723632812,77.88014161009461,76.56276608037163,77.67672332976974,6535100
1999-01-20,78.22883605957031,79.31373324117902,77.51202899315028,78.17071656769842,6534400
1999-01-21,76.15593719482422,78.01576165951593,76.00095182276657,77.85108970170468,6937500
1999-01-22,75.98160552978516,76.77590584256465,75.49727607077327,75.71038103273851,7522300
1999-01-25,76.75650787353516,76.87274690615536,75.57474437522986,76.42716394777794,5700300
1999-01-26,78.15135955810547,78.15135955810547,76.64025245708112,76.95022314447073,6047000
1999-01-27,77.24081420898438,78.5000700212703,76.96958988018433,78.34508469052741,7399400
1999-01-28,78.53884887695312,78.71320744624089,77.6089365074184,77.64768285614902,5961700
1999-01-29,79.1394271850586,79.5365773092431,77.74455845621546,78.94569541716372,6456800
1999-02-01,78.67444610595703,79.77871683435879,78.67444610595703,79.77871683435879,9426800
1999-02-02,78.19013214111328,78.86819324739152,77.34739905188177,78.7810139622986,9194500
1999-02-03,78.98443603515625,79.31378001666168,77.89953821372659,77.91891138910925,10290700
1999-02-04,77.80267333984375,79.04255658031934,77.35709030029783,78.96506387778962,7761100
1999-02-05,76.9114990234375,77.89953087487208,76.38842333738388,77.89953087487208,7516100
1999-02-08,77.06647491455078,77.5508041938026,76.46590660827852,77.5508041938026,8528400
1999-02-09,75.3422622680664,77.18271351915057,75.33257568253438,77.1052208348944,8985700
1999-02-10,75.82660675048828,76.25281659936685,75.21635173959396,75.71036770079412,6936700
1999-02-11,77.5701675415039,78.17073577172035,75.94282136930453,76.2915384062044,9181800
1999-02-12,76.64028930664062,77.80267994324285,76.02034763378609,77.37647004315536,10676600
1999-02-16,76.17528533935547,77.88012387187412,76.17528533935547,77.33767524789091,6915500
1999-02-17,76.09783172607422,77.71549184550578,75.78786092474601,76.36905617723639,7858100
1999-02-18,76.69839477539062,77.10523142360563,75.76848243661347,76.36905082207372,9048900
1999-02-19,77.02771759033203,77.95762967391752,76.48526887490716,76.87273224306779,5312200
1999-02-22,79.0812759399414,79.17814178504177,77.04709319283366,77.14395903793402,10695800
1999-02-23,79.04253387451172,79.66247531666474,78.48071194256053,79.10065338471355,7770700
1999-02-24,77.64768981933594,79.87560507113824,77.4927044105149,79.25566343585412,7271000
1999-02-25,76.9114990234375,77.6670527921816,76.0590793869057,77.20209662680061,11633000
1999-02-26,76.60154724121094,77.39584755403078,76.13659096053591,77.33772801894641,9621300
1999-03-01,76.81465911865234,77.06651046002499,75.86537329347858,76.65967367780766,7607200
1999-03-02,76.13658905029297,77.68644328032438,75.82661820428669,77.18274065556417,9651500
1999-03-03,76.54340362548828,76.60152314228819,75.49725232308981,76.31092555828862,7881400
1999-03-04,77.5120620727539,77.79297307001833,76.41747784203395,76.91149373377482,8256400
1999-03-05,79.07161712646484,79.43002087921252,78.4613620880026,79.04255736272856,10703100
1999-03-08,79.5849838256836,79.84652162550023,78.88754969283924,79.52686431461323,4802200
1999-03-09,79.39127349853516,80.55366403292074,79.19754174280422,79.43001984968134,7893400
1999-03-10,80.08872985839844,80.12747622020706,79.2169367177047,79.64314669759942,3950000
1999-03-11,80.97990417480469,81.3286214655096,79.89500593705611,80.39870869029653,6583700
1999-03-12,80.20494842529297,81.2317267505443,80.10808254555228,81.21235357459616,5286500
1999-03-15,81.34796142578125,81.36733460068618,80.28243680601037,80.55366125467931,5394400
1999-03-16,81.03799438476562,81.61918965886149,80.88300897834006,81.28984567020717,4547500
1999-03-17,80.68928527832031,81.1736147217676,80.35994125677614,81.01862929986447,4524100
1999-03-18,81.98723602294922,82.06472868459662,80.43738279000121,80.45675595541306,3506300
1999-03-19,80.59368896484375,82.4191845703125,80.59368896484375,82.22498291015626,5526700
1999-03-22,80.7490463256836,81.15686979197493,80.42861360216898,80.82672698592957,4603800
1999-03-23,78.41860961914062,80.49656683292172,78.1175971255555,80.36062570678651,9713800
1999-03-24,78.8652572631836,79.03032859702675,78.0690308293519,78.82641694933815,6280900
1999-03-25,80.47713470458984,80.47713470458984,79.38960585723052,79.5838074371161,6639600
1999-03-26,79.8945541381836,80.24411708774298,79.37020971384452,79.93339446591241,6159700
1999-03-29,81.50642395019531,81.68120541685049,80.26353352064741,80.26353352064741,5863900
1999-03-30,81.07918548583984,81.54526942635725,80.51600072438131,80.74904269464002,5401400
1999-03-31,79.77806854248047,81.78805639402543,79.73922819752308,81.50646389308436,7413600
1999-04-01,80.38004302978516,80.59366479188412,79.62265678234336,80.59366479188412,7683600
1999-04-05,82.28324127197266,82.39976226504129,80.94324985168328,81.37049349293495,5791100
1999-04-06,82.08902740478516,82.64250203952288,81.50642252611387,82.14728789265229,5381300
1999-04-07,82.74929809570312,82.88523920968339,81.64234902472094,82.45799570860255,6248600
1999-04-08,83.79801177978516,83.85627227464943,82.20555825349491,82.76874303718293,5909100
1999-04-09,83.81739807128906,84.20580121341737,83.02117162992603,83.54551587179925,4365800
1999-04-12,84.71074676513672,84.76900725122003,82.78815072438739,82.94351202060956,8213200
1999-04-13,84.16696166992188,84.80782686030199,83.5843569513945,84.67188575931226,10071400
1999-04-14,82.74929809570312,84.55537289572668,82.45799570860255,84.55537289572668,11551700
1999-04-15,82.43856048583984,83.0017449979928,81.40929223949131,82.92406437562688,11150000
1999-04-16,81.7394790649414,82.59396637281914,81.52585723797196,82.59396637281914,6476200
1999-04-19,80.47713470458984,83.6037801407479,79.77800901700171,82.45799081942289,12487200
1999-04-20,81.48697662353516,81.5258169365111,80.16640598235298,80.67133005104029,9049600
1999-04-21,83.81739807128906,84.28348184184304,81.04031560507165,81.44813890430638,5772200
1999-04-22,84.6136474609375,84.74958859755135,83.51640828683996,83.97278210261504,6897400
1999-04-23,84.4000473022461,84.9826523227402,83.8951229511512,84.4388876369457,4593100
1999-04-26,84.88553619384766,85.02147734080646,84.18641029520238,84.82727570229387,3606500
1999-04-27,85.29336547851562,85.4487267999701,84.41945804533411,85.21568481778837,5147200
1999-04-28,84.12816619873047,85.29337625688463,83.89512418709964,84.78845189835116,5544300
1999-04-29,83.48726654052734,84.55537532390231,83.15712382566599,84.24465276873869,9824300
1999-04-30,82.80757904052734,84.28351149997388,81.72004985988251,83.95336871299241,10991900
1999-05-03,84.32237243652344,84.41947327995564,82.7104984355489,82.92412029109975,10709700
1999-05-04,83.1183090209961,84.40003995449744,82.72990570781387,83.972796309997,10509300
1999-05-05,83.77861785888672,83.9339792271925,81.9337016102557,83.23485306981652,10032300
1999-05-06,83.2639389038086,83.97277476852906,82.26380062892903,83.54553123362906,13507200
1999-05-07,83.89508819580078,83.97276883301912,82.9240802305716,83.58436564692744,8680700
1999-05-10,83.47759246826172,84.34178994757721,82.98237818236183,83.79802524149106,5580100
1999-05-11,84.32237243652344,85.06033884660818,83.7203472072438,84.08933041228616,7000600
1999-05-12,84.98262786865234,85.27393029507597,81.72004069270774,84.36118269228194,13865800
1999-05-13,85.35166931152344,85.75949298741467,85.02152633580197,85.29340878639611,4485700
1999-05-14,83.13775634765625,84.43890787190128,82.96297479962332,83.62326064774767,8370100
1999-05-17,83.39014434814453,83.57463581794131,82.2637753746484,83.04058156326643,6268100
1999-05-18,83.23477935791016,83.88535451154758,82.41913289663339,83.6037622808687,8218600
1999-05-19,83.8368148803711,83.89507534936371,82.80754659483492,83.56493269173889,5052400
1999-05-20,83.33190155029297,84.26406917425336,83.31248139146047,83.97276679176575,4670400
1999-05-21,82.86585235595703,83.70091953460859,82.3997683492678,83.35135652959165,6418200
1999-05-24,81.48697662353516,83.17653023798881,81.03060294606779,83.17653023798881,7952000
1999-05-25,80.16645050048828,82.24440839863563,79.81688748958499,81.64238321319107,15406400
1999-05-26,81.05973815917969,81.40930099743203,79.6032263331283,80.36061248267502,12575900
1999-05-27,79.8945541381836,80.96266315072616,79.54499118862421,80.69078085662441,14515400
1999-05-28,80.91410064697266,81.25395346380262,79.91396235744449,80.16642444994675,8748000
1999-06-01,80.63252258300781,80.88498472018968,79.77803534946919,80.86556455579108,6705300
1999-06-02,80.71021270751953,80.9044143742845,79.55471279026798,80.63253204081354,6981900
1999-06-03,81.15689086914062,81.33167240008638,80.65196644640848,81.21515137945588,6076600
1999-06-04,82.78816986083984,82.87556061016515,81.37049770511821,81.7006405359027,9787200
1999-06-07,83.00181579589844,83.39021923902384,82.59399218061677,82.92413510727336,5299100
1999-06-08,82.18611907958984,83.14741702251038,81.77829570986599,82.88524485625933,4895700
1999-06-09,82.1084213256836,82.71044617457106,81.91421976152635,82.28320273342513,7409700
1999-06-10,81.35110473632812,81.70066785049711,80.5354574699338,81.68124767748772,7040700
1999-06-11,80.6714096069336,82.16676313118344,80.2247455672226,81.54531751071598,12824800
1999-06-14,80.7490463256836,81.25397061728239,80.50629426241495,81.21513028715941,6823500
1999-06-15,81.29278564453125,81.81712993798618,80.8364119076353,81.07916389534591,5700900
1999-06-16,82.8464126586914,83.19597558130192,82.2638077876739,82.2638077876739,7865800
1999-06-17,83.62321472167969,84.24465988449757,82.41916471872007,82.57452600942453,8162800
1999-06-18,83.7198257446289,83.95357118644732,83.13546214008286,83.5639954500833,2875100
1999-06-21,83.91461944580078,84.30419520924461,83.31077701246284,83.81722550493981,4646400
1999-06-22,83.33024597167969,84.26522769366207,83.2133732564319,83.52503383042603,5862400
1999-06-23,82.92118835449219,83.29128527221249,82.35630358534014,82.90170956934901,9629200
1999-06-24,82.29788208007812,82.86276695116031,81.44081537912584,82.8238093738443,9176900
1999-06-25,82.09337615966797,82.91148549617434,81.81093365063602,82.64852178086872,4087000
1999-06-28,83.09651947021484,83.29130737333301,82.59007092210757,82.70694366397848,5028900
1999-06-29,83.87564849853516,84.2652241998753,82.76535774971572,82.90170924518478,6956200
1999-06-30,85.39503479003906,85.70669550095161,83.42767655240358,83.91464641320444,16856100
1999-07-01,86.03781127929688,86.32999311520122,84.81064756849867,85.39501124030734,9939500
1999-07-02,86.89485168457031,86.95328803405557,85.95987009280628,86.09622157493854,3772800
1999-07-06,86.87541961669922,87.73248653668459,86.38844977579843,86.79750444215509,11221100
1999-07-07,86.99232482910156,87.08971883361242,86.3397849988788,86.68066401466682,3230700
1999-07-08,87.0604476928711,87.6545507591274,86.48582341567237,86.68061130624821,7101500
1999-07-09,87.5766372680664,87.63507363635026,86.99227358522788,87.26497663721919,2976800
1999-07-12,87.18708801269531,87.84936705479353,86.95334246842536,87.84936705479353,4436300
1999-07-13,86.87541961669922,87.21629850532976,86.4274073630705,86.87541961669922,6477600
1999-07-14,87.36236572265625,87.40132329934417,86.4858202471781,87.26497178093646,4382500
1999-07-15,87.91754150390625,88.12206885203764,87.45978981999315,87.75197174589513,3348600
1999-07-16,88.3947525024414,88.60901920088277,87.73247361634996,88.04413426862828,2281500
1999-07-19,87.81035614013672,88.66742261532882,87.61556830486579,88.62846504827463,4287000
1999-07-20,86.00859069824219,87.51819680833476,85.726148264741,87.34288771167886,7060100
1999-07-21,85.91119384765625,86.58321202875683,85.58979384799945,86.07676354444915,4793700
1999-07-22,84.78141784667969,86.01832078367318,84.44053908451613,85.66770262830494,7804100
1999-07-23,84.61587524414062,85.39502694988778,84.22629939126705,85.18076023080731,4603000
1999-07-26,83.99252319335938,84.84958975655692,83.91460805125051,84.07043833546825,4333400
1999-07-27,84.69378662109375,85.52163527136894,84.38212595275486,84.77170178817848,5908500
1999-07-28,84.96649932861328,85.58982073588417,84.51848706713733,84.92754174065885,3955500
1999-07-29,83.77830505371094,84.3042325674171,83.09654716557333,84.10944459937778,7760600
1999-07-30,82.74593353271484,84.36267375946045,82.62906074523926,84.03153419494629,5994300
1999-08-02,82.9406509399414,83.99250513222812,82.59003287584584,82.74586312655498,6065500
1999-08-03,82.55110168457031,83.42764712482649,81.88882290748788,83.3497319745815,5445400
1999-08-04,81.42134857177734,83.4471428903096,81.30447582263125,82.7264276039087,6497900
1999-08-05,82.16155242919922,82.23946760457068,80.31106701412716,81.57718861391331,10322000
1999-08-06,81.26549530029297,82.27839217364274,80.72008929156617,81.79142252299381,7537700
1999-08-09,81.0901870727539,82.15178092225308,80.87592042423113,81.40184765242338,5565900
1999-08-10,80.1942138671875,81.12919620034879,79.16183754098859,80.95388701288104,9793300
1999-08-11,81.1681137084961,81.3629015983653,80.17469547016317,80.83697429571845,8003400
1999-08-12,81.11940002441406,82.16151502052551,80.97330913710871,81.46027876145986,7036800
1999-08-13,82.99910736083984,83.0575437189911,81.73298626756254,82.04464684436925,5857700
1999-08-16,83.36921691894531,83.5055684419436,82.43423504695714,82.97964113895024,3927000
1999-08-17,83.91461944580078,84.05097096300612,82.97963761353559,83.79774671676763,4808000
1999-08-18,83.31077575683594,83.75878787804409,83.05755151441394,83.6516545447117,4355500
1999-08-19,82.62903594970703,83.0478299791551,82.08362977182117,82.51216319730291,6448100
1999-08-20,83.46663665771484,83.60298822284997,82.70696365196201,82.94070919219365,3663700
1999-08-23,85.06389617919922,85.1125931657914,83.93412609026092,84.03152006344526,5637800
1999-08-24,85.37556457519531,85.99888605965943,84.38214595933061,84.8106794798997,9279500
1999-08-25,86.25206756591797,86.50529179318919,84.86907370928289,85.51187367081751,6005300
1999-08-26,85.21971130371094,86.28130542166573,85.083359765625,86.19365086146763,4322300
1999-08-27,84.18733215332031,85.43397473957957,84.18733215332031,85.31710199711776,6247400
1999-08-30,82.62903594970703,84.4600424040381,82.27841769249468,84.36264844370135,4652000
1999-08-31,82.31737518310547,83.36922995354742,81.57718108538705,82.86278136037167,11453700
1999-09-01,83.33024597167969,83.35946415049165,82.47317939319585,82.8627551106885,6863900
1999-09-02,82.3465576171875,82.6971757217669,81.44079418035741,82.35629700898137,10896300
1999-09-03,84.752197265625,85.08333662520111,83.95356704547088,84.07043976061539,9160800
1999-09-07,84.4405288696289,85.16124387958882,84.28469859720514,84.81062576663535,4560800
1999-09-08,84.03153991699219,84.81069188655168,83.5445699360175,84.05101871623117,6159600
1999-09-09,83.99252319335938,84.30418376179485,83.33024448543401,83.99252319335938,6177800
1999-09-10,84.69378662109375,84.99570789354705,84.10942286795833,84.92753212234791,2934500
1999-09-13,84.11912536621094,84.44052528945801,83.83668300941805,84.22625867395996,2320500
1999-09-14,83.56400299072266,83.87566360793747,83.13546964205229,83.56400299072266,3736000
1999-09-15,82.23947143554688,84.42109644757466,82.20051384604638,84.42109644757466,6984500
1999-09-16,82.56083679199219,82.7848428373167,81.22653991332015,82.59005497181712,15377600
1999-09-17,83.60404968261719,83.72125162142459,82.60783320275422,82.90083804977274,8542300
1999-09-20,83.48683166503906,83.76030280292174,83.1938268744505,83.72123549750992,2803900
1999-09-21,81.72875213623047,82.80310236746676,81.35761296543974,82.66636688349124,9335200
1999-09-22,81.64086151123047,82.4124404153323,81.10368632483046,82.04130119563774,13009100
1999-09-23,79.93167877197266,82.39291814764923,79.77540960526304,82.39291814764923,12204100
1999-09-24,79.85355377197266,80.24422673563201,78.95500595555613,79.85355377197266,13792900
1999-09-27,80.38097381591797,81.10371890247666,80.18563730603725,80.47864207085834,6970300
1999-09-28,80.22471618652344,80.51772099363272,78.48622099767498,79.97077868702871,11063400
1999-09-29,79.26753997802734,80.71302986427033,79.22847268380457,80.28328962781971,7580300
1999-09-30,80.47862243652344,80.9083626534175,79.36520460184337,79.65820929518024,7498900
1999-10-01,80.30282592773438,80.36142687100444,79.15034071008992,79.97075391587072,11127100
1999-10-04,81.72875213623047,81.8068866985022,80.47859913988277,80.75207010783383,6341600
1999-10-05,81.65065002441406,82.49059690265564,80.4395638278797,81.70925096940766,11976000
1999-10-06,82.90080261230469,83.01800450101199,81.6897164289958,81.72878372523157,10308200
1999-10-07,82.43199157714844,83.13520287970232,82.19758780963048,83.04730146688308,6535600
1999-10-08,83.68216705322266,83.68216705322266,82.03157342203748,82.35387868729849,9674300
1999-10-11,83.54540252685547,83.83840721189236,83.33053242449506,83.50633523551721,4282000
1999-10-12,82.25619506835938,83.33054575198791,82.00225763404718,83.21334385922843,8686100
1999-10-13,80.12699127197266,82.08035527177697,80.12699127197266,81.6896824718161,10469300
1999-10-14,80.10750579833984,80.75211630586124,79.22849146990158,80.31260914164211,10562200
1999-10-15,78.05646514892578,79.2284841451559,77.82206134967976,78.75967654666385,14238700
1999-10-18,78.62296295166016,78.72063122861874,77.15793879728139,78.0955542560838,9758800
1999-10-19,79.38471221923828,80.16605781194733,78.7205684654356,79.50191405814464,14392900
1999-10-20,80.16612243652344,80.92793500353719,79.46291083620305,79.85358394749215,9759400
1999-10-21,80.63493347167969,80.63493347167969,79.15037558799567,79.52151505891668,9105400
1999-10-22,81.31857299804688,82.02178429469105,80.98650099685379,81.10370287962782,8309600
1999-10-25,80.90833282470703,81.55294291239784,80.47859276624649,80.83019826862329,8114300
1999-10-26,79.89262390136719,81.68971959792606,79.89262390136719,81.37718121591581,6256300
1999-10-27,81.338134765625,81.45533668891841,80.16611553269092,80.24425014821986,5433300
1999-10-28,84.1119384765625,84.29750824328971,82.62738034274487,82.78364961998882,10509700
1999-10-29,85.63554382324219,86.06528423476394,84.83466396540621,84.91279858568289,10988600
1999-11-01,84.73699951171875,85.63554768542531,84.73699951171875,85.32300919022303,4006500
1999-11-02,84.13143157958984,85.79179184990912,84.13143157958983,84.99091219010805,6516900
1999-11-03,84.69792175292969,85.24486405207222,84.46351791044002,85.01046020958256,7222300
1999-11-04,85.34251403808594,85.86015574603039,84.86393962885428,85.4792495835807,7907500
1999-11-05,86.18250274658203,86.95408227026516,85.49882468762229,86.65131055844013,7431500
1999-11-08,86.26058959960938,86.49499337569527,85.47924367932306,85.63551286338033,4649200
1999-11-09,85.44992065429688,86.69030697537308,85.18621647580036,86.57310511826351,4533700
1999-11-10,86.08478546142578,86.50475888720764,85.05926895660961,85.16670401901894,6405600
1999-11-11,86.57311248779297,86.57311248779297,85.92850221881798,86.37777604264903,4794100
1999-11-12,87.3544921875,87.5009945782438,85.7136654111695,87.04195375391325,11802900
1999-11-15,87.55960083007812,87.66703592312116,87.13962728454624,87.41309843047397,2187500
1999-11-16,88.2921142578125,89.38599885923672,87.56936907472864,87.86237387868155,7544800
1999-11-17,88.52650451660156,89.34691784177748,88.3311680106073,88.9171775285901,9459000
1999-11-18,89.15158081054688,89.38598461635901,88.52650399504786,89.03437890764081,4491000
1999-11-19,89.07347869873047,89.36648356287103,88.76094017698054,89.01487772590235,4832100
1999-11-22,89.0539321899414,89.3860043213801,88.44838889143556,89.0343985351509,4155400
1999-11-23,88.27253723144531,89.28828671939291,87.74512884347253,89.28828671939291,5918000
1999-11-24,88.74137878417969,89.03438355674467,87.51075873940678,87.97956637551074,4459700
1999-11-26,88.40933227539062,89.3078805044379,88.29213033247142,89.05394296144628,1693900
1999-11-29,88.09677124023438,88.71208128326484,87.78423280567922,88.05770393591499,7348600
1999-11-30,87.06149291992188,88.9562572935437,86.88569003989511,87.97957462672832,7682000
1999-12-01,87.76470947265625,87.82331043602548,86.88569502211773,87.08103156668184,6980200
1999-12-02,88.2921142578125,88.37024887219995,87.7451719571004,87.90144118587529,6698300
1999-12-03,89.91340637207031,90.85102173289138,89.4055313849589,89.4055313849589,10045400
1999-12-06,89.24922943115234,89.83523881678039,88.91715744596311,89.71803693965478,3138900
1999-12-07,88.52650451660156,89.5813216489706,88.37023531180616,89.56178799837117,10714200
1999-12-08,87.96002197265625,88.79996888467585,87.82328642883911,88.35069495499094,4611400
1999-12-09,88.3897705078125,88.89764543227727,87.12008319665054,88.64370797004489,6474700
1999-12-10,88.68280029296875,89.26880998653462,88.05772328649849,88.93673782684729,5127300
1999-12-13,88.83903503417969,89.21017436259865,88.31162651484749,88.40929475916828,4210800
1999-12-14,87.97952270507812,89.06363982544487,87.90138813784448,88.5264646757136,5739000
1999-12-15,88.44837188720703,88.88787903549814,87.5302902885545,87.74516044994125,6879100
1999-12-16,88.83903503417969,89.17110706487034,88.23349191939087,88.87810233190801,5854900
1999-12-17,89.4095458984375,89.80117772453664,89.01791407233834,89.60536181148707,4775400
1999-12-20,88.76335906982422,89.72285710521389,88.4108904037627,89.33122525403444,4608700
1999-12-21,90.11449432373048,90.27114707353267,88.56754841943349,88.72420116923571,7981300
1999-12-22,90.3495101928711,90.3495101928711,89.58582772700157,89.99704136246977,5377500
1999-12-23,91.78876495361328,91.78876495361328,90.85863880208332,90.8684296036784,5721700
1999-12-27,91.66150665283205,91.97481237948132,90.8978239441244,91.7985779082411,2691000
1999-12-28,91.60269165039062,91.79850757952784,91.16210580983189,91.4068757212534,4084500
1999-12-29,91.99435424804688,91.99435424804688,91.05443747412048,91.68104865673808,3001000
1999-12-30,91.88664245605467,92.46429955833568,91.60270930408603,92.1901572047108,3641300
1999-12-31,92.03351593017578,92.42514791285738,91.64188394749418,92.0139343310417,3172700
2000-01-03,91.13269805908205,92.89504073749144,90.15361879329902,92.89504073749144,8164300
2000-01-04,87.56890869140625,90.27116929055964,87.50037309650018,89.93828211530163,8089800
2000-01-05,87.72554779052734,88.68504596948624,86.00236738749913,87.68638459954943,12177900
2000-01-06,86.31568145751953,88.66547314874057,86.31568145751953,87.49057730313005,6227200
2000-01-07,91.32857513427734,91.32857513427734,87.76472421780254,87.92137700533989,8066500
2000-01-10,91.64187622070312,92.0530897678473,90.87819391886391,91.64187622070312,5741700
2000-01-11,90.54530334472656,91.54396477867576,89.9186922489153,91.36773040797884,7503700
2000-01-12,89.64453125,90.60402929090212,89.52704169397117,90.60402929090212,6907700
2000-01-13,90.8586196899414,91.328578067648,89.78163174103047,90.52573250573258,5158300
2000-01-14,92.09225463867188,92.4055602041022,91.46564350781128,91.81811226892036,7437300
2000-01-18,91.36772918701172,91.87685069555486,90.97609725736316,91.07400523977527,6488500
2000-01-19,92.11180877685548,92.11180877685548,90.858586888735,91.05440280875382,6157900
2000-01-20,90.70193481445312,92.09222785672992,90.11448705011082,92.09222785672992,5800100
2000-01-21,90.50616455078124,91.17193901956674,90.271185326504,91.17193901956674,6244800
2000-01-24,87.94092559814453,91.38728563049222,87.35347786535799,91.2697960839349,7896900
2000-01-25,88.93961334228516,88.93961334228514,87.09894322908066,88.04865068110638,9942500
2000-01-26,88.23471069335938,88.6948784033669,87.78433378569243,88.3522003214464,5158100
2000-01-27,87.88219451904297,89.11583495012579,86.55064611723928,88.88085582039572,10922700
2000-01-28,85.14079284667969,87.76472712484322,84.92539525668118,87.37309514302777,11916200
2000-01-31,87.4514389038086,87.51997451423478,84.59252486888785,85.1016465463395,10768700
2000-02-01,88.31298065185547,88.78293886375005,86.80519805536038,87.56888014968905,8419900
2000-02-02,88.3913345336914,89.13543526747083,87.96053937202964,88.52840572149287,6205900
2000-02-03,89.72286224365234,89.76202543101317,87.72553968825022,88.27382431130178,7997500
2000-02-04,89.35079956054688,90.23197115384616,89.05707569611378,89.7228497888288,4925400
2000-02-07,89.21376037597656,89.46832114965692,88.62631243671422,89.33124996382904,5845800
2000-02-08,90.4278335571289,90.58448636536993,89.9970383344661,90.2124359457975,4936400
2000-02-09,88.52836608886719,90.52568821695046,88.51857529412169,90.52568821695046,8511500
2000-02-10,88.70464324951172,89.33125441595418,88.27384807258251,88.74380644741437,6690600
2000-02-11,86.90312957763672,88.93961571465209,86.49191603073939,88.88087092223819,9849800
2000-02-14,87.41224670410156,87.5884810724566,86.6681460377136,87.5884810724566,8528800
2000-02-15,88.40108489990234,88.48920205175737,86.34501802328484,87.25556192578688,11078300
2000-02-16,87.09898376464844,88.3130433405046,86.97170332524416,87.96057443138507,8845400
2000-02-17,86.64859771728516,87.99972839355469,86.60943450927734,87.99972839355469,7584200
2000-02-18,84.78829193115234,87.02059338153373,84.35749691441208,87.02059338153373,9409200
2000-02-22,84.57291412353516,85.43450435771797,83.67216069688949,84.70998529715514,16415400
2000-02-23,85.57158660888672,86.13945297311045,84.27920109030856,84.98413864589665,12119000
2000-02-24,83.84839630126953,85.86530074289279,83.39801958129542,85.64990318116602,17375000
2000-02-25,83.54491424560547,85.66951829943136,83.41763381841774,84.71001969447774,10559900
2000-02-28,85.29747009277344,85.64993897745431,83.16307517998365,83.574288878778,13397800
2000-02-29,86.119873046875,86.11987304687499,85.06246669295702,85.2582826844233,8242500
2000-03-01,86.7464599609375,87.09892864700903,85.98277780778253,86.23733852550085,6868000
2000-03-02,86.80525970458984,87.1773102199039,86.06115867396173,86.90316773493565,7600200
2000-03-03,88.43048095703125,88.8025312533518,87.54930920258785,87.99968587708115,12770300
2000-03-06,87.56890869140625,88.56757021718033,86.94229753797937,88.23468304192231,11967100
2000-03-07,85.87508392333984,87.82345260430492,84.72956062850109,87.72554463038708,20062000
2000-03-08,85.76739501953125,86.37442452766035,84.61208079438231,85.51283425805775,11808500
2000-03-09,88.27381896972656,88.27381896972656,85.29741691041013,86.00235424024824,5500900
2000-03-10,87.8038330078125,88.97872818632916,87.43178286794888,87.84299618042972,7924600
2000-03-13,86.84436798095703,88.01926360189444,85.02327976850404,85.64989076633732,10540500
2000-03-14,85.61072540283203,87.78428224631656,85.31700150506386,87.27516082351839,8263900
2000-03-15,87.60803985595703,87.99967168365464,85.25824888977132,85.76737026577823,10300800
2000-03-16,91.70057678222656,92.01388219083547,88.27379887556638,88.74375698847977,25601400
2000-03-17,92.306640625,92.97410676307952,91.3643354888877,91.59991177291576,10272900
2000-03-20,91.83553314208984,92.56189370777118,90.9521216432882,92.26742320817064,12502300
2000-03-21,93.72012329101562,94.07348781117446,90.77541895635866,91.4232539099832,13612600
2000-03-22,94.28941345214844,94.76056604903611,93.40600233298402,93.95568036268632,8260000
2000-03-23,95.89923095703124,96.4096465158609,93.70051778053433,93.70051778053433,11654500
2000-03-24,96.4684829711914,97.84267788531096,95.3102329721478,96.03659314103956,11462900
2000-03-27,95.44766998291016,96.60592019454975,95.3691445448329,96.35071252079864,8798600
2000-03-28,94.89801788330078,96.10534682409993,94.60354740993512,95.01580607264704,6334400
2000-03-29,94.99617004394533,95.7912402829988,94.014601847583,95.21211504714502,6747500
2000-03-30,93.40599060058594,95.43783591945116,92.42442281369452,94.32866432026384,9491900
2000-03-31,94.4660873413086,95.6832314425474,93.24894324006978,93.99493478599034,9249100
2000-04-03,95.015869140625,95.015869140625,93.40609615105244,94.3091395354468,8508200
2000-04-04,94.30907440185548,96.11515992328984,88.8221080622804,95.32990534875316,19585500
2000-04-05,93.72012329101562,94.74095412703004,92.7385551794633,92.89560607731168,8387200
2000-04-06,94.53484344482422,95.29065103959648,93.60235355517015,94.38760819908936,6378500
2000-04-07,95.1335906982422,95.5654807096663,94.54464977357291,95.21211615486474,6023600
2000-04-10,94.76057434082033,96.18384793512516,94.42684122215572,95.32988377854224,9624200
2000-04-11,94.48577117919922,95.25139450685114,93.20973229977932,94.23056340331524,9006400
2000-04-12,91.89442443847656,94.95691754089108,91.81589897431208,94.46613338986312,10779200
2000-04-13,90.61842346191406,93.07234524110368,90.32395284841132,92.6404550079663,12225800
2000-04-14,85.43569946289062,89.71533698194168,83.86519028158749,89.59754879334395,29604000
2000-04-17,88.41963958740234,88.41963958740234,84.61115599949025,84.9252577386995,23918200
2000-04-18,90.75577545166016,90.75577545166014,87.81107151098331,88.30185550109611,11069200
2000-04-19,89.91166687011719,91.16807444210136,89.53867087218438,90.7754470758563,6553700
2000-04-20,90.3435516357422,90.42207710435213,89.44050874672782,90.1865006985223,8537600
2000-04-24,89.3619613647461,90.02942768425432,88.2626050737914,88.89080866862265,12893100
2000-04-25,93.07230377197266,93.07230377197266,90.7361712790672,90.8539594719868,14102000
2000-04-26,92.02205657958984,93.4453310546875,91.7177703125,92.95454675292967,7711100
2000-04-27,91.71773529052734,92.56188396721669,89.83312429140692,89.83312429140692,15595300
2000-04-28,91.14842224121094,92.88579793975651,91.12879087738555,92.34593543455874,8743400
2000-05-01,92.38520050048828,93.27842757715048,91.6195772919207,92.07109867133236,7328300
2000-05-02,90.53983306884766,92.42444364443512,90.53983306884766,91.40361291599191,9411900
2000-05-03,88.41963958740234,90.46130089226244,87.81106746768444,90.46130089226244,12630700
2000-05-04,89.08711242675781,89.43066122963755,88.41964618116289,89.20490058774514,5963600
2000-05-05,90.16686248779295,90.46133297273025,88.53745913780672,88.61598460045666,7862400
2000-05-08,89.48954010009766,90.06866512652145,89.10672864195311,89.67603798996295,5064100
2000-05-09,88.77300262451172,90.08830363641846,88.11535211855835,89.87235869416511,5620300
2000-05-10,86.7706298828125,88.55708402745863,86.53505351208993,88.26261356405543,10293900
2000-05-11,88.75338745117188,88.89080698493835,87.39882347547383,88.02702705840626,7091100
2000-05-12,89.71531677246094,90.12757533968669,88.96932507938577,89.08711324145027,5960800
2000-05-15,91.2662353515625,91.47236472802872,89.20494158690042,89.6760944473946,4441300
2000-05-16,92.1496124267578,92.79744736712487,91.2858325062684,92.0710869794406,8192200
2000-05-17,91.18768310546876,91.83551809846776,90.75579311013604,91.52141628368037,5907200
2000-05-18,90.0687484741211,91.91409772359088,90.0687484741211,91.48220747371496,4325600
2000-05-19,88.65525817871094,89.98037552305615,88.20373671323036,89.55830110967213,6518400
2000-05-22,87.9877700805664,88.87118142675683,86.06389648219614,88.73376188401609,10839400
2000-05-23,86.69210815429688,88.45893101070237,86.41726904330046,88.22335462984832,7979200
2000-05-24,88.10554504394531,88.38038408820005,85.7497818074762,86.69208710206384,11081500
2000-05-25,86.5939712524414,89.08715519011088,86.51544577408961,88.38042588494473,8278900
2000-05-26,86.69210815429688,87.75220186814018,86.27003380526666,87.20252364614736,4814000
2000-05-30,89.5190200805664,89.793859177305,87.6147777674491,87.94851095634594,5362700
2000-05-31,89.71531677246094,90.4613084655361,89.26379548454702,89.55826588970827,6056500
2000-06-01,91.28585052490234,91.36437598771946,89.83312946278562,90.26501950827978,8961600
2000-06-02,92.87602996826172,93.66128492466216,92.6502691682966,93.5631280551121,8962200
2000-06-05,92.4245147705078,93.11161290495296,92.26746376834892,92.6404598984763,6998100
2000-06-06,92.01221466064452,92.83673205252572,91.65885006412404,92.11037149301134,4858900
2000-06-07,92.6502456665039,92.97416325385367,91.71775564231513,92.11038302092092,4919500
2000-06-08,92.28705596923828,92.81710287652812,91.75700906194848,92.66005194103482,5723100
2000-06-09,92.09075927734376,92.95453958179976,91.48218679011336,92.66006902346248,3085300
2000-06-12,91.01097106933594,92.32627198858648,91.01097106933594,92.32627198858648,3678900
2000-06-13,92.71894073486328,92.81709756392834,90.853960982627,90.97174917750506,6558700
2000-06-14,92.87602996826172,93.52386530729208,92.46377111615148,93.13123782909186,6420500
2000-06-15,93.07230377197266,93.44529971621807,92.24778642153544,93.05267240648608,5881200
2000-06-16,92.30756378173828,93.38983110384348,91.85497926522154,93.38983110384348,5567900
2000-06-19,93.48819732666016,93.92110415494612,92.0910889262828,92.22883200801014,5106900
2000-06-20,93.15367889404295,93.74400639020294,92.563351397883,93.31109955968564,6480000
2000-06-21,93.11434173583984,93.46853830203705,92.49449774499476,92.5240141255112,3115000
2000-06-22,91.69752502441406,92.99624533591864,91.30397341486722,92.91753501400926,7490500
2000-06-23,90.91043853759766,92.0123832471443,90.5955971920129,91.81560740615384,4863300
2000-06-26,92.0812530517578,92.09109184362146,91.2252781596216,91.54011949925793,5201300
2000-06-27,91.40237426757812,92.38625343084593,91.313825142884,91.92383022411003,4159500
2000-06-28,91.65818786621094,92.55351795378344,91.50076719147292,91.69754303489545,5347700
2000-06-29,90.79236602783205,91.77624515687224,90.36929800234472,91.14656251428652,6345700
2000-06-30,91.48108673095705,91.67786256819292,90.6054342552574,90.63495063084278,7420200
2000-07-03,92.74046325683594,92.8388511873015,91.42206498859746,91.57948567734236,1436600
2000-07-05,91.06784057617188,92.3468832808934,90.91041993559077,92.16978506023963,2748200
2000-07-06,91.77622985839844,92.2288141823142,90.81202847266484,91.2646127965806,5963200
2000-07-07,93.25204467773438,93.6849514055061,92.0910675441648,92.36655364365588,3034800
2000-07-10,93.09465026855467,93.7636881271746,92.89787442778412,93.11432785263176,2816100
2000-07-11,93.2913818359375,93.90138665283564,92.66169944430072,92.85847519168722,5431600
2000-07-12,93.9014663696289,94.53114929582928,93.62598008941625,93.99985432684772,5883000
2000-07-13,94.3147201538086,94.68859448782118,93.940845819796,94.44262453123396,5356000
2000-07-14,95.23955535888672,95.23955535888672,94.24583685772478,94.72793791274394,5341900
2000-07-17,95.08211517333984,95.70195926025214,94.88533927273276,95.0722763783095,4208300
2000-07-18,94.30484008789062,94.84597375558326,94.03919265102331,94.84597375558326,4262100
2000-07-19,93.54721069335938,94.39334659151132,93.35043490309148,94.11786048513628,8506800
2000-07-20,94.84595489501952,94.84595489501952,93.7046550228388,93.8227205268575,4538900
2000-07-21,92.9962158203125,94.29493571962284,92.9962158203125,94.29493571962284,5656900
2000-07-24,92.46497344970705,93.73417770327292,92.2878751817676,93.27175444809777,5628500
2000-07-25,92.76016998291016,93.09468905157996,92.42565091424036,93.03565627475588,4757100
2000-07-26,91.85490417480467,92.66168460993045,91.70732238789144,92.54361918039984,12062500
2000-07-27,91.54012298583984,92.32722636490983,91.10721612735136,91.89431950642134,7652600
2000-07-28,89.47398376464844,91.8746492626223,89.10994842274258,91.7565837463285,6229500
2000-07-31,90.04464721679688,90.75304042042552,89.45431954710634,90.0052920388175,5265500
2000-08-01,90.59559631347656,91.12689107899868,90.12333429967912,90.43817564221077,3946600
2000-08-02,91.04815673828124,91.559773785006,90.43815179795564,90.59557242771707,7439800
2000-08-03,91.67784118652344,91.81558424046328,89.8084711687686,89.9658918018427,4607100
2000-08-04,92.1697998046875,92.38625322011268,91.55979472485288,92.13044463824656,3686600
2000-08-07,93.27176666259766,93.46854254163266,92.16982174000157,92.38627520694008,4159800
2000-08-08,93.62590789794922,93.70461820303368,92.87815999964698,92.87815999964698,3658700
2000-08-09,92.83883666992188,93.96045890183912,92.7994815038897,93.91126494429888,5383800
2000-08-10,92.3862762451172,93.10450821166602,92.11079001137242,92.89789353635744,4193400
2000-08-11,92.81918334960938,93.1930575246449,91.65820564818328,92.32724364561524,5089400
2000-08-14,93.99984741210938,94.17694572207569,92.60273852237528,93.05532309228914,2966700
2000-08-15,93.9211196899414,94.3343490034735,93.54724554912664,94.03918520809344,5564600
2000-08-16,93.5866241455078,94.41308297942524,93.09468436341407,94.01953115375028,5191600
2000-08-17,94.5704574584961,94.727878111777,93.40948014054952,93.62593353881074,5652200
2000-08-18,94.25565338134766,94.68856034886116,93.9604895398612,94.68856034886116,4626400
2000-08-21,94.76724243164062,94.90498551657032,94.07852700699206,94.47207867821982,2380600
2000-08-22,94.60982513427734,95.2788629992036,94.51143721296468,94.80660097690271,3075300
2000-08-23,94.98370361328124,95.25918980565454,93.99982435480516,94.33434330268705,5483200
2000-08-24,95.2788314819336,95.39689694845396,94.76721446034534,95.1804435931666,4529000
2000-08-25,95.23955535888672,95.4756864878757,95.04277941806258,95.18052257663948,2822200
2000-08-28,95.56419372558594,96.2824255944182,95.23951356570286,95.23951356570286,5518700
2000-08-29,95.58384704589844,95.6330409970286,95.02303600301462,95.35755487069972,3561900
2000-08-30,94.66885375976562,95.39692434573765,94.66885375976562,95.27885884530974,3964800
2000-08-31,95.92822265625,96.40048467548078,95.0230537860577,95.12144170673078,4863100
2000-09-01,96.0265884399414,96.71530372588362,95.71174716636784,96.49885035030178,3191200
2000-09-05,95.25921630859376,95.83970523259778,94.96405244893069,95.63309053083364,3470800
2000-09-06,94.17691040039062,95.68224547051804,94.15723281777456,95.20014469642494,4322200
2000-09-07,94.98370361328124,95.13128550205266,94.3441820952718,94.60982949506034,4265500
2000-09-08,94.33433532714844,94.7672421642776,94.02933278280744,94.6294990797365,3518200
2000-09-11,94.19657135009766,95.20012788631136,93.62592155499576,94.29495924580488,3937500
2000-09-12,93.50789642333984,94.6098413306856,93.4685412480775,94.29499992858682,4769100
2000-09-13,93.7538604736328,94.03918547664836,92.97659581024556,93.1930492608091,7691600
2000-09-14,94.2261199951172,94.41305706099452,93.2914346657305,94.37370188923089,3397100
2000-09-15,92.16465759277344,93.585003343347,92.16465759277344,93.54554929471996,4085700
2000-09-18,91.3163604736328,92.7761597121398,91.0303187309524,92.40134639414477,5109300
2000-09-19,92.1449203491211,92.36191759250374,91.34597595303046,91.61229075172734,6588200
2000-09-20,91.46434020996094,92.184376534271,90.36949045655798,91.9673792858488,6508100
2000-09-21,90.07359313964844,91.88847937899308,90.03413909096703,91.19803352706847,5972300
2000-09-22,91.71094512939452,91.73067215566456,89.9059222256863,90.03414789644152,7791300
2000-09-25,91.05995178222656,92.2041192872892,90.72459234108752,92.1252111834918,9726300
2000-09-26,89.89604187011719,91.53338474376643,89.89604187011719,91.1388442922847,5302400
2000-09-27,90.3694839477539,90.8823864979922,89.71849224937453,90.62593522287304,7186200
2000-09-28,91.53340911865234,92.3718078013124,90.20183474030988,90.3892415046692,7036400
2000-09-29,90.66539001464844,92.1449166141042,90.66539001464844,91.82928427288697,9333600
2000-10-02,90.80348205566406,91.47420080211042,90.35962406169222,91.07966036302432,5517800
2000-10-03,89.95525360107422,92.00686464811626,89.81716439598485,91.2375105054755,9347200
2000-10-04,90.7048568725586,91.05994330659644,89.48178137753932,90.19195424561502,6148900
2000-10-05,91.0204620361328,91.43472941861197,90.4681055261606,90.52728658080048,4566900
2000-10-06,89.04778289794922,91.30652705874124,88.21924792193818,90.82321498940146,10014900
2000-10-09,88.37708282470703,89.20561797618865,87.98254227638245,89.20561797618865,4508000
2000-10-10,86.91726684570312,89.16614755846076,86.91726684570312,88.43624767800434,6104700
2000-10-11,86.1873550415039,87.50906545298955,85.29963909349117,86.87780077884715,10346000
2000-10-12,84.03713989257812,86.85810491714119,83.82014258299635,86.66083463570322,12336900
2000-10-13,86.83837127685547,86.89755235678062,83.87931728059733,83.91877133388077,11778800
2000-10-16,87.23287200927734,87.2624625357391,86.28597516250093,86.73969656824796,5659000
2000-10-17,85.06291198730469,87.46960847674141,84.84591476284727,87.39070039512053,7831700
2000-10-18,84.74726867675781,85.93088974766225,82.16302933861645,83.72146374864063,10897300
2000-10-19,87.94304656982422,88.0318181511531,86.12816090710017,86.3846121420503,8767300
2000-10-20,88.31786346435547,89.12667123787313,87.35123953990752,87.35123953990752,7373500
2000-10-23,88.71245574951172,89.02808823605656,87.70637719865,88.3376421717397,5290000
2000-10-24,88.1205825805664,89.6001088159688,87.7457692675978,88.98857130533581,5750700
2000-10-25,86.0492935180664,88.10090436764891,85.93093135366742,87.5880016552533,9137600
2000-10-26,86.28596496582031,86.89750244042946,84.60916866447263,86.56214318015992,9345800
2000-10-27,87.92333221435547,87.92333221435547,86.24653543665292,87.03561627321882,9762900
2000-10-30,88.71245574951172,89.06754229687466,87.21320143842368,87.39074471210516,10154100
2000-10-31,90.24124145507812,90.70482636582123,88.41649233832335,89.01816637141548,7752400
2000-11-01,89.93549346923828,90.4286690201773,89.14641258773587,89.79740431497537,6753600
2000-11-02,90.08345794677734,90.84294839481214,89.96509579903166,90.3694998038294,11395100
2000-11-03,90.13275146484376,90.74428906506483,89.87630021313814,90.56674589080713,5187100
2000-11-06,90.7640380859375,91.08953398431132,90.29058950648466,90.36949760306014,4042500
2000-11-07,90.74427032470705,90.90208644701087,89.9946437437638,90.35959352659142,5231300
2000-11-08,88.73213958740234,90.9415659177245,88.73213958740234,90.9415659177245,6123300
2000-11-09,88.39674377441406,89.14637025587528,86.64103964678121,88.37701676174403,10635300
2000-11-10,86.24652862548828,88.04168738690626,86.18734756741955,87.74578209656264,8569500
2000-11-13,85.57583618164062,86.47341583730329,83.9680836116075,85.615290232439,17285300
2000-11-14,87.82469940185547,88.14033174471928,86.48326194468427,86.77916726611909,7668900
2000-11-15,88.10090637207031,88.44612935942168,86.95673875684861,87.78527392649191,8837700
2000-11-16,86.7199935913086,88.29815544010403,86.68053954508872,87.4794839810414,6684100
2000-11-17,86.25637817382812,87.7457678941538,85.69415821317538,86.68050902133808,6551100
2000-11-20,85.02346801757812,86.0887272456406,84.78674374467536,85.69418679080265,5458500
2000-11-21,85.45745849609375,85.97036106324482,84.28370069819034,85.14182614707771,7684300
2000-11-22,83.41571044921875,85.14182483122339,83.40584693846444,84.80646546557678,5736900
2000-11-24,85.12210083007812,85.20100891891249,84.352746963943,84.352746963943,3411600
2000-11-27,85.8717041015625,86.28597145422337,85.41798271531486,86.14788233666975,5992000
2000-11-28,84.39219665527344,86.22680962604025,84.36260612348688,85.29963963006132,5336100
2000-11-29,84.23439025878906,85.79282511369405,84.1258916296501,84.82620096318335,6914100
2000-11-30,83.50446319580078,84.27381686096408,81.90657481430777,83.64255231518906,11201600
2000-12-01,83.46503448486328,84.62892884425986,82.6956805862791,84.0765721991225,7587200
2000-12-04,84.17520904541016,84.51056844399744,83.0113146620778,83.24803894343353,6996600
2000-12-05,86.9369888305664,87.27234821566276,84.84592442937739,85.14182976916828,8883400
2000-12-06,85.5462646484375,87.33156084368333,85.24049568682081,86.97647430761235,12888000
2000-12-07,84.3724594116211,85.77307774648784,84.3724594116211,85.14181314485776,6529100
2000-12-08,84.56971740722656,88.04167221564082,84.51053635935587,86.52269198695959,10276300
2000-12-11,87.50902557373047,88.10083593604155,86.3056778370313,86.71994509064903,6405600
2000-12-12,87.13426208496094,87.62743766841669,86.71999459485812,87.2328972016521,5022900
2000-12-13,85.94074249267578,88.00221559963884,85.87169793885406,87.90358052275067,6070500
2000-12-14,84.84593200683594,86.16764264260854,84.60920771386174,85.77310215431821,7678400
2000-12-15,82.92953491210938,84.29487442748412,82.67229703240109,84.29487442748412,9065300
2000-12-18,84.03765106201172,84.51255184503228,83.43413131692311,83.62211287686874,7235400
2000-12-19,82.32600402832031,85.4623269795254,82.32600402832031,83.87932485904334,9616600
2000-12-20,79.94160461425781,81.64333184119499,79.84266698478473,81.44545658224881,9994300
2000-12-21,80.49568176269531,81.5938898103427,79.48651761080312,79.78333059665376,14331500
2000-12-22,82.90973663330078,83.01856802983613,81.58397234823367,81.68290998144764,10182900
2000-12-26,83.8001937866211,83.8001937866211,82.49421674059583,82.85039229860271,4665300
2000-12-27,84.41357421875,84.6807057827334,83.10759768372012,83.42419805584858,4854100
2000-12-28,84.67080688476562,84.76974449505397,83.95845609068954,84.09696874509322,8358700
2000-12-29,83.06803131103516,85.02699631813198,83.06803131103516,84.8884836408625,8774600
2001-01-02,81.56416320800781,83.68142799773533,80.7726623520349,83.58249039073871,8737500
2001-01-03,85.48208618164062,86.11528682002314,80.83201899351897,81.2475569124575,19431600
2001-01-04,84.56201171875,85.77894484632766,84.21572993447994,85.44255682732246,9219000
2001-01-05,81.80162811279297,84.61145665464508,81.80162811279297,84.51251902993198,12911400
2001-01-08,82.4348373413086,82.4348373413086,80.8518351840103,82.2369620716463,6625300
2001-01-09,82.21720123291016,83.26594050254776,81.9500695321534,82.97902126840162,5702400
2001-01-10,83.66168212890625,83.66168212890625,81.56420381630832,81.68292900381385,8746100
2001-01-11,83.74081420898438,84.52242152497088,83.00867571046537,83.00867571046537,7245100
2001-01-12,83.5824966430664,84.67081040143967,83.12738361683759,84.01782214641571,7244000
2001-01-16,84.11681365966797,84.33447655081272,83.27584339842687,83.5825501995854,8542200
2001-01-17,84.50264739990234,85.51181143629036,83.98817161664572,85.3831924904762,7851400
2001-01-18,85.34359741210938,85.92732941388476,84.17613340855861,84.4927338163012,8107000
2001-01-19,84.85882568359375,86.23405907172707,84.76978179515346,86.23405907172707,7782500
2001-01-22,85.42272186279297,85.97677240996883,84.57185852248718,85.00718395241107,7050900
2001-01-23,86.09554290771484,86.53086856709653,84.94786616934493,85.14574146906389,8463100
2001-01-24,86.35281372070312,86.94643984618918,86.01642558292771,86.27366357063832,6199900
2001-01-25,86.13512420654297,86.90683793134315,85.89767382968138,86.2736369263789,10818300
2001-01-26,86.03617095947266,86.19447118202919,85.1358384436824,85.58105781962264,7136800
2001-01-29,86.49524688720703,86.68519942788494,85.71640282291172,85.79872203179146,6705900
2001-01-30,87.25509643554688,87.33107746087427,85.98235629003231,86.30529497143398,7069100
2001-01-31,86.76126098632812,87.82503473069862,86.4953175502355,87.00187095504799,9706900
2001-02-01,87.33738708496094,87.3500538070667,86.2736143131498,86.81183889104727,8239100
2001-02-02,85.35547637939453,87.37538863364809,85.32381440456822,87.0017927897027,8276600
2001-02-05,85.98235321044922,86.07733915058652,85.32382847014424,85.35549045019,4352900
2001-02-06,85.72907257080078,86.55856423395564,85.62142957332595,85.67208680658693,7106700
2001-02-07,85.28585052490234,85.73541785740049,84.64631128413903,85.30484578335262,5748700
2001-02-08,84.29169464111328,85.73539181611257,84.27903758057835,85.35547710062123,5943300
2001-02-09,83.48123168945312,84.4373715453312,83.11397388769704,84.4373715453312,9913000
2001-02-12,84.43734741210938,84.53232368633103,83.39256008627429,83.39256008627429,5804400
2001-02-13,83.74714660644531,84.95656263058747,83.58251785258781,84.65895743801052,6587600
2001-02-14,83.62052917480469,83.994115475711,82.73405156894545,83.994115475711,8400100
2001-02-15,84.43102264404297,84.54500385311171,83.57620705449155,84.1144221304578,5929800
2001-02-16,82.56938934326172,83.13293772944863,81.87287418541324,82.94931372890888,6434900
2001-02-20,81.29670715332031,83.03801057052132,81.11308304418998,82.9746865815058,5760000
2001-02-21,79.5427017211914,81.58160463615393,79.46671587125988,80.98639905331255,10910800
2001-02-22,79.66300964355469,80.12524846075317,77.89637842066108,80.00493873485087,21281600
2001-02-23,79.12479400634766,79.49205173475468,77.12388141846891,79.20077986320638,20173000
2001-02-26,80.80912017822266,80.80912017822266,78.83353115237392,79.65669445421273,11503700
2001-02-27,80.06192779541016,80.9484052399696,79.47305073241581,80.28988051856537,11415000
2001-02-28,78.48526763916016,80.31521827375582,78.05469073508232,80.25823249852552,14825800
2001-03-01,78.89684295654297,78.89684295654297,77.09222108822232,78.54858530809665,14672000
2001-03-02,78.26995849609375,79.56168882698857,77.44046691746067,77.56710515676951,12564300
2001-03-05,78.9854736328125,79.01080224683191,78.39659664194393,78.61188744563933,5293200
2001-03-06,79.8340072631836,80.89145209196566,79.46041604867308,80.00496945901605,6917000
2001-03-07,80.40385437011719,80.44184487914383,79.63134848031147,80.35319713745527,6371700
2001-03-08,80.49249267578125,80.56847368492738,79.87195372576664,80.1632255330179,6055000
2001-03-09,78.11168670654297,79.84665633731811,77.95338643433142,79.84665633731811,10020300
2001-03-12,74.76834869384766,77.56709496076174,74.55939127860975,77.46578051788086,13972900
2001-03-13,75.9968032836914,76.26275145005712,74.42013370260092,75.60422164500103,12888000
2001-03-14,74.49609375,75.53454293569185,73.29301096239898,74.11617414100493,19883400
2001-03-15,74.51507568359375,75.26225287444025,74.3124516062933,75.00263820896267,10370300
2001-03-16,73.0205307006836,74.53795545126937,72.89354661121023,74.36652814146726,58514600
2001-03-19,74.5062026977539,74.72207321189094,72.89989162552213,73.49670469195982,10067800
2001-03-20,72.5062484741211,75.21094883877875,72.44910927087037,74.85540310135896,15083900
2001-03-21,71.2745361328125,73.17925379119056,71.04596962629132,72.49355427162706,19004600
2001-03-22,70.55071258544922,71.49037016842668,68.59520215911348,71.12212375490657,28624800
2001-03-23,72.68402099609375,72.79830423838114,70.7919995057688,71.90308469980553,12861700
2001-03-26,73.61100006103516,73.8205153507284,72.8681563912109,73.45861913986968,9943800
2001-03-27,75.1156997680664,75.33157024776864,73.191936068464,73.40780654816623,12880700
2001-03-28,73.03955078125,74.25221812402843,72.95066437262523,74.22047574606015,10953300
2001-03-29,73.31893157958984,73.96653343194905,71.1983434670659,72.82370093490651,12060300
2001-03-30,74.08718872070312,74.08718872070312,72.69674291745845,73.36339620930285,9183600
2001-04-02,72.5062484741211,74.52524933608571,72.2522900010769,73.83955467734003,10561000
2001-04-03,70.08724212646484,72.474488992803,69.87772207606908,72.366556182822,12836000
2001-04-04,70.37930297851562,71.17293518360476,69.39520195057304,70.20153013960712,14884300
2001-04-05,73.04590606689453,73.32526129380113,71.42689452019167,71.93482104102489,21522800
2001-04-06,71.93482971191406,72.63322512928328,71.14754302532988,72.3729114238933,14937800
2001-04-09,72.7348403930664,73.00785020654806,71.60470832366066,72.37929453139694,9034300
2001-04-10,74.0617446899414,74.7601399328391,73.12208220106305,73.29985500718838,17873600
2001-04-11,74.11254119873047,75.54742452932221,73.73794433352582,75.41409491952099,12722300
2001-04-12,75.45858001708984,75.51572407812844,73.62370199443163,73.83957256154065,9233200
2001-04-16,74.66490936279297,75.48393829719356,74.22682772360835,75.10299584592367,7350000
2001-04-17,75.71887969970703,75.9728430308759,74.29668698274038,74.48081027673913,10924700
2001-04-18,78.72833251953125,79.99814433436241,76.62679551604896,76.86170760166621,32481600
2001-04-19,79.7759017944336,79.89653058297664,78.46164719544107,78.88703284987119,13809900
2001-04-20,79.04580688476562,79.61722332501157,78.51248810316874,79.29977028531371,7626700
2001-04-23,77.61090087890625,78.65849665044533,77.40138559975676,78.50612058089628,8451800
2001-04-24,77.19189453125,78.50615013016527,76.88713743349514,77.78870304659745,10044700
2001-04-25,78.20134735107422,78.51880025565173,76.79185567971861,77.09026218505296,8249000
2001-04-26,78.55055236816406,79.5029111411167,78.4108723064328,78.55690278295563,10590400
2001-04-27,79.85843658447266,79.89652937565315,78.85528443585457,79.31241730580437,7938700
2001-04-30,80.41718292236328,80.80447106157604,79.15371670466764,80.28384842184461,10766900
2001-05-01,80.6648178100586,80.72830744801615,79.10929503837976,79.40770166512401,10578000
2001-05-02,80.5187759399414,81.0711458846484,79.99815323171515,80.89337298583186,9572900
2001-05-03,79.49654388427734,80.09335680561732,78.86798858359884,80.08065597872496,9926200
2001-05-04,80.8488998413086,80.85525025542476,78.37277117014138,78.50610080290063,12145300
2001-05-07,80.15049743652344,80.87428957612929,80.14415186690931,80.54414073018214,7185200
2001-05-08,80.11245727539062,80.69656976409574,79.71881372311573,80.54419364616169,6952600
2001-05-09,79.7759017944336,80.34731789050558,79.40130491436294,79.52193854685204,9507400
2001-05-10,80.01087951660156,80.95054285123231,79.85215296199131,80.79816671511247,6872400
2001-05-11,79.45846557617188,80.309237063094,78.98228620377446,79.99813456276621,7734400
2001-05-14,79.61719512939453,79.64259194485021,79.02038207605415,79.29974220211939,7914000
2001-05-15,79.98540496826172,80.31555372972795,79.26795858185554,79.71239538237914,9782200
2001-05-16,81.87110900878906,82.02983547436946,79.12197030633658,79.26164552713158,14909000
2001-05-17,81.99809265136719,82.58856017277122,81.62350049755649,81.90286064205775,11824600
2001-05-18,82.37268829345703,82.37268829345703,81.331443089162,81.95999367908804,6683100
2001-05-21,83.58536529541016,83.70599897720469,81.99810040421059,82.43618706424505,11531500
2001-05-22,83.47742462158203,83.86471760625221,83.21712056662285,83.69964556068112,8342700
2001-05-23,82.06157684326172,83.20440925138497,82.06157684326172,83.20440925138497,12330800
2001-05-24,82.30287170410156,82.53778383488915,81.61717202969483,82.20128441428638,7902800
2001-05-25,81.33143615722656,82.34727961577308,81.20445209194814,82.31553238846678,7425000
2001-05-29,80.68385314941406,81.49018645710943,80.56956987918748,81.40764557953298,9003900
2001-05-30,79.5537109375,80.69018823196787,79.3632372305676,80.37273528304559,10041800
2001-05-31,79.96638488769531,80.4806618880379,79.52830317237367,79.63623599760169,9874200
2001-06-01,80.46161651611328,80.69652856885052,79.43941776073285,80.1251123633666,8848300
2001-06-04,80.8488998413086,80.90604388046067,80.04892204475304,80.5060549821829,5623500
2001-06-05,81.77589416503906,82.04889909293723,80.8044839229236,80.9441640169774,9115400
2001-06-06,81.0965347290039,81.79493026735783,80.8616177964163,81.79493026735783,12064900
2001-06-07,81.38856506347656,81.49015230285535,80.63302571342187,80.6647729367143,7355300
2001-06-08,80.63301849365234,81.18538815943721,80.08699924074661,81.07745051627528,8170600
2001-06-11,80.06160736083984,80.62667304321607,79.62352572413279,80.44890022322527,7012200
2001-06-12,79.92196655273438,80.46798610719526,78.75374182297053,79.27436455583458,9364400
2001-06-13,79.23625946044922,80.3663912045739,79.14102260521392,80.10607745652729,7629400
2001-06-14,77.45850372314453,78.9187889276349,77.29977728108891,78.84259849162743,12603000
2001-06-15,77.58329772949219,77.93349100853206,76.660067968712,76.98479220402866,16821100
2001-06-18,77.2076644897461,77.95898451328904,76.98481635939964,77.45598167180711,11368300
2001-06-19,77.54511260986328,78.24549445488488,76.97207115203675,77.92077015249578,7732300
2001-06-20,77.95262145996094,78.2264077127869,77.10579364799631,77.16310023277279,8787200
2001-06-21,78.837646484375,79.14963387298081,77.77433905748629,77.81890868442997,12259100
2001-06-22,78.22000885009766,78.69117401226328,77.78068120685435,78.62750383214198,12212000
2001-06-25,77.50054168701172,78.5956864863049,77.36046434881501,78.49381029208028,8406800
2001-06-26,77.39228820800781,77.92712356007291,76.76830877287506,76.97842474306783,8005800
2001-06-27,77.34772491455078,77.83162221803205,76.98479950807791,77.4241271952458,10105100
2001-06-28,77.77435302734375,78.91406781559118,77.63427564386711,77.67884527881641,10269300
2001-06-29,78.06088256835938,78.95864873197078,77.84440284131146,78.18822787049923,9824200
2001-07-02,79.03499603271484,79.15597277109414,78.07356517395509,78.18817343722937,8522200
2001-07-03,79.01592254638672,79.01592254638672,78.3473781629247,78.93952024983383,3303100
2001-07-05,77.47505950927734,78.72938200619167,77.46232741601904,78.36008815129561,5517900
2001-07-06,75.80049896240234,77.35407157454038,75.80049896240234,77.23946332089946,11665900
2001-07-09,76.21434783935547,76.74918790770394,75.89599215939539,76.0806390366989,8339300
2001-07-10,75.2975082397461,76.8128799593692,75.26567071958937,76.59003189144279,8630700
2001-07-11,75.37391662597656,75.69864089854953,74.55255808812963,75.19563815718323,15328600
2001-07-12,77.16304779052734,77.34132618604615,75.9660273788063,76.08700408621776,12002800
2001-07-13,77.83159637451172,77.88253444987727,76.80012706583148,76.9401994865034,10433800
2001-07-16,76.8574447631836,77.85708162623025,76.590027098407,77.53235740030254,6915300
2001-07-17,77.5769271850586,77.64696583899855,76.29714056173376,76.5327207088743,7469800
2001-07-18,77.0484619140625,77.44958842037636,76.44358305920697,76.7619388172183,7709300
2001-07-19,77.72334289550781,78.30275247069514,76.88925270386855,77.79338152234851,10082900
2001-07-20,77.2585678100586,77.6405985800763,76.99115015722461,77.1375959334278,6705800
2001-07-23,75.73686981201172,77.60243565779153,75.73686981201172,77.55150240354784,8065200
2001-07-24,75.00463104248047,75.89602342743142,74.3360818960431,75.7686830460739,12269000
2001-07-25,75.83233642578125,76.07428989753666,74.78812998541828,75.081016683791,12088500
2001-07-26,76.6281967163086,76.94655233611687,75.4884830144684,75.80683863427669,12898200
2001-07-27,76.92113494873047,77.26495983189523,76.34809833451374,76.93387190239834,8478800
2001-07-30,76.94659423828125,77.26495003145389,76.59640578042568,77.16307870365507,8547700
2001-07-31,77.26495361328125,78.1117812282312,76.91476513919176,77.04210551927446,11918100
2001-08-01,77.74884796142578,78.12450544519594,77.39229104696956,77.65970873281172,11940800
2001-08-02,78.06720733642578,78.47470235965517,77.60877422086176,78.46197026543345,11070100
2001-08-03,77.6406021118164,77.90801977681475,76.97842156678006,77.90801977681475,10816300
2001-08-06,76.59642791748047,77.36684857668986,76.46908264877315,77.264972361724,8550100
2001-08-07,76.8956527709961,77.16943893541857,76.34808529987485,76.57729699179433,8865100
2001-08-08,75.46937561035156,77.14392912762287,75.40570546370827,76.48174891554687,15183800
2001-08-09,75.69229125976562,75.7495978434103,75.04284741071855,75.57768295020142,14118500
2001-08-10,75.95335388183594,76.30354246954272,74.71176291344185,75.64136644900337,11173300
2001-08-13,75.97242736816406,76.30988373648732,75.64770309435015,76.1507058376387,7431600
2001-08-14,75.9405746459961,76.62822419724463,75.64132433654297,76.49451537190014,13178100
2001-08-15,75.28480529785156,76.1571022523287,75.18293393123292,75.91515350609943,8520600
2001-08-16,75.54583740234375,75.60950759508948,74.49526222000395,75.0046334774185,10734700
2001-08-17,74.33607482910156,75.04919352699211,73.86490963360222,74.90911620618114,11604600
2001-08-20,75.02373504638672,75.0683046676734,74.2087449098733,74.36792282271497,10417400
2001-08-21,73.74392700195312,75.47578308892666,73.73119490913273,75.00461793099876,14480800
2001-08-22,74.50800323486328,74.76905737141338,73.71848206330856,74.3360932080979,11752300
2001-08-23,74.24055480957031,74.82632818332766,74.17051616078162,74.46977132238369,8744100
2001-08-24,75.78140258789062,75.85144124335257,74.32970110690373,74.62895629701869,11687700
2001-08-27,75.32936096191406,75.89603399599562,75.29752829100404,75.7495930228149,7425100
2001-08-28,74.22783660888672,75.4439531916042,74.22783660888672,75.31024434372786,12046600
2001-08-29,73.56564331054688,74.60984972540226,73.3300583195196,74.57801220903644,16180000
2001-08-30,72.15215301513672,73.69299380804459,71.33716300426723,73.12632091430802,17692600
2001-08-31,72.6806411743164,73.07539931745946,72.03119252313793,72.20310740163066,15985400
2001-09-04,72.2158432006836,73.96680045696978,72.18401052884066,72.4896294387028,24473400
2001-09-05,72.39410400390625,72.70609617265497,71.2798587496649,72.39410400390625,21477100
2001-09-06,70.52853393554688,72.13941818453283,70.52853393554688,71.72555471910519,21653000
2001-09-07,69.22329711914062,70.83417695030255,69.16599053986057,70.05101941830704,33133900
2001-09-10,70.0700912475586,70.26110175220127,68.57381557705075,68.57381557705075,23408700
2001-09-17,66.40899658203125,67.7460894622776,63.67113579956125,64.30784715755686,32388700
2001-09-18,66.24983978271484,67.04572923297464,65.81050725169985,66.42811824233725,22029200
2001-09-19,64.91273498535156,66.53635124102078,62.754283405480805,66.28166567142438,42771800
2001-09-20,62.84981155395508,64.8236168596296,62.7543038270608,63.92585588536279,36210900
2001-09-21,62.17167663574219,63.26453756770465,59.94761031397772,60.25437572859086,49782100
2001-09-24,64.35743713378906,64.65142774020433,63.30931239876052,63.73112119200315,25549600
2001-09-25,65.02845764160156,65.18823272180207,63.8461230233076,64.38935732079959,25466200
2001-09-26,64.79844665527344,65.44393999722254,64.1849103120563,65.41198299849057,18587500
2001-09-27,65.36080932617188,65.37359406735645,63.91005326253049,64.70892892831212,20536800
2001-09-28,66.74768829345703,70.05823059188202,65.50783119636267,65.81460172201821,21687200
2001-10-01,66.63904571533203,66.67100270928306,65.71874377616562,66.40258151352421,20457400
2001-10-02,67.47624969482422,67.47624969482422,66.24278521059816,66.4664694691985,19833100
2001-10-03,68.60745239257812,68.94617494996596,66.69015048197446,66.84992564119142,32045800
2001-10-04,68.66498565673828,69.64280901719978,68.22400458203929,69.20822031522225,32674100
2001-10-05,68.53076934814453,68.78001822794684,67.43790287399429,68.54354921656586,29796100
2001-10-08,68.08338165283203,68.57549181294645,67.66157782011283,67.9172141425122,12970300
2001-10-09,67.71910095214844,68.22399102588501,67.48902433940897,68.13451732936974,15976300
2001-10-10,69.22738647460938,69.37438177857686,67.43790259406809,67.61685488288327,19987400
2001-10-11,70.30107879638672,70.49281096166656,69.63002109385879,69.63002109385879,23006300
2001-10-12,69.98149871826172,70.23074750170287,68.5754796898271,69.75781453773114,31360500
2001-10-15,69.85372161865234,69.94958284094851,69.06123309068711,69.42552036326947,16873000
2001-10-16,70.29468536376953,70.690929557261,69.63002004369585,70.17325954514506,15877100
2001-10-17,68.7992172241211,71.03607051600457,68.7992172241211,70.98494127053276,28542300
2001-10-18,68.65218353271484,69.12512147535021,68.22398731185218,68.90782474139198,16510000
2001-10-19,68.60745239257812,68.96535206487077,67.75105987963158,68.38376814486455,21912500
2001-10-22,69.96233367919922,70.02624275507259,68.51796515990156,68.57548674135255,17540600
2001-10-23,69.60448455810547,70.48004971073188,69.26575696973893,70.27553760837172,22062500
2001-10-24,69.41912841796875,69.94957835917931,69.1634871310029,69.64920508864283,16065200
2001-10-25,70.66533660888672,70.68450884224767,68.21758071351611,68.6713414482067,27467900
2001-10-26,70.50559997558594,71.44507893060066,70.09018348089855,70.2691309245295,18623300
2001-10-29,68.67134094238281,70.65255622487867,68.67134094238281,70.40330744112327,18727500
2001-10-30,67.84693145751953,68.83114222734814,67.46346714351209,68.607457961478,26178600
2001-10-31,67.6168441772461,68.93338982854253,67.6168441772461,68.31985384902718,28124200
2001-11-01,69.34883880615234,69.66838925053943,67.552961993049,68.12815376813631,29806800
2001-11-02,69.82176208496094,69.9048434332433,68.93980474028315,69.30409199960138,17575900
2001-11-05,70.73564910888672,70.9976777990402,70.26910356170579,70.37775436098917,15929500
2001-11-06,71.83490753173828,71.88603674933762,70.20519907140078,70.52474936747083,23245800
2001-11-07,71.7390365600586,72.2950557925254,71.34918483544685,71.43226615139926,19716000
2001-11-08,71.96275329589844,72.90862468040464,71.51538466022468,72.13531325248148,22563500
2001-11-09,72.0394515991211,72.19283444425668,71.22140325712768,71.73907340693073,15895800
2001-11-12,71.59842681884766,71.9946708763531,70.30105360965776,70.94015409701828,26068800
2001-11-13,73.20899200439453,73.20899200439453,72.33342223181927,72.49958979013721,15296200
2001-11-14,73.27930450439453,73.75223775975678,72.6721557820697,73.60524242143953,17571300
2001-11-15,73.41350555419922,73.61162522813896,72.8127492836054,73.09395517638579,19470200
2001-11-16,73.0875473022461,73.56048039583793,72.4740112920849,73.54770052885469,18134900
2001-11-19,73.98869323730469,74.03982246860784,73.14508042461024,73.4454585635764,13625400
2001-11-20,73.36873626708984,74.00783674023191,73.26647785093127,73.73302334174284,16209700
2001-11-21,72.88301086425781,73.28564236457957,72.54428842932771,73.17699646581882,11470200
2001-11-23,73.93115997314453,73.97589682154069,72.85747073568587,72.88303534561949,6717100
2001-11-26,74.09095001220703,74.35297878375118,73.54132297809772,73.97591168237132,13726000
2001-11-27,73.7713623046875,74.71084071025032,72.91496519909138,73.8927929458267,19261400
2001-11-28,72.43566131591797,73.60521661082556,72.37814460106222,73.3304031515186,20195500
2001-11-29,73.41350555419922,73.44545766640947,72.21838538583435,72.64019422500495,16354700
2001-11-30,72.8894271850586,73.43905410474292,72.87025007078526,73.1131114254067,13680300
2001-12-03,72.45484924316406,72.90861016211933,72.22477259750343,72.63379666179978,15220400
2001-12-04,73.68187713623047,73.68826950475317,72.44202094404936,72.80630793466618,17239900
2001-12-05,75.03042602539062,75.41388548486914,73.85447815691141,73.88643514351445,25204000
2001-12-06,74.99209594726562,75.37556038128707,74.7300671183673,74.99209594726562,17972900
2001-12-07,74.49359893798828,74.83232163299107,73.94397177690543,74.71089577830035,18857800
2001-12-10,73.10034942626953,74.38494342901686,73.08117718198189,74.0398284039824,13862700
2001-12-11,72.95336151123047,73.95674963017909,72.79358630199692,73.43268713893113,20833300
2001-12-12,73.03645324707031,73.35600371096261,72.28870633179109,73.2090132281059,16171500
2001-12-13,71.61762237548828,72.66574712600382,71.60484250699723,72.50597195213315,19026700
2001-12-14,72.30143737792969,72.53151394663183,71.57925557258395,71.79015990655256,16721900
2001-12-17,73.0492172241211,73.08756170857966,72.15447520445798,72.21199193114583,13925900
2001-12-18,73.48383331298828,73.59247931007971,73.07480419719934,73.26014406774249,13663700
2001-12-19,74.00147247314453,74.08455381086222,72.85748160666259,72.91499833063217,20143400
2001-12-20,73.27289581298828,74.0078625889938,73.20898671854245,73.81613042970494,14867900
2001-12-21,73.71727752685547,73.7942351258866,73.23630354153178,73.76858259287621,14037700
2001-12-24,73.57624053955078,73.77504167500275,73.49928289386453,73.64036946459433,5728800
2001-12-26,73.9802474975586,74.52535062823925,73.52492582874426,73.52492582874426,10304800
2001-12-27,74.4291763305664,74.44200505324157,73.90972559487716,73.94179250884095,9407300
2001-12-28,74.3906478881836,74.87162190470202,74.33934281883532,74.57662509503054,10593800
2001-12-31,73.30048370361328,74.64079637566799,73.25559296561919,74.48688597293445,14619500
2002-01-02,74.08929443359375,74.23038103784069,72.986259046999,73.81994994879025,18651900
2002-01-03,74.9293441772461,74.99988743170584,74.09565873147282,74.16620198593256,15743000
2002-01-04,75.42957305908203,75.66044103821594,74.74338348019016,75.14098563880367,20140700
2002-01-07,74.89727020263672,75.66682662844616,74.74976935978435,75.48084943211946,13106500
2002-01-08,74.7241439819336,75.07044596721298,74.37143253055952,74.8972974209344,12683700
2002-01-09,74.11488342285156,75.53215282618129,73.96738258326506,74.82672530268835,16610300
2002-01-10,74.4419937133789,74.61514230132462,73.94178124517643,74.19188747927767,12823400
2002-01-11,73.71089172363281,74.57022983807798,73.55697647616523,74.52533911408042,13708400
2002-01-14,73.24916076660156,73.64676295122791,73.08242168349119,73.5249194879016,12301100
2002-01-15,73.8455581665039,73.99946850930878,73.04393466250956,73.46077986313094,20219900
2002-01-16,72.35133361816406,73.36458694120225,72.26796653185907,73.30045803691212,17067000
2002-01-17,72.89640808105469,73.2619480742746,72.7232596180431,72.95412749720512,17283400
2002-01-18,72.56299591064453,73.01190333448706,72.25517018234967,72.46680006475714,17028000
2002-01-22,72.06278991699219,73.06321506238875,71.83833129199603,72.94778101540265,11689300
2002-01-23,72.61427307128906,72.81948851360823,71.83829713440002,72.22948983580878,12438900
2002-01-24,72.83873748779297,73.26840661931578,72.67199838723083,72.87721385995238,12142800
2002-01-25,72.81950378417969,73.22352039489155,72.49243992252354,72.54374501704277,12810700
2002-01-28,73.01828002929688,73.22990980253562,72.41545760590947,73.04393256781565,10589200
2002-01-29,70.7224349975586,73.1914345427222,70.57493900489767,73.01187165110622,27720800
2002-01-30,71.74210357666016,72.71687566860398,69.51679580089517,70.79297913293006,34711800
2002-01-31,72.58219909667969,72.65915671481964,71.58177452446834,71.92166210899032,19909200
2002-02-01,72.24230194091797,72.65914708835291,71.93447640186295,72.52447005127068,15838500
2002-02-04,70.44668579101562,71.97298036078818,70.18375577651015,71.97298036078818,24243400
2002-02-05,70.0106201171875,70.85713471587904,69.6001890931385,70.15812105991937,33614000
2002-02-06,69.7092056274414,70.37615723469621,69.29877462185745,70.31844266800012,29486000
2002-02-07,69.2730941772461,70.45308651267848,69.26027035405208,69.72200627258121,23445400
2002-02-08,70.60059356689453,71.02385318948758,69.45267284125602,69.66429775983022,19277800
2002-02-11,71.46637725830078,71.59463512836948,70.4274708969375,70.57497185096823,18792400
2002-02-12,71.24186706542969,71.63947400312234,70.56209203933889,71.1584999995176,13942500
2002-02-13,71.99866485595703,72.17181839389109,71.40867071847988,71.49204275256851,16781100
2002-02-14,71.86395263671875,72.44753697990842,71.56254137311285,72.15254007521733,20453800
2002-02-15,71.1136474609375,71.97940015360469,70.99821344240033,71.9216855906977,18366800
2002-02-19,69.74763488769531,70.7288209316543,69.65143912221073,70.63903952192732,15988100
2002-02-20,70.9212646484375,70.9212646484375,69.14486830605976,69.93366834660797,29242800
2002-02-21,69.45268249511719,70.94690542164868,69.4270299484196,70.49799808624832,26288600
2002-02-22,70.31201171875,70.50440334779307,69.1769148070185,69.48473554222058,26572900
2002-02-25,71.47274780273438,71.7036157573063,70.35047492629032,70.37612746487846,17458700
2002-02-26,71.32527923583984,71.85114424721114,70.90843388582914,71.56897110700882,22346500
2002-02-27,71.60104370117188,72.3770150056203,70.95974461722537,71.7998448515237,28597900
2002-02-28,71.28035736083984,72.30643438689906,71.20339974911495,71.71644070850516,23755400
2002-03-01,72.94135284423828,73.01189613141457,71.51125869742465,71.64593091129117,26273600
2002-03-04,74.23035430908203,74.38426468887499,72.88362747726742,73.0439522165959,27184600
2002-03-05,73.9930648803711,74.64719249440363,73.7301348771511,73.96100287119525,22718900
2002-03-06,74.87163543701172,75.12815593739592,73.7942532495754,73.81349143087795,20143200
2002-03-07,74.7113265991211,75.35262553988608,74.11491838850075,75.26284407959679,19330800
2002-03-08,75.02555847167969,75.60914283109246,74.69849954876723,75.27566465636447,19930100
2002-03-11,75.18588256835938,75.60914219594571,74.66643201879648,74.96142892921011,15621800
2002-03-12,75.14097595214844,75.19228102816918,74.35218120239522,74.45478646171536,17153600
2002-03-13,74.41633605957031,74.8716577594604,74.15981548270636,74.7947001185843,17175300
2002-03-14,74.313720703125,74.66643708337148,74.15339596532618,74.41633088382314,11168100
2002-03-15,75.02179718017578,75.21473498932383,74.53944529720003,74.58446461000828,21220100
2002-03-18,75.03465270996094,75.60704318019687,74.66806549973414,75.31120130060478,17548900
2002-03-19,75.53628540039062,75.72279534071274,75.13111167904424,75.43981897154812,17912000
2002-03-20,74.1149673461914,74.97677185955585,74.08281350061173,74.92531981854434,17114500
2002-03-21,74.14716339111328,74.53947681435244,73.39469531312571,74.15359612615926,25846800
2002-03-22,73.98636627197266,74.56518965522268,73.76769747975007,74.28220824413638,15235400
2002-03-25,73.0666732788086,74.19216115444429,72.86730271099492,74.01851170585878,17499600
2002-03-26,73.49114990234375,73.97350191114731,72.97664403699632,73.0087978935402,19947600
2002-03-27,73.68409729003906,73.96707872310874,73.16315865801415,73.33680323310956,19020300
2002-03-28,73.65194702148438,74.45586717932197,73.63908645792424,73.94136122234946,17532900
2002-04-01,73.68409729003906,74.02495861256098,72.99594191058766,73.46543338756791,17711000
2002-04-02,73.27891540527344,73.92847921465005,73.16957855914376,73.30464143337818,15669500
2002-04-03,72.76441192626953,73.45256729992332,72.134141348319,73.32394205328731,25658500
2002-04-04,72.46211242675781,72.93160373927842,72.17913599955155,72.41709311515201,23549000
2002-04-05,72.47498321533203,73.07952760034499,72.14698254568695,72.79655115235029,19404900
2002-04-08,72.62936401367188,72.69367664590534,71.5360345454849,71.59391444247322,16470100
2002-04-09,72.12128448486328,72.79014664200174,71.98622648775925,72.79014664200174,15122700
2002-04-10,72.93804168701172,73.02164758404746,72.08909762447665,72.09553035709088,17199300
2002-04-11,71.12440490722656,72.70652371892272,71.06652502488402,72.60361960799631,25453700
2002-04-12,71.65817260742188,71.8060959651879,70.77064718103253,71.40091736728805,14950600
2002-04-15,71.11153411865234,71.9411799933996,70.873572076415,71.78682875594862,17394900
2002-04-16,72.80298614501953,72.88016422392681,71.8189889459562,71.83828223899857,15040900
2002-04-17,72.64862823486328,73.10525411971634,72.41709892610154,72.92517685884329,12920100
2002-04-18,72.33350372314453,72.97020696300986,71.48456443441141,72.6100523880134,25204800
2002-04-19,72.59717559814453,72.82870490502836,72.39137231499639,72.80297888129267,10499200
2002-04-22,71.38804626464844,72.30773030018312,71.2851422211063,72.27557155989248,13922900
2002-04-23,71.07939147949219,71.69680638277238,70.85429485159757,71.44597881827441,16967000
2002-04-24,70.36553192138672,71.90905483045951,70.35909918568935,71.1051346041759,18902700
2002-04-25,70.40409851074219,70.57774307129803,69.92174651207361,70.23688177731704,25451500
2002-04-26,69.06635284423828,70.75137039872902,69.00204024588847,70.6098797383174,19769800
2002-04-29,68.7254867553711,69.62587778826212,68.57756337365346,69.41364181278149,17724400
2002-04-30,69.36863708496094,69.87028229116878,68.58401051864102,68.82840038899583,19473500
2002-05-01,70.21757507324219,70.26259438825122,68.68691345619817,69.43938125280779,24575600
2002-05-02,69.94744873046875,70.68705585801015,69.31717350779141,70.1661125401969,15666800
2002-05-03,69.18852233886719,69.94742246979243,68.94412769417625,69.84451842850471,18185500
2002-05-06,67.83152770996094,69.45222762600127,67.7286236356796,69.22713109693127,23630400
2002-05-07,67.59358978271484,68.3782164548734,67.46496455080673,68.23672575573161,21910000
2002-05-08,70.10823822021484,70.33333477942533,68.68047589216977,68.84769258189912,27917400
2002-05-09,69.29789733886719,70.16612987406228,69.1885654069937,69.87672066457652,18085600
2002-05-10,67.99234008789062,69.49084817598413,67.91516199989522,69.43939611732051,18958900
2002-05-13,69.37509155273438,69.4265387106333,68.03736731258321,68.31391602658813,14677700
2002-05-14,70.88646697998047,70.9829383834771,70.101840094759,70.50058627273334,34201200
2002-05-15,70.60986328125,71.3301769723996,70.28829545771215,70.42335335478977,29535300
2002-05-16,70.97649383544922,71.0536719267496,70.31406449868798,70.55202169340497,28092000
2002-05-17,71.32376098632812,71.54885753430217,70.80925038518451,71.16940976867974,27823700
2002-05-20,70.55201721191406,71.18872538453648,70.41695924077126,71.15656662185275,13833800
2002-05-21,69.90888214111328,71.05366835757367,69.6644922243795,70.81570626807142,16877200
2002-05-22,70.06319427490234,70.1789588799,69.45864523694404,69.60013585491174,15844200
2002-05-23,70.80927276611328,70.97648950034824,69.76739558425606,70.26904088022262,13879800
2002-05-24,69.9024429321289,70.87357461370955,69.85099088222412,70.73208883657772,11877000
2002-05-28,69.5229721069336,70.18540113019,69.1049328970259,70.13395400040983,24236900
2002-05-29,69.0085220336914,69.47157601502232,68.89918514136224,69.21432543875189,14773300
2002-05-30,68.8155517578125,69.14355249054486,68.10810314164992,68.52614252152635,18217900
2002-05-31,68.95703125,69.81883099160424,68.71906920310425,69.07279590703881,19826300
2002-06-03,67.12410736083984,69.2014339325064,66.96975118505769,68.87343319239228,26056300
2002-06-04,67.29132843017578,67.65791581119824,66.59674517074417,66.98262584970375,25856200
2002-06-05,67.92154693603516,67.96013349950947,67.11119475593021,67.49707511087807,19695900
2002-06-06,66.538818359375,67.91512835296712,66.33944786424985,67.8765417814554,22998500
2002-06-07,66.4616470336914,66.83466695183047,65.41977024357833,65.45835681899393,24011600
2002-06-10,66.71895599365234,67.18201489811223,66.25589708919246,66.39738785519302,18759900
2002-06-11,65.57413482666016,67.23342660227547,65.42621631957282,66.96973853185571,19990700
2002-06-12,65.97289276123047,66.12081129503461,64.81524598618863,65.4133626688372,31266000
2002-06-13,65.3104476928711,66.24299271499903,65.175384846106,65.68346275767999,21043900
2002-06-14,65.21398162841797,65.3168808215252,63.3488865260004,64.51296094175363,39267500
2002-06-17,66.96333312988281,67.10481895155621,65.50341142134205,65.54843075249701,17647200
2002-06-18,67.50997161865234,67.54855819987316,66.64816701973555,66.71891235646518,21628500
2002-06-19,65.9343032836914,67.16269544965036,65.75422598133352,66.56457874868251,21540700
2002-06-20,65.09178924560547,66.27516195119793,64.9310052572782,65.7670839592752,25691000
2002-06-21,64.07404327392578,65.13893318600398,63.6868119215102,64.84205565168824,31190700
2002-06-24,64.40959167480469,64.98398541754186,62.76385369573822,63.64157996138573,37169700
2002-06-25,62.96395111083984,65.11309089903641,62.951045537982914,64.7323149508594,33355000
2002-06-26,63.067195892333984,63.34471240012685,61.43436815361024,61.44081847608871,37913600
2002-06-27,64.17081451416016,64.20953614940107,62.32500773437579,63.57060454837138,31616400
2002-06-28,63.86749649047852,64.86139305452173,63.81586434909424,64.04820406141145,28184200
2002-07-01,62.62192916870117,64.40965475387412,62.53157534027161,64.0095128537472,20270200
2002-07-02,61.29241943359375,62.73163004442451,61.16333904711824,62.51220077328605,34213900
2002-07-03,61.640907287597656,61.85388123310092,60.48566408781888,61.06651331171764,30565800
2002-07-05,64.09337615966797,64.23536207589751,62.38310468848013,62.46054797085141,19013500
2002-07-08,63.29309844970703,64.3450774132471,62.963949724118734,63.88040294195454,19118600
2002-07-09,61.69902420043945,63.467384003830375,61.31824806120617,63.07370228526472,28620400
2002-07-10,59.45304489135742,62.002321257866015,59.40141275597669,61.95714437038573,50522500
2002-07-11,59.93706512451172,60.246847985824864,58.29132705559003,59.22068548734908,59476500
2002-07-12,59.27877807617188,60.595367771933326,59.06579924511252,60.23395273055551,39018600
2002-07-15,59.59504318237305,59.63376975710933,56.72307252166921,59.14327417639026,77317200
2002-07-16,58.44623565673828,59.62083960910768,58.00092204728648,58.80765566632896,53282400
2002-07-17,58.56239318847656,60.21458664134162,57.92346167515578,59.672459202834425,48880600
2002-07-18,56.66498565673828,58.79475999359434,56.632714334276265,58.53660418563565,32656700
2002-07-19,54.67073440551758,56.50363612059413,54.40612828517614,55.99377977896152,77572600
2002-07-22,53.05081558227539,55.44520596297456,52.56677527614546,54.27705200925374,78134000
2002-07-23,51.59868621826172,53.72200993781092,51.46961079398572,53.27669627732048,74484100
2002-07-24,54.67717361450195,54.93532933406539,50.133649691482034,50.424071798546656,107022800
2002-07-25,54.212501525878906,55.406466348511806,52.66357192607151,54.38675382854819,87176600
2002-07-26,55.2451286315918,55.4581075326462,54.08343493512754,54.63201292433946,41206800
2002-07-29,57.936405181884766,58.30427567879691,56.342302977874425,56.4713784447542,53492900
2002-07-30,58.69148635864258,58.98836374226383,57.258726650449056,57.64595780630672,47532200
2002-07-31,58.83348846435547,59.08518903116363,57.60079678042242,58.40107537940445,44669900
2002-08-01,57.29743576049805,58.95607953661205,57.00701368808482,58.652746971610114,66571900
2002-08-02,56.01314926147461,57.381371741327015,55.25804750572545,57.11676065616484,51772900
2002-08-05,54.06406784057617,56.103493162421294,53.92208683399123,55.81952130142713,47191300
2002-08-06,55.88405990600586,56.729520253608165,54.92888987024696,55.00633808554318,64730000
2002-08-07,56.85859298706055,57.1167487685369,55.3548401145794,56.71015673635224,43289400
2002-08-08,58.69793319702149,58.79474221121532,56.66496851850603,57.06510522210439,48339800
2002-08-09,58.91736602783203,59.33686846440549,57.66531396529581,58.14935410197805,41879200
2002-08-12,58.48493957519531,58.90443695555231,57.79437606161572,58.078342837316086,25841700
2002-08-13,57.42008209228516,59.15617469535069,57.2135584495493,58.18163894810712,49690500
2002-08-14,59.5176010131836,59.78220717203314,56.80697215397243,57.452359274178,57423600
2002-08-15,60.343658447265625,60.65989656203781,59.5046537399322,59.91770084769052,45551500
2002-08-16,60.162967681884766,60.71800081049936,59.37559487506356,59.90481193677615,36517300
2002-08-19,61.56990432739258,61.79578873223216,60.085512654599725,60.31785230640923,33669900
2002-08-20,60.91806411743164,61.56990621184296,60.42111841157469,61.19558065870292,30508300
2002-08-21,61.79582595825195,61.81518678691398,60.38888162981771,61.35050720337039,39628900
2002-08-22,62.3960075378418,62.6993401776558,61.35693420413963,61.62799552843286,38399800
2002-08-23,61.053592681884766,62.05394423055406,60.76317058009599,61.96359046893485,33716400
2002-08-26,61.47951126098633,61.72475632603729,60.343629792088194,61.253627000556826,33830100
2002-08-27,60.76963424682617,62.11849053496508,60.34367651968037,61.76352576234358,35335700
2002-08-28,59.44013977050781,60.337227277244736,59.24652663118951,60.20169660254836,38970600
2002-08-29,59.46595764160156,60.05326217365237,58.607591751948256,58.90446918035748,42965700
2002-08-30,59.23360061645508,60.27267377416061,58.98835540133543,59.16906292025629,30366700
2002-09-03,56.974735260009766,58.73018781550761,56.89083676430935,58.55593557861919,76586400
2002-09-04,57.78792572021485,58.24614968643564,56.83275123750701,57.18771589214061,51099500
2002-09-05,57.29743576049805,57.71693813924731,56.47134149558821,57.11027300924344,67250900
2002-09-06,58.0848274230957,58.45269779981884,57.65886965851532,57.923480680253775,38622200
2002-09-09,58.51078414916992,58.95609780324976,57.31036400981922,57.50397714344601,33998400
2002-09-10,59.18197250366211,59.23360463368709,58.44623188449453,58.82055744130918,41416600
2002-09-11,58.81413269042969,60.233987458875056,58.79477186260906,59.67895408308758,27711200
2002-09-12,57.729862213134766,58.62694970311173,57.43298479926364,58.568867239574935,43601700
2002-09-13,57.87185287475586,58.02029405580822,56.955404488520855,57.239376352840736,41131000
2002-09-16,58.01384735107422,58.01384735107423,57.09094358002346,57.63952164277941,28167600
2002-09-17,56.6843376159668,58.85283818543485,56.632705477667145,58.65922012876703,47609700
2002-09-18,56.11637878417969,57.116730266892816,55.68397082152476,56.15510533939936,54719400
2002-09-19,54.66426086425781,56.0195771050513,54.66426086425781,55.49681044043559,48510500
2002-09-20,54.68242645263672,55.23346355858569,54.48794538664664,55.05194591860106,46325600
2002-09-23,54.235111236572266,54.49441929920872,53.60627879811193,54.22862705121108,46893800
2002-09-24,53.35995101928711,54.22864921125444,53.06174266860766,53.44423062546988,69507000
2002-09-25,54.68242645263672,54.954702912613655,53.18490097677879,54.04711471269052,59294400
2002-09-26,55.577056884765625,55.73264272874847,54.74725417622585,55.11677364692564,53638000
2002-09-27,53.645206451416016,55.51225233950203,53.64520645141601,55.10383744254213,64648300
2002-09-30,53.02281951904297,53.67758367583159,52.44585073947142,53.15895771968509,73096400
2002-10-01,55.57056427001953,55.602975303524914,52.815374176875416,53.437722404396936,67198100
2002-10-02,53.90447998046875,55.44738451379592,53.54792402197669,54.902831718262895,56749100
2002-10-03,53.35995101928711,54.84451353065975,53.12656971075775,53.89802486650681,55547000
2002-10-04,52.38105392456055,53.75540509237016,51.59015111124327,53.67761461629733,68483700
2002-10-07,51.29840850830078,52.64034827378667,50.92240976544826,51.90130926937329,53188000
2002-10-08,52.10230255126953,52.711682822743285,50.69553018870519,51.73926212900095,79531000
2002-10-09,50.63066482543945,51.667911791472136,50.42321543223292,51.27246061286223,79956400
2002-10-10,52.27083206176758,52.55607693966616,49.96295607436429,50.52696164312224,76749000
2002-10-11,54.55924987792969,54.92876929840304,53.04227203083939,53.223789648477656,82308300
2002-10-14,54.86394882202149,55.00657125029943,53.83318572926114,53.93690798419999,40631900
2002-10-15,57.50247573852539,57.51544411768467,56.30315785764056,56.393916727805625,82320300
2002-10-16,56.108646392822266,56.91899654323284,55.700226751585056,56.66616769198352,62977800
2002-10-17,57.22370147705078,57.89143435902587,56.951424930606365,57.61267362452717,68534100
2002-10-18,57.46354675292969,57.76823918643349,56.35498839310713,56.821750849029165,47448700
2002-10-21,58.45541763305664,58.66935126115578,56.7698902987287,57.1264463455606,45859100
2002-10-22,58.03402328491211,58.351684045260455,57.38574328646322,57.72933584026759,40966800
2002-10-23,58.4748649597168,58.52024437036596,56.841201230362095,57.54782418846833,54905800
2002-10-24,57.28204727172852,58.92867981482999,57.11349301012342,58.83143678136605,54987400
2002-10-25,58.4748649597168,58.5980397654723,57.00975544676677,57.18478890327503,43672100
2002-10-28,58.092376708984375,59.18148741018669,57.599682477349326,59.09072859725186,39416100
2002-10-29,57.41816329956055,58.01457975300766,56.40036382831425,57.74878750687797,59508200
2002-10-30,57.97570037841797,58.319288104288354,57.19776609139014,57.489490212529184,41688600
2002-10-31,57.385780334472656,58.5397236313189,57.17185155582078,58.12482456013328,41620600
2002-11-01,58.520240783691406,58.876796806928,57.08106315731659,57.27554421418559,51878900
2002-11-04,59.077762603759766,60.251152925611606,58.928660953359774,59.51211402140978,49080600
2002-11-05,59.54452896118164,59.68715138116288,58.88976464489724,58.88976464489724,37270800
2002-11-06,60.31598663330078,60.33543424672813,58.857356274428135,59.9529513266966,65013100
2002-11-07,58.83790969848633,59.78439815452597,58.48783781266589,59.654739152748846,51572000
2002-11-08,58.11830520629883,59.36300166674548,58.03402563765403,58.68878984750752,37905400
2002-11-11,57.21720123291016,58.05996236913143,56.91899298969483,58.02755133272937,33505100
2002-11-12,57.67097473144531,58.29980697587375,57.28849199488608,57.47649374447684,37724500
2002-11-13,57.72933197021485,58.17664177588884,56.69208008544469,57.2560854268397,63891500
2002-11-14,58.818458557128906,58.99349201654905,58.18314185148657,58.39059129590317,31896800
2002-11-15,59.25278854370117,59.350031525602205,58.31277964663588,58.345195622597394,39152100
2002-11-18,58.6563835144043,59.73901005542667,58.5721039390056,59.73901005542667,28934800
2002-11-19,58.578590393066406,59.058316283512376,58.1896233211917,58.35817258654712,32806600
2002-11-20,59.88159942626953,59.914010444631394,58.31275874729923,58.33221129349444,36688400
2002-11-21,60.9966926574707,61.06152464596508,59.92054990307512,60.03075636993747,55128200
2002-11-22,60.56233978271485,61.11337700615191,60.465096755994,60.60123996099466,32513800
2002-11-25,60.60123062133789,61.10688834717307,60.140947362195575,60.56881463543152,33846400
2002-11-26,59.44726943969727,60.58175935225624,59.39541080264203,60.3354147517975,42284700
2002-11-27,61.11986923217773,61.3597347368388,59.92055160084532,59.97889445695975,37764000
2002-11-29,60.92537307739258,61.554200693079146,60.78922988805345,61.45696262353009,19385700
2002-12-02,61.02261734008789,62.26731916247733,60.43268489234908,61.89131543544317,49911900
2002-12-03,60.20577621459961,60.54936388507088,59.86866778418588,60.4521208783752,34407700
2002-12-04,59.93350601196289,60.380820958803206,59.27226234557719,59.49267525237719,64040800
2002-12-05,59.27223587036133,60.16038118007819,59.05830230038826,60.11500178153695,36724900
2002-12-06,59.661251068115234,59.75200993854865,58.33227906763297,58.42303793806639,49824100
2002-12-09,58.02105712890625,59.29168527251287,58.008093705780645,59.03885648070247,36789600
2002-12-10,58.79900360107422,59.05831663251798,58.18962366506376,58.35817293141522,33319900
2002-12-11,58.85086441040039,59.395422245249925,58.44893392937649,58.61748318774837,39201000
2002-12-12,58.844383239746094,59.31114570896533,58.47486377594498,59.12314388408622,34465600
2002-12-13,57.9173469543457,58.65639088493403,57.87196754111516,58.28687139263241,36862200
2002-12-16,59.41488265991211,59.50564149428128,58.12480641767706,58.22852868010517,37098400
2002-12-17,58.89625549316406,59.473224478545234,58.82494427510702,59.23336396870378,32353900
2002-12-18,58.215553283691406,58.60452034330496,57.91086085409903,58.55265674976061,35612600
2002-12-19,57.80067443847656,58.79902175692817,57.43763410396249,57.92384433330639,39264200
2002-12-20,58.625396728515625,58.644939904195134,58.045592655342254,58.1107382310369,31176900
2002-12-23,58.64495086669922,58.93811346755928,58.18241073142909,58.36482036558748,22599300
2002-12-24,58.20848083496094,58.54072985655615,58.143335234918325,58.36483126912134,10937000
2002-12-26,58.23451614379883,59.02930506054109,57.87620803533677,58.43646891204727,17485600
2002-12-27,56.92509460449219,58.16939699151532,56.92509460449219,57.95441202879024,22205700
2002-12-30,57.40068054199219,57.63520874408693,56.82087608967243,57.19221158127376,29968000
2002-12-31,57.47880554199219,57.60909665906831,56.74916236361837,57.32245023715582,34036600
2003-01-02,59.3289909362793,59.478830259048095,57.6807832372709,57.88273604726001,44516300
2003-01-03,59.51140213012695,59.530945309634006,58.95765717283781,59.22476054687375,32222600
2003-01-06,60.56027221679688,60.90554836422478,59.39414760642391,59.43975002268249,40984500
2003-01-07,60.41046142578125,60.82739938589391,60.06518017323533,60.52120948418468,38640400
2003-01-08,59.5374870300293,60.195469188774496,59.315990939728266,60.06517298539864,38702200
2003-01-09,60.462528228759766,60.70357231989673,59.55048025210901,59.817578596617096,34804900
2003-01-10,60.62542343139648,61.003274898419534,59.80457986270774,59.90229578496279,37768900
2003-01-13,60.60588836669922,61.1466064036455,60.221525766891055,60.938137457753065,31649900
2003-01-14,60.801300048828125,61.127032926016376,60.20195274767117,60.38436236365031,30733000
2003-01-15,60.19544219970703,60.957656009116825,59.87622534257032,60.93811282994576,33511800
2003-01-16,59.947879791259766,60.540716045724565,59.57654448988045,60.260585557295286,44812100
2003-01-17,59.06187057495117,60.13027370512772,58.72962174474754,59.2768504342238,35618300
2003-01-21,58.14331817626953,59.23126478568997,57.947876463191584,59.1986944803698,36826200
2003-01-22,57.43974304199219,58.50163556292137,57.32899503989836,57.83062155956986,42286500
2003-01-23,57.79156112670898,58.22804225099031,57.29644546482549,57.81762036894414,55919800
2003-01-24,56.27362060546875,57.77199410907427,56.13681336788062,57.71335959565639,68633900
2003-01-27,55.50490188598633,56.5472514748785,55.04887766856441,55.8501830452243,57884400
2003-01-28,55.91529846191406,56.28663368711924,55.45926952042216,55.78500234850701,46929100
2003-01-29,56.33876800537109,56.79479210505474,55.224757045605486,55.64821083547739,53712200
2003-01-30,55.00326919555664,56.59935875122843,54.98372601271594,56.540729202706345,49845900
2003-01-31,56.06514739990234,56.16286826786874,54.82085025668574,54.82085025668574,55317000
2003-02-03,56.17587661743164,56.55372285937623,55.97391891694185,56.11724213332567,39696000
2003-02-04,55.62215805053711,55.86320222846597,54.91857863954105,55.57655563528468,43633400
2003-02-05,55.2768669128418,56.37784560130321,55.035827770602886,55.86318707149844,55270600
2003-02-06,55.01627731323242,55.30292381660343,54.4951077265357,54.96416383376501,53638000
2003-02-07,54.34527587890625,55.36807698676797,54.052118256829104,55.31596350015378,43165000
2003-02-10,54.72963333129883,54.80780603214662,53.84363960623994,54.3713252181174,45455900
2003-02-11,54.35178756713867,55.29641091384348,53.96090911230527,54.96416696089416,46861000
2003-02-12,53.4853401184082,54.475570898006,53.478824068857165,54.17589723242205,35873600
2003-02-13,53.64822006225586,53.85017788683145,52.76874202260395,53.5179288601929,57934100
2003-02-14,54.82085800170898,54.8534283154394,53.30294121967911,53.661249462747286,59580900
2003-02-18,55.78502655029297,55.89577953731019,54.97721017786014,55.06841501166913,39492700
2003-02-19,55.49185562133789,55.68078129493314,54.90553542229908,55.58306043337843,31432000
2003-02-20,54.9381217956543,55.64821725714639,54.755712134731205,55.51141001145408,29280100
2003-02-21,55.49185562133789,55.85667486950004,54.37133367879473,54.9706810065724,60955800
2003-02-24,54.59284591674805,55.37460303023517,54.45603370011182,55.329000614786594,30628600
2003-02-25,55.02933883666992,55.04236597093055,53.563540202915895,54.03910764294836,56770600
2003-02-26,54.22800827026367,55.06839969399186,54.1237763335994,54.736150765939016,37787200
2003-02-27,54.94464492797852,55.211748397410965,54.17591975127029,54.527707048618446,51126000
2003-02-28,55.30943298339844,55.52441783417673,54.82734980885876,55.02930256367505,43666800
2003-03-03,54.78179550170898,55.88277507329197,54.54075616612676,55.5440148045012,42923100
2003-03-04,53.9088020324707,54.72965043999383,53.84365643796988,54.69055910706112,31440500
2003-03-05,54.36481475830078,54.423449260252944,53.65471947772932,53.817585914956446,43974700
2003-03-06,53.9088020324707,54.41042857744634,53.72639237975229,53.98697972804585,41217700
2003-03-07,54.28010559082031,54.71658628560201,53.04883618596606,53.16610017548968,63538000
2003-03-10,52.977195739746094,53.98045361293166,52.833872476392536,53.811071122578426,41014100
2003-03-11,52.456031799316406,53.42020351306534,52.42997753731188,53.08144343381267,48102700
2003-03-12,52.80781173706055,52.833870963313935,51.71334908586447,52.36481483133144,62459800
2003-03-13,54.63192367553711,54.66449895442209,53.11400713282809,53.53746090688418,72117800
2003-03-14,54.807861328125,55.22479938759357,54.29971837879104,54.85346377305769,63951800
2003-03-17,56.53420639038086,56.64495439342686,54.21498952522914,54.37133993954644,88217500
2003-03-18,56.86646270751953,56.905549073569816,56.20848071402584,56.77525787320841,50792300
2003-03-19,57.30293655395508,57.43323270836739,56.469061046876575,56.85993956953336,49630800
2003-03-20,57.42671203613281,57.71335361218964,56.25407159225138,56.89251027176231,67321600
2003-03-21,58.652488708496094,58.78984757079495,57.5143688563548,58.083431277590975,71165300
2003-03-24,56.703269958496094,57.6517019123508,56.48087595456282,57.57320903031633,65398900
2003-03-25,57.246185302734375,57.730217446376685,56.53976904855809,56.73599384514509,61040100
2003-03-26,56.9583854675293,57.46203457963622,56.77524033585405,57.27234712459241,45740800
2003-03-27,57.004154205322266,57.33774272981693,56.24540461868013,56.513584900612656,53120200
2003-03-28,56.71636199951172,57.08919453754193,56.41548003814785,56.55938119148055,32583000
2003-03-31,55.42781829833984,56.63788888909722,55.205429158455765,55.826815275502845,61119500
2003-04-01,56.27812957763672,56.50706099638346,55.53900671415993,55.76139580941943,53574000
2003-04-02,57.63864517211914,58.06380139540307,57.23310593923065,57.25927024364256,50431200
2003-04-03,57.36393356323242,58.20771382993519,57.33123191914222,58.129225891853295,48755500
2003-04-04,57.704044342041016,57.946055386623904,57.31158981838685,57.84140317580346,36250100
2003-04-07,57.59286117553711,59.42431764417023,57.54053256463391,59.09072898757606,69776200
2003-04-08,57.68442535400391,57.98530733741016,57.37045872461069,57.7563759359413,39712700
2003-04-09,56.92566680908203,58.27963802102345,56.75560136975875,57.79561099099668,55647300
2003-04-10,57.239627838134766,57.318115733032926,56.06225951137218,56.96490523500415,41812400
2003-04-11,57.004154205322266,58.01799444085803,56.81446680866173,57.66478893295666,47730100
2003-04-14,58.181522369384766,58.214228988543816,56.90604406745295,57.21346832236201,36711700
2003-04-15,58.724422454833984,58.724422454833984,57.83485627676522,58.109573922552144,49709800
2003-04-16,57.72367477416992,58.90758084118757,57.57977359667658,58.80947093865188,51788000
2003-04-17,58.58053207397461,58.68518928607446,57.68442839943973,57.756378985175736,37403100
2003-04-21,58.639408111572266,58.97299676628701,58.25349084624914,58.77676697167105,32052700
2003-04-22,59.74481201171875,59.8887131733154,58.142287236476406,58.279646075183166,59763600
2003-04-23,60.29423522949219,60.40542973538325,59.67938680108246,59.92794509699045,44227100
2003-04-24,59.75789642333984,60.22884386296344,59.49625840240115,59.86909096038148,49692400
2003-04-25,59.01878356933594,59.829857079538016,58.8814197177044,59.7186625237706,43917200
2003-04-28,60.03915023803711,60.30078823202503,59.064553825520015,59.15612637486634,46432900
2003-04-29,60.24849319458008,60.69981886084694,59.78408786697658,60.268115181751256,52017100
2003-04-30,60.11767578125,60.5493744639911,59.79062935873944,60.11767578125,48709100
2003-05-01,60.1110954284668,60.65399334407,59.19536502667341,60.12417508134662,50240400
2003-05-02,60.96800231933594,61.138067880975576,59.84296166443738,59.88874797060962,50201500
2003-05-05,60.85023880004883,61.34080829052369,60.503570491899545,61.13804116469998,35437800
2003-05-06,61.42583847045898,61.73325780062691,60.83061180901216,60.856776111855694,44401000
2003-05-07,61.085723876953125,61.576293458355146,60.81100610904763,61.105345861756106,41413100
2003-05-08,60.47086334228516,61.04646806663026,60.3596687897479,60.51664962805526,40570700
2003-05-09,61.30807495117188,61.353861213661375,60.575489761011525,60.71939086892948,33608100
2003-05-12,62.0602912902832,62.21727707493965,61.0137443442209,61.15764548499125,35662300
2003-05-13,61.9490966796875,62.25652093628516,61.65475706695711,61.83135983652945,39253600
2003-05-14,61.818302154541016,62.29578702848575,61.42584753463722,62.197672125926985,32195100
2003-05-15,62.21072769165039,62.35462881608696,61.648207836305005,62.06682656721381,43879200
2003-05-16,62.05376434326172,62.4331342438447,61.654767473565045,62.06684399900721,38905000
2003-05-19,60.60165023803711,61.75939136830196,60.39234090978417,61.58278864990929,41606000
2003-05-20,60.47739028930664,60.850222804448414,59.90832803342516,60.71286398206246,55404600
2003-05-21,60.60165023803711,60.75208866660716,60.117623352138686,60.24843981092377,49333800
2003-05-22,61.20343399047852,61.51740058091465,60.62129207454852,60.7978948508172,38421800
2003-05-23,61.32773971557617,61.471640923905774,60.9222004003138,61.17729618223199,26155900
2003-05-27,62.40044403076172,62.68824142281223,60.8764068554493,61.02685037087555,43719200
2003-05-28,62.57704544067383,63.10032158032757,62.420064594910144,62.69478232257936,37727100
2003-05-29,62.41349411010742,63.32922444616209,62.19110509481082,62.714376008035735,50844200
2003-05-30,63.41427230834961,63.50584486840764,62.50508404039471,62.72747810791439,52529500
2003-06-02,63.67593383789063,64.3954349283661,63.231150528996906,63.79367074290168,50305500
2003-06-03,63.93754577636719,63.99641170960082,63.34886149238066,63.54509125048619,38254500
2003-06-04,64.85983276367188,64.98410697986732,63.81982280397987,63.87869374035129,49360700
2003-06-05,65.1803207397461,65.1803207397461,64.27766986662218,64.48044194163127,46262400
2003-06-06,64.92525482177734,66.32501305975,64.840219561219,65.67092023862887,60356800
2003-06-09,64.26457977294922,64.82055732762647,63.95061321800833,64.60470563300018,37808500
2003-06-10,64.918701171875,64.92524349623798,64.22536449933833,64.40196733448832,29965900
2003-06-11,65.60546875,65.6643346697752,64.56545925434452,64.85980382420726,37610200
2003-06-12,65.80827331542969,65.9979608156282,65.16072287704978,65.89984590306598,36442000
2003-06-13,65.1214370727539,65.89980861759904,64.72244031365925,65.8082360817736,48628300
2003-06-16,66.49507904052734,66.52123836205689,65.27846598578225,65.3831182428971,36326300
2003-06-17,66.49507904052734,66.8352051140659,66.21381892592859,66.76325450402909,36801800
2003-06-18,66.43617248535156,66.80900499648398,66.06333997421916,66.25302739080647,35521000
2003-06-19,65.42232513427734,66.54082762349105,65.3045882927985,66.48195670758693,43551700
2003-06-20,65.27791595458984,65.9737569626663,65.26478404404703,65.9015464797501,41545000
2003-06-23,64.60833740234375,65.42234568088061,64.2801097118116,65.28448564350286,34237500
2003-06-24,64.67398834228516,65.0481677462058,64.34576061925449,64.47705471348131,36213600
2003-06-25,64.02407836914062,65.27791027397804,64.02407836914062,64.68053360517546,47743400
2003-06-26,64.8577651977539,64.97592731483905,63.6498852221774,64.1881781981531,33477300
2003-06-27,64.10942840576172,65.11380423541667,64.05691077860622,64.82496229441806,54208800
2003-06-30,64.08973693847656,64.7724511345951,63.98470668203522,64.47704821697441,33349000
2003-07-01,64.68053436279297,64.89059984045042,63.30197935264368,63.84027245216316,51322800
2003-07-02,65.4945297241211,65.50766163212336,64.70678552807111,64.83807455796095,34662100
2003-07-03,64.81842803955078,65.54709419554156,64.2670077098059,65.03505960124728,30792800
2003-07-07,66.10504913330078,66.23634320313433,65.41577404801214,65.41577404801214,31391100
2003-07-08,66.40045928955078,66.49236263737757,65.75713084640644,65.97376231272251,30952500
2003-07-09,66.02622985839844,66.56452263378755,65.66517768841359,66.24942210285958,36528500
2003-07-10,65.18602752685547,65.67180315258582,64.74619857346693,65.5405090589036,49777700
2003-07-11,65.80307006835938,65.94092506401316,65.24508413118285,65.24508413118285,39976300
2003-07-14,66.12474060058594,66.8927920534438,65.940928920608,66.43327036603323,42114900
2003-07-15,65.98033905029297,66.60396972793245,65.6127205905569,66.55145208963336,42573600
2003-07-16,65.59302520751953,66.21666086955011,65.14007436758038,66.17727013816076,39894200
2003-07-17,64.66085052490234,65.56675708457782,64.43765811491899,65.08754749450452,52253500
2003-07-18,65.32389831542969,65.51427104089055,64.63461793042862,65.00223146463784,35698100
2003-07-21,64.51643371582031,65.31074412179508,64.23415770308902,65.28448530568554,34786000
2003-07-22,65.10066986083984,65.25822273634402,64.28010074892538,64.78557412654428,49968300
2003-07-23,65.14665222167969,65.28450729642275,64.51645544784337,65.12695935505336,37275400
2003-07-24,64.65428924560547,65.86873070203842,64.57551780502293,65.63897231974416,40896200
2003-07-25,65.79652404785156,65.83590976744262,64.35888518249406,64.76588931557731,43241100
2003-07-28,65.55362701416016,66.28885875715558,65.4288989038097,65.88842062131553,34382800
2003-07-29,65.25165557861328,65.81620751787504,64.77900697752378,65.7374310815747,53472100
2003-07-30,65.09410095214844,65.48140712158866,64.94311405034692,65.38293783853166,28363300
2003-07-31,65.24507904052734,66.24289370505768,65.10065810158041,65.63239019573552,54937200
2003-08-01,64.66744232177734,65.33702482765005,64.49019650574483,65.11383232847874,49321000
2003-08-04,64.66744232177734,64.9891041622602,63.67619296706303,64.53614819724238,55214100
2003-08-05,63.29542922973633,64.83153748861724,63.2429115950969,64.60177909751636,61415600
2003-08-06,63.66303634643555,64.37200425460499,63.295417977668585,63.47266371097825,50096900
2003-08-07,64.33262634277344,64.37857801839829,63.518623085266064,63.78776718296671,43427400
2003-08-08,64.51643371582031,64.69367947247048,64.17507912311035,64.54269253192986,27357300
2003-08-11,64.75930786132812,65.01532499411395,64.22757573231802,64.5032907285423,34631400
2003-08-12,65.35015106201172,65.37640487627716,64.60835309587591,64.79872580362942,43285600
2003-08-13,65.01534271240234,65.54706997796546,64.68054905969063,65.52737711751604,36152000
2003-08-14,65.19258117675781,65.4814231421644,64.62802915802146,65.05472615009293,35525100
2003-08-15,65.39606475830078,65.5076609333523,65.06783717872192,65.22538501458027,12567000
2003-08-18,65.96063995361328,66.03941139525904,65.47485935779763,65.59958748487963,22873800
2003-08-19,66.21009826660156,66.26261590554252,65.64554616888057,66.09850204012032,37437700
2003-08-20,65.94092559814453,66.22976750091453,65.7505579895253,65.83589536609102,21295300
2003-08-21,66.1510238647461,66.64336552944113,65.90813851551259,66.33483562658664,46494200
2003-08-22,65.4945297241211,66.84026481809157,65.4682759248275,66.79431315679459,52040300
2003-08-25,65.59957885742188,66.19038963384929,65.1728819073156,65.45515788892222,23473000
2003-08-26,65.71776580810547,65.90157256159863,64.8775035016462,65.31732752012748,45065800
2003-08-27,65.73743438720703,65.88185535684178,65.36325506058813,65.6783558132782,18919500
2003-08-28,66.14443969726562,66.30198757232534,65.42233984418885,65.90811538049772,27402400
2003-08-29,66.59082794189453,66.61708675517619,65.96063144820437,66.04596883510236,28706600
2003-09-02,67.48362731933594,67.53613995291849,66.33483019576602,66.72213653627205,49419100
2003-09-03,67.85122680664062,68.07441922633315,67.47048149361073,67.63459533456945,44912400
2003-09-04,67.88407897949219,67.9759823668572,67.45738181909239,67.68057432887626,28381000
2003-09-05,67.50330352783203,67.97595217196397,67.22102753249528,67.57551401559424,31637300
2003-09-08,68.0613021850586,68.19259127350703,67.56896059084039,67.64117109199434,32632800
2003-09-09,67.61491394042969,67.91688285799566,67.40484838871606,67.85780426924393,35053200
2003-09-10,66.93220520019531,67.4836304494318,66.6630610373928,67.30638465175078,45904900
2003-09-11,67.12913513183594,67.45736285396335,66.85342003889717,67.02409985674353,38396300
2003-09-12,67.25386810302734,67.3785962583639,66.53176801034071,66.89938651860676,42524800
2003-09-15,67.01750946044922,67.3719958720779,66.92560613243687,67.29978539887452,21312800
2003-09-16,67.99565887451172,68.03504460008931,67.07005425657611,67.10944499051149,37892600
2003-09-17,67.86436462402344,68.13351377049099,67.64773812547188,67.9300141776501,31885800
2003-09-18,68.6652603149414,68.73090487858182,67.72652853064187,67.87751553453808,30243600
2003-09-19,68.31596374511719,68.92881093575569,68.1380426377109,68.71134789413959,34331600
2003-09-22,67.57793426513672,67.84811158471989,67.23526421641698,67.77562388316701,36677400
2003-09-23,67.83491516113281,68.06555549759526,67.4527083020909,67.60426979708811,32489200
2003-09-24,66.62902069091797,68.01945955429753,66.6026610646472,67.9535630024129,41694700
2003-09-25,66.08204650878906,67.13640605075078,66.02932727479525,66.82669186309865,52673100
2003-09-26,65.86458587646484,66.3324628109943,65.79868934532563,66.1874874259382,42914700
2003-09-29,66.51038360595703,66.54992051892071,65.75915209414867,66.09523093708916,36771600
2003-09-30,65.86458587646484,66.39835934213352,65.40330513090728,66.21384704391049,70764500
2003-10-01,67.26819610595703,67.33409262679181,66.02931939290123,66.05567900675159,65797600
2003-10-02,67.51203155517578,67.58451925550139,66.97167189757447,67.16936653984132,44591500
2003-10-03,68.13146209716797,68.71794976561074,67.92718134430766,68.31597439363316,48806900
2003-10-06,68.441162109375,68.52682707223526,68.00623608043459,68.1907533526885,20226500
2003-10-07,68.70478820800781,68.73773396701854,67.81517227337133,68.04581269678314,42602900
2003-10-08,68.5334701538086,68.79047026467853,68.14467691906164,68.75093333303252,30920800
2003-10-09,68.71795654296875,69.33739505155131,68.42141961262968,69.11334079261535,40066500
2003-10-10,68.9090576171875,68.9288260748431,68.47413646601422,68.7113629854648,22682800
2003-10-13,69.12653350830078,69.38353356058485,68.86953345601673,69.00132654985009,23825600
2003-10-14,69.37033081054688,69.47576927663765,68.77066587429961,69.06061662846646,38484400
2003-10-15,69.18582916259766,69.77890805661126,68.95518876703224,69.75913959807474,39021700
2003-10-16,69.4626235961914,69.67349559676283,68.96180070948985,68.98156917398326,32772200
2003-10-17,68.70478820800781,69.60758144073175,68.52027586927836,69.50214797327956,32790300
2003-10-20,69.21878051757812,69.21878051757812,68.4939085422714,68.82998239533845,27657000
2003-10-21,69.10015106201172,69.37691948420286,68.74430379308771,69.0737914464341,26729100
2003-10-22,68.23029327392578,68.65862816234635,67.99965295787835,68.5531897163922,33914500
2003-10-23,68.10509490966797,68.50047907637315,67.76901610555645,67.80196688094124,45830500
2003-10-24,68.25669860839844,68.25669860839844,67.33413169862875,67.76246687397739,51723600
2003-10-27,68.28961181640625,68.6520502598864,68.05238029477977,68.36209950510228,32460200
2003-10-28,69.21878051757812,69.29126821786716,68.41482967988784,68.52026816306592,34956200
2003-10-29,69.3110122680664,69.47575606932844,68.44775635827953,69.0408300207574,30955400
2003-10-30,69.45600891113281,69.83162469206175,69.060624672405,69.71300891768506,39123100
2003-10-31,69.39007568359375,69.68002129063115,69.33735647228487,69.4559721839395,25761600
2003-11-03,69.84477233886719,70.2533387277462,69.66026010762545,69.68661971602873,37589300
2003-11-04,69.6932601928711,70.02933412577504,69.57464438490948,69.84482176396469,31421600
2003-11-05,69.74596405029297,69.83163408238609,69.12653050310415,69.51532363231927,33558800
2003-11-06,70.1149673461914,70.14132695940377,69.258297513327,69.58778513710836,28392300
2003-11-07,69.59437561035156,70.32583853013261,69.56801599739939,70.27311930422826,31723200
2003-11-10,69.3110122680664,69.74593328905563,69.19898768982786,69.68003677406718,25530800
2003-11-11,69.29125213623047,69.40986788848477,69.06061179228666,69.25171020042409,26558600
2003-11-12,70.0688247680664,70.16108088141152,69.29782509471885,69.34395315139142,28000000
2003-11-13,70.0886001586914,70.2072158915375,69.70639334978937,69.85795985248556,29714800
2003-11-14,69.49556732177734,70.47743957428854,69.38354267454541,70.11500600484672,49158500
2003-11-17,69.14627838134766,69.28466259094017,68.5597907669678,69.13310108749327,44382100
2003-11-18,68.42800903320312,69.48895992104902,68.3357528714412,69.35057567840613,41155000
2003-11-19,69.00790405273438,69.1990075202729,68.48072172658784,68.55320942212256,29827000
2003-11-20,68.38848114013672,69.35058483090101,68.36871267823363,68.53345656420528,53578700
2003-11-21,68.67184448242188,68.75092336183022,68.28305130406304,68.69161294537778,30016000
2003-11-24,69.58122253417969,69.70642949142987,68.98155742712797,68.98814859003171,28906400
2003-11-25,69.84477233886719,70.12813184472593,69.48892516679474,69.67344242561771,37580000
2003-11-26,70.09522247314453,70.14793668972013,69.44942430115101,70.1281682300563,33053600
2003-11-28,70.14791107177734,70.28630029405223,69.98316726463123,70.03588648953767,10507500
2003-12-01,70.90574645996094,70.95846569443621,70.37856919795695,70.41151494881682,38699000
2003-12-02,70.72784423828125,71.01779005025098,70.55650919421898,70.76078999794967,35352000
2003-12-03,70.61581420898438,71.22207043846059,70.55650380197916,70.9387107835296,39078600
2003-12-04,70.90574645996094,70.98482531167384,70.47082534449723,70.62238685913499,36089500
2003-12-05,70.4114990234375,71.03752847917708,70.25993754307927,70.58942514265323,28824400
2003-12-08,70.88594055175781,70.93206860065646,70.29945320394056,70.33899009511647,32482900
2003-12-09,70.33900451660156,71.12318653623839,70.20721150060706,71.10341808659734,43596100
2003-12-10,70.33246612548828,70.49721002109719,69.82505211156544,70.35882072451116,36915400
2003-12-11,71.12324523925781,71.23526989807311,70.29293447595087,70.29952564046515,45304000
2003-12-12,71.26160430908203,71.30114122700463,70.76737272471485,71.14957968991222,34142200
2003-12-15,70.90574645996094,71.97987949516724,70.82667263583095,71.94033755551933,38693400
2003-12-16,71.2747802734375,71.49882949178472,70.85303140036747,70.95846987553078,32894200
2003-12-17,71.49883270263672,71.49883270263672,71.03755192204018,71.20888191049978,23198800
2003-12-18,72.30277252197266,72.30936368286001,71.42633414451474,71.53177260838156,29353100
2003-12-19,72.10150909423828,72.41269180143756,71.88964076932334,72.36634576321677,41465100
2003-12-22,72.60469818115234,72.60469818115234,72.02205649976584,72.0286788056014,27611300
2003-12-23,72.65103149414062,72.7966868376357,72.4192962925391,72.48550923661864,24741200
2003-12-24,72.57820892333984,72.75034845228771,72.45241037797575,72.51199597230257,8055800
2003-12-26,72.63117980957031,72.88277692661575,72.58483376979976,72.63780211563454,8308400
2003-12-29,73.59782409667969,73.67064924779206,72.68413793914303,72.89600624136307,22483700
2003-12-30,73.6111068725586,73.67069249972555,73.39261613692963,73.5515161940499,19559500
2003-12-31,73.67727661132812,73.83617658606794,73.38595578152255,73.63755288047795,31501800
2004-01-02,73.64415740966797,74.27976220654253,73.3131129289205,73.98181914306709,38072300
2004-01-05,74.4452896118164,74.49825289339371,73.88250991443061,73.94872285624417,27959800
2004-01-06,74.51811981201172,74.63729603541101,74.15396883736436,74.25990550320296,20472800
2004-01-07,74.76972961425781,74.85579938723569,74.08115627641646,74.41220085895522,30170400
2004-01-08,75.06765747070312,75.08752438606861,74.66378273103064,74.98158770947443,36438400
2004-01-09,74.4122085571289,75.1471280105018,74.33275603061779,74.70352943632969,54084300
2004-01-12,74.96172332763672,74.98158519099631,74.39232633841478,74.51812487481037,31564100
2004-01-13,74.52472686767578,74.96833028100248,73.99505876497368,74.8756331854086,54239700
2004-01-14,75.14708709716797,75.25302374150628,74.59755212017171,74.65714274544632,30112800
2004-01-15,75.33247375488281,75.51785783749031,74.53796910046862,75.1934356929272,38408700
2004-01-16,75.63042449951172,75.68338777755832,75.23316708046578,75.50462598005798,31922700
2004-01-20,75.6105728149414,75.90851593922957,75.35898077670292,75.82906342915162,29863000
2004-01-21,76.20645904541016,76.33887990428615,75.29277785019259,75.56423177104463,30725000
2004-01-22,76.0077896118164,76.39179724320978,75.86212928034405,76.23289735948369,29888500
2004-01-23,75.76284790039062,76.38521320498144,75.44504294342086,76.14023844541435,44245300
2004-01-26,76.71627044677734,76.7559941787366,75.72975399151532,75.73637629728829,30460600
2004-01-27,75.9283676147461,77.13336940685981,75.90850575272668,76.63680265102167,35322800
2004-01-28,75.06105041503906,76.32563809282719,74.77635187218527,76.12701437423536,52621300
2004-01-29,75.13386535644531,75.37883506471955,74.52473960975144,75.18682863983477,60117100
2004-01-30,75.13386535644531,75.29276530929054,74.87564598748146,75.16034447247083,30984400
2004-02-02,75.4582748413086,75.92835736723107,74.89550027091339,75.27950800458434,38832400
2004-02-03,75.33247375488281,75.57082616147456,75.10736595495584,75.3059895928907,25093500
2004-02-04,74.71678161621094,75.29942347300617,74.67705787191703,74.94189462033842,39332600
2004-02-05,74.93522644042969,75.1735788629659,74.67038985412971,74.92860413665431,37226800
2004-02-06,75.77611541748047,75.9416377360432,74.94850382466683,75.09416427321648,37216000
2004-02-09,75.79595947265625,76.0541738076086,75.67016093207067,75.92175296190305,24851300
2004-02-10,76.0409164428711,76.23292284843444,75.65028637907315,75.66352593575363,27908100
2004-02-11,76.84869384765625,77.06056219127258,75.59072334747317,76.04094420907533,42965700
2004-02-12,76.57063293457031,76.98112509118968,76.52428688297327,76.78250132063408,27814700
2004-02-13,76.2262954711914,76.93473041288802,75.97470350030373,76.68313844200034,44739900
2004-02-17,76.9149169921875,77.08706163401554,76.65008024737683,76.70304860660711,23984300
2004-02-18,76.57719421386719,77.19955426055833,76.37194324779219,76.93471772620582,28618000
2004-02-19,76.29252624511719,77.06054694451781,76.1799672634821,77.02082321649294,51146200
2004-02-20,76.06079864501953,76.51101946263005,75.69003034275416,76.4580561704059,46728800
2004-02-23,75.8687973022461,76.31240089531791,75.59072105680258,76.28591672175097,36357000
2004-02-24,75.73634338378906,76.1335956847616,74.83590214087155,75.65689090305973,43953000
2004-02-25,76.05416870117188,76.17996218197264,75.69001771410494,75.7827097742059,31213600
2004-02-26,76.10054016113281,76.33227038882065,75.70328256927925,75.88204949588138,29683000
2004-02-27,76.15348052978516,76.63018545538507,75.89526620364163,76.26603950762967,39312000
2004-03-01,76.90827178955078,77.02744297750442,76.30576828775533,76.4249445270479,33130800
2004-03-02,76.45804595947266,77.4445572327317,76.29252369644685,76.76260631727952,38556400
2004-03-03,76.59709167480469,76.71626791809352,76.08728022521505,76.30577084646775,31346200
2004-03-04,76.79574584960938,76.86857608559043,76.48456303247961,76.61698393941839,21060000
2004-03-05,77.05392456054688,77.4313151304133,76.32562758991644,76.41831965610547,55905600
2004-03-08,76.1137466430664,77.21281674719467,76.08064522569187,77.02742759427798,39281600
2004-03-09,75.8092269897461,76.27930979985351,75.63708235251191,76.2064795706906,39746100
2004-03-10,74.5379638671875,75.98793501225839,74.52471926145263,75.95483360059532,67671800
2004-03-11,73.57134246826172,74.99482998943881,73.5580978575375,74.41881570640925,89134800
2004-03-12,74.5379638671875,74.62403359911593,73.87587501788153,73.97518935554483,54012200
2004-03-15,73.62430572509766,74.38570919856218,73.42568202637143,74.33274085836628,57677200
2004-03-16,74.01495361328125,74.19371547792603,73.38596583109742,74.00833130678632,59832600
2004-03-17,74.842529296875,74.98818966198881,74.22016411914774,74.27313244306866,41607300
2004-03-18,74.86238861083984,74.99480436480376,74.1076077003037,74.61741390953567,60014300
2004-03-19,73.78938293457031,74.79264358927674,73.77609696315783,74.68634061083682,48636200
2004-03-22,72.85257720947266,73.46383335815445,72.48714958306104,73.44390186381334,62752100
2004-03-23,72.72635650634766,73.35090385919197,72.65991648497136,73.25124129260317,54080200
2004-03-24,72.78614044189453,73.17814003216037,72.32105025404887,72.80607193712193,51584300
2004-03-25,73.74954223632812,73.94886735107264,72.9456063932089,73.13828598571573,49873600
2004-03-26,73.7694320678711,74.27438502271653,73.6166206260524,73.72292357657253,37409500
2004-03-29,74.80592346191406,74.9055859810458,74.13487297578934,74.16809043613573,44113600
2004-03-30,75.05846405029297,75.12490409449761,74.56015611518247,74.61331017816636,39059900
2004-03-31,75.1447982788086,75.3441233814745,74.66642208764877,75.07171274576763,48517600
2004-04-01,75.59658813476562,75.65638768581456,75.11157155059469,75.12485752357928,45103800
2004-04-02,76.1679916381836,76.30087166228057,75.67632946616722,76.28094016557083,50987700
2004-04-05,76.58655548095703,76.65964100271441,76.03509891094296,76.04838488351379,30251800
2004-04-06,76.34073638916016,76.52677044238665,76.15470233593366,76.29422787585354,28420900
2004-04-07,76.16131591796875,76.39386347150432,75.8158249508765,76.3739269136515,45890500
2004-04-08,75.98860168457031,76.67958894892061,75.57001998526364,76.67958894892061,46929700
2004-04-12,76.28758239746094,76.46033047657535,76.12147983997917,76.12812536161182,23085200
2004-04-13,75.21788787841797,76.60650801222262,75.09164830196805,76.57993099249377,56210300
2004-04-14,75.33745574951172,75.5035582633027,74.77935373631632,74.8192167175313,62322300
2004-04-15,75.05176544189453,75.5965815295111,74.65312038957335,75.37732497656803,61602500
2004-04-16,75.62982177734375,75.77599284687663,75.06507406518783,75.33083411628611,47059200
2004-04-19,75.62982177734375,75.73612478397345,75.25774858151966,75.44378771395573,28277600
2004-04-20,74.36079406738281,75.95537968342158,74.26777703777661,75.79592264253209,53299400
2004-04-21,74.8591079711914,75.04514204585037,74.32758276774413,74.54683431627885,50177300
2004-04-22,75.90886688232422,76.18791795538584,74.7062860181437,74.7328630349659,62071500
2004-04-23,75.98193359375,76.12145909572612,75.60322006865867,76.02179657458706,29395700
2004-04-26,75.87565612792969,76.36732341192744,75.47701095178027,76.07498125052861,35515200
2004-04-27,75.94210052490234,76.48691677680158,75.71619838340597,75.89559200592491,43485500
2004-04-28,74.95874786376953,75.74939751103001,74.74613683287345,75.66966647355143,50165800
2004-04-29,74.3010025024414,75.29097239595731,73.85584883336928,74.89232724351886,69687600
2004-04-30,73.72297668457031,74.6664382271537,73.68311368303974,74.52691265274763,48681400
2004-05-03,74.51360321044922,74.60662023076162,73.98207303519483,73.99536407755228,33758000
2004-05-04,74.45381927490234,75.25111470501962,74.18805920057841,74.58005885854016,51185100
2004-05-05,74.93218994140625,75.05178399356915,74.52025881543814,74.6863613840506,34405000
2004-05-06,74.28770446777344,74.80594362408202,73.7495338160757,74.42723000454515,54997000
2004-05-07,73.05850982666016,74.56672309354774,73.05850982666016,73.89566769513821,60950000
2004-05-10,72.30775451660156,72.91901060992672,71.99548094941132,72.71304509499143,75279400
2004-05-11,72.91903686523438,73.11836200045816,72.63998573116008,72.72635725293105,48300600
2004-05-12,73.38410186767578,73.44390141938463,71.79616195350962,72.79942273800263,90830500
2004-05-13,73.0784912109375,73.62330748200793,72.83930308519453,72.92567967279807,57393700
2004-05-14,73.11170959472656,73.57679477440013,72.60011082803736,73.05191003216952,54123100
2004-05-17,72.48713684082031,72.75290187976115,72.02869734442001,72.34761133591184,55020400
2004-05-18,72.85257720947266,73.04525676984902,72.63996615475519,72.74626914759023,30193100
2004-05-19,72.60010528564453,73.86913128752192,72.5203793003859,73.41733211788075,54804100
2004-05-20,72.8326416015625,72.99874413708682,72.44728250257477,72.71968802493015,38082900
2004-05-21,72.95886993408203,73.45053704752,72.73297293794569,73.06517798100268,47480400
2004-05-24,73.26446533203125,73.59002977892816,72.87246598897032,73.43721329680875,40961500
2004-05-25,74.31423950195312,74.40061602523923,72.81931736372813,73.01864234310938,48668000
2004-05-26,74.57341766357422,74.60664020931691,74.08840093764316,74.18806350582244,35977000
2004-05-27,74.9919662475586,75.09826922260179,74.45379064518578,74.77270970840843,45306900
2004-05-28,74.98529815673828,74.99858412372711,74.65309322252237,74.89892669869836,23367200
2004-06-01,74.88566589355469,74.98532842786163,74.32756381191113,74.71956335939215,41044700
2004-06-02,75.16470336914062,75.39725093023716,74.7195498744947,75.09826338127567,39774200
2004-06-03,74.47376251220703,75.20461803894156,74.46047653401608,74.9521388318699,38688300
2004-06-04,75.06504821777344,75.46369322620205,74.88565466910046,75.06504821777344,32739500
2004-06-07,76.20783233642578,76.2809178490118,75.35738826529384,75.36403378526889,31643800
2004-06-08,76.31414031982422,76.35400330155015,75.85569575379004,75.98858080795397,32846500
2004-06-09,75.60322570800781,76.20783626166978,75.55671720387997,76.08160178992094,36737600
2004-06-10,75.97531127929688,75.97531127929688,75.6962601901132,75.76934572333482,21711000
2004-06-14,75.2244873046875,75.64306370356377,74.99194486086736,75.62313221824277,34633000
2004-06-15,75.75605010986328,76.04174670366451,75.41720455160069,75.67632412864744,37445000
2004-06-16,75.74273681640625,75.87561678320269,75.54341179716582,75.74273681640625,26633400
2004-06-17,75.62982177734375,75.78927882181233,75.29761664442285,75.64310775227945,28402400
2004-06-18,75.77251434326172,76.16594992501213,75.47244040997576,75.53245316161255,31799800
2004-06-21,75.48577880859375,76.11260582524088,75.43910052570841,75.85254037951522,25284000
2004-06-22,75.86585235595703,75.93920464839121,75.13233451916508,75.43907815682172,37334000
2004-06-23,76.51937103271484,76.57938378365724,75.63247862674828,75.75917899547234,35580000
2004-06-24,76.27930450439453,76.6393962474485,76.19261772992898,76.39266530659191,35272100
2004-06-25,75.91255187988281,76.64607500960487,75.80586084400126,76.29265300394852,32837900
2004-06-28,75.6524658203125,76.42599724172985,75.6257968842738,76.36597941676825,40824500
2004-06-29,75.96588134765625,76.13259018405168,75.63246367486539,75.70581596988337,28418100
2004-06-30,76.37264251708984,76.5460211114813,75.7858293120987,76.0658989039661,52230600
2004-07-01,75.31238555908203,76.28596455313914,75.07232442766521,76.18593823379047,57734700
2004-07-02,75.27239227294922,75.5457972803781,75.08567913985209,75.45911049359766,34615100
2004-07-06,74.61219787597656,74.98562399877379,74.4388192814424,74.9322810437666,38698200
2004-07-07,74.832275390625,75.06566678179259,74.51886191353535,74.55887041272099,29839800
2004-07-08,74.31217193603516,74.8989855197267,74.15212770521258,74.55889788866952,45291100
2004-07-09,74.50556182861328,74.64559672794239,74.27216524217832,74.4988920464872,27412900
2004-07-12,74.53887939453125,74.71225806769681,74.0187484625862,74.36550072136568,35691300
2004-07-13,74.59224700927734,74.69893808318804,74.41886829067533,74.63225552604973,26752000
2004-07-14,74.36546325683594,74.94561174349136,74.09873323255901,74.19208975856576,54089400
2004-07-15,73.88536071777344,74.62554838233933,73.81867311101607,74.51218250338187,38403500
2004-07-16,73.82539367675781,74.46555545913164,73.64535024228383,74.39887289405067,40871200
2004-07-19,73.51191711425781,73.99203931204576,73.34520830044528,73.85200451894916,39592800
2004-07-20,74.44550323486328,74.61888186241289,73.51860244102356,73.70531553797684,46679800
2004-07-21,73.07180786132812,74.72555643106297,72.9851160228615,74.56551739569652,56241100
2004-07-22,73.27188110351562,73.61196862465229,72.5316933097452,72.92512889057996,72477100
2004-07-23,72.65840911865234,73.15853583760304,72.478365738353,73.09852307335396,49610500
2004-07-26,72.51834106445312,72.97178928564549,72.15824938107538,72.81175023332752,49679100
2004-07-27,73.19851684570312,73.42524351863776,72.6650515984484,72.71839964943892,51295100
2004-07-28,73.4185791015625,73.59862751491549,72.41165618767687,73.05182267120917,65862300
2004-07-29,73.73197937011719,73.93203199636508,73.35188345028587,73.71197512500231,52200500
2004-07-30,73.91201782226562,73.95203139742398,73.41856115407306,73.56526572537203,41581700
2004-08-02,74.0654067993164,74.25878967353736,73.38523693787567,73.47859348576851,38263100
2004-08-03,73.491943359375,74.05875254397341,73.45860463531119,73.97206575634587,40948800
2004-08-04,73.48526763916016,73.85202918707346,73.11184139950367,73.27855026900045,40763200
2004-08-05,72.28496551513672,73.60529688848186,72.19827364854429,73.5452841385802,50772000
2004-08-06,71.25138092041016,71.99156882344697,71.0980115855765,71.77151186037078,74729000
2004-08-09,71.35138702392578,71.67147025096645,71.26470025438678,71.36472149325859,37476300
2004-08-10,72.27159118652344,72.29160051441491,71.52473908012402,71.55807778484633,55870600
2004-08-11,72.12490844726562,72.23826922718652,71.41805957015094,71.80482526493356,52933200
2004-08-12,71.33806610107422,71.98489228132323,71.10466959925257,71.804848929615,50015900
2004-08-13,71.47813415527344,71.58482524241055,71.0780285877368,71.41811628512149,41634700
2004-08-16,72.21827697753906,72.44499857503892,71.41807143257093,71.44474545949157,45731900
2004-08-17,72.62506866455078,72.87179458400495,72.37166787693586,72.51837252501777,40701600
2004-08-18,73.37189483642578,73.46525138108096,72.34496775766867,72.36497200473048,43165400
2004-08-19,73.15850067138672,73.36521798783703,72.80507877388793,73.22518318434976,39881600
2004-08-20,73.67198944091797,73.7720106974552,73.0251581817041,73.091840715246,44870900
2004-08-23,73.48526763916016,73.86536365811078,73.38524638750285,73.7186641264964,33745100
2004-08-24,73.58528900146484,73.83868972199393,73.25187128502182,73.77867188750787,30453100
2004-08-25,74.0854263305664,74.19878714960065,73.28522572996415,73.57196521123103,38551400
2004-08-26,74.0854263305664,74.22546118129424,73.91871744814499,73.99206976341452,26629500
2004-08-27,74.31879425048828,74.43882481138274,74.05206419298923,74.1520854207765,24902900
2004-08-30,73.70531463623047,74.24544967260137,73.65196658416784,74.16543268205768,26726500
2004-08-31,74.09205627441406,74.12540006799144,73.41855132703047,73.79198248241222,44125300
2004-09-01,74.23212432861328,74.44551147554492,73.67198497574931,73.98539337315603,52778300
2004-09-02,75.07233428955078,75.1523512855012,74.17877216354977,74.17877216354977,42736600
2004-09-03,74.76561737060547,75.23240030594982,74.69226503968673,74.90565225120878,30480500
2004-09-07,75.2590560913086,75.43909944054755,74.89896430527946,75.04566893153775,37338800
2004-09-08,75.07233428955078,75.39241244845367,74.89228587356112,75.09900831738445,32963100
2004-09-09,75.00566101074219,75.2723911468613,74.70558197628134,75.06567376510361,34314800
2004-09-10,75.3924331665039,75.53246803544972,74.73893711142344,75.03234132312096,27900600
2004-09-13,75.63916015625,75.84587755834322,75.35909043324271,75.55913805501146,44398100
2004-09-14,75.79251861572266,75.81252286493127,75.4791051446528,75.55245745011813,28048900
2004-09-15,75.21907043457031,75.59249680570014,75.1390483175199,75.5524882909513,38295000
2004-09-16,75.44579315185547,75.59916760638134,75.21907144848562,75.25241018204147,23911700
2004-09-17,75.76648712158203,75.90710482122564,75.45846666873506,75.63256185378339,33683000
2004-09-20,75.3111801147461,75.65937572619798,75.18395233905764,75.4451003248287,37149400
2004-09-21,75.63929748535156,75.98080070430656,75.35806194443765,75.4986797148946,40920800
2004-09-22,74.69512939453125,75.34464794973061,74.64155927387732,75.33125797393107,49042100
2004-09-23,74.29337310791016,74.79558159248475,74.29337310791016,74.72862148295391,44068700
2004-09-24,74.63487243652344,74.8156703424804,74.41389948867763,74.44068455284639,34981100
2004-09-27,74.15943145751953,74.46075441769344,74.04559879334072,74.39379432751339,39355100
2004-09-28,74.51428985595703,74.66830258955154,73.93173172290072,74.266537126717,41662900
2004-09-29,74.8893051147461,74.89600265638137,74.32683422684025,74.4674519488167,33325700
2004-09-30,74.83576202392578,74.98307733067966,74.50095636629568,74.69514426076861,43536700
2004-10-01,76.101318359375,76.101318359375,75.13707654010163,75.1705591455541,62824300
2004-10-04,76.2285385131836,76.63030933048256,76.20175856017661,76.40263886009794,33082400
2004-10-05,76.26871490478516,76.44281524312704,76.02765446976652,76.23523230208282,36910600
2004-10-06,76.79100799560547,76.79100799560547,76.12139683593286,76.18165938811408,42297800
2004-10-07,75.96736907958984,76.6035026213964,75.90710653926146,76.59010753995005,39388800
2004-10-08,75.33794403076172,76.18165031316082,75.23080380578762,75.76649471320393,51872600
2004-10-11,75.64598846435547,75.67946596371368,75.42501551193061,75.51876068409956,20229100
2004-10-12,75.3513412475586,75.5522266343313,74.95627312462722,75.13036834385413,41754700
2004-10-13,74.68843078613281,75.7129350625576,74.54111551080128,75.66606248483646,54212600
2004-10-14,74.08573913574219,74.94953768816308,74.04556412219122,74.78213498673404,64082200
2004-10-15,74.50091552734375,74.82232592159386,74.03888233829235,74.34020522149258,63482200
2004-10-18,74.78221130371094,74.92952664870322,74.12598979658082,74.25321761429784,43535100
2004-10-19,74.15272521972656,75.15044934869394,74.05228254187207,75.00982653446155,55851900
2004-10-20,74.00541687011719,74.20630224454717,73.48981856854688,73.91167172437713,57118500
2004-10-21,74.48754119873047,74.54111131560477,73.79784254733822,74.18621823158566,53218300
2004-10-22,73.65052032470703,74.49423170525051,73.56347272455274,74.4540566757527,48752400
2004-10-25,73.56348419189453,73.73758452806953,73.2219810617472,73.48982655384847,43990900
2004-10-26,74.68843078613281,74.72860582168585,73.57687378770603,73.74427658081409,54337400
2004-10-27,75.58570861816406,75.73302389605493,74.407196612493,74.58129184206591,73896000
2004-10-28,75.81336212158203,76.04102742105741,75.32454381869849,75.51873163169459,54413300
2004-10-29,75.80000305175781,76.09463368162103,75.59912271126586,75.74643802619748,48820200
2004-11-01,76.00757598876953,76.22854382320261,75.79999302304417,76.04105348672437,36720900
2004-11-02,76.03437042236328,76.71737174780691,75.81339745197037,76.1147205143395,56210000
2004-11-03,76.9919204711914,77.24637096223555,76.49640436043721,77.02539797571512,76960200
2004-11-04,78.04320526123047,78.12355535403013,76.79103019156739,76.8579903051435,55350300
2004-11-05,78.5320053100586,78.77306576485068,78.00301181808308,78.37799758594207,63287200
2004-11-08,78.41816711425781,78.49852229645057,78.15701915804128,78.3311194984283,33863800
2004-11-09,78.26416015625,78.67932096559363,78.1838100767649,78.39808546993909,44658100
2004-11-10,78.32442474365234,78.71280047498117,78.18380700135636,78.3846873008957,45265400
2004-11-11,78.92039489746094,79.09449528062086,78.41148883600148,78.46505897062443,37863200
2004-11-12,79.54312133789062,79.68373908793957,78.79985243854014,78.9940403149111,55583700
2004-11-15,79.73851776123047,79.76537706609416,79.40272008790978,79.58404857700198,35297900
2004-11-16,79.1677017211914,79.52365175725559,79.06696646216908,79.490069921669,40028700
2004-11-17,79.63777923583984,80.01387099882899,79.29526416662273,79.4967448247189,54494000
2004-11-18,79.74524688720703,79.78554610075534,79.4027368771815,79.60421244945529,31854300
2004-11-19,78.85874938964844,79.73182566679883,78.67070345275266,79.71839088623912,54276500
2004-11-22,79.23487091064453,79.32889390819271,78.59685185714581,78.69087485469399,37560200
2004-11-23,79.35576629638672,79.42292485509023,78.82520497205068,79.20129699988601,41968800
2004-11-24,79.54376983642578,79.6445050587568,79.28184801063142,79.4295947113392,29724800
2004-11-26,79.48336029052734,79.9064689152083,79.44978357553106,79.59081807580162,15487700
2004-11-29,79.12065887451172,79.9265764944304,78.89903626861077,79.77882467458531,61460800
2004-11-30,79.17439270019531,79.4094500992792,79.00649382601152,79.24826861474553,53685200
2004-12-01,80.0743408203125,80.2556693668908,79.31543455873951,79.35573377654273,49898300
2004-12-02,80.14149475097656,80.50415694718207,79.92658438921039,79.98702552664437,60163500
2004-12-03,80.08776092529297,80.6854804921007,79.98030318912369,80.12805501442301,49067900
2004-12-06,80.0609130859375,80.34969940691725,79.81242086243978,80.0609130859375,33030500
2004-12-07,79.31547546386719,80.3363041102263,79.27518134915069,80.24899336318036,52047200
2004-12-08,79.7788314819336,79.79897852747399,79.25498780241473,79.38930485526214,43895100
2004-12-09,80.0609130859375,80.22881199060322,79.06695443968249,79.34230597892294,60922800
2004-12-10,80.14149475097656,80.29595885144154,79.81912664639371,79.86613812790921,47828600
2004-12-13,80.83995819091797,80.8601052375974,80.15492786061301,80.43028449554494,38541000
2004-12-14,81.12202453613281,81.23619454629717,80.71235085366797,80.71235085366797,41500700
2004-12-15,81.18246459960938,81.33693382368544,80.79965535822724,81.06157720107464,46699200
2004-12-16,81.13545989990234,81.42424620254765,80.6183335608651,81.07501875751657,51641800
2004-12-17,80.59429168701172,80.95191790385115,80.40535747042269,80.60778478188038,70761900
2004-12-20,80.61453247070312,81.16784201576839,80.41210001477167,80.8034666839345,47187400
2004-12-21,81.2353515625,81.29608338376005,80.60781686587067,80.70228401176556,33094200
2004-12-22,81.4310302734375,81.70093859528782,81.17462019911987,81.22859774503151,31500700
2004-12-23,81.49172973632812,81.835862860497,81.41750999196948,81.55921065531635,25646100
2004-12-27,81.32308197021484,81.88989007998562,81.23536393511631,81.78192466933437,29944100
2004-12-28,81.76841735839844,81.86963362627742,81.37705053490546,81.40404188287808,23422900
2004-12-29,81.88986206054688,81.91685340397433,81.61320465146977,81.70092780462707,22650600
2004-12-30,81.7346420288086,82.03154158181445,81.67391538282341,81.91683226290621,21076900
2004-12-31,81.5592269897461,82.0922944384719,81.51199342583733,81.84937749606337,28648800
2005-01-03,81.17460632324219,82.1597671537317,80.90469804752962,82.02481044183934,55748000
2005-01-04,80.18272399902344,81.33657725591215,79.91956475524569,81.28259455255416,69167600
2005-01-05,79.62940979003906,80.46612105387662,79.6226606654712,80.12198777394659,65667300
2005-01-06,80.03424072265625,80.39861609607648,79.79807292916308,79.91953138696982,47814700
2005-01-07,79.91952514648438,80.45259249478562,79.71034356166275,80.27715136985917,55847700
2005-01-10,80.2973861694336,80.60777880912676,79.85203685069715,79.85203685069715,56563300
2005-01-11,79.74408721923828,80.1219556744739,79.61587964418123,80.05447990004919,63099700
2005-01-12,80.00720977783203,80.18939480032273,79.29870159999977,79.8925004989279,72720500
2005-01-13,79.3662109375,80.1152038003188,79.28523692733246,80.05447200567536,55537500
2005-01-14,79.78458404541016,79.98026742528297,79.4606982186411,79.6023989113616,42032500
2005-01-18,80.61453247070312,80.71574869866885,79.58888224448822,79.65636316184617,57391700
2005-01-19,79.77107238769531,80.64826768350159,79.76432326635346,80.58754103563852,54378900
2005-01-20,79.28524017333984,79.75757571514399,79.1435395107986,79.54839928206948,72049300
2005-01-21,78.79936981201172,79.62258721538726,78.71165186584194,79.48088661861966,63160400
2005-01-24,78.64420318603516,79.17726531287734,78.52274475443386,79.00857333276835,58441900
2005-01-25,78.86688232421875,79.26499812291962,78.75892212075378,78.88712968868528,68245000
2005-01-26,79.10308074951172,79.3527416963147,78.97487314024124,79.16380741827797,57195100
2005-01-27,79.2380142211914,79.45393979645637,78.93437065062476,79.07607132676065,55878800
2005-01-28,79.2380142211914,79.31898824244269,78.6847046128205,79.27849865778116,60738900
2005-01-31,79.73058319091797,79.79130983515188,79.42693452553574,79.58887739156373,52532700
2005-02-01,80.23664855957031,80.35135786002745,79.69008309326418,79.79129930169644,49841200
2005-02-02,80.47958374023438,80.695509312141,80.22992285438492,80.33788306630238,52468900
2005-02-03,80.27041625976562,80.40537297483216,80.00725710047625,80.33789204326276,48837100
2005-02-04,81.12736511230469,81.26231666340148,80.28390504777053,80.29739814365155,50024600
2005-02-07,81.01939392089844,81.3230374630447,80.94516902871668,81.14085236737121,45412000
2005-02-08,81.11390686035156,81.4108065968325,81.01943969839385,81.0869155072102,39263500
2005-02-09,80.5065689086914,81.30279535932273,80.46608447583482,81.25556180496626,55279400
2005-02-10,80.79673767089844,80.98567193115089,80.47285183848638,80.74276013087808,45858600
2005-02-11,81.49172973632812,81.6739199806822,80.60778529675278,80.7697281765676,53133000
2005-02-14,81.4310302734375,81.5524887608665,81.29607868654887,81.43777939720385,32432100
2005-02-15,81.7346420288086,81.93707447823459,81.43099850274062,81.51197251212523,43852700
2005-02-16,81.78863525390625,81.95732726750182,81.42425988677122,81.5997010223707,55523000
2005-02-17,81.12736511230469,81.86960893948041,81.12061599032835,81.80213316393201,58124000
2005-02-18,81.2353515625,81.29608338376005,80.90471655186792,81.13413529244882,47723300
2005-02-22,80.02751922607422,81.28933779842066,80.01402612524755,80.90472007394105,80697600
2005-02-23,80.60104370117188,80.6820177226757,80.04099011700379,80.25016657079891,68292600
2005-02-24,81.13414764404297,81.18813034936485,80.28394320155675,80.45937927174171,68563600
2005-02-25,81.93708038330078,82.0990232656699,81.09362036335742,81.15434701371906,60899900
2005-02-28,81.39728546142578,81.84938406434384,80.99917469768606,81.74816780553911,69381300
2005-03-01,81.8021469116211,81.99782514917567,81.4984981485145,81.52548949288438,47294400
2005-03-02,81.76166534423828,82.2744906414438,81.4107881291438,81.48501304642643,64226500
2005-03-03,81.79536437988281,82.25420675061514,81.44448219446195,82.09226389861269,61230800
2005-03-04,82.8143081665039,82.88178396073134,82.18002437500522,82.35546555845502,56168500
2005-03-07,82.85479736328125,83.16519015297995,82.59163814705684,82.76707934056424,43442400
2005-03-08,82.54434967041016,82.99644287982852,82.39589992449487,82.7737682609556,44362000
2005-03-09,81.62671661376953,82.51741050425814,81.61996748976046,82.30148486862674,73263600
2005-03-10,81.80886840820312,81.98430952436539,81.24206577639276,81.78187707124961,65149000
2005-03-11,81.2353515625,82.13279459657468,81.08015774341841,81.85613713497301,57976500
2005-03-14,81.741455078125,81.75495333094798,81.16115376053874,81.38382859944221,36336400
2005-03-15,81.066650390625,81.95734420051082,81.02616594638062,81.93035285499032,62438500
2005-03-16,80.37840270996094,81.08016236811694,80.22995285849494,80.76976441610243,74874200
2005-03-17,80.54026794433594,80.79667780066885,80.28385808800304,80.50652750226142,62584200
2005-03-18,80.30118560791016,80.97182844236266,80.03699281954121,80.68731392693344,60232000
2005-03-21,80.00314331054688,80.46378820952302,79.77282344520594,80.41636910970023,61244300
2005-03-22,79.19023895263672,80.5653979458596,79.19023895263672,80.18604516656887,92472400
2005-03-23,79.2579574584961,79.74569956209058,79.08860284854205,79.22408446918827,70817300
2005-03-24,79.35279846191406,79.92860312267307,79.29860374440216,79.56957216366897,51932500
2005-03-28,79.46794891357422,79.89472580288103,79.46794891357422,79.54246534922169,46765500
2005-03-29,78.93958282470703,79.86764809902935,78.7499064575856,79.3528085537759,71160300
2005-03-30,80.05731201171875,80.07085810656577,79.10214952378793,79.10892515535772,62002100
2005-03-31,79.90829467773438,80.24700396604368,79.84732948661961,80.06410322440583,64575400
2005-04-01,79.54925537109375,80.6060265866635,79.19700002200152,80.3621555110254,95255300
2005-04-04,79.68472290039062,79.84053140325005,79.08182095019448,79.50182221018291,71581200
2005-04-05,80.06411743164062,80.19282346959719,79.71185681504653,79.78637328516088,46853900
2005-04-06,80.34185791015625,80.57895342481382,80.05734329256717,80.24024407007597,53268200
2005-04-07,80.77540588378906,80.78895715229285,80.1521819082754,80.21315227995316,46734600
2005-04-08,79.93541717529297,80.75509329053911,79.93541717529297,80.72799591875884,63772900
2005-04-11,79.99636840820312,80.21991781010927,79.82024327484767,80.13185524343153,44945000
2005-04-12,80.40960693359375,80.65347810729601,79.30541618532165,79.86089937691122,86144800
2005-04-13,79.461181640625,80.47730925665195,79.34601658290644,80.31472511691717,65949000
2005-04-14,78.42473602294922,79.59667228036,78.42473602294922,79.52893146526934,96119800
2005-04-15,77.32733917236328,78.71604429025975,77.29346617287801,78.40443233451282,128677300
2005-04-18,77.56442260742188,77.87603451473248,77.1986159766764,77.30700542354614,100035200
2005-04-19,78.18083953857422,78.26212641756709,77.78793572913908,77.97083637516393,64930100
2005-04-20,77.09026336669922,78.32993587269513,76.92090866261447,78.16058116861036,107735900
2005-04-21,78.58731079101562,78.72279240500876,77.48311548063165,77.76085950809755,86952200
2005-04-22,78.28926849365234,78.91926800722287,77.40862223397953,78.40442841687751,88845800
2005-04-25,78.8040771484375,78.91923702645518,78.39085154539357,78.48568970003069,52284100
2005-04-26,78.03858184814453,79.1021283145663,78.0047140359615,78.5534211752639,72626000
2005-04-27,78.34345245361328,78.62796699010474,77.52377666898231,77.80829120547376,84131900
2005-04-28,77.36119842529297,78.36378018033216,77.36119842529297,78.0860360865743,72481500
2005-04-29,78.41119384765625,78.49248593080523,77.20538970655872,77.95054904639834,103993800
2005-05-02,78.85152435302734,78.85829998600174,78.25539269032761,78.62797497951495,56026400
2005-05-03,78.98699951171875,79.15635414410592,78.37055133734192,78.62796851798485,86000300
2005-05-04,79.5966567993164,79.76601138825112,78.77020557838829,79.02085223059674,81055700
2005-05-05,79.56959533691406,79.9354020342151,79.08185307384602,79.7118526355932,96906700
2005-05-06,79.31890106201172,79.92857852566834,79.29857934127169,79.88793508418827,67415400
2005-05-09,79.81342315673828,79.9895533602213,79.29181334463924,79.40019758411933,43750500
2005-05-10,78.98699951171875,79.59667722197122,78.84474224070871,79.50183904129786,74613500
2005-05-11,79.4205551147461,79.52894457138771,78.47894367542047,79.21055700287015,91647400
2005-05-12,78.54666900634766,79.65763487628924,78.54666900634766,79.47473416465552,95086800
2005-05-13,78.39085388183594,79.000531442883,77.76763022756202,78.78375777320981,85267000
2005-05-16,79.12247467041016,79.14956685950563,78.35021807387761,78.37731026297308,49207000
2005-05-17,79.65089416503906,79.73218110355396,78.6889608251185,78.85831550475076,61071800
2005-05-18,80.47052764892578,80.66697959362904,79.9421421547614,79.99633169568938,77944900
2005-05-19,80.80924224853516,80.89053431781683,80.4095627015989,80.62633638472444,61768100
2005-05-20,80.69412231445312,80.8770231005322,80.43669988508165,80.84315009615338,46345500
2005-05-23,81.14118957519531,81.3173198376835,80.74151512879911,80.75506122516289,51047900
2005-05-24,80.95148468017578,81.17503395357373,80.7482571283065,80.91084123711846,50654100
2005-05-25,80.89054107666016,81.20215294917172,80.49763712807453,80.84989245447677,47608800
2005-05-26,81.32408905029297,81.43247331752688,81.03279890268095,81.14795880170848,43256200
2005-05-27,81.45956420898438,81.45956420898438,81.15472799028016,81.33085305658857,24596100
2005-05-31,80.9379653930664,81.40538064789497,80.88377067218126,81.34441546311896,43377200
2005-06-01,81.62895202636719,81.91346663536302,80.91766033558314,80.96507943708244,69611000
2005-06-02,81.80504608154297,81.85923562474687,81.3579474641387,81.44601516239284,39704500
2005-06-03,81.39181518554688,81.89310331372602,81.10730072103642,81.6627835572057,60999400
2005-06-06,81.31732177734375,81.42570605571882,80.9853881414352,81.2563514215195,36046400
2005-06-07,81.3782730102539,82.13698350194996,81.29698610748488,81.55440324674078,66501300
2005-06-08,81.22925567626953,81.68989529958796,81.06667151337626,81.58151102595217,46881200
2005-06-09,81.61540985107422,81.68315068957416,80.91089376042645,81.11411627592629,56653300
2005-06-10,81.42570495605469,81.73054639447253,81.01925487312411,81.66957603947166,36465300
2005-06-13,81.68313598632812,82.0218452861537,81.16152077035223,81.24958849601488,49383200
2005-06-14,81.87279510498047,82.1031148995195,81.5476319716571,81.59505105690293,33857100
2005-06-15,82.02861785888672,82.13023168510433,81.44604260304641,82.07604212364298,53195600
2005-06-16,82.2386245727539,82.40120360050292,81.91346134896179,82.00829954583989,46564500
2005-06-17,82.5433349609375,82.91061805442311,82.44811399475458,82.66576265876604,51529400
2005-06-20,82.57054901123047,82.86981270755058,82.25767935330485,82.3529003279277,41019400
2005-06-21,82.61814880371094,82.74057649654273,82.31887995697693,82.63855255432402,39879800
2005-06-22,82.6861572265625,82.93781557446859,82.34608090249354,82.76097443298991,46310100
2005-06-23,81.5230941772461,82.70655829366493,81.50269042872809,82.51611638862659,62185600
2005-06-24,80.924560546875,81.62511691119418,80.82933440660048,81.53669375004341,58572500
2005-06-27,81.04016876220703,81.21700985938548,80.76810673327515,80.91774110864526,48183800
2005-06-28,81.7203140258789,81.78152525268041,81.18979597032805,81.21019971259521,41174200
2005-06-29,81.50267791748047,81.89036464726804,81.45506744852943,81.86996090188217,42316500
2005-06-30,81.06059265136719,81.83596625356952,80.90415525937944,81.76795202672163,62288800
2005-07-01,81.29863739013672,81.48228149341426,81.08098877121132,81.24422393811727,49737500
2005-07-05,81.95158386230469,82.06041076716079,81.06738861153482,81.10819610627964,51549000
2005-07-06,81.26463317871094,82.06041045815296,81.21702270530378,81.88356933300392,52363600
2005-07-07,81.58428192138672,81.58428192138672,80.43482784304824,80.4552315856887,103268800
2005-07-08,82.51609802246094,82.51609802246094,81.42785510077886,81.59789321945267,64491200
2005-07-11,82.93779754638672,83.04661924807485,82.50929815014433,82.5229041060752,49688300
2005-07-12,83.15543365478516,83.40708672105613,82.73373729981749,82.97178960135126,51871100
2005-07-13,83.27110290527344,83.33231416309347,82.97183402929873,83.16227597249944,41182300
2005-07-14,83.59756469726562,83.95804477147948,83.3118966405266,83.64517517519664,63638800
2005-07-15,83.5499267578125,83.68596036503283,83.22345647878677,83.51592224787106,56075900
2005-07-18,83.21663665771484,83.40707848012549,83.01259407191078,83.31866054519212,56598400
2005-07-19,83.67239379882812,83.73361024818303,83.25750537166253,83.46154809481962,59165700
2005-07-20,83.95805358886719,84.1552985007686,83.18267990161526,83.37991962436323,69477000
2005-07-21,83.46831512451172,84.07365043071172,83.29827700054202,84.03284294148754,101110900
2005-07-22,84.02604675292969,84.03964752071944,83.40710544087624,83.57714357858515,52607100
2005-07-25,83.78797912597656,84.30489123420477,83.55672460248397,83.93761349015095,57301600
2005-07-26,83.89000701904297,84.01923765481776,83.62474795866972,83.81519501792006,42758800
2005-07-27,84.19612121582031,84.26413546241719,83.69280956401813,83.9988762682813,43181600
2005-07-28,84.72660827636719,84.77421875029644,84.09406615750576,84.31171477963268,47880700
2005-07-29,84.16205596923828,84.76739118612299,83.99882084727467,84.61776201799442,62358100
2005-08-01,84.10086059570312,84.36611966482144,83.96482697746814,84.22328825753866,40418200
2005-08-02,84.60418701171875,84.74701844432741,84.16208675508076,84.25050991990008,45147400
2005-08-03,84.82862854003906,84.84222930808048,84.42053803981736,84.50895600496717,36837200
2005-08-04,84.14844512939453,84.54973250391507,84.04642124445107,84.49532426254218,50855600
2005-08-05,83.57717895507812,84.32535122900488,83.4343474816433,83.9648658655882,53595500
2005-08-08,83.42071533203125,83.9376327480073,83.23707122871957,83.76079162348742,47616000
2005-08-09,83.92402648925781,84.06005492969118,83.57034943063962,83.6995748923056,47170000
2005-08-10,83.88325500488281,84.67903262025436,83.53637558696909,84.21652845942093,72863700
2005-08-11,84.21646881103516,84.35930019038764,83.66554703508254,83.84238292048033,58570200
2005-08-12,83.6996078491211,84.12810746459792,83.48876212668291,84.04648725470842,54776900
2005-08-15,84.21646881103516,84.25047850623139,83.54311939718741,83.80837841443503,36208500
2005-08-16,83.12142944335938,84.01242748323628,83.03980928209799,83.95801923154669,71942100
2005-08-17,83.1146240234375,83.57033009064898,82.99899935691197,83.10782623539565,62275100
2005-08-18,83.10784912109375,83.35950226587133,82.86979155614372,83.01262817077478,53388600
2005-08-19,83.29832458496094,83.53637705667637,83.1146804002414,83.40714634810742,39842100
2005-08-22,83.29832458496094,83.81524223008209,82.89703168479376,83.37314181737932,69912000
2005-08-23,83.14183807373047,83.3934963605495,82.4004743580107,83.31867917228307,55168600
2005-08-24,82.40048217773438,83.47512444831493,82.35966949625583,82.93780331302466,79104600
2005-08-25,82.69974517822266,82.75415862703656,82.44128908008477,82.53651002093305,35631100
2005-08-26,82.13519287109375,82.63170114217556,82.08077944191622,82.62490335539103,61956800
2005-08-29,82.76776123046875,82.82897246604034,81.87675790698458,81.89716684132699,56179200
2005-08-30,82.33245849609375,82.50249661344284,81.8835553754994,82.46848691431242,74160200
2005-08-31,83.37311553955078,83.42752899855114,82.12163192830782,82.42770374332004,102945200
2005-09-01,83.3118667602539,83.76076983901868,82.39366204995903,83.3322705021703,74578700
2005-09-02,83.16224670410156,83.57714015826431,83.00581452973643,83.55673641283859,47653400
2005-09-06,84.1348648071289,84.20288421057882,83.42070777327221,83.42751075144758,57251300
2005-09-07,84.27769470214844,84.42732388604624,83.97162297841534,84.0872476524438,41749700
2005-09-08,83.99887084960938,84.33894724981022,83.86964015700376,84.10769778846759,39068700
2005-09-09,84.74699401855469,84.84221494618257,84.20287517341704,84.22327891660139,43093900
2005-09-12,84.57698059082031,84.79462923022781,84.52256713368023,84.64499481766899,33017600
2005-09-13,84.107666015625,84.62457821246858,84.01243988552002,84.4273333521656,58427500
2005-09-14,83.8016128540039,84.28452064432767,83.67238218153936,84.16209295177,57694600
2005-09-15,83.76080322265625,84.1008795612061,83.59076505338133,84.060066871956,73156900
2005-09-16,84.35641479492188,84.52034483011246,83.92609649833088,84.21980730080335,75424100
2005-09-19,84.07636260986328,84.3905692263937,83.76899314264935,84.33592414428041,53355300
2005-09-20,83.3659896850586,84.43154263161027,83.24304086728405,84.15149052008553,84480300
2005-09-21,82.58731079101562,83.24303604407241,82.49851124312056,83.18839097017407,94469100
2005-09-22,82.88103485107422,83.09961519549186,82.26629587174739,82.614646570368,84597200
2005-09-23,82.94935607910156,83.2567256142122,82.58050951022298,82.81274334364116,59368100
2005-09-26,83.04499053955078,83.49579958271157,82.70346648424211,83.34552816457679,70415400
2005-09-27,83.0244369506836,83.32497434773278,82.6624173492269,83.0039411454679,66150800
2005-09-28,83.10643005371094,83.41380471071788,82.78539673274972,83.28402395256552,58620500
2005-09-29,83.78266143798828,83.9192689392351,82.70344445991519,83.02447782021154,66607700
2005-09-30,84.04220581054688,84.04220581054688,83.15424154512739,83.75532697202355,47824200
2005-10-03,83.74169158935547,84.24714569747808,83.63923333752494,83.98758930925148,50994800
2005-10-04,82.79904174804688,84.03535639834134,82.75806055427721,83.87142641202236,60776300
2005-10-05,81.71299743652344,82.86051782256328,81.67201624063506,82.8195366266749,106052100
2005-10-06,81.41929626464844,82.14333048153148,80.71575785935626,81.81546524221297,140941800
2005-10-07,81.69935607910156,81.99989880924691,81.3714908088301,81.76082788595401,75661400
2005-10-10,81.00948333740234,81.76766695549406,80.80457208544699,81.74717635142274,52677000
2005-10-11,80.89334869384766,81.54907393648811,80.81821302124125,81.27585378257767,75629800
2005-10-12,80.25810241699219,81.37146825958142,80.19663062717449,80.86601443542168,100510400
2005-10-13,80.21031188964844,80.65429404909663,79.83463347521342,80.23080249202822,99052900
2005-10-14,81.05729675292969,81.15292304640789,80.29911313232233,80.68162351747732,88651000
2005-10-17,81.35784149169922,81.4671264535178,80.90702734468654,81.14609829544662,68109300
2005-10-18,80.4766616821289,81.25533546787159,80.46300302415062,81.2416768098933,74996900
2005-10-19,81.81547546386719,81.82913933996821,79.99857078556975,80.25812710782887,116563800
2005-10-20,80.37425231933594,81.83597453896135,80.12152790896369,81.61739939989332,131966700
2005-10-21,80.68842315673828,81.13240520526173,80.26493691671563,80.7977132904476,96579500
2005-10-24,81.93843078613281,82.02722514285897,80.87970959904192,80.90020020357547,71308400
2005-10-25,81.77449035644531,82.1296729494978,81.24171386124576,81.77449035644531,76594500
2005-10-26,81.53539276123047,82.33455719148853,81.41244398648003,81.63101900700974,80855800
2005-10-27,80.66796875,81.53544263896617,80.55185183926996,81.4193205169934,66623100
2005-10-28,81.82913970947266,81.93159272448372,80.66795516400919,80.89336221951727,72322000
2005-10-31,82.0545654296875,82.85373565800663,82.0545654296875,82.16385562582268,77698900
2005-11-01,82.3004379272461,82.58049006054871,82.11601729186377,82.36191494653472,66365100
2005-11-02,83.16107177734375,83.16107177734375,82.05453243699056,82.08185497503842,74012300
2005-11-03,83.51624298095703,83.78263638785108,83.1610604571659,83.4342805892117,84897600
2005-11-04,83.40696716308594,83.64603285051722,83.02446206319588,83.60505165016933,59156000
2005-11-07,83.48894500732422,83.75533326471603,83.22938347666631,83.58457129401658,46765400
2005-11-08,83.48894500732422,83.6187205614114,83.18840227129581,83.28402855798817,42152800
2005-11-09,83.5982437133789,83.98074892308297,83.23622910973147,83.38650050247026,57666800
2005-11-10,84.2470932006836,84.37004198401867,83.16104995725709,83.56404556243098,79048100
2005-11-11,84.53404235839844,84.5886822510523,83.62558704826226,84.25399010935516,34867000
2005-11-14,84.48619079589844,84.71159262735371,84.27444241734615,84.55449453910433,45092200
2005-11-15,84.17881774902344,84.7594073942706,83.91926143536656,84.39056613163672,69592500
2005-11-16,84.34957122802734,84.39055763960582,84.00122060267778,84.26760882735269,51133000
2005-11-17,85.13507843017578,85.14191036740797,84.11050671747832,84.47935315939836,55717500
2005-11-18,85.46977233886719,85.5722305547128,84.92333720642608,85.42195919963807,72437200
2005-11-21,85.90010833740234,86.0025665681983,85.3673317907539,85.48344868707633,50021200
2005-11-22,86.26895141601562,86.41921757580864,85.66786593187595,85.76349222049055,66438800
2005-11-23,86.76757049560547,87.02713202260661,86.20747144805173,86.23479398832774,50854700
2005-11-25,86.83589172363281,86.89736875444162,86.61731656866006,86.73343869102274,15270000
2005-11-28,86.22116088867188,86.93152630150675,86.09138008669086,86.91786763293976,54498500
2005-11-29,86.12550354003906,86.73342093947997,86.12550354003906,86.50801389138587,51738900
2005-11-30,85.6610336303711,86.41921195183433,85.5790660120749,86.17331951942884,56007200
2005-12-01,86.53533172607422,86.7675654881552,86.05036838945682,86.0776857169146,65468200
2005-12-02,86.6446304321289,86.80173375179292,86.40556469458994,86.58998534605078,46699400
2005-12-05,86.460205078125,86.56266330613823,86.18698487383702,86.54216749154202,59273400
2005-12-06,86.6241226196289,87.25252535096723,86.49434186878511,86.7812259080841,57935200
2005-12-07,86.11866760253906,86.6582759881827,85.84544744115429,86.58996703940565,66816500
2005-12-08,86.06404876708984,86.62414792363231,85.70886609687088,86.21432016222805,62608600
2005-12-09,86.28939819335938,86.5967675061897,85.94104248390954,86.17328136062251,50744500
2005-12-12,86.37139892578125,86.6514510469021,86.03670693696498,86.54899282670566,48389900
2005-12-13,86.95881652832031,87.22520476193084,86.26211004300998,86.35090438379972,88630900
2005-12-14,87.30032348632812,87.4915760054997,86.84268278527608,86.87683725423115,64375000
2005-12-15,87.0476303100586,87.4301354852089,86.87003638820646,87.32084531445614,55900300
2005-12-16,86.76747131347656,87.4541401239733,86.76747131347656,87.39920536180541,46238300
2005-12-19,86.32112121582031,87.1176594184851,86.30739014699034,87.0215262200761,48733000
2005-12-20,86.40351104736328,86.92537541048632,86.16317808554798,86.4241102671095,46603200
2005-12-21,86.54083251953125,87.04210284297002,86.38290169409325,86.67130121443964,51806900
2005-12-22,86.99406433105469,86.99406433105469,86.5751959806223,86.73312685702791,32247900
2005-12-23,87.0421371459961,87.11080297711122,86.80866703356418,87.05586821667228,27977300
2005-12-27,86.15633392333984,87.24127186891607,86.09453100802621,87.17946895360242,44499500
2005-12-28,86.34856414794922,86.51336312158797,86.17689702240658,86.34169599604533,30764300
2005-12-29,85.96410369873047,86.49283658459503,85.87483336556097,86.32803747247571,32788900
2005-12-30,85.4970932006836,85.87475771822407,85.39409188176721,85.69622768689135,44645600
2006-01-03,87.00090026855469,87.20690292218463,85.41469764774548,85.96403456484859,73256700
2006-01-04,87.41289520263672,87.54335864484632,87.00088994426898,87.11075941019757,51899600
2006-01-05,87.46784973144531,87.61204951760054,87.12451541044737,87.30991887755121,47307500
2006-01-06,88.19575500488281,88.29188823156895,87.45415133713158,87.90735532482442,62885900
2006-01-09,88.42234802246094,88.6214773726189,88.15454759832586,88.18200974127582,43527400
2006-01-10,88.5115966796875,88.56653143639227,88.07212910378287,88.1613993931448,44960800
2006-01-11,88.79313659667969,88.88240688927694,88.39486745443624,88.5940072644249,49598900
2006-01-12,88.44295501708984,88.77255315011219,88.19575379788914,88.63522146783086,40509200
2006-01-13,88.36051177978516,88.51157971233069,88.03091378047283,88.28498829124386,44856700
2006-01-17,88.12020874023438,88.18200641784385,87.7631380289334,88.03093844297553,52066600
2006-01-18,87.77000427246094,88.51160258196072,87.31680559659257,87.60520523022399,75067600
2006-01-19,88.10646057128906,88.42233278833403,87.76312621602554,87.98286523270603,81530400
2006-01-20,86.49967193603516,88.10647445725158,86.49967193603516,88.08587523090789,114957800
2006-01-23,86.8086166381836,87.08328504205674,86.60948217634717,86.66441690489461,67017400
2006-01-24,86.8979263305664,87.30992650397852,86.80865604643505,86.95285584518597,53008800
2006-01-25,86.97344207763672,87.33050742272347,86.4103688307226,87.23437424370529,87747700
2006-01-26,87.4541244506836,87.66699006735087,87.04212428599655,87.37859047595657,71294000
2006-01-27,88.26436614990234,88.34677349641126,87.51589998454733,87.66010498264042,65771200
2006-01-30,88.19575500488281,88.44981914446704,88.13395731867085,88.19575500488281,33709600
2006-01-31,87.55026245117188,88.26439331508078,87.54339429703815,88.11333583507177,72937000
2006-02-01,88.161376953125,88.1888390856206,87.70131027027514,87.76997607924498,63561000
2006-02-02,87.13823699951172,87.98970450489234,87.0695711946829,87.96224237405289,83626900
2006-02-03,86.70565032958984,88.16138979050481,86.61638528881751,86.91852117891798,86040400
2006-02-06,86.93224334716797,87.06958020991064,86.63697564085328,86.82237909583947,45511900
2006-02-07,86.1631851196289,86.9734543419437,86.10825036991052,86.78118271792937,71208100
2006-02-08,86.94597625732422,87.96224804646839,86.245571381854,86.4172385244289,59422200
2006-02-09,86.80180358886719,87.61893588023325,86.77433620881504,87.15200089708104,62023300
2006-02-10,86.95972442626953,87.29619062500785,86.14258699046712,86.81552462681024,64508700
2006-02-13,86.80180358886719,87.0627358410619,86.48593133770113,86.932267095531,52308700
2006-02-14,87.72187805175781,87.9141443435161,86.66440820822368,86.8360752885598,90964400
2006-02-15,88.0309066772461,88.11331402872332,87.37170549294675,87.67384133365844,85471300
2006-02-16,88.69013214111328,88.72446767178934,88.01718926860791,88.12705877567812,61017900
2006-02-17,88.44978332519531,88.69012153344946,88.29185247625405,88.61458756608944,40342600
2006-02-21,88.23008728027344,88.85494799174144,88.09274512345932,88.65581862873778,46456300
2006-02-22,88.76565551757812,89.02658246854523,88.33991384795412,88.42232120728256,42326700
2006-02-23,88.63517761230469,89.01971032352496,88.08584067724834,88.76564631312526,43423200
2006-02-24,88.8617935180664,88.90985487569031,88.41545260386958,88.65579082518573,36777400
2006-02-27,88.89614868164062,89.29440737071543,88.77254284751763,88.85493975177661,35858600
2006-02-28,88.05152130126953,89.20513012421165,87.98286072037799,88.71759075453909,74394800
2006-03-01,88.83430480957031,88.91671215843166,88.23690653840964,88.30557758283905,48641600
2006-03-02,88.82747650146484,88.86867495308039,88.31247490080183,88.51160424285507,60642300
2006-03-03,88.41544342041016,89.3149880699649,88.33990945679048,88.35364576228437,73402500
2006-03-06,88.01034545898438,88.70387722716883,87.79061163601025,88.6764150833062,57478400
2006-03-07,87.87296295166016,87.93476059790389,87.48156214218947,87.79742900256366,61780800
2006-03-08,88.05840301513672,88.19573466762988,87.33053058809612,87.68759602789838,66692400
2006-03-09,87.46784973144531,88.36051582272039,87.46784973144531,88.08585255701482,56313600
2006-03-10,88.29873657226562,88.47040376856184,87.50907166039669,87.69446992729509,60490800
2006-03-13,88.46351623535156,88.69011812873262,88.25751356157504,88.47037914930934,45479100
2006-03-14,89.39053344726562,89.42486898054341,88.31246895093197,88.38114001748755,69877300
2006-03-15,89.78881072998047,89.85748180276747,89.16395006965111,89.36994233254286,53398900
2006-03-16,89.97416687011719,90.2763026669207,89.8436981871585,89.96043056724545,65526400
2006-03-17,90.04931640625,90.24234733269924,89.88386733752009,90.09067867343248,47286800
2006-03-20,89.9045639038086,90.24236282338188,89.76668614973389,90.0631227950246,45538500
2006-03-21,89.3392562866211,90.30442165633428,89.24274080158966,89.87698692028174,87102700
2006-03-22,89.88390350341797,89.9735182785721,89.24275654592655,89.28411882975166,51605700
2006-03-23,89.69775390625,89.89078489142872,89.38752628859844,89.80115960566727,46704200
2006-03-24,89.76667785644531,90.0148619986101,89.44265937863581,89.61500918515587,43209200
2006-03-27,89.6357421875,89.81498230301389,89.4427111340532,89.64263239676472,32523000
2006-03-28,89.08415222167969,89.98726335631336,88.96695563743059,89.57361969004972,82079900
2006-03-29,89.64259338378906,89.96661190807504,89.13243409633056,89.21516916851773,61505700
2006-03-30,89.48403930664062,90.29752550462672,89.31168946611143,89.69775142579293,70571700
2006-03-31,89.50473022460938,89.78738651861417,89.18760185485269,89.63571780082627,62925600
2006-04-03,89.43575286865234,90.22166751476968,89.27030379750977,89.67015658509882,61624700
2006-04-04,90.00796508789062,90.12516169896264,89.18068808541915,89.43576244367009,54809300
2006-04-05,90.31819915771484,90.50433991548954,89.88388474877199,90.0424436434845,50607200
2006-04-06,90.22167205810548,90.45607578635592,89.752885640399,90.20789164774745,57906200
2006-04-07,89.30477142333984,90.58705440901066,89.17379440623043,90.35266119599709,80180900
2006-04-10,89.44266510009766,89.67705832730321,89.1117458764448,89.44266510009766,41496500
2006-04-11,88.684326171875,89.66327192261903,88.41546086370866,89.51850395943639,72799400
2006-04-12,88.84980010986328,89.02214996388186,88.66365932209115,88.7739657533191,43033700
2006-04-13,88.73258972167969,89.10486072013751,88.45682368634182,88.649854651379,51051800
2006-04-17,88.69813537597656,89.14624080876779,88.25692015067109,88.81533201963887,64167700
2006-04-18,90.1045150756836,90.2699747473132,88.88427498099455,88.88427498099455,92531800
2006-04-19,90.2768325805664,90.3595676464118,89.78736498822232,90.13895483002152,87269000
2006-04-20,90.40091705322266,90.9041755048138,90.03553633255278,90.31129179439536,86005500
2006-04-21,90.41471099853516,90.85592611517464,90.0493302231649,90.78699249909236,72342600
2006-04-24,90.249267578125,90.35957399406904,89.88388677978432,90.2354766462823,52546400
2006-04-25,89.87696838378906,90.39401777254795,89.56674085441307,90.3388645754194,84359800
2006-04-26,89.89764404296875,90.40780319579136,89.8287104403037,89.96658816502989,67262400
2006-04-27,90.33200073242188,90.74564457190266,89.33926393318784,89.55297605980631,124478600
2006-04-28,90.63531494140624,90.82834587857177,90.11137532901375,90.16651800872069,55854400
2006-05-01,89.89764404296875,90.86280915484429,89.84250136859515,90.63530617531782,64990300
2006-05-02,90.5732650756836,90.62841827085298,90.13205003372492,90.31818023310066,49063500
2006-05-03,90.23546600341795,90.53191314637814,89.93212865504853,90.4147060186374,60821300
2006-05-04,90.55946350097656,90.73870347465854,90.29059828075604,90.3664326002744,42921400
2006-05-05,91.35919952392578,91.55223048921044,90.8973032484662,91.03518100661256,62588200
2006-05-08,91.24889373779295,91.53154998154793,91.24889373779295,91.35229942726492,30016700
2006-05-09,91.42815399169922,91.53157022344004,91.21444183992968,91.29027620211252,29864000
2006-05-10,91.37989044189452,91.5177682147977,90.92488432385429,91.28337494892232,64378200
2006-05-11,90.2768325805664,91.37987562372167,89.98039594286479,91.35229376197388,80626900
2006-05-12,89.09793853759766,90.11824620367211,89.0634664806273,89.87006212063835,91726500
2006-05-15,89.2771987915039,89.44265839091905,88.66363390784397,88.7877207178574,84029300
2006-05-16,89.14617919921875,89.62186617200388,88.93935740417389,89.4564066320893,62137600
2006-05-17,87.4503173828125,89.00147137312526,87.3951641656182,88.70502414563103,144789500
2006-05-18,87.00907135009766,88.07074673644047,86.94013248286987,87.79498600783091,87906300
2006-05-19,87.6226577758789,87.89152310603015,86.72644176194135,87.46409886819983,124309400
2006-05-22,86.95393371582031,87.67090963465319,86.51961404082031,87.05734466502014,110852800
2006-05-23,86.29210662841797,87.98802822631244,86.29210662841797,87.6778006541448,92006500
2006-05-24,86.98152923583984,87.4778976921869,86.00947872524397,86.64372497070941,168405000
2006-05-25,88.0570068359375,88.0570068359375,87.16078531705531,87.49858962383964,78977900
2006-05-26,88.50508880615234,88.50508880615234,87.90530949925696,88.25000390243314,62989700
2006-05-30,86.9332504272461,88.24311014540682,86.89878361816508,88.22242900801837,72419900
2006-05-31,87.90530395507812,87.90530395507812,87.00218731870784,87.29173901463295,86926200
2006-06-01,88.74635314941406,88.89113160518323,87.73983098170832,87.81566531198806,73721700
2006-06-02,88.93252563476562,89.22896233756933,88.4637390760806,89.10487549064695,91702600
2006-06-05,87.63642883300781,88.83598197699108,87.39513490349923,88.82909177192403,86105100
2006-06-06,87.4227066040039,87.81566391844565,86.6988406351366,87.6984673224907,130498600
2006-06-07,86.76783752441406,88.00186348861111,86.71957976088466,87.49170923705704,108599400
2006-06-08,86.69196319580078,87.2090126780819,85.39589438704121,86.57476657547824,204957200
2006-06-09,86.41619873046875,87.52613199248663,86.37483645675599,87.11249347626173,94972200
2006-06-12,85.47862243652344,86.81605883520052,85.36142581140419,86.78158676442449,95815900
2006-06-13,84.4858627319336,86.06458205964798,84.4858627319336,85.30624409330227,185688800
2006-06-14,85.14083099365234,85.23045102752197,84.34112511715297,84.68582483777504,163566400
2006-06-15,86.9470443725586,87.11249873710074,85.38900043233014,85.45104384664616,134057000
2006-06-16,86.31344604492188,86.94356953075689,86.18187953650659,86.75661132459285,94253500
2006-06-19,85.6348648071289,86.88819667313115,85.55177460101578,86.83279968042373,95804400
2006-06-20,85.9256820678711,86.42424438396752,85.66948024867249,85.87029036393062,65494700
2006-06-21,86.56273651123047,87.04052099315695,85.83566558928736,85.86336408262254,75008200
2006-06-22,86.18186950683594,86.59733624780795,85.89104331645017,86.52116672895268,74566100
2006-06-23,86.16803741455078,86.76354178063437,85.88413183592964,86.09186788286935,54107000
2006-06-26,86.54889678955078,86.59736783896422,86.03648779818745,86.2372979408855,37899600
2006-06-27,85.80104064941406,86.75661483178173,85.70409328780421,86.56273067445615,69780200
2006-06-28,86.38269805908203,86.39654466413374,85.62100799050124,85.99492972226578,62368100
2006-06-29,88.127685546875,88.18308254849616,86.6735485934869,86.69432114835763,110634800
2006-06-30,88.13459777832031,88.39773085360068,87.91301508926465,88.31463536409929,54227800
2006-07-03,88.4946517944336,88.64005962114092,88.1553492556273,88.23844472526396,23914000
2006-07-05,87.98917388916016,88.2523016493608,87.60832621247083,88.14151295983588,69653400
2006-07-06,88.24537658691406,88.52927688205646,87.99609544423205,88.07918563649464,50100300
2006-07-07,87.670654296875,88.32847637752364,87.44907162185093,88.07227454627726,81626500
2006-07-10,87.83683776855469,88.23845800783447,87.53216489991793,87.89916070090037,60964100
2006-07-11,88.22459411621094,88.22459411621094,87.2066971119003,87.67063490967766,73640800
2006-07-12,87.28286743164062,88.21766897862071,87.0543588606387,88.04455738536711,82561300
2006-07-13,85.86335754394531,87.0266677606973,85.86335754394531,86.86740275688523,102405700
2006-07-14,85.53096008300781,86.04337412135918,85.05317575393116,85.95335272608207,103242500
2006-07-17,85.4063491821289,85.93261000386791,85.27478793890484,85.53098976404216,81159000
2006-07-18,85.84259796142578,85.89799495224439,84.74853116602355,85.66256038273923,122771000
2006-07-19,87.03357696533203,87.42827114423322,85.66945691175982,85.98798157517604,133565300
2006-07-20,86.4381103515625,87.45600769890082,86.3203956974624,87.33136709957473,112259800
2006-07-21,85.82872772216797,86.68736504743723,85.73871159354394,86.65966655794982,101560000
2006-07-24,87.39366912841797,87.46983866343678,86.1680411900244,86.1680411900244,92884000
2006-07-25,87.70526885986328,88.14843416000811,87.0543675139862,87.23440506809101,95480700
2006-07-26,87.82298278808594,88.2522961975266,87.37289154787975,87.65679183964403,84525800
2006-07-27,87.73989868164062,88.41849860166506,87.38674947413057,88.2038365861856,87257100
2006-07-28,88.6192626953125,88.73005133479877,87.84372108712854,87.96836160839122,82137000
2006-07-31,88.52928161621094,88.60545115182293,88.25230196698071,88.39772037711082,49593100
2006-08-01,88.0930404663086,88.2038291540083,87.66372175447239,88.17613066134656,65225600
2006-08-02,88.68856048583984,88.95169357103987,88.32156463853266,88.3423371909541,64770900
2006-08-03,88.92399597167969,89.01401741569425,88.04459106603943,88.17615233483608,63693800
2006-08-04,88.77164459228516,89.62335088069645,88.27308751960305,89.38100093047638,96294200
2006-08-07,88.56391143798828,88.68855202357243,88.21768817613763,88.56391143798828,45377300
2006-08-08,88.22459411621094,88.95166491441753,87.90606413853907,88.69545257393374,90901300
2006-08-09,87.92681884765625,89.04858356860234,87.67061185748628,88.75774687307813,78910600
2006-08-10,88.19690704345703,88.28692318091775,87.44213765893468,87.64987370900984,69322300
2006-08-11,87.94761657714844,88.07917779750439,87.51829791786136,88.05840525128748,47482200
2006-08-14,88.01687622070312,88.74394716865497,87.88530969339148,88.37694608104604,57839000
2006-08-15,89.06940460205078,89.23558501466573,88.56391628757228,88.8062715275491,68143000
2006-08-16,89.81031799316406,89.94188453197425,89.35330072126428,89.54719548143981,71737600
2006-08-17,90.038818359375,90.2742476356772,89.66490189500651,89.72721954475206,70992800
2006-08-18,90.4958267211914,90.4958267211914,89.73413141262613,90.14960350200612,58288400
2006-08-21,90.10804748535156,90.21191021216156,89.87953892047672,90.14266135035966,42133600
2006-08-22,90.1011199951172,90.37810488791538,89.79644189598581,90.0111091501144,60839900
2006-08-23,89.85185241699219,90.32272152277176,89.45716341337061,90.14267867384358,66592100
2006-08-24,89.77568054199219,90.0872899059748,89.60256892462166,90.011120371696,57983000
2006-08-25,89.8864974975586,90.19117571258228,89.70646517317972,89.7687828355535,41756000
2006-08-28,90.31580352783205,90.58586784079122,89.76877537153952,89.77569603370651,52681500
2006-08-29,90.41966247558594,90.59277409529736,89.88647572842417,90.35734482830456,61817800
2006-08-30,90.47503662109376,90.73815903182064,90.39886710501416,90.62044442804164,50052200
2006-08-31,90.46117401123048,90.7035344152648,90.41962892845676,90.60659236682925,37510300
2006-09-01,91.00131225585938,91.11210622497036,90.59969204225288,90.80742809286237,48794500
2006-09-05,91.1744155883789,91.29906143377993,90.84896493736235,91.0636216293321,52348300
2006-09-06,90.37118530273438,90.82128184929896,90.24655000934074,90.7866574125025,53795600
2006-09-07,89.95575714111328,90.41277451827678,89.56798866324071,90.0596199241511,86269400
2006-09-08,90.2119369506836,90.33658282569309,89.90033811200388,90.0734497519255,45096300
2006-09-11,90.30197143554688,90.4958556550088,89.65799054770031,89.92112365949757,68496600
2006-09-12,91.1882781982422,91.29214094337914,90.27424377745815,90.40581029856143,69875600
2006-09-13,91.55528259277344,91.71454233892048,91.0705721267418,91.15366233066273,62898400
2006-09-14,91.56217193603516,91.56910316125492,91.22980066814182,91.37521904115948,57805400
2006-09-15,91.77713012695312,92.07618659672416,91.58238260116288,92.02054596255066,76703100
2006-09-18,91.9023208618164,92.07619387772058,91.56152593019222,91.65889439460388,64154100
2006-09-19,91.67276000976562,91.89532244947308,91.15810293957432,91.88836074050644,92089100
2006-09-20,92.1596221923828,92.34045686719742,91.84665297906368,91.97879812993172,75204100
2006-09-21,91.71450805664062,92.3265442885588,91.40153884254195,92.22917585278668,88932500
2006-09-22,91.43634033203124,91.58238771907818,91.10945822072333,91.57543661905524,65966800
2006-09-25,92.13875579833984,92.39609499500672,91.14420756316176,91.61713691943471,92299100
2006-09-26,92.9037857055664,92.91769851149866,92.083099953347,92.1526533706468,73962700
2006-09-27,93.01506805419922,93.1750281810912,92.68818609118412,92.84119512120655,82432200
2006-09-28,92.98030090332033,93.1889505668326,92.69514671693229,93.01507761596616,58597500
2006-09-29,92.9037857055664,93.1541631505396,92.8342322882666,93.05679473373677,47966600
2006-10-02,92.55606079101562,93.07767970173212,92.46564345053498,92.87598111333128,51687400
2006-10-03,92.75083923339844,93.10553643118612,92.25703510719016,92.42395705387366,73108100
2006-10-04,93.83576965332033,93.89141028104468,92.55606705275358,92.6603865970089,80890500
2006-10-05,94.01659393310548,94.17656471778832,93.71753749736432,93.83576985189208,60505900
2006-10-06,93.89836120605467,93.96096354485664,93.47411070626072,93.8566333884298,64983600
2006-10-09,93.95399475097656,94.1000527140177,93.64102553001848,93.7870834930596,41176800
2006-10-10,94.07915496826172,94.2043383666733,93.78008805145627,93.96092266564187,56403700
2006-10-11,93.96790313720705,94.19045500807624,93.40455644352431,93.78011736852504,104071800
2006-10-12,94.7815933227539,94.85809782237958,94.16955732574856,94.2043340278256,59158600
2006-10-13,95.02506256103516,95.08070318702715,94.61471427088972,94.69818051605986,53944000
2006-10-16,95.1711196899414,95.31717767471213,94.87901433276537,94.94856777548767,42273000
2006-10-17,94.8720474243164,95.073735394818,94.35737962608354,94.91377523805028,90500600
2006-10-18,94.99722290039062,95.53970565817323,94.6564387085616,95.3101920895171,86848600
2006-10-19,95.15023040771484,95.19891992711044,94.74684389469256,94.85812512842888,64063200
2006-10-20,95.1711196899414,95.2476242319898,94.81642260173447,95.1711196899414,48094500
2006-10-23,95.6092529296875,95.83876648357123,94.85812055671212,94.97635288222278,66219900
2006-10-24,95.89443969726562,95.92920580713424,95.43541243345088,95.47714025518572,53234900
2006-10-25,96.22132110595705,96.26304892739785,95.63709976868894,95.79707056736616,78105400
2006-10-26,96.52037048339844,96.6733795590278,95.9639748095066,96.43691484664234,66843700
2006-10-27,95.91529083251952,96.49950148372383,95.72055394878475,96.40213304185646,80238000
2006-10-30,95.8457260131836,96.11696739848048,95.56057182002552,95.74140648513207,49717800
2006-10-31,95.83181762695312,96.15869964641396,95.45625669627654,96.02656510890644,71274100
2006-11-01,95.18499755859376,96.19345843366963,95.08762914194564,96.13086672561616,83005600
2006-11-02,95.12936401367188,95.28932415025557,94.83725874202948,94.94157826320097,60693100
2006-11-03,94.96244049072266,95.55361273322232,94.32258934332322,95.47015711775867,71346400
2006-11-06,96.03353118896484,96.1726274586058,95.24762187756411,95.25458358908348,63303300
2006-11-07,96.4021453857422,96.65947402669208,95.97789484634704,96.11699112220197,63318900
2006-11-08,96.61075592041016,96.70812433525256,95.18499579336256,95.9778559177539,87517800
2006-11-09,96.1030731201172,96.77075006546958,95.90833622196546,96.68033271548306,95916300
2006-11-10,96.14483642578124,96.21437927176144,95.78317754463389,96.0752829674333,48991500
2006-11-13,96.38125610351562,96.70117639252936,96.0265591016014,96.10305301267456,59398200
2006-11-14,97.1045379638672,97.18800417585418,96.0613005190904,96.65247264940795,96704000
2006-11-15,97.38275146484376,97.68180780393531,97.0419567090862,97.06978232019684,76509600
2006-11-16,97.63314056396484,97.8417796104077,97.01415329733862,97.67486837325342,76728800
2006-11-17,97.66095733642578,97.66790843397904,97.18106629618283,97.3201625337871,56353800
2006-11-20,97.71659088134766,97.88351272180878,97.32711719930026,97.577494653811,69174200
2006-11-21,97.8139419555664,97.83480585537882,97.57051564127498,97.70962245650438,51367900
2006-11-22,98.00871276855467,98.17563463733154,97.71660745746796,97.89048042447412,45505300
2006-11-24,97.6123046875,97.95308896945032,97.50797452195896,97.5358001443828,30998000
2006-11-27,96.2699737548828,97.6122784483204,96.24215875230148,97.56358892834972,84545100
2006-11-28,96.687255859375,96.7846242696116,96.05435588665672,96.1447732005767,106652900
2006-11-29,97.69576263427734,97.73749045653172,96.72902917337616,97.00027063039546,90034900
2006-11-30,97.7374496459961,98.09910830846556,97.20191805515728,97.67485793874984,83994300
2006-12-01,97.52191162109376,97.82792986977674,96.6525464202299,97.73751249292908,126080000
2006-12-04,98.2660140991211,98.44684872654636,97.52879462154024,97.54270742650236,87813200
2006-12-05,98.69026184082033,98.73200025460513,98.24514760502656,98.45379722450876,73374400
2006-12-06,98.6068115234375,98.80851005761376,98.4120746981121,98.669403228929,53253200
2006-12-07,98.17565155029295,98.96851199193458,98.14087482842793,98.78072618375576,62857400
2006-12-08,98.35645294189452,98.69028604753215,97.91133859692334,98.15476498142014,79625500
2006-12-11,98.6416015625,98.82242560692396,98.30080676593995,98.35644738246177,39779400
2006-12-12,98.56513214111328,98.66945170151406,97.98787247804096,98.54426822903312,77451600
2006-12-13,98.6694107055664,98.99629267549506,98.45380996207344,98.91978815886576,55520200
2006-12-14,99.53880310058594,99.62226934983067,98.6485742659839,98.66248707625216,64755200
2006-12-15,99.54788208007812,99.93253600974452,99.47795179290642,99.75769428457724,70857400
2006-12-18,99.27513122558594,99.92554800424192,99.13525997720048,99.68775514334524,48954600
2006-12-19,99.46392822265624,99.7017103282508,98.7435814094508,98.99535383640048,65023600
2006-12-20,99.40805053710938,99.77172445872384,99.31712938883167,99.50596151544832,41469600
2006-12-21,99.0443878173828,99.61087358980576,98.83458617685392,99.49898293868952,48698400
2006-12-22,98.4358901977539,99.06531613290834,98.37993956573034,99.05832630571484,62069100
2006-12-26,99.01634216308594,99.03732231110769,98.456846649031,98.47782679705274,32696900
2006-12-27,99.666748046875,99.72969916239934,99.19118379662476,99.21915377014388,39727100
2006-12-28,99.45699310302734,99.79967612855336,99.30313149795651,99.59686437904784,37288800
2006-12-29,99.0443878173828,99.6878044151655,98.9115063307162,99.3521111188218,45461200
2007-01-03,98.86947631835938,99.91153664168678,98.30999144261658,99.48492248746442,94807600
2007-01-04,99.07926940917967,99.34503214403964,98.3379424871892,98.7715463838656,69620600
2007-01-05,98.28902435302734,98.89048034400898,98.1771337537576,98.84153020773331,76645300
2007-01-08,98.7436294555664,98.89749105087232,98.08622276134903,98.48486707777629,71655000
2007-01-09,98.65966796875,99.03033147533858,98.19108287707311,98.82750915121171,75680100
2007-01-10,98.9883804321289,99.00937125565078,98.12117235755808,98.31699422417029,72428000
2007-01-11,99.4219970703125,99.74369985535074,98.96041237370122,99.01636300403212,54476800
2007-01-12,100.17731475830078,100.17731475830078,99.38702677671225,99.41499675618375,55370600
2007-01-16,99.9814682006836,100.31716122891255,99.82060617609372,100.0583989645995,44871300
2007-01-17,100.0234603881836,100.33118354196606,99.82063800433043,99.90456929176624,50241400
2007-01-18,99.687744140625,100.19128911642916,99.52689275630982,100.1283486623264,68177300
2007-01-19,99.88355255126952,100.0793743644046,99.63178012416896,99.68772006664602,56973000
2007-01-22,99.57586669921876,100.07941174148095,99.26114304418554,100.0584315873444,60253600
2007-01-23,99.86963653564452,100.06545849447647,99.35210097501933,99.49197227825692,54064400
2007-01-24,100.67388153076172,100.69486168787896,99.94654451721134,99.98850483144582,55834700
2007-01-25,99.49190521240234,100.65285652253958,99.31706353333912,100.61089622700268,73583800
2007-01-26,99.40098571777344,99.76464869353998,99.0163319246663,99.70870875225916,67255600
2007-01-29,99.3450927734375,99.86961806720277,99.12829069278696,99.44300373474724,66114600
2007-01-30,99.86255645751952,99.91151724396082,99.35202180535356,99.55484410419903,70407600
2007-01-31,100.53398895263672,100.79975178178886,99.58983939648483,99.75070146228308,91868600
2007-02-01,101.13545989990234,101.17043038337223,100.64590514580372,100.81374639206996,69312400
2007-02-02,101.27532958984376,101.37324053914328,100.97460691395707,101.2193789514593,49607000
2007-02-05,101.30329132080078,101.36623177541576,100.94660740166694,101.19837989161802,45705300
2007-02-06,101.3312759399414,101.42918688509738,100.9396321593175,101.38722657595804,57081300
2007-02-07,101.5550765991211,101.65997737002242,101.107482190788,101.49212546508784,55669700
2007-02-08,101.42219543457033,101.4921257248527,100.89767023573629,101.25434352920612,70641000
2007-02-09,100.66685485839844,101.63897424451532,100.2822009995414,101.45014222807822,79084400
2007-02-12,100.3241958618164,100.73681983825084,100.1423642802081,100.66688953986016,65657000
2007-02-13,101.17041778564452,101.3382590110112,100.54098117604372,100.54798167476196,64081800
2007-02-14,101.83482360839844,102.0376353316123,101.25434775024442,101.26833807748112,66039400
2007-02-15,101.96772003173828,102.07262082270574,101.7089469615277,101.87679889857014,38715200
2007-02-16,101.91876220703124,101.93974236584069,101.56907866488122,101.71595044804197,39841800
2007-02-20,102.1355209350586,102.24742218219876,101.40818417162816,101.79982786512842,56911800
2007-02-21,102.09356689453124,102.1565180195885,101.65297304807612,101.83480458220912,63971600
2007-02-22,102.01665496826172,102.4013089302886,101.5271002309061,102.14254657014912,79067400
2007-02-23,101.6180419921875,101.96072504219916,101.4292098867454,101.9257652243168,71966200
2007-02-26,101.52708435058594,102.0725896399562,101.23335155411668,101.9886690328196,69192800
2007-02-27,97.56167602539062,100.8486981012668,97.21199259877632,100.62490625740912,274466500
2007-02-28,98.5617446899414,99.29608186505996,97.77146756928973,98.18409136440305,177536300
2007-03-01,98.2680206298828,98.78555587941224,96.54758435838905,97.4497627927348,212828600
2007-03-02,96.98119354248048,98.37293732578978,96.97420371616896,97.9463231479958,162574000
2007-03-05,96.05803680419922,97.61762182167428,96.04404647980968,96.46366016807912,143750400
2007-03-06,97.70154571533205,97.99527850845992,96.31680235587446,97.05812950112455,143333300
2007-03-07,97.6036148071289,98.233051239136,97.49171357412912,97.62459495438024,115144900
2007-03-08,98.42891693115234,98.72264979507754,97.96034231454594,98.28903499181244,117891600
2007-03-09,98.45686340332033,98.904457756433,97.9673087470238,98.8275269767656,107765100
2007-03-12,98.603759765625,98.8485318191679,98.02328385977567,98.2051154428213,80366900
2007-03-13,96.68743896484376,98.449845903612,96.540567273493,98.03721147147806,190605200
2007-03-14,97.40784454345705,97.4637951895718,95.63844671211876,96.8133782660453,231853800
2007-03-15,97.54070281982422,97.9043765974195,97.07212827537072,97.1910193683074,132435900
2007-03-16,97.26760864257812,98.0399681612674,96.97972821162818,97.8152778598948,121531600
2007-03-19,98.44015502929688,98.53143677749372,97.7029049191244,97.78014084902476,96161200
2007-03-20,98.98078918457033,99.03696173408748,98.27163083532557,98.35588430269216,82147400
2007-03-21,100.60973358154295,100.8625046555449,98.87545595419958,99.07205448799922,152368700
2007-03-22,100.53250885009766,100.8835792300136,100.25867438231592,100.74315322081078,118942200
2007-03-23,100.67994689941406,100.97484468536328,100.51142928723624,100.60271099972624,74416800
2007-03-26,100.54659271240234,100.8625540311242,99.76721574551684,100.75723716282418,113787500
2007-03-27,100.3078384399414,100.51848282968412,99.97783139590216,100.49039119701511,99864600
2007-03-28,99.57759857177734,100.0339857382951,99.1843907827176,99.8022780231376,152907900
2007-03-29,99.68292999267578,100.1322996750392,99.1352610271022,100.08314467652497,139432700
2007-03-30,99.70399475097656,100.29379045846872,98.69291027309372,99.87251240189651,128194100
2007-04-02,99.81635284423828,100.02699725685224,99.33889146139192,99.81635284423828,79416400
2007-04-03,100.8906021118164,101.09421820722469,100.34293320547177,100.38505993460332,82417800
2007-04-04,101.00296020507812,101.0731678580658,100.51848133004346,100.8906151037156,63995200
2007-04-05,101.27678680419922,101.41721281305412,100.83443469817944,100.87656142945411,46822800
2007-04-09,101.417236328125,101.6700074881996,101.21360946132646,101.5646799217734,50967400
2007-04-10,101.53656768798828,101.70508531401197,101.29784241981736,101.33996914786908,56620000
2007-04-11,101.12229919433594,101.7120947677455,100.78526396911673,101.68401385588524,106365700
2007-04-12,101.57170867919922,101.75426146253947,100.64487751650186,100.92574031451028,115534400
2007-04-13,102.03511810302734,102.03511810302734,101.36105814230496,101.74020950446032,84287000
2007-04-16,103.0040512084961,103.1163963056216,102.38617460194214,102.39319215283068,83064600
2007-04-17,103.27790832519533,103.49557030245128,102.96896459728858,103.19365484079184,108424100
2007-04-18,103.40424346923828,103.70615876798584,102.91274721905928,102.93381057879448,88345300
2007-04-19,103.37619018554688,103.49555283958516,102.7653310990513,102.89873956939373,102947700
2007-04-20,104.35212707519533,104.35212707519533,103.2427436996727,104.07127513543897,124114100
2007-04-23,103.95897674560548,104.42940984849284,103.8957866378638,104.17663870370654,77270800
2007-04-24,104.00106048583984,104.19765899341186,103.43935658638551,104.07829637908708,114471000
2007-04-25,104.95601654052734,105.08240747107448,103.93089684767216,104.42941087652348,108418800
2007-04-26,105.07540893554688,105.18073652644097,104.68923991040327,104.9630745046116,88741600
2007-04-27,104.99114990234376,105.13860423629764,104.50667086569511,104.68220612744769,108191100
2007-04-30,104.12041473388672,105.13852707592436,104.0642529195061,105.0683087372272,100874100
2007-05-01,104.38726043701172,104.94897516051194,103.68511971109076,104.21172525553148,134342700
2007-05-02,104.99810791015624,105.28598814748746,104.44342151166914,104.5487383234654,87129800
2007-05-03,105.56690216064452,105.60200063909704,105.13156746132806,105.3000851559494,86569700
2007-05-04,105.96710205078124,106.10752808630572,105.47560556953574,105.84773938489448,96409000
2007-05-07,105.98817443847656,106.1637096762726,105.88987513386364,105.93903014308044,63461400
2007-05-08,105.84773254394533,105.96709520211768,105.41240864780856,105.72836988577296,80584000
2007-05-09,106.13558197021484,107.30113800674748,105.58088486353738,105.770465836664,102070100
2007-05-10,105.02621459960938,106.0372989931362,104.80855268146745,105.8336721760361,153617800
2007-05-11,105.92496490478516,105.9741091911716,105.12452479573412,105.14558816330242,113408900
2007-05-14,105.69322967529295,106.23388096792662,105.17364174475269,105.92493737213596,108027500
2007-05-15,105.72132110595705,106.4866518307827,105.4545042348444,105.81259210358826,180673300
2007-05-16,106.444580078125,106.4656434510574,105.58796719946938,105.88286513434436,114166500
2007-05-17,106.23390197753906,106.69731746287356,106.10049351535324,106.29007452550246,101132800
2007-05-18,107.16070556640624,107.16070556640624,106.59197333823836,106.73239932939568,99182000
2007-05-21,107.10454559326172,107.58902442634016,107.0764646772622,107.13263722307887,174664600
2007-05-22,107.0203094482422,107.53989754575704,106.99222852769894,107.21690803350307,82148800
2007-05-23,107.0343246459961,107.77859203640168,106.97815210715956,107.39241252803568,133786600
2007-05-24,106.06542205810548,107.57503169777472,105.84074250015776,107.09757022717538,187593000
2007-05-25,106.50770568847656,106.73941336421616,106.14960713787222,106.37429726482512,83309200
2007-05-29,106.8939208984375,107.07647365227984,106.33922365813976,106.68327651242342,82020000
2007-05-30,107.76456451416016,107.80669124698368,106.26198366515214,106.34624784461728,129013600
2007-05-31,107.6521987915039,108.05241335063486,107.511762104552,107.89794156603976,114866700
2007-06-01,108.18585205078124,108.4105315279139,107.78562666583215,108.0454260383461,107771700
2007-06-04,108.19989776611328,108.40351387688328,107.76456320000348,107.80668993231326,78008800
2007-06-05,107.77157592773438,108.05944546162333,107.32922387461718,107.94711109626452,126917900
2007-06-06,106.61309814453124,107.39247516551428,106.54990801916512,107.32928504014816,164096800
2007-06-07,104.68919372558594,107.07646807249468,104.66110209487805,106.4164540304927,232414600
2007-06-08,106.05133056640624,106.15665810362184,104.68215829314116,105.02621110593792,175886000
2007-06-11,106.23390197753906,106.69028919824189,105.81261322472258,105.97410260398108,102015600
2007-06-12,105.07540893554688,106.40245515575998,105.00520125544016,105.79159584110047,233898000
2007-06-13,106.6481475830078,106.77453847674217,105.12450359126052,105.6721724652041,193208200
2007-06-14,107.32923126220705,107.51178399306976,106.74645317691576,106.76751654148389,146396500
2007-06-15,107.9398956298828,108.35594149181996,107.84116194061744,107.98925171452322,154030800
2007-06-18,107.81295776367188,108.16554118375844,107.65077240322984,108.15849338895389,88537500
2007-06-19,108.08100128173828,108.15857011958646,107.43929641953974,107.57327993582292,110851700
2007-06-20,106.57896423339844,108.29957382703492,106.45203930927622,108.29957382703492,177119700
2007-06-21,107.1712646484375,107.2629397905165,105.95132889920151,106.53661872941127,205262000
2007-06-22,106.16289520263672,107.0231998131658,105.66928044905312,106.84690806117204,204964700
2007-06-25,105.65515899658205,106.65649471360312,105.08397552335104,105.9442800109313,232014400
2007-06-26,104.5691909790039,106.09941256390825,104.5621431838634,105.9231208454623,198445700
2007-06-27,106.05713653564452,106.1770244216143,104.40704796402277,104.45641483000996,213638000
2007-06-28,106.04302215576172,106.76934334093858,105.5423488265646,106.04302215576172,157705000
2007-06-29,106.0782470703125,106.93855151235788,105.1756343376735,106.40967635995256,199701800
2007-07-02,107.0373077392578,107.12898290405592,106.31804505544405,106.38855530836916,103357000
2007-07-03,107.4251480102539,107.53797732295888,107.17834599370671,107.31231869754896,54048400
2007-07-05,107.31229400634766,107.5802608723673,106.92446081815248,107.46743158562292,89279000
2007-07-06,107.87649536132812,108.0104788759146,107.13606751124458,107.45340141842291,81109000
2007-07-09,107.9610824584961,108.1444220226519,107.62259451852228,108.00339076099392,72348100
2007-07-10,106.42385864257812,107.61559322455508,106.31808784062758,107.38993450039366,180362600
2007-07-11,107.17835235595705,107.220660660734,106.14175584893675,106.30394127058052,175607600
2007-07-12,108.87073516845705,109.1245957246136,107.42514063367643,107.4462947833566,133882500
2007-07-13,109.19512176513672,109.62527409512514,108.8707401884261,108.99767585235467,111794300
2007-07-16,109.1810302734375,109.674645122585,109.00473848731362,109.29385959895598,98378700
2007-07-17,109.12460327148438,109.63937221595984,109.0752364121534,109.2515281783432,126201300
2007-07-18,108.92713165283205,109.15983802049504,108.10208767293209,108.75788772362448,237887400
2007-07-19,109.3502960205078,109.67466694592171,109.12463732456872,109.44196045073409,145212700
2007-07-20,108.2431182861328,109.29382083234484,107.7706577581026,109.22329983891044,245502500
2007-07-23,108.57457733154295,109.10345264720873,108.10211667408106,108.72265639433172,121183900
2007-07-24,106.69174194335938,108.7931360526916,106.31094583523038,107.97513995966582,256732400
2007-07-25,106.91033172607422,107.46036093196334,105.95130451273072,107.19945267685948,265214500
2007-07-26,104.37882232666016,106.33918572536967,103.22939667374976,105.90903342507762,467592500
2007-07-27,102.32682037353516,104.97824536759606,102.28451206001264,104.51284315885016,422987600
2007-07-30,103.92758178710938,104.23079862453346,102.45377364520677,102.90508038090864,283017500
2007-07-31,102.75692749023438,105.39425572283623,102.27740837521876,104.59741363640975,316976700
2007-08-01,103.25762176513672,103.66662000791295,101.50881022636692,102.37616281777336,467670000
2007-08-02,104.08269500732422,104.19551359471518,102.4325953917456,103.49034631352734,294758400
2007-08-03,101.40303802490234,104.06856898329296,100.97993343214328,103.85701668691344,359398200
2007-08-06,103.10248565673828,103.5396858122801,100.507465152887,101.69215146725276,324980000
2007-08-07,104.20250701904295,105.06985921994,102.4113772188256,102.91205040990776,232568700
2007-08-08,105.65515899658205,106.19108197245453,103.89928952406304,104.65382327956092,274930600
2007-08-09,102.52420043945312,105.03459252139446,102.45367945558183,103.96273597450114,357622100
2007-08-10,102.04474639892578,103.30699090493546,100.92352241560202,101.81908773863516,411018400
2007-08-13,102.4114227294922,103.58200278715276,102.26334365279833,103.3069880275816,181917200
2007-08-14,100.84588623046876,102.9966468246554,100.6413926211808,102.7427863814073,264134500
2007-08-15,99.4567642211914,101.86844520039725,99.1605953269021,100.6414505583448,323834000
2007-08-16,100.20425415039062,100.7965919611721,96.6078974592238,98.57530903074674,546743700
2007-08-17,102.04474639892578,102.82042383368128,99.70358621839756,102.60182373152294,388218100
2007-08-20,101.99539947509766,102.58068963467122,101.04341930085168,102.3691372892833,187320400
2007-08-21,102.19987487792967,102.93325477535898,101.64279753661089,101.96717917585794,157066400
2007-08-22,103.4127197265625,103.51850121566136,102.4819050304506,102.96141334905523,173156700
2007-08-23,103.3210678100586,104.11789917208397,102.67936328276848,103.89929913223646,203915300
2007-08-24,104.59742736816406,104.59742736816406,103.15183279751896,103.29286405221713,128901900
2007-08-27,103.62430572509766,104.59743979007528,103.46916809850714,104.25896258660336,113024300
2007-08-28,101.34659576416016,103.13066730181252,101.16325622922136,103.06720485817917,219790700
2007-08-29,103.33517456054688,103.47621657825366,101.51585304407617,101.80496335638648,207654200
2007-08-30,103.06012725830078,103.79350678252632,102.4677897071899,102.56651263237504,191817300
2007-08-31,104.07557678222656,104.717281222622,103.5396538293647,104.11788507324292,185477500
2007-09-04,105.12628173828124,105.76092763821738,103.94159576240948,103.97685625907104,120062000
2007-09-05,104.2166519165039,104.61860237050352,103.65957458341356,104.50577304025832,166261800
2007-09-06,104.45637512207033,104.7948522173251,103.74414967498048,104.32943948635425,127878400
2007-09-07,103.00376892089844,103.5820003783462,102.432574501229,103.29287926962402,235447600
2007-09-10,102.80628204345705,103.4620928838927,101.77674435072105,103.32106164981846,192305900
2007-09-11,104.0050811767578,104.15316021613948,103.0460536588789,103.1236224566483,162081900
2007-09-12,104.27305603027344,104.67500644359984,103.64545773928698,103.8640578195188,149554600
2007-09-13,105.00640869140624,105.38719409399708,104.5057354435622,104.75254816968128,154079000
2007-09-14,104.9993896484375,105.13337313532226,104.18140389061018,104.3365415322665,121911000
2007-09-17,104.4352569580078,104.82309027411392,104.1038275438834,104.58333603070372,109870800
2007-09-18,107.509765625,107.53796757062094,104.45639122179549,104.95000597012074,263759500
2007-09-19,108.14445495605467,108.87077639677683,107.686100526084,108.179715472206,193779900
2007-09-20,107.38279724121094,108.19373474058528,107.26292017886811,108.1302723122846,175186800
2007-09-21,107.67261505126952,108.48739987151605,107.50966024942818,108.1969180450266,141457500
2007-09-24,107.47431182861328,108.2749347779745,107.24050129974547,107.99152316220392,139450200
2007-09-25,107.26171112060548,107.453012530149,106.6098808925406,106.8507725572735,142289900
2007-09-26,107.82849884033205,108.23943731042864,107.26168678464563,107.87100785257635,135547000
2007-09-27,108.46614074707033,108.4732327888307,107.82848402891273,108.3386137278545,102713300
2007-09-28,108.10481262207033,108.53700557586528,107.67970089960176,108.29611397828518,133372100
2007-10-01,109.32343292236328,109.64226124519826,108.04810881998536,108.11896436329891,148162300
2007-10-02,109.1746063232422,109.5713712947163,108.97622383750512,109.54303557291158,112978800
2007-10-03,108.95503997802734,109.40140626582856,108.40948238305272,108.97629448591869,119055900
2007-10-04,109.12505340576172,109.29508941677692,108.8203875342956,109.18881690989242,76864400
2007-10-05,110.4216537475586,110.59878183453829,109.55726781821444,109.84066843296576,134579700
2007-10-08,109.83358764648438,110.16658931623869,109.656459558787,110.09573375674351,71280400
2007-10-09,110.86795043945312,110.8821237059941,109.8406102414448,110.24446725510197,94054300
2007-10-10,110.6838150024414,110.8396886051961,110.1099216518636,110.55627714062302,101711100
2007-10-11,110.1523895263672,111.60484165806112,109.49346757700684,111.18681125533234,233529100
2007-10-12,110.76177978515624,110.77595306472594,110.01075813363316,110.14537726193348,124546700
2007-10-15,109.82646942138672,110.78296519134112,109.06836700851387,110.71920168962096,161151900
2007-10-16,108.95503997802734,109.47934306511064,108.7354028557892,109.40140626582856,166525700
2007-10-17,109.28803253173828,109.88318032494368,108.02688138426176,109.80524353218767,216687300
2007-10-18,108.89125061035156,109.24550673918422,108.45905770073414,108.7212037765378,148367500
2007-10-19,106.04304504394533,110.86801255039212,106.03596381222512,108.4661560502694,297169900
2007-10-22,106.65948486328124,106.81535850428034,105.32748849162256,105.46918885315502,261989800
2007-10-23,107.52381896972656,107.6584380317525,106.45396932637412,107.3112739360428,180085100
2007-10-24,107.32544708251952,107.50966721143816,105.45497492260984,107.13415653315998,326694200
2007-10-25,107.58050537109376,107.8993337448749,106.19182731296794,107.44588630390976,237374500
2007-10-26,108.84166717529295,108.84166717529295,107.6230250300302,108.44490197656386,176484000
2007-10-29,109.2030258178711,109.42266294446644,108.79208730541704,109.06131468106209,106841000
2007-10-30,108.44489288330078,108.93376810897084,108.31027381408263,108.72121225289168,132981600
2007-10-31,109.57139587402344,110.010680743298,108.288990656753,109.0966940473068,220954400
2007-11-01,107.0066146850586,108.6928774639906,106.69486753489906,108.60784863419435,333040800
2007-11-02,107.12710571289062,107.6939179696768,105.71717252169827,107.36091617422908,331228200
2007-11-05,106.31232452392578,107.09877399216568,105.54712957014816,106.02183174488108,226841000
2007-11-06,107.74352264404295,107.77185839285946,106.20604069738602,106.88621759047616,177800500
2007-11-07,104.79608917236328,107.07750034608478,104.5410242333434,106.58862497870972,306639700
2007-11-08,104.26467895507812,105.14322734103357,102.78389075336132,104.85274549689302,374509900
2007-11-09,102.83352661132812,104.53395266382232,102.65639844706642,103.22321073491288,277745100
2007-11-12,101.81322479248048,103.87499837139012,101.81322479248048,102.88308538379135,243087800
2007-11-13,104.9165267944336,105.0794816337946,102.89018071827412,102.996453263283,191117400
2007-11-14,104.62601470947266,105.85173801604267,103.99543916679372,105.72421098565468,230558800
2007-11-15,103.11688232421876,104.4984900510235,102.3942075135362,103.84665998848446,263111100
2007-11-16,103.29399871826172,103.77579268188484,102.42962369809882,103.66242812443949,308770600
2007-11-19,101.8557357788086,102.98935991035668,101.45188934425924,102.9326776226752,267746000
2007-11-20,102.47923278808594,103.10980838970312,100.6866972864874,102.0399585609714,414767500
2007-11-21,100.38200378417967,101.9619937816426,100.37492255411976,101.3739273555208,259012400
2007-11-23,102.11786651611328,102.26664802345194,101.1046884516418,101.36684531630208,77688400
2007-11-26,99.86483001708984,102.6492896329052,99.65936615860969,102.33045037406298,214232000
2007-11-27,101.01260375976562,101.4802136611878,99.86480648271916,100.42453725367685,293897900
2007-11-28,104.24343872070312,104.48433035556982,102.12498263386028,102.1604104180564,258596900
2007-11-29,104.2788314819336,104.6614341647504,103.5136477383787,103.88206633756012,199409900
2007-11-30,105.32748413085938,106.18477830981614,104.38516108966782,105.59671156331116,222908000
2007-12-03,104.63308715820312,105.17864463483082,104.35676780451574,104.99443533605232,146430400
2007-12-04,103.69786071777344,104.53390004293658,103.6624329405459,103.9104165700989,136533900
2007-12-05,105.43372344970705,105.71004283999233,104.73938435815128,104.81022910812348,171130000
2007-12-06,106.94286346435548,107.1341648395876,105.26369253465472,105.30620154891936,154457400
2007-12-07,106.92161560058594,107.33963534821606,106.6665506881089,107.2829530553276,148980100
2007-12-10,107.7505340576172,107.8709798313687,106.8861483297176,107.18372214916924,123914300
2007-12-11,104.79608917236328,108.3244784862692,104.7394068735763,107.79309409756468,250346400
2007-12-12,105.83050537109376,107.53094180478692,104.29303459127844,107.02789318858738,322435600
2007-12-13,105.61080932617188,105.84461961080646,104.36383195249056,105.08651730399411,237551300
2007-12-14,104.2717742919922,105.63920892023924,104.22218404303167,104.81023985335598,159152900
2007-12-17,102.78392791748048,104.05924194673644,102.63513551484364,103.87503256298808,177269400
2007-12-18,103.35778045654295,103.78288136091297,101.99743810268691,103.5136540314573,245569300
2007-12-19,103.35778045654295,104.07337400607514,102.6917771475526,103.40028946587596,198917200
2007-12-20,104.00965118408205,104.05216021004595,102.86185342783466,104.03798693104324,214813800
2007-12-21,105.50894165039062,105.71549591824336,104.76817207457864,104.96760752920098,146084400
2007-12-24,106.29241180419922,106.47047991189768,105.7582074811039,106.000388367569,45601400
2007-12-26,106.52033233642578,106.61292035159602,105.77244419369674,105.87928069905222,67093100
2007-12-27,105.18130493164062,106.1499962073116,104.9320160156866,106.14287739317068,122981700
2007-12-28,104.91777801513672,105.85085357661256,104.63286239471915,105.80098926738212,116398100
2007-12-31,104.14141082763672,105.1385883998619,104.03456338662804,104.77533318464138,108126800
2008-01-02,103.22970581054688,104.6969971087677,102.48182796296216,104.3693467938352,204935600
2008-01-03,103.17985534667967,103.62859076296029,102.6171645235084,103.21547116626772,125133300
2008-01-04,100.65122985839844,102.1683738309654,100.3663251926807,102.0971422303278,232330900
2008-01-07,100.5657958984375,101.30655481012025,99.78942117394634,101.00740154568564,234991000
2008-01-08,98.9417495727539,101.78370914484876,98.60698071628758,101.19965149996716,326365700
2008-01-09,99.9817123413086,100.28086556188332,98.07994559510011,99.070004182866,301824900
2008-01-10,100.63697814941406,101.71251659523207,99.26941623451071,99.49021897365014,335701200
2008-01-11,99.8249969482422,101.0714739533604,99.00588783510274,100.27373214797818,267076600
2008-01-14,100.62989807128906,101.04301759029026,100.0030945433672,100.54442881508886,170365500
2008-01-15,98.4146728515625,100.77942235585262,98.22235626695723,99.56855062236622,239940100
2008-01-16,97.5670928955078,99.09135574963624,97.068504273768,97.83775994805949,378802600
2008-01-17,95.03852081298828,98.20814234466026,94.68238453917492,98.15827804948644,397892600
2008-01-18,94.0626983642578,96.17102960634443,93.37892289598088,95.97159418906242,348561500
2008-01-22,93.1082534790039,94.32623325531628,89.74632671971291,90.60817571309096,435923700
2008-01-23,95.34481811523438,95.5798693957972,90.3446610296666,90.52272919357011,511913000
2008-01-24,96.14969635009766,96.48446539088468,94.95307255425028,95.78643031479912,259949300
2008-01-25,94.7607650756836,97.4104206645722,94.44737418458044,97.23235247106314,269603900
2008-01-28,96.3277587890625,96.5271942650889,94.06272607073656,94.91745109205232,217934600
2008-01-29,96.80500793457033,97.18963050053434,96.07136775124486,96.94034151820884,168968300
2008-01-30,96.09273529052734,98.67827841246124,95.8719324402564,96.56995680817587,334939200
2008-01-31,97.84489440917967,98.67825213916817,94.87471864278427,95.017171004861,343680800
2008-02-01,99.41902923583984,99.44039654832608,97.95174914688069,98.25090239010756,206843600
2008-02-04,98.16545867919922,99.21961955364576,98.03724390250558,99.15551759951003,124694300
2008-02-05,95.53713989257812,97.04715452546569,95.209489671342,96.82635172934556,286882500
2008-02-06,94.76789855957033,96.3348965516055,94.31204440064334,95.85767507807417,250792900
2008-02-07,95.39466857910156,96.00722347859232,93.82767095922826,93.87753526040927,297368100
2008-02-08,94.7821273803711,95.6012365859313,94.09122203581968,94.7963650082044,221643500
2008-02-11,95.26644897460938,95.60833673898792,94.0484581906627,94.80347618677207,188576300
2008-02-12,96.14969635009766,97.0898906690173,95.43029396233796,96.0927132294936,256654400
2008-02-13,97.1326141357422,97.62408398463556,96.25652185247272,96.87619555668554,181967800
2008-02-14,96.27790069580078,97.58136105645865,96.007233588699,97.54574524735276,215207200
2008-02-15,96.25655364990234,96.31353678278518,95.3804610772241,95.800699455261,154110300
2008-02-19,96.52716827392578,97.50297808090708,95.87899771715898,97.38189306509604,145190000
2008-02-20,96.81208801269533,97.26082321711652,95.27357662760868,95.4374071466807,220085700
2008-02-21,96.00723266601562,97.58847893303218,95.49440631981192,97.33919000852494,201051200
2008-02-22,96.59840393066406,96.76223444950914,94.63253552027682,96.13543110050868,205491000
2008-02-25,97.81641387939452,98.04433549807112,96.00011627086964,96.54143962509332,190107000
2008-02-26,98.550048828125,98.97028710256156,97.22522120336438,97.40328937406652,212420700
2008-02-27,98.45033264160156,99.10562221592087,97.87339349836492,97.98023005510548,168395800
2008-02-28,97.4887466430664,98.26513203195844,97.26082506414214,97.75229489385724,170831100
2008-02-29,95.31632995605467,96.64114663352976,94.57556032371774,96.58417438650504,252715200
2008-03-03,95.08837127685548,95.3091739955557,94.1909119100179,94.83195276227116,189483500
2008-03-04,94.72515869140624,95.01718226432163,93.30061316499412,94.18382443558092,282513100
2008-03-05,95.32345581054688,95.99299388092896,94.2621655853222,95.0314213979898,270681400
2008-03-06,93.35043334960938,94.88894457844184,92.98717828241948,94.71799526354404,247911700
2008-03-07,92.388916015625,93.83482902946058,91.5840442184497,92.43165064761288,326434600
2008-03-10,91.17089080810548,92.54557167923122,90.87885644006565,92.48146975505188,235683600
2008-03-11,94.44737243652344,94.5328416899315,91.84757033835676,93.10829616822475,341440600
2008-03-12,93.56413269042967,95.2807123294241,93.4216803387544,94.54707239329944,229161100
2008-03-13,93.77066802978516,94.47582170051108,91.59824565159462,92.31763694671984,351504200
2008-03-14,92.31763458251952,94.5969042958275,91.01417466793671,94.56841817934284,484687800
2008-03-17,91.38459014892578,92.06836585884058,89.79621962704907,90.15235597925188,405311100
2008-03-18,95.18098449707033,95.2237191111967,92.58118316407696,93.0370371621194,334416600
2008-03-19,92.82337951660156,95.9075106116779,92.623933170174,95.54425546282236,345971600
2008-03-20,94.542724609375,95.1368390358652,92.5241663707776,93.0896536456577,245320700
2008-03-24,96.43242645263672,97.21264461426726,95.37304716334828,95.42314740563346,208977300
2008-03-25,96.5255355834961,97.02659288625976,95.75247106399074,96.53268964416772,192947200
2008-03-26,95.34441375732422,96.69727327636576,95.2799944759948,96.24632738483504,196934300
2008-03-27,95.04377746582033,96.23200626612493,94.7431432372296,96.06021059740544,225153200
2008-03-28,94.1347198486328,95.4589523294094,93.81261249234883,95.19411020214434,180896100
2008-03-31,94.46399688720705,95.00800020662794,93.83409025886878,93.97724787742943,166692100
2008-04-01,97.78532409667967,97.9499548459497,95.56634232243476,95.63792660762786,254547300
2008-04-02,97.84968566894533,98.54401132119992,97.33430970186512,98.10021959707834,210910800
2008-04-03,98.09304809570312,98.37937412627312,97.141045445444,97.31999511871727,175884800
2008-04-04,97.9856948852539,98.75160482508412,97.4345267645869,98.15032554698256,204446800
2008-04-07,98.0358428955078,99.18827980526824,97.87836623040565,98.68721173145585,154245500
2008-04-08,97.9355926513672,98.00716597481252,97.31284029628073,97.48463593254982,148937300
2008-04-09,97.22694396972656,97.92126961991076,96.5540914079215,97.78526611202822,195610600
2008-04-10,97.36297607421876,97.82824102204972,96.56127382444782,96.9334923360477,192967800
2008-04-11,95.4732437133789,96.71872658655272,95.20839074060292,96.26778078726193,222973300
2008-04-14,95.15116119384766,95.58779904536304,94.87916498562072,95.3372759345691,160522000
2008-04-15,95.3730926513672,95.695200118105,94.72171273541623,95.61646176648202,172389200
2008-04-16,97.9570770263672,98.00002320982674,96.2892643946048,96.30357250760888,189268900
2008-04-17,98.10021209716795,98.24336964991852,97.10525236055308,97.36294032439254,179665700
2008-04-18,99.12381744384766,99.8968814794006,98.9663408298152,99.45308970652182,218530600
2008-04-21,99.17396545410156,99.48175381811564,98.67290827883023,98.94490450413338,118587400
2008-04-22,98.73728942871094,99.00213149284292,97.9928525511496,98.9162391309024,162166000
2008-04-23,98.5798110961914,99.3385560726828,98.1503274495398,98.8446531557003,193309000
2008-04-24,99.0093002319336,100.02573326832258,98.0930676734659,98.837504579304,229381300
2008-04-25,99.92552185058594,100.13309870719796,98.71582007047957,99.78235334564144,190788100
2008-04-28,99.94700622558594,100.39079805879098,99.76805649642588,100.125955954746,105610200
2008-04-29,99.55329132080078,100.01855613875826,99.21686503499566,99.7751871854335,125514100
2008-04-30,98.96634674072266,100.6341594000619,98.96634674072266,99.70361869489864,208395900
2008-05-01,101.01351928710938,101.01351928710938,98.97349933867608,99.05223764054544,187279500
2008-05-02,101.2927017211914,101.90828923222178,100.61269492838716,101.88681613829716,181585500
2008-05-05,100.80597686767578,101.36429922711837,100.5053425912241,100.9634535251828,118504500
2008-05-06,101.67922973632812,101.7865951958989,99.9899439983308,100.22615893161026,179339800
2008-05-07,99.86824798583984,101.67205303194282,99.58908690092706,101.56468758475424,199267300
2008-05-08,99.61058044433594,100.44090981383516,99.48173095902928,100.02574512908556,178321200
2008-05-09,99.42442321777344,99.77516847099272,99.1023160255868,99.20969237112908,152588200
2008-05-12,100.54109191894533,100.61266523683064,99.3027522828699,99.67497067142688,147865900
2008-05-13,100.55542755126952,100.84890772492328,100.01857837019664,100.7844884445284,159132200
2008-05-14,100.76300048828124,101.78658753321092,100.54110460705722,100.9777423134804,181910800
2008-05-15,102.02279663085938,102.09438087591798,100.80594092041936,100.9562525439312,166927000
2008-05-16,102.1158676147461,102.26617925834996,101.3642766300554,102.25902520177677,204236800
2008-05-19,102.39502716064452,103.28977571863298,101.85817802585144,102.22323150551024,165664400
2008-05-20,101.564697265625,101.8868045601156,100.92763673306408,101.83670432072634,178552100
2008-05-21,99.84679412841795,101.72933783914004,99.49604872967222,101.50744192406144,252724800
2008-05-22,99.86106872558594,100.33349847009298,99.49601533513284,99.80380352120136,170820400
2008-05-23,98.52255249023438,99.9684692139088,98.43666012403196,99.53183148200718,181376400
2008-05-27,99.252685546875,99.49605456981244,98.44382923403712,98.63709800976989,168322900
2008-05-28,99.71077728271484,100.2118342696183,98.78023663719516,99.61771994149592,181288100
2008-05-29,100.2118682861328,100.87755616850752,99.5533344623483,99.58912659975302,173927200
2008-05-30,100.46241760253906,100.7415788411834,100.16893732231006,100.54831000759008,117362000
2008-06-02,99.42442321777344,100.11159469369566,98.78020883340017,100.09012160903124,181069900
2008-06-03,98.84465789794922,99.9398292350085,98.22907046673352,99.71077928876863,271965700
2008-06-04,98.79458618164062,99.61059664723452,98.39374046832806,98.56552524704686,246637700
2008-06-05,100.77015686035156,100.84889516732684,99.00929788213853,99.1954016430695,237867100
2008-06-06,97.55624389648438,100.06870545377168,97.5061436445052,99.88975569828293,384276300
2008-06-09,97.7924575805664,98.42236420660102,96.92634689199495,97.9642532755466,228263900
2008-06-10,97.30571746826172,98.13604692670069,96.88339868106851,97.11244868071236,260234900
2008-06-11,95.8741226196289,97.53477066877969,95.86695763919414,97.32719375847068,283890100
2008-06-12,96.23917388916016,97.25560716402312,95.57348605820684,96.34655029307991,252791800
2008-06-13,97.4560317993164,97.72088486273016,96.21770255808327,96.75455182085344,244726900
2008-06-16,97.51326751708984,98.01432449290893,96.9621103048003,97.0265295755007,185832500
2008-06-17,97.04084777832033,98.1503271716202,96.89767928169329,98.11454596968626,191707700
2008-06-18,96.09600830078124,97.00507601853496,95.70948167652364,96.4109615839227,265893000
2008-06-19,96.21769714355467,96.80465754715485,95.55916339561526,96.02442836161003,304204900
2008-06-20,94.6559066772461,95.74216520539032,94.39692975291878,95.56232042396454,289275700
2008-06-23,94.5623779296875,95.12349273428964,94.46886611348955,95.02278010210088,165096400
2008-06-24,94.37533569335938,95.27455947124892,93.65595667104776,94.27462306930988,267300600
2008-06-25,94.82138061523438,95.96519102965256,94.4113401358713,94.75663911483862,287853900
2008-06-26,92.24597930908205,94.54080040407084,92.13807683436788,93.92933475260068,297775000
2008-06-27,91.74243927001952,92.6992150355844,91.38994495739028,92.28197373337032,303423400
2008-06-30,92.066162109375,92.73518505524324,91.57698398241298,92.00141512058605,258842600
2008-07-01,92.35391235351562,92.41865385207902,90.59142988410528,91.01586101049588,388622000
2008-07-02,90.7712631225586,92.91501544593872,90.60580349994964,92.64883769102816,288064600
2008-07-03,90.86477661132812,91.44028211359552,89.91519637448594,91.44028211359552,239352500
2008-07-07,89.936767578125,91.6057267761518,89.14545171058607,91.21007158659567,372427300
2008-07-08,91.5338134765625,91.64172146085608,89.34689991602956,89.91521017744292,375973700
2008-07-09,89.77133178710938,91.89349824971625,89.48357900698613,91.7208487770134,336729400
2008-07-10,90.1382293701172,90.4907236938171,88.90089608382367,89.51236739713983,436475700
2008-07-11,89.08792877197266,90.56985384371332,88.11676782671047,89.18145159240628,481124600
2008-07-14,88.28221893310547,90.2820922905566,88.0520178017822,90.10944281417112,322720800
2008-07-15,87.03766632080078,88.83611387550697,86.33986779142657,87.62036706065552,502502500
2008-07-16,89.17423248291016,89.61305417251938,87.1168078200158,87.36858940706365,371642900
2008-07-17,90.06626892089844,90.82881456503586,89.26775761170396,90.02310792745898,375490600
2008-07-18,90.62738800048828,90.94391109529572,90.03030198699621,90.76406630726274,267030100
2008-07-21,90.67776489257812,91.2172993790748,90.05909824232099,91.00867871901798,222863000
2008-07-22,91.70647430419922,91.9366754574623,89.81450325890316,90.03031924127474,296904200
2008-07-23,92.20281982421876,92.90780828318464,91.75680828564803,92.00139455022848,311698400
2008-07-24,90.28929901123048,92.37550011430191,90.03751734964548,92.32513829355634,248634500
2008-07-25,90.26769256591795,90.99426151074812,90.04468131110022,90.56263514516762,219131000
2008-07-28,88.94403839111328,90.6849346310652,88.78577409867631,90.28927938840016,205201300
2008-07-29,90.84320831298828,90.91514513832388,88.94404758430356,89.1886393765581,261505600
2008-07-30,92.46180725097656,92.51216906362376,90.8432040587994,91.44029010913628,354710000
2008-07-31,91.23883056640624,92.49055385019903,91.094951488049,91.64887633497958,277402100
2008-08-01,90.75687408447266,91.5625752011122,90.25330539814571,91.44747739377536,248690900
2008-08-04,89.9151840209961,90.74247100868394,89.7497299165144,90.67053420289076,188239600
2008-08-05,92.33956146240234,92.48343518012352,89.90086517454408,90.656210425226,251577600
2008-08-06,92.74956512451172,93.0157429218663,91.70647285430196,92.09493832337203,209555400
2008-08-07,91.36835479736328,92.39706728493177,91.03024569126048,92.05176284998502,246312500
2008-08-08,93.06610107421876,93.46895174559889,90.91515839891596,91.05903755900084,260811700
2008-08-11,94.03004455566406,94.605539039277,92.96535561190213,93.13801054309818,249425800
2008-08-12,93.05170440673828,94.02285974580158,92.60568183609912,93.72072179741374,213200800
2008-08-13,92.49059295654295,93.2675128660368,91.84314506282354,92.6488462885836,256393200
2008-08-14,93.18840789794922,93.72075263561936,91.90072352919766,91.96546504440022,239555300
2008-08-15,93.64161682128906,93.87901334467104,93.01576024491938,93.46896181059525,181000800
2008-08-18,92.3611068725586,93.86460695858426,91.83596306285168,93.82863579860832,172275100
2008-08-19,91.35395050048828,91.8575191642514,91.02303677263497,91.66328373345962,194673700
2008-08-20,91.77838897705078,92.04455573749505,90.88635492114916,91.64170518865372,225498200
2008-08-21,91.93667602539062,92.39707833476088,91.07341757900004,91.18132557085242,180609800
2008-08-22,93.26752471923828,93.26752471923828,91.93667955947174,92.56253605710248,167715300
2008-08-25,91.37554931640624,93.2675147555726,91.18131933509784,92.65604898322606,171936900
2008-08-26,91.64167785644533,91.98698214419848,91.05898270231388,91.37550568696004,159117200
2008-08-27,92.53372192382812,92.67759552479018,91.57694656099488,91.75679130641046,171032800
2008-08-28,93.6559600830078,93.76386254954444,92.87902939338473,93.0013225144106,167537100
2008-08-29,92.64881896972656,93.61998503551524,92.44739372267972,93.32503700346356,189195800
2008-09-02,92.07334899902344,94.03006693257664,91.73523987216942,93.54088333286724,252364900
2008-09-03,91.99422454833984,92.4402416981262,91.31081639652668,91.99422454833984,251947000
2008-09-04,89.22460174560547,91.52661849021428,89.17424542088987,91.33957836051589,340042500
2008-09-05,89.50516510009766,89.8864352250128,87.76426862974674,88.69226852223002,289503400
2008-09-08,91.35395050048828,92.25317986517764,89.5051464304299,92.1092952634925,364075300
2008-09-09,88.64189147949219,91.62012044383928,88.3397535818748,91.43308034551224,377326800
2008-09-10,89.0016098022461,89.85047761417279,88.15993732023524,89.12390296867257,298916600
2008-09-11,90.28929901123048,90.45475317951691,87.476523266075,87.85060358194004,375369400
2008-09-12,90.70650482177734,90.7928322865058,89.08071206592568,89.41162578141125,297851200
2008-09-15,86.39021301269531,90.3899635930061,86.24633942215978,87.49805722278107,483607000
2008-09-16,87.83622741699219,87.99449176994213,84.1673934170134,84.31126710782452,581744300
2008-09-17,83.88681030273438,87.65635583471294,83.44798854458946,86.06652843570753,624095600
2008-09-18,86.3758316040039,87.61316429473214,81.86532793468044,84.92268851809052,776114700
2008-09-19,89.80620574951172,92.61355205902984,89.23460582047365,91.67294346285117,501087800
2008-09-22,87.77301025390625,90.26200024351677,87.08564652826637,90.04493510900116,249966500
2008-09-23,85.77608489990234,88.28677623038047,85.58072506184452,87.44023165266023,327470400
2008-09-24,86.05099487304688,86.82518589311933,85.22615604867798,86.3548816988256,311818400
2008-09-25,87.3967514038086,88.20712147478051,85.69642661793728,86.39102717011556,328253000
2008-09-26,87.44017791748047,87.91048201170564,85.74708980250442,85.97862336148052,285917400
2008-09-29,80.5882339477539,86.34763675132781,80.2915841271681,86.20293032960733,459562300
2008-09-30,83.92375183105469,84.50982542042087,79.97320767550384,82.12936826511555,328154400
2008-10-01,83.97442626953125,84.43026204149457,82.44774959875862,83.40282645021951,332783000
2008-10-02,80.9283218383789,83.28707468302649,80.35672193478835,83.17130509841176,365337800
2008-10-03,79.83574676513672,83.53305262192174,79.3582111671432,81.65907855433822,461798000
2008-10-06,75.76943969726562,77.86771594034896,72.8173823147289,77.52764977596216,610637500
2008-10-07,72.37603759765625,77.65790605496528,72.10109312263864,77.30336585273506,540012100
2008-10-08,70.55268859863281,73.93163352070827,70.04620512102379,70.55992005502749,725414800
2008-10-09,65.6253433227539,72.80289357836477,65.29975120350127,72.10829300914979,534485200
2008-10-10,64.03359985351562,67.96967826634224,60.47376715260857,62.77463570713607,871026300
2008-10-13,73.33108520507812,73.33108520507812,65.08269353444868,67.91898641585271,455584000
2008-10-14,72.24580383300781,76.35553036370484,70.26329656016034,75.75498804639119,546268300
2008-10-15,65.13333129882812,70.76249985938188,64.90903475985164,70.51649239581899,484627500
2008-10-16,67.84663391113281,68.57017700956536,62.6154204007752,66.05225011832975,708811200
2008-10-17,67.44145965576172,71.33412000634999,66.31273405288256,66.55873608625,476649000
2008-10-20,71.49327087402344,71.70309897360634,68.07814756529807,68.98981314826659,321294200
2008-10-21,69.35884857177734,71.37029769691074,68.89578138556806,70.16198193040202,356502000
2008-10-22,65.58194732666016,69.3588432600945,63.33172780341014,67.43421592964569,516168000
2008-10-23,66.34166717529297,66.89155594489772,62.08723030608329,65.32870575309087,634666400
2008-10-24,62.97721481323242,65.06101770595122,60.77764233304148,60.82105316824465,545812600
2008-10-27,60.74145126342773,64.76435533046198,60.56056545797357,62.20301166280749,397288600
2008-10-28,67.83940887451172,68.1867065033154,61.16110301510757,63.19425754764313,639939500
2008-10-29,67.34740447998047,70.30669361052342,66.63832969299303,67.84664554980753,531270100
2008-10-30,69.67720031738281,69.85084910969516,67.21715275880958,69.30095482714454,414582100
2008-10-31,70.0606918334961,71.31965549991422,68.36036635801128,68.79449118916959,411394000
2008-11-03,70.26325225830078,70.68290846991168,69.423939835079,70.02448177374345,205419400
2008-11-04,72.6509780883789,72.97657033252018,69.97386483578549,71.67419031556157,346793400
2008-11-05,69.59758758544922,72.86799879521477,68.73656983889994,71.7754475605422,387844100
2008-11-06,65.74111938476562,69.0549477485694,65.1622827594025,68.34587315850933,477721900
2008-11-07,67.9117660522461,68.01306165991109,65.48066042789313,66.31273622245263,380391000
2008-11-10,67.02178955078125,69.12006546276967,65.78453161955179,68.88853191166582,301773000
2008-11-11,64.95248413085938,66.66728385842906,64.14211911140852,65.66879602223527,418498200
2008-11-12,62.0944709777832,64.3591589794615,61.587992996639805,63.83821256465514,454330600
2008-11-13,65.9654312133789,66.37061915293465,59.39565773270097,62.31877287855586,753141900
2008-11-14,62.67333221435547,66.60940461434201,62.6009734571359,64.69201899238261,540352300
2008-11-17,61.84122085571289,64.07696606743228,61.61692429303676,62.49964211268264,415254900
2008-11-18,63.00612258911133,63.10741816239006,59.98894975603451,61.60968444868904,523811800
2008-11-19,58.9687385559082,62.85416540262851,58.54908240452892,62.15956497285944,558327600
2008-11-20,54.59130859375,59.69952512761327,54.301895855223655,57.97748952433316,814180400
2008-11-21,57.53615951538086,58.53465278023725,53.788205083414695,56.04566211678873,718536500
2008-11-24,61.52288818359375,62.94103244144498,58.14394217288812,59.27266799603149,523305300
2008-11-25,61.97871780395508,63.31727172017464,60.64739534573565,63.16532829921753,454112400
2008-11-26,64.37364959716797,64.5328300096461,60.95128728948017,60.99470364209984,370134200
2008-11-28,65.18396759033203,65.21290996448353,64.0190687718466,64.12759577467293,118308100
2008-12-01,59.41011047363281,63.34618578258894,59.22922474098144,63.31724340294138,369927100
2008-12-02,61.69650650024414,61.85568683655856,59.3594658031037,60.39413246895261,469508400
2008-12-03,63.179779052734375,63.54878755475082,60.15536887586373,60.34349161495776,519863500
2008-12-04,61.71822738647461,63.70797087112396,60.58949641963138,62.26811615678229,444173800
2008-12-05,63.62114715576172,63.97568174109886,59.50418501104486,60.52438346624654,471905300
2008-12-08,65.84241485595703,66.84090223683205,63.72967056125008,65.36487381280256,412859300
2008-12-09,64.7571029663086,66.66001920028285,64.38086300924506,65.38658740699445,370790000
2008-12-10,65.1984634399414,66.1028922352794,64.39533022806563,65.35040681513475,396187400
2008-12-11,63.62838363647461,65.84242381363525,63.215964279548686,64.78605152256527,365061000
2008-12-12,64.38811492919922,64.44599971643544,61.64588523610134,61.8991298002105,415060400
2008-12-15,63.490909576416016,64.50387106116156,62.434537270388624,64.40980692145625,256694200
2008-12-16,66.47914123535156,66.58043683260361,63.802033844782805,66.47914123535156,377699500
2008-12-17,65.8351821899414,66.87708597398017,65.16228691611563,65.72664962573812,281819800
2008-12-18,64.60517883300781,66.32720981746932,63.823750781492016,66.13185556468889,374673300
2008-12-19,64.32725524902344,66.09973790645509,64.25430913303275,64.99102149748158,301451300
2008-12-22,63.50303268432617,64.67739432282875,62.35784838923469,64.61174947391072,243759500
2008-12-23,62.84653472900391,64.13759961724291,62.58394431698804,63.84583187444674,221625200
2008-12-24,63.21123504638672,63.36441183991519,62.72981749672057,63.058052687852125,62061600
2008-12-26,63.57598876953125,63.67810670493813,63.094570875461606,63.634337900470825,74767700
2008-12-29,63.39361572265625,63.69996943804502,62.438075946074456,63.63431903331402,127795900
2008-12-30,64.89619445800781,64.95454912040961,63.371710901550536,63.83124691170607,168256300
2008-12-31,65.82254791259766,66.35502444269088,64.82325080072013,64.97642760841654,193987200
2009-01-02,67.80657196044922,68.1566944054118,65.53808570550402,65.96844442816621,227566300
2009-01-05,67.7263412475586,68.31717257416628,67.02610186510496,67.56586867897398,240349700
2009-01-06,68.17859649658203,68.89342192082158,67.60235649499595,68.30259603027534,328260900
2009-01-07,66.13619995117188,67.29597520679269,65.79337326828391,67.10632533785336,280899200
2009-01-08,66.40608215332031,66.4425496411428,65.40677949487444,65.76419760457793,263834400
2009-01-09,64.98372650146484,66.61032807516688,62.26300552073066,66.4936243052865,330953600
2009-01-12,63.42276382446289,64.85242509267381,63.02888380312622,64.80136059416036,277858500
2009-01-13,63.53950500488281,64.10115355514176,62.87573297138579,63.262328593262815,356432300
2009-01-14,61.54088973999024,62.547482794978905,60.65829618992617,62.39430595389419,435491600
2009-01-15,61.562774658203125,62.182777781142505,59.6079375505182,61.35853885911798,532647300
2009-01-16,62.04417419433594,62.72253185470812,60.57805083563396,62.62770970014253,399237200
2009-01-20,58.76910400390625,62.04418346813193,58.38980976394345,61.43877182924945,419855200
2009-01-21,61.30747985839844,61.44606525622925,58.69616656653265,59.76841007584676,364360700
2009-01-22,60.35923767089844,61.30018597127295,59.20675783958623,60.11852880138228,427940300
2009-01-23,60.62178421020508,61.26366849862407,58.769066291013495,59.00977498604722,386800600
2009-01-26,61.03760147094727,62.26302198629646,60.403006815942,60.97195106145968,317978800
2009-01-27,61.65760803222656,62.10984850164228,60.76042838541351,61.365840166958655,273789700
2009-01-28,63.74371719360352,64.15218871498377,62.78088748963072,63.02159630687569,330007000
2009-01-29,61.672176361083984,63.81665740191926,61.61382169690977,62.81006448744585,294392500
2009-01-30,60.4175910949707,62.29219193094309,59.96535070389652,61.98583822973551,383383600
2009-02-02,60.2352409362793,60.67288990514252,59.30887847992705,59.49852840693759,288233300
2009-02-03,61.081356048583984,61.53359642930009,59.97264505603259,60.61452978171939,278385800
2009-02-04,60.78228378295898,62.2702942454629,60.57075231100921,61.48981874241007,322989300
2009-02-05,61.68675231933594,62.211933082389095,56.69754620034328,60.322741480017655,417679400
2009-02-06,63.44467926025391,63.70726420312907,61.76701830044036,61.89831355438236,366101700
2009-02-09,63.532188415527344,63.999014621282655,62.963244325076026,63.43007053083133,240075200
2009-02-10,60.62178421020508,63.48109453816823,60.14036682013763,62.92673663703112,536212800
2009-02-11,60.97919845581055,61.30743911306638,60.10390116647053,60.86978490339193,324442500
2009-02-12,61.02299118041992,61.139694934494486,59.11921354170928,59.936156515251135,469302200
2009-02-13,60.3665657043457,61.44609998446296,60.35197424474312,60.94280592839951,293998400
2009-02-17,57.78438186645508,60.51239829424713,57.747908811762585,58.47003522662472,478910100
2009-02-18,57.64581680297852,58.30958885417762,57.09875412715876,58.20017520601181,362964800
2009-02-19,57.02582931518555,58.46278189799445,56.909119907541175,58.2366588119362,316867500
2009-02-20,56.4714469909668,57.142509107450046,55.26790816498603,55.968153186108616,477176600
2009-02-23,54.45097351074219,57.09145916654837,54.40720471188256,57.09145916654837,379641400
2009-02-24,56.515228271484375,56.85804956663295,54.48744445661281,54.91780335500615,426260900
2009-02-25,56.070274353027344,57.20086711317539,55.16579346689831,56.26721445072759,461985800
2009-02-26,55.15849304199219,58.112627347873605,55.09284264496844,56.763207561359295,363353900
2009-02-27,53.92576599121094,55.20954068281947,53.83823400143991,53.9841206510583,470510900
2009-03-02,51.496829986572266,53.918493776019865,51.32906722262464,52.89730904347975,426452600
2009-03-03,51.11023712158203,52.29918455261611,50.79658766167615,52.23353970903545,443761000
2009-03-04,52.32107925415039,53.15261411577135,51.11024446950362,51.95637078624612,462753100
2009-03-05,50.18385314941406,52.321043534886336,49.724317231970986,51.132091179602966,485549400
2009-03-06,50.27140045166016,51.3874071749343,48.94386220570539,50.621522935926606,490470000
2009-03-09,49.68058776855469,51.059185327188,49.40341133732482,49.56387838803081,379905300
2009-03-10,52.641998291015625,52.78788496000931,50.5996350101707,50.70175289596258,406227900
2009-03-11,52.984825134277344,53.79447806286478,52.39399942720283,53.247415574089885,356648300
2009-03-12,55.07095718383789,55.25331134669828,52.49611729465036,52.97023923108886,409702700
2009-03-13,55.5013313293457,56.15051751447829,54.50932942798547,55.442982204566526,337474700
2009-03-16,55.33354187011719,56.87261128983097,55.29706881533452,56.13589899027438,360644900
2009-03-17,57.02582931518555,57.15712461628004,55.03451817608758,55.48675878319324,356814300
2009-03-18,58.30229568481445,59.00983100031729,56.21616281096447,56.755929783251446,473273200
2009-03-19,57.58015823364258,59.08275491107223,57.39780405181828,59.03169596276175,428520400
2009-03-20,56.35405349731445,57.97025969131989,56.221818496030735,57.86006292277671,371078200
2009-03-23,60.40191650390625,60.45334092204414,57.52948022049216,57.84537467615098,419933300
2009-03-24,59.2117919921875,60.50475579329407,59.14567729565994,59.68195962807346,330271000
2009-03-25,59.83622360229492,60.75452049984297,58.08044038257021,59.67460805639161,441775100
2009-03-26,61.05571746826172,61.19530037399611,59.74071579140269,60.42392882787495,422025200
2009-03-27,59.9537467956543,60.62961172471811,59.73335337734167,60.27698898122284,322332300
2009-03-30,57.88208770751953,58.67549753088545,57.272337254108365,58.62407313149169,324108500
2009-03-31,58.41838073730469,59.5644192291463,58.07310576597391,58.44776691451501,364238300
2009-04-01,59.54970550537109,59.814175416225616,57.54414855370255,57.69107379091572,377018300
2009-04-02,61.290802001953125,62.15767440758928,59.6011336436464,61.03368001825572,476230700
2009-04-03,61.90056610107422,61.915256387029,60.73248939584488,61.334892007113055,284646300
2009-04-06,61.415672302246094,61.91522585093463,60.45329930889919,61.22466504999647,264866600
2009-04-07,59.98316192626953,60.71779953564248,59.88031310934453,60.42394337092527,258947800
2009-04-08,60.62965774536133,60.93086193869366,59.90236788062377,60.28437707684542,230402800
2009-04-09,63.03926467895508,63.046612625944086,61.952003927917865,62.20177807713081,269653500
2009-04-13,63.05395126342773,63.575543325810976,62.13565419482896,62.38542830716438,224847500
2009-04-14,61.96666717529297,63.00250865989812,61.76831753187862,62.46622086055893,276598800
2009-04-15,62.62785720825195,62.75274425869619,61.42305195785286,61.59201547202089,250726100
2009-04-16,63.546146392822266,64.02366190864953,62.27522099883641,63.12740322460071,335202900
2009-04-17,63.972206115722656,64.39094907847476,63.28164538229973,63.78854682320267,262649000
2009-04-20,61.290802001953125,63.95019155937497,61.22468171766587,62.84088745275032,293690100
2009-04-21,62.48826599121094,62.53969039369186,60.791255104501005,60.84267950698193,114090900
2009-04-22,62.10626220703125,63.428606499225566,61.76098164475896,61.92260281048982,340395200
2009-04-23,62.71598815917969,62.75271666118356,61.437715224948654,62.231124852091135,324903700
2009-04-24,63.66370391845703,64.14121392567941,62.95110447343316,63.20087859383621,287703000
2009-04-27,63.061279296875,63.92080941774832,62.84089141331816,62.9437402132792,289581600
2009-04-28,62.862918853759766,63.61224649700936,62.267864383978086,62.42213755744599,247926300
2009-04-29,64.19994354248047,64.91254251307451,63.399191696241445,63.56080716986956,311505700
2009-04-30,64.22198486328125,65.39740330229445,63.8546662507873,65.0521285146134,301419800
2009-05-01,64.56730651855469,64.80239035659136,63.70778176118693,64.23672179797964,236110300
2009-05-04,66.76386260986328,66.80794467685055,64.92726862252817,65.0521612733454,287120000
2009-05-05,66.53610229492188,66.80057218028453,65.99981458159262,66.53610229492188,243036300
2009-05-06,67.68951416015625,67.73359062660847,66.56551942689958,67.35158150606108,291941000
2009-05-07,66.7491683959961,68.43148906197356,66.32307727084762,68.32864025312251,317728000
2009-05-08,68.30659484863281,68.48290627316688,67.17525246526425,67.60868588491864,299081700
2009-05-11,67.0283432006836,67.66748002717176,66.88141790037963,67.36627587525544,247923600
2009-05-12,66.82997131347656,67.46175998389694,66.00717533215632,67.31482912749739,282431300
2009-05-13,65.1476821899414,66.12475183702544,65.01544715796881,65.92639648664567,269619100
2009-05-14,65.70598602294922,66.20553979450409,65.01542491393047,65.17704607602761,260098700
2009-05-15,65.16968536376953,66.11736831553958,64.75829019891013,65.65454875507275,271502700
2009-05-18,67.02100372314453,67.10180871837619,65.06686463751595,65.78681209138995,241447400
2009-05-19,66.94017791748047,67.56461873587571,66.71243645771568,66.98425437847499,206102200
2009-05-20,66.4920425415039,68.17436311051841,66.41857991153582,67.54991674369113,285722200
2009-05-21,65.53702545166016,65.97046458872298,64.83912191153128,65.72068486799309,258988400
2009-05-22,65.39742279052734,66.11736995168593,65.14764874992143,65.72066505939515,166811900
2009-05-26,67.07243347167969,67.26343526444929,64.88321035862019,64.9125965432405,236318500
2009-05-27,65.87494659423828,67.40299401628116,65.77209778745075,67.17525817337155,246015800
2009-05-28,66.79324340820312,67.10178982807037,65.45620331727216,66.45531081432382,289095000
2009-05-29,67.97601318359375,68.83553779189626,66.6169348054946,67.16056503576628,258641500
2009-06-01,69.62158203125,69.91543810419564,68.63717063244626,68.81348203427828,276246800
2009-06-02,69.68037414550781,70.06238883022314,69.22490242775339,69.34978947263185,230874500
2009-06-03,68.79879760742188,69.15142044109328,68.14497073201888,69.08530576159447,235310500
2009-06-04,69.4453125,69.54816134681576,68.54171111656994,69.05595535064869,210102300
2009-06-05,69.45999145507812,70.28278202893974,68.90901322229276,70.15054702887763,284257900
2009-06-08,69.17346954345703,69.86402498070014,68.3506735274618,68.93838016331041,238565100
2009-06-09,69.52610778808594,69.89342661858295,69.07063042052705,69.56284191307186,225125500
2009-06-10,69.34977722167969,70.15052936133341,68.46086656924065,70.14318702223055,296100400
2009-06-11,69.65834045410156,70.6060236775683,69.4673330992964,69.48202899073391,275414200
2009-06-12,69.84934997558594,69.89342644158498,69.0559399585599,69.34979614318146,184361800
2009-06-15,68.24781799316406,69.07060832314863,67.8804992801813,69.0265318711391,224190500
2009-06-16,67.32219696044922,68.534350260865,67.27812049292743,68.4902737933432,227319000
2009-06-17,67.2560806274414,67.82909711068541,66.72714061064983,67.29280914787157,223445200
2009-06-18,67.74827575683594,68.07886041239547,67.03567643657145,67.35891875211568,211725100
2009-06-19,67.99796295166016,68.48555948940873,67.61379051682982,68.39690864790794,215655600
2009-06-22,65.95891571044922,67.37000186947967,65.93675299783594,67.33306025745846,251913600
2009-06-23,66.01065063476562,66.40220704052372,65.64125694835228,66.09930714864495,188309800
2009-06-24,66.57954406738281,67.2887795245657,66.19537133859477,66.60909624932823,211577700
2009-06-25,68.02751159667969,68.09399972437049,66.17315455894423,66.24703213521106,279411000
2009-06-26,67.85025024414062,68.14576641042039,67.42914153905511,67.79853533777931,167579000
2009-06-29,68.48558807373047,68.57424458873253,67.67292308062964,68.04970622376291,168481300
2009-06-30,67.93151092529297,68.7515655320552,67.42913518093864,68.50038047812879,228888200
2009-07-01,68.21221923828125,68.87712880375892,68.123562750718,68.21960305153752,173041100
2009-07-02,66.35051727294922,68.23442804158435,66.31358127222258,67.3257167488715,212309900
2009-07-06,66.34310150146484,66.43914182090057,65.50088443410614,65.70774397535217,174499600
2009-07-07,65.05764770507812,66.3579157281709,65.01332224359308,66.27664862444614,197088900
2009-07-08,65.0133056640625,65.6043379701547,64.27451809969816,65.4491876215166,248050500
2009-07-09,65.13887786865234,65.67819510238857,64.9467972201436,65.46394609920569,163777600
2009-07-10,64.98371887207031,65.37527517078392,64.53305824692855,64.79163262942821,173520300
2009-07-13,66.56474304199219,66.61645793408877,64.71038510567078,65.24231293095026,217413500
2009-07-14,66.94153594970703,67.00064030257664,66.29140497764529,66.77161234433223,181487400
2009-07-15,68.8992919921875,69.08398878184536,66.9932197701587,67.82804723027269,220877900
2009-07-16,68.7884750366211,69.8227782197686,68.57422607724419,68.70720799559886,231174500
2009-07-17,69.54203796386719,69.68240933727675,69.1061562160151,69.49032308468983,138561700
2009-07-20,70.28083038330078,70.39903905104056,69.58637418807783,69.94837836915679,164179400
2009-07-21,70.60590362548828,70.8497047927383,69.75629708405634,70.8275420750792,217718300
2009-07-22,70.59112548828125,71.01961781862362,70.10352318742679,70.15523807056292,196068100
2009-07-23,72.14997863769531,72.46026798626139,70.5763579021809,70.6354622456698,258795500
2009-07-24,72.44550323486328,72.50460758989863,71.43336792826541,71.81014550948724,154003100
2009-07-27,72.65975952148438,72.69670115618118,71.91358246532508,72.31252844674187,159259400
2009-07-28,72.3199234008789,72.67454395682992,71.70672829189199,72.1500053959564,186685200
2009-07-29,72.14256286621094,72.46762536380803,71.64757685220076,71.98741824852857,194399300
2009-07-30,72.89613342285156,73.75312930096374,72.84441854306887,73.01434208321152,225575400
2009-07-31,72.99958038330078,73.48718276743054,72.68190157935274,72.88137733158781,207358000
2009-08-03,74.20379638671875,74.27028453656006,73.3689631509357,73.76790895948253,175776900
2009-08-04,74.39588165283203,74.4993114278012,73.71619866403455,73.87134332648833,176714600
2009-08-05,74.1816635131836,74.51411566913406,73.56846846985088,74.44762185604282,184726400
2009-08-06,73.79747009277344,74.63229779347988,73.45023912630693,74.52148419694831,193203800
2009-08-07,74.7652816772461,75.37847656422986,74.16686569451522,74.5732010139624,220640900
2009-08-10,74.61009979248047,74.78002328764254,74.07817223466596,74.42540303693363,130898700
2009-08-11,73.67925262451172,74.32938335509442,73.47977691679367,74.27766847466738,157301000
2009-08-12,74.46977996826172,75.03125439274262,73.51674344614128,73.55367943810649,219052400
2009-08-13,75.03860473632812,75.06815689639868,74.07079544913482,74.80958254140408,176449500
2009-08-14,74.46236419677734,75.0607800382164,73.65708320014411,75.00167570816092,199616100
2009-08-17,72.63015747070312,73.10298076035498,72.48240230637376,73.0291031781903,237667500
2009-08-18,73.20640563964844,73.46498561479493,72.65970480414875,72.7926866978106,173461500
2009-08-19,73.84916687011719,74.10035744581262,72.55628928702025,72.63016687875457,192812800
2009-08-20,74.61009979248047,74.78002328764254,73.78266193498915,73.94519034521232,174131300
2009-08-21,76.07290649414062,76.19110949590676,75.07554506390304,75.22330022523523,224605000
2009-08-24,76.0655288696289,76.79692661396697,75.79217557852324,76.38320758872507,191279000
2009-08-25,76.21329498291016,77.02595982599735,76.05076088699285,76.36843962814957,215310600
2009-08-26,76.2206802368164,76.56791115074414,75.71830467471872,75.97687908833528,194620700
2009-08-27,76.39061737060547,76.62702911030848,75.31198845592918,76.17636835079641,196230100
2009-08-28,76.37584686279297,77.09247161281631,75.85130843380192,77.00382072349457,147024400
2009-08-31,75.69615936279297,75.78481588348801,75.20117313770574,75.62967119964728,176051600
2009-09-01,74.0264892578125,76.27240344913996,73.87134459269943,75.31936710358816,321276800
2009-09-02,73.74578094482422,74.20383130421526,73.56108403746525,73.7162287632665,171805000
2009-09-03,74.35896301269531,74.44761390534687,73.57584442976494,74.17426613766949,143572300
2009-09-04,75.40065002441406,75.42281274744984,74.28508496393717,74.50671783079623,142687900
2009-09-08,76.05076599121094,76.13203304462391,75.64443072414609,76.09509142525447,132909100
2009-09-09,76.6343994140625,76.89297380905036,75.94732708652384,76.18373876715548,154612500
2009-09-10,77.41752624511719,77.46924113359755,76.25763034362885,76.68612835475196,162902400
2009-09-11,77.4027328491211,77.79429480172881,77.04072869753938,77.56526693576976,152360100
2009-09-14,77.77955627441406,77.91253826556303,76.20594074290297,76.745252525089,149593800
2009-09-15,78.10456085205078,78.39268732489738,77.39532602377474,77.90508520992783,196795900
2009-09-16,79.28665924072266,79.30143250786087,78.11199004397636,78.38533775978512,206406300
2009-09-17,79.1684341430664,79.83333807259267,78.73254679114501,79.17581795632874,229170900
2009-09-18,79.2188949584961,79.54551140141722,78.95166435307794,79.53808675589305,153799100
2009-09-21,79.01853942871094,79.42681034535894,78.43212216785321,78.60284952328767,151892000
2009-09-22,79.47874450683594,79.7014386879314,79.1298595993489,79.48616915643198,143126700
2009-09-23,78.81808471679688,80.19135026624248,78.67704470474081,79.66431346243786,225947400
2009-09-24,77.94957733154297,79.15953442487464,77.60811715176864,78.98880716666096,228636800
2009-09-25,77.53389739990234,78.20939890907411,77.26666665598253,77.77885985905351,204059000
2009-09-28,78.92200469970703,79.09273763865517,77.81596991091371,77.8308135448734,118285800
2009-09-29,78.68447875976562,79.44162879935422,78.5211704448832,79.06305661123413,133733900
2009-09-30,78.38011932373047,79.02592784209484,77.66008697154884,78.95169834492997,254383000
2009-10-01,76.4352798461914,78.4840467992644,76.4204305488665,76.45754812883119,281840600
2009-10-02,76.07894897460938,76.53175613898362,75.7077959325548,75.73006420894272,224748800
2009-10-05,77.21470642089844,77.43740059811843,76.16063273053331,76.38332690775329,149875000
2009-10-06,78.32073211669922,78.76611472318795,77.72688486581616,77.77142142746091,202491100
2009-10-07,78.53600311279297,78.61765725294221,77.99411706119768,78.14257604509784,159200300
2009-10-08,79.13726806640625,79.55295774520984,78.57311374278201,79.09273150463362,183305800
2009-10-09,79.61978912353516,79.61978912353516,78.95171220507373,79.15955709896204,135008300
2009-10-12,79.93155670166016,80.23589939337192,79.63463299664598,79.99094257533271,118031000
2009-10-13,79.76825714111328,79.95383376920913,79.24864484778463,79.71629591178042,157692700
2009-10-14,81.14148712158203,81.22314125485033,79.73852888756733,80.70352919163997,191421600
2009-10-15,81.43843078613281,81.43843078613281,80.71097371846439,80.74808563877916,173873600
2009-10-16,80.82971954345703,81.11179385324878,80.33980040925593,80.76291470561691,192069400
2009-10-19,81.4978256225586,81.75020709652395,80.71098259978571,80.96336407375107,159530400
2009-10-20,81.06725311279297,81.64625099759306,80.67383176354915,81.6165580723025,180921100
2009-10-21,80.33982849121094,81.88382158223014,80.28044261680863,80.94109489532542,225379300
2009-10-22,81.15635681152344,81.41616290841854,79.79793479488144,80.31012800258046,238444000
2009-10-23,80.22845458984375,81.47552921892644,79.89441340543866,81.42356801202077,240033200
2009-10-26,79.35997009277344,81.14150070098295,79.1372759350734,80.31754024617959,242028200
2009-10-27,78.99624633789062,79.71628445757817,78.80325075001339,79.44905369844983,253266300
2009-10-28,77.50418853759766,79.040762055396,77.45964631712108,78.7957996644877,248821400
2009-10-29,79.16698455810547,79.32286823405299,77.89764119966236,78.08321781341164,198110600
2009-10-30,76.87322998046875,79.14469085438928,76.78415685901692,78.90715309160608,325608100
2009-11-02,77.43737030029297,78.24648687516233,76.51691234372477,77.29633033234649,254222900
2009-11-03,77.68233489990234,77.7936819481481,76.85837467156826,77.00683362699853,228362600
2009-11-04,77.88276672363281,78.92942120525704,77.68234653744253,78.32073033545156,247996700
2009-11-05,79.3154525756836,79.33772086572223,78.26880330042148,78.43211164517076,180015300
2009-11-06,79.52326965332031,79.7236955201825,78.72158317591398,78.87746681494708,170954100
2009-11-09,81.33448791503906,81.37902447356754,80.07256967439368,80.13194986464943,159495700
2009-11-10,81.3493423461914,81.60172942583382,80.88911607804238,81.14149749433733,171899800
2009-11-11,81.76506805419922,82.26241208616577,81.37164648672271,81.88383415789517,169466200
2009-11-12,80.93365478515625,82.07680716396543,80.7258099277996,81.65369280053294,157144500
2009-11-13,81.37162017822266,81.72049938858515,80.7258116462475,81.14150136980977,150963000
2009-11-16,82.55189514160156,82.90820471012427,81.89124289004872,81.93577946235837,210922200
2009-11-17,82.64838409423828,82.68550167609109,82.02484949521556,82.33661679472692,147134100
2009-11-18,82.59645080566406,82.71522257707461,82.07683846411733,82.58903181746324,156486800
2009-11-19,81.52009582519531,82.62613087319535,81.00790255166258,82.03228909872806,208734600
2009-11-20,81.23057556152344,81.47553799045674,80.91880828652508,81.09696020604594,134196000
2009-11-23,82.2623519897461,82.94527216130459,82.09904376103745,82.18812252124546,148010200
2009-11-24,82.38858795166016,82.5444716202235,81.66113083169782,82.39601260159608,138420100
2009-11-25,82.67806243896484,82.76714122168543,82.26237277962917,82.52217881671397,109564800
2009-11-27,81.33448791503906,81.89121755003202,80.38433691078653,80.46599104365323,126001800
2009-11-30,81.60917663574219,81.80217224390589,80.25817906185122,81.26771633281909,160874800
2009-12-01,82.61870574951172,82.88593651034512,82.19559132208359,82.33662568899399,159613700
2009-12-02,82.58160400390625,83.14575856980564,82.3366414822638,82.60387229435564,132315100
2009-12-03,81.93575286865234,83.27190623775456,81.86894803187054,82.80425539024209,167324900
2009-12-04,82.40345764160156,83.42041406386899,81.68341933005897,83.01956781837053,274907800
2009-12-07,82.27725982666016,82.78945318671356,82.01745365248446,82.32922672484514,127973800
2009-12-08,81.36420440673828,82.22527687997301,81.11181728750421,81.68339638311326,169863700
2009-12-09,81.6685562133789,81.78732796826016,80.92624973541807,81.34194521415344,155063400
2009-12-10,82.12876892089844,82.48507843825499,81.98772891103994,82.17330548681264,138014600
2009-12-11,82.4776611328125,82.66323772510785,82.1065079482218,82.4776611328125,124854000
2009-12-14,83.04178619384766,83.13828394891232,82.49247559729027,83.04178619384766,107141500
2009-12-15,82.65579986572266,83.07891420200046,82.3959938107007,82.73745400635059,120408800
2009-12-16,82.78202819824219,83.23483566997024,82.59645155125035,82.98987880008688,155358200
2009-12-17,81.78729248046875,82.34402209737247,81.71306299755089,82.18813848424101,183390100
2009-12-18,82.25003814697266,82.31720836568311,81.55597625410597,82.24257352404061,174591200
2009-12-21,83.08588409423828,83.36201245960672,82.66049176693208,82.66049176693208,118039600
2009-12-22,83.38440704345703,83.56351810548921,83.16051394553831,83.26499587287691,91707500
2009-12-23,83.54856872558594,83.66797986738588,83.21273485348767,83.58588613085757,111783100
2009-12-24,83.94416046142578,84.03371317365152,83.5859325310034,83.72773191714722,39677500
2009-12-28,84.12323760986328,84.3247368248435,83.82471540403102,84.25757231779592,87508500
2009-12-29,84.0038070678711,84.35457015175493,83.99634814247847,84.33964660713349,80572500
2009-12-30,83.97396087646484,84.07098385254685,83.71275612131453,83.75753814636646,73138400
2009-12-31,83.16796875,84.18294080477153,83.13065134013917,84.16054694255264,90637900
2010-01-04,84.57849884033203,84.62327518691242,83.22022795362042,83.8620488258528,118944600
2010-01-05,84.80237579345703,84.83969320689081,84.22026058445238,84.52624743186337,111579900
2010-01-06,84.86206817626953,85.07103199378142,84.65310435875766,84.72026885988491,116074400
2010-01-07,85.22028350830078,85.3247654018269,84.46651639600287,84.70533296603915,131091100
2010-01-08,85.50387573242188,85.54119313431706,84.82474342985138,84.99638981336251,126402800
2010-01-11,85.62330627441406,85.92182278190536,85.25761387321361,85.88451106538766,106375700
2010-01-12,84.82473754882812,85.23520047203648,84.49636265519287,85.05608948179713,163333500
2010-01-13,85.54120635986328,85.780022964942,84.60832810661252,85.04117928880476,161822000
2010-01-14,85.77257537841797,85.92929827282762,85.39195938122988,85.4442003460331,115718800
2010-01-15,84.80980682373047,85.70536745305195,84.48143193585598,85.62327942491895,212283100
2010-01-19,85.8696060180664,85.92184699098038,84.77253989303392,84.79493376185906,139172700
2010-01-20,84.99639892578125,85.41432654139966,84.31726655040133,85.28745647149218,216490200
2010-01-21,83.36199188232422,85.27998919253707,83.25750998167734,85.01878444091986,344859600
2010-01-22,81.50370025634766,83.39184478418747,81.41414190116632,82.9888407266263,345942400
2010-01-25,81.92164611816406,82.39928509175049,81.65298238041358,82.25002113318041,186937500
2010-01-26,81.57833099365234,82.44404469610377,81.37683180778474,81.60071915943357,211168800
2010-01-27,81.9664306640625,82.15300634761331,80.84697656275765,81.47386812644613,271863600
2010-01-28,81.02607727050781,82.27986593150325,80.53352048967243,82.23508959520112,316104000
2010-01-29,80.14545440673828,81.94404682427654,80.01858430173903,81.376855122028,310677600
2010-02-01,81.39176177978516,81.39922640024713,80.22753151654962,80.71262935751012,187865000
2010-02-02,82.37687683105469,82.53359968978535,81.25742295968982,81.54102158449116,216327900
2010-02-03,81.9664306640625,82.4515285800622,81.72761401687099,82.00374238446987,172730700
2010-02-04,79.43645477294922,81.36937587627416,79.42152553160986,81.33206416060034,356715700
2010-02-05,79.60065460205078,79.76483642536944,78.04834350472578,79.52601977146084,493585800
2010-02-08,79.02599334716797,80.10067106943076,78.96628776396719,79.66034951062228,224166900
2010-02-09,80.01856994628906,80.71263162902116,79.30957902221286,79.9513997479151,337820500
2010-02-10,79.86183166503906,80.30214740449327,79.19015828009213,79.89168444812961,240511500
2010-02-11,80.6977310180664,80.78728941639329,79.29468360731443,79.75739345791102,223591600
2010-02-12,80.63056182861328,80.67533817826865,79.48871936168982,79.84694154661064,304622100
2010-02-16,81.89924621582031,81.98133995781451,80.46634658183653,81.24250197370367,159317500
2010-02-17,82.287353515625,82.39930008145791,81.89927284658275,82.29481244453203,168845100
2010-02-18,82.77243041992188,82.94407684248087,82.12314505855818,82.15299784809831,193708600
2010-02-19,82.94408416748047,83.26499456608053,82.36196895463337,82.55600925686171,222684900
2010-02-22,82.95899963378906,83.27244535883273,82.71271840961035,83.25005719187774,132346900
2010-02-23,81.9515151977539,82.98887571718075,81.73508668519047,82.73513547793745,207497000
2010-02-24,82.7052230834961,82.83955772918871,81.98877353774708,82.19773727686119,176350700
2010-02-25,82.59329223632812,82.65299779990511,81.30219216353235,81.52607948619216,259634700
2010-02-26,82.64556121826172,82.92915989454447,82.17539255672045,82.66794938873923,173589300
2010-03-01,83.50379943847656,83.58589318193008,82.96646064272164,82.98884881023858,147709700
2010-03-02,83.73516845703125,84.1381726358058,83.5859101806725,83.86204425515828,160992400
2010-03-03,83.80976867675781,84.30978995927975,83.60079920478353,83.95156227258832,150785000
2010-03-04,84.06353759765625,84.18294876543304,83.60829248472353,83.92173825938079,135770400
2010-03-05,85.26504516601562,85.33220964579698,84.40679630785324,84.60830113486767,176118800
2010-03-08,85.27997589111328,85.46655149800135,85.13071768313708,85.27251696639944,114631200
2010-03-09,85.42179107666016,85.81733052588356,84.98147529547539,85.02625162743676,154556700
2010-03-10,85.80241394042969,86.03376593278048,85.38448629132186,85.45911541525723,186088800
2010-03-11,86.1606674194336,86.1830612892305,85.33973536923075,85.60094024513539,160791100
2010-03-12,86.16812896728516,86.54874502649841,85.92931227586173,86.53381578049998,162074800
2010-03-15,86.19046020507812,86.25016576195229,85.5262515429001,86.01881384635902,146816800
2010-03-16,86.8770980834961,86.95918614031667,86.19049528764229,86.42931191851042,168673000
2010-03-17,87.39204406738281,87.67564273431114,86.88455800922638,87.13830388522342,177468100
2010-03-18,87.34728240966797,87.51892886907692,86.99651917456448,87.3995233791192,196509100
2010-03-19,86.90514373779297,87.89431992133225,86.56792107597927,86.90514373779297,226641100
2010-03-22,87.3697280883789,87.52710204895554,86.35807182876417,86.4105279098617,184477800
2010-03-23,87.98424530029297,88.05918176228343,87.21238316166308,87.49714972142664,182941600
2010-03-24,87.55708312988281,87.99921791274565,86.61287355066312,87.6545056623073,196072600
2010-03-25,87.4146728515625,88.55372135178601,87.30976071538201,88.14905780482587,223396300
2010-03-26,87.3622817993164,87.99175508485934,87.0175694214305,87.57960159093105,205808500
2010-03-29,87.9167709350586,88.07413917111535,87.4446662268883,87.80436341865125,134513500
2010-03-30,87.97673034667969,88.29896220703534,87.60953776259954,88.0216910704042,145772500
2010-03-31,87.6769790649414,88.06665201184715,87.38472292544101,87.63950798355548,161078700
2010-04-01,88.27648162841797,88.61369849009233,87.75191507802148,88.27648162841797,161215200
2010-04-05,88.99588012695312,89.05582585155518,88.36640142171598,88.61369683153357,105847600
2010-04-06,89.20570373535156,89.36307198106803,88.64367183609956,88.74108864041429,110384200
2010-04-07,88.69612884521484,89.44550471871798,88.28396982787443,89.02585605908716,184576300
2010-04-08,89.00335693359375,89.1532355166946,88.12658866226646,88.38886903608872,158704000
2010-04-09,89.58788299560547,89.62534835683226,89.02585112164881,89.19070900215765,133006500
2010-04-12,89.73027801513672,89.96258845609707,89.5953901103899,89.7003022899391,110279000
2010-04-13,89.7977066040039,89.95507484139384,89.17572329626002,89.64033836661397,125043600
2010-04-14,90.81685638427734,90.81685638427734,89.98504877650461,90.1274262928725,161609000
2010-04-15,90.89180755615234,91.1016319025264,90.63701676606624,90.66699248944606,144615300
2010-04-16,89.44551086425781,90.89180662818102,88.98839109263079,90.56957475174369,366786700
2010-04-19,89.78270721435547,89.87263436301453,88.77854644877074,89.18321004181158,217947800
2010-04-20,90.58456420898438,90.65950637899628,89.82769860397119,90.344764129887,157708000
2010-04-21,90.4197235107422,90.84686766160382,89.91763717560389,90.63703754982949,192910100
2010-04-22,90.68948364257812,90.80189118930512,89.2656737749872,89.78273934227488,115360300
2010-04-23,91.28147888183594,91.31894996470712,90.3972150685504,90.62952549123963,177335500
2010-04-26,90.93677520751952,91.51379792127376,90.84685374781712,91.31146320237316,143457300
2010-04-27,88.78606414794922,90.92927408275106,88.613705165637,90.41220857038384,355853300
2010-04-28,89.46047973632812,89.68529476020223,88.62867215219096,89.21319007080689,300674100
2010-04-29,90.56957244873048,90.75691642521431,89.9775647969674,90.00004515937995,193775000
2010-04-30,89.0333480834961,90.6819784796832,89.010867721455,90.58455595445936,270000900
2010-05-03,90.18741607666016,90.43471157163924,89.32563238394548,89.46052031599896,182747900
2010-05-04,88.0666732788086,89.19823274596551,87.6170487800206,89.18324774016305,360353400
2010-05-05,87.5421142578125,88.2765053387048,86.90514572729664,87.34727487434543,328973200
2010-05-06,84.63451385498047,87.67697810321934,78.68446752853018,87.1224415519531,647356600
2010-05-07,83.37557220458984,85.25650177694041,81.98922780052807,84.40970898721909,637558800
2010-05-10,87.04751586914062,87.41470849549758,86.11079590180199,86.78522970445783,396159600
2010-05-11,86.80020141601562,87.94674549017466,86.11077704318954,86.23067419976273,317849800
2010-05-12,88.01419830322266,88.14159655300188,86.9950466086957,87.14492522099935,235607100
2010-05-13,86.92009735107422,88.1865442812924,86.84516091460861,87.77438530480612,234452500
2010-05-14,85.3464126586914,86.42551568136602,84.58205182915277,86.26814744343996,345601400
2010-05-17,85.39140319824219,85.8185473409991,83.75776309278339,85.57874722080724,325739800
2010-05-18,84.22985076904297,86.34309053985473,83.95257963287163,86.08829976550837,360556800
2010-05-19,83.75027465820312,84.50714040385404,82.70114697322565,83.75776430276812,394742700
2010-05-20,80.58787536621094,82.34890737784367,80.53541928815494,81.96672411355928,530418300
2010-05-21,81.76437377929688,81.96670267966664,78.95421522410324,79.36637409911118,500909400
2010-05-24,80.7153091430664,81.97426137726299,80.64037266714843,81.32230203047465,269823000
2010-05-25,80.79769134521484,80.8351624187975,78.21983699282914,78.76688379380704,396505200
2010-05-26,80.31063842773438,82.03420581252819,80.07083829498174,81.29232504515068,349719300
2010-05-27,83.0008544921875,83.03083020639122,81.51708808415914,81.82433486678512,300870500
2010-05-28,81.95923614501953,82.97089236662792,81.569557513834,82.91094092840187,297933500
2010-06-01,80.58039093017578,82.39387926568824,80.46049375720268,81.19487894953474,277909400
2010-06-02,82.67866516113281,82.68615480556701,80.56542482166567,80.99256896313395,240243700
2010-06-03,82.96339416503906,83.22567455168702,82.1166015689232,82.91843344655189,226618300
2010-06-04,80.04833221435547,81.92926729611669,79.7785564369999,81.38971574140557,398475600
2010-06-07,79.05166625976562,80.64034530978338,78.99172052973991,80.33309843028104,264609100
2010-06-08,79.89848327636719,80.05585157412152,78.42221141806603,79.11163607030954,357774300
2010-06-09,79.47129821777344,81.14240288903993,79.13407570990347,80.3630514460768,268023300
2010-06-10,81.79437255859375,81.89178935776019,79.46381328214484,80.82767705689416,317890600
2010-06-11,82.19155883789062,82.24401492851581,81.02253412265206,81.07499021327725,214128200
2010-06-14,82.06417846679688,83.2706744474579,81.98174663825836,82.82104421278017,207196100
2010-06-15,83.93009948730469,84.00503593267578,82.49878879639436,82.64117204469845,238268700
2010-06-16,83.9001235961914,84.24483581802942,83.33059632141003,83.49545993126392,216374000
2010-06-17,84.03504180908203,84.17742510847837,83.21822454205036,84.1399540137047,263185800
2010-06-18,84.1261215209961,84.42729340081608,83.8550622335698,84.2014144909511,174006600
2010-06-21,83.88518524169922,85.23294498905588,83.41835961080585,85.17271405642907,213140700
2010-06-22,82.49977111816406,84.25412557926018,82.37930350736227,83.88518598154212,239355400
2010-06-23,82.24380493164062,82.84615470222566,81.6790987904427,82.55250796836177,254639900
2010-06-24,80.88095092773438,81.94260089000336,80.67012828842918,81.83718957035076,268523600
2010-06-25,81.21977233886719,81.63388656760888,80.39153239241243,81.12188630274852,238726500
2010-06-28,80.96377563476562,81.55859994056046,80.67012899252953,81.34024627809252,169218600
2010-06-29,78.4640121459961,80.94872073259785,77.96707387536749,79.8268340601063,373649500
2010-06-30,77.71862030029297,78.96850016699346,77.4626172105669,78.24567703724722,284101700
2010-07-01,77.37224578857422,77.92188969361115,76.1449478535046,77.66589242156347,382924800
2010-07-02,76.95060729980469,77.86919670922661,76.51390566202755,77.63578671795894,233385200
2010-07-06,77.45506286621094,78.58447465971044,76.70964694647175,78.03482505930042,256935300
2010-07-07,79.89458465576172,79.99246493573983,77.56799355095666,77.65081753574006,253769400
2010-07-08,80.68521118164062,80.77556048212747,79.74403433831888,80.5647377883414,210842100
2010-07-09,81.28753662109375,81.29506764204612,80.51200805308899,80.66259400522135,144999900
2010-07-12,81.34026336669922,81.49838038077665,80.67767696325748,81.01649831563951,131283600
2010-07-13,82.56753540039062,82.89129460423739,82.01788579248309,82.18353377690687,213025900
2010-07-14,82.56001281738281,82.88377779880337,81.96518851456428,82.30400979406868,184426800
2010-07-15,82.58260345458984,82.86871908556662,81.44566046329756,82.52989779244974,232337900
2010-07-16,80.30873107910156,82.22872816888474,80.15060833271394,82.1383731344471,282693400
2010-07-19,80.78308868408203,81.03908601917112,79.97744156411434,80.60238434493165,186709000
2010-07-20,81.67906951904297,81.73930045337491,79.67624303199482,79.7138923923774,258162400
2010-07-21,80.61743927001953,82.12332214103473,80.28614320016027,82.10073481708747,264527000
2010-07-22,82.41697692871094,82.77839138079375,81.56615509111359,81.57368037017626,274781300
2010-07-23,83.13225555419922,83.25272318066551,82.01789985083192,82.25130982644482,222020800
2010-07-26,83.99810028076172,84.0809242544213,83.04186769098872,83.27527757431069,184445700
2010-07-27,83.99061584472656,84.54779087477068,83.65931978900394,84.45743583834987,204855600
2010-07-28,83.44849395751953,84.07343667735344,83.1699035807957,83.81743362275837,163056200
2010-07-29,83.04188537597656,84.19388448923314,82.37929919007672,83.96799983214989,220149100
2010-07-30,83.02685546875,83.47109393441657,82.0555660030389,82.19862097970469,220070600
2010-08-02,84.90166473388672,85.03719440107817,83.98307540564309,84.32189670137855,188263200
2010-08-03,84.49508666992188,84.90920100226134,84.21649627783061,84.69085304664783,146657300
2010-08-04,85.05977630615234,85.16518762453614,84.44989571486235,84.72848030866838,158171700
2010-08-05,84.96941375732422,85.01459413583287,84.38965155758024,84.51765018363618,140473800
2010-08-06,84.62310028076172,84.75862998943846,83.51627528398305,84.13368712473527,239728300
2010-08-09,85.0748062133789,85.21786684872997,84.5703370969615,85.02210057053655,120800400
2010-08-10,84.6155014038086,85.06727056678369,83.85503518473315,84.35197322172881,242916300
2010-08-11,82.29647064208984,83.34305838928832,82.16094100424115,83.31294005371248,273406900
2010-08-12,81.79200744628906,82.08565407971166,81.01647886343007,81.05412822442722,239542600
2010-08-13,81.55108642578125,82.0404995160656,81.45320610551933,81.53603012438994,158698500
2010-08-16,81.5134048461914,81.77693308149183,80.70022708199176,80.99387365053862,147895300
2010-08-17,82.51483917236328,83.11719454565544,81.98025150719762,82.21366723020378,172270300
2010-08-18,82.66541290283203,83.10964544200846,82.00282673195545,82.47717760769245,182922100
2010-08-19,81.22730255126953,82.4395384616724,80.88848127584669,82.23624684531589,265847600
2010-08-20,80.96377563476562,81.27248431964702,80.37648235029343,80.98636295424745,209714200
2010-08-23,80.65509033203125,81.74685313863158,80.61744096167094,81.34779508855681,163490300
2010-08-24,79.45787811279297,80.10540795705226,79.03623290982787,79.7741120150168,280677800
2010-08-25,79.76660919189453,80.06778113907906,78.52425480405499,79.0211931124988,272234800
2010-08-26,79.23202514648438,80.2484948760012,78.96849106389854,80.14308354076165,224439500
2010-08-27,80.45929718017578,80.54212117182584,78.53929482026692,79.7289432962537,272649000
2010-08-30,79.29224395751953,80.49695459501521,79.28471868078758,80.24848259519527,167238600
2010-08-31,79.29224395751953,79.79671897837743,78.67483234082172,78.99859731936363,273933100
2010-09-01,81.66397094726562,81.77691323340633,80.3086807470269,80.36138638129479,256828100
2010-09-02,82.42447662353516,82.4395329204256,81.68659169721909,81.85977070613028,156112200
2010-09-03,83.49364471435547,83.5689376814057,82.785878186216,83.2301164574371,212197300
2010-09-07,82.55248260498047,83.20754359552512,82.48472064621008,83.10213227444706,141973700
2010-09-08,83.13225555419922,83.4635458353464,82.68048615761276,82.71813552215713,149924400
2010-09-09,83.51624298095703,84.0884799456457,83.29036405018834,84.06589262701742,147017900
2010-09-10,83.93790435791016,84.0357846655493,83.47860967412711,83.66684501192388,127819000
2010-09-13,84.87153625488281,85.0447095206467,84.42729794262515,84.76612494237808,178503500
2010-09-14,84.8188247680664,85.3007066619587,84.38964852680341,84.70588244257924,209823600
2010-09-15,85.14261627197266,85.24049658754528,84.31438186743334,84.57037919023271,168608400
2010-09-16,85.12000274658203,85.17270839943345,84.59294047358256,84.87906179862051,199962900
2010-09-17,85.15180969238281,85.6514141665537,84.91715013494868,85.56814675419189,195836900
2010-09-20,86.45378875732422,86.64303179525949,85.17450397280518,85.44701440945113,214555200
2010-09-21,86.27969360351562,86.93068438008005,85.92391574668792,86.52192447568179,268389100
2010-09-22,85.85578155517578,86.62789639749228,85.61355069342221,86.14343467398515,191322400
2010-09-23,85.15940856933594,86.04506503239895,84.9171775937484,85.15183722706202,202354300
2010-09-24,86.91552734375,86.97608649157324,86.02987146397831,86.10556751113828,209671800
2010-09-27,86.49921417236328,87.04423510194727,86.4159525402922,86.94583079114341,128761800
2010-09-28,86.80200958251953,87.08209140398301,85.67412250731172,86.61276651334586,209207500
2010-09-29,86.6506118774414,86.98368150589289,86.30997090964155,86.58248137378553,179665800
2010-09-30,86.3932113647461,87.64978764353482,85.98444579605234,87.08962998654174,287106700
2010-10-01,86.75658416748047,87.14264160593997,86.241842841281,87.04423152394152,174638700
2010-10-04,86.1055679321289,86.93823600543591,85.67409410844557,86.57489266719638,166153200
2010-10-05,87.83905792236328,88.05100922190483,86.8020038921895,86.9004139778622,229634100
2010-10-06,87.83148956298828,88.0585835489104,87.47571168015558,87.82391822339355,148626600
2010-10-07,87.72551727294922,88.20997907126636,87.19563898580242,88.18727082685152,164860000
2010-10-08,88.21755981445312,88.45979073943163,87.51357528635302,87.84664497391374,177760100
2010-10-11,88.3008041381836,88.54303499979814,87.99801411735558,88.35379195868555,103098300
2010-10-12,88.57331848144531,88.83068625658176,87.54383583042048,88.01315489690211,182210000
2010-10-13,89.26217651367188,89.73907278171214,88.85341075902619,89.06536786439997,194347200
2010-10-14,88.91397857666016,89.3303157122149,88.35382061038382,89.17891776508537,217764300
2010-10-15,89.09562683105469,89.58765992273598,88.38407688062476,89.5346720990312,243705000
2010-10-18,89.53467559814453,89.82989430964285,88.80041160151131,89.12590989562996,141204800
2010-10-19,88.36138153076172,89.20918683373755,87.82392610088749,88.70958810523257,280604700
2010-10-20,89.22430419921875,89.65577806856108,88.46733209333827,88.52031990974035,200051800
2010-10-21,89.42112731933594,90.14781996603868,88.72471425481743,89.6255130552697,221585500
2010-10-22,89.58765411376953,89.72390933378111,89.32271501242461,89.55737453429593,108212400
2010-10-25,89.85259246826172,90.65498687954452,89.7844677464418,90.1856620644636,151145700
2010-10-26,89.86774444580078,89.95857741762752,89.22431920265554,89.39841958214998,158982900
2010-10-27,89.6103744506836,89.70878454106656,88.76256921193823,89.2394596587325,190024000
2010-10-28,89.62550354003906,90.1629530724609,89.19402964639114,90.12510215493911,168576000
2010-10-29,89.69363403320312,89.86774017967237,89.37570709642229,89.5346705648127,144305500
2010-11-01,89.72394561767578,90.64745295174474,89.2092041089443,90.13271144301326,174074800
2010-11-02,90.4354476928711,90.64739893335356,90.15536596781172,90.3975967819686,158345900
2010-11-03,90.79881286621094,90.85180068907664,89.66335456888322,90.59443291379736,226702800
2010-11-04,92.54743957519533,92.59285606735624,90.81397222975262,91.8056041435368,215039400
2010-11-05,92.89563751220705,93.04702965548157,92.48687179507776,92.60798435464936,180654100
2010-11-08,92.72151947021484,92.87291736933228,92.30518824193037,92.6079724896866,156107100
2010-11-09,92.0553970336914,93.0697370903406,91.68448224322536,92.97133277559166,186621600
2010-11-10,92.42630767822266,92.4717299389647,91.33627159948962,92.03268466164346,221387400
2010-11-11,92.07810974121094,92.21436498567483,91.35141702915016,91.63149885811497,158017600
2010-11-12,90.98804473876952,91.8585638148339,90.57171354603534,91.45736952309925,239068800
2010-11-15,90.859375,91.63148990157173,90.82152985399496,91.27571203273376,163940800
2010-11-16,89.44380950927734,90.45057782626142,89.01232994812138,90.29918574445205,299566200
2010-11-17,89.48926544189453,89.86018024856055,89.21675495427534,89.48169410189392,172308900
2010-11-18,90.80638885498048,91.13188714789106,90.34463532840404,90.352206667841,197723700
2010-11-19,91.05619049072266,91.09403563718313,90.26893867632386,90.76097178222808,156852900
2010-11-22,90.98046875,91.01831388578142,89.90556409456778,90.6019827407566,181361000
2010-11-23,89.66337585449219,90.09484987889678,89.31516925367804,89.90560678441685,222309000
2010-11-24,90.98804473876952,91.01075875312712,90.21593573253816,90.23107263353772,140046100
2010-11-26,89.92833709716797,90.69287517918688,89.92833709716797,90.20084766460268,76007800
2010-11-29,90.2008285522461,90.44305947472456,89.1259234194597,89.70122402606134,223642300
2010-11-30,89.69363403320312,90.2083753583319,89.17889270807434,89.30758237078619,233930700
2010-12-01,91.60120391845705,91.77530428344144,90.98048697000095,90.98805253352944,221037200
2010-12-02,92.7745132446289,92.84264374741366,91.69204274124196,91.74503056552358,191213600
2010-12-03,93.0243148803711,93.13029052827082,92.43387747771835,92.45658572009124,151288900
2010-12-06,92.9259262084961,93.13787753996102,92.72911178274695,92.82751610800122,103050500
2010-12-07,92.97886657714844,93.87209371465867,92.92587877133164,93.81910590884188,206581000
2010-12-08,93.31952667236328,93.3952227330815,92.66096459135166,93.09243849020864,138019200
2010-12-09,93.6828842163086,93.8796928367058,93.22113069687558,93.84184769058623,123705100
2010-12-10,94.2279052734375,94.31873824444249,93.66017610369738,93.97053171336395,117571700
2010-12-13,94.28843688964844,94.7728985406042,94.2581573145589,94.65935735306644,133812700
2010-12-14,94.37174224853516,94.7956506951131,94.08409483230504,94.43230142308067,147249600
2010-12-15,93.94025421142578,94.5685425592414,93.78129073340736,94.1976277771984,160823100
2010-12-16,94.48528289794922,94.5534134085378,93.67532276244717,94.00082108467176,185035200
2010-12-17,94.5864715576172,94.70822103329029,94.22121151937525,94.41906094865676,141075300
2010-12-20,94.81475830078124,95.04304656073514,94.34297107844026,94.84519712248256,119085500
2010-12-21,95.41590118408205,95.47677882060502,95.0202081579046,95.1115188070781,94965500
2010-12-22,95.71270751953124,95.74314634895993,95.4311585071389,95.4844250072358,78878100
2010-12-23,95.5757293701172,95.71270119068264,95.3398357146594,95.60616819753317,70053700
2010-12-27,95.61377716064452,95.70508783518336,95.14959521303032,95.21807821893442,58126000
2010-12-28,95.7507553100586,95.84206599063576,95.49963932724542,95.80402180893292,55309100
2010-12-29,95.81922149658205,96.03228745466934,95.8040049876952,95.8648826344664,58033100
2010-12-30,95.6670379638672,95.97902575933269,95.52245499696656,95.72791561367929,76616900
2010-12-31,95.68988037109376,95.78119685987816,95.37028136876806,95.52246971112892,91218900
2011-01-03,96.67909240722656,97.09761312336184,95.65180109123236,96.42036533770737,138725200
2011-01-04,96.62581634521484,96.92258755645028,96.02466276702722,96.89214873919396,137409700
2011-01-05,97.1280517578125,97.18892939824306,96.23012688110146,96.3214433417473,133975300
2011-01-06,96.93782043457033,97.27264167532836,96.648660330214,97.16610869974384,122519000
2011-01-07,96.74759674072266,97.22699520315814,95.99425464100617,97.06719571567965,156034600
2011-01-10,96.62581634521484,96.76278812006278,96.0322681171332,96.32143397826265,122401700
2011-01-11,96.96826934814452,97.20416298925728,96.60300924697776,96.97588050593885,110287000
2011-01-12,97.84336853027344,97.94990151892112,96.9910988154796,97.56181954839565,107929200
2011-01-13,97.6835708618164,97.92708148984974,97.44007184500887,97.88142614989994,129048400
2011-01-14,98.3912582397461,98.41408590850877,97.47811665556422,97.54659966185218,117677900
2011-01-18,98.55867004394533,98.64998072006982,98.18579876439468,98.2999371095503,114401300
2011-01-19,97.5922622680664,98.57388693164783,97.33354092866988,98.47497089671744,151958400
2011-01-20,97.462890625,97.70638961959698,96.73998157659454,97.37157414781684,175745700
2011-01-21,97.6835708618164,98.29233582067393,97.57703786485828,98.0716644738413,151462900
2011-01-24,98.23908233642578,98.35322069467554,97.59987269654708,97.62270036819702,113715500
2011-01-25,98.29230499267578,98.37601029340604,97.48569660994193,97.98031145257012,167552200
2011-01-26,98.67276763916016,98.96193347576832,98.33794648334448,98.53580168153768,141281500
2011-01-27,98.91632080078124,99.08373145086216,98.520621845024,98.69563784784478,123302700
2011-01-28,97.1889419555664,99.19025255261867,97.02914248299776,99.03044727443796,295637300
2011-01-31,97.91944122314452,97.99554117910137,97.21176039988276,97.4552709699662,149249200
2011-02-01,99.48703002929688,99.6620460220374,98.4521331662324,98.51301081832148,167194300
2011-02-02,99.29679107666016,99.56311774019436,99.17503577327174,99.22829646148868,118323600
2011-02-03,99.51744842529295,99.66963672753862,98.59670164941178,99.12174955047576,145886700
2011-02-04,99.79903411865234,99.83708411103248,99.0989583815224,99.55553506762898,134634800
2011-02-07,100.42298889160156,100.7501931751814,100.01206768521791,100.01968464795848,112439100
2011-02-08,100.87956237792967,100.93282305938386,100.24035292191608,100.5142965141438,99072800
2011-02-09,100.65129852294922,100.92524218160597,100.1490665468742,100.6056431817108,146436700
2011-02-10,100.68933868408205,100.80347702603856,99.91316312510268,100.14145142024071,162708500
2011-02-11,101.2904815673828,101.4198422188672,100.27080705952382,100.29363472677257,137710300
2011-02-14,101.53396606445312,101.61767136949382,101.1154511504724,101.22958947042665,101690700
2011-02-15,101.21438598632812,101.37419127521552,100.68933800564088,101.2220029498906,119575400
2011-02-16,101.85359954833984,101.9753432466671,101.35136760485426,101.55682823832116,130183500
2011-02-17,102.157958984375,102.29492497610646,101.46548884069232,101.55681111307008,109810500
2011-02-18,102.37102508544922,102.49278037465004,102.0133761804364,102.24926979624836,130002400
2011-02-22,100.31646728515624,102.39386638465147,100.04252365359012,101.29809185838695,233116400
2011-02-23,99.7000961303711,100.49909934960272,99.08372586763451,100.25558874094264,227584000
2011-02-24,99.6315689086914,100.01966236283069,98.69559998681754,99.59353054835871,260431400
2011-02-25,100.69696044921876,100.75783811192645,99.9892677800654,100.05014544277309,141686900
2011-02-28,101.32089233398438,101.45026456827976,100.7349668549847,101.06978804939702,141585500
2011-03-01,99.6315689086914,101.73180658176196,99.60113589818104,101.64049593900972,258565500
2011-03-02,99.8446807861328,100.30886273189488,99.1902605283572,99.49463718308884,200277400
2011-03-03,101.56443786621094,101.6785762167052,100.7426069089746,100.75021226193223,176480100
2011-03-04,100.80345153808594,101.686159863442,100.14142609967992,101.48830463911132,277202300
2011-03-07,100.01209259033205,101.32855023766494,99.48704453555293,101.1002619118503,216790400
2011-03-08,100.88720703125,101.20680607814946,99.73817153326192,100.17190895004408,174615000
2011-03-09,100.7425765991211,101.05457014490553,100.14142878200546,100.68931592198996,153806000
2011-03-10,98.87825775146484,99.8218322604704,98.77933012278883,99.68486626189502,301291800
2011-03-11,99.56311798095705,99.92076692850983,98.53583808559831,98.55866575363576,225621800
2011-03-14,98.96195220947266,99.28915646654715,98.20860446627712,98.91629688162251,234974100
2011-03-15,97.82811737060548,98.4140544410215,96.26055602358988,96.3290390079807,359585400
2011-03-16,96.01708984375,97.8357736139166,95.33223069681053,97.51616300265638,468670300
2011-03-17,97.2878646850586,97.69878010646369,96.717149789598,97.40200882527314,254303700
2011-03-18,97.64171600341795,98.49768804690775,97.45065128368805,98.46711116121855,230435400
2011-03-21,99.15494537353516,99.36128686242542,98.74223907242596,98.8568848945849,153992600
2011-03-22,98.81104278564452,99.26960285869612,98.71933543570104,99.1396802257205,129538600
2011-03-23,99.0937957763672,99.35364096162142,98.06969181448508,98.53587847303116,148603100
2011-03-24,100.04149627685548,100.18670734958911,99.10146099240424,99.65936678510025,159129800
2011-03-25,100.3471908569336,100.7828123439648,100.0338419248889,100.30133719110552,155642800
2011-03-28,100.10263061523438,100.8210358697684,100.07206538940272,100.5611906343693,109762400
2011-03-29,100.77519989013672,100.80576512133376,99.68995342679142,100.01857922424762,129798800
2011-03-30,101.47066497802734,101.76872550476682,101.15731600688255,101.30252707456752,135835000
2011-03-31,101.33309936523438,101.61588312894646,101.22610357027136,101.3407494188034,132537100
2011-04-01,101.76105499267578,102.23490338064366,101.51649823968994,101.95976974499465,153850100
2011-04-04,101.84515380859376,102.1585028086755,101.5547433080714,101.97507644387142,100768900
2011-04-05,101.8298568725586,102.28076681075896,101.60057687734428,101.64643054405414,120791500
2011-04-06,102.1508331298828,102.41067832085284,101.73812685089396,102.31897099737252,120411600
2011-04-07,101.8909912109375,102.3953931679408,101.3865775922701,101.96741009573722,170731500
2011-04-08,101.53942108154295,102.40303722705696,101.1190764239183,102.3418951257967,147945400
2011-04-11,101.2337417602539,101.99035062823005,100.98917330804682,101.6464364462713,121385400
2011-04-12,100.47708892822266,100.86685665424736,100.1102480295134,100.6681535969594,161187400
2011-04-13,100.4694595336914,101.01971510018318,100.08733016200968,100.9432962228446,162059000
2011-04-14,100.54589080810548,100.69874024329154,99.5600020387405,99.88862774130736,161220400
2011-04-15,100.9127426147461,101.1649494576187,100.43126742532168,100.72932793750466,170006700
2011-04-18,99.78164672851562,100.90510831887649,98.97917249801986,99.80457356410126,210759300
2011-04-19,100.3548355102539,100.38541239715737,99.68993399092278,99.93449077782284,124258800
2011-04-20,101.7228775024414,101.9445074811724,101.48594741678616,101.5547395896109,156133800
2011-04-21,102.24256896972656,102.28842264425572,101.72287844284016,102.25020736159244,135935400
2011-04-25,102.13556671142578,102.30370461516974,101.79929090393786,102.16613193862185,65757100
2011-04-26,103.0144500732422,103.22080323764916,102.3419101837528,102.44890596128508,146600000
2011-04-27,103.6869888305664,103.83983825651474,102.79280744402178,103.21315211162748,143031000
2011-04-28,104.02330017089844,104.16086120283876,103.48832116612888,103.50359795078823,124791100
2011-04-29,104.26785278320312,104.37486024149324,103.92393855560574,104.06151124364504,115094100
2011-05-02,104.10735321044922,104.84103525858625,103.90100003243188,104.7569779708129,126278700
2011-05-03,103.73284912109376,104.08441331873848,103.20550865545889,103.90863705074833,138375000
2011-05-04,103.04505157470705,103.73288007148597,102.5864914690758,103.68702639325642,182678500
2011-05-05,102.11263275146484,103.13673688524428,101.66172279636775,102.47183536970569,226900000
2011-05-06,102.56355285644533,103.65644926268745,102.16613492129667,103.1291087002466,222787200
2011-05-09,102.96096801757812,103.2590285454925,102.39541218901428,102.55591170173722,114104500
2011-05-10,103.8398666381836,104.02329299645416,103.1749650396614,103.30488767031132,114806900
2011-05-11,102.7469482421875,103.70227167993224,102.2731115487983,103.68698323966268,193564200
2011-05-12,103.236083984375,103.45007552348652,101.94448469795344,102.47182515564404,171550700
2011-05-13,102.44124603271484,103.43478482068028,102.0744050682087,103.28957378052928,157444900
2011-05-16,101.79163360595705,102.87687972567235,101.62349573344272,102.07440563624746,141675400
2011-05-17,101.77631378173828,101.9138863903133,100.9738399397554,101.40947292830572,192686200
2011-05-18,102.6858367919922,102.79283258248871,101.60822883377728,101.82987046802,135217900
2011-05-19,102.93038177490234,103.19787705124332,102.36483765939828,103.02210077169464,119489500
2011-05-20,102.11263275146484,102.93038371565233,101.9215680252374,102.66290009593313,182594900
2011-05-23,100.9280014038086,101.43241494134736,100.56879888419724,100.8668593088043,168700000
2011-05-24,100.84394073486328,101.44006163286932,100.65287604545972,101.218431724293,147199600
2011-05-25,101.1802215576172,101.60056622783986,100.40832437169102,100.4388895924055,151050100
2011-05-26,101.6464385986328,101.82986494167218,100.71404176276472,100.90510649697266,164850000
2011-05-27,102.03616333007812,102.31129689751214,101.61583042181758,101.92916759061274,120921900
2011-05-31,103.09854125976562,103.11382970604434,102.28842853200828,102.99919551312308,164731200
2011-06-01,100.78279876708984,103.11379031320428,100.69872983717543,102.80044142337216,233094300
2011-06-02,100.67581176757812,101.0655912318536,100.0873408686352,100.85159969375358,200466800
2011-06-03,99.67466735839844,100.43892643490356,99.41482207118702,99.468314142475,234690200
2011-06-06,98.61995697021484,99.62878425080964,98.49003436498634,99.42243109583988,179951200
2011-06-07,98.55882263183594,99.40715038913515,98.47475369510668,99.12436669559268,161660500
2011-06-08,98.14611053466795,98.73459305697494,97.96268423037836,98.40595571949731,198696400
2011-06-09,98.89510345458984,99.30015976511255,98.1767098374674,98.4136282460751,160964400
2011-06-10,97.51941680908205,98.5358765305268,97.2595716289503,98.47474609186554,238629400
2011-06-13,97.59583282470705,98.00853904971557,97.09906933861171,97.74104384233364,207599800
2011-06-14,98.83394622802734,99.17786032999489,98.45181685658277,98.49002046439684,160570400
2011-06-15,97.07618713378906,98.81870275846136,96.81634184175508,98.0085899881976,300958000
2011-06-16,97.2901611328125,97.8022132007836,96.5411848388528,97.10673479704724,308032800
2011-06-17,97.58049774169922,98.2640599718892,97.25023687747048,98.256377851398,233284900
2011-06-20,98.0796890258789,98.28706518650138,97.21947935141216,97.2502019626058,159479000
2011-06-21,99.4237823486328,99.61579429280532,98.11810347215552,98.5866130847156,193157300
2011-06-22,98.82470703125,99.70028103685377,98.7632618021488,99.11656893961096,176703000
2011-06-23,98.54054260253906,98.8016760617885,96.91996115210952,97.66496851251192,334286500
2011-06-24,97.39614868164062,98.59430148571737,97.25022357072116,98.51750373027784,226129300
2011-06-27,98.26402282714844,98.64035869284264,97.26555849140014,97.4575704129103,168904700
2011-06-28,99.54669189453124,99.5620561344654,98.51751048908694,98.65575349005054,165556300
2011-06-29,100.39920043945312,100.56048390022488,99.5620312244576,99.99981233745922,244295500
2011-06-30,101.3592758178711,101.5205593036465,100.3915397447782,100.72179469530508,223322700
2011-07-01,102.85698699951172,102.99524173397305,101.2133647443624,101.45145774981432,202385700
2011-07-05,102.77247619628906,102.9798523876849,102.4498975204953,102.74943569940947,165936000
2011-07-06,102.8953628540039,103.02592957131942,102.23484128909767,102.52670319808482,143331600
2011-07-07,103.96296691894533,104.22410039906724,103.5943071988037,103.80935967884308,170464200
2011-07-08,103.2256317138672,103.96296284473628,102.44990756408802,102.787850510758,194100500
2011-07-11,101.3592758178711,102.28860715452406,101.12118285921586,101.95835220399718,195918600
2011-07-12,100.92147827148438,101.9813880071349,100.89076151543462,101.14421870089365,214675700
2011-07-13,101.25943756103516,102.31934746809355,101.01366831445264,101.4514495459671,204062600
2011-07-14,100.56049346923828,101.98138659608138,100.36848151801512,101.5128769663177,226111800
2011-07-15,101.14424896240234,101.28249198520682,100.43764616705224,101.1212084586016,220012800
2011-07-18,100.31475067138672,100.8293414297816,99.56206690591928,100.67573417226532,196872100
2011-07-19,101.94300079345705,102.06589127773653,100.8523741143102,100.8754146151774,166554900
2011-07-20,101.88156127929688,102.26558527464964,101.70491352288964,102.2041517485376,137145400
2011-07-21,103.29476928710938,103.54822650780116,101.89691644319988,102.45758814501308,245246300
2011-07-22,103.36390686035156,103.47143311741236,102.73410184079334,103.31782585296595,126019400
2011-07-25,102.78784942626952,103.29476384092617,102.27325875180804,102.38078498647938,136653800
2011-07-26,102.40380096435548,102.88767476425126,102.17338431109664,102.71870333315997,131278200
2011-07-27,100.30707550048828,101.86621203421429,100.17649702472364,101.83548355068756,249020100
2011-07-28,100.01517486572266,101.205651173592,99.8538796882268,100.3070367490589,207939900
2011-07-29,99.33164978027344,100.26866928286876,98.28710402587942,99.00907102487736,307038400
2011-08-01,98.90921783447266,100.58356852343972,97.94915786036924,100.49139479667797,325790900
2011-08-02,96.38233184814452,98.69415772826552,96.38233184814452,98.16420278830414,346653800
2011-08-03,96.90460968017578,97.0121359257669,94.87696353511345,96.5129094396971,370830800
2011-08-04,92.36540222167967,95.71409008887012,92.21178919214834,95.56047705933878,520721800
2011-08-05,92.22718048095705,93.755593949811,89.75406564749366,93.51750100886228,655619200
2011-08-08,86.22105407714844,92.25791070261988,86.03671837243502,89.79247778454416,702263900
2011-08-09,90.23023986816406,90.35312444423911,84.6926111938888,87.61119458733765,717828700
2011-08-10,86.24409484863281,89.30860416738906,85.98295552933125,88.52519792896466,662607400
2011-08-11,90.11505126953124,91.336244479037,86.26713008721542,86.98909690626296,487979700
2011-08-12,90.72181701660156,91.55898638686506,90.07665375516176,90.93686948383474,313731600
2011-08-15,92.6419448852539,92.73410688807144,91.39770510955,91.54363609366548,258810600
2011-08-16,91.85086059570312,92.69571811190346,90.86776006020612,91.75869858283866,294095200
2011-08-17,91.91229248046876,93.08740485156584,91.18264930591867,92.3577616770158,238201100
2011-08-18,87.94915771484375,91.94300404429866,87.08894204492337,89.47757123949509,512956300
2011-08-19,86.51289367675781,89.00136661905238,86.40536746602366,86.75866870982716,428281300
2011-08-22,86.58204650878906,88.50216635112258,86.33627140336,88.45607949028289,275090600
2011-08-23,89.43150329589844,89.53134741779596,86.4668378023492,86.90462489027017,331136600
2011-08-24,90.69107055664062,90.81395513715144,89.0320847717044,89.23946092469079,246869700
2011-08-25,89.3086166381836,91.7049284040054,88.99372001887416,91.1903376726089,312365400
2011-08-26,90.60659790039062,91.02134440639,87.44223892484328,88.85544989266407,314495900
2011-08-29,93.21029663085938,93.26405975121055,90.675736134896,91.82780802219924,190977200
2011-08-30,93.4560546875,94.03209052609166,91.59738045464842,92.80321524237738,241315700
2011-08-31,93.87081909179688,94.86160162624516,93.16421640140824,94.05514895456332,301828400
2011-09-01,92.88771057128906,94.77710761404866,92.764820100342,93.92457401600906,254585900
2011-09-02,90.5144271850586,92.8339346976383,90.19184853276266,90.95221417310002,255517200
2011-09-06,89.85391235351562,89.98448493563846,87.84930708496745,87.85698920385462,285130500
2011-09-07,92.3884735107422,92.42687238612262,90.90614097509216,91.21336127683506,209803200
2011-09-08,91.4284210205078,92.88771317534352,91.22104480990603,91.83548546238644,250568200
2011-09-09,89.03211975097656,91.4437899208616,88.54056951633382,90.38388582611462,380195100
2011-09-12,89.60812377929688,89.67725111938165,87.59584255493166,87.91842118269021,305793500
2011-09-13,90.42996978759766,90.76791278237224,89.2625394070673,89.90002065275893,272514700
2011-09-14,91.681884765625,92.78019355491324,89.64655655138219,90.89079046473957,319389500
2011-09-15,93.26404571533205,93.29476833087202,91.70490960005078,92.66496936165152,326777200
2011-09-16,93.81605529785156,94.1634685261769,92.88963180243118,93.63849364142352,284528300
2011-09-19,92.88188934326172,93.36054471412984,91.6543781895006,92.27971361575209,241517000
2011-09-20,92.7738037109375,94.17888232468772,92.65028335843864,93.27561876371732,218932200
2011-09-21,90.04082489013672,93.1057498077825,89.89414487640741,92.82010575100954,316251300
2011-09-22,87.13036346435547,88.17259150875003,85.92601158106021,87.43145143517928,513911300
2011-09-23,87.65532684326172,88.13398232112984,86.4818507975389,86.55133579935284,307242500
2011-09-26,89.73978424072266,89.86331051721355,87.22299820281975,88.4813912217712,260673700
2011-09-27,90.74339294433594,92.30287352711854,90.20297444887434,91.50769245485452,311753900
2011-09-28,88.89054107666016,91.47681151742049,88.7592988558881,90.92867704532335,286696800
2011-09-29,89.59308624267578,90.81287558390598,87.95639874664424,90.36510764626608,298108900
2011-09-30,87.35421752929688,89.12986311243509,87.2924544072602,88.35784175714312,288392300
2011-10-03,84.86831665039062,87.97184022985161,84.7756719576992,86.84468964069191,365136800
2011-10-04,86.7288818359375,86.91417121403214,82.9382597991036,83.64851807829874,459177500
2011-10-05,88.33472442626953,88.5663332999643,86.14218555287465,86.94508885427595,284108000
2011-10-06,89.9327621459961,90.06401024717141,87.6321419049839,88.28835885063951,257800800
2011-10-07,89.33061981201172,90.51953379856091,88.82880458735576,90.45777065612934,312657900
2011-10-10,92.31830596923828,92.35690349916068,90.8437424989174,90.85146436092384,230666300
2011-10-11,92.41094207763672,92.67343236776212,91.67752423974068,91.7701689109711,209088000
2011-10-12,93.22157287597656,94.29468202214365,92.89732534045596,93.10576850184631,281544900
2011-10-13,93.03629302978516,93.31422118248494,91.96318384188253,92.67344205875736,212538800
2011-10-14,94.62665557861328,94.64981527644612,93.5921498083768,94.11712455612444,211397600
2011-10-17,92.82012939453124,94.61121868885289,92.58852063377752,94.1788827281163,202311600
2011-10-18,94.6343994140625,95.34465779944068,92.024962904652,92.75066501887484,318857900
2011-10-19,93.5149383544922,95.0203834300598,93.19069082069798,94.479964983681,226601300
2011-10-20,93.9241180419922,94.26380342270308,92.50359572883325,93.74655054407656,262075600
2011-10-21,95.70751190185548,95.82331631164809,94.74248497034536,95.02812917243592,278999400
2011-10-24,96.8809814453125,97.12031212804985,95.77699040705524,95.8619132476948,203215600
2011-10-25,94.99723815917967,96.46407414624906,94.78878907719,96.4177547458318,268596800
2011-10-26,95.96227264404295,96.3251177932207,94.34874468256548,96.00087018413942,289053800
2011-10-27,99.3051300048828,99.91502181087222,97.74564326561148,98.53310260946004,393220200
2011-10-28,99.28196716308594,99.47497253332511,98.66434762229794,98.8187495624667,225906500
2011-10-31,96.88871002197266,99.29741362499377,96.74974589948626,98.17026869490913,228146700
2011-11-01,94.1866455078125,95.35239990060906,93.81607250763165,94.20980521593792,416565800
2011-11-02,95.72295379638672,96.03948547055909,94.79653025891236,95.59943340675017,244717600
2011-11-03,97.46769714355467,97.660702484433,95.4218393522333,96.7111136156872,291174800
2011-11-04,96.8732681274414,97.04310792332134,95.73839548964138,96.6802627370688,249401600
2011-11-07,97.47543334960938,97.57579402121384,95.88506510151647,96.8037725441,196617200
2011-11-08,98.72610473632812,98.83419316237388,97.05081953843758,97.98496482237732,224426300
2011-11-09,95.08216857910156,97.1203048209934,94.85055977840892,96.41776244493384,337982000
2011-11-10,95.97771453857422,96.45636999844116,94.97408421274434,96.34056559314436,231866500
2011-11-11,97.78423309326172,98.0389956781472,97.11257235661353,97.14345391933875,189924400
2011-11-14,96.8577880859375,98.39410876812308,96.44089589221812,97.421366206166,159258300
2011-11-15,97.3364715576172,97.85372454594273,96.2865218526258,96.63392916954736,184709400
2011-11-16,95.79241180419922,97.53717583772033,95.65344772373638,96.35598409881396,235782500
2011-11-17,94.27154541015624,95.85419183402632,93.592168613647,95.61486116486944,331219600
2011-11-18,94.1711654663086,94.76561930535732,93.77743293443946,94.5726139707232,215580400
2011-11-21,92.38007354736328,92.91276425044008,91.60033036858626,92.7969598749694,229611600
2011-11-22,92.0172348022461,92.71977123060634,91.49997597514763,92.17935859340616,216494900
2011-11-23,89.98683166503906,92.01725214912416,89.98683166503906,91.152585876543,224329100
2011-11-25,89.81698608398438,90.86693588404614,89.70890353604187,89.84786765340466,99557000
2011-11-28,92.418701171875,92.78155225113971,91.73160244775733,92.28745891896648,210686000
2011-11-29,92.68119049072266,93.41460861556584,92.3414991200296,92.68119049072266,199241500
2011-11-30,96.49494934082033,96.67251684745963,92.64256435558288,95.33691728637552,324439500
2011-12-01,96.4795150756836,96.99676799886538,96.06262281384794,96.38687038747928,176954800
2011-12-02,96.39460754394533,97.66072236666432,96.33284440867688,97.36735630922442,221109700
2011-12-05,97.4445343017578,98.18567408001674,96.84235860005091,97.92318376206056,225263900
2011-12-06,97.47543334960938,98.13165042714483,97.08942261105246,97.43682991973112,178842100
2011-12-07,97.8382797241211,98.2474501450848,96.47952033993184,97.1511752233794,237802500
2011-12-08,95.69205474853516,97.41366514446128,95.4604518514969,97.19750008453646,240862800
2011-12-09,97.31333923339844,97.56038594583865,96.03950222954252,96.1244250891368,209111400
2011-12-12,95.89276885986328,96.47950672090283,95.08214999598162,96.46406299584493,215826100
2011-12-13,94.99723815917967,96.9427295474328,94.53402059478304,96.39459504562316,245159800
2011-12-14,93.98587799072266,94.98178624423149,93.77743481675824,94.61893526542724,238618800
2011-12-15,94.32559204101562,95.11305142059308,94.17890606352243,94.98180917233964,199109200
2011-12-16,94.46540069580078,95.52200902274222,94.2400998256741,94.96263337384124,220481400
2011-12-19,93.45541381835938,95.03255551364607,93.253413593485,94.83055528877168,183903000
2011-12-20,96.2834014892578,96.44655347919462,93.51757664143408,94.92379564570676,225418100
2011-12-21,96.4698715209961,96.6174877840341,95.36664978516406,96.2834129285456,194230900
2011-12-22,97.32451629638672,97.42551943101556,96.51652678383996,96.8272892452438,119465400
2011-12-23,98.19463348388672,98.2257109050292,97.43325741183844,97.63525175814644,92187200
2011-12-27,98.27233123779295,98.52871553535152,97.93825634542009,98.02371777793958,86075700
2011-12-28,96.98263549804688,98.3033931841863,96.90494491546424,98.28785743863438,119107100
2011-12-29,97.98487091064452,98.08586808648896,97.0059528645218,97.30117948212164,123507200
2011-12-30,97.503173828125,98.14801695809304,97.503173828125,97.90716843433174,95599000
2012-01-03,99.05701446533205,99.74070588812673,99.00263045919266,99.25901474274066,193697900
2012-01-04,99.21240997314452,99.29787141333485,98.44326293884468,98.82395103679328,127186500
2012-01-05,99.4765396118164,99.62415587532756,98.22570753634906,98.6763212363428,173895000
2012-01-06,99.2201690673828,99.6163987952371,98.89386502204977,99.6008571202714,148050000
2012-01-09,99.46099090576172,99.5852887076412,98.98707071255846,99.44544923496878,99530200
2012-01-10,100.32340240478516,100.72739113778346,100.18355103195869,100.5253967712843,115282000
2012-01-11,100.37776184082033,100.50983642378336,99.84946350896806,100.01260958299532,111540700
2012-01-12,100.61857604980467,100.76619226408285,99.8649651646728,100.66520105548696,118983700
2012-01-13,100.09808349609376,100.2612414453092,99.22793937980988,99.94270231173226,179836200
2012-01-17,100.48654174804688,101.247929699798,100.14469603172178,101.0614651668504,132209200
2012-01-18,101.5975341796875,101.6519122559089,100.28454132815568,100.46322908548838,163395200
2012-01-19,102.13361358642578,102.21907501391811,101.62084502147184,101.94714905694504,126328900
2012-01-20,102.5142593383789,102.5142593383789,101.7140352806211,101.96265456507632,138230200
2012-01-23,102.25012969970705,102.74735650842828,101.76066779954532,102.1724331948228,129295800
2012-01-24,102.13361358642578,102.16468508059384,101.4654638409833,101.62084502147184,103083300
2012-01-25,102.9881820678711,103.22902459648488,101.58196328739427,101.97818694529242,198613200
2012-01-26,102.45989990234376,103.64080615368844,102.0558994190826,103.44657674796204,184880500
2012-01-27,102.41329956054688,102.59198731683088,101.89275425580132,101.9626858602808,135259100
2012-01-30,102.06368255615234,102.1180724897844,101.0459221851454,101.395532806929,147311800
2012-01-31,102.02483367919922,102.6929714919172,101.52759499189186,102.56867367491316,157212000
2012-02-01,102.91829681396484,103.43883029158928,102.6541476202135,102.77844545238668,166234500
2012-02-02,103.0814437866211,103.3456048374555,102.71630334203326,103.120292045993,113090400
2012-02-03,104.5264892578125,104.58864408873002,103.92827123802238,104.10695896764658,160598500
2012-02-06,104.45662689208984,104.50324007717512,103.97494150643747,104.09147446915068,107694500
2012-02-07,104.72071838378906,104.8994179677657,103.82726788319314,104.23903326397092,135528100
2012-02-08,105.03150177001952,105.05480835174832,104.34781042644694,104.77511751617982,139361400
2012-02-09,105.16358947753906,105.34227724470398,104.54205289260642,105.20243773687692,148602900
2012-02-10,104.38665771484376,104.4721191319994,103.9826572105787,104.2312765531488,167907500
2012-02-13,105.16358947753906,105.28789916549046,104.68190425525783,105.13251798296338,115841900
2012-02-14,105.03150177001952,105.0936566062373,104.30119726298932,104.8838855158552,165329500
2012-02-15,104.54205322265624,105.52874210979596,104.33228210542904,105.37336092677832,195195100
2012-02-16,105.69965362548828,105.79287995433036,104.36335425624408,104.54981876875132,186567800
2012-02-17,105.97935485839844,106.15027771458377,105.6297442361373,106.06481628649112,129869400
2012-02-21,106.0259780883789,106.47659185609751,105.69967401965,106.22797245811812,134042300
2012-02-22,105.68413543701172,106.08813604314088,105.49767088306923,105.86282322527384,124455300
2012-02-23,106.15028381347656,106.22796848131784,105.272362897613,105.62975030512273,137704300
2012-02-24,106.38331604003906,106.59308710106136,106.1502502553712,106.38331604003906,105539100
2012-02-27,106.56201934814452,106.84947506252016,105.50541095295384,105.67633377091276,145728900
2012-02-28,106.87278747558594,106.99709714176376,106.38332557427466,106.59309665409695,129355900
2012-02-29,106.45326232910156,107.3622545792816,106.08033331249732,107.02817381709316,185934700
2012-03-01,107.00489807128906,107.20690431053474,106.38336138599496,106.67859397884556,145023500
2012-03-02,106.67854309082033,107.07477861428065,106.4377005556773,106.93492729575917,120638300
2012-03-05,106.24346923828124,106.59307974598065,105.87831706106935,106.51539510805875,140765000
2012-03-06,104.68963623046876,105.21793445582624,104.38663887067356,105.15579148622469,202129900
2012-03-07,105.41998291015624,105.59090578221348,104.82951776856753,104.93052088064462,143692200
2012-03-08,106.4687957763672,106.68634363754695,105.84727110381895,106.06480711017548,116968900
2012-03-09,106.88057708740234,107.16025608769009,106.53873139173024,106.67080598236288,122836800
2012-03-12,106.88837432861328,107.02821387105594,106.50768026058503,106.86506773820618,104003500
2012-03-13,108.81510925292967,108.8694991912858,107.2845801811329,107.46327981730988,184090500
2012-03-14,108.69853973388672,109.1180700042918,108.3644590152938,108.84615596851002,145163600
2012-03-15,109.32784271240234,109.37445587039102,108.58199662011934,108.86168742287278,165118500
2012-03-16,109.47920989990234,109.61966218431913,109.24511085243556,109.52602732804128,152893500
2012-03-19,109.90843200683594,110.24396497610545,109.330989054009,109.4090260689342,125291100
2012-03-20,109.5885238647461,109.7211772973192,108.96426331215882,109.284198482542,121729700
2012-03-21,109.4090347290039,109.75236666423103,109.1827345118745,109.65093282493156,122388400
2012-03-22,108.62085723876952,108.89397479506376,108.2619156635648,108.6052474595254,135216700
2012-03-23,108.97203826904295,109.09689273343696,108.11369061658267,108.71454230804883,120521000
2012-03-26,110.50150299072266,110.50150299072266,109.71338131473428,109.7523879260642,120164000
2012-03-27,110.15809631347656,110.67311188279665,110.08787016496198,110.60288573428204,119868500
2012-03-28,109.61193084716795,110.27520990624504,108.96426157602129,110.10353795934932,148562100
2012-03-29,109.42462158203124,109.62751305374196,108.53505440227892,108.96423416154023,164963700
2012-03-30,109.87721252441406,110.06449421631554,109.28417169355792,109.96304847818848,135486800
2012-04-02,110.6809539794922,110.96968143615284,109.52607987318316,109.74456924716657,151741100
2012-04-03,110.22836303710938,110.71217113188185,109.58069386881888,110.52488942679788,155806700
2012-04-04,109.1358871459961,109.51043854970447,108.73011617969355,109.416803675471,146896000
2012-04-05,109.08126068115234,109.4011957158099,108.66769077070218,108.7613375532694,137439400
2012-04-09,107.85616302490234,109.12028150208224,107.55963670288736,107.70789986389484,127555900
2012-04-10,106.04583740234376,107.9498264662416,105.93659271376492,107.645501126145,235360300
2012-04-11,106.90420532226562,107.32557432323924,106.70912465561916,107.13049365659278,154133000
2012-04-12,108.3009262084961,108.38676213731564,106.92756325415662,107.0056002464556,154321500
2012-04-13,107.01342010498048,108.32436800990985,106.911974376513,108.05125039024,169246700
2012-04-16,106.9432144165039,107.71572616803611,106.57646184297283,107.559664029822,147825300
2012-04-17,108.52729034423828,108.74577976339788,107.45044113067998,107.5596858402598,147877600
2012-04-18,108.16043853759766,108.52719084926788,107.98096780213226,108.04339499420054,123884200
2012-04-19,107.4660186767578,108.58187416790658,106.95881380019507,108.17611502936708,198666700
2012-04-20,107.64552307128906,108.3322109147921,107.58309582126329,107.94204953221636,143199600
2012-04-23,106.7402801513672,106.83392692219503,106.0770133530245,106.54519958007111,171844900
2012-04-24,107.14607238769533,107.41919000454924,106.7481122295251,106.83394817424129,137484200
2012-04-25,108.613037109375,108.65985453119924,108.09802165576735,108.19165649941584,150252200
2012-04-26,109.36997985839844,109.49483428794282,108.31653995762498,108.37896717239718,136291600
2012-04-27,109.54945373535156,109.86157791120344,109.08906640859912,109.69771688625212,130725000
2012-04-30,109.1436767578125,109.40899539009546,108.84716237914974,109.3309583970522,115092200
2012-05-01,109.82258605957033,110.54048128580398,108.95642766253634,109.08127020556888,138832200
2012-05-02,109.494873046875,109.60411773470328,108.82379513399331,109.18273686252424,121081000
2012-05-03,108.65989685058594,109.59628137207255,108.45701730807598,109.51044542970774,143759700
2012-05-04,106.90420532226562,108.69894983676896,106.84177808012528,108.09029910937429,193927300
2012-05-07,106.98218536376952,107.34112693139984,106.48277959945196,106.52178618657985,127765900
2012-05-08,106.55303955078124,106.72471145299215,105.28111006806674,106.34234914229036,213377700
2012-05-09,105.92101287841795,106.5998898511791,104.9456094546669,105.42160680172864,220752500
2012-05-10,106.13948822021484,106.78715743652748,105.89759010828162,106.65449211052038,150600000
2012-05-11,105.81954956054688,106.80275176216948,105.42938825576007,105.47620570725,153032400
2012-05-14,104.64905548095705,105.81953928162088,104.49299335555725,104.80511760635682,163910000
2012-05-15,104.0482177734375,105.19529300472333,103.88435668712728,104.57884335921104,207629300
2012-05-16,103.6502456665039,104.9924014040256,103.62683694256388,104.51640417261642,207265500
2012-05-17,102.11299896240234,103.79849835625085,102.05837067421676,103.67364390334888,247992900
2012-05-18,101.23904418945312,102.69044449784693,101.09078101119508,102.51096175217864,319615900
2012-05-21,102.9791488647461,103.0181673663982,101.40289427084566,101.56676721507456,177861100
2012-05-22,103.15866088867188,103.96239233528328,102.48758287524316,103.24449686388182,197531200
2012-05-23,103.2132568359375,103.36152001088924,101.43412255006837,102.41732457959309,204958400
2012-05-24,103.41612243652344,103.65802046542136,102.54996413212402,103.49415943600154,167357600
2012-05-25,103.08059692382812,103.66583874154831,102.83088803301538,103.37711134819918,135465600
2012-05-29,104.32913208007812,104.50860294906823,102.35491680085204,103.90776310358432,152883500
2012-05-30,102.81529998779295,104.32132877531976,102.60462146175036,103.43956044003032,162370400
2012-05-31,102.58898162841795,103.35369420737092,101.7072135513928,102.7762632812689,196186000
2012-06-01,100.0061492919922,102.6124239709664,100.0061492919922,100.9815525616782,253240900
2012-06-04,99.95929718017578,100.45870300481955,99.21018248982308,100.18558542129718,202545800
2012-06-05,100.71623992919922,100.86449121595926,99.70961714506392,99.7642394868848,164149400
2012-06-06,102.9791488647461,103.02596630401864,101.38728448882982,101.41850405286152,184202800
2012-06-07,103.04157257080078,104.1964463583002,102.830882194487,104.1496289206248,184772700
2012-06-08,103.86091613769533,103.88432485713868,102.44852259288852,102.77626847864528,143915400
2012-06-11,102.54216766357422,104.75828038352148,102.44072194316529,104.69585316379096,169756100
2012-06-12,103.720458984375,103.79068514749204,102.34709575405824,102.8386908026532,181931800
2012-06-13,103.05720520019533,104.06381605370652,102.7060505262294,103.4161469064674,172223900
2012-06-14,104.14967346191406,104.56324354728258,102.98698833304464,103.26790498601002,230615500
2012-06-15,105.21480560302734,105.30892564914066,104.39907061028242,104.61869203019336,169444500
2012-06-18,105.4187469482422,105.67758906952386,104.54026118035596,104.77557328774576,131360900
2012-06-19,106.43842315673828,106.86982668567737,105.39521533892948,105.95212025237282,137382600
2012-06-20,106.26583099365234,106.75214572575744,105.31675547310331,106.4462436698454,206451800
2012-06-21,103.88140106201172,106.50117977483352,103.79512035142314,106.39136904940004,205272200
2012-06-22,104.68143463134766,104.87752602458389,104.02255845403766,104.42259255605958,130029200
2012-06-25,103.00291442871094,103.61471874669316,102.63426157448173,103.57549806611044,146375700
2012-06-26,103.52058410644533,103.83433757471572,102.6969977088831,103.30096266289152,141634000
2012-06-27,104.45397186279295,104.65790262253564,103.51273547929382,103.86569762704724,108088000
2012-06-28,104.15592193603516,104.31280465969726,102.9715339706035,103.76373906382278,169242100
2012-06-29,106.7521743774414,106.885515107502,105.77171727246296,106.0462380807746,212250900
2012-07-02,107.0737762451172,107.18358698370687,106.297261725259,107.05024622745316,129524500
2012-07-03,107.77970123291016,107.8581306273024,106.9404241304591,107.05023485738552,80450000
2012-07-05,107.29335021972656,108.0855670252488,106.90116747432904,107.37963090245272,126177500
2012-07-06,106.27371978759766,106.4933412401436,105.77172618628244,106.25802912142392,151192100
2012-07-09,106.14036560058594,106.33645701326648,105.6540507585786,106.18742562467406,103780500
2012-07-10,105.21480560302734,106.85412690467312,104.85399214547668,106.68156550781885,167884800
2012-07-11,105.2304916381836,105.57561441671147,104.6186874284184,105.2697123118289,141733400
2012-07-12,104.72064971923828,105.28539392366424,104.00688610038203,104.61869032709856,143583200
2012-07-13,106.47765350341795,106.58746423271208,104.97951200710604,104.99520267371146,129642600
2012-07-16,106.22661590576172,106.54036929270714,105.81090314046848,106.23446722072782,97525200
2012-07-17,106.95612335205078,107.17574482347096,105.5364231373445,106.65022116196752,138860300
2012-07-18,107.74835968017578,107.9601418633191,106.64241265370735,106.70515140499516,113349700
2012-07-19,108.03072357177734,108.38368587070796,107.62286187760093,107.96797285687134,129847300
2012-07-20,107.0423812866211,107.58359550044864,106.92473122642816,107.41887344770852,142904500
2012-07-23,105.95994567871094,106.9717840016842,104.97948868197597,105.47364283824052,145210900
2012-07-24,105.05008697509766,106.0854553899428,104.3441626693179,106.03839536535352,173301200
2012-07-25,105.07360076904295,105.5442128571607,104.51669603436667,105.26969213120876,129122300
2012-07-26,106.80709075927734,107.03456354619776,106.09331500076114,106.58746929026812,156526500
2012-07-27,108.77579498291016,109.0817089984809,106.78351200380526,107.37178609196384,236768900
2012-07-30,108.77579498291016,109.29347905292175,108.45421424408504,108.65030560680457,106782000
2012-07-31,108.0150146484375,108.9248698388232,108.0150146484375,108.62681898700365,120575900
2012-08-01,107.92084503173828,108.8150212127187,107.77181367349696,108.79149120546668,138293800
2012-08-02,107.17569732666016,107.9051634372583,106.3442718435344,107.10510730680244,199556600
2012-08-03,109.3013687133789,109.528829507808,107.2071016925531,108.68171308745032,157825000
2012-08-06,109.51315307617188,109.94455667526928,109.4660930414472,109.59159444636148,86326200
2012-08-07,110.06218719482422,110.53279937570083,109.83471446753494,109.95236452063678,109545100
2012-08-08,110.19552612304688,110.32101552149612,109.6621512978785,109.69353262384264,89754700
2012-08-09,110.28966522216795,110.50928666799132,109.92885172204608,110.03866244495777,90291700
2012-08-10,110.47004699707033,110.50926767032588,109.66215139557605,109.84255213038868,99792700
2012-08-13,110.41513061523438,110.47002997455736,109.84253520456744,110.28178992148746,79426900
2012-08-14,110.43084716796876,110.8936320501858,110.10141499368513,110.82303003761182,102379400
2012-08-15,110.55632019042967,110.74457222820342,110.24257876260845,110.31316878859798,71085900
2012-08-16,111.37213134765624,111.5054721298816,110.43873390360368,110.71325481931169,112014200
2012-08-17,111.52112579345705,111.61525782978596,111.27013495634912,111.56034647788805,90813700
2012-08-20,111.52896118164062,111.5524911952439,111.05833697263326,111.3642391179468,78255700
2012-08-21,111.1916732788086,112.23488105807893,110.94852183560845,111.80347754507686,105581100
2012-08-22,111.2387237548828,111.41912447325277,110.6504496150752,110.9092797043387,133243500
2012-08-23,110.32887268066406,110.97204627536458,110.1563112841291,110.9642069276929,111466400
2012-08-24,110.9955825805664,111.24658534192962,109.9837561239382,110.0543461623952,99481200
2012-08-27,111.01911163330078,111.44267579732065,110.8622408930406,111.29364440510886,68785900
2012-08-28,110.90933227539062,111.254455182621,110.57206068689877,110.73677082177544,75689600
2012-08-29,110.9955825805664,111.29364536756762,110.689680445449,111.00343389715302,65421300
2012-08-30,110.19552612304688,110.54848824509423,109.96021405219228,110.51710691913011,96589900
2012-08-31,110.72111511230467,111.23879958064656,110.09361987508512,110.8230745608136,151970400
2012-09-04,110.6191177368164,110.9564012846695,109.9131932408982,110.6269570868694,120226200
2012-09-05,110.52497100830078,110.96421387480947,110.30534957504644,110.66615108604836,100660300
2012-09-06,112.76824188232422,112.77608122941248,111.18382007227468,111.19165941936292,158272500
2012-09-07,113.2074737548828,113.2545337698048,112.85451167450027,112.95647105067532,107272100
2012-09-10,112.5643081665039,113.29377443193032,112.52509945946134,113.09768302283835,86458500
2012-09-11,112.8780288696289,113.23883025538942,112.60349618912154,112.63487750781934,88760000
2012-09-12,113.25457763671876,113.38007903743296,112.8702340852086,113.25457763671876,87640900
2012-09-13,114.98016357421876,115.33312574086976,112.94081996219587,113.2388707857051,225470200
2012-09-14,115.4900131225586,116.17240747023614,115.1135089590038,115.20764098412803,169777000
2012-09-17,115.09780883789062,115.45077095311169,114.8075854364463,115.2546795592701,119427800
2012-09-18,115.0037078857422,115.15273930026105,114.71349637439836,114.9017484719704,98326600
2012-09-19,115.06646728515624,115.43512019048045,114.83900645580472,115.13705733890608,128318300
2012-09-20,115.07430267333984,115.137041400117,114.227186240192,114.5409277479632,154009800
2012-09-21,115.02620697021484,115.65705169283494,114.97889572168174,115.6333960685684,108737500
2012-09-24,114.85272216796876,115.1129460622724,114.37170442983694,114.45844572793816,95682000
2012-09-25,113.6304702758789,115.3179728902866,113.59892142381808,115.09717905530702,133165200
2012-09-26,112.99171447753906,113.63833348646452,112.72360943926444,113.60679667175678,146502200
2012-09-27,114.05625915527344,114.31648298355964,113.16519077650788,113.46484464526634,111830300
2012-09-28,113.52793884277344,113.99318207120704,113.1257812773688,113.6225613211369,150696100
2012-10-01,113.82757568359376,114.8842333082398,113.55945864779258,113.96162818531528,135911200
2012-10-02,113.94583892822266,114.4583932523274,113.4175101846874,114.27702954212432,113422200
2012-10-03,114.41107940673828,114.67918436913564,113.65407574439791,114.25337131311372,121283100
2012-10-04,115.23121643066406,115.3968057689256,114.68711311165625,114.84482125412052,124311600
2012-10-05,115.23909759521484,116.0434247636327,114.89213246247148,115.84628657751576,124842100
2012-10-08,114.8448486328125,115.22335067143268,114.58462472114776,114.81331180974536,78415400
2012-10-09,113.70931243896484,114.85271160340724,113.66988239211628,114.75808911685948,148872900
2012-10-10,112.98384857177734,113.80395025347688,112.83402160883062,113.69354130615925,124247500
2012-10-11,113.04690551757812,113.93797383982869,113.02324990126688,113.7723724932918,123601500
2012-10-12,112.67630004882812,113.51216402442688,112.43185062566543,113.12578088421228,124181900
2012-10-15,113.61466979980467,113.73294788700962,112.58166773035234,112.9443952193533,107689100
2012-10-16,114.76598358154295,114.8448436843572,114.0720652126995,114.1509132831514,108815500
2012-10-17,115.28640747070312,115.38104198092438,114.67133729988429,114.84481986420342,128834100
2012-10-18,114.98674774169922,115.53873216403242,114.60035262988696,114.98674774169922,148108500
2012-10-19,113.0705795288086,114.78173757039802,112.80247447875904,114.77385637446488,185645200
2012-10-22,113.08635711669922,113.2913765079385,112.1952886245567,112.88132569309938,125578600
2012-10-23,111.51715087890624,112.02182425906406,111.0519075506469,111.86411608383273,192056300
2012-10-24,111.20172119140624,112.0533596743488,111.02823860974974,111.91929510750064,120179400
2012-10-25,111.52499389648438,112.1952684522066,110.84685017838392,111.99024909782912,134457400
2012-10-26,111.46192932128906,111.84831244483864,110.70491343258324,111.42249927968868,146023500
2012-10-31,111.46192932128906,111.99813938350454,110.93358842209058,111.85620567257432,103438500
2012-11-01,112.62899780273438,112.77093153111906,111.59599556050964,111.69849924244495,100995600
2012-11-02,111.6275405883789,113.33081764843509,111.50926247269238,113.29926879601088,137702200
2012-11-05,111.85618591308594,112.10851647650723,111.13070696640128,111.46190963144991,98378500
2012-11-06,112.73149871826172,113.17308630285936,112.07699853667616,112.19527662813653,107068100
2012-11-07,110.17656707763672,111.72212339123064,109.65611948878352,111.7063610029799,264304500
2012-11-08,108.85184478759766,110.72072347593584,108.76510348111476,110.16084558275293,181517300
2012-11-09,108.94645690917967,109.9558035229328,108.46543922353476,108.5206316622884,201055300
2012-11-12,109.03319549560548,109.45900869958292,108.78874606069614,109.28552612660977,97677500
2012-11-13,108.65469360351562,109.80598607672806,108.3156216482558,108.45755538793804,123018300
2012-11-14,107.18795776367188,109.15933942223153,106.94350836318787,108.98586890604832,191505000
2012-11-15,107.00662231445312,107.62958582140064,106.59657145198808,107.22741615600462,178128400
2012-11-16,107.53491973876952,107.74783232077309,106.21803827296684,107.1642990351316,239483900
2012-11-19,109.71136474609376,109.72712714020648,107.56649997529372,108.7414360518742,151495800
2012-11-20,109.75859832763672,109.93996199049504,108.88330477926355,109.53780464267352,119807400
2012-11-21,109.9636688232422,110.05830332684953,109.63247814151408,109.85327192933282,81710800
2012-11-23,111.46192932128906,111.50134733053012,110.4289151737398,110.49989406156426,65409200
2012-11-26,111.22534942626952,111.46979881322366,110.54719369196546,110.90992115894316,100124400
2012-11-27,110.65757751464844,111.49344126776548,110.58661067501173,111.11493942401292,128646200
2012-11-28,111.54871368408205,111.6117873361728,109.60886799228064,110.20816394605502,177086500
2012-11-29,112.06912994384766,112.37666508160568,111.47771529182364,111.96662625283624,151085900
2012-11-30,112.0927734375,112.30568605825016,111.70639027403408,112.08489224130948,136568300
2012-12-03,111.5408172607422,112.69999111064698,111.4540759511451,112.60536860285514,124656300
2012-12-04,111.38307189941406,111.87197073633428,111.0834180149225,111.53289884165984,127512200
2012-12-05,111.5802001953125,112.10064783310617,110.68913184869838,111.47768450025536,147300500
2012-12-06,111.95872497558594,112.0060362191691,111.3121179260141,111.47770727855524,103220600
2012-12-07,112.29781341552734,112.5186072492854,111.7142799792459,112.39243590646322,108726400
2012-12-10,112.3450698852539,112.6131748337608,112.09272732264344,112.14005057739963,98840700
2012-12-11,113.10997772216795,113.63830647756,112.75513148733532,112.81032390804596,152570400
2012-12-12,113.16519165039062,113.98529318205448,113.00748351964268,113.55158679822831,145880100
2012-12-13,112.47125244140624,113.41751308134351,112.1873730461894,113.0942036527216,135715000
2012-12-14,112.05332946777344,112.43183134737136,111.87984693288318,112.2268120026637,137701700
2012-12-17,113.37023162841795,113.43331729196277,112.31356180449252,112.34511065244492,143238200
2012-12-18,114.63186645507812,114.73438212451222,113.38595213314234,113.55155344281624,177762800
2012-12-19,113.7802505493164,114.79749015207184,113.74083254479054,114.75806011518806,150895400
2012-12-20,114.43474578857422,114.45052020912809,113.53579633472258,113.8512245840128,168487000
2012-12-21,113.39600372314452,114.428395051869,112.72098747883317,112.90363750756497,245883800
2012-12-24,113.04662322998048,113.21338700859576,112.919557034474,113.14985391084252,53874600
2012-12-26,112.57012939453124,113.33251443862048,112.25247602815192,113.27691843476954,106947700
2012-12-27,112.41925048828124,112.83220959798008,111.11685217403146,112.6019005854229,167920600
2012-12-28,111.2042007446289,112.3080625778708,111.07713454798392,111.68863001635086,148806700
2012-12-31,113.09426879882812,113.21338578226305,110.81506286827958,110.91036857272675,243935200
2013-01-02,115.99286651611328,116.06433668852443,114.93665175892882,115.2384308660376,192059000
2013-01-03,115.73084259033205,116.23909532341926,115.42112627044608,115.93732821539,144761800
2013-01-04,116.23914337158205,116.42974276941304,115.68324360837408,115.92148982623634,116817700
2013-01-07,115.92139434814452,116.03257420921337,115.49254908566756,115.82610078657012,110002500
2013-01-08,115.58788299560548,115.87377586784996,115.1352142321771,115.7149491872028,121265100
2013-01-09,115.88172912597656,116.19939464928363,115.65936931851192,115.8420194208506,90745600
2013-01-10,116.80290222167967,116.81083931299176,115.92140037817396,116.5249464957008,130735400
2013-01-11,116.79499816894533,116.85851915280377,116.42968586440874,116.77116265287329,113917300
2013-01-14,116.71556091308594,116.7949803073134,116.2867155725748,116.65202782124362,89567200
2013-01-15,116.79499816894533,116.90617806724774,116.10408326305875,116.1755534581746,93172600
2013-01-16,116.77910614013672,116.96175622460228,116.42968015754212,116.55674635443096,104849500
2013-01-17,117.53350830078124,117.86704788372752,116.85847992629972,117.29526227933503,133833500
2013-01-18,117.79557037353516,117.9226365260826,117.0808323537272,117.50967758915102,169906000
2013-01-22,118.43092346191406,118.43092346191406,117.51764885727825,117.79560463210191,111797300
2013-01-23,118.62152862548828,118.72477143483496,118.2165187174139,118.43094143001828,104596100
2013-01-24,118.6532974243164,119.23302032141274,118.33563191257166,118.44681181225724,146426400
2013-01-25,119.32037353515624,119.32037353515624,118.6215215462714,119.02654354787508,147211600
2013-01-28,119.17739868164062,119.38387211060022,118.73266710606424,119.35209951063943,113357700
2013-01-29,119.6459732055664,119.79686280108552,118.8597647372982,118.93918414052918,105694400
2013-01-30,119.17739868164062,119.86830125958302,119.06620669947424,119.63005523066262,137447700
2013-01-31,118.88360595703124,119.42363132102014,118.8041986595956,119.0344955751708,108975800
2013-02-01,120.1065673828125,120.2495077534614,119.43153887421914,119.6380123377226,131173000
2013-02-04,118.75652313232422,120.13040369231554,118.66916663497042,119.3759678248236,159073600
2013-02-05,119.95565795898438,120.29713464417988,119.3520997355558,119.3997586355868,113912400
2013-02-06,120.04307556152344,120.12248286661853,119.44746624364863,119.53482276164505,138762800
2013-02-07,119.88420104980467,120.1939172869438,119.01063621802884,120.08273740996304,162490000
2013-02-08,120.55128479003906,120.62275497410366,120.09067896323695,120.09067896323695,103133700
2013-02-11,120.52745819091795,120.63068885925615,120.22567904262654,120.50363479686315,73775000
2013-02-12,120.72599792480467,120.94835768732489,120.40039537336504,120.53539864934528,65392700
2013-02-13,120.82926940917967,121.19458178111252,120.48779255771628,120.97222194348464,82322600
2013-02-14,120.9404525756836,121.08340511382735,120.32896906463758,120.46397238984396,80834300
2013-02-15,120.7974624633789,121.17864887878436,120.35274295912292,121.05158270108332,215226500
2013-02-19,121.70274353027344,121.72656691521954,120.83712823005,121.00389192467269,95105400
2013-02-20,120.1859893798828,121.6551635525412,120.12245627924732,121.61545384993154,160574800
2013-02-21,119.455322265625,120.2494674838124,119.07413595384948,119.88416746935503,183257000
2013-02-22,120.62274932861328,120.62274932861328,119.51095056953888,120.03507734584672,106356600
2013-02-25,118.32764434814452,121.39304555220694,118.32764434814452,121.21039553442282,245824800
2013-02-26,119.1376495361328,119.28058983553017,118.11319558634892,118.8994035861115,186596200
2013-02-27,120.63863372802734,120.9721733504905,118.9312138034524,119.0344565857734,150781900
2013-02-28,120.4004135131836,121.40103259528014,120.241586818554,120.63071040274151,126866000
2013-03-01,120.7974624633789,120.9801125202631,119.44741764897392,119.98743072765684,170634800
2013-03-04,121.44068145751952,121.44068145751952,120.32888303441467,120.51947012540752,99010200
2013-03-05,122.52875518798828,122.85435788762425,122.0125652438464,122.02845155345648,121431900
2013-03-06,122.69550323486328,123.02904295458151,122.42549662142964,122.96550984829696,94469900
2013-03-07,122.91783905029295,123.07666572614556,122.71136558345448,122.85430595641222,86101400
2013-03-08,123.4419937133789,123.60875750307576,122.8225611162474,123.4578800182977,123477800
2013-03-11,123.91053771972656,123.91847481340068,123.19581152264703,123.34670112635722,83746800
2013-03-12,123.6325454711914,123.96609719039674,123.25930829531248,123.82314472249492,105755800
2013-03-13,123.8072738647461,123.98198683747565,123.2751978542328,123.69609398370896,92550900
2013-03-14,124.46639251708984,124.5219885059421,123.8151996563812,124.13285293706409,126329900
2013-03-15,124.30209350585938,124.46959897449726,123.8872977737194,124.31805046483224,138601100
2013-03-18,123.6161117553711,124.15055434345808,123.0018965301864,123.11357091916584,126704300
2013-03-19,123.32893371582033,124.04683868423108,122.51529915911902,123.87933320501251,167567300
2013-03-20,124.19043731689452,124.3978291275286,123.84742959252816,124.05483357475742,113759300
2013-03-21,123.12956237792967,124.1505891265428,122.92217050360478,123.44862867252168,128605000
2013-03-22,124.11862182617188,124.11862182617188,123.42463413590892,123.52036371101666,111163600
2013-03-25,123.60013580322266,124.65307602747568,123.121536568957,124.44567207152627,151322300
2013-03-26,124.58929443359376,124.62119618929825,123.97507913480888,124.11068289684763,86856600
2013-03-27,124.58929443359376,124.6291807569221,123.64005592772536,123.84744776879695,99950600
2013-03-28,124.97212982177734,125.11571809796928,124.23826799788654,124.5094754209694,102932800
2013-04-01,124.4775848388672,125.16358802273773,124.1744634731868,124.90832536288193,99194100
2013-04-02,125.0918197631836,125.40291357187594,124.73285506949624,124.9243020946898,101504300
2013-04-03,123.82352447509766,125.2593469840784,123.49648581961677,125.16362954067888,154167400
2013-04-04,124.32599639892578,124.57327443820768,123.71178141092214,123.98298879777384,131885000
2013-04-05,123.76769256591795,123.91925329806357,122.65892089110244,122.80249705528404,159666000
2013-04-08,124.60523223876952,124.61320463357065,123.44061750326917,123.85541329323308,86571200
2013-04-09,125.03598022460938,125.49066235870124,124.42176498388024,124.83656079841384,101922200
2013-04-10,126.56747436523438,126.72700741440488,125.339056497871,125.37095823906851,135711100
2013-04-11,126.98229217529295,127.39708791274728,126.4637944605767,126.5914257908078,110142500
2013-04-12,126.67119598388672,126.86263080396556,125.969235852682,126.57546640225397,116359900
2013-04-15,123.7357406616211,126.1367579351644,123.71979587378172,126.03305595623978,217259000
2013-04-16,125.56246948242188,125.62628516907864,124.36595274370224,124.66906204082478,147507800
2013-04-17,123.727783203125,124.69297853404224,123.06570928005856,124.66903700620566,226834800
2013-04-18,122.95406341552734,123.96711769392668,122.48343640481512,123.93520376380492,167583200
2013-04-19,124.02288818359376,124.07873144820786,122.93804635016052,123.2411676801409,149687600
2013-04-22,124.57333374023438,124.86847061515316,123.44063278688492,124.2622399021426,106553500
2013-04-23,125.85761260986328,125.9772594210157,124.57335075990149,125.1955385210906,166141300
2013-04-24,125.93733215332033,126.27235525485564,125.66611254309282,125.89744584255806,96781200
2013-04-25,126.44783020019533,127.0460882754799,126.11280713862696,126.30424193289932,131060600
2013-04-26,126.22452545166016,126.51168991466884,125.8177020289669,126.29631352451337,95918800
2013-04-29,127.07009887695312,127.3492788543131,126.36813839152327,126.5675578774659,88572800
2013-04-30,127.37319946289062,127.40511339454328,126.51969045096068,127.04616077884194,116010700
2013-05-01,126.25640106201172,127.15778058429326,126.11282494603417,127.09396491999432,138874200
2013-05-02,127.42902374267578,127.54069814359892,126.45585588966124,126.5755026865086,96407600
2013-05-03,128.7212371826172,129.12806056981995,127.45293265313832,128.53777473302088,144202300
2013-05-06,129.0482635498047,129.23172596473077,128.76109916611523,128.81694243286245,66882100
2013-05-07,129.702392578125,129.74226672390836,128.96054602398883,129.32748310363812,90359200
2013-05-08,130.2926483154297,130.3325346273156,129.4869983703454,129.55878642878395,97419200
2013-05-09,129.9257354736328,130.57982479699783,129.59868472615298,130.2368292605639,106738600
2013-05-10,130.3485565185547,130.46023094450896,129.63063906176328,130.01353324069186,103203000
2013-05-13,130.4522247314453,130.66760114990888,129.87790790153835,130.18101719506748,81843200
2013-05-14,131.8002471923828,131.89597676708692,130.55587226556133,130.55587226556133,119000900
2013-05-15,132.5102081298828,132.77344321657694,131.54502498359946,131.5849113006613,120718500
2013-05-16,131.8880157470703,132.70165033354684,131.68859634059237,132.23899584992665,109913600
2013-05-17,133.16424560546875,133.24400602963755,132.19905075178931,132.3745407251856,129801000
2013-05-20,133.15631103515625,133.67480875906975,132.90106054175993,133.03666426818828,85071200
2013-05-21,133.34779357910156,133.8503344775121,132.81335092486043,133.27600549978493,95804200
2013-05-22,132.358642578125,134.86336200732845,131.75241196442164,133.4833709514435,244031800
2013-05-23,131.97573852539062,132.34267552695644,130.7712498950808,130.94673991692628,211064400
2013-05-24,131.86407470703125,131.919917978262,130.80316209798883,131.19402848182347,151573900
2013-05-28,132.6537628173828,133.83432203932463,132.2628964837895,133.2440363425577,143679800
2013-05-29,131.7923126220703,132.25496715587354,131.0903523402177,131.95184573023792,160363400
2013-05-30,132.2788848876953,132.88511551408973,131.792301039012,131.89600302742485,107793800
2013-05-31,130.38038635253906,132.66174451410706,130.12513587900324,131.9119257085326,176850100
2013-06-03,131.09832763671875,131.18607266574557,129.75025045057745,130.68353184753795,168390700
2013-06-04,130.46817016601562,131.69660071073977,129.80609617635716,131.17013047728656,157631500
2013-06-05,128.6415252685547,130.3565279772702,128.52985084340483,130.0932927955028,211737800
2013-06-06,129.80606079101562,129.81404535611938,127.82782392859114,128.5856151462673,200225500
2013-06-07,131.457275390625,131.57692216606145,130.13312760835328,130.69948407913998,188337800
2013-06-10,131.457275390625,131.93587466396545,131.1142676817161,131.86408659870358,105667100
2013-06-11,130.1011962890625,131.24984158696952,129.81403192168776,130.26072934391692,159505400
2013-06-12,129.0243682861328,131.13023693234717,128.9047214994826,130.99463318361165,177361500
2013-06-13,130.9866180419922,131.2179391445582,128.66537376573012,128.95253813157277,163587800
2013-06-14,130.1650390625,131.35358319735843,129.94967485065774,130.84306996477676,141197500
2013-06-17,131.17010498046875,131.79229252757403,130.1969373459514,131.05044603889058,136295600
2013-06-18,132.20709228515625,132.4065116888961,131.23392462117815,131.24189701555372,114695600
2013-06-19,130.38038635253906,132.3267214210703,130.3245552561627,132.09540029906617,206149500
2013-06-20,127.14981079101562,130.39636462418912,126.81478764321896,129.11210313850447,321255900
2013-06-21,127.55794525146484,128.1112446995821,126.27490331045162,128.01502083660426,271956800
2013-06-24,125.94620513916016,127.04480241886895,124.87967842291606,126.2268745724886,222329000
2013-06-25,127.15703582763672,128.38393940718632,126.23484532120492,127.08485567189958,162262200
2013-06-26,128.41600036621094,128.7046842595976,127.7023113292269,128.1994843871715,134848000
2013-06-27,129.16978454589844,129.76319371543048,129.06553384741375,129.1858259385878,129483700
2013-06-28,128.64056396484375,129.4264211180211,128.1915027344567,128.8089680442393,160402900
2013-07-01,129.39430236816406,130.29242449444106,129.1697718365948,129.31410764860522,131954800
2013-07-02,129.2740020751953,130.14806809453694,128.7046490227835,129.20182194461188,154863700
2013-07-03,129.33021545410156,129.72315020412796,128.48020482865908,128.6886940761819,75216400
2013-07-05,130.7254638671875,130.77357580727158,129.3461978167907,130.2844173564216,122416900
2013-07-08,131.4712371826172,131.824074428191,130.77358950632242,131.39906926493117,108092500
2013-07-09,132.41748046875,132.57785769399422,131.72784738780172,132.29718837281837,119298000
2013-07-10,132.465576171875,132.91463724190118,132.01651510184882,132.28915757493667,121410100
2013-07-11,134.2698974609375,134.4062187484436,132.45759887597197,134.0052694666018,135592200
2013-07-12,134.32598876953125,134.66278460963062,134.0212757157258,134.2297648826451,104212700
2013-07-15,134.83917236328125,135.03163232899976,134.4622792445794,134.69483656598865,69450600
2013-07-16,134.33404541015625,135.00763723991193,133.97319351821577,134.92744249236935,88702100
2013-07-17,134.67877197265625,135.1037769505647,134.50235342680827,134.84717594314495,92873900
2013-07-18,135.41656494140625,135.73733160995891,134.8792945370775,134.96750384142982,103620100
2013-07-19,135.65713500976562,135.70524695038455,134.96750197690105,135.1359060050644,103831700
2013-07-22,135.92173767089844,136.11419763362068,135.52880316883858,135.84956977337566,79428600
2013-07-23,135.63304138183594,136.1863530173245,135.5608734909445,136.16229705369403,80829700
2013-07-24,135.13589477539062,136.21043547991036,134.86324007454556,136.15429672985528,112914000
2013-07-25,135.4647216796875,135.58501380867327,134.67084991398747,134.895380538226,111088600
2013-07-26,135.6090087890625,135.64910614735493,134.33399355293585,134.8953198610423,107814600
2013-07-29,135.19203186035156,135.56892504134643,134.80712410129192,135.2641997709258,79695000
2013-07-30,135.19203186035156,135.74534364674818,134.87127743380137,135.60100782559968,85209600
2013-07-31,135.28823852539062,136.20240190164566,135.11181995839453,135.47267166870677,142388700
2013-08-01,136.85198974609375,136.9722696168495,136.24253910493374,136.31471926338625,110438400
2013-08-02,137.08450317382812,137.10054456488174,136.36279964436628,136.5472328154961,91116700
2013-08-05,136.88400268554688,137.09250402176465,136.6033456932448,136.7797642534319,54072700
2013-08-06,136.1062774658203,136.91620307039062,135.80156424774842,136.61949219920942,87495000
2013-08-07,135.66517639160156,135.8656510077868,135.1599886792944,135.67320320728865,84854700
2013-08-08,136.16233825683594,136.46705130036042,135.46467839245673,136.3066740822953,102181300
2013-08-09,135.76942443847656,136.40293106532772,135.29630729022017,135.98594044578007,91757700
2013-08-12,135.6090087890625,135.7693859862364,135.02362651317975,135.08777983924847,68593300
2013-08-13,136.01002502441406,136.2425702396838,135.04774913046728,135.8496477480899,80806000
2013-08-14,135.3123321533203,136.16234244762458,135.2802493671214,135.9458264667742,79829200
2013-08-15,133.41986083984375,134.26184437819077,133.18730344971087,134.24581521997368,152931800
2013-08-16,132.97877502441406,133.62029600773366,132.71414715994493,133.16320817747012,130868200
2013-08-19,132.12879943847656,133.28353506291015,132.12077262364136,132.82644711323923,96437600
2013-08-20,132.77835083007812,133.27552396857615,132.20098294975796,132.34531880183818,89294400
2013-08-21,131.96041870117188,133.13921050630756,131.66372016382493,132.40947991531874,159530500
2013-08-22,133.1632537841797,133.35571381588915,132.2250340720945,132.2330486515827,101471400
2013-08-23,133.61228942871094,133.78069345378285,132.9306832224601,133.55616291101822,90888900
2013-08-26,133.11512756347656,134.1575978771371,133.02691825456688,133.74862188310223,89702100
2013-08-27,130.97406005859375,133.1151272025071,130.87783617131606,131.80001438705477,158619400
2013-08-28,131.4391632080078,131.90426572542398,130.74953012852836,130.9179219320769,108113000
2013-08-29,131.6476287841797,132.3452763172794,131.0301637311628,131.15045580528064,119200500
2013-08-30,131.23068237304688,131.93635695642723,130.84577452574845,131.92031556062318,134928900
2013-09-03,131.8240509033203,132.77831176464673,131.27073916113972,132.49764248684622,142375100
2013-09-04,132.91465759277344,133.1391881621649,131.6155861218658,131.8561458490721,97389400
2013-09-05,133.08303833007812,133.4358632801876,132.8985929235253,132.9948290335517,63090500
2013-09-06,133.147216796875,133.90100331769125,131.89625713934998,133.52411005728314,159756500
2013-09-09,134.4221954345703,134.50237791073798,133.47594922222876,133.47594922222876,87559300
2013-09-10,135.41656494140625,135.44062091204805,134.92740647836106,135.23213175448677,105847200
2013-09-11,135.84158325195312,135.84158325195312,134.99959972579515,135.23214487656293,94545900
2013-09-12,135.4806671142578,135.96982539258468,135.29623399698485,135.79340685050008,83209000
2013-09-13,135.7854461669922,135.88969686577974,135.3123290872599,135.625068947625,72727800
2013-09-16,136.57130432128906,137.31707614017316,136.3547883434198,137.2529228046564,106299200
2013-09-17,137.18077087402344,137.2128414275196,136.69161234021303,136.69161234021303,82523300
2013-09-18,138.76852416992188,139.1454174065867,136.78783409161912,137.13264453929182,203460600
2013-09-19,138.5359649658203,139.20956892986706,138.39964370438193,139.14541558871983,146616900
2013-09-20,137.56739807128906,138.86474807876078,137.4545855617542,138.86474807876078,132867100
2013-09-23,136.9307861328125,137.51096819258325,136.49565573580432,137.3820484092429,104616500
2013-09-24,136.60848999023438,137.41429716875078,136.35063808684285,136.90663471168008,106333100
2013-09-25,136.21368408203125,136.97114504201434,136.0928178844364,136.69717346370214,117306500
2013-09-26,136.73745727539062,137.1242413778271,136.22174104026035,136.4393124772255,77146900
2013-09-27,136.10891723632812,136.29424947696288,135.75436004857892,136.05250482207532,99141800
2013-09-30,135.38360595703125,135.81068260865936,134.69061156645108,134.95652930540314,143937000
2013-10-01,136.4553680419922,136.58430012580797,135.3514162764652,135.48840200465435,127160000
2013-10-02,136.32644653320312,136.45537862702034,135.2386142676785,135.6576374247639,113350000
2013-10-03,135.0693817138672,136.13305298420312,134.4408531616289,136.01217454222467,176698000
2013-10-04,136.09278869628906,136.22977445606548,134.99689032243458,135.17416890464952,96878000
2013-10-07,134.91622924804688,135.73815564282256,134.77118992312916,134.90817560631908,96295000
2013-10-08,133.344970703125,135.06939760235707,133.24827777468045,134.89211903644744,178015000
2013-10-09,133.441650390625,133.9251272359672,132.57943095819,133.6028093390724,168973000
2013-10-10,136.31837463378906,136.39089431598467,134.75510701860603,134.8034534734031,195955000
2013-10-11,137.19671630859375,137.24507506430265,135.99607156476984,136.108884070142,105040000
2013-10-14,137.7446746826172,137.85748719055837,136.24587290817493,136.35063177113503,112106000
2013-10-15,136.74549865722656,137.9139168028044,136.56016641788094,137.39820061393206,155485000
2013-10-16,138.65524291992188,138.72776261284324,137.5029322957254,137.56739834353596,161676000
2013-10-17,139.58193969726562,139.66252534448827,138.06701805811292,138.09119129315104,129389000
2013-10-18,140.5247344970703,140.62142743842438,139.81562013875757,140.0976576118984,138316000
2013-10-21,140.53277587890625,140.8148133274328,140.21851155128874,140.57306869950185,104104000
2013-10-22,141.34664916992188,141.76566007667307,140.55694923163315,140.94374555490856,126663000
2013-10-23,140.6697540283203,140.92760591149866,140.178211196132,140.8631398667939,105484000
2013-10-24,141.13711547851562,141.31439403274808,140.62139940137791,140.95178327932393,70350000
2013-10-25,141.78176879882812,141.82206161637018,141.15324019122508,141.42721167748454,93625000
2013-10-28,142.00738525390625,142.200783389054,141.58030846414073,141.73341378417757,84979000
2013-10-29,142.7648162841797,142.82122867275524,142.1282342018514,142.32968593995557,87401000
2013-10-30,142.05569458007812,143.03877999272677,141.54804458843262,142.9340334555885,140002000
2013-10-31,141.65277099609375,142.53916338830447,141.44326565595117,141.94286193394126,133795000
2013-11-01,141.99127197265625,142.31358988866052,141.19351853143115,141.8381666590801,142805000
2013-11-04,142.4908905029297,142.54729061392862,141.8059494557731,142.37807798528954,85677000
2013-11-05,142.0395965576172,142.426380456389,141.47553414365026,141.9348377180096,85825000
2013-11-06,142.7648162841797,143.03073405395378,142.25715396955297,142.65200380266688,87348000
2013-11-07,140.95980834960938,143.14355066371832,140.82282263922448,143.03073817895202,157000000
2013-11-08,142.8615264892578,142.8776460730375,140.89536761552864,140.91147490366853,136713000
2013-11-11,142.8857421875,143.05495481818193,142.55535827626446,142.72457090694638,62614000
2013-11-12,142.5956268310547,142.9179447460286,142.12019130735374,142.5795072466139,83990000
2013-11-13,143.7398681640625,143.78014868079342,141.89456309997814,141.89456309997814,103844000
2013-11-14,144.45706176757812,144.57792793064394,143.63513497180398,143.86881365227862,103435000
2013-11-15,145.08555603027344,145.14195612779332,144.50537399374127,144.69070616507705,102818000
2013-11-18,144.57789611816406,145.4481691876723,144.2555782238156,145.3273030512015,104796000
2013-11-19,144.263671875,144.94054701822694,144.0138735932598,144.50541651062187,93891000
2013-11-20,143.81239318847656,144.9888646612921,143.41754328560532,144.55373424019442,124909000
2013-11-21,144.97276306152344,145.08557556739376,144.12666311967556,144.21530239540516,92841000
2013-11-22,145.69798278808594,145.71410237319768,144.85994879688698,145.02916140581752,81296000
2013-11-25,145.55299377441406,145.98812435787227,145.3434759823847,145.95589747213816,79486000
2013-11-26,145.59327697753906,146.02841986462192,145.37571782964295,145.62551615950943,86994000
2013-11-27,145.94775390625,146.0444591033095,145.56902364816648,145.74630216453062,58800000
2013-11-29,145.85104370117188,146.45539885462975,145.68988478604385,146.10890780188635,55870900
2013-12-02,145.47230529785156,146.1975265229159,145.24668037024773,145.92355515305923,99726000
2013-12-03,144.84381103515625,145.35952703324722,144.37644149069266,144.99691633540252,116563000
2013-12-04,144.82772827148438,145.43208368675005,143.7157226684324,144.32007808369804,123033000
2013-12-05,144.1910858154297,144.83573378186966,144.05410012060224,144.56981603462677,106934000
2013-12-06,145.80274963378906,145.93973537563994,145.16615509123565,145.58517825760637,127728000
2013-12-09,146.1734161376953,146.3909875169971,145.98003028555303,146.2298285416646,70124000
2013-12-10,145.64959716796875,146.14113986877052,145.56095791714753,145.8349293121813,80976000
2013-12-11,144.0138702392578,145.7302435869926,143.83659166364,145.7060703535577,130591000
2013-12-12,143.53842163085938,144.1266573668723,143.24026464495654,143.94937882248914,115565000
2013-12-13,143.52232360839844,143.96552003594033,143.24835210615157,143.83658793053863,107808000
2013-12-16,144.41680908203125,144.89223251640183,144.15894480163968,144.19923763240658,96195000
2013-12-17,143.95748901367188,144.569910515061,143.63517096762675,144.54573727638987,89886000
2013-12-18,146.41517639160156,146.43934962570202,142.88574896086004,144.1750331969094,234906000
2013-12-19,146.24594116210938,146.4151537746742,145.61741258130075,145.99613062225475,136531200
2013-12-20,147.0966339111328,147.44501858055847,146.29456168685633,146.39177956558183,197087000
2013-12-23,147.88250732421875,147.9716278313944,147.5098305577716,147.81769128605507,85598000
2013-12-24,148.20655822753906,148.2713742583008,147.8824904361242,147.89058780407177,45368800
2013-12-26,148.96009826660156,149.04112143073456,148.52260532252114,148.53880006542843,63365000
2013-12-27,148.95196533203125,149.21931451256089,148.79802877437126,149.15451083160573,61814000
2013-12-30,148.92770385742188,149.08973783138242,148.73325567122933,148.96820307911216,56857000
2013-12-31,149.6324920654297,149.6324920654297,149.01674593016926,149.1301832602598,86119900
2014-01-02,148.19851684570312,149.1302337321919,147.8420347230395,149.0573079435391,119636900
2014-01-03,148.17417907714844,148.74941371172457,147.96353621672114,148.44963797826006,81390600
2014-01-06,147.74481201171875,148.71702808398945,147.51796200693553,148.6603217639927,108028200
2014-01-07,148.6521453857422,148.90329975255247,148.22275004331314,148.33617499485302,86144200
2014-01-08,148.68460083007812,148.93575526656878,148.17418222534167,148.62788215737586,96582300
2014-01-09,148.7817840576172,149.1787775868771,148.10123431808,149.1625704895377,90683400
2014-01-10,149.18685913085938,149.25167515094913,148.2713498453803,149.03292262844516,102026400
2014-01-13,147.20196533203125,149.21931054218263,146.9183966952136,148.8061221845073,149892000
2014-01-14,148.80609130859375,148.88711443441463,147.41257760874925,147.6880364567109,105016100
2014-01-15,149.6082763671875,149.83512643717978,148.83860560382792,149.15457622720297,98525800
2014-01-16,149.41372680664062,149.60817489005757,148.93572250926636,149.30030184857904,72290600
2014-01-17,148.7817840576172,149.4380293323418,148.52253231215244,149.15447312206453,107848700
2014-01-21,149.2193145751953,149.69733134981286,148.3038173231638,149.640612675958,88621200
2014-01-22,149.31654357910156,149.53529617838467,149.00057309675756,149.4704801355454,61270900
2014-01-23,148.0931854248047,148.58739701633655,147.30732013571125,148.56309254153976,132496900
2014-01-24,144.9334259033203,147.1776330157601,144.884816971896,147.12902408433578,208677100
2014-01-27,144.2205047607422,145.44388758930424,143.49944321828525,145.07119840041318,180843100
2014-01-28,145.0792999267578,145.26563832946474,144.30961711958383,144.32582422141817,110463200
2014-01-29,143.68576049804688,144.65797627571578,143.30497402774745,143.8720988678548,216597300
2014-01-30,145.20889282226562,145.6787997894586,144.42301542086977,144.8848250198401,118938100
2014-01-31,144.35826110839844,145.25756386138025,143.33743596814858,143.4103494005094,194677900
2014-02-03,141.1094207763672,144.51218326623115,140.8339618178197,144.18811535763393,254837100
2014-02-04,142.0978546142578,142.46243412934248,141.06082239417736,141.7413724706553,165012400
2014-02-05,141.91958618164062,142.23555668211765,140.73672732853052,141.60361568116363,164230500
2014-02-06,143.79107666015625,143.79107666015625,141.96007006106404,142.25173603247998,132877600
2014-02-07,145.57347106933594,145.72740760114038,143.99361891049014,144.46352587406375,170787200
2014-02-10,145.84083557128906,145.88945686843468,145.1926999580803,145.58968116681152,92218800
2014-02-11,147.4369354248047,147.80962463108952,145.86518016932146,145.96241042796842,117814100
2014-02-12,147.50985717773438,148.12559110781325,147.21819113456073,147.65568401812249,94717700
2014-02-13,148.27137756347656,148.4253140946679,146.5051870448254,146.51328441295342,100542200
2014-02-14,149.08966064453125,149.36511949389333,147.9959102523555,148.1336396770365,96498400
2014-02-18,149.26788330078125,149.47042872909532,148.7898666945423,149.21926201357672,80460900
2014-02-19,148.27947998046875,149.84312495724913,148.15794529017805,148.87900661461964,126524300
2014-02-20,149.154541015625,149.49481604028315,147.9392677722464,148.48208833746767,104998100
2014-02-21,148.98434448242188,149.79452635733034,148.91143108065475,149.43804435438753,118116400
2014-02-24,149.8107147216797,150.8153322090011,149.2354802229773,149.30029624835169,114063900
2014-02-25,149.75404357910156,150.36168010209204,149.2598320459068,149.93228461483716,117085000
2014-02-26,149.76214599609375,150.36978248940375,149.34084789926126,149.97278886331196,98677200
2014-02-27,150.5480194091797,150.5885186177119,149.37324566424704,149.54338931718624,93880800
2014-02-28,150.92880249023438,151.62555951927064,149.9241847012029,150.52371148178065,150842000
2014-03-03,149.86741638183594,150.248202792637,148.8708962926124,149.60005492133354,167748500
2014-03-04,151.9739532470703,152.29802112813462,151.30150064958448,151.33390249273202,167545900
2014-03-05,152.1116485595703,152.37091269612452,151.8685915221494,152.10355119120092,88376900
2014-03-06,152.4600067138672,152.80839131979369,152.13593893558544,152.48432354151197,82516500
2014-03-07,152.5247802734375,153.0919172711085,151.85232807646494,153.0919172711085,114513500
2014-03-10,152.44383239746094,152.50053870317868,151.56883444402814,152.28989585532068,74939200
2014-03-11,151.69032287597656,152.88940074543723,151.34195066366033,152.67064821538273,99009100
2014-03-12,151.73085021972656,151.78756888106017,150.6127953524619,150.95308259567648,104824400
2014-03-13,150.02947998046875,152.30610152925843,149.60819428869675,152.18456682546682,155014300
2014-03-14,149.6082763671875,150.53188375569934,149.4300352604219,149.76221299233976,153919600
2014-03-17,150.961181640625,151.3176636232725,150.296826607074,150.36164263686388,98359500
2014-03-18,152.0387420654297,152.24128754541803,151.10702544004627,151.26907171395297,101804600
2014-03-19,151.22857666015625,152.26560864195244,150.26445809214343,152.05495340782747,176267300
2014-03-20,152.1116485595703,152.22507352871418,150.62901422993644,150.89637573486004,117241000
2014-03-21,151.52169799804688,153.8165009257361,151.383360663797,152.750480207666,163128000
2014-03-24,150.89508056640625,152.22965508121388,150.23593883265067,152.04248187469906,121411000
2014-03-25,151.61119079589844,152.12386210576946,150.7648882753869,151.66001426979915,103852000
2014-03-26,150.52072143554688,152.4493226816059,150.48003107832736,152.2051929552425,119843000
2014-03-27,150.20339965820312,150.8218510479306,149.65003795837768,150.34173697892018,142383000
2014-03-28,150.94381713867188,151.70060532259697,150.54507166793638,150.63458545047092,101642000
2014-03-31,152.1807861328125,152.41678276212545,150.96829540045695,151.9041115619217,99745000
2014-04-01,153.18988037109375,153.27939421088394,152.17268329027638,152.6772090689357,89193000
2014-04-02,153.70254516601562,153.90598457356617,153.10036004956183,153.38518018691502,78774000
2014-04-03,153.49911499023438,153.97922904085934,153.02713404629642,153.9385386735108,77435000
2014-04-04,151.68441772460938,154.3698203951336,151.44030036843486,154.33727555329568,169381000
2014-04-07,150.0081329345703,151.5705466607448,149.69891336656195,151.31828369067463,140803000
2014-04-08,150.62652587890625,150.87064320776088,149.39774404454954,149.94296010724932,112660000
2014-04-09,152.24591064453125,152.29473411517827,150.59398366387555,151.03341973361054,100254000
2014-04-10,149.04779052734375,152.31095284073436,148.86061740753718,152.2377176635671,172959000
2014-04-11,147.70513916015625,149.25941917363315,147.54239012172462,148.21781042732383,167251000
2014-04-14,148.86883544921875,149.21874529966686,147.64819890065772,148.86068992537582,132382000
2014-04-15,149.89414978027344,149.99994224335333,147.70513981533435,149.1780515246067,157093000
2014-04-16,151.4647216796875,151.47285478642215,150.26035136729104,150.9276386282369,105197000
2014-04-17,151.67628479003906,152.0994422361472,151.00086446429438,151.26127286711665,105255000
2014-04-21,152.20521545410156,152.25405134015608,151.52980757562477,151.7169683461561,68329000
2014-04-22,152.8968963623047,153.31190821770062,152.27844513166394,152.35981343158943,85790000
2014-04-23,152.5388641357422,152.9213312123795,152.41680545892427,152.83996290015287,73869000
2014-04-24,152.84808349609375,153.30378574152382,152.11569424426264,153.2875071136285,88170000
2014-04-25,151.59494018554688,152.44125527944314,151.25316338811305,152.351741421761,100380000
2014-04-28,152.0750274658203,152.7341691489963,150.51261433093316,152.21336477070057,135121000
2014-04-29,152.78298950195312,153.01897374265013,152.23777339962396,152.56327147305893,84098000
2014-04-30,153.23875427246094,153.39337026633964,152.31920383536794,152.5307888446591,101508000
2014-05-01,153.25497436523438,153.6699862821443,152.76671482549432,153.16546053018055,93019000
2014-05-02,153.03524780273438,153.91410747511827,152.80739667474097,153.2386871967967,98122000
2014-05-05,153.32818603515625,153.43397848315044,151.86342005773432,152.2865774327571,75883000
2014-05-06,151.99368286132812,153.09226087235527,151.96113801236797,152.98646838355685,85454000
2014-05-07,152.8887939453125,152.96202915503147,151.3670586695092,152.50632684972695,106500000
2014-05-08,152.72598266601562,153.8408387460407,152.2377356768452,152.750406811579,93618000
2014-05-09,152.95387268066406,153.01896235694346,152.03432268704574,152.75043329566563,83679000
2014-05-12,154.4430694580078,154.51631708838772,152.98644862867468,153.63745727644346,86940000
2014-05-13,154.5814208984375,154.9557424935837,154.42680494598076,154.64651058867025,66454000
2014-05-14,153.8489990234375,154.51628616853463,153.62928101017934,154.4430385528121,72367000
2014-05-15,152.49815368652344,153.57231956887262,151.7494982610775,153.53976231470514,154956000
2014-05-16,153.0271759033203,153.09227802549375,151.944876403987,152.58773968288955,97458000
2014-05-19,153.58859252929688,153.7106511855358,152.59580740204095,152.73414468476298,63839000
2014-05-20,152.62026977539062,153.5316744896049,152.2296695288642,153.51539585772022,111644000
2014-05-21,153.90597534179688,153.97921054405273,153.0352487695706,153.05966050365586,89093000
2014-05-22,154.2803192138672,154.59768421988227,153.68627957018913,153.94667557711986,61549000
2014-05-23,154.89877319335938,155.00455324402114,154.28030943430772,154.41864674437025,61092800
2014-05-27,155.85089111328125,155.89971459261952,155.38704322565167,155.47655707675784,72010000
2014-05-28,155.73692321777344,156.0949785249351,155.4765148427632,155.85084877760173,66723000
2014-05-29,156.54254150390625,156.56695323792064,155.69623908517897,156.09498476900586,64377000
2014-05-30,156.7947540283203,156.8924133499799,156.26581673854852,156.39602088946046,76316000
2014-06-02,156.97384643554688,157.0470940612684,156.2170577777276,157.0145368016241,64656000
2014-06-03,156.8924560546875,156.97382435844173,156.44488692469795,156.59135732162838,65047000
2014-06-04,157.20985412597656,157.29936797083704,156.46119852212394,156.62394758088195,55529000
2014-06-05,158.2351837158203,158.39793277390402,156.81110772791277,157.3888811636107,92103000
2014-06-06,158.99197387695312,159.03265182595115,158.50371431941352,158.57694952795757,78696000
2014-06-09,159.15472412109375,159.5371912134205,158.821080501497,158.96756333664337,65119000
2014-06-10,159.17098999023438,159.20353483045977,158.61762837075932,158.95940506942534,57129000
2014-06-11,158.61761474609375,158.780363767152,158.25955944959293,158.6013361189016,68772000
2014-06-12,157.4946746826172,158.52001742839607,157.14476479867938,158.43050357625597,106350000
2014-06-13,157.9748077392578,158.1294237099794,157.2993872664502,157.80391313557638,82017000
2014-06-16,158.10496520996094,158.4386088198935,157.5923063441892,157.77946712321838,87424000
2014-06-17,158.5443878173828,158.65831337976036,157.71435162465792,157.88524617670174,84834000
2014-06-18,159.7080535888672,159.79756741677176,158.1944640369068,158.54438624306275,105267000
2014-06-19,159.8870849609375,159.98474431352915,159.33373576972406,159.8463945987706,85929000
2014-06-20,160.21168518066406,160.34251327100915,160.01544304514644,160.28527130281316,100587000
2014-06-23,160.16261291503906,160.3016130694721,159.86825597728316,160.25255565925482,70611000
2014-06-24,159.19789123535156,160.6696770316976,159.0180056115503,159.87654836579063,96237000
2014-06-25,159.91734313964844,160.08087202961417,158.8298579305172,158.86255871792852,82782000
2014-06-26,159.80287170410156,159.95822851636223,158.73174312666816,159.94187188442567,84312000
2014-06-27,160.11354064941406,160.16259805507977,159.35311343224234,159.4266995407409,71445100
2014-06-30,160.0318145751953,160.3997576966512,159.8764577630028,160.01545794326594,70201200
2014-07-01,161.10296630859375,161.5935655253552,160.36707995990795,160.42430946520486,90470000
2014-07-02,161.2664337158203,161.47084789876564,161.0456753812845,161.11926149279645,52475000
2014-07-03,162.0596160888672,162.13320222505553,161.60173016175438,161.72437372206824,52938800
2014-07-07,161.4954376220703,161.87973742932755,161.25832256990083,161.74892178491837,61696000
2014-07-08,160.45703125,161.25833170188,160.06454686517728,161.20108971708862,108143000
2014-07-09,161.17654418945312,161.3237289375223,160.51424401428102,160.85765845783487,72992000
2014-07-10,160.53878784179688,160.9639730161399,159.49218777915013,159.6230159060952,99040000
2014-07-11,160.75950622558594,160.8739776801503,160.0808495747927,160.4406205681243,64243000
2014-07-14,161.56900024414062,161.78158653584572,161.43817215242046,161.57717232120305,58658000
2014-07-15,161.2664337158203,161.97780355645713,160.55507635163508,161.66709000591572,111307000
2014-07-16,161.86338806152344,162.10867518468064,161.4218462869287,161.98603162310204,79986400
2014-07-17,160.02362060546875,161.97781989245544,159.7946652191436,161.36457728177194,145398000
2014-07-18,161.65896606445312,161.82249496421016,160.45700931273308,160.54695207906775,124330000
2014-07-21,161.3564453125,161.48727343976287,160.61237437470638,161.15203104232307,67592000
2014-07-22,162.0596160888672,162.35397311007625,161.78978777972088,161.9042592614991,67678000
2014-07-23,162.41941833496094,162.59113182880685,161.9778889566486,162.3049468312164,65612000
2014-07-24,162.42755126953125,162.76279361986664,162.2640223716583,162.5747360111355,56888000
2014-07-25,161.66717529296875,162.1087046714195,161.34828949840482,161.9697044508617,76837000
2014-07-28,161.73255920410156,161.96967424755277,160.76771744376416,161.69984593685984,69259000
2014-07-29,161.0375518798828,162.26403744252693,161.01302316674642,162.03509446894986,80466000
2014-07-30,161.0620574951172,161.82248492266098,160.39158530478142,161.60988613735938,104222000
2014-07-31,157.88137817382812,160.08087737521083,157.78326333186325,159.9418771902756,183479000
2014-08-01,157.39895629882812,158.4291995212605,156.63854135579683,157.4480137175457,189261000
2014-08-04,158.53550720214844,158.87074954951996,157.03102139269023,157.70149361097822,91340000
2014-08-05,156.99830627441406,158.29839030533412,156.42594890544714,157.8895618308642,152690000
2014-08-06,157.04736328125,157.71783543659228,156.23787847671767,156.26240718505616,94818000
2014-08-07,156.1969757080078,157.91405995882468,155.804503941932,157.75870317238048,135733000
2014-08-08,158.00405883789062,158.11034577443928,156.1316171354197,156.5486302316989,117014000
2014-08-11,158.46194458007812,159.16513016785112,158.3883584372367,158.60094478648642,74544000
2014-08-12,158.24118041992188,158.748123838602,157.75876571656772,158.30659448627696,73632000
2014-08-13,159.31227111816406,159.49215663847684,158.59274151336737,158.86255731738208,69047000
2014-08-14,160.06451416015625,160.06451416015625,159.42674276070255,159.57392749405196,57371000
2014-08-15,160.0318145751953,160.79222952777386,158.87891531503954,160.64505726977333,139951000
2014-08-18,161.37277221679688,161.44635834615366,160.82494357082751,160.9148863321929,75424000
2014-08-19,162.21498107910156,162.337624645587,161.43820937962872,161.7652672078942,59135000
2014-08-20,162.6483154296875,162.84455758490736,161.96148660109995,161.9941873887426,72763000
2014-08-21,163.12257385253906,163.3351601840809,162.65650336711872,162.78733148335488,67791000
2014-08-22,162.8690643310547,163.2778927419559,162.5011212565342,162.99170786374387,76107000
2014-08-25,163.69493103027344,164.01381676535593,162.8363886738342,163.64587360586935,63855000
2014-08-26,163.80123901367188,164.20189546138394,163.76035366570835,163.80123901367188,47298000
2014-08-27,163.73577880859375,163.99743498065573,163.48230718969182,163.88295104803888,47874000
2014-08-28,163.64581298828125,163.75211235275202,163.0325704574753,163.19609930373332,58330000
2014-08-29,164.11195373535156,164.12829789347623,163.38423945219327,163.89935491516508,65907000
2014-09-02,164.0301513671875,164.34903705943867,163.41690869159257,164.32450835053123,72426000
2014-09-03,163.9402313232422,164.6843022004053,163.71128835741598,164.65977348809938,57462000
2014-09-04,163.703125,164.82331117650244,163.25341112300598,164.21824046232354,85236000
2014-09-05,164.43898010253906,164.50439415189038,163.04896586407267,163.67038061822885,102177000
2014-09-08,164.0138397216797,164.5207956232088,163.5314250122434,164.2836680701248,64146000
2014-09-09,162.97535705566406,163.9810714120084,162.64011477806514,163.86659996068832,88591000
2014-09-10,163.58865356445312,163.69494049799076,162.52569689388076,163.06534106999337,67251000
2014-09-11,163.7766876220703,163.80121633216064,162.81184594485,162.93450197175642,66774400
2014-09-12,162.8200225830078,163.6294949295422,162.35395216104206,163.6131507745798,117409300
2014-09-15,162.69740295410156,162.97541584455217,162.20681618995812,162.84458771686445,76401000
2014-09-16,163.9238739013672,164.21823092407925,162.30491651467878,162.39485928485348,116201000
2014-09-17,164.14462280273438,164.9050377316281,163.3269659020981,164.16097943415429,151266000
2014-09-18,165.01954650878906,165.0440752213831,164.43083245361942,164.64341878825334,94990000
2014-09-19,164.87081909179688,165.85659130292137,164.53400972144078,165.5444378325091,121649000
2014-09-22,163.59751892089844,164.6079469991103,163.25249928496268,164.58330363474155,125553000
2014-09-23,162.6610565185547,163.6879052953278,162.6117697828336,163.00607620337743,111393000
2014-09-24,163.93435668945312,164.0411529767406,162.25854494810054,162.6857050276994,107276000
2014-09-25,161.28919982910156,163.51541365493313,161.23170281148873,163.50719084186272,150300000
2014-09-26,162.57069396972656,162.9732232043375,161.3549085229412,161.58492164706885,103547000
2014-09-29,162.2750244140625,162.56254719893371,161.0510282113812,161.17424509930882,95112000
2014-09-30,161.84780883789062,162.8993010379308,161.51099941301544,162.3981983070698,131302000
2014-10-01,159.6544647216797,161.64244259745408,159.29301191976143,161.584933044978,177798000
2014-10-02,159.67910766601562,160.2377074240187,158.01150613551536,159.5148018221079,157285000
2014-10-03,161.4370880126953,161.78210775567877,160.25415601687928,160.74703599195115,121569000
2014-10-06,161.24807739257812,162.32422521155885,160.6648344305713,162.11063268904442,104778000
2014-10-07,158.75901794433594,160.77986168401748,158.7261643015165,160.41840893913346,147913000
2014-10-08,161.5355987548828,161.76561182752698,158.01967031901097,158.84935943570792,186461000
2014-10-09,158.33189392089844,161.50280390198415,158.20045425018122,161.28100102449594,210705000
2014-10-10,156.52459716796875,159.07939726180734,156.48353324735658,158.29078447139358,221909000
2014-10-13,153.953369140625,157.0256923137955,153.86300595701567,156.45888238181726,230939000
2014-10-14,154.19163513183594,155.93317946685488,153.6494558803269,154.78310112715903,215847000
2014-10-15,153.1483612060547,154.18343302008776,149.44349452737913,152.10509164732125,380715000
2014-10-16,153.01695251464844,154.09308839063436,150.24034847325868,150.37999844989707,270391000
2014-10-17,154.8241424560547,155.87563453471907,154.125880317747,154.78306600060583,214625000
2014-10-20,156.32745361328125,156.450670447327,154.49555898341168,154.54484571703,130011000
2014-10-21,159.42442321777344,159.53120695586858,157.2967832458834,157.461076526223,154949000
2014-10-22,158.29080200195312,160.11448651707096,158.22508217301117,159.70374698726562,151822000
2014-10-23,160.13096618652344,161.1742484871001,159.58057651757773,159.87630958960025,154944000
2014-10-24,161.3631134033203,161.4124126723631,159.76945467796293,160.3937742033161,117927000
2014-10-27,161.1413116455078,161.3795350224625,160.21303643352377,160.7880691837367,82954000
2014-10-28,162.98965454101562,162.99786481865502,161.60956327632263,161.6835059141772,106736000
2014-10-29,162.74322509765625,163.57291447662246,161.66708948159052,163.10467790743206,142557000
2014-10-30,163.7864532470703,164.2546896624048,162.15991613753656,162.3077888451179,113330000
2014-10-31,165.6594696044922,165.79090926192782,164.92835374532302,165.7580430801811,146903000
2014-11-03,165.74986267089844,166.30846251349826,165.3719767213684,165.87307953771372,93600000
2014-11-04,165.17478942871094,165.61017229825384,164.34508761202454,165.30621654298392,93343000
2014-11-05,166.2180633544922,166.4234331112912,165.48694752167876,166.38235665297634,91709000
2014-11-06,166.8834686279297,166.9738318273301,165.64303974050227,166.25914904511157,107089000
2014-11-07,167.03955078125,167.25314336131757,166.43987457097933,166.89990084377743,89540000
2014-11-10,167.56529235839844,167.6145790956135,166.86704268989263,167.07241245147236,66319000
2014-11-11,167.7295684814453,167.83636475765658,167.29418563427126,167.6309950171113,54499400
2014-11-12,167.54884338378906,167.77885647496277,167.01487457338536,167.0477407491378,90120300
2014-11-13,167.73779296875,168.26353900840627,166.9327470875082,167.71314960242034,85357900
2014-11-14,167.7788848876953,167.98425464921996,167.35171227398692,167.66387832263254,80417500
2014-11-17,167.8856658935547,168.05818200571437,167.2941999872576,167.45850582160978,80441000
2014-11-18,168.85507202148438,169.1590153502741,167.94322950033583,167.94322950033583,76068100
2014-11-19,168.58395385742188,168.85504348381534,167.82819453601152,168.6578839733172,82373000
2014-11-20,168.87962341308594,168.98641967466628,167.72954550272698,167.79526531487085,72840300
2014-11-21,169.7832794189453,170.7361980993706,169.2082466065422,170.57190480079473,142327300
2014-11-24,170.259765625,170.3665619265749,169.97225544081888,170.18583550919146,65880800
2014-11-25,170.13653564453125,170.69513541170875,169.8818791309782,170.4897656382271,79108300
2014-11-26,170.57192993164062,170.6705034183542,170.07082714955146,170.28440721568992,62167800
2014-11-28,170.21043395996094,170.76082334590794,169.972210582523,170.44866987217276,57890100
2014-12-01,169.0275421142578,169.6682948360523,168.71538856695847,169.5532882586732,103968400
2014-12-02,170.12010192871094,170.32547170143906,169.04396632517984,169.0686096951251,74507200
2014-12-03,170.77728271484375,170.99086275971644,170.1283197673002,170.2926130737235,68952000
2014-12-04,170.58828735351562,171.08938991332195,169.79966220530005,170.48970137575648,91316600
2014-12-05,170.86766052246094,171.2537567196929,170.4979974177091,170.76086422350582,91025500
2014-12-08,169.72581481933594,170.9662438754724,169.16720245576394,170.47336388561456,108588200
2014-12-09,169.6107635498047,169.7175598267876,167.50777939699023,167.88565270285022,125180100
2014-12-10,166.89166259765625,169.20822666454072,166.70271341852614,169.15072965746432,159856400
2014-12-11,167.73779296875,169.38075090952267,167.34348657270138,167.48313649349413,159012800
2014-12-12,165.0269317626953,167.4338719834707,164.99407811482007,166.46452015167512,202330200
2014-12-15,163.8932647705078,166.37413476931656,163.29358863222393,165.92231882892145,189965800
2014-12-16,162.5789031982422,166.2673356886068,162.53782674348534,163.12929259461615,259543800
2014-12-17,165.76620483398438,166.21802068992585,162.89102897679376,163.01425832010796,253910100
2014-12-18,169.8654327392578,174.95038993808632,167.5160022131921,168.18962103416158,257633900
2014-12-19,170.58815002441406,171.2572183092593,169.83647542619994,170.5137993008005,245084600
2014-12-22,171.37290954589844,171.37290954589844,170.53864099505515,170.7781792073314,148318900
2014-12-23,171.60421752929688,172.0007002789563,171.31510790944475,171.95114151074378,122167900
2014-12-24,171.62075805664062,172.0915790045337,171.57945487778247,171.82726134697072,42963400
2014-12-26,172.1741485595703,172.5128169082709,172.01720407583304,172.06676283828526,57326700
2014-12-29,172.40541076660156,172.61191398833196,171.92632177971225,171.99240432314073,79643900
2014-12-30,171.48033142089844,172.11635245834034,171.40598065993237,171.9841999360943,73540800
2014-12-31,169.7786407470703,171.96758191203028,169.65474388661832,171.80238189677655,130333800
2015-01-02,169.6878204345703,170.88554919758974,168.6553043312476,170.47254275626065,121465900
2015-01-05,166.6233367919922,168.8122661140158,166.3177160273211,168.6470660413276,169632600
2015-01-06,165.05393981933594,167.44937271154942,164.26096171619886,166.928980437492,209151400
2015-01-07,167.1106414794922,167.44930974013607,165.92944926830862,166.3754906183617,125346700
2015-01-08,170.07606506347656,170.2908365016817,168.49838987366132,168.51490105817123,147217800
2015-01-09,168.71315002441406,170.5055966664213,168.10189588592164,170.4890728778248,158567300
2015-01-12,167.39157104492188,169.00230687873824,166.78858493404508,168.845362353067,144396100
2015-01-13,166.9207305908203,169.729170120032,165.6238839596993,168.60579178755538,214553300
2015-01-14,165.91297912597656,166.11122679229365,164.0214148168744,164.91349780540452,192991100
2015-01-15,164.3931121826172,166.86288300701946,164.27747086579527,166.54900663505038,176613900
2015-01-16,166.54901123046875,166.70595572276284,164.0048895862307,164.18661346110187,211879600
2015-01-20,166.9042205810547,167.44939230299863,165.34305618018672,167.18506203637338,130991100
2015-01-21,167.7467498779297,168.22583901130292,165.9790822636024,166.44164760507718,122942700
2015-01-22,170.2412567138672,170.37340919341256,167.12718468012818,168.49836906255456,174356000
2015-01-23,169.3079071044922,170.24130594621263,169.1757419827697,169.9852312963904,117516800
2015-01-26,169.7043914794922,169.7952534260455,168.3827780615787,169.09314984264265,92009700
2015-01-27,167.4658660888672,168.60575536241527,166.63985315825929,167.655845533799,134044600
2015-01-28,165.31826782226562,168.74621728030513,165.1282883309134,168.64709973767964,168514300
2015-01-29,166.8463592529297,167.1024212491774,164.11224581839372,165.51647790768044,173585400
2015-01-30,164.7483367919922,166.9950937939455,164.48401911150685,165.67348018359522,197729700
2015-02-02,166.78851318359375,166.8793751012651,163.43490302874275,165.24387318713673,163107000
2015-02-03,169.20046997070312,169.20873816577404,167.3089060809817,167.6806093444516,124212900
2015-02-04,168.55621337890625,169.64655660572535,168.10190370106497,168.44057206127013,134306700
2015-02-05,170.25779724121094,170.40648613676643,169.14268724235677,169.2170253881554,97953200
2015-02-06,169.78700256347656,171.18296677943948,169.26661025471967,170.62127129310568,125672000
2015-02-09,169.02706909179688,169.8613378071158,168.62231812482196,169.14271042465256,87219000
2015-02-10,170.82777404785156,171.08383610249103,169.06836204099815,170.05958788393312,96164200
2015-02-11,170.92684936523438,171.35637961746548,170.01824270561735,170.6625317819855,91087800
2015-02-12,172.5706024169922,172.62842936615894,170.95987988674725,171.7198101932229,97545900
2015-02-13,173.28099060058594,173.3305493595107,172.43845388699384,172.69452848136683,93670400
2015-02-17,173.55357360839844,173.72704186582325,172.7193051039149,172.96709889458353,76968200
2015-02-18,173.5701904296875,173.64452860673347,172.91763282060336,173.18196314427377,80652900
2015-02-19,173.4462127685547,173.80966051892923,172.83497119197804,172.9753918948121,91462500
2015-02-20,174.48699951171875,174.56133766054108,172.4136987099765,173.03320849141335,140896400
2015-02-23,174.4622039794922,174.4622039794922,173.85920543986057,174.2391769497112,74411100
2015-02-24,174.9578399658203,175.1560876554852,174.0905236539817,174.38788888649893,72472300
2015-02-25,174.8091278076172,175.3129962204007,174.47045946703403,174.83390718824936,73061700
2015-02-26,174.60269165039062,174.87527754603224,173.99969287944296,174.71833300575713,72697900
2015-02-27,174.00790405273438,174.76783451094943,173.95834528867053,174.50350429733115,108076000
2015-03-02,175.10653686523438,175.1643512332133,174.05749660771215,174.10705538139717,87491400
2015-03-03,174.3878631591797,175.15606181483415,173.52881517195365,174.67697275512717,110325800
2015-03-04,173.65272521972656,173.86749668575007,172.6862914344985,173.79314592999464,114497200
2015-03-05,173.84268188476562,174.12352324808586,173.338813507535,173.9748343708267,76873000
2015-03-06,171.39764404296875,173.41311715099826,171.06724398760014,172.9835869958557,188128000
2015-03-09,172.10809326171875,172.46327285150772,171.43902465475077,171.59596916334027,89818900
2015-03-10,169.316162109375,170.82776759842554,169.27485893348538,170.745173850606,157121300
2015-03-11,168.91964721679688,169.74566016162228,168.83704088073142,169.57219189746775,110145700
2015-03-12,171.0673828125,171.1334527940276,169.49794976598452,169.54750855411243,93993500
2015-03-13,170.01820373535156,171.75282292645545,168.98568781066325,170.79465772734986,162410900
2015-03-16,172.289794921875,172.3806568570192,170.0430385291803,170.74515462838175,136099200
2015-03-17,171.77767944335938,172.1576383881858,170.96817757941653,171.55465239072544,94510400
2015-03-18,173.84268188476562,174.51175032254008,170.67078274412282,171.30681621137117,228808500
2015-03-19,173.0496826171875,173.85091604621357,172.6614555905891,173.42965405316122,117917300
2015-03-20,174.5771942138672,175.0833117613719,173.81387167111257,173.99640669875154,177715100
2015-03-23,174.23699951171875,175.15796701554652,174.23699951171875,174.5854719915161,71784500
2015-03-24,173.258056640625,174.56897223026007,173.19167908440403,174.11264710410543,77805300
2015-03-25,170.71908569335938,173.69771863356073,170.67761081709924,173.46540362154204,159521700
2015-03-26,170.3125762939453,171.2252389858429,169.3584133966899,170.05537123840853,153067200
2015-03-27,170.70249938964844,170.87672931710654,170.0055416991604,170.19638183333447,118939000
2015-03-30,172.78500366210938,173.0836961316314,171.7146963647814,171.7312812473768,96180400
2015-03-31,171.27500915527344,172.66061965410185,171.21693672358907,171.9636618523457,126768700
2015-04-01,170.66928100585938,171.2666659960578,169.6819360176087,171.2417760098176,137303600
2015-04-02,171.2832489013672,171.731281275616,170.42035391806584,170.6028889083713,86900900
2015-04-06,172.4365692138672,172.95097921240085,170.26275905467685,170.3955014457633,114368200
2015-04-07,171.98023986816406,173.20819250095542,171.94705743385904,172.461467457011,81236300
2015-04-08,172.56101989746094,173.0007599290921,171.81429488606952,172.20425493830373,89351900
2015-04-09,173.3243865966797,173.5567016665092,171.9056061816652,172.3951263173616,85548900
2015-04-10,174.27023315429688,174.3117206984161,173.37416803447064,173.57328798988937,72722900
2015-04-13,173.4820556640625,174.7598013850081,173.4322756651053,174.12922097095367,74436600
2015-04-14,173.8139190673828,173.99645414479616,172.66063616566487,173.28291138587718,75099900
2015-04-15,174.59381103515625,175.09992867523593,174.1955584748344,174.2785335608359,99529300
2015-04-16,174.5439910888672,175.05010861308017,174.0627635527124,174.26189611739576,68934900
2015-04-17,172.53616333007812,173.5981786303334,171.75624307452983,173.35757112990004,191113200
2015-04-20,174.11253356933594,174.4444084738085,173.37410114570088,173.45706354171097,92189500
2015-04-21,173.90516662597656,174.95058431814448,173.60647404818283,174.79293925483387,72559800
2015-04-22,174.75978088378906,174.94231596536792,173.32439022771675,174.24535808105674,78264600
2015-04-23,175.19943237304688,175.84659727650632,174.2452699003557,174.3614273789198,102585900
2015-04-24,175.6060028076172,175.87151288886338,175.15797037078605,175.61430791029204,61327400
2015-04-27,174.87591552734375,176.2946957863419,174.685075365081,176.17024581984043,79358100
2015-04-28,175.43179321289062,175.4815731938354,173.68112547509182,174.85100566816996,86863500
2015-04-29,174.70999145507812,175.3073640004478,173.90518118255187,174.54404127335286,125684900
2015-04-30,172.95925903320312,174.52739144939122,172.2623014458399,174.1374314558223,161304900
2015-05-01,174.83441162109375,174.87589915945125,173.63964141362536,173.73920137750798,103399700
2015-05-04,175.33224487304688,175.91303245626554,175.14970982400388,175.25756223646033,70927200
2015-05-05,173.3243865966797,175.4484299868982,173.1833390657276,175.09165227666028,113326200
2015-05-06,172.61083984375,174.1789728589376,171.5488245033172,173.871987808097,135060200
2015-05-07,173.29946899414062,173.7226241798103,172.17938137022506,172.5112563713364,88244900
2015-05-08,175.58111572265625,175.78024828688288,174.8841707381896,174.96714580500512,155877300
2015-05-11,174.74314880371094,175.80516398110535,174.66847882878935,175.53966651686653,75708100
2015-05-12,174.22044372558594,174.75975644947212,173.0920509518764,173.9134587041349,119727600
2015-05-13,174.2536163330078,175.2492539083147,174.02130132077684,174.62697884122056,94667900
2015-05-14,176.07070922851562,176.16197676947698,174.99209628812372,175.2658989110078,95934000
2015-05-15,176.26150512695312,176.40255263581574,175.78027751189376,176.26150512695312,76510100
2015-05-18,176.80906677246094,177.0579666326147,176.02914678340125,176.09552429951447,74549700
2015-05-19,176.75099182128906,177.19903691566,176.46889685681396,176.92523439359277,72114600
2015-05-20,176.62660217285156,177.3733273713964,176.3113120106909,176.85061213628197,76857500
2015-05-21,177.14096069335938,177.34838570588087,176.31955308609574,176.48550322428738,64764600
2015-05-22,176.71780395507812,177.1741288176016,176.65142643720523,176.7592788260588,57433500
2015-05-26,174.8177947998047,176.65143744720314,174.40294478240588,176.228282326917,124308600
2015-05-27,176.47726440429688,176.70957949275865,174.86764367693812,175.27420141185766,93214000
2015-05-28,176.27810668945312,176.38595910443956,175.5894540174039,176.1702416142466,74974600
2015-05-29,175.1829071044922,176.25321483710226,174.91740961261766,176.2117399535306,124919600
2015-06-01,175.5396728515625,176.17853287368334,174.75144755376922,175.84665786635355,93338800
2015-06-02,175.36541748046875,176.0540700977669,174.46104739012816,175.0833224787473,91531000
2015-06-03,175.8300323486328,176.45230738355588,175.34051235961232,175.8964098715841,87820900
2015-06-04,174.34495544433594,175.78033364367923,174.0296652295971,175.124875874338,151882800
2015-06-05,174.04617309570312,174.71822807219536,173.39070300390694,174.1955130192715,121704700
2015-06-08,172.9758758544922,174.08768362665737,172.90120588284333,173.93833102314068,89063300
2015-06-09,172.95095825195312,173.49027083493675,172.32039082500262,172.95095825195312,105034700
2015-06-10,175.02525329589844,175.40692095542522,173.65625304064022,173.71432547087372,134551300
2015-06-11,175.58944702148438,175.971102001252,175.23266937321156,175.46498440269264,73876400
2015-06-12,174.24534606933594,175.46500645752488,173.9715434658424,174.7680612814801,135382400
2015-06-15,173.4986114501953,173.7807064831923,172.40340109589576,173.1086513386087,124384200
2015-06-16,174.44447326660156,174.52744835364663,173.17503292818068,173.34926288666625,85308200
2015-06-17,174.72657775878906,175.33226807449984,173.70604996607278,174.72657775878906,126708600
2015-06-18,176.5436248779297,177.00825500991627,174.75977433686225,175.3239644513541,165867900
2015-06-19,175.7598419189453,176.3768109906399,175.38466335339805,176.3017778218902,130478700
2015-06-22,176.66030883789062,177.24392145490066,176.45187485168697,176.67698711889116,70696000
2015-06-23,176.7853546142578,177.1188566072924,176.39351044536755,176.8687332929665,68476800
2015-06-24,175.5013885498047,176.89372583021105,175.47637749317096,176.51854725890612,92307300
2015-06-25,174.96783447265625,176.12672698393885,174.89280128717357,176.00167167480106,97107400
2015-06-26,174.93446350097656,175.56809817200963,174.384194782506,175.3263076494394,104174800
2015-06-29,171.26608276367188,174.9428623319481,171.1910495614959,173.45881296493582,202621300
2015-06-30,171.62454223632812,172.8501350423014,171.14930666095873,172.80010020136746,182925100
2015-07-01,173.00018310546875,173.44206207348822,172.21646939711758,173.1919387824699,135979900
2015-07-02,172.84178161621094,173.64217365104963,172.4249136801449,173.47542902098317,104373700
2015-07-06,172.34994506835938,173.12531361343667,171.35779697336875,171.55789823748768,117975400
2015-07-07,173.4337158203125,173.55877109520603,170.17380595557438,172.5499579529365,173820200
2015-07-08,170.5239715576172,172.38319871395632,170.2905265658705,172.0997316128065,164020100
2015-07-09,170.83248901367188,172.87515224406943,170.72411199229873,172.61668341636218,144113100
2015-07-10,172.98358154296875,173.40044963894204,170.8742299950883,172.82516963101017,129456900
2015-07-13,174.89276123046875,175.00113823296545,174.20075899419595,174.24244832829405,106069400
2015-07-14,175.65150451660156,175.9599955052407,174.79275740475703,174.85112503459231,81709600
2015-07-15,175.59315490722656,176.15175654972325,175.11791923897846,175.693199165046,97914100
2015-07-16,177.00213623046875,177.00213623046875,176.4018453575481,176.6436231738465,106683300
2015-07-17,177.15219116210938,177.2105587785068,176.5852568863609,176.9937793139445,89030000
2015-07-20,177.2439422607422,177.73584347269255,176.92713121534828,177.37734308080402,70446800
2015-07-21,176.54360961914062,177.36901289331283,176.2434641305146,177.11054402998832,77965000
2015-07-22,176.2267303466797,176.56023229667733,175.8265407284811,175.85988456258156,88667900
2015-07-23,175.23464965820312,176.4602427588005,174.87614923703148,176.36019849648346,90509100
2015-07-24,173.4171142578125,175.3930648060229,173.08362489603817,175.33470989252405,117755000
2015-07-27,172.40821838378906,173.0418657260199,171.9663394329168,172.53328638534447,132361100
2015-07-28,174.5259246826172,174.66765824861352,172.41657402795545,173.24196436651047,123544800
2015-07-29,175.7265625,175.9516620887631,174.50930218850357,174.65103579980735,105791300
2015-07-30,175.76821899414062,175.9349636396938,174.6009810316665,175.21795021419427,91304400
2015-07-31,175.5013885498047,176.29343502740363,175.21792142675645,176.2684239707699,103266900
2015-08-03,174.90948486328125,175.52645413611395,173.95902625052986,175.46809922643948,113965700
2015-08-04,174.56761169433594,175.29295779354038,174.08404338759993,174.83440054389425,81820800
2015-08-05,175.14288330078125,176.1767075371848,174.85940346395583,175.4596942497766,85786800
2015-08-06,173.7089080810547,175.43473505916185,173.1252826787766,175.32634530357268,116030800
2015-08-07,173.37539672851562,173.70055325602934,172.47496033190805,173.5504868841622,117858000
2015-08-10,175.559814453125,175.64318042898392,174.4842877735788,174.4842877735788,80270700
2015-08-11,173.9757080078125,174.64269942277045,173.2170051142753,174.22583137864711,126081400
2015-08-12,174.18408203125,174.36750492522754,171.2159846149572,172.67502226681563,172123700
2015-08-13,173.9673309326172,174.7093553533563,173.42539498015836,174.025685828599,89383300
2015-08-14,174.60101318359375,174.67604637963953,173.63387625077044,173.77560986168024,72786500
2015-08-17,175.5764923095703,175.5764923095703,173.55051957690992,174.00907700255445,79072600
2015-08-18,175.06787109375,175.6514837139726,174.83442604566096,175.30131614183904,71692700
2015-08-19,173.68386840820312,175.09287138975742,172.87514356925766,174.32583589007928,172946000
2015-08-20,170.05709838867188,173.6588305616013,169.99873077406508,172.17478180084714,194327900
2015-08-21,164.9379425048828,170.03206837076434,164.67948646170058,168.18950679297836,346588500
2015-08-24,157.99295043945312,164.64615924941685,152.07342055854252,156.31714588799085,507244300
2015-08-25,156.13368225097656,162.95363391497918,155.84186967819153,162.9369556395009,369833100
2015-08-26,162.12832641601562,162.4034481318135,157.05086393563715,160.1440304415734,339257000
2015-08-27,166.1385498046875,166.2636050960368,162.75358421963602,164.26264410364965,274143900
2015-08-28,166.1468963623047,166.61378645112822,165.01301498010434,165.49658334975751,160414400
2015-08-31,164.80455017089844,166.02181000776918,164.25428150265006,165.17139594973068,163298800
2015-09-01,159.88558959960938,162.38679812081975,159.01849685471262,161.0111258010714,256000400
2015-09-02,162.9203338623047,162.96202320130396,160.42745896303018,162.26167538279665,160269300
2015-09-03,163.03707885742188,165.12141887676557,162.54517766608922,163.62902429870644,152087800
2015-09-04,160.56919860839844,161.62804679436815,159.75214096468508,160.78597809066974,207081000
2015-09-08,164.60450744628906,164.75458655536866,162.7202684935989,163.36224883448918,116025700
2015-09-09,162.40342712402344,166.3053181540487,162.03659397647715,166.18026284486265,149347700
2015-09-10,163.28721618652344,164.42943054395593,161.95323337119268,162.2116895202348,158611100
2015-09-11,164.02919006347656,164.09589045579688,162.18662830079998,162.89530883762922,119691200
2015-09-14,163.4205780029297,164.25431394794666,162.93700962820373,164.2042918267338,79452000
2015-09-15,165.4632110595703,165.90509001207155,163.37887157728196,163.9207947539575,113806200
2015-09-16,166.8972625732422,167.08903100857285,165.4215590465416,165.76339385199034,99581600
2015-09-17,166.52207946777344,169.15668815047755,166.1469008307215,166.76387002000322,276046600
2015-09-18,163.8008270263672,166.5077903403786,163.39018079009878,164.01873347461128,223657500
2015-09-21,164.64730834960938,165.669742422647,163.59972040089897,164.63054336180713,105726200
2015-09-22,162.51026916503906,162.97121054142366,161.37886876736252,162.48512807068556,153890900
2015-09-23,162.25039672851562,163.14712519772604,161.67212624126188,162.67780792921184,92790600
2015-09-24,161.66380310058594,162.12474445816738,159.70272109335767,161.03525019150445,159378800
2015-09-25,161.62185668945312,163.4237026548314,160.75025644738236,163.121996846105,155054800
2015-09-28,157.5655975341797,160.83407948138324,157.2555156054115,160.72512624676162,178515900
2015-09-29,157.65782165527344,159.01550458938314,156.6605156934075,157.78353990565944,159045600
2015-09-30,160.59945678710938,160.76706833242253,158.76408031426854,159.54347975454826,163452000
2015-10-01,161.0184783935547,161.32018426471683,159.08253771523917,160.9765723137938,131079000
2015-10-02,163.42373657226562,163.44887766254922,158.495878269638,159.04063173097632,211003300
2015-10-05,166.33184814453125,166.5581307533342,164.5383778401069,164.647331093964,126320800
2015-10-06,165.76197814941406,166.75928420829425,165.09990800289916,166.1977784415177,110274500
2015-10-07,167.11965942382812,167.47164753708097,165.50217653537078,166.6922352386378,124307300
2015-10-08,168.62818908691406,168.91313001848616,166.4324354447101,166.73414136871068,153055200
2015-10-09,168.7287139892578,169.20640746419622,168.10016119364352,168.7706200665533,107069200
2015-10-12,168.88796997070312,169.089098705504,168.37674645651603,168.8041578059088,56395600
2015-10-13,167.8235626220703,169.42427982155294,167.65595113459193,168.15878559702708,88038700
2015-10-14,167.01905822753906,168.34321110380344,166.72574123600018,167.76494043382095,99106200
2015-10-15,169.58358764648438,169.5919637486582,167.3124107390394,167.68116384176335,134142200
2015-10-16,170.3545684814453,170.37132068160702,169.22316836151683,169.98581547086303,114580100
2015-10-19,170.43838500976562,170.43838500976562,169.39918582577107,169.7092678031965,76523900
2015-10-20,170.22048950195312,170.83227734943787,169.75117209632427,170.00259578875122,78448500
2015-10-21,169.16453552246094,170.79038155042025,168.9969111921257,170.63953499864772,102038000
2015-10-22,172.02232360839844,172.23184120585051,169.16451329798593,170.11152414267062,174911700
2015-10-23,173.90798950195312,174.27674253547696,172.8939314477024,173.6900957948435,144442300
2015-10-26,173.48056030273438,173.79064223625593,173.11180730722845,173.7319839622101,69033000
2015-10-27,173.14535522460938,173.48057828002285,172.46650743729634,172.81011938125604,77905800
2015-10-28,175.11485290527344,175.13999400075386,172.81854759844293,173.48061775933203,135906700
2015-10-29,175.01426696777344,175.38302003999266,174.49466734125065,174.61199670168938,90525500
2015-10-30,174.2599639892578,175.52545841839262,174.10074136256867,175.20698758913662,131076900
2015-11-02,176.32164001464844,176.51439263594077,174.46112260790636,174.5868408471371,86270800
2015-11-03,176.83287048339844,177.38600006681244,175.7433763067183,175.9696589159223,95246100
2015-11-04,176.2965087890625,177.2519086361511,175.76014418697665,177.1262031778266,96224500
2015-11-05,176.12051391601562,176.816113979219,175.23216121465313,176.3551726375853,78408700
2015-11-06,176.02833557128906,176.26300709402958,174.70419533404373,175.77692463253484,110471500
2015-11-09,174.3856964111328,175.56737878519792,173.43867273416632,175.4165194582403,131008700
2015-11-10,174.78797912597656,174.82150910678078,173.63982664827824,173.90800255500784,75874600
2015-11-11,174.10076904296875,175.10645107827153,174.03372186888976,175.05616889469752,67846000
2015-11-12,171.67031860351562,173.53083570794695,171.6535664046923,173.0615183821333,121315200
2015-11-13,169.7427520751953,171.5278458972901,169.6589527183827,171.25967005237672,153577100
2015-11-16,172.32398986816406,172.38266092018162,169.4410263435248,169.55836844755993,117645200
2015-11-17,172.19833374023438,173.51409767680042,171.703875251433,172.63413394816544,121123700
2015-11-18,174.93043518066406,175.07290561750696,172.63413041421526,172.67602370486216,121342500
2015-11-19,174.77960205078125,175.1986372929131,174.48627226611268,174.8131192434579,88220500
2015-11-20,175.41653442382812,176.0953694832022,175.03940525616932,175.53386378238736,94011500
2015-11-23,175.21534729003906,175.97798147252328,174.75440611077713,175.4751470125494,64931200
2015-11-24,175.4500274658203,175.8522976407663,173.82416899099331,174.20967417883455,98874400
2015-11-25,175.42491149902344,175.77689955099623,175.16509891948007,175.5757580407517,51980100
2015-11-27,175.62603759765625,175.82717910489592,175.03939085313215,175.51708434940895,37317800
2015-11-30,174.8968963623047,175.90257818432067,174.78794312904074,175.7852488515511,112822700
2015-12-01,176.5646514892578,176.681993612213,175.2488877171369,175.5254524613775,97858400
2015-12-02,174.76283264160156,176.8328677084274,174.51140894509157,176.51439684031868,108441300
2015-12-03,172.31564331054688,175.2824066907532,171.59490230582782,175.014230831383,166224200
2015-12-04,175.6763458251953,175.96967563491964,172.31568749989472,172.31568749989472,192913900
2015-12-07,174.6120147705078,175.7685435036695,173.64822590694013,175.3495082033207,102027100
2015-12-08,173.4386749267578,174.56168624677528,172.45813404692703,173.05316968576795,103372400
2015-12-09,172.08937072753906,174.88852275963552,171.1172060065192,172.801735673859,162401500
2015-12-10,172.53350830078125,173.84089576912808,171.9217206342726,172.15637926767144,116128900
2015-12-11,169.18966674804688,171.08370136373824,168.87957198536282,170.42163133411054,211173300
2015-12-14,170.0444793701172,170.17019760312135,167.5721742429756,169.34889219017325,182385200
2015-12-15,171.82955932617188,172.73467682022866,170.01932433805823,171.55299458177075,154069600
2015-12-16,174.34376525878906,174.6454710813745,171.63680174288578,172.9525654775375,197017000
2015-12-17,171.68710327148438,174.72091403822824,171.6703382828012,174.65386687143496,173092500
2015-12-18,168.62855529785156,171.0818456183386,168.46837213360288,170.94696604259596,251393500
2015-12-21,170.01956176757812,170.19660966654243,168.6875281416203,169.80037124585664,99094300
2015-12-22,171.56236267089844,171.857438219146,169.91840157192314,170.9047782313083,111026200
2015-12-23,173.68685913085938,173.7290146149224,172.47285322851093,172.56559014783053,110987200
2015-12-24,173.40020751953125,173.94820307781427,173.18101701464653,173.43393705200427,48539600
2015-12-28,173.0039520263672,173.0460946385875,171.9332646766393,172.70887655655358,65899900
2015-12-29,174.8502960205078,175.17908826127268,174.06625793254906,174.09997460624697,92640700
2015-12-30,173.6109619140625,174.69008820124438,173.46764356955748,174.60577723904296,63317700
2015-12-31,171.87423706054688,173.57721788903368,171.87423706054688,172.93649841504953,114877900
2016-01-04,169.47158813476562,169.48001408695998,167.42294971521045,169.0247682515306,222353500
2016-01-05,169.7581787109375,170.21342442255937,168.65377466351708,169.7918953745946,110845800
2016-01-06,167.6168212890625,168.6622051229766,166.58828935540473,167.21214413008352,152112600
2016-01-07,163.59542846679688,166.45339493899422,163.20761607684997,164.67454181615454,213436100
2016-01-08,161.79974365234375,165.1129693840645,161.513106924341,164.5565478315544,209817200
2016-01-11,161.95989990234375,163.0558780579135,160.02930242058451,162.71864708325168,187941300
2016-01-12,163.26661682128906,164.01693793340905,161.14210704043757,163.40150918986092,172330500
2016-01-13,159.19471740722656,164.27835847235212,158.81534370434633,163.93270144490674,221168900
2016-01-14,161.80813598632812,162.92940481013775,158.20828713856892,159.80166644313084,240795600
2016-01-15,158.33473205566406,159.13563463917376,156.40413476008618,157.45795733418973,324846400
2016-01-19,158.54550170898438,160.27377335933696,156.97741315333434,160.14731979196418,195244400
2016-01-20,156.51373291015625,158.07339555861964,152.61038261004657,155.99104099867043,286547800
2016-01-21,157.3905029296875,159.22836322824276,155.6622314255676,156.98583868428858,195772900
2016-01-22,160.61941528320312,160.82174097213112,159.23680066466977,159.9955477262384,168319600
2016-01-25,158.1914825439453,160.3075545621988,157.99758270789476,160.11365472614824,130371700
2016-01-26,160.3496856689453,160.6278964509055,158.5118247544825,158.8490429279834,141036800
2016-01-27,158.6045379638672,161.4962213181551,157.70245954537472,159.82696974006484,185681700
2016-01-28,159.43072509765625,160.3496553813156,157.78676430027338,160.14732966105083,143798800
2016-01-29,163.31727600097656,163.45216843377244,160.07993479817773,160.19796246086153,210529300
2016-02-01,163.25819396972656,164.04224468266708,161.7322608851968,162.31397302549723,136061600
2016-02-02,160.3159637451172,161.84189715589827,159.7932588700517,161.83347120425384,182564900
2016-02-03,161.2770538330078,161.6817182112357,157.73621157940445,161.36979075969012,205054900
2016-02-04,161.5299530029297,162.49946476772794,160.14733809741855,160.77963173464707,139531800
2016-02-05,158.4527587890625,161.58893578129417,157.8204652481133,161.0156624789085,180788300
2016-02-08,156.31985473632812,156.9099929217756,154.1110463004901,156.61493026107567,191526700
2016-02-09,156.32827758789062,157.60130371702277,154.44826138293897,154.5831537838088,184513100
2016-02-10,156.193359375,158.7815407475706,156.06689295648195,157.15444498113396,148214100
2016-02-11,154.16162109375,155.20701788010714,152.66940449594475,153.72322723314252,219058900
2016-02-12,157.33998107910156,157.3568329836755,155.08901686974585,155.93207520421836,127632400
2016-02-16,159.99560546875,160.02089618899345,158.18303524304264,159.14412120444007,120250700
2016-02-17,162.60906982421875,162.98001749067555,161.03254224177735,161.15900869027703,136009500
2016-02-18,161.9430389404297,162.93785425898483,161.63111153758322,162.8788340130157,102343000
2016-02-19,161.8671875,162.01893181353807,160.56044461143512,161.167447593684,114793000
2016-02-22,164.2108917236328,164.3542100883974,163.37625939042303,163.44370559690904,103640300
2016-02-23,162.13694763183594,163.82306391154782,162.01890714277164,163.55327913205167,111455300
2016-02-24,162.87884521484375,163.1570559705891,159.60778807514922,160.7121922829566,150812200
2016-02-25,164.8516082763672,164.86004709204892,162.56692757101848,163.32567486757412,110728300
2016-02-26,164.4722137451172,165.81267313539044,164.312030636082,165.71994908705076,129833700
2016-02-29,163.18231201171875,165.43327543273068,162.98841226463242,164.48905454530703,125918100
2016-03-01,167.0182342529297,167.10254520529068,163.93263863876854,164.40474909828157,141799700
2016-03-02,167.76853942871094,167.81912084968863,166.29318795132278,166.7062909960473,102415000
2016-03-03,168.42611694335938,168.44298170436377,167.0182117045136,167.59148493822846,95172200
2016-03-04,168.97413635253906,169.74976115952904,167.7938601054609,168.62005347841563,129293600
2016-03-07,169.1090087890625,169.51368590949613,167.97931410528602,168.05518624135055,100219000
2016-03-08,167.2627410888672,168.54419314985492,167.102570837285,168.0383659502354,123974900
2016-03-09,168.0889434814453,168.43458755741102,167.2880279218925,168.0720787159687,94801200
2016-03-10,168.22384643554688,169.51373746114254,166.40285029598266,168.5779422396233,156838700
2016-03-11,170.93849182128906,170.980647308,168.2069912334791,169.67390440425157,137964500
2016-03-14,170.71925354003906,171.17449922263276,170.1038247711853,170.432616893071,73612000
2016-03-15,170.44107055664062,170.74457201573492,169.49684951236813,169.75819548969022,93169100
2016-03-16,171.42747497558594,171.83215222958782,169.9184062493571,169.96056173798843,129303200
2016-03-17,172.51498413085938,173.02081127539734,170.94689554110465,171.34313387955126,134278500
2016-03-18,173.1929473876953,173.5319048209772,172.7014500581585,173.0149863304641,138372400
2016-03-21,173.4386444091797,173.66744772876373,172.70140507211255,172.9302083916966,72926700
2016-03-22,173.3454132080078,173.91317382020262,172.5064893309166,172.66748565017772,97471900
2016-03-23,172.201416015625,173.1505068021916,172.0319244348305,172.96407640763144,81052500
2016-03-24,172.1251678466797,172.15907134055288,170.95575591594056,171.17607690453912,84360900
2016-03-28,172.22691345214844,172.75230138022638,171.77778901097253,172.54044974078877,62408200
2016-03-29,173.82000732421875,173.93017430072314,171.51506073997965,171.82012757996412,92922900
2016-03-30,174.58267211914062,175.3029598090337,174.21828063922183,174.81994487938724,86365300
2016-03-31,174.15895080566406,174.91314191454202,173.99794153572478,174.48943875381522,94584100
2016-04-01,175.3453369140625,175.5317673630624,172.85395994142385,173.16750911313966,114423500
2016-04-04,174.77757263183594,175.4724520968894,174.47250580602636,175.26906990288444,63497000
2016-04-05,173.0319061279297,174.78603056334993,172.7776816347166,173.43865755883377,99662200
2016-04-06,174.92164611816406,174.98097077905592,172.85397221365315,173.03193326593183,91839800
2016-04-07,172.8285675048828,174.19289260089965,172.09979733687882,173.83698339286025,113859000
2016-04-08,173.29458618164062,174.4385898444838,172.76071608159464,174.0064043614394,95040600
2016-04-11,172.88783264160156,174.6250180994244,172.79461743370686,173.93013874413782,83757500
2016-04-12,174.4979248046875,174.7775704690855,172.6166815572068,173.0573365069002,115350600
2016-04-13,176.26051330566406,176.34525910921872,175.2775188781648,175.41310699169452,96336400
2016-04-14,176.26905822753906,176.76903799407202,175.9216313170734,176.31991348969476,65212900
2016-04-15,176.07411193847656,176.40459993824712,175.75209334830146,176.2690118023422,75761600
2016-04-18,177.31129455566406,177.34518511746666,175.41309983487633,176.07407569837335,82531000
2016-04-19,177.87060546875,178.12482998523546,177.05710253247176,177.73503026630098,88316100
2016-04-20,178.0401153564453,178.73498198033556,177.43845103674758,177.91299661996968,81100300
2016-04-21,177.0824737548828,178.16715265097818,176.81129756566278,178.0569857078085,85695000
2016-04-22,177.0824737548828,177.35363701371045,176.18422525627813,176.7265647043258,99251700
2016-04-25,176.7774658203125,176.81983873027448,175.87073468263387,176.48086838097544,66166500
2016-04-26,177.0401153564453,177.54856428767246,176.56556991684317,177.14179997053336,75864200
2016-04-27,177.40451049804688,177.7943101471621,176.30287974419332,176.65878883136563,77329400
2016-04-28,175.79443359375,177.751940069478,175.37921278398585,176.65032222852545,97216200
2016-04-29,174.84535217285156,175.5232798328265,173.74372134169164,175.1758401291601,142424100
2016-05-02,176.23512268066406,176.41307079640367,174.91317067072708,175.34534331077683,62188000
2016-05-03,174.70127868652344,175.24361817887922,173.95555703563667,175.00634545912317,106422100
2016-05-04,173.72677612304688,174.43860730448847,173.22680946555437,173.70983730544705,92243800
2016-05-05,173.69290161132812,174.54877747344975,173.26919838505867,174.19286831503095,67619200
2016-05-06,174.3284149169922,174.37078781560305,172.76919051910093,172.92171743762816,89315000
2016-05-09,174.4724884033203,174.90466097577874,174.0233640837867,174.20132510208984,74374900
2016-05-10,176.64183044433594,176.65878218986694,175.10802719880667,175.1758212505375,77472200
2016-05-11,174.98947143554688,176.71817529449334,174.98947143554688,176.18431790312414,81727000
2016-05-12,175.04025268554688,175.82834731079288,174.03183706537783,175.65885569735008,89586300
2016-05-13,173.514892578125,175.29445080844502,173.19288700788638,174.74364193878978,96474600
2016-05-16,175.22671508789062,175.7012606591688,173.6251173196283,173.68444198123655,77486800
2016-05-17,173.59121704101562,175.24365703801797,173.06581624757146,174.9555419473399,114924900
2016-05-18,173.64208984375,174.8199845028028,172.55741042809268,173.24380770655097,120062100
2016-05-19,173.04037475585938,173.32848981268344,171.83705928583413,172.9217383836145,115430500
2016-05-20,174.13352966308594,174.65044803642593,173.59965954280523,173.65050185323304,104990400
2016-05-23,173.896240234375,174.43009737301395,173.70980982710643,174.15045176211112,58682600
2016-05-24,176.15037536621094,176.46392454670195,174.68436582204296,174.7097869812184,93537800
2016-05-25,177.34518432617188,177.7604180561647,176.15033837426097,176.8282659808313,76621400
2016-05-26,177.39608764648438,177.7096368689698,177.08255135439703,177.4808334753503,55280700
2016-05-27,178.1587677001953,178.1672371112262,177.50626099965686,177.55710332663935,64211200
2016-05-31,177.81976318359375,178.54006382536642,177.2604718333041,178.42989685111044,109879400
2016-06-01,178.18414306640625,178.36209116510832,177.0147181247832,177.20961797158864,69936200
2016-06-02,178.7264404296875,178.74337924339594,177.31127366150585,177.78581905318447,63044700
2016-06-03,178.1925811767578,178.5400208346773,176.98926588067863,178.16716002426546,101757100
2016-06-06,179.0993194580078,179.45522853801452,178.38748836760095,178.548497626974,64887000
2016-06-07,179.3789520263672,179.9382432647417,179.22642510520694,179.25184625873365,60974800
2016-06-08,179.9636993408203,180.09081806351512,179.38746917520425,179.5145749675031,66170900
2016-06-09,179.7178955078125,179.83653185005488,178.96370456133056,179.2348678020025,73786900
2016-06-10,178.0146484375,178.6840937280972,177.47229598991518,178.3451363787507,113829200
2016-06-13,176.64183044433594,178.26884889469594,176.55709757746737,177.41297323608163,117751200
2016-06-14,176.29441833496094,176.8876131477305,175.34532732316208,176.26052776899468,125059300
2016-06-15,176.0486297607422,177.4129541957186,175.86219937108888,176.29437185779872,109124500
2016-06-16,176.5740509033203,176.74354251177266,174.21826236624872,176.04866312222205,149533100
2016-06-17,175.91648864746094,176.49571546014107,175.26058875857578,176.4701621006193,117055700
2016-06-20,177.04933166503906,178.5485178186072,176.96414516867182,177.8755912887902,82789600
2016-06-21,177.5519561767578,177.96082289803414,176.98975631147866,177.43270284148394,72461700
2016-06-22,177.2623748779297,178.4549084465351,177.1175551610752,177.73086185282682,95560500
2016-06-23,179.57073974609375,179.62184645879435,178.2589531287725,178.71892654071584,102731400
2016-06-24,173.12255859375,179.60485903143808,172.67961199025197,173.45476529696333,333444400
2016-06-27,170.02194213867188,171.72556876131333,169.2127090948055,171.71704230971076,230775800
2016-06-28,173.08843994140625,173.11399329763964,171.31666692260927,171.62332019504794,159382400
2016-06-29,176.0357208251953,176.26570103323945,174.38320112073447,174.48541454653184,137328600
2016-06-30,178.4377899169922,178.48889661917968,175.95049742866334,176.50418369684365,165021900
2016-07-01,178.8126220703125,179.29816182418008,178.27597560501414,178.43782218963668,106055300
2016-07-05,177.52645874023438,178.09717223865232,176.9301918760397,177.98643232185802,109803700
2016-07-06,178.5911407470703,178.71039406322262,176.37642144980018,177.0323211874561,96021500
2016-07-07,178.48043823242188,179.43446496128354,177.71381146782082,178.77005163259213,85593800
2016-07-08,181.1381072998047,181.385140454922,179.54522046270415,179.7752137111415,133971000
2016-07-11,181.77696228027344,182.3476886582677,181.39364887527617,181.5980887568401,73633900
2016-07-12,183.09722900390625,183.3953687973373,181.80246941184768,182.739469050371,101275600
2016-07-13,183.0717010498047,183.52316102982908,182.58617425894235,183.51464757652928,87324100
2016-07-14,184.0938720703125,184.56237194878827,183.70204526114256,184.3323787361477,91230900
2016-07-15,183.84686279296875,184.8519962300285,183.4039162455943,184.6560828138903,107155400
2016-07-18,184.3409118652344,184.5027584652656,183.7105653697548,183.96611194887564,58725900
2016-07-19,184.15347290039065,184.187539704826,183.67645965247817,183.9234797281342,54345700
2016-07-20,184.92010498046875,185.1586116115223,184.15347838031607,184.15347838031607,58159500
2016-07-21,184.2216644287109,185.0308844571477,183.77871787722287,184.8094176802233,67777300
2016-07-22,185.04795837402344,185.0990651013502,184.0768915618901,184.3409516515061,62787500
2016-07-25,184.5453338623047,184.89458041130248,183.96610709603976,184.84347369635424,55873100
2016-07-26,184.63055419921875,184.9883142670159,183.78725425521344,184.44315421166203,70080500
2016-07-27,184.43463134765625,185.07349136419623,183.66799152922408,185.00534473604847,84083900
2016-07-28,184.6475830078125,184.9371964265773,183.77872975387783,184.2387032426432,65035700
2016-07-29,184.94569396972656,185.3034539852409,184.10240714659952,184.38350708685488,79519400
2016-08-01,184.7923126220703,185.39709256790456,184.34085277597947,185.00526587013712,73311400
2016-08-02,183.6083526611328,184.698672605218,182.7735792971761,184.54533945808527,92295500
2016-08-03,184.14498901367188,184.20462218226243,183.2505954659272,183.54872231596235,53993600
2016-08-04,184.3409118652344,184.65607861415472,182.5009920927308,184.25572533964777,46585500
2016-08-05,185.84860229492188,185.891195555494,184.34090225224605,184.34090225224605,71892200
2016-08-08,185.7378387451172,186.13819191970643,185.4737787783957,186.03596551498777,39906500
2016-08-09,185.84860229492188,186.34265552275468,185.52492210937768,185.806022031988,51251700
2016-08-10,185.38864135742188,186.0360147697383,185.0393947939079,185.9593546941296,57941100
2016-08-11,186.2489318847656,186.49596496611449,185.65266530542863,185.9167252907324,72504300
2016-08-12,186.08718872070312,186.30014210233105,185.6868353234312,185.9423689832704,61313500
2016-08-15,186.623764038086,186.9730105941644,186.4448905321406,186.4534039855917,49813500
2016-08-16,185.6612091064453,186.274502647054,185.6612091064453,186.2063690295936,53213600
2016-08-17,186.0104522705078,186.1467455077629,184.86051219996887,185.69528553228903,75134300
2016-08-18,186.4278717041016,186.46193851939623,185.87419822149027,185.9849251194284,52989300
2016-08-19,186.1552581787109,186.33414467656127,185.473817990576,185.95934477450407,75443000
2016-08-22,186.1467742919922,186.37676754071967,185.5505075338474,185.9167810432648,61368800
2016-08-23,186.5215301513672,187.05817660563,186.46189699083249,186.76003679823123,53399200
2016-08-24,185.5675506591797,186.4704707654085,185.1501574224185,186.3767707733863,71728900
2016-08-25,185.439697265625,185.85709033675323,185.03083064343207,185.18415075264107,69224800
2016-08-26,185.09043884277344,186.64925817389167,184.204559052302,185.627085185614,122506300
2016-08-29,186.0019073486328,186.26596732761564,185.1841610610908,185.21824086345805,70502200
2016-08-30,185.69528198242188,186.1978486628494,185.14160858841032,185.9167487404989,58114500
2016-08-31,185.1671600341797,185.4823267631208,184.3920068924529,185.3630734334427,85269500
2016-09-01,185.1756591796875,185.4652725297236,184.0171927819061,185.1586192774392,97844200
2016-09-02,186.0104522705078,186.4363588887012,185.43973896184536,186.02749217457432,79293900
2016-09-06,186.5726013183593,186.6492613693248,185.57598166290387,186.2915014671845,56702100
2016-09-07,186.5556182861328,186.7345047905499,185.95083814731663,186.41081159095657,76554900
2016-09-08,186.1297149658203,186.4960014346624,185.82306166539124,186.22341494644127,74102900
2016-09-09,181.67469787597656,184.86899701764105,181.64914452265413,184.81789031099623,221589100
2016-09-12,184.28128051757807,184.68163379603857,180.8484740642897,180.9166206859041,168110900
2016-09-13,181.6321258544922,183.26760564649985,181.010305854894,183.0035456328748,182828800
2016-09-14,181.5640106201172,182.8843239140845,181.0103371408601,181.6832639693868,134185500
2016-09-15,183.3783569335937,183.76167029972945,181.2232704331191,181.40215693605649,134427900
2016-09-16,182.66949462890625,182.94345806111463,181.98461217497623,182.76366792581595,155236400
2016-09-19,182.7037353515625,183.96222703135763,182.3784070616497,183.32013997282112,80250500
2016-09-20,182.7122344970703,183.71388842659687,182.677995612538,183.5597938512653,69665300
2016-09-21,184.7669677734375,184.94674482420385,182.72940744279296,183.4143028791124,110284400
2016-09-22,185.9312744140625,186.23092025195749,185.52891189540333,185.7771797979753,76678700
2016-09-23,184.9124755859375,185.67441820469017,184.81830231560664,185.5374365272468,73630900
2016-09-26,183.41427612304688,184.26182250818067,183.2173600593985,184.0820454836398,89827300
2016-09-27,184.552978515625,184.64713875839672,182.88354144774857,183.25167821266945,78494800
2016-09-28,185.468994140625,185.623101833831,183.81669631342595,184.775542179436,87411000
2016-09-29,183.79098510742188,185.6658813242369,183.2430713646201,185.2635057405692,128070600
2016-09-30,185.1779022216797,185.87991058216204,184.37315105327025,184.62141895723136,117202900
2016-10-03,184.73277282714844,184.9553583607444,184.09924206696272,184.76702479434653,83512100
2016-10-04,183.79098510742188,185.0666027091873,183.2002760132762,184.8440172416814,119948100
2016-10-05,184.6043243408203,185.0323824036144,184.3474868904848,184.4159777481273,72816000
2016-10-06,184.73277282714844,184.9553583607444,183.84241762946647,184.3817620115064,62927400
2016-10-07,184.09915161132807,185.1778659719861,183.3714609571374,185.00664541001723,89788300
2016-10-10,185.0580596923828,185.52035663948527,184.9125215226784,185.0580596923828,51855000
2016-10-11,182.72080993652344,184.698448635116,181.9931192608132,184.62995779564463,130367400
2016-10-12,182.9605712890625,183.48280261492656,182.3612795887013,182.85782847749783,73866100
2016-10-13,182.3612670898437,182.8578159446073,180.8202687182321,181.63357631731463,101357000
2016-10-14,182.4555053710937,183.79961425969964,182.3784580377248,183.33730413288936,93346200
2016-10-17,181.82188415527344,182.6865564407869,181.64209408312584,182.42971907912928,58275700
2016-10-18,182.9605712890625,183.47423309370768,182.58387812767933,183.4143117616483,76869700
2016-10-19,183.4485626220703,183.75676495027773,182.866409926176,183.22597713186872,66519200
2016-10-20,183.1060943603516,183.6625645353384,182.44688138226903,183.09752483983908,73639800
2016-10-21,183.19171142578125,183.2773282573629,182.14724878429809,183.106107657494,89089100
2016-10-24,183.97080993652344,184.33894669592,183.61979915887235,184.06498324117868,60146600
2016-10-25,183.3544006347656,184.0478526501801,183.1917364704988,183.7910151836165,66542300
2016-10-26,182.9862518310547,183.56840448294915,182.29278684752947,182.532511363168,75705500
2016-10-27,182.498275756836,183.73964154554864,182.421228439528,183.7054026478436,77220200
2016-10-28,181.9589080810547,183.1489089240173,181.24834322181863,182.4725829605429,140623200
2016-10-31,181.9674530029297,182.51536670410897,181.8047888776386,182.2927681902188,61272500
2016-11-01,180.6490020751953,182.3441208756771,179.44188864631383,182.29274295115147,122781800
2016-11-02,179.56179809570312,180.7261165309572,179.12517051792338,180.340853829788,103330800
2016-11-03,178.73985290527344,179.98978770172488,178.46590264643558,179.77575875504616,88939300
2016-11-04,178.5430450439453,179.6902376740761,178.39750685026877,178.85124741387716,109122100
2016-11-07,182.4811553955078,182.5154073575632,178.54302887338312,178.54302887338312,109794900
2016-11-08,183.3030242919922,183.8680640704405,181.8219470514796,182.08734096045808,106772100
2016-11-09,185.2463836669922,185.8627882300816,181.7876677226245,181.81335015747885,258429000
2016-11-10,185.7086639404297,186.8986645476055,184.25326948797823,186.0339921705313,172113300
2016-11-11,185.28057861328125,185.52028999059416,184.33885907763485,184.98950237844275,100552700
2016-11-14,185.4261169433593,186.0082824769944,184.6813003818036,185.80280998336607,94580000
2016-11-15,186.8730316162109,186.8730316162109,185.6059833757356,185.81144289060984,91652600
2016-11-16,186.52203369140625,186.7531887248366,186.13678401122007,186.25663975757348,65617700
2016-11-17,187.48085021972656,187.54077154766955,186.5647998162659,186.676099078109,69797200
2016-11-18,187.06134033203125,187.7205532897792,186.88155022962977,187.54933270762592,86265800
2016-11-21,188.47393798828125,188.49962042401,187.48940978323023,187.63494794012425,72402600
2016-11-22,188.842041015625,189.02181803368472,188.11433729755825,188.7821066340774,67429000
2016-11-23,188.9448089599609,188.9961738326538,188.13150132797097,188.32840436105832,56620200
2016-11-25,189.64686584472656,189.68110474515828,189.21023821861823,189.2872986053587,37872300
2016-11-28,188.75645446777344,189.6125704788652,188.6537247266964,189.33862014822847,76572500
2016-11-29,189.12457275390625,189.57831315059707,188.4910422645208,188.79068806458108,69886700
2016-11-30,188.6708526611328,189.9036618200159,188.610918269354,189.7409976860947,113291800
2016-12-01,187.9774475097656,188.9705324117264,187.6178671962816,188.9705324117264,79040500
2016-12-02,188.0715789794922,188.55957142791647,187.7120117843193,188.0630225212601,74840300
2016-12-05,189.20166015625,189.54410137465365,188.70511124525808,188.90201429267543,67837800
2016-12-06,189.80096435546875,189.8352163198944,188.9106092298559,189.3900322254395,59877400
2016-12-07,192.28372192382807,192.3436432705789,189.52702645414632,189.6468822109456,110738100
2016-12-08,192.7545166015625,193.2253830250353,191.9925738665952,192.2579808058571,99714400
2016-12-09,193.9188995361328,193.93602551995568,192.9429274709981,192.97717943864387,88005800
2016-12-12,193.6962280273437,194.3040760819301,193.276726521317,193.82464019077423,102016100
2016-12-13,194.98898315429688,195.48553202149307,194.3383396713988,194.3554656497969,110477500
2016-12-14,193.3794708251953,195.3913354266373,192.942843339538,194.68932715558245,142501800
2016-12-15,194.1757049560547,195.0318211195668,193.38807965321905,193.61923467509013,124972600
2016-12-16,193.79591369628903,194.691529641135,193.4772879233699,194.63124198664173,156420200
2016-12-19,194.21788024902344,194.6398543930744,193.8303599462736,193.97675592107728,90341100
2016-12-20,194.9670867919922,195.11349590689724,194.5192919779791,194.75179627515465,89838800
2016-12-21,194.424545288086,195.0101291313163,194.424545288086,194.8378993621479,67909000
2016-12-22,194.0886993408203,194.3987181921437,193.69255903179445,194.27815603553404,56219100
2016-12-23,194.37286376953125,194.3814706582729,193.9422828072615,194.13172634159508,36697800
2016-12-27,194.8551788330078,195.2513060949005,194.62266135476224,194.63988827841183,42672500
2016-12-28,193.2447509765625,195.1306978925096,193.1328088499708,195.11348411321208,64095000
2016-12-29,193.2017059326172,193.66672764527488,192.7625048892457,193.31364806068328,48696100
2016-12-30,192.4955444335937,193.6150576827328,191.80661219256285,193.5289362249953,108998300
2017-01-03,193.9681701660156,194.4762526881001,192.79698909968164,193.79592722132304,91366500
2017-01-04,195.12208557128903,195.2684815329796,194.2867573884805,194.2953642778897,78744400
2017-01-05,194.9670867919922,195.12210279706625,194.1748192668648,194.8551446586341,78379000
2017-01-06,195.66461181640625,196.1296334861943,194.5364786276664,195.0790148593262,71559900
2017-01-09,195.018798828125,195.5441082990617,194.9843449813432,195.4063191925194,46939700
2017-01-10,195.018798828125,195.87134100173407,194.63126532343816,195.03601261122344,63771900
2017-01-11,195.5699005126953,195.5699005126953,194.2695374492885,194.9326358857143,74650000
2017-01-12,195.0790405273437,195.26849723189008,193.7270229252161,195.05320671675017,72113200
2017-01-13,195.52687072753903,195.8282695988576,195.21685182484828,195.25129252946203,62717900
2017-01-17,194.837890625,195.29430540595925,194.4503703766765,194.88955823940464,61240800
2017-01-18,195.2685089111328,195.3115696447944,194.53651585975967,195.0876590858708,54793300
2017-01-19,194.545166015625,195.48382970945823,194.11458489291687,195.3460405965213,66608800
2017-01-20,195.2598876953125,195.75074323022767,194.5967892383877,195.2254338547945,129168600
2017-01-23,194.75184631347656,195.32021657763096,193.9940324348977,195.25994205038083,75061600
2017-01-24,196.0005340576172,196.4138882598145,194.8551866841828,194.9671288416841,95555300
2017-01-25,197.69699096679688,197.69699096679688,196.7841480966616,196.94777099923576,84437700
2017-01-26,197.4903259277344,197.8175717636981,197.2147477205455,197.5506004478744,59970700
2017-01-27,197.1802520751953,197.71416827749547,196.99940228458053,197.5677723233257,59711100
2017-01-30,195.95741271972656,196.5171627550176,194.97568858040952,196.4913289466373,79737300
2017-01-31,195.940185546875,196.00047319321024,194.8981869027836,195.4665438267021,75880800
2017-02-01,196.01773071289065,196.8530590766096,195.43214673930603,195.940229270556,79117700
2017-02-02,196.1469116210937,196.4310967147256,195.32881018564632,196.0177294111019,69657600
2017-02-03,197.49891662597656,197.6797664521528,196.74110289892536,197.051121786448,80563200
2017-02-06,197.1458282470703,197.4903009625108,196.80997556219745,197.09416062482688,57790100
2017-02-07,197.1544647216797,197.77450252089744,196.9650079974581,197.5333781701229,57931200
2017-02-08,197.41281127929688,197.5419803425937,196.61192366598257,197.1544600124119,51566200
2017-02-09,198.583984375,198.8853832240936,197.4128034001183,197.4128034001183,65955200
2017-02-10,199.3676300048828,199.59154055725963,198.6011962731644,198.92844207107467,66015900
2017-02-13,200.4527282714844,200.71107955863835,199.83269043843177,199.858524253118,55182100
2017-02-14,201.25357055664065,201.26219058701625,199.92738676753208,200.2718463350098,71109000
2017-02-15,202.3041381835937,202.4935948399048,200.9865616176132,201.03822922564584,86785800
2017-02-16,202.1319732666016,202.51088670074023,201.38276642928537,202.3300368743409,84722400
2017-02-17,202.4505615234375,202.4505615234375,201.45161049863185,201.4688374170702,77204100
2017-02-21,203.65625,203.828479809059,202.8123015971143,202.8209216287572,88946100
2017-02-22,203.4753875732422,203.6992849971404,203.08786724175664,203.251490149344,62115200
2017-02-23,203.6131896972656,204.00931694491763,202.85536276743795,203.99210316217943,74615900
2017-02-24,203.87147521972656,203.91452280297844,202.7261283030649,202.76918902660472,82381600
2017-02-27,204.19012451171875,204.36235428548795,203.53564611528,203.785377316202,56515400
2017-02-28,203.63894653320312,204.05230054763163,203.2514263234084,203.8111762775244,96961900
2017-03-01,206.48944091796875,206.95447579618843,205.2751992407501,205.29242616150023,149158200
2017-03-02,205.18907165527344,206.30858487370685,205.1374040381639,206.2999648439958,70246000
2017-03-03,205.31825256347656,205.48187545397204,204.7240486517993,205.1029620528857,81974300
2017-03-06,204.70681762695312,205.05988404795863,204.10399373585008,204.5259678315645,55391500
2017-03-07,204.0953826904297,204.7584810729663,203.88869909137853,204.4054015188621,65103700
2017-03-08,203.71649169921875,204.6465482866462,203.578702618054,204.38819704453468,78168800
2017-03-09,203.97482299804688,204.3020687487449,203.01032580477525,203.83703393035407,90683900
2017-03-10,204.68960571289065,204.9737907605969,203.7423222205364,204.9307300308917,81991700
2017-03-13,204.79296875,204.8360294855501,204.3021131575452,204.6293458390845,57256800
2017-03-14,204.00929260253903,204.3020976979482,203.3978748809851,204.25041693502385,59880800
2017-03-15,205.7747039794922,206.1966781857777,204.34517158134187,204.57768905340063,96081800
2017-03-16,205.36993408203125,205.9899718457173,205.0427014191847,205.9124704103293,78344000
2017-03-17,205.0093231201172,205.8223394692561,205.0093231201172,205.6320584855232,89002100
2017-03-20,204.784423828125,205.29471676192333,204.39521757687984,205.0092953250212,52537000
2017-03-21,202.1550750732422,205.5109245264884,202.02534406755785,205.389837855364,131809300
2017-03-22,202.6307678222656,202.9161892187049,201.566934033688,202.18966922638143,97569200
2017-03-23,202.41455078125,203.5475788918785,202.04264643239952,202.63077792289533,100410300
2017-03-24,202.2674865722656,203.2880721879376,201.4890742619211,202.71724265249745,112504900
2017-03-27,202.0599365234375,202.3194117347293,200.3214750434601,200.5982389240359,87454500
2017-03-28,203.5303192138672,203.9541160254856,201.64481140746744,201.75725376032585,93483900
2017-03-29,203.72056579589844,203.9540948131394,203.01999194163344,203.2448766239609,61950400
2017-03-30,204.36924743652344,204.56818591683856,203.4870501660482,203.66002924668305,56737900
2017-03-31,203.89356994628903,204.5595401047632,203.84166434141247,204.03194530025047,73733100
2017-04-03,203.53895568847656,204.14438910844743,202.3107869801188,203.9454638127696,85546500
2017-04-04,203.66864013671875,203.75513626156143,202.872925938498,203.25348777187656,56466200
2017-04-05,203.0632476806641,205.3206597393664,202.85566485778097,204.34330876146385,108800600
2017-04-06,203.63406372070312,204.15300091336343,202.76049767058808,203.2016094614245,69135800
2017-04-07,203.42648315429688,204.1184126162161,202.94213649019045,203.3832350884037,74412300
2017-04-10,203.547592163086,204.34330651252617,203.01999737517409,203.56489403083373,67615300
2017-04-11,203.3053436279297,203.4091284011232,201.8177002907075,203.1669551320361,88045300
2017-04-12,202.41455078125,203.21892261084847,202.18967930502347,203.02864167040403,81864400
2017-04-13,201.099853515625,202.81238170244328,201.099853515625,202.07720426085868,92880400
2017-04-17,202.881591796875,202.881591796875,201.41989433024537,201.61881958860167,68405400
2017-04-18,202.2761688232422,202.81242112623795,201.59289684029733,202.1464378130178,83225800
2017-04-19,201.9042510986328,203.2102582391283,201.6793664325181,202.83835390279543,68699900
2017-04-20,203.547592163086,203.98870400717547,202.19833682284133,202.5183487901547,92572200
2017-04-21,202.8989105224609,203.521645786266,202.50105994681,203.46975338052528,110389800
2017-04-24,205.13037109375,205.3379539088505,202.87295911968167,205.1390154286658,119209900
2017-04-25,206.323959350586,206.6699175286741,205.6839222039184,205.77041834716968,76698300
2017-04-26,206.19415283203125,207.1715035261288,206.150917970928,206.28929328187664,84702500
2017-04-27,206.3671722412109,206.66988229606807,205.8309199998972,206.5142051017056,57410300
2017-04-28,205.9174346923828,206.65259906113272,205.7876904879276,206.6266528597332,63532800
2017-05-01,206.436279296875,206.86008905868115,206.02112706328933,206.436279296875,66882500
2017-05-02,206.51417541503903,206.6957987823536,206.1076674249198,206.5747121383258,57375700
2017-05-03,206.2633819580078,206.6093532875072,205.588754362305,206.51421282157696,73137700
2017-05-04,206.50552368164065,206.64391219225823,205.6579171496534,206.56607360408137,61462700
2017-05-05,207.3185577392578,207.33585960395547,206.4363474040606,206.8774591703872,62001300
2017-05-08,207.2839508056641,207.5088222391165,206.86014093756967,207.3617893944605,48385700
2017-05-09,207.0937042236328,207.7423856326874,206.7477328869961,207.543460362532,51363200
2017-05-10,207.465560913086,207.465560913086,206.8428258476256,207.0504086019304,54293800
2017-05-11,207.0418243408203,207.2061590859768,205.9606885936942,207.0158781386859,62358300
2017-05-12,206.6958770751953,207.085083350034,206.42775749025,206.79101755993003,53912700
2017-05-15,207.8375396728516,207.95862634921733,207.1023620822648,207.11966394959072,61918900
2017-05-16,207.647201538086,208.15749430527327,207.2579954139169,208.1315481101589,51241800
2017-05-17,203.96270751953125,207.64721259393744,203.9021575960711,207.64721259393744,172174100
2017-05-18,204.784423828125,205.63203060599696,203.62543621230657,203.8849114456229,107047700
2017-05-19,206.1163330078125,206.7823162173544,205.21683401621968,205.268726412231,115011400
2017-05-22,207.1629333496093,207.32726811248173,206.5574999054421,206.6266809869533,61010600
2017-05-23,207.6212921142578,207.78562684405628,207.15423412457204,207.5347959835881,48341700
2017-05-24,208.10565185546875,208.20943666083195,207.5175071643434,207.85483417668863,46927700
2017-05-25,209.100326538086,209.37710366213088,208.4084101228929,208.61597976846696,64071700
2017-05-26,209.0570831298828,209.2214046934374,208.8321984264076,208.9100370403217,46629900
2017-05-30,208.8754119873047,209.12622965651605,208.58134625168944,208.73702345379505,35201900
2017-05-31,208.823471069336,209.20403284934065,208.13154176000504,209.16942912527443,91796000
2017-06-01,210.4840850830078,210.5013869443496,208.9964417464966,209.2818630700956,68962000
2017-06-02,211.18472290039065,211.3404133048924,210.24197573118028,210.53604147612447,88666100
2017-06-05,211.029052734375,211.29717228709103,210.8301142554598,211.0117508671959,44698800
2017-06-06,210.3544311523437,211.0204012871789,210.2765793465217,210.4668602986055,50375400
2017-06-07,210.7435760498047,210.96844747433232,210.02570052088976,210.69168365933325,54144300
2017-06-08,210.84738159179688,211.32308388038217,210.31978690763057,210.838737258352,65950700
2017-06-09,210.5273895263672,211.91123526293748,209.2646172592581,211.1155209949817,132256400
2017-06-12,210.4840850830078,210.53597746957973,209.6364786416084,210.28515986866427,86108100
2017-06-13,211.513412475586,211.56530488286464,210.6744500313574,211.0204082115211,60067000
2017-06-14,211.24526977539065,211.79015318961183,210.42359609192093,211.7815088551648,78602300
2017-06-15,210.83876037597656,210.9598470447608,209.6192361562844,209.89600002888105,66464900
2017-06-16,210.8848114013672,211.04994752534736,210.0069985855648,210.9978020676305,84553100
2017-06-19,212.6404724121093,212.70130436516789,211.61489634368257,211.71050078004595,65123800
2017-06-20,211.2063446044922,212.29275231085583,211.1889716296956,212.28406582345752,56906400
2017-06-21,211.1542205810547,211.7104608526788,210.68489823948383,211.59748345778647,55977600
2017-06-22,211.05865478515625,211.6583541315483,210.88483215505545,211.16295897267003,44148100
2017-06-23,211.3106689453125,211.64092790155848,210.73704243872845,211.11946010978448,66986800
2017-06-26,211.44976806640625,212.3971259753546,211.24118620608647,211.97993573108084,56700500
2017-06-27,209.7462615966797,211.5279732492118,209.72887535654044,211.2324602141064,82247700
2017-06-28,211.62356567382807,211.8234610077372,210.52845805803364,210.76312587024884,70042600
2017-06-29,209.7636566162109,211.82348188810505,208.555571481372,211.77133642732028,106949700
2017-06-30,210.15475463867188,210.94566280210128,209.96354578022047,210.57193157446784,86820700
2017-07-03,210.5111083984375,211.52798468158704,210.5111083984375,211.09342148732745,39153800
2017-07-05,210.99783325195312,211.2064151136477,210.0678615791739,210.8761560786922,54427600
2017-07-06,209.06837463378903,210.3546780937602,208.88585224021853,210.23300091865235,65400800
2017-07-07,210.4241943359375,210.57194423329287,209.07704575652247,209.6419858765696,57972300
2017-07-10,210.6501007080078,211.02383184860827,210.119933226095,210.42413268328576,36663300
2017-07-11,210.4937438964844,210.80662995913784,209.32911759842565,210.6501802969023,50354600
2017-07-12,212.0755157470703,212.24065187535007,211.4584434656008,211.4584434656008,59610400
2017-07-13,212.4318389892578,212.54482964689768,211.85821247452137,212.0841937898011,39471600
2017-07-14,213.42266845703125,213.77901345016744,212.33626049879845,212.4318649295956,60262700
2017-07-17,213.3965759277344,213.7268481601751,213.22275332290783,213.34443047246788,33531900
2017-07-18,213.50958251953125,213.5617279786885,212.64914265798896,212.988101404327,42742500
2017-07-19,214.66552734375,214.6742138332142,213.813773950884,213.82247370216416,51034300
2017-07-20,214.76112365722656,215.03923718954388,214.21356981991232,214.91756003256464,47135200
2017-07-21,214.5699005126953,214.59597324018205,213.9615015064993,214.1874828271371,82340800
2017-07-24,214.5177459716797,214.6567960917812,214.0484103731684,214.4916599834833,46622300
2017-07-25,215.039291381836,215.36956371764705,214.8133232510181,215.2652595126537,54915600
2017-07-26,215.04791259765625,215.36079859402545,214.7871853188609,215.32603937745765,47575400
2017-07-27,214.8480224609375,215.5433261654472,213.5269467485508,215.5085669480385,70766600
2017-07-28,214.59597778320312,214.7263414233966,213.9180603305673,214.36999645778127,50088400
2017-07-31,214.4742584228516,215.091330547413,214.265663377779,214.9957261428146,65838700
2017-08-01,214.9523468017578,215.10878318749505,214.430865659001,215.0740239668256,55050400
2017-08-02,215.0565948486328,215.19565822721768,214.12662342388683,215.0826675743908,47211200
2017-08-03,214.6394500732422,214.9697090695032,214.3613232744796,214.9436363398461,40856000
2017-08-04,215.03057861328125,215.3608376469152,214.6481608526152,215.12618305344776,60191800
2017-08-07,215.4303131103516,215.4303131103516,214.99574999792543,215.10005416294103,31995000
2017-08-08,214.90020751953125,216.3342741609409,214.52648950080533,215.11748913836743,61719400
2017-08-09,214.89146423339844,214.9436096862463,213.85720187920185,214.2135468227478,62632600
2017-08-10,211.8582763671875,214.18754234381817,211.80613089772427,214.05716540834183,120479500
2017-08-11,212.17111206054688,212.76212485168887,211.84953956734344,212.0842073860186,74869900
2017-08-14,214.2743988037109,214.491680385441,213.4139722276217,213.4487314454998,73291900
2017-08-15,214.2483367919922,214.67421348773985,213.94415051944327,214.65682724702344,55242700
2017-08-16,214.6220245361328,215.16957828230625,214.1961479266853,214.769774397742,56715500
2017-08-17,211.27590942382807,214.3265512292941,211.27590942382807,214.01366523031848,128490400
2017-08-18,210.9456329345703,212.2319360405409,210.502370070096,211.1107557782028,136748000
2017-08-21,211.1107482910156,211.3714888029037,210.18079015485125,210.8847802536797,65469700
2017-08-22,213.31837463378903,213.47481101197403,211.6757263537684,211.6931125941719,63140100
2017-08-23,212.55352783203125,212.9794044973437,212.2058826134437,212.35363249443407,50203800
2017-08-24,212.0581512451172,213.0924005023404,211.8495561386653,212.9359641188636,50741700
2017-08-25,212.55352783203125,213.4661131080924,212.4057779510408,212.84902759401217,64445900
2017-08-28,212.562240600586,213.10978119030355,212.1450503985529,213.08370846040347,40565600
2017-08-29,212.8055725097656,213.06629978130863,211.136838401004,211.24982905988216,51135700
2017-08-30,213.81375122070312,214.08319150724105,212.60566622281107,212.78818857668327,62030800
2017-08-31,215.1000518798828,215.34340615931345,213.8485080074892,214.4308209805419,103803900
2017-09-01,215.404296875,215.83017361111808,215.25654696944488,215.47382858264075,62007000
2017-09-05,213.857177734375,215.1261077449369,212.8924471801666,214.90012645902428,91398800
2017-09-06,214.58726501464844,214.91753723218903,214.0049520207523,214.5351195617345,57916900
2017-09-07,214.56118774414065,214.90884619256107,214.15269735588024,214.89145995468647,58034700
2017-09-08,214.3091278076172,214.7697636064929,214.0657735463928,214.274355334978,63832800
2017-09-11,216.594955444336,216.67317362286173,215.56069310000328,215.5780660762442,71364800
2017-09-12,217.32508850097656,217.3598477265002,216.77753455079755,216.96005695479656,56896000
2017-09-13,217.42935180664065,217.46412428956327,216.92525689879432,217.03824757556816,59228000
2017-09-14,217.35975646972656,217.55966503346653,216.93389314222105,217.1077157204976,95446300
2017-09-15,217.6524353027344,217.7397712738789,217.1109069676905,217.21571546411664,95432400
2017-09-18,218.1153564453125,218.4647269838403,217.73104085635288,218.0192775480726,46235200
2017-09-19,218.3337554931641,218.4211048072665,218.01058702072663,218.359957621868,47108100
2017-09-20,218.41232299804688,218.525874420639,217.4166023016523,218.4210659244812,59574100
2017-09-21,217.8271484375,218.3424747143588,217.6524631452332,218.25513873204213,48211400
2017-09-22,217.8707733154297,218.0367289698389,217.50393028719216,217.5301324086641,51214000
2017-09-25,217.4253387451172,217.9668804234547,216.6829229945747,217.6174965458769,57064400
2017-09-26,217.55633544921875,218.0978637321004,217.32050302734456,217.85330171224217,54082000
2017-09-27,218.4035797119141,218.78789527725007,217.37291402963743,218.25509657578533,81001400
2017-09-28,218.6655731201172,218.744179472519,218.036695645646,218.12403159466072,44778800
2017-09-29,219.4342193603516,219.5128390506221,218.4734438302756,218.65685867643668,85578000
2017-10-02,220.38626098632807,220.38626098632807,219.4866060401173,219.6613046021802,59023000
2017-10-03,220.85792541503903,220.8841275353606,220.30765423302748,220.3862739216219,66810200
2017-10-04,221.11997985839844,221.3645418885094,220.5959107495144,220.70946216621985,55953600
2017-10-05,222.4301147460937,222.44757394086625,221.15488716333428,221.4518534060216,63522800
2017-10-06,222.1768341064453,222.4650707832565,221.7226550953771,221.9846763219045,80646000
2017-10-09,221.8099975585937,222.465077299362,221.54796299676016,222.40394345392528,35803100
2017-10-10,222.3952178955078,222.77080390658108,221.83621700616936,222.37775869695184,43057400
2017-10-11,222.7445526123047,222.7445526123047,222.1331476069953,222.29908992244185,47674300
2017-10-12,222.4126892089844,222.7795322911469,222.1768567534397,222.43016173507755,47065100
2017-10-13,222.68345642089844,222.9629635316653,222.4126922371134,222.84941210196223,54800400
2017-10-16,222.9803466796875,223.1725044208934,222.56984240816,222.9104832534563,38221700
2017-10-17,223.13758850097656,223.1812631411833,222.70959835115696,222.92795822456165,31561000
2017-10-18,223.35598754882807,223.556874935858,223.1638297603191,223.5132002879912,40888300
2017-10-19,223.4170837402344,223.4520287836909,222.1593420560092,222.57858928408425,61903800
2017-10-20,224.57003784179688,224.59626661827303,223.3996453296988,224.2119510702714,89176400
2017-10-23,223.6966094970703,224.9194462959128,223.6180031294753,224.8932441733812,63915300
2017-10-24,224.0896453857422,224.32546446473933,223.7315319770921,224.1245904306801,66935900
2017-10-25,222.9803466796875,223.87125863185784,221.8536156768237,223.75770724088304,103715300
2017-10-26,223.26861572265625,223.86254822529017,223.1463347175475,223.5917974221529,69798000
2017-10-27,225.0940704345703,225.2513097916364,223.27732812917105,224.0110140595393,85562500
2017-10-30,224.255615234375,224.99804421858872,223.95864897174167,224.0110532148381,54285700
2017-10-31,224.6049652099609,224.85827013194745,224.307998974472,224.6311673291141,60304800
2017-11-01,224.90196228027344,225.7229976666513,224.5351325618353,225.3823700709588,54202700
2017-11-02,224.9893035888672,225.12905712363727,223.7664934787048,224.83209085797367,56449500
2017-11-03,225.740463256836,225.7841245724056,224.73598644613577,225.14650410247785,59589700
2017-11-06,226.08984375,226.22085435776503,225.53957254212585,225.6094359811802,49652600
2017-11-07,225.9326171875,226.5265496765108,225.4260073281454,226.1946383869873,57502200
2017-11-08,226.31695556640625,226.41304779741048,225.47846088937456,225.75796800014007,50469600
2017-11-09,225.4958953857422,225.68805314872068,223.9149453122204,225.1115798597852,95085500
2017-11-10,225.42605590820312,225.60075451568235,224.79717823864905,225.11163040105865,59984700
2017-11-13,225.6356201171875,225.8627229227184,224.7097763557661,224.7447214001383,50228600
2017-11-14,225.11160278320312,225.2164112727262,224.0547216515681,224.83209570763373,61315200
2017-11-15,223.98487854003903,224.6661604390365,223.27739451628267,224.14209128859287,80811500
2017-11-16,225.8889312744141,226.2557876122964,224.8844811268868,224.9281424421125,67777000
2017-11-17,225.22511291503903,225.8627333919068,225.1465065530022,225.53956501844647,75756800
2017-11-20,225.6094665527344,225.80162435524875,225.22515094770569,225.46973965569177,48075500
2017-11-21,227.0855255126953,227.2689669982189,225.57449224745827,226.3780416549843,69176800
2017-11-22,226.8846893310547,227.22531692979047,226.7187336670959,227.0943063148921,45033400
2017-11-24,227.40869140625,227.513526534814,227.2340195024921,227.37377301865305,27856500
2017-11-27,227.29522705078125,227.74940610752608,227.0943263200644,227.4524398025085,52274900
2017-11-28,229.6009979248047,229.6272000391237,227.66196149943977,227.75805368877843,98971700
2017-11-29,229.46131896972656,230.2648951619701,229.01588288160568,229.732083124064,77512100
2017-11-30,231.47024536132807,232.378603386644,230.29983945330548,230.37844582153883,127894400
2017-12-01,230.9898223876953,231.7322513570046,227.7581119554968,231.25187025317769,164390900
2017-12-04,230.7103576660156,233.0336836352884,230.65792676514644,232.60570674441112,94040600
2017-12-05,229.88058471679688,231.5925189755216,229.74957409972205,229.88058471679688,77994500
2017-12-06,229.9242706298828,230.35227423179,229.46134862986275,229.97667488231787,75898600
2017-12-07,230.6491851806641,230.9636106197974,229.6621942379521,230.6491851806641,77218600
2017-12-08,231.9069366455078,231.91565291517543,230.61423655354508,231.60122748092607,76563900
2017-12-11,232.605712890625,232.6668600638696,231.8807697037324,232.605712890625,83077500
2017-12-12,233.0161895751953,233.4878543703505,232.64061698611724,233.39176216427344,85195800
2017-12-13,232.989990234375,233.6974741079144,232.9026409519702,233.2607543511489,102905400
2017-12-14,232.03797912597656,233.4005428387963,231.9855748797345,233.28699142018425,100666700
2017-12-15,233.97027587890625,234.4355640709581,232.9870273818541,233.0396994948025,144610300
2017-12-18,235.4539031982422,235.80505949912268,235.26076321403167,235.3661074251449,83653600
2017-12-19,234.54962158203125,235.74355815250783,234.479374259354,235.6996736694623,82382900
2017-12-20,234.42677307128903,235.56803789071336,234.128288838386,235.51536577852528,76751500
2017-12-21,234.9096069335937,235.6207340227915,234.66379481577025,235.05007482828023,67032300
2017-12-22,234.84814453125,234.96227635583207,234.31260907548216,234.9271526886896,78720900
2017-12-26,234.5672302246093,234.7867062791785,234.30386967573068,234.44431077412565,45244400
2017-12-27,234.681381225586,235.04132519945648,234.4092330390153,234.7340533396633,57751000
2017-12-28,235.1641540527344,235.20806533022463,234.795449354247,235.1817292803327,45116100
2017-12-29,234.2774810791016,235.7611411882356,234.08436789215665,235.7435927507426,96007400
2018-01-02,235.9542999267578,235.98942359604385,234.751575470931,235.1378554585482,86655700
2018-01-03,237.4467163085937,237.5959717896516,236.1210725816616,236.1210725816616,90070400
2018-01-04,238.447494506836,238.93035778564,237.50815758078863,238.08757744045107,80636400
2018-01-05,240.0365447998047,240.15943743914383,238.7460247334587,239.237648873828,83524000
2018-01-08,240.47555541992188,240.6335717624972,239.65032324223404,239.9400198702887,57319200
2018-01-09,241.0198211669922,241.6431256333976,240.6159659541577,240.8969017218228,57254000
2018-01-10,240.65106201171875,240.9144493105008,239.59759319110952,240.2647820733768,69574300
2018-01-11,242.40689086914065,242.40689086914065,241.0373625313552,241.2041664640413,62361500
2018-01-12,243.98712158203125,244.1538987144319,242.3717544461334,242.6702654195001,90816100
2018-01-16,243.1531219482422,245.89217870480007,242.4595701440145,245.24253818450373,106555100
2018-01-17,245.47071838378903,245.8569982773587,243.1530658138744,244.08364188706403,113258800
2018-01-18,245.05813598632807,245.777996906449,244.56648509700813,245.3566201320376,100728000
2018-01-19,246.17315673828125,246.17315673828125,245.05822788255017,245.63762116463693,140920100
2018-01-22,248.1747436523437,248.1747436523437,245.9097357837922,245.9624346846633,91322400
2018-01-23,248.7014923095703,248.9911889119536,247.89380864434813,248.21862891691765,97084700
2018-01-24,248.6049194335937,249.9393510420321,247.4285309519257,249.34235578964623,134816100
2018-01-25,248.71026611328125,249.56183431704545,247.92015763767293,249.46527770838205,84587300
2018-01-26,251.5897827148437,251.63369400129736,249.2896779164197,249.5442776450157,107743100
2018-01-29,249.9216461181641,251.4579777605668,249.7636298649049,251.01902586273744,90118300
2018-01-30,247.3582763671875,249.9744135293456,246.88420063512552,248.0957126217795,131796400
2018-01-31,247.48123168945312,248.7102924250376,246.41018730740493,248.209907305506,108364800
2018-02-01,247.20025634765625,248.4995642269957,246.4101479147717,246.75254341754425,90102500
2018-02-02,241.8187561035156,246.01513768914108,241.78363242902748,245.8834306076889,173174800
2018-02-05,231.70523071289065,242.16985973581023,231.1609344386689,240.0628951810938,294681800
2018-02-06,236.2704315185547,236.77084349053283,227.11389443412503,228.2024873908344,355026800
2018-02-07,234.9886016845703,239.1059472557349,234.9095667392294,235.7172502975997,167376100
2018-02-08,226.1743927001953,235.42750758014463,226.13926904154133,235.28703973703043,246449500
2018-02-09,229.5719451904297,231.4243101674145,222.0395256489663,228.9574015421497,283565300
2018-02-12,232.94302368164065,234.40913502110865,229.7123436754076,231.61738018481336,143736000
2018-02-13,233.52249145507807,234.06678771243008,231.16092727411035,231.74034719721283,81223600
2018-02-14,236.6741943359375,237.0341382794172,232.0300735324697,232.03886114791155,120735700
2018-02-15,239.69415283203125,239.7029404462211,235.9542728320571,238.41242036112484,111200300
2018-02-16,239.7644195556641,241.70460725988548,239.02698319234705,239.07089448024809,160420100
2018-02-20,238.26321411132807,240.2560739557444,237.47310562466865,238.81629808944345,86369700
2018-02-21,237.0780487060547,241.1778736307909,236.9814920916745,238.7021770413317,98883700
2018-02-22,237.3852386474609,239.71167891273728,236.71804981892203,237.99978217029056,110511300
2018-02-23,241.16909790039065,241.16909790039065,238.1315563332114,238.6056321866141,92766400
2018-02-26,243.96951293945312,244.06609630972784,241.6518603424057,242.2400410112022,86491400
2018-02-27,240.9231719970703,244.86497890871945,240.8617122912657,244.1538520686274,99099200
2018-02-28,238.482650756836,242.4683429952986,238.166618131019,242.02060331721685,121907800
2018-03-01,235.0149383544922,239.81707485453967,233.52249066745827,238.2719550648111,176855100
2018-03-02,236.2264404296875,236.788311954022,232.4865869129333,233.3469158462457,139083200
2018-03-05,238.95672607421875,239.57126967870028,234.93591017599843,235.0412811759298,97307400
2018-03-06,239.5624084472656,240.01014798698463,238.06996117586863,239.9311130634464,79213200
2018-03-07,239.47467041015625,239.8258266787805,237.20968970474965,237.4028296712189,87063500
2018-03-08,240.6334991455078,240.75639177769847,239.1586268101917,240.15063585578204,66901200
2018-03-09,244.8212127685547,244.8212127685547,241.72221109268125,242.03827063025145,113625300
2018-03-12,244.5137939453125,245.7340932729573,244.12751407120209,245.1107889817117,71924800
2018-03-13,242.93365478515625,246.1731234730088,242.3278987351344,245.67271164185843,91968900
2018-03-14,241.68701171875,244.0749121766224,241.1339545863704,243.8905597991625,105895100
2018-03-15,241.4236602783203,242.8370732112974,240.9232484434173,242.19622027785263,83433000
2018-03-16,241.68540954589844,242.7343016487724,241.6325264901912,241.9498248244349,100343700
2018-03-19,238.41534423828125,241.86170049075108,236.7670927477109,240.93622002883183,109208400
2018-03-20,238.8207855224609,239.4554090668735,238.14207483401023,238.811962713892,59757300
2018-03-21,238.36245727539065,240.86568740550533,238.1509250358572,238.77672584368344,78709600
2018-03-22,232.4041290283203,236.98749897543712,232.13086395702769,236.14134292192287,148785900
2018-03-23,227.45050048828125,233.17093659771976,227.2565869439136,232.84481538646813,183534800
2018-03-26,233.67330932617188,233.955370261597,228.6492300456166,231.0466941991077,141956100
2018-03-27,229.6981201171875,235.1364679392329,228.14681188586164,234.6076373138364,129941400
2018-03-28,229.0194091796875,231.49622480159888,227.91763387941825,229.8303276361625,146452300
2018-03-29,231.9457550048828,233.80556589293712,229.02825585763088,230.15647280673,111601600
2018-04-02,226.93927001953125,231.9281118003099,224.47129066036044,231.4168729983372,186286300
2018-04-03,229.847900390625,230.3238747568193,226.3839259950457,228.17320764889604,119956900
2018-04-04,232.30714416503903,233.01226968208627,226.1724660905228,226.3046737626173,123715300
2018-04-05,234.14051818847656,235.02193855166377,232.97703685335392,234.0611666848327,82652600
2018-04-06,228.9224548339844,233.67329571244264,227.4064110179125,232.1837203251605,179521200
2018-04-09,230.0506591796875,233.4353093282673,229.1163559724716,230.37678033142024,105442900
2018-04-10,233.70852661132807,234.49300338650028,231.79586011923547,232.9328726444901,103529000
2018-04-11,232.4833831787109,234.1404573346344,232.157262032902,232.2277638081548,91140200
2018-04-12,234.39602661132807,235.339152517204,233.62919547435047,233.8054902432488,68890500
2018-04-13,233.70852661132807,235.8151334939362,232.70372171705588,235.7005445808161,85079200
2018-04-16,235.63003540039065,236.39689352112617,234.51946430947865,235.33917858817293,63405300
2018-04-17,238.1509246826172,238.7502839596128,236.88167744967973,237.3928893273972,64682000
2018-04-18,238.3272857666016,239.12935469632373,237.86892992239788,238.59170113916744,57303900
2018-04-19,237.0050811767578,237.8776785328516,235.97380774780348,237.67494221124625,77655900
2018-04-20,234.9954071044922,237.154897174765,234.1139869776556,236.93454214305584,99953100
2018-04-23,234.960205078125,236.123686276615,233.8848712853652,235.56838720920783,65558000
2018-04-24,231.7958984375,236.2029995241592,230.2974733085117,235.98264446982623,112885500
2018-04-25,232.3687744140625,232.8094844434792,229.91842772645785,231.73415089575025,103840900
2018-04-26,234.7310028076172,235.5595399175105,232.9505437516809,233.3912538357174,67731900
2018-04-27,234.95135498046875,235.6388616272177,234.01705176562555,235.3391820015896,57053600
2018-04-30,233.14450073242188,236.1237057597656,233.0739720424936,235.5684066465393,82182300
2018-05-01,233.5586700439453,233.6644361350469,231.02897217068767,232.5802799036508,74203400
2018-05-02,231.9898681640625,234.17577361737307,231.6020410225751,233.36488188431167,86368900
2018-05-03,231.4785919189453,232.1308343249756,228.33191503251203,231.16129352643733,136311500
2018-05-04,234.47540283203125,235.1541136328541,230.18289056208343,230.5090117474504,91222100
2018-05-07,235.26870727539065,236.2382480408607,234.55473211897424,235.2422657435835,55304900
2018-05-08,235.26870727539065,235.6300659104845,233.7085762023337,234.89849893127885,67499200
2018-05-09,237.542724609375,237.86884575308144,235.41849887202423,235.9385335199356,59666100
2018-05-10,239.7639312744141,240.0900793681089,238.1773855538109,238.2831516820096,72063900
2018-05-11,240.4955139160156,240.7599292241508,239.3760930143519,239.88733180849408,59871500
2018-05-14,240.61007690429688,241.579617528788,240.0635738283956,240.92737523984505,54790600
2018-05-15,238.95301818847656,239.40252419286875,238.00989213222624,239.3849054726918,87036100
2018-05-16,239.95779418945312,240.4161498467052,238.9617851943398,238.98825361961767,53942600
2018-05-17,239.755111694336,240.8304453895516,238.97945763236936,239.69340582604104,56536400
2018-05-18,239.1556854248047,239.77269020666907,238.80312279179847,239.4113047657262,64368000
2018-05-21,240.9538726806641,241.49155307240963,240.24874717217347,240.6365742714875,58025900
2018-05-22,240.2839508056641,241.7294928631112,239.9578296314086,241.47387347025816,52966400
2018-05-23,240.945053100586,240.97152153385284,238.85609118238685,239.0147672879168,64694200
2018-05-24,240.451416015625,240.821624329274,238.67095692322204,240.54838622347967,76043800
2018-05-25,239.8785400390625,240.50434094850192,239.3761239897821,239.8785400390625,56374800
2018-05-29,237.11965942382807,239.0147344280484,236.0090882306861,238.25669904659816,115908600
2018-05-30,240.2839508056641,240.72466091115743,238.35366529050847,238.4241670719109,69678400
2018-05-31,238.8119506835937,240.17814100262825,238.2125915048435,239.8784614132531,93519900
2018-06-01,241.1565399169922,241.45621951714224,240.0371191971426,240.10764786706392,71258400
2018-06-04,242.3023834228516,242.55800278701213,241.7382885385191,241.9762622852021,45385200
2018-06-05,242.4787139892578,242.8577182376583,241.66779553102288,242.4346268378648,51135000
2018-06-06,244.50587463378903,244.6116407178744,242.46979681874527,243.0868015076437,62732200
2018-06-07,244.47955322265625,245.2816489527639,243.57169135650165,244.99079207863485,72969400
2018-06-08,245.2023468017578,245.25522987462327,243.8537746460549,244.02124667640103,72139700
2018-06-11,245.5284118652344,246.24236008435872,245.3080568124476,245.4226457437064,58892500
2018-06-12,245.8457489013672,246.20710753428884,245.2023024328456,245.9426922178068,72329000
2018-06-13,245.061264038086,246.33933412363743,244.85852770279948,246.083714726765,79070600
2018-06-14,245.6781616210937,246.2069920059133,245.0875984929801,245.9249581002758,77097600
2018-06-15,245.3648834228516,245.701331487401,243.78891118859391,244.8956340221906,120041600
2018-06-18,244.86021423339844,244.9841801616414,243.434768176209,243.912852991887,52917600
2018-06-19,243.92169189453125,244.14303644253,242.17749577551783,242.5936246065393,97531500
2018-06-20,244.3377227783203,245.0017561561264,244.0012748770979,244.60332532160783,53785500
2018-06-21,242.80601501464844,244.34659086014588,242.3102055759744,244.3288660104581,71061400
2018-06-22,243.248764038086,244.17842722996417,243.02741951900936,244.06332375690923,54898500
2018-06-25,239.93746948242188,242.25715582365527,238.2552564656156,242.09779424744752,137854200
2018-06-26,240.4686889648437,241.31864434566987,239.7515348904601,240.5041116530932,68547400
2018-06-27,238.47662353515625,242.4785232714504,238.32609735255744,241.05307733908927,105110700
2018-06-28,239.840072631836,240.60148478447195,237.71514369883715,238.4234623497013,76650500
2018-06-29,240.1853942871093,242.2925987023108,240.070290799281,240.9291087243102,97592500
2018-07-02,240.6988983154297,240.85828692224064,238.3792118140002,238.6182812144177,63554800
2018-07-03,239.84898376464844,241.6905858187362,239.42401945955305,241.5931801524169,42187100
2018-07-05,241.8056030273437,241.8675859798428,239.9020454918136,240.9733724606823,56925900
2018-07-06,243.85079956054688,244.2226431574184,241.4514059339386,241.83213897590315,66493700
2018-07-09,246.04660034179688,246.0997208730852,244.80707624573824,244.8513343486122,50550400
2018-07-10,246.9319610595703,247.0293667064297,246.20594449060724,246.4981344115885,51966800
2018-07-11,245.1257476806641,246.1705142878191,244.8247223937188,245.38251487407948,77054700
2018-07-12,247.3480987548828,247.40121928431503,245.7809890974369,246.3830397774005,60124700
2018-07-13,247.5429229736328,247.8439483621809,246.71952761499224,247.1710792076155,48216000
2018-07-16,247.321517944336,247.7287843093492,246.87882888944463,247.5871475890281,48201000
2018-07-17,248.3219451904297,248.7115136350512,246.49806884496985,246.5511893583646,52315500
2018-07-18,248.84434509277344,248.9505861324455,247.9589670693822,248.40165608107785,44593500
2018-07-19,247.90586853027344,248.5610396794044,247.4277567897641,248.18033358029288,61412100
2018-07-20,247.6225433349609,248.33086203476083,247.4631817598543,247.70222412251425,82337700
2018-07-23,248.0829467773437,248.28656644152343,247.0736028050646,247.41891322282152,47047600
2018-07-24,249.3313903808593,250.1725106421392,248.46373686880625,249.4907790227254,68026900
2018-07-25,251.45623779296875,251.774960933182,249.03914590130603,249.08340399758185,78882900
2018-07-26,250.86306762695312,251.54479914564217,250.6417230666464,250.7391287233732,57919500
2018-07-27,249.1630401611328,251.28794154370547,248.24223965483608,251.1905359324728,76768700
2018-07-30,247.86160278320312,249.4021519866816,247.33920594196468,249.242790417962,63742500
2018-07-31,249.0834503173828,249.6943634693256,248.24235719456868,248.62306335604032,68570500
2018-08-01,248.6671905517578,249.7916376259342,248.02088206429383,249.28696580616617,53853300
2018-08-02,250.02200317382807,250.1902002009129,247.162221399743,247.3658681456286,63426400
2018-08-03,251.0932159423828,251.14633646287567,249.96876854623287,250.14585496093795,53935400
2018-08-06,252.01402282714844,252.3238835310707,250.7390762649516,251.12864477115585,39400900
2018-08-07,252.8462677001953,253.2270008207844,252.5452423864147,252.67807071803176,43196600
2018-08-08,252.74005126953125,253.13848226400177,252.27966433647936,252.67809533094987,42114600
2018-08-09,252.3947296142578,253.1915644629668,252.2619283094053,252.8019959556701,35717000
2018-08-10,250.70376586914065,251.50060107252307,249.99544689532925,250.9605331858726,77076000
2018-08-13,249.76516723632807,251.58904395946368,249.4729773325625,250.9781309093304,65732900
2018-08-14,251.3588409423828,251.59791032549649,250.1016191525683,250.49118768395763,43842000
2018-08-15,249.4817657470703,250.15466154923703,248.0474579747357,250.0129978530132,102925400
2018-08-16,251.5005340576172,252.36821443698148,250.88075849812856,250.91618119228195,69967900
2018-08-17,252.3858795166016,252.82856856746483,250.88958836311608,251.2968547244236,65618500
2018-08-20,252.92605590820312,253.19165861667707,252.38596104150065,252.83751266551045,39807500
2018-08-21,253.5191192626953,254.3779369560021,252.96132683039625,253.43943848945128,67272000
2018-08-22,253.36871337890625,253.89108331990417,252.8463164183076,253.11194611312737,44993300
2018-08-23,253.0321807861328,254.05036006048783,252.7134306627465,253.1915423380301,49204900
2018-08-24,254.55506896972656,254.69673270963204,253.5545873826161,253.6077079076312,57487400
2018-08-27,256.56475830078125,256.6709993055717,255.59083739089533,255.75019889808087,57072400
2018-08-28,256.6888427734375,257.1315318443619,256.2284288471343,257.0252637708789,46943500
2018-08-29,258.0699768066406,258.3001567022933,256.6622290964166,256.9012714179143,61485500
2018-08-30,257.0252990722656,257.9637978699567,256.432110766729,257.59195413028306,61229500
2018-08-31,257.0340576171875,257.4767465699944,256.1309818805136,256.61792892076545,66140800
2018-09-04,256.5914306640625,256.94557650796173,255.59094906584016,256.61799092686505,57594400
2018-09-05,255.9008026123047,256.4408972432379,254.8914857411,256.23725057590366,72452400
2018-09-06,255.13047790527344,256.3080185267249,254.1034363834637,256.0069933078545,65909900
2018-09-07,254.6348114013672,255.6087329617452,253.8468117235516,254.0858811635911,73524800
2018-09-10,255.07745361328125,255.90971124627143,254.88266933705808,255.6440815861868,50210900
2018-09-11,255.91856384277344,256.3612529530496,254.08585146112563,254.4311349169495,50530500
2018-09-12,255.98057556152344,256.58262633443366,255.19260290689724,255.9274550238903,59810800
2018-09-13,257.4944763183594,257.68042515569164,256.75962445423187,257.04295190384914,51034200
2018-09-14,257.5387268066406,257.8840101360217,256.75958993473887,257.6980883432781,55079900
2018-09-17,256.1753234863281,257.5210886145558,255.90085840767367,257.4856929408959,68244000
2018-09-18,257.5653686523437,258.1585568998184,256.3612402817185,256.3878005462383,61930400
2018-09-19,257.8398132324219,258.2559420232231,257.4945028015122,257.6184687058169,49080600
2018-09-20,259.9293212890625,260.2480714927518,257.8575395336768,259.0970906351815,100360600
2018-09-21,259.6918029785156,260.7857575023216,259.5317200165653,260.6701329824998,105479700
2018-09-24,258.8291320800781,259.2560471775644,258.25103654562844,259.1137421450689,53409600
2018-09-25,258.58905029296875,259.38949248372154,258.3489257783172,259.2827704772097,44370000
2018-09-26,257.815185546875,259.914123214366,257.3971730938539,258.7312519258059,79739700
2018-09-27,258.5356140136719,259.6206660004718,258.0108795398294,258.2865870236804,59249500
2018-09-28,258.56231689453125,259.060370917637,257.877499398238,257.9130552985251,70091400
2018-10-01,259.4605407714844,260.5277874939204,258.7935013917487,259.7984845913529,62078900
2018-10-02,259.3093566894531,260.02085456876165,258.93582980248266,259.3093566894531,47258200
2018-10-03,259.4516906738281,260.77686715736866,259.0959416944376,260.35885464256023,64694600
2018-10-04,257.4239196777344,259.0248038303383,255.84081347636905,258.9714428347122,111545900
2018-10-05,255.9830322265625,258.16201119191044,254.56000949174071,257.6461793607619,105951700
2018-10-08,255.9830322265625,256.33878112479266,253.919650618166,255.2981877770208,87742200
2018-10-09,255.6094970703125,256.90799285836005,255.04917962192192,255.60062166798625,74339000
2018-10-10,247.51617431640625,255.1738037889544,247.14264730325567,255.10263769184056,214731000
2018-10-11,242.0642242431641,248.04977526262687,240.4544104484742,246.4310860635288,274840500
2018-10-12,245.4260406494141,246.43992642315365,242.24202404876104,246.1553164318959,183186500
2018-10-15,244.0475311279297,246.3955233707276,243.9585870929312,245.07031967564035,102263700
2018-10-16,249.3837890625,249.75734306515875,245.53276024122263,246.00413366011207,118255800
2018-10-17,249.4283142089844,250.0508681229723,246.8579756444529,249.41941166358663,110626000
2018-10-18,245.8262939453125,249.09035262690333,244.55447843294348,248.4944520427115,134557500
2018-10-19,245.69287109375,248.40548741105457,244.9991511316321,246.47553508012004,139901600
2018-10-22,244.590072631836,246.6801081899501,244.0564355596308,246.3599422317725,82415800
2018-10-23,243.3449249267578,244.46556013102136,238.89799429639208,240.97918171628453,146352700
2018-10-24,235.971923828125,243.4783445963824,235.42050879522853,243.09588794996847,177806700
2018-10-25,240.2053680419922,241.74401565139752,236.78125352573443,237.8040420361195,138061500
2018-10-26,235.9807891845703,241.02362004077827,233.27707512923888,236.5055508400181,201574600
2018-10-29,234.67333984375,240.35652851368536,231.10692100388889,239.06690816073623,160749100
2018-10-30,238.15089416503903,238.46218471265607,234.01525443786565,234.50443305323765,157116000
2018-10-31,240.694580078125,243.00698951534628,240.240984452518,240.7123580301817,128296300
2018-11-01,243.2559967041016,243.4516627284058,240.4722139163721,241.55726602534853,99495000
2018-11-02,241.81521606445312,244.7857625817492,239.76961161135745,244.35884745387176,122634100
2018-11-05,243.149169921875,243.7005847140122,241.33481549137707,242.3042426488276,65622500
2018-11-06,244.68785095214844,244.84793390433543,243.0247036177618,243.0869671464693,60085900
2018-11-07,249.9263610839844,250.006402564566,246.43105358048592,246.85796861882704,102752100
2018-11-08,249.4727783203125,250.1131373396452,248.3343653017108,249.12590474479973,65584900
2018-11-09,247.0358123779297,248.35208601181105,245.6305675923685,248.16532259060648,98812600
2018-11-12,242.4200134277344,246.76909801815407,241.9041542101757,246.5289735049613,99673600
2018-11-13,241.96636962890625,244.8746522778252,241.24596909071613,242.8824361862288,98176600
2018-11-14,240.31211853027344,244.2342870763352,238.7556929624398,243.834079644037,125335900
2018-11-15,242.82017517089844,243.2826732983308,237.4749833442621,239.04918691779187,135101400
2018-11-16,243.4516143798828,244.358778235002,241.21034452079425,241.72620354692577,126668000
2018-11-19,239.33377075195312,243.14034163054623,238.41770428548045,242.8468290600021,103061700
2018-11-20,234.90457153320312,237.4660069622415,234.04186622747704,236.0074012321889,136021300
2018-11-21,235.7051239013672,237.5995208737704,235.6962484957569,236.4522050616829,75563700
2018-11-23,234.13088989257807,235.5272325780756,233.970806909274,234.06862635176773,42807900
2018-11-26,237.9108123779297,238.133158931554,235.98973489758671,236.38106700331844,79981400
2018-11-27,238.7111968994141,238.7111968994141,236.27428794556133,236.8790639113208,75502400
2018-11-28,244.2075958251953,244.2075958251953,238.64893332775296,239.7784709180536,127629600
2018-11-29,243.67398071289065,245.07029607445224,242.29541615794696,243.4338291273313,82346400
2018-11-30,245.1592712402344,245.71958882183424,243.2026381197173,243.52280408525465,98204200
2018-12-03,248.4054718017578,249.3838017232441,246.813490577875,249.2770797576099,103176300
2018-12-04,240.35655212402344,248.0052766949265,240.0452616142607,247.5783616693744,177986000
2018-12-06,239.991943359375,240.1075678957514,233.4104916095721,236.5055650266169,204185400
2018-12-07,234.41552734375,241.2193263481448,233.5795021440557,239.65399795009367,161018900
2018-12-10,234.86013793945312,235.8295653002673,230.01297399347905,234.2375569611416,151445900
2018-12-11,234.9135589599609,238.23985434553188,233.44607729820376,238.0530908610672,121504400
2018-12-12,236.096420288086,239.2448545988989,236.0163787982232,237.88409498741427,97976700
2018-12-13,236.01641845703125,237.901912913494,234.90468567450245,237.03920718857503,96662700
2018-12-14,231.6584014892578,234.82461387404103,231.1069864429735,233.87296422091924,116961100
2018-12-17,227.11366271972656,231.8185097909389,225.4860843298408,230.70677703043955,165492300
2018-12-18,226.86460876464844,229.4171561083153,225.26371106517817,228.7501165311156,134515100
2018-12-19,223.4671173095703,230.70671867180351,221.76840039515483,226.9446197617869,214992800
2018-12-20,219.8295440673828,223.7873091985889,217.58828746517864,222.22199466662704,252053400
2018-12-21,215.3253173828125,223.38548870397216,214.68121894770843,220.72858607171847,255345600
2018-12-24,209.63584899902344,215.4506183076689,209.57323550457585,213.84037176907967,147311600
2018-12-26,220.2276306152344,220.2276306152344,209.1169520452067,211.093979247737,218485400
2018-12-27,221.91842651367188,222.1152215194432,213.7688036600492,216.99823741467296,186267300
2018-12-28,221.6321258544922,224.89733637571825,220.46916948727355,223.2692083817748,153100200
2018-12-31,223.5734100341797,223.81495043254785,221.3816919791821,223.2513607197576,144299400
2019-01-02,223.80593872070312,224.72736835312008,220.0218704806288,220.0487067791242,126925200
2019-01-03,218.46530151367188,222.36566931905944,217.98222086036947,222.06150186504595,144140700
2019-01-04,225.7829742431641,226.42707273146465,221.1132670280864,221.48898887122783,142628800
2019-01-07,227.5632476806641,228.96773107709544,225.1568254773257,226.0514054101529,103139100
2019-01-08,229.7012481689453,230.1843289108456,227.2232719214142,229.74599353972656,102512600
2019-01-09,230.77471923828125,231.61562631457824,229.18236851303053,230.4079382964577,95006600
2019-01-10,231.5887908935547,231.8392721108213,228.56510722057573,229.2449965104731,96823900
2019-01-11,231.6782684326172,231.70510473251588,229.93382703798264,230.5152984027252,73858100
2019-01-14,230.26483154296875,231.06994789059,229.3792062906262,229.7817508142326,70908200
2019-01-15,232.90382385253903,233.2169321988784,230.63158383386505,230.6405383667449,85208300
2019-01-16,233.46743774414065,234.3530629785704,233.1274930641431,233.33322893857783,77636700
2019-01-17,235.2386474609375,236.09746354596547,232.5549086211324,232.5996539820377,96118400
2019-01-18,238.36973571777344,238.83493470526588,235.2744971259349,237.0457750313044,127900300
2019-01-22,235.1492614746093,237.11734819205563,233.539028560635,236.9026577503023,115531200
2019-01-23,235.6413116455078,236.8758363641676,233.18121674396264,236.1780650841096,86030300
2019-01-24,235.7665252685547,236.34802405262457,234.45149170377243,235.4623713740325,59204100
2019-01-25,237.76144409179688,238.58446960976903,235.8649390769533,237.60935349702385,96883400
2019-01-28,235.9543609619141,236.0169607954056,234.1920377820725,235.62337082617444,85613700
2019-01-29,235.6413116455078,236.6611186084785,234.8093588309028,236.0975561633814,66136300
2019-01-30,239.3717041015625,240.21261148459007,236.3927647173075,237.1531631764812,92473700
2019-01-31,241.4738922119141,241.9569728947139,239.0943069304852,239.3090246230662,104012100
2019-02-01,241.59019470214844,242.61002867744705,240.80296018796835,241.6707036001341,85782500
2019-02-04,243.2898864746093,243.35251360542537,240.9639738049802,241.6349085769652,60744800
2019-02-05,244.3096923828125,244.61384616847684,243.2183041870039,243.7192665752043,79552800
2019-02-06,243.9876251220703,244.52437832841065,243.25409061715408,244.03237048116657,58347800
2019-02-07,241.66180419921875,242.9231377133348,240.00682608227083,242.37745713067275,95482000
2019-02-08,241.9569702148437,242.05536087669893,239.59526672545192,240.418292053684,75788900
2019-02-11,242.0911560058593,242.86943598309523,241.56335725463512,242.6100275242873,68021400
2019-02-12,245.20425415039065,245.57996226402665,243.6297854445617,243.70136709504527,72270200
2019-02-13,246.0004730224609,246.84138015886657,245.6158102878348,246.0362638560376,65277200
2019-02-14,245.454818725586,246.58199805028207,244.1039944428411,244.91806536618728,83234400
2019-02-15,248.1295928955078,248.16538373135367,247.0203226879647,247.22605856815875,97088700
2019-02-19,248.5590057373047,249.21203152652333,247.32448123109788,247.3334357653313,59120800
2019-02-20,249.0600433349609,249.51628791186909,248.0223271661687,248.5232898269074,76610800
2019-02-21,248.1743621826172,248.7826699485773,247.2171551594552,248.42484345686023,64214700
2019-02-22,249.712890625,249.90967187185683,248.156304005683,248.7914476943796,78114600
2019-02-25,250.0529937744141,251.6542996313544,249.9724848498191,251.13545523938183,69030700
2019-02-26,249.87391662597656,250.7505869378862,249.49818127773256,249.70394436134188,56844100
2019-02-27,249.76663208007807,250.1155039234547,248.2279540955296,249.15829721146872,56921600
2019-02-28,249.30142211914065,249.99026584400565,248.9793865857502,249.5519033008003,69268300
2019-03-01,250.8580322265625,251.26953121285604,249.42669935637187,250.87591399104352,78880500
2019-03-04,249.94566345214844,252.1552772936756,247.6555406812236,251.9137505054824,106494600
2019-03-05,249.60557556152344,250.26758299106885,249.05989514164,250.0707743985664,59114600
2019-03-06,248.09381103515625,249.730907404324,247.77177540211915,249.7219528699364,75039800
2019-03-07,246.0184326171875,247.7896833871128,245.1775253080747,247.64654732381564,94885100
2019-03-08,245.5263061523437,245.6962784581472,243.7013834485637,244.16655500631896,85795800
2019-03-11,249.0868225097656,249.24784033512216,246.21522875592933,246.2420650601554,65098900
2019-03-12,250.0260162353516,250.54488763464727,249.4534995503768,249.6413536016529,79667500
2019-03-13,251.6810607910156,252.6114313647868,250.75069021724445,250.91173531876376,80639200
2019-03-14,251.5201110839844,252.1284189198113,251.08177562881707,251.7079652361397,67518400
2019-03-15,252.76272583007807,253.5713885597361,251.88216612584608,252.0708751186068,81309000
2019-03-18,253.67919921875,253.9757262440812,252.75372449783703,252.9783545506864,62199800
2019-03-19,253.74208068847656,255.50317247562955,252.85255452926685,254.73945229726,90268100
2019-03-20,252.9783172607422,254.73044238296177,251.87315511285124,253.5264287676445,84609200
2019-03-21,255.8355712890625,256.23988877632723,252.11568588232552,252.16062832801063,79550400
2019-03-22,250.9117431640625,254.99999873616272,250.8488401747913,254.4788691323708,122659300
2019-03-25,250.7230834960937,251.7563762387072,249.46516070418787,250.5703229974843,85575200
2019-03-26,252.59197998046875,253.54440914506105,251.19029074123256,252.475167973756,68125900
2019-03-27,251.27114868164065,253.1670404132589,249.72569296237504,252.582980392671,72224700
2019-03-28,252.22360229492188,252.6728624031701,250.75004339861144,251.9001481789004,56238500
2019-03-29,253.8139190673828,254.1373730794664,252.60990565465173,253.733055564362,82186800
2019-04-01,256.8240051269531,257.1205321351597,255.5391278798156,255.8087003800633,77617900
2019-04-02,256.9498291015625,257.1834531340026,256.1591269185293,257.0127320980904,40070400
2019-04-03,257.3540954589844,258.5581088983009,256.7520750289998,258.1627579277011,68243200
2019-04-04,258.0370788574219,258.28866346963747,256.9858253573542,257.6776761857805,48997500
2019-04-05,259.28594970703125,259.3398587189356,258.41438412036786,258.70191713096256,58621700
2019-04-08,259.4836120605469,259.59143007888594,258.2077015286709,258.86363103444137,53566300
2019-04-09,258.15380859375,258.8456592016085,257.60572449284734,258.522205126451,66142300
2019-04-10,259.0343933105469,259.1242508136989,258.1538336527132,258.5671452624204,52601500
2019-04-11,258.96246337890625,259.528535413988,258.3963913438245,259.5195414386195,55093100
2019-04-12,260.7145690917969,260.99310810092373,259.0073865588941,260.5708025998839,69727800
2019-04-15,260.5438842773437,260.8853263154702,259.74418819639936,260.78647484201645,49596700
2019-04-16,260.7145690917969,261.4783165835482,260.12154259540137,261.4244075766626,52153200
2019-04-17,260.0766296386719,261.855681721401,259.6632906883781,261.8287272177432,58268300
2019-04-18,260.5887451171875,260.8583175536374,259.36677115136985,260.6606420685019,68708500
2019-04-22,260.8134460449219,260.9662065425261,259.7352382678088,259.8250957710666,40160100
2019-04-23,263.1586303710937,263.3922544241675,260.94827810651367,261.1818747389239,52246600
2019-04-24,262.5745849609375,263.41020222021825,262.4308184291265,263.07775411194496,50392900
2019-04-25,262.4127502441406,263.06867970360906,261.2267247054764,262.47565322395,57770900
2019-04-26,263.6348571777344,263.7067267400949,261.6850559679797,262.45779772184494,50916400
2019-04-29,264.0482177734375,264.56937502458965,263.63490601680184,263.7247635518974,57197700
2019-04-30,264.1828918457031,264.47042488251304,262.2960214157048,263.7066772500253,81111700
2019-05-01,262.19708251953125,265.01844808882976,262.18808854617345,264.8117786461539,71671900
2019-05-02,261.63104248046875,262.9968104059952,260.13949601586444,262.0803024726753,65030200
2019-05-03,264.1919250488281,264.4704641506386,261.7389547366939,263.1047231539981,56543700
2019-05-06,263.1046447753906,263.54491082051743,259.58243415240935,259.89692165063803,107198100
2019-05-07,258.7108764648437,261.29861864665406,256.80601830897126,260.7055921116012,144729900
2019-05-08,258.3515014648437,260.0586842910349,257.75847486656824,258.3515014648437,91568300
2019-05-09,257.5697326660156,258.1717256781386,254.5506913693155,256.28485571593546,103471100
2019-05-10,258.8637084960937,259.6184622709735,253.6522742114518,256.63536824121263,112429300
2019-05-13,252.3583221435547,254.72143420675988,251.52270509767263,253.7600386155782,127290500
2019-05-14,254.64059448242188,256.1680896424392,253.24789927585027,253.37367783289977,77003200
2019-05-15,256.1322326660156,256.7701744962283,252.8076960926803,253.01436566389512,73956400
2019-05-16,258.5042724609375,259.86101931664007,256.7611410796038,256.8330106305001,76749600
2019-05-17,256.8330078125,259.3129323114473,256.1860721788903,256.2040601319123,100353000
2019-05-20,255.1348114013672,256.9408182840054,254.3890243100717,255.2336354574385,62877600
2019-05-21,257.43505859375,257.8124217622232,256.57245936734176,256.8240439532116,46847100
2019-05-22,256.6444091796875,257.5968386951679,256.1681944219473,256.4826820741913,49482500
2019-05-23,253.5085601806641,254.4699561741256,252.09787656412087,254.4250411221507,98733800
2019-05-24,254.08355712890625,255.3594679586929,253.46357595804216,254.94612889767544,55268100
2019-05-28,251.72039794921875,255.3144783123577,251.7024374188396,254.3620492097785,70029400
2019-05-29,250.03121948242188,251.0106032620388,248.62953008951493,250.60628560292824,104972900
2019-05-30,250.7140350341797,251.6215490107112,249.6178395350318,250.785904569244,62523800
2019-05-31,247.33563232421875,248.99790008924552,247.30867781649005,248.1712769051262,86862800
2019-06-03,246.70664978027344,248.485701880086,245.3768302721876,247.3715458239888,96428000
2019-06-04,252.0618438720703,252.1966164036424,248.54862697225056,248.997887024596,77231900
2019-06-05,254.24522399902344,254.27217850352,251.8731453413565,253.6791519839394,71169700
2019-06-06,255.8985137939453,256.5724038696885,253.8948315179564,254.54176708749608,69430400
2019-06-07,258.459228515625,259.53746330032743,256.7430523173093,256.913773281898,74272200
2019-06-10,259.6454162597656,261.3076843249672,259.55555874422373,260.00481890126935,60799100
2019-06-11,259.5824890136719,261.8287895891115,258.9355533511188,261.46039300426,58641300
2019-06-12,259.1242370605469,259.9059451972257,258.61207399835774,259.3488670961745,47096300
2019-06-13,260.193359375,260.5527892422328,259.3307880190692,260.03163238713466,48945200
2019-06-14,259.9059143066406,260.50790737500523,259.14216679214854,259.9059143066406,52324700
2019-06-17,260.0047302246094,260.7684777152376,259.83400922950466,260.13950274162505,39205700
2019-06-18,262.7272644042969,263.7785449569694,261.4603478082686,261.81977777473696,85434800
2019-06-19,263.3202514648437,263.8503749390502,261.8916080504937,262.8619975207617,78674400
2019-06-20,265.83612060546875,266.24046558371964,263.3831784940885,265.9978750491621,116570000
2019-06-21,265.4497985839844,266.822182181022,265.2331136881444,265.5671787539079,83309500
2019-06-24,265.12469482421875,265.97338627298683,264.9711913645555,265.6573967423069,47582700
2019-06-25,262.5243530273437,265.2059379178657,262.4160106162554,265.1788523150936,82028700
2019-06-26,262.2625427246094,263.92385754593755,262.1542002988309,263.41824118962137,51584900
2019-06-27,263.1923828125,263.69799890792183,262.64163324763393,263.020831542195,40355200
2019-06-28,264.5468444824219,265.0434231006258,263.6529919480454,264.1676184518848,59350900
2019-07-01,266.94854736328125,268.0861979498704,265.7476878432094,267.8694855427903,78705600
2019-07-02,267.643798828125,267.6979700486466,266.06374060351243,266.9034220756254,61504500
2019-07-03,269.7836303710937,269.80170581299336,268.1764866215848,268.3209523866452,40898900
2019-07-05,269.4766845703125,269.6392257975495,267.26461942981217,268.5557462014464,51677300
2019-07-08,267.9958801269531,269.2960442403786,267.4541404873554,268.16743147205943,45841800
2019-07-09,268.3300170898437,268.6279588168469,266.7860821236766,266.84025334676807,41101300
2019-07-10,269.612060546875,270.56011189882554,268.8626737180611,269.39537569112645,58448500
2019-07-11,270.2440795898437,270.4878500388574,269.24188463431943,270.253117309667,50826100
2019-07-12,271.4540405273437,271.5262872021826,270.42475962017244,270.7317391031545,40326000
2019-07-15,271.54425048828125,271.88735320178154,271.03863413807807,271.88735320178154,33900000
2019-07-16,270.6684265136719,271.6616112571717,270.3614471482306,271.45393658906914,36650100
2019-07-17,268.8265686035156,270.8039007082595,268.8265686035156,270.641387055438,36036300
2019-07-18,269.8106384277344,270.1898643962696,267.88750564607955,268.32991298102115,51392600
2019-07-19,268.3118896484375,270.93026568631416,268.1403383081677,270.903180082799,58678600
2019-07-22,268.9710388183594,269.51277855742103,268.1945663171256,268.7091928929078,43638100
2019-07-23,270.8941955566406,270.8941955566406,269.25996619761105,270.0906374585564,44564500
2019-07-24,272.1672058105469,272.1672058105469,270.04540847226593,270.1357029970052,47213200
2019-07-25,270.8670654296875,271.76995564778645,270.0634799096485,271.71578443902234,55394100
2019-07-26,272.681884765625,272.88052171662747,271.4268541311043,271.55327198811625,45084100
2019-07-29,272.1852722167969,272.68187835964795,271.6345224202421,272.56449822490094,38126500
2019-07-30,271.5172119140625,271.92352363022513,270.4066467628394,270.7858728681932,45849000
2019-07-31,268.54669189453125,271.9506064237515,266.53326388586026,271.7609795960244,104245200
2019-08-01,266.20819091796875,271.6526186964665,265.4136429910856,268.70017713336995,142646600
2019-08-02,264.20361328125,265.55794800387605,262.65064169714503,265.3141776732472,116749700
2019-08-05,256.2584228515625,260.22209835253705,254.3623470352765,260.1137558865838,178745400
2019-08-06,259.8518371582031,260.0685495834864,256.67367297899784,258.1453886890081,120711700
2019-08-07,260.0052795410156,260.772741685056,254.65114752446223,256.7819550684586,140572300
2019-08-08,265.1065979003906,265.1065979003906,260.94428759030563,261.495037348534,87713900
2019-08-09,263.3009033203125,264.7635814112252,261.5222080674551,264.1676704197368,93730000
2019-08-12,260.0955505371094,263.29176156394834,259.14749942587946,261.8019984508938,65527600
2019-08-13,264.1405944824219,265.5852247370545,259.4545907653121,259.79769355061575,94299800
2019-08-14,256.33056640625,260.7005524202266,256.20417608457865,260.09563131231886,135622100
2019-08-15,257.0077209472656,257.9016010899172,254.9672075856533,257.21539563778583,99556600
2019-08-16,260.7998352050781,261.2332048589005,257.0618566167302,258.6599898772652,83018300
2019-08-19,263.9418640136719,264.6190316225491,263.1383061125616,263.8154737214388,53571800
2019-08-20,261.9194641113281,263.96901533165703,261.79307378762985,263.43631331987183,51596400
2019-08-21,264.0502014160156,264.420362082352,263.3910817718715,264.07728701487,49524700
2019-08-22,263.9689636230469,265.38650783914835,262.1993065597355,264.75450123640525,51666400
2019-08-23,257.1883239746094,264.33019001252563,255.9423308719856,262.66887506036954,149161500
2019-08-26,260.0323791503906,260.0323791503906,257.8473727295932,259.3732593810128,72423800
2019-08-27,259.0121154785156,261.7930328129497,258.253690992949,261.42284451272855,66668900
2019-08-28,260.8359375,260.9984511070822,257.5494042686789,258.3529896937288,59696700
2019-08-29,264.1676025390625,264.69129428520955,262.3889077432596,263.3911301931494,57899400
2019-08-30,264.0502014160156,265.66635473768406,263.1202257833285,265.6483068564536,62901200
2019-09-03,262.5061950683594,263.2646192615819,261.1789458417169,262.3527192189044,69101400
2019-09-04,265.4858703613281,265.5039182477998,263.9238602297381,264.6732746057014,46887300
2019-09-05,268.89874267578125,269.81064296202624,265.44969579769,267.9687669525284,83258100
2019-09-06,269.1063842773437,269.7474560896053,268.537586657619,269.2147542351201,49584300
2019-09-09,269.2419738769531,270.18096021299755,268.3029599868757,270.09069320094045,51260300
2019-09-10,269.1786499023437,269.2418588270002,267.22840383509777,268.4834068391647,57947100
2019-09-11,271.0927124023437,271.1739691928352,268.83548748642085,269.4855693643672,68821100
2019-09-12,272.0318908691406,273.08825734100435,271.2373428076178,271.9957675334264,72908700
2019-09-13,271.85125732421875,272.8263943509441,271.48106896722373,272.4742538818412,62104800
2019-09-16,271.0115966796875,271.89643922675583,270.37055218501104,270.7226651270901,58191200
2019-09-17,271.6976928710937,271.7879598351725,270.6412993619928,270.8128506801717,41475500
2019-09-18,271.8602294921875,271.968571901471,269.27794933684083,271.30945217296875,73375800
2019-09-19,271.8421630859375,273.2416593963996,271.5080981282079,272.2484746882701,76560500
2019-09-20,270.5577697753906,272.7256557739762,269.7686322549902,272.44444179650503,89565000
2019-09-23,270.49420166015625,271.2107864050894,269.6415635285292,269.89553907744414,43476800
2019-09-24,268.3717346191406,271.9727625422939,267.4102536031992,271.582733535712,94869400
2019-09-25,269.9591064453125,270.40355684518136,266.9748722488337,268.45338400504926,71854000
2019-09-26,269.3967590332031,270.1768171696576,267.99082742388725,269.9682111328825,56179700
2019-09-27,267.9455261230469,270.25854579792986,266.39446122946606,270.14967534254725,84746600
2019-09-30,269.1880798339844,269.89558524708093,268.4171012837451,268.4624431933133,51662400
2019-10-01,265.9862365722656,270.7210903638229,265.7685510539825,270.06800612770223,88242400
2019-10-02,261.28765869140625,264.4170262525811,259.99964920337914,264.4079467960568,122539500
2019-10-03,263.42828369140625,263.4554943744778,258.3487439616913,261.0608435391244,85278800
2019-10-04,266.9931030273437,267.2470787072425,264.0269992614025,264.08144832542007,65091200
2019-10-07,265.841064453125,267.81847578384463,265.55987813972894,266.19483104942367,59610500
2019-10-08,261.7139892578125,264.72543473960826,261.67769911141454,263.9907184423583,95708100
2019-10-09,264.19927978515625,265.13355020756165,263.10174525349936,263.72761868689645,62359400
2019-10-10,265.9862365722656,266.8660857836884,263.9544312515663,264.1176953902786,55296300
2019-10-11,268.7436828613281,270.9750422719158,268.6167088805522,268.7346034051052,98720400
2019-10-14,268.4443359375,269.09742004492904,268.0996488139588,268.42617702704035,40394800
2019-10-15,271.10205078125,271.8458464973218,269.3695631563232,269.4874853651235,46754500
2019-10-16,270.6666564941406,271.35603084525394,270.2312854776649,270.6394458056109,48928200
2019-10-17,271.46484375,272.3356133684746,270.77546947468795,271.8276621175921,45736600
2019-10-18,270.2765808105469,271.57366954233504,269.42394247522446,270.92966490395844,64304000
2019-10-21,272.1089172363281,272.30847154115486,271.15651532040795,271.5919140803774,39048600
2019-10-22,271.219970703125,272.93429940069217,271.12925918317654,272.6440336093649,48594700
2019-10-23,272.0091247558594,272.0635461348605,270.75737767629226,270.9660114166438,34352200
2019-10-24,272.4534606933594,273.0884134231047,271.6280332171942,272.9432805796984,35453100
2019-10-25,273.5692749023437,274.11351638561285,271.8277076921369,271.8821290723367,45205400
2019-10-28,275.1112365722656,275.61013608971376,274.75749763127527,274.7847083190437,42147000
2019-10-29,275.0295715332031,275.9547901689378,274.7120950931229,274.8390967416614,44284900
2019-10-30,275.87310791015625,276.24497797030693,273.9229077108311,275.2290756919439,49643900
2019-10-31,275.1384582519531,275.8641227568858,273.68718460462867,275.8641227568858,69053800
2019-11-01,277.6872863769531,277.73262829214644,276.41738057633785,276.5806723698209,71141500
2019-11-04,278.802978515625,279.374430643672,278.43108065957426,279.23837720396307,60606900
2019-11-05,278.4945068359375,279.30180316391466,278.2042411215235,279.00245799553085,42933200
2019-11-06,278.5579833984375,278.83009018122067,277.6146337493563,278.4944825887015,46487100
2019-11-07,279.53765869140625,280.8710375909936,279.0659976008694,279.8914252702584,54272300
2019-11-08,280.22705078125,280.2814721535745,278.4945632788722,279.19298934454866,49032100
2019-11-11,279.6919250488281,279.86426864392786,278.71228485760133,278.848365987301,35797300
2019-11-12,280.2815246582031,281.17950515104246,279.5105181641509,280.0547596706156,46484600
2019-11-13,280.3722229003906,280.7713314741296,279.0660544192944,279.2928193961337,53917700
2019-11-14,280.7803649902344,280.862024736105,279.4560653623706,280.0910183287371,51219900
2019-11-15,282.8121643066406,282.8575062211695,281.4243640106054,282.1137105902836,62023600
2019-11-18,283.020751953125,283.25659632840035,282.1227717261377,282.5763015670428,49228000
2019-11-19,282.93914794921875,283.62852223373176,282.2951432620522,283.619442778009,67804700
2019-11-20,281.88690185546875,282.8665417247279,280.3358376906144,282.34951110935566,79406200
2019-11-21,281.4334716796875,282.1047148443882,280.6352822016,281.9958720828886,54664700
2019-11-22,282.0592956542969,282.31327128023827,281.0524726061508,282.1772178522817,44850200
2019-11-25,284.2453308105469,284.2453308105469,282.9845320574633,282.9845320574633,48647200
2019-11-26,284.8893737792969,285.0707968398084,283.9641826057425,284.2816591210013,37569000
2019-11-27,286.1591796875,286.1591796875,285.1523291122122,285.3700145636202,44444600
2019-11-29,285.09796142578125,285.84175709981287,284.87119647744976,285.59683323960326,36592700
2019-12-02,282.67608642578125,285.4153966404745,282.24976727728045,285.3518958206147,75767800
2019-12-03,280.7803649902344,280.862024736105,278.5852956586916,279.9640166629559,73941700
2019-12-04,282.51275634765625,283.1114189653201,281.47872286715346,281.8234099210745,49080000
2019-12-05,283.020751953125,283.2293856451966,281.7145837968173,283.21125441681573,40709000
2019-12-06,285.6058654785156,286.00497393609896,284.91649129155104,284.92557074598903,48927000
2019-12-09,284.7079162597656,285.88708285190785,284.6353359788933,285.21586750080536,34838500
2019-12-10,284.3904113769531,285.3156022560636,283.7373273207388,284.6534664265952,52649800
2019-12-11,285.1977844238281,285.4517600872291,284.3088557612892,284.8440177776958,53429100
2019-12-12,287.6558837890625,288.4359419435748,284.97099448527933,285.2068112141044,96389600
2019-12-13,287.8281555175781,289.0526914993744,286.64896144274167,287.4199676298921,81503900
2019-12-16,289.8056335449219,290.3952169345024,287.7647488016478,289.5516578841208,82749700
2019-12-17,289.8690795898437,290.48587355216506,289.7874475372953,290.18655602615394,61097700
2019-12-18,289.8871765136719,290.4858391761142,289.8327551517464,290.25907427433737,48133000
2019-12-19,291.0754089355469,291.1479892022689,289.8236623065729,290.0776378775777,85310500
2019-12-20,292.35162353515625,293.4818986755226,291.13019089245233,292.10549549710834,147142100
2019-12-23,292.7983093261719,293.19025605431125,292.65246286090326,293.13556710700664,52990000
2019-12-24,292.8074035644531,293.0717241770153,292.5065865675843,293.0261593313642,20270000
2019-12-26,294.36602783203125,294.37515192605576,293.1810639379538,293.1901602146185,30911200
2019-12-27,294.2931213378906,295.149951744562,293.7644523592922,295.0952628094436,42528800
2019-12-30,292.670654296875,294.5119413986182,292.1875500985432,294.3752190438764,49729100
2019-12-31,293.3816223144531,293.62775035689424,291.82293192090606,292.16931374555315,57077300
2020-01-02,296.12530517578125,296.1435533670269,293.9923531023892,294.9129966046256,59151200
2020-01-03,293.8829650878906,295.0041439336054,292.688876931802,292.74356586892327,77709700
2020-01-06,295.0041198730469,295.08615327203825,292.0143098616565,292.1328118215423,55653900
2020-01-07,294.17462158203125,294.9129499592201,293.72795822762987,294.4389421396399,40496400
2020-01-08,295.742431640625,296.9547400028766,294.1199284891358,294.3660286722624,68296000
2020-01-09,297.7477722167969,297.820709338136,296.71775096243204,297.3011366636997,48473300
2020-01-10,296.8910217285156,298.4861809242892,296.4261656787009,298.3312381801406,53029300
2020-01-13,298.93280029296875,298.9418965712198,297.0824170116794,297.5108322451486,47086800
2020-01-14,298.4769897460937,299.5434516916106,297.9209485381816,298.4952101168568,62832800
2020-01-15,299.1515808105469,299.9081297404282,298.30387436905687,298.3859077842946,72056600
2020-01-16,301.6399841308594,301.6399841308594,300.30004962435345,300.52792945323296,54050300
2020-01-17,302.57891845703125,302.7885501453628,301.5762414127228,302.3510385750234,95846000
2020-01-21,301.98638916015625,302.78853074420584,301.5488776178504,301.62178693577914,77742400
2020-01-22,302.0227966308594,303.49035714511143,301.867853930092,302.84315842409643,48914900
2020-01-23,302.3691711425781,302.77936593801815,300.2635638696882,301.37561848363805,51963000
2020-01-24,299.6801452636719,303.1074662187742,298.3948999055085,303.0254328321711,87578400
2020-01-27,294.8764953613281,296.3531521856209,294.1108224827082,294.4480801750021,84062500
2020-01-28,297.9666442871094,298.8416952816207,294.9677371260553,296.2985479035743,63834000
2020-01-29,297.720458984375,299.5526218615138,297.5199236056963,299.3247420138045,53888900
2020-01-30,298.68658447265625,298.89624388865093,294.9129097062482,295.6603342582397,75491800
2020-01-31,293.2631530761719,298.2218209474655,292.35163365596884,298.0668504063904,113845600
2020-02-03,295.441650390625,297.30115767312014,294.6212885304359,294.73979049796515,69083000
2020-02-04,299.94451904296875,300.8104734483571,298.723086598825,299.0421238964606,62573200
2020-02-05,303.4084167480469,303.6180762813872,301.4122143104677,302.87062349369256,65951100
2020-02-06,304.4292907714844,304.6207020764565,303.35367662683126,304.3654777307045,50359700
2020-02-07,302.80670166015625,304.4383010658972,302.2597845544811,303.37183913632214,64139400
2020-02-10,305.0672912597656,305.1311042908256,301.886097610239,301.92256617332515,42070000
2020-02-11,305.5959777832031,307.2002328793031,305.0672809970112,306.41633961218275,54864500
2020-02-12,307.5648193359375,307.774450947896,306.66239641614675,307.0269985310537,43992700
2020-02-13,307.2366943359375,308.20290257264736,305.8694153801374,306.1428600443528,54501900
2020-02-14,307.7289733886719,307.84747536853007,306.4528517159032,307.64693997585454,64582200
2020-02-18,306.9359436035156,307.7927740817303,305.5504162851949,306.73540821888315,57226200
2020-02-19,308.40350341796875,309.07801894449966,307.61961000252654,307.9021788213364,48814700
2020-02-20,307.13641357421875,308.67688328776865,304.1557279094007,307.85649373249373,74163400
2020-02-21,303.97344970703125,306.0972773213097,303.153060127596,305.7873641141862,113788200
2020-02-24,293.89208984375,304.0464012409805,292.8164758374308,294.5483849080448,161088400
2020-02-25,284.986572265625,295.8883379321786,284.1115213155918,295.2776354317167,218913200
2020-02-26,283.938232421875,289.9633610159589,283.2090281846531,286.3810972156628,194773800
2020-02-27,271.1860046386719,283.9928344250004,271.1860046386719,278.4325634116416,284353500
2020-02-28,270.0467224121094,271.5325033532073,260.27523419743306,263.155638584235,384975800
2020-03-02,281.74139404296875,281.80520704679384,268.40586711108745,271.82406323577266,238703600
2020-03-03,273.674560546875,286.0712292614889,271.2408194618374,282.1152386233994,300139100
2020-03-04,285.177978515625,285.39676211227726,276.4911987598748,279.03434596352906,176613400
2020-03-05,275.69805908203125,281.1762977722977,273.4648539783769,277.9951050161796,186366800
2020-03-06,271.1405639648437,272.3437762979566,264.55029623787203,267.2119174164198,228667200
2020-03-09,249.9659576416016,259.04468244351574,249.25497367188592,250.9412621903789,309417300
2020-03-10,262.9003601074219,262.9914897666732,249.3004824278456,259.4548189035631,276444100
2020-03-11,250.0844116210937,256.9937432117131,246.9123423892593,255.8634682272535,255316300
2020-03-12,226.15708923339844,243.0657776584356,225.76512864095776,233.3489770719644,392220700
2020-03-13,245.49038696289065,247.4592720083085,226.5307825549705,239.8116116538748,329566100
2020-03-16,218.6279144287109,234.16930770515287,216.3582263151674,219.8402228844677,297240000
2020-03-17,230.43209838867188,233.50392810842425,216.09390266325667,223.3586992105736,262070500
2020-03-18,218.7646484375,226.39406110097968,207.8446502974257,215.3464508056641,327597100
2020-03-19,219.2295379638672,225.4916860447425,211.6730478414128,218.0810284637233,289322000
2020-03-20,209.7819976806641,224.1494953890888,209.50693107809147,222.3707472149836,347158800
2020-03-23,204.41824340820312,210.58883736917824,200.1180771208045,209.22269612416616,326025200
2020-03-24,222.93923950195312,223.81028619851725,214.3664247760725,214.9348855755392,235494500
2020-03-25,226.2766265869141,235.04200407098807,219.82180274754663,224.5162200852684,299430300
2020-03-26,239.4888916015625,240.9558761412188,228.34879937507776,228.7797337783593,257632800
2020-03-27,232.3555603027344,239.1312980551824,230.1825607472624,232.21803399813555,224341200
2020-03-30,239.90142822265625,240.6165928530032,232.4563738706009,234.4459999822548,171369500
2020-03-31,236.32565307617188,241.4418275508448,234.92282878626665,238.9020818178872,194881100
2020-04-01,225.68983459472656,236.24312431481496,223.6268561651936,227.3677253962696,189554600
2020-04-02,230.89767456054688,231.6770134320797,224.2594645775336,224.80959765546936,177660400
2020-04-03,227.560287475586,232.26388300482,224.83715469449984,229.91666012342145,135561200
2020-04-06,242.8447113037109,244.8068470291045,227.54200291744624,236.40822674709685,188061200
2020-04-07,243.09225463867188,252.1693556566016,242.87221252313967,251.4175077872792,201427200
2020-04-08,251.25250244140625,253.0587562775526,243.20230109645223,245.68703684697715,153774500
2020-04-09,255.0758209228516,257.8264586985217,252.57273047385536,254.5073322785615,189999200
2020-04-13,252.7469787597656,254.44321124594032,248.85024130979565,254.1039703448932,114839100
2020-04-14,260.2010803222656,261.2188025074099,252.60932387359188,257.6246527581032,134143400
2020-04-15,254.67237854003903,260.3386853472331,252.56353956668625,254.49816925151632,121775000
2020-04-16,255.90098571777344,256.7536766430272,252.83861260251467,255.9468184845768,131798300
2020-04-17,262.8143005371094,263.4194162623719,258.9267132107058,261.6590236451904,146684800
2020-04-20,258.1840515136719,262.95183530213035,257.9640094246756,259.11925837284326,100109300
2020-04-21,250.34483337402344,254.9292317321277,249.40959820116407,253.72812160078013,126385700
2020-04-22,255.90098571777344,257.64305057028287,253.893018067381,255.21332633013031,92951600
2020-04-23,255.8827514648437,260.3388009581545,255.5801935025374,257.17555508386147,104709700
2020-04-24,259.4493408203125,260.1186727932332,255.3508891640436,257.39554010912246,85063200
2020-04-27,263.19024658203125,264.30884067979105,260.9622361353189,261.42067588061485,77896600
2020-04-28,261.9800109863281,267.1787025062263,261.677425057309,266.8302837908438,105270000
2020-04-29,268.83819580078125,270.36939668055743,266.2709447231819,267.29784515422165,118745600
2020-04-30,266.3351135253906,268.9390474225819,264.60219818898923,267.462857175173,122901700
2020-05-01,259.2843017578125,266.5001372793607,258.1198471539412,261.5948274910563,125180000
2020-05-04,259.9995422363281,260.3021001779905,255.92859477193736,257.4047574252565,80873200
2020-05-05,262.4017028808594,265.20735144767355,260.1278320243504,262.8143097798944,79569900
2020-05-06,260.6230163574219,264.48307149149906,260.1920818426239,264.0979977435184,73632600
2020-05-07,263.7677917480469,265.6932435927499,263.26351939914133,263.8319800050877,75250400
2020-05-08,268.1322326660156,268.5998501465137,265.76666797978606,266.89443979354115,76452400
2020-05-11,268.1871643066406,269.5624830979567,265.7849452947577,266.20670188943353,79514200
2020-05-12,262.841796875,269.78255179515514,262.7042425975372,269.36997290557235,95870800
2020-05-13,258.19317626953125,263.31852740068314,255.7726018636216,262.2824494760748,144721100
2020-05-14,261.2830810546875,261.41142959963264,250.2988575639048,255.76347804149395,121977900
2020-05-15,262.4842224121094,262.5300551877956,257.95483612918537,258.8992207520091,111146300
2020-05-18,270.4794616699219,272.0840008493197,268.37064994080464,268.6915353919301,119703800
2020-05-19,267.70123291015625,271.58879193513707,267.6829053984864,269.88340997902395,95189300
2020-05-20,272.2489013671875,273.1107699499101,271.00195923614234,271.2311790085488,85861700
2020-05-21,270.36944580078125,272.9275475763484,269.27835689934,272.12068909653203,78293900
2020-05-22,270.8827819824219,271.0569912617553,268.84730912262285,270.0851015880697,63958200
2020-05-26,274.22021484375,277.07172366444183,270.90111666488,276.833326122004,88951400
2020-05-27,278.3003234863281,278.33700648648875,272.19390507286226,277.00752054474054,104817400
2020-05-28,277.7869567871094,281.3352756373356,277.1176247426951,279.32730748503195,90405200
2020-05-29,279.0247497558594,279.61153803025144,274.577879005406,277.3193394971249,119090800
2020-06-01,280.15240478515625,280.75754836392883,277.8693847232331,278.3828347935377,55758300
2020-06-02,282.47216796875,282.51802872321025,279.739885508997,281.0693437314925,74267200
2020-06-03,286.2313232421875,287.1848853825561,284.1775229222528,284.45257547191164,92567600
2020-06-04,285.47955322265625,286.9832488519643,283.38906933428206,285.2503333753304,75794400
2020-06-05,292.7962646484375,294.565835177491,290.7974742690629,290.8616625425781,150524700
2020-06-08,296.3353881835937,296.5279249936356,293.0621225082108,293.60307791418927,73641200
2020-06-09,294.12579345703125,296.4088145420949,292.81463445829365,293.67650345846687,77479200
2020-06-10,292.4845275878906,295.5927621739855,291.7693627776029,294.70338803982554,95000800
2020-06-11,275.6230773925781,286.20387252008595,275.0729721884442,285.5712235543959,209243600
2020-06-12,278.9238586425781,283.38905659074294,273.7801789307393,282.6188812960742,194678900
2020-06-15,281.5277709960937,282.6555425806839,272.07474788246594,273.24835223856235,135782700
2020-06-16,286.9465637207031,289.4038217313861,282.0962919334156,289.2571176724693,137627500
2020-06-17,285.75457763671875,288.2576679504427,285.0210574809537,287.96425988813667,83398900
2020-06-18,285.8645935058594,286.3413606128028,283.78328781211144,284.2417274083413,80828700
2020-06-19,284.23095703125,289.5169952642536,282.2878135586834,289.323611161699,135549600
2020-06-22,286.0543518066406,286.4503381503588,282.49041850503755,283.6323430698322,74649400
2020-06-23,287.3712158203125,289.6274664668477,286.96601139314646,288.69733429029844,68471200
2020-06-24,280.0407409667969,285.95302134093265,278.2081310603143,285.3359965817493,132813500
2020-06-25,283.04296875,283.3100417218154,277.45301313177083,279.46981736237365,89468000
2020-06-26,276.3202514648437,282.1588713157659,275.7400992165521,281.9470509652658,127961000
2020-06-29,280.3814697265625,280.51960120631884,275.2888164097337,277.572693256611,79773300
2020-06-30,283.9730529785156,285.667559621828,279.7921232790596,279.9486629348006,113394800
2020-07-01,285.9622497558594,287.22392574002134,284.62694111006857,285.08739818187286,72396500
2020-07-02,287.5370483398437,290.7326217108491,286.8739889973159,289.38806675534465,69344200
2020-07-06,291.9757995605469,292.5559799310515,290.6036465664798,291.3495847273951,61713800
2020-07-07,288.96441650390625,292.4086261412663,288.58683836174674,290.4378846405108,82910000
2020-07-08,291.1746826171875,291.28518783880827,287.96991877388723,289.7288403914752,54638600
2020-07-09,289.5170288085937,292.0219167134949,286.1096348137545,291.78247001320926,83354200
2020-07-10,292.4730834960937,292.74015643400605,288.0250810957527,289.45248660102106,57550400
2020-07-13,289.94061279296875,297.18820278628755,289.2867716039281,294.8122566026346,102997500
2020-07-14,293.69805908203125,294.4716238747293,287.32531849826194,288.52249608370613,93657000
2020-07-15,296.3962707519531,297.4921610086868,294.0202961383002,296.91198050758385,87196500
2020-07-16,295.42010498046875,295.871343992354,293.85453943512255,294.49919068416483,54622500
2020-07-17,296.2764892578125,297.0592718738817,294.4530691984586,296.4238388882312,62774900
2020-07-20,298.6709289550781,299.4168672808463,295.26353484413016,296.0094731698983,56308800
2020-07-21,299.3062744140625,301.07441359288947,298.3208896684092,300.6323928502155,57292200
2020-07-22,301.010009765625,301.32314533336705,298.8366656869472,298.9471708971752,57792900
2020-07-23,297.4183654785156,301.35068608523807,296.055430800531,300.6507824803938,75738000
2020-07-24,295.5029296875,296.5251308789289,294.00183516323403,295.5674004213925,73766600
2020-07-27,297.65789794921875,297.8328739008944,295.40164684860423,296.193647698937,48293000
2020-07-28,295.7699890136719,298.0446479275418,295.4752897615271,296.9303216498821,57495000
2020-07-29,299.4075622558594,299.96933442324314,296.60797576059025,296.64482019059875,48454200
2020-07-30,298.33941650390625,298.7538392190765,294.36108771702493,296.4423351178069,61861700
2020-07-31,300.6969299316406,300.798245119707,295.9173824216007,300.12596755695097,84986800
2020-08-03,302.7874450683594,303.5517916334194,301.81127807969176,302.3546141881708,53077900
2020-08-04,303.956787109375,303.956787109375,301.93076563753056,301.93076563753056,41917900
2020-08-05,305.8447265625,306.1026094552458,304.98828331124287,305.25535623296946,42697700
2020-08-06,307.88916015625,308.008883470918,304.94225226748324,305.26457778295924,43679400
2020-08-07,308.1101379394531,308.39561897017404,306.01964561919885,306.92215126396553,57308300
2020-08-10,309.0311889648437,309.21535494485994,306.6275882566364,308.5615137232704,44282100
2020-08-11,306.48016357421875,310.84531498254,305.7526617595523,310.2098820833046,69601100
2020-08-12,310.7532958984375,311.52686046889016,308.88384116049235,308.9114674628632,53774400
2020-08-13,310.19146728515625,311.49917760274417,309.2705532345938,309.98886506986986,41816100
2020-08-14,310.2007141113281,310.734860048338,309.0771977415584,309.80472777793506,47260400
2020-08-17,311.1861572265625,311.58214363407274,310.2099903082899,311.2137835316429,35481000
2020-08-18,311.8584899902344,312.2821027778076,309.9890066339434,311.5821987864506,38733900
2020-08-19,310.5599060058594,312.7516581960092,309.99813372934017,312.2359484919656,68054200
2020-08-20,311.52685546875,312.0057207368476,308.7088602558769,308.8377736301808,42207800
2020-08-21,312.63189697265625,312.8529073408649,310.8545115814278,311.19527337116966,55106600
2020-08-24,315.7998962402344,315.87355700727335,312.604322979584,315.0631480494956,48588700
2020-08-25,316.9049377441406,316.9878166359839,315.201241134296,316.3616018282348,38463400
2020-08-26,320.0820617675781,320.3491065726637,316.9509600227468,317.4942958695916,50790200
2020-08-27,320.781982421875,322.22782424225835,319.1243483541176,320.9477683119042,58034100
2020-08-28,322.8539733886719,322.98291482090434,320.61615942116055,321.80414618704947,48588900
2020-08-31,321.6845397949219,323.5171500758055,321.4543112428884,322.6422984405211,66099200
2020-09-01,324.71435546875,324.8156425417092,321.620069114732,322.5133570209496,54908700
2020-09-02,329.4109802246094,330.3779287745175,325.47865908576307,326.6206116646277,69540000
2020-09-03,318.0744934082031,328.19532906675,315.495917398797,327.7256539431089,148011100
2020-09-04,315.4775390625,320.3215279500711,308.386489496312,318.7559908966991,139156300
2020-09-08,306.8577575683594,315.5419982728342,306.5538683027617,310.0809566891278,114465300
2020-09-09,312.9174499511719,315.37627517454166,309.98892137932586,310.8545829924272,91462300
2020-09-10,307.4840087890625,315.4406916483202,306.52625029812896,314.78685053527204,90569500
2020-09-11,307.640625,310.32048895230275,304.8226295252226,309.2614431412323,84680200
2020-09-14,311.6926574707031,313.4608253569491,307.7879896896736,310.79936944297793,65605700
2020-09-15,313.2673645019531,314.97103311859536,311.70179927663685,314.1422160421619,52920900
2020-09-16,312.02410888671875,315.9287755119788,311.7478178059842,314.50136995908423,82096000
2020-09-17,309.27984619140625,310.9927613539666,306.65523489152685,307.18016277231743,91523300
2020-09-18,305.7192077636719,310.1942716478776,303.2412847248806,310.0833240814501,105877900
2020-09-21,302.316650390625,302.4645898682485,297.4717524188794,301.142417821237,99450800
2020-09-22,305.3955993652344,305.9503654275353,301.2903700074111,303.7960582157652,63612100
2020-09-23,298.3130798339844,306.22765682115056,297.8137877286705,305.9502597775032,93112200
2020-09-24,299.1083068847656,302.1594777085532,295.68727323191223,297.0002185553226,76681300
2020-09-25,303.9439392089844,304.7298270780176,297.38852490576954,298.25762343564503,71069400
2020-09-28,308.9922790527344,309.70421136202526,307.106085914168,308.0954153354496,64584600
2020-09-29,307.3095092773437,309.5285451633514,306.6160587994306,308.78887594020625,51304000
2020-09-30,309.6394958496094,312.78313211808506,307.781039690102,307.9751979075436,104081100
2020-10-01,311.6273498535156,313.1991537202758,309.75041203082435,312.22833451482296,88698700
2020-10-02,308.66864013671875,311.59963625667905,306.2184543549931,306.6900096585481,89431100
2020-10-05,314.14227294921875,314.32717611812427,310.67502109585257,310.72123983393703,45713100
2020-10-06,309.6764831542969,316.3706109226611,309.1679640929143,314.28100446334764,90128900
2020-10-07,315.0669250488281,315.87132309591203,312.5982289095894,312.6259658002967,56999600
2020-10-08,317.859130859375,317.92385966066934,316.0838856399177,316.9992592418316,45242500
2020-10-09,320.6976623535156,321.15996256500506,318.88545342511554,319.5049199072346,59528600
2020-10-12,325.8570251464844,327.3271369060572,322.74112523312164,323.2311624863126,80388500
2020-10-13,323.7303771972656,325.8939389787219,322.7687847777624,325.718262626604,73255500
2020-10-14,321.6962890625,325.39469156684834,320.9658748838229,324.30366960004284,57727900
2020-10-15,321.2986755371094,321.7794576418191,317.2581758442864,317.79443172197927,60357700
2020-10-16,321.1045227050781,324.30363260576735,320.92884634883575,322.648589773227,89501900
2020-10-19,316.2225952148437,322.9906487706289,315.32573168859045,322.3619272638812,68425600
2020-10-20,317.4893493652344,320.7254513716909,316.8051539703146,317.5633049958053,60051900
2020-10-21,316.88836669921875,319.6066946596672,316.58323270677243,317.4431044735385,63575000
2020-10-22,318.62652587890625,319.2090286374741,314.9651162463488,317.1009408833877,55399300
2020-10-23,319.7083740234375,319.9025322364598,317.258188232449,319.8470584613105,49143900
2020-10-26,313.8002014160156,317.1195140807674,310.31443920384794,316.33359795190205,91473000
2020-10-27,312.7184143066406,314.475149793473,312.5057460118679,314.142307123294,65994100
2020-10-28,302.02996826171875,312.74608344828266,301.5399311812828,307.0597966652632,127094300
2020-10-29,305.0997009277344,308.2618190207296,300.57839067530114,302.26117045534187,90597700
2020-10-30,301.9190673828125,304.8315534323046,298.27613900813606,303.5278632885841,120287300
2020-11-02,305.3031005859375,307.30021286282704,302.56626275236454,305.3031005859375,86068300
2020-11-03,310.6934814453125,312.74609552911073,305.38628400502864,308.5299198245358,93294200
2020-11-04,317.63726806640625,321.7055046793928,313.98508475423665,315.1593172475223,126959700
2020-11-05,323.83209228515625,325.6350746703544,322.55613899305547,322.907491721787,82039700
2020-11-06,323.75811767578125,325.0063340064699,321.4373613684711,323.5454494007083,74973000
2020-11-09,327.8263854980469,336.90597013486416,327.3640851994297,336.5268805040096,172304200
2020-11-10,327.3456420898437,328.39967222282814,324.0818027239641,326.8370947712311,85552000
2020-11-11,329.7772521972656,330.60013191836515,328.2886308124271,329.5275920192219,58649000
2020-11-12,326.578125,329.82348168786507,324.7751710085161,328.76942360523407,67546200
2020-11-13,331.0995178222656,331.8391870990069,327.9651078910253,328.48288202805907,62892200
2020-11-16,335.2324523925781,335.4266106214588,332.4771323966517,333.76234079790987,74541100
2020-11-17,333.4294738769531,334.63147162301595,331.3213855742676,332.82848911220765,66111000
2020-11-18,329.4166259765625,334.2430411433111,329.3796340603069,333.6975302989405,70591300
2020-11-19,330.8035888671875,331.173423449706,327.44728430310664,328.7879664083773,59940900
2020-11-20,328.5382995605469,330.7481084092092,328.46434393216515,330.5446951604477,70417300
2020-11-23,330.5076599121094,331.7651311623136,328.112948198128,330.3412386076394,63230600
2020-11-24,335.8334045410156,336.37891546594994,332.1997312419318,333.0503479254816,62415900
2020-11-25,335.3155822753906,335.7778824723925,334.2245605824417,335.750145589235,45330900
2020-11-27,336.2495422363281,336.721069396595,335.2417026629686,336.4067085508926,28514100
2020-11-30,334.7608642578125,335.7409385582566,332.08878340971694,335.47279650502,83872700
2020-12-01,338.4222717285156,339.95711197569057,337.4144605490259,338.00621842500254,74231400
2020-12-02,339.1342468261719,339.2914131198718,336.7395347651276,337.3127825968703,45927000
2020-12-03,339.041748046875,340.4286487496057,337.94147123204993,339.03249301288866,62882000
2020-12-04,341.9634704589844,341.9634704589844,339.53176684344106,339.6242325286132,50749900
2020-12-07,341.2608337402344,341.7508709319728,339.9941354266788,341.1961049259402,48944300
2020-12-08,342.2593994140625,342.8233922079248,339.9478980295718,339.9941167706337,42458900
2020-12-09,339.1897277832031,343.0730332820125,338.3575929060704,342.9158669849853,74098300
2020-12-10,339.0787353515625,340.1235101648178,336.9521373730438,337.8212640589187,57735400
2020-12-11,338.6812438964844,339.08807048436074,335.8704779286169,337.3868084880486,57698600
2020-12-14,337.164794921875,341.91722644158915,336.98911858351033,340.8447147774003,69216200
2020-12-15,341.7231140136719,341.7231140136719,338.329845795208,339.6982365511047,63865300
2020-12-16,342.2593994140625,343.17474493301853,341.0574017641856,341.93578357691985,58420500
2020-12-17,344.1733703613281,344.3767836527516,343.0730932236162,343.8960014260122,64119500
2020-12-18,342.79913330078125,344.6283621984902,340.7934791537867,344.46123143712066,136542300
2020-12-21,341.57330322265625,351.4158499609156,336.15991810187626,338.88983270358017,96386700
2020-12-22,340.9976806640625,342.0097878229692,339.87415302334546,341.8983673411588,47949000
2020-12-23,341.3041687011719,343.20766834908954,340.9791733538356,341.9634255462132,46201400
2020-12-24,342.6319274902344,342.659782611028,341.19269902115246,341.7776565578183,26457900
2020-12-28,345.57537841796875,345.9653500649846,344.5539768762825,345.1760839492796,39000400
2020-12-29,344.9161071777344,347.2746111341923,344.33112134700883,347.0981859364546,53680500
2020-12-30,345.4082946777344,346.4389909289521,345.0183229457008,345.7332900123292,49455300
2020-12-31,347.1632995605469,347.8875612122465,344.70266884239123,345.2133556254004,78520700
2021-01-04,342.4369201660156,348.62101162593734,338.7506082823592,348.49100217915696,110210800
2021-01-05,344.79541015625,345.88181651795514,341.74979422078724,341.7962383123607,66426200
2021-01-06,346.8567810058594,350.04170094295614,342.743347597711,343.29118386394964,107997700
2021-01-07,352.0102844238281,352.75310670292254,349.0482331217095,349.22465837194375,68766800
2021-01-08,354.01580810546875,354.2293545551556,350.153071336751,353.39367271496,71677200
2021-01-11,351.6294860839844,353.3844152987946,350.7287994312137,350.84951439553026,51034700
2021-01-12,351.7038269042969,352.71593423715626,349.46603738716954,351.815275742109,52547700
2021-01-13,352.6509094238281,353.64442764556827,350.8495360073249,351.62950774382404,45303600
2021-01-14,351.4158935546875,353.8951124303812,351.0816321351394,353.3936919642144,49989100
2021-01-15,348.85308837890625,350.59872277357266,346.9960051899567,349.80019060400787,107160000
2021-01-19,351.5923767089844,352.1309468672761,349.82815280679114,351.3045309935299,51233300
2021-01-20,356.4578552246094,357.2935370131807,353.4865107131989,353.8764823240062,61836100
2021-01-21,356.7829284667969,357.4422136144088,355.8636810590546,357.0150639404166,47840100
2021-01-22,355.5201721191406,356.68084964077025,354.5544804868257,354.93518611434274,52860500
2021-01-25,356.9222717285156,357.2750938843203,351.41599615184015,356.25372035738883,70402000
2021-01-26,356.3650817871094,358.2778757163541,356.1329463264064,357.869315038569,42665300
2021-01-27,347.65533447265625,353.14301984374345,345.4268398473695,353.05015999751345,123351100
2021-01-28,350.6451110839844,354.6378279704331,349.02945803436296,349.46584531099,94198100
2021-01-29,343.6253967285156,349.75377695616334,341.9540048463349,348.78808575780386,126765100
2021-02-01,349.3453063964844,350.37597423640665,343.9133309692816,347.0146573120808,75817600
2021-02-02,354.2851867675781,355.83586436704974,349.42893027054663,352.5209626448965,64450700
2021-02-03,354.5637512207031,356.2815595050007,353.2916532761181,355.11158757378746,52427100
2021-02-04,358.593505859375,358.63992160762723,354.675058921608,355.59430609700564,47142600
2021-02-05,360.0049133300781,360.71061412663744,358.54712432112404,360.4599180558391,48669800
2021-02-08,362.6047973632813,362.6512131095792,360.5991440621708,361.453386484574,38365200
2021-02-09,362.3634338378906,362.9577141856532,361.3606211720995,361.769153490128,35551100
2021-02-10,362.2055969238281,364.2484003541954,359.8099713889872,364.09983025590975,59154400
2021-02-11,362.7905578613281,363.7005390243798,360.3670773709089,363.2826838806573,42913300
2021-02-12,364.5827331542969,364.8241347977366,361.9177938941386,361.9920931204679,50593300
2021-02-16,364.2669067382813,366.0033035639086,363.5519398125603,365.80828939947554,50972400
2021-02-17,364.3505859375,364.60128206037706,361.5092215273039,362.5213571797197,52290600
2021-02-18,362.7998352050781,363.5426572734349,360.0327705772848,361.7505784893111,59712800
2021-02-19,362.1592102050781,364.34128942229216,361.7134998744819,364.0534436890481,83241000
2021-02-22,359.3735046386719,361.7784243190191,359.1042196026477,359.4013597570989,67414200
2021-02-23,359.8099365234375,361.1563334271024,353.0315929249602,357.1728812923066,107284100
2021-02-24,363.7747802734375,364.2019298681405,357.7392590796617,358.7235110381606,72433900
2021-02-25,355.00933837890625,363.8769286831077,353.5701100677541,362.5119712403062,146670500
2021-02-26,353.1800842285156,358.027072717846,351.20231434028005,356.88498463738966,152701600
2021-03-01,361.7413635253906,362.9856346855263,353.3752197529631,358.0364901808045,105348800
2021-03-02,358.91851806640625,362.1962691468464,358.41709761211445,361.9641337209318,79595300
2021-03-03,354.1644287109375,359.18781495345684,354.06227437694446,358.22215187611573,119940200
2021-03-04,349.7817077636719,356.5600515760826,345.306129482108,353.9787065028338,183433000
2021-03-05,356.2165832519531,357.2658402790109,346.0119154172324,353.2730925507102,152039600
2021-03-08,354.4429931640625,359.977094609663,354.16444194612137,357.17290844727864,123149200
2021-03-09,359.5035400390625,362.0477354952381,357.7764375613555,358.2778580660894,113633600
2021-03-10,361.7413635253906,363.43131668977617,360.43214430105473,361.8435178759324,109899400
2021-03-11,365.4090270996094,367.3775310399198,363.7469294630154,364.2019341812967,86245000
2021-03-12,365.9011840820313,366.0404596864284,363.2455681020347,364.0533949443855,64653600
2021-03-15,368.0832214355469,368.3432119800072,364.0162042253978,366.151838816547,73427200
2021-03-16,367.6189270019531,369.4017110962296,366.8482215660226,368.69603871329787,73722500
2021-03-17,368.8725280761719,369.6710604301495,365.1954821103504,366.3375987365772,97959300
2021-03-18,363.5054931640625,368.37104231310417,362.8276475623629,366.2911180973628,115349100
2021-03-19,362.83294677734375,364.77995178052817,360.6623425283384,363.205574280837,113624500
2021-03-22,365.7301330566406,367.1088860050199,363.2893903689639,363.34528306947146,73778600
2021-03-23,362.8515319824219,366.5405922291803,362.0690057743006,365.0966501361565,90686600
2021-03-24,361.0069885253906,365.8791772373448,360.9604207531097,364.2489071923662,97588600
2021-03-25,363.0378723144531,363.82969504622673,357.6346743650336,359.5723827433269,116128600
2021-03-26,368.8882141113281,369.28878794295866,363.587505033435,364.183703317546,114409100
2021-03-29,368.7019348144531,369.6055715013719,365.9351320456119,367.4163456691813,108107600
2021-03-30,367.7237243652344,368.3944651831491,366.1306971541533,367.4349359437374,76262200
2021-03-31,369.2142639160156,370.7700199762208,368.26405952663214,368.2920058783888,112734200
2021-04-01,373.201416015625,373.2573371455199,370.93767636691575,371.1426257443496,99682900
2021-04-05,378.5581359863281,379.0984701636254,375.7820362417883,375.8565503888312,91684800
2021-04-06,378.3345336914063,379.37790224132345,377.6637927050794,377.9991774130732,62021000
2021-04-07,378.7722778320313,379.1169589471253,377.710288137678,378.16675464905626,55836300
2021-04-08,380.5702819824219,380.626174688792,379.089068404298,380.0206514166771,57863100
2021-04-09,383.3370971679688,383.5048037222059,380.32810213483407,380.4492124791382,61104600
2021-04-12,383.4768371582031,383.7469757570129,382.135355372954,382.74087863290447,56704900
2021-04-13,384.61334228515625,385.2375154018544,382.9923969687516,383.3743494088719,56551000
2021-04-14,383.2998046875,385.6380584899132,382.7594706720506,384.5853652391472,61659900
2021-04-15,387.4174499511719,387.68761700399335,385.3866056650256,385.4331734470441,60229800
2021-04-16,388.7122802734375,389.31780345743056,387.28695960911085,388.7029553471804,82037300
2021-04-19,386.8025817871094,388.2279026853113,385.4797498055928,387.7807610260529,78498500
2021-04-20,383.9705810546875,386.6907875184191,382.4986639809094,385.59152639170094,81851800
2021-04-21,387.6037902832031,387.8087397039986,383.21601337839934,383.3557735882246,66793000
2021-04-22,384.0636901855469,388.2651383615414,383.0017004125384,387.4360443245921,97582800
2021-04-23,388.2278747558594,389.6345741269456,384.54813911119874,384.6226532391619,73209200
2021-04-26,389.038330078125,389.6066104434804,388.29307511302295,388.8799769021268,52182400
2021-04-27,388.9544982910156,389.53210359386,387.8179659687333,389.3364507074016,51303100
2021-04-28,388.8427734375,390.34263698563,388.3769818956655,389.2247259133634,51238900
2021-04-29,391.3207702636719,391.9356184828181,387.9484442011052,391.5629909520302,78544300
2021-04-30,388.7495422363281,389.9047243925387,387.8552305909189,389.0569805213984,85527000
2021-05-03,389.5879821777344,391.1157633582589,389.094244375353,390.7338109557142,68128300
2021-05-04,387.18463134765625,388.0975931803783,383.5048945153855,387.6038551880112,101591200
2021-05-05,387.3056335449219,389.0570141395226,386.7466780571217,388.8241183887439,60162200
2021-05-06,390.39837646484375,390.52878326194974,385.37713196847074,387.3800291262896,74321400
2021-05-07,393.2397766113281,393.8918960254813,390.48229913565626,391.16236490015007,67733800
2021-05-10,389.3457946777344,393.81738162988034,389.2246843410474,393.59381081117,81852400
2021-05-11,385.8709716796875,386.8584473474661,382.0049080638009,384.8369282355566,116888000
2021-05-12,377.6730651855469,384.3618242624742,376.3595297518344,383.0948850362776,134811000
2021-05-13,382.2098693847656,384.1382530041698,379.1728997288725,379.21949593633536,106394000
2021-05-14,388.078857421875,388.9266014154042,384.9114807136324,384.9394270681594,82201600
2021-05-17,387.0913391113281,387.9018401628468,385.0791165175704,386.97025720812496,65129200
2021-05-18,383.7563171386719,387.59443468838975,383.5979355139091,387.3522140021612,59810200
2021-05-19,382.7501831054688,382.9271861523255,377.5985301803542,379.0797721892408,106467100
2021-05-20,386.8677978515625,388.1254406224363,383.5047967743601,383.6258786868124,78022200
2021-05-21,386.5510864257813,389.5880563714277,386.0946198129668,388.3490349514176,76578700
2021-05-24,390.49163818359375,391.56295289159766,388.544604797389,388.7868254622032,51376700
2021-05-25,389.625244140625,391.9262551656702,389.0476672600288,391.5722490957163,57451400
2021-05-26,390.39837646484375,390.9014106632291,389.178005378606,390.2120485493799,43088600
2021-05-27,390.6034851074219,391.9356421143981,390.3239931202354,391.42328278237954,56707700
2021-05-28,391.3020935058594,392.42930086674016,391.069197778342,392.1684587891069,58520200
2021-06-01,390.9574890136719,393.7988060744791,390.5196438229263,393.6590742965092,54216600
2021-06-02,391.5722961425781,392.410743642536,390.6034702269548,391.6095674253817,49097100
2021-06-03,390.1190185546875,391.2555509981351,387.7993858877597,389.2619780804105,58138800
2021-06-04,393.68695068359375,393.9850640433869,390.18418978016194,391.963516582505,55938800
2021-06-07,393.3049621582031,393.8545926231731,392.3733793166298,393.677589608902,51555000
2021-06-08,393.3888549804688,394.2552203184516,391.5629603216794,394.1620563356279,47134300
2021-06-09,392.8019714355469,394.3018348687151,392.5784006100936,394.2272923071258,48436300
2021-06-10,394.62786865234375,395.5781015257895,392.7088099094243,394.0223453765083,51020100
2021-06-11,395.280029296875,395.39181472194224,393.8919795528562,395.1775688004502,45570800
2021-06-14,396.16497802734375,396.2674385065436,394.1527554254345,395.3917482511852,42358500
2021-06-15,395.4382934570313,396.3512264436359,394.5626033146111,396.3139835994514,51508500
2021-06-16,393.23046875,395.8016468115362,391.19032822729,395.5780759991089,80386100
2021-06-17,393.1001281738281,394.07827907271417,390.6314386050096,392.8206646111922,90949700
2021-06-18,387.7970886230469,390.5168396037188,387.59146867192095,389.82522182387385,118676300
2021-06-21,393.34869384765625,393.53563141152,388.74097097735967,389.5540951870982,72822000
2021-06-22,395.45159912109375,396.28343417143736,392.61966911686017,393.339353041914,57700300
2021-06-23,394.9749145507813,396.3301118664946,394.89080121581947,395.5263432061953,49445400
2021-06-24,397.3115539550781,397.7321206963649,396.8629209083708,397.115289475811,45110300
2021-06-25,398.7228393554688,399.1714724160213,397.73213297075046,398.05925946140326,58129500
2021-06-28,399.526611328125,399.69483801915226,398.04990728021846,399.2462335097463,53159600
2021-06-29,399.7415771484375,400.5453458904214,399.20883078354126,399.9098038354574,35970500
2021-06-30,400.07806396484375,400.7509992918403,399.2555842848848,399.2836220683984,64827900
2021-07-01,402.2930603027344,402.4519600618117,400.76960779298105,400.835038783346,53441000
2021-07-02,405.3680419921875,405.7232062337711,402.3772122424309,403.4520604017495,57697700
2021-07-06,404.6297912597656,405.6392087106553,401.9006847173519,405.4242333128775,68710400
2021-07-07,406.05963134765625,406.34003766118167,403.302487995308,405.3119382235839,63549500
2021-07-08,402.7511291503906,403.5081778396305,399.57336151548776,400.7510054866028,97595200
2021-07-09,407.0504150390625,407.3495037546776,402.5548429598186,404.2558779418757,76238600
2021-07-12,408.5083312988281,408.7606998160739,406.5362744179092,406.9661965088275,52889600
2021-07-13,407.1157836914063,409.2187027689948,406.85408823599073,407.72328794262097,52911300
2021-07-14,407.7233276367188,409.29352904474496,406.48028123314407,408.8075027783235,64130400
2021-07-15,406.3307495117188,407.059760411339,404.4334500856128,406.3868250791765,55126400
2021-07-16,403.1436462402344,407.5551047614192,402.751117276548,407.5083846304413,75874700
2021-07-19,397.1900329589844,403.20905730096297,394.3861406949322,398.3302836206056,147987000
2021-07-20,402.8819580078125,404.1530707517098,397.0591977452092,397.8536396448114,99608200
2021-07-21,406.143798828125,406.28401626491234,402.83522636423976,404.0782727663207,64724400
2021-07-22,406.9942626953125,407.23727579624176,405.33997668113454,406.3213274734552,47878500
2021-07-23,411.1814270019531,411.51788035862415,408.2373460404216,408.9196081878928,63766600
2021-07-26,412.19085693359375,412.20021236866125,410.5459261537889,410.5926462837905,43719200
2021-07-27,410.312255859375,411.1814556139232,407.48965273178777,411.15341783224966,67397100
2021-07-28,410.1439514160156,411.5178595984417,408.7233231106305,410.93839316496434,52472400
2021-07-29,411.8450317382813,412.9198513896068,411.05994533585215,411.0693007705477,47435300
2021-07-30,409.844970703125,411.2936370675234,409.1533244997327,409.2841865056366,68951200
2021-08-02,408.9850769042969,412.10674026622047,408.6299126466088,411.5553115323718,58783300
2021-08-03,412.3123168945313,412.4338234460028,407.5924433911517,409.7794757496443,58053900
2021-08-04,410.2841796875,412.28427447929056,410.0505220211944,411.0318728106122,46732200
2021-08-05,412.8824157714844,412.9665291012957,411.1253057105496,411.44307668627965,38969700
2021-08-06,413.5647277832031,413.9853230057107,412.9198303207797,413.2002366433399,46930000
2021-08-09,413.228271484375,413.8544580739084,412.46186747322616,413.5366870620658,41222600
2021-08-10,413.7423400878906,414.4526685963435,412.9946468851688,413.6769090889189,43339300
2021-08-11,414.77044677734375,414.8639155599606,413.6862716488568,414.80783999492405,44034300
2021-08-12,416.0134887695313,416.15370620330873,413.7236604942885,414.62089804805976,38909400
2021-08-13,416.77056884765625,416.7892511950456,415.9761269822574,416.4621247183911,39470300
2021-08-16,417.75189208984375,417.8827255582406,413.9199004513762,415.4713908619817,73740000
2021-08-17,415.0134887695313,415.8733331750015,412.032014089514,415.2003978250957,92673900
2021-08-18,410.47113037109375,415.5648794226537,410.2281457688839,414.004033503329,89351900
2021-08-19,411.1066589355469,412.3030136509168,407.61114913490746,407.7513380397817,92812200
2021-08-20,414.3778991699219,414.7050256555393,410.9665024431538,411.4525287152719,72008700
2021-08-23,418.02294921875,418.9295421673049,414.4526529864892,416.0602189821948,54973000
2021-08-24,418.6865234375,419.2192697916325,418.1724879522138,418.6865234375,38744700
2021-08-25,419.5650939941406,420.0791294982954,418.49960124676494,418.8734763654232,40529700
2021-08-26,417.0883483886719,419.5183656415265,416.9948796044848,419.2847079423929,57829600
2021-08-27,420.81744384765625,421.1912903975135,417.8359698370836,417.8920453934289,77235100
2021-08-30,422.6680603027344,423.4531466839395,421.2474033554113,421.4904164695936,48357400
2021-08-31,422.04193115234375,422.9111310526147,421.4437822021376,422.5746776161247,59300200
2021-09-01,422.2661743164063,423.49053835442544,422.03251662178167,422.97650283531857,48721400
2021-09-02,423.5653076171875,424.36907636322894,422.3689814101181,423.686814177093,42501000
2021-09-03,423.4625244140625,423.97658848478034,422.032540383355,422.4344533179656,47170500
2021-09-07,421.9484558105469,423.2102132231523,421.2755204253354,423.1167444291313,51671500
2021-09-08,421.434326171875,422.1446546206983,419.51831615140816,421.4156438263088,56181900
2021-09-09,419.6305236816406,422.9858446456514,419.387510559805,421.23808970978325,57970400
2021-09-10,416.3219299316406,421.9764346465892,416.2004233686548,421.55586791625456,89948200
2021-09-13,417.3872985839844,419.5743591715282,415.0787599839421,419.3126637583626,83738600
2021-09-14,415.1349487304688,419.03234294728094,414.2470381175579,418.8267230433788,78197100
2021-09-15,418.6024169921875,419.0977701394543,414.4526542585058,415.5555116773011,78792200
2021-09-16,417.9388122558594,419.0509965202967,414.9947028060808,418.0790011528334,77786700
2021-09-17,413.86767578125,417.59004823431,413.51137369740354,417.168134146106,118425000
2021-09-20,406.96673583984375,409.3295403810296,402.10981691745377,407.7543373535724,166445500
2021-09-21,406.5823669433594,410.59540113058426,406.0572991890718,409.3014739453589,92526100
2021-09-22,410.5485229492188,412.5831820579313,406.69489742536064,408.8514237643601,102350100
2021-09-23,415.5366516113281,417.1400110058016,412.17996661282217,412.4143728690153,76396000
2021-09-24,416.22113037109375,416.9337345501658,413.6895313452658,413.9051954031547,62094800
2021-09-27,415.03033447265625,416.3523605127942,414.33647253059087,415.1897146952346,61371100
2021-09-28,406.6666259765625,412.5924215300384,405.9352797832817,412.26424712999386,130436300
2021-09-29,407.3511657714844,409.7796109272895,406.78858508585967,408.0449990691309,82329200
2021-09-30,402.3724365234375,409.5264917761639,402.0348766187246,408.8232729732289,140506000
2021-10-01,407.15423583984375,408.8325924574853,400.5815046124614,404.0975980601775,129240100
2021-10-04,401.903564453125,406.8917073430287,399.7657521393978,405.9915954205408,128570000
2021-10-05,406.08538818359375,408.3262970264828,402.6068074886927,403.4037658375677,90682500
2021-10-06,407.7730712890625,407.97934991567206,400.8721656243834,402.4942384202276,113032200
2021-10-07,411.2985534667969,414.1301704422201,410.8672540127749,411.0454050378357,72437500
2021-10-08,410.5485229492188,412.45192941991166,409.9203301401749,412.0674996854896,74557400
2021-10-11,407.5762023925781,412.7987803671197,407.5105617770027,409.8921372238028,65233300
2021-10-12,406.5729675292969,408.89828794249456,405.785365924999,408.4951160404216,71181200
2021-10-13,408.0356750488281,408.85140428938456,404.6227346402631,407.5949901170963,72974000
2021-10-14,414.8990783691406,415.0491018085641,411.2235756383798,411.6923881563111,70236800
2021-10-15,418.058837890625,418.4245253611247,416.3898666001841,417.00870250976914,66260200
2021-10-18,419.2965393066406,419.6340705825797,415.6210366001597,416.2773855665458,62213200
2021-10-19,422.5312805175781,422.596892511088,420.3090855642555,420.9185646143034,46996800
2021-10-20,424.1909484863281,424.49099536699856,422.8782791509517,422.99078957769177,49571600
2021-10-21,425.2973327636719,425.5223536137635,423.1595488456662,423.5908483463569,41305400
2021-10-22,424.8566284179688,426.3099643124369,422.9157378325938,424.86601382430814,58845100
2021-10-25,427.1350402832031,427.4632147429343,424.17217058163135,425.9442668817109,45214500
2021-10-26,427.5194396972656,429.8916295403,427.14439546156063,428.6821140262044,56075100
2021-10-27,425.6255187988281,428.6446726137015,425.5504927707311,427.9789668380812,72438000
2021-10-28,429.7323303222656,429.8073277379248,427.0413509410185,427.05070773419686,51437900
2021-10-29,430.6043701171875,430.89503163805006,427.1445308640299,427.4351923848925,70162400
2021-11-01,431.344970703125,431.96380657611127,429.6197443060304,431.5887337216653,48433600
2021-11-02,433.0889892578125,433.398421537022,431.3825048609663,431.5137860979751,48908400
2021-11-03,435.7330627441406,436.1362346004919,432.0856879971298,432.5263728629684,52509800
2021-11-04,437.7864685058594,437.87085131761023,435.9862160130472,436.33313266603705,52847100
2021-11-05,439.3054504394531,441.2932109079652,437.7958878886841,440.0086692059953,66390600
2021-11-08,439.6805114746094,440.8994412181432,438.9960634954237,440.4025010820848,50405200
2021-11-09,438.2272033691406,440.2806045314554,436.8207657847632,440.0461982673925,51149100
2021-11-10,434.7016906738281,438.2271697715408,433.220255788708,436.53942763125457,69429700
2021-11-11,434.8423461914063,436.2675545379645,434.8236039920207,436.19252851233256,34848500
2021-11-12,438.1240234375,438.6772187538003,435.1611250038921,436.1081354103615,53466700
2021-11-15,438.2739868164063,439.5679137173184,437.1488541390342,439.4085335130264,46980500
2021-11-16,440.0086059570313,441.1431240587056,437.93646296807935,438.0114603688836,48857500
2021-11-17,438.9397888183594,439.9242836397509,438.3209528739824,439.7461325975495,47858300
2021-11-18,440.4306335449219,440.6931674194312,437.2520708292828,439.971177803996,50625600
2021-11-19,439.6429748535156,441.5650945480242,439.2772873896782,440.3180373454448,57315600
2021-11-22,438.40533447265625,444.0029569483632,438.19905582510415,441.5182563851529,72762000
2021-11-23,438.9866333007813,439.8398754499892,435.4799250989726,438.07713594297,73206500
2021-11-24,440.1587219238281,440.2806177630515,436.17381531500166,436.98954456020806,61858800
2021-11-26,430.3416748046875,434.96415840759806,429.2165135488616,433.501465943448,112669600
2021-11-29,435.6205749511719,437.4583119148909,432.92959581507233,435.1236348523177,86268800
2021-11-30,427.1443786621094,435.08606236584416,426.9005870421709,433.1826850458105,148559600
2021-12-01,422.400146484375,435.6863079661964,422.2032532071597,432.84530479589125,131939200
2021-12-02,428.8696594238281,430.435505728032,422.22190176024696,422.6157168413784,127637800
2021-12-03,425.137939453125,431.5887754076615,420.91862695944747,430.5292831950463,137331600
2021-12-06,430.1729431152344,432.0481929467621,425.2691545047344,427.6788574056175,98977500
2021-12-07,439.0711059570313,439.6336867722237,430.0417711460416,435.4425011894109,95484700
2021-12-08,440.2337341308594,440.68380448756346,437.71152027988126,439.4649032824723,72238800
2021-12-09,437.2614135742188,440.3368223530035,437.06452034105865,438.9491270865354,61272600
2021-12-10,441.3775634765625,441.52758690349503,437.41142821807136,439.9617692478392,77159800
2021-12-13,437.46771240234375,441.2088270752524,437.18640772794674,440.8619103961364,87724700
2021-12-14,434.4579162597656,436.6894683893485,431.5419161774256,434.204767804998,97264100
2021-12-15,441.246337890625,441.4901009370348,432.0013403611418,434.5141971486355,116899300
2021-12-16,437.355224609375,443.3747615247552,435.8081203552477,443.0934854498481,116568600
2021-12-17,432.700439453125,437.2827106378424,430.9973782677285,434.28117656754216,135511600
2021-12-20,428.0993957519531,428.4945657060667,424.4862697414786,427.6289361873408,107134800
2021-12-21,435.7019653320313,435.8430974441347,429.3507618562461,431.5148641473523,69806300
2021-12-22,440.0584106445313,440.1713163305176,435.2502996094357,435.4479132744812,58890200
2021-12-23,442.7964782714844,444.2925360057626,440.95228510851217,441.05577241344565,56439700
2021-12-27,449.0630187988281,449.1100532638039,444.12319396445406,444.1702284294298,56808600
2021-12-28,448.696044921875,450.5214301033936,447.9339028188725,449.4958318254591,47274600
2021-12-29,449.2700805664063,450.2862606015247,447.8022490075834,448.7996209971791,54503000
2021-12-30,448.0281066894531,450.7003138729297,447.56706545265257,449.6935233992936,55329000
2021-12-31,446.89892578125,448.6866663206762,446.6260799179109,447.5387725895835,65237400
2022-01-03,449.4864501953125,449.61819265083415,445.8545162929149,448.15975083339737,72668200
2022-01-04,449.3359069824219,451.6223622300133,447.4822951975026,450.9072545217483,71178700
2022-01-05,440.7077026367188,449.7405319442751,440.61360498167255,448.9689713732978,104538900
2022-01-06,440.293701171875,443.0035528678846,437.9319849605687,440.2466667010779,86858900
2022-01-07,438.552978515625,441.47925183914367,437.1980527186537,440.3031029677847,85111600
2022-01-10,438.00732421875,438.2237172664322,429.6237303519184,435.3633434538239,119362000
2022-01-11,441.9967651367188,442.0908627934465,434.751676287286,437.7438209696161,74303100
2022-01-12,443.1916809082031,445.2429062617321,441.2345819172256,443.7280116585806,67605400
2022-01-13,437.0850830078125,444.9417620607511,436.0594847879406,444.29252568167936,91173100
2022-01-14,437.2638854980469,437.6120209390258,432.7286489573756,433.9424425259686,95890900
2022-01-18,429.5201110839844,432.7851012078921,428.409833540068,432.5780978764357,109709100
2022-01-19,425.0601806640625,432.455790611051,424.7873060995941,431.0632487949444,109357600
2022-01-20,420.3556213378906,431.6372325182061,418.2385532953383,426.9420552480534,122379700
2022-01-21,412.103759765625,421.5882117054816,412.0755333410702,419.2359139440063,202271200
2022-01-24,413.8537902832031,414.3618945596718,395.9010692318445,406.5052155318438,251783900
2022-01-25,408.8010864257813,413.7409112645625,401.9135523304981,407.4743871661888,167997300
2022-01-26,407.7754821777344,417.8056821970188,403.5225099061903,414.6818242150776,186391100
2022-01-27,405.7619323730469,415.50045053402,404.0777079047049,412.3672026513168,149878300
2022-01-28,415.8392028808594,415.886237349482,402.54401155859085,407.1168645482626,164457400
2022-01-31,423.3289184570313,423.677053931945,413.8256297428248,415.17113717300543,152251400
2022-02-01,426.1893615722656,426.8291797344353,420.5344280122152,424.0534566187234,123155400
2022-02-02,430.3293762207031,431.05387362428513,426.2834066730469,428.5886700615122,117361000
2022-02-03,420.2144775390625,426.20812763649417,419.377045753608,424.3074813838875,118024400
2022-02-04,422.1904296875,426.0293671450485,417.6081293545503,419.9792639651472,118454400
2022-02-07,420.83544921875,424.3450587788941,419.5087499574974,422.9525170094482,84472900
2022-02-08,424.2980346679688,425.2201456654425,418.91597660458353,420.3367735452306,81012000
2022-02-09,430.5081787109375,430.82808779311625,428.12765428405766,428.325239275932,92589900
2022-02-10,422.7738037109375,430.66810052892527,420.7790596867854,424.6744500762086,140103700
2022-02-11,414.4371337890625,424.9283738605136,413.0069473874872,422.858369493594,153214600
2022-02-14,413.0823059082031,415.50989334254666,409.61973040303707,413.9291560964369,123006300
2022-02-15,419.7439880371094,419.9133465722276,416.9964918153884,417.5140145143431,88482700
2022-02-16,420.2144775390625,421.588211390658,415.82979106919817,417.70221089727113,84863600
2022-02-17,411.2381286621094,420.18627912524965,410.6359553270565,417.0341941741858,102259100
2022-02-18,408.5752258300781,412.7434896813528,406.3076078267507,411.492051459461,132642900
2022-02-22,404.190673828125,409.77031787811296,400.6998428681477,406.373613297068,124391800
2022-02-23,397.0209045410156,407.66269937728737,396.4563472260344,407.0981420623061,132578000
2022-02-24,402.9956359863281,403.42847944353576,386.3790300752348,386.7365552102814,213942900
2022-02-25,411.8873596191406,411.9720388972426,402.5816554040874,404.2282639234101,121804500
2022-02-28,410.83343505859375,412.3106846632082,405.25379272155976,406.505202258136,145615000
2022-03-01,404.5763854980469,411.3415957988549,401.8759236906789,409.3374336179091,137785900
2022-03-02,412.0190734863281,413.740942784039,406.0724579549326,406.8251817399771,117726500
2022-03-03,409.96783447265625,415.0487916398629,408.1706756272168,414.4466183746847,105501700
2022-03-04,406.6370239257813,407.7661096277124,402.6004729085393,406.2418252656333,113978200
2022-03-07,394.6497192382813,406.7593443206303,394.58384800510765,406.05365494553234,137896600
2022-03-08,391.6575927734375,401.9700585274636,390.59434954887394,394.8284856869652,164772700
2022-03-09,402.15826416015625,404.134200151545,397.8394486342406,400.0223879907192,116990800
2022-03-10,400.3421936035156,401.2360493514207,395.599954192604,397.557052917586,93972700
2022-03-11,395.2518310546875,403.4378087082755,394.743726780533,402.82621713239433,95636300
2022-03-14,392.3633117675781,399.46724033893065,391.2248075600843,396.02350128864606,95729200
2022-03-15,400.991455078125,401.6218547157255,393.6993329697204,394.96955062340055,106219100
2022-03-16,409.8831176757813,409.93957051689273,399.7023675150075,404.49167034765577,144954800
2022-03-17,415.01116943359375,415.01116943359375,407.596722776026,407.9730846505351,102676900
2022-03-18,419.5566711425781,419.8775739934096,412.666635478276,413.4028311487186,106345500
2022-03-21,419.43402099609375,421.3877523283893,415.93234592986585,419.3868116069883,88349800
2022-03-22,424.3420104980469,425.2764050572008,420.8214687288552,420.8214687288552,74650400
2022-03-23,418.8771362304688,423.303758234989,418.7921938931012,421.8125003060186,79426100
2022-03-24,425.1914367675781,425.200884406194,419.7832397355188,420.8969665486931,64736900
2022-03-25,427.2679138183594,427.5416361124458,423.2471369609336,425.8238364518409,77101300
2022-03-28,430.3070373535156,430.3070373535156,424.7855555376232,426.6732396590378,68529800
2022-03-29,435.6303405761719,436.1211569373377,431.5057549157547,434.1862632130821,86581500
2022-03-30,432.94036865234375,435.2999738252827,430.8355904687236,434.4882546678292,79666900
2022-03-31,426.27685546875,432.9970065427643,425.8238008960685,432.1758685328461,121699900
2022-04-01,427.4849853515625,427.99463935727147,423.9172632927216,427.8530688001301,89048800
2022-04-04,431.1470642089844,431.2509018190193,426.86204176947047,427.6831797963426,59601000
2022-04-05,425.7011413574219,432.1192567211848,424.5591003737765,429.65584243367965,74214500
2022-04-06,421.4444580078125,423.7191214319922,418.5657504830329,421.793703857785,106898000
2022-04-07,423.5679626464844,425.3801519544788,418.6222397991527,420.5665520087727,78097200
2022-04-08,422.4354553222656,425.3236101154736,420.8969879460332,422.8129864370016,79272700
2022-04-11,415.2150573730469,420.0097628914947,414.7148221783834,419.1697295398988,89770500
2022-04-12,413.6765441894531,420.7175978859881,412.1286293865626,418.19752691427806,84363600
2022-04-13,418.4147033691406,419.1697656437056,413.2518851363152,413.4312174671857,74070400
2022-04-14,413.2046508789063,419.7549175134308,413.1008132674667,418.6411619179989,97869500
2022-04-18,413.3745727539063,415.054610731036,411.1470901663332,412.2797123367979,66002500
2022-04-19,420.0475463867188,420.7648468817701,413.1008527235854,413.27073740895713,77821000
2022-04-20,419.7360534667969,422.4354571159878,418.5751460041488,421.8219654514646,65224400
2022-04-21,413.4595031738281,424.73842874926703,412.5534227458506,423.3509795921558,85417300
2022-04-22,402.1144714355469,413.478308876768,401.5481604498784,412.374029818299,132471800
2022-04-25,404.4458923339844,404.61577704311816,395.3189241873108,399.8776988422103,119647700
2022-04-26,392.7327270507813,402.1145203899857,392.7044129382394,401.9162927984164,103996300
2022-04-27,393.8370361328125,399.1697677643689,391.7039722839688,393.8087220181219,122030000
2022-04-28,403.78509521484375,405.5123424252509,394.148475230836,398.57509707971343,105449100
2022-04-29,388.8629455566406,401.95403088704296,388.11730223189977,399.8020720492202,145491100
2022-05-02,391.2037048339844,392.5628398347473,382.2749373532382,388.9290417952601,158312500
2022-05-03,392.9969482421875,395.4037338921699,390.1465268831045,391.703889272382,100028200
2022-05-04,404.9649353027344,405.53124638806986,390.4769516548114,393.65769528593023,144247900
2022-05-05,390.5712890625,401.132884248546,386.4467037789483,400.7081437907731,172929100
2022-05-06,388.2400207519531,391.50570647733946,382.9450801949944,388.0135078565296,151770800
2022-05-09,375.80963134765625,383.5868812355381,374.23340232624,382.35045035687074,155586100
2022-05-10,376.6779174804688,383.27536414376215,372.6477223262594,381.7746587518607,132497200
2022-05-11,370.6940307617188,381.350017457712,369.9483873451604,375.7152782695393,142361000
2022-05-12,370.3070068359375,373.572692443745,363.5207798183708,367.5037946408941,125090800
2022-05-13,379.1602478027344,380.5382491972758,373.39335762056186,374.4315896864937,104174400
2022-05-16,377.6218566894531,381.2839693671578,375.27169861489534,377.51804786382434,78622400
2022-05-17,385.3896484375,385.625608984084,379.9719747013643,383.70016285890136,83029700
2022-05-18,369.8539733886719,381.12345103452697,368.6175424687332,380.840309909265,117674500
2022-05-19,367.58880615234375,372.00600991179766,365.3707710345012,366.795982093924,98510700
2022-05-20,367.7491760253906,374.7336013107162,359.1696553995638,371.1658795771667,131432200
2022-05-23,374.6297912597656,375.3943009998424,368.45705631787473,370.7694520093487,76414900
2022-05-24,371.77001953125,372.9592411216309,365.22917116715337,370.5146932699092,91448800
2022-05-25,375.0545654296875,377.01777330975807,369.8823286767236,370.278726265349,91472900
2022-05-26,382.5486450195313,384.1815022465309,376.0739019416365,376.2815483589209,82168300
2022-05-27,391.9399108886719,392.0531673410909,384.80446634850006,385.0026651402334,84768700
2022-05-31,389.74072265625,393.07248421298215,387.0035862482344,390.3259001664865,95937000
2022-06-01,386.5882568359375,392.8648006270381,384.0776335587426,391.8549115373816,86585800
2022-06-02,393.95025634765625,393.9974369297573,384.1814851394755,386.4278338799512,79609600
2022-06-03,387.4849853515625,390.7884330558125,386.5128290364629,389.2405180200075,71874300
2022-06-06,388.6647644042969,393.2140616458855,387.4943805595861,391.48684319664267,57508900
2022-06-07,392.3929138183594,392.8459684053957,384.7194727728496,385.1819749982957,59272400
2022-06-08,388.1268005371094,392.4684805286195,387.3339765253381,390.6846048993001,64350000
2022-06-09,378.8960266113281,388.6175900458807,378.8960266113281,386.3523744576506,86289800
2022-06-10,367.90966796875,373.55385453962793,367.86248738155257,372.7044023436332,132893900
2022-06-13,353.9408569335937,360.3684205912054,352.33631352731584,358.5184977773577,170004900
2022-06-14,352.8742980957031,356.7157429736958,349.77849666174114,355.68695837561785,104011800
2022-06-15,357.90496826171875,362.34100925128496,351.2225494582893,356.1682732930812,125666800
2022-06-16,346.05975341796875,350.1088447146559,343.63407193506487,349.70299946215493,134473300
2022-06-17,346.80572509765625,350.142419392661,343.3079296571313,346.47397650063243,111113900
2022-06-21,355.5361022949219,356.92005638665404,352.4458760894664,352.521725834006,76811900
2022-06-22,354.8915405273437,358.9960185982588,350.9007792220965,351.3178660517575,90059400
2022-06-23,358.370361328125,359.1002487608876,353.46963484148904,357.0243321478926,79292100
2022-06-24,369.7643432617188,369.7738317116263,361.5079743602973,361.53641078181903,98050300
2022-06-27,368.3520202636719,370.9777467592325,367.2619186680236,370.6838940402718,66009600
2022-06-28,360.825439453125,372.68391795995,360.7116937770823,369.9065216331798,86548900
2022-06-29,360.5315856933594,362.3610628098229,358.71159702593604,361.3752476683845,65676000
2022-06-30,357.6025695800781,360.834977987892,353.156825579061,356.64516179349505,112508300
2022-07-01,361.384765625,361.8208293565842,354.33224330989844,356.94850998659183,74839700
2022-07-05,362.0672607421875,362.0862376429184,353.4791138897527,356.3039239194396,81438000
2022-07-06,363.29010009765625,365.7736442291068,359.8302001680812,362.2094581257224,70426200
2022-07-07,368.7311096191406,369.52735833895935,363.3090102076316,365.0626666524684,64525900
2022-07-08,368.42779541015625,370.29519752923926,365.5745491503481,367.1006852895569,72397800
2022-07-11,364.2190246582031,366.7215164411496,363.5270331899998,365.7546492181339,58366900
2022-07-12,360.99603271484375,366.0484579218352,359.25186497173377,363.6691716276499,62219200
2022-07-13,359.1002197265625,362.0293155270296,355.1474128412304,355.56449960571507,84224600
2022-07-14,358.22821044921875,359.30882348190096,351.7160090447136,354.1521398256336,89704800
2022-07-15,365.0721740722656,365.185919762693,360.72122784420594,362.6265260152687,79060400
2022-07-18,362.0578002929688,368.8259292782466,360.83497625525047,368.1529146526756,63203600
2022-07-19,371.84027099609375,372.4090283274704,365.31861090466685,365.97264856832055,78506000
2022-07-20,374.2101745605469,375.6225943016734,370.6649648500597,372.02997125876,71843800
2022-07-21,378.020751953125,378.0681363476224,371.2336461823122,373.6318808935577,64903900
2022-07-22,374.5134582519531,379.3383643459128,372.2953304103896,378.1440056178114,72197300
2022-07-25,374.9684143066406,375.8215358224329,372.7313098957775,375.1390328241593,53631500
2022-07-26,370.5322570800781,373.53714561288416,369.6412104602552,373.3286021714744,52946400
2022-07-27,380.153564453125,381.8977324950311,373.5275888700464,373.8214415390077,82342100
2022-07-28,384.9216003417969,385.6135629225869,377.4140666940386,380.9593045771308,73966600
2022-07-29,390.5332336425781,391.5190777399874,385.5850941133151,386.3529063740456,87003700
2022-08-01,389.3767700195313,391.8792906615118,387.1302060825981,387.8411455020427,69997500
2022-08-02,386.8079833984375,391.4907074923848,385.632572613597,387.81277563609865,63435400
2022-08-03,392.86517333984375,394.0310955881913,388.6469207989162,388.931285023342,67820600
2022-08-04,392.5996398925781,393.47170920596335,390.9597295460481,392.7892063428738,45656600
2022-08-05,391.9361572265625,392.5807353471059,388.26771450946586,388.3245873478551,56814900
2022-08-08,391.4811401367188,395.8700106498597,390.3815503961838,393.6234467801919,53886100
2022-08-09,389.9266357421875,391.2537170647009,388.8554822335221,390.7513209594565,44931800
2022-08-10,398.1166076660156,398.258818700046,395.01692204612334,396.96963344138766,68665700
2022-08-11,398.1166076660156,402.8183081055924,397.3772317875,400.96036549541424,59489700
2022-08-12,404.8563537597656,404.9606110010774,399.10247645360926,400.050395788599,61694500
2022-08-15,406.5246276855469,407.0460006197272,402.5907686609456,402.6476415005727,54048300
2022-08-16,407.3209228515625,409.2451978170758,404.64778356108576,405.4535207281274,59289000
2022-08-17,404.4297180175781,407.13129350400095,402.4296224053403,403.7282670715911,63563400
2022-08-18,405.6051940917969,406.28766820146114,403.3396531299256,404.628809463559,49023200
2022-08-19,400.1546630859375,403.1121666431108,399.282564610468,402.8467503989593,68016900
2022-08-22,391.8224487304688,395.5003802457015,390.9219138235221,395.3297327861423,77695600
2022-08-23,390.8745422363281,393.7846615275958,390.3247328241149,391.3958862975145,49105200
2022-08-24,392.125732421875,393.4907094010359,389.9644778899244,390.6469519154063,49177800
2022-08-25,397.6615905761719,397.70897496462175,392.5238558131296,393.6139571012594,50942300
2022-08-26,384.2011413574219,398.088152311537,384.1442685177949,397.5478603350803,103087000
2022-08-29,381.6607360839844,384.7035488071072,380.3052184856568,381.25313774516417,65370800
2022-08-30,377.4709167480469,383.0541750206006,375.3760233037477,382.81719520790887,85652400
2022-08-31,374.59869384765625,380.3430817525157,374.4660002053889,379.1013099434974,76029700
2022-09-01,375.774169921875,376.1154069737023,369.7264403478649,372.4280160542996,78740100
2022-09-02,371.8118896484375,380.6465052435593,370.00136015495065,379.4331695900639,99632100
2022-09-06,370.4090270996094,373.59402268267246,368.19089897678896,372.6555916498426,76637400
2022-09-07,377.0633544921875,377.8311668445208,369.8781386122658,370.0961415467539,70964200
2022-09-08,379.5278930664063,379.98287576733065,373.5939096307994,374.7977855261244,80821700
2022-09-09,385.4240112304688,386.28662130528346,381.49961125899546,381.7650275183075,76706900
2022-09-12,389.56640625,390.2868341942052,387.1871194866291,387.49046061347366,69256300
2022-09-13,372.6270751953125,382.1062680065481,371.5085373863549,380.90239200547273,122947100
2022-09-14,374.04888916015625,375.56556553221,370.75012022055387,373.9256550464987,85023700
2022-09-15,369.8022155761719,375.33805996184594,368.53200738172376,372.49430250102864,87633800
2022-09-16,366.9810485839844,367.6378019325583,363.69728184111455,365.6294902775206,103084800
2022-09-19,369.8270263671875,369.8270263671875,363.763980617156,363.8401419434337,73278500
2022-09-20,365.58197021484375,367.51415006942193,362.8312448574466,366.505230286068,77274900
2022-09-21,359.20477294921875,370.5503692517333,359.1952455228189,367.504555601014,106746600
2022-09-22,356.1875,360.0708846733697,355.44508694272207,358.4337649769324,89472600
2022-09-23,350.2196655273437,352.7609904104437,345.78421269474035,352.7229097506912,122346900
2022-09-26,346.7549743652344,352.3706649749916,345.5366549480429,348.7537873746805,92581200
2022-09-27,345.8699035644531,352.5516221250691,343.4808430109905,350.28630194167937,108294100
2022-09-28,352.67529296875,354.3599916328385,345.1274223526463,346.82164844241146,110802200
2022-09-29,345.3083801269531,349.42019180354833,342.367280303629,349.1346594117844,112952300
2022-09-30,339.9686279296875,348.2779675279083,339.8353891876637,344.36600021604005,153711200
2022-10-03,348.9442138671875,350.7907337489844,341.90080218718504,343.6806881754969,89756500
2022-10-04,359.7568054199219,359.7853586515844,348.90614168269303,354.4551993806732,103602800
2022-10-05,358.919189453125,361.1749817964111,353.0750722691506,355.3974984990643,88065700
2022-10-06,355.2166748046875,360.4706728707626,354.7217133827097,357.52004633285617,82333500
2022-10-07,345.3083801269531,355.3024204972354,343.5475195856385,351.19057977360137,107789500
2022-10-10,342.6717529296875,346.659852271921,340.43501530969775,346.42189898919605,76042800
2022-10-11,340.5015869140625,345.5366860181765,338.5694076088321,340.9774934330555,92482800
2022-10-12,339.3785095214844,342.4814298234217,339.13102879643657,340.91094386553914,76991800
2022-10-13,348.3350830078125,349.8008834901985,331.3356839052994,332.3826842498608,147254500
2022-10-14,340.3969116210937,352.41831529855494,339.7591840858435,350.79069404097305,123737000
2022-10-17,349.1441345214844,350.24824134925336,340.06382821256403,346.4695416802724,93168200
2022-10-18,353.2464599609375,357.3583002169347,349.8103989866183,357.05371300233446,97162900
2022-10-19,350.7430725097656,353.93165170562327,347.9352126849747,351.2094515607954,79746900
2022-10-20,347.8020324707031,354.71220495349155,347.0405645534775,350.29577817467606,88283100
2022-10-21,356.2541809082031,356.7395859020458,346.02218871676973,347.5260408349085,131038400
2022-10-24,360.6134643554688,361.74612439325887,355.13101099924324,357.77707959447656,85436900
2022-10-25,366.3719787597656,366.6860643599622,360.4231457883191,360.5373587338452,78846300
2022-10-26,363.6116333007813,368.90371186098525,362.9739347843384,363.2309138667366,104087300
2022-10-27,361.6699523925781,366.4480437002583,361.0512506396155,364.61105138754175,81971800
2022-10-28,370.2742919921875,370.7501985039981,361.3843618372089,361.5652086354592,100302000
2022-10-31,367.5997924804688,369.68426585196175,366.6955873080766,367.81871998807645,96631300
2022-11-01,365.99114990234375,371.57831700264165,364.8204384205559,371.340363735998,85407600
2022-11-02,356.8061828613281,369.9031408055681,356.70149735976,365.4010542504777,126990400
2022-11-03,353.1321716308594,356.1684576069525,351.0191454820897,353.56999750398336,87100100
2022-11-04,358.2149353027344,360.61349432188257,352.170915138916,358.8336081280306,103505200
2022-11-07,361.641357421875,362.2314768285628,357.4343312224449,359.50927657080746,68286900
2022-11-08,363.5926513671875,366.5623039769019,359.5188919325988,362.7455236557189,84641100
2022-11-09,356.10186767578125,362.77408732506177,355.6069062348671,361.6223724698831,78495500
2022-11-10,375.6711120605469,376.0042524525567,367.0572151863192,369.3510591794325,141455800
2022-11-11,379.30706787109375,380.10658743180727,374.64316019638335,376.5277606911573,93839900
2022-11-14,376.0804443359375,380.8966170269964,375.80441036199727,377.5462448649226,71903500
2022-11-15,379.28802490234375,382.9239582221826,375.4807721813481,381.8198514474499,93194500
2022-11-16,376.3945617675781,378.6122738619531,375.76636153620575,377.6604606108498,68508500
2022-11-17,375.2428588867188,375.9186672305997,371.3404476693323,371.6450058437324,74496300
2022-11-18,376.946533203125,378.640759324959,374.1006213867655,378.57412543802,92922500
2022-11-21,375.575927734375,376.7466683045898,373.73893542221714,375.6235358176049,51243200
2022-11-22,380.6300659179688,380.79188693120494,376.1089535381112,377.5176474312929,60429000
2022-11-23,383.0286254882813,383.5140303982983,380.0684717587064,380.2968975987144,68261600
2022-11-25,382.9430236816406,383.4950916496888,382.19111210524926,382.4671170422372,30545400
2022-11-28,376.8323059082031,381.4961840165325,376.0708380444372,379.8590644182219,67881600
2022-11-29,376.1851806640625,378.1554121174717,374.3481589210329,376.9656454935845,52310000
2022-11-30,388.0351867675781,388.0351867675781,374.5194571611336,376.4325818837763,144566700
2022-12-01,387.7496337890625,390.2433795179694,385.2463606338978,389.07263892248426,76398200
2022-12-02,387.3023071289063,388.2065122276852,382.76216868711776,382.8668541950364,85342700
2022-12-05,380.33502197265625,385.4177008262784,378.9834635345457,384.4849425076752,77289800
2022-12-06,374.85260009765625,380.7157732131678,372.76815579992063,380.1732617355015,77972200
2022-12-07,374.2148742675781,376.5753814167961,373.0822142567911,374.0054742055746,65927900
2022-12-08,377.14642333984375,378.212449392276,374.3195371968257,376.0994521400108,60737900
2022-12-09,374.3290710449219,378.45993659247966,374.205330689029,375.9090843451082,81447700
2022-12-12,379.7258605957031,379.7258605957031,374.4528077117335,375.119059475854,75405800
2022-12-13,382.600341796875,390.7097795629701,379.8400894083029,390.4528004635384,123782500
2022-12-14,380.1542053222656,385.9602719426471,377.2131058725146,382.2577044665144,108111300
2022-12-15,370.8549499511719,376.2041350287874,369.19880442028864,375.2999009475401,117705900
2022-12-16,366.4765930175781,369.6415593936089,364.34432159505855,368.302907769073,119858000
2022-12-19,363.3690185546875,367.0025351167428,361.7052677993639,366.6678648941245,79878100
2022-12-20,363.86627197265625,365.48222528681765,361.2941346468216,362.61367325179793,74427200
2022-12-21,369.3069763183594,370.435266494614,365.9220766091741,366.4575373430041,78167400
2022-12-22,364.038330078125,369.28777027212345,358.34902428686854,366.2662256920997,100120900
2022-12-23,366.1324157714844,366.2758375341586,361.46623322301946,363.0152466207401,59857300
2022-12-27,364.6885681152344,366.36189009849295,363.0152461319759,366.0176778685383,51638200
2022-12-28,360.15625,366.59137848650926,359.9267751898031,364.6216127041186,70911500
2022-12-29,366.63916015625,367.5092910145083,362.47018314198056,362.9961017998292,66970900
2022-12-30,365.6734313964844,365.8168531569802,361.8486954876929,363.961883087202,84022200
2023-01-03,364.1339111328125,369.4980880882608,361.27490181125125,367.52835185196017,74850700
2023-01-04,366.9450988769531,368.972203833434,363.34983850558666,366.3904959403079,85934100
2023-01-05,362.7570190429688,365.1092230485303,362.1641897487585,364.99448566002695,76970500
2023-01-06,371.0758361816406,372.1945841873677,362.7857380848977,365.8455090657922,104189600
2023-01-09,370.8655395507813,376.4496802008699,370.6838914233877,373.2655709052982,73978100
2023-01-10,373.46630859375,373.5332484725184,369.3451581672208,370.2822289287242,65358100
2023-01-11,378.1899108886719,378.2664219549091,374.2313240333408,375.0440863246855,68881100
2023-01-12,379.5667724609375,381.02973273660194,375.22571833967487,379.289500125456,90157700
2023-01-13,381.039306640625,381.6130228505716,376.1053939237536,376.3731242643396,63903900
2023-01-17,380.3412170410156,382.6934501829573,379.6623347181367,381.0201285443082,62677300
2023-01-18,374.33636474609375,382.58823512888193,374.1355743302912,381.5268851792279,99632300
2023-01-19,371.6113586425781,373.944420724422,370.2918200719056,372.2997830998825,86958900
2023-01-20,378.5340881347656,378.68708106087394,371.3627088632837,373.00734634342695,91806400
2023-01-23,383.0759887695313,385.0074698849866,378.3811219727352,379.3373059432333,84178800
2023-01-24,382.6648559570313,383.57321326654665,380.2170272035857,381.4026860490426,59524900
2023-01-25,382.8082275390625,383.1428977378186,376.3157307326941,378.6010242444025,84800300
2023-01-26,387.0154418945313,387.17800600043023,382.5022526217131,385.4664286118992,72287400
2023-01-27,387.9046630859375,390.2760095744735,385.762820567528,385.97318218490153,68346200
2023-01-30,383.0376892089844,387.378772106544,382.7412745466371,385.1508473703547,74202000
2023-01-31,388.6696472167969,388.7174447402499,383.2098160670996,383.5540574493801,86811800
2023-02-01,392.8003234863281,395.5445957142965,384.7205872650518,387.4552591361378,101459200
2023-02-02,398.5183715820313,399.981331954011,394.7892597691829,396.6824854385565,101654500
2023-02-03,394.2824401855469,398.7000051703591,393.0776391240828,393.5557310779441,94736800
2023-02-06,391.872802734375,393.2688521236934,390.21862339860974,391.8345763914126,60295300
2023-02-07,396.9980163574219,398.2410438196988,389.7118993305467,390.9549267928235,90990700
2023-02-08,392.6569213867188,396.3669196696717,391.9684677962696,395.0282680161365,76227500
2023-02-09,389.2528991699219,396.40516522520073,388.028984948847,396.2521723000143,78694900
2023-02-10,390.1613159179688,390.5437836705012,387.2640796514173,388.0768126828916,70769700
2023-02-13,394.7413940429688,394.875273798094,390.3525133608386,390.8114921464456,64913500
2023-02-14,394.5597534179688,396.86413102531327,390.61070909281807,393.2210725630297,88389300
2023-02-15,395.8410339355469,395.91751581058026,391.5286350725414,392.3700815999979,61555700
2023-02-16,390.3907775878906,394.8179138959173,390.2569270102,390.8784407346895,76431500
2023-02-17,389.4154052734375,389.6544512121104,386.3460344109805,388.2679730956426,89257800
2023-02-21,381.6033935546875,386.45125247879577,381.34523443071777,385.3994444508215,82655900
2023-02-22,381.0775146484375,383.5540272851373,379.6240965404271,382.0145561334285,83742300
2023-02-23,383.1046752929688,384.5772067863999,378.88790045752,383.9652350352112,96242400
2023-02-24,379.0121765136719,379.84405183245593,376.3922419822525,378.0942481460913,108194400
2023-02-27,380.302978515625,383.7069903770485,379.365907923053,382.3491965943758,80444700
2023-02-28,378.8974609375,381.78512595829335,378.79226552930106,379.8249605351709,96438600
2023-03-01,377.4440612792969,379.30863174384257,376.1436650512144,378.0847173960627,99706800
2023-03-02,380.3795776367188,381.2210242763125,375.1396784958807,375.4743487521402,85127800
2023-03-03,386.47991943359375,386.7285365509488,381.54600769019737,382.19620564898895,90120000
2023-03-06,386.7477722167969,389.59721125224,386.3079357148232,387.3023461383792,72795900
2023-03-07,380.8193054199219,386.9389049862105,380.207362971541,386.6998590400402,108310600
2023-03-08,381.44091796875,382.1962822868647,379.21299300204765,380.93414163742426,74746600
2023-03-09,374.4034118652344,383.88877016600645,373.4185434936177,382.2249901315046,111945300
2023-03-10,369.00091552734375,375.9332484862883,367.48058669730784,373.8583166785041,189253000
2023-03-13,368.4750671386719,373.2847008664306,363.9714484870125,365.08062547353046,157790000
2023-03-14,374.5659484863281,376.21058604424246,370.0909854321958,373.3898317252391,149752400
2023-03-15,372.2232971191406,372.42408758364206,366.8973453679593,368.9818486133687,172996900
2023-03-16,378.75396728515625,379.0982086417623,369.3642641428275,369.8710404113854,143254200
2023-03-17,374.3253173828125,378.55818505074,372.9431553160695,377.4255889740926,140553400
2023-03-20,377.9247131347656,378.3374636707092,374.40214170963634,375.1028011958168,93055800
2023-03-21,382.8870544433594,383.36697102971766,379.6907935748145,381.28412015653794,91524200
2023-03-22,376.3601989746094,386.3232727268631,376.3218267349629,382.71431965042825,111746600
2023-03-23,377.3775939941406,383.2517678978039,374.6708576136584,379.2204571484992,119351300
2023-03-24,379.8539733886719,379.9403548581303,373.759026959202,376.1010222149094,107682400
2023-03-27,380.5642395019531,382.8966563380157,379.67160169490063,382.1287722364247,74010400
2023-03-28,379.7100524902344,380.5642888800985,377.8767674052834,379.8732077448908,62871700
2023-03-29,385.2290649414063,385.4690232440617,382.6662973806607,383.8660888939379,77497900
2023-03-30,387.4847106933594,388.10859647318574,385.62263176836,387.8590304445402,69840000
2023-03-31,392.9461364746094,393.24368242982905,388.3005179073783,388.4061147934353,112062600
2023-04-03,394.44342041015625,394.8465339049245,392.0342299787,392.4277650609709,67391100
2023-04-04,392.2550048828125,395.3744624499985,390.8824212914967,395.0864949456508,66601500
2023-04-05,391.22802734375,392.283849746842,389.5771130294023,391.5255732993779,65200200
2023-04-06,392.7541198730469,393.03247968178334,389.3850962213968,390.4313108155922,63743300
2023-04-10,393.1572265625,393.23402961478297,389.66344926995697,390.2777272293107,63681000
2023-04-11,393.2628479003906,394.6641961280183,392.4949930804865,393.78116601430696,59297900
2023-04-12,391.6599426269531,395.6144801885437,391.0744584094717,395.32651264091214,86420400
2023-04-13,396.86224365234375,397.2173772579594,391.60234704835096,392.7445509263928,85814800
2023-04-14,395.8927307128906,398.4170963154106,393.58913725641605,396.2286781379928,78161500
2023-04-17,397.3133239746094,397.3325100919648,394.5777937246766,395.8063789464151,66436400
2023-04-18,397.5724792480469,399.0218366720418,396.1999248791392,398.8874459715307,63560000
2023-04-19,397.50531005859375,398.4075262603893,395.6048298992257,395.66241754419593,55227300
2023-04-20,395.3360595703125,397.0829628319808,393.79071305675006,394.6929585087422,75840400
2023-04-21,395.6432495117188,396.10395069254025,393.6947893230702,395.6336418065236,73457400
2023-04-24,396.0559692382813,396.4782981802782,394.1075090570705,395.4416619438188,64332100
2023-04-25,389.76904296875,394.6450119030647,389.7114553215701,394.088292257947,97766700
2023-04-26,388.1181640625,391.4583943618871,387.56147365849546,390.3833857943013,80447000
2023-04-27,395.8448181152344,396.11357024267807,390.402550919768,390.65211692803183,92968400
2023-04-28,399.2234191894531,399.23302689490464,394.9041697532796,394.9617574024191,89433100
2023-05-01,398.82025146484375,400.8454851986158,398.5898716077984,398.78184994003936,62122300
2023-05-02,394.3378601074219,398.1580067083917,391.43917444922255,398.1099974743272,103998500
2023-05-03,391.6311340332031,397.2461641447407,391.3911757317852,394.83697342513307,91531800
2023-05-04,388.8572387695313,390.91126663739385,387.5230565279642,390.5849268562114,94901900
2023-05-05,396.0559692382813,397.1021838881152,392.22624422840113,392.485388641624,87891800
2023-05-08,396.1615905761719,396.6415072306633,394.76024214675766,396.3823627822816,50046800
2023-05-09,394.42431640625,395.53772662115546,394.1939657727488,394.6162947953608,49220100
2023-05-10,396.2671508789063,397.8892713646367,392.44700411687967,397.25577792419296,96142900
2023-05-11,395.5760498046875,395.8639880395315,393.5028066384593,395.4032868637811,70157100
2023-05-12,395.0577697753906,397.0254455424627,392.6390004941703,396.8142810526254,70481500
2023-05-15,396.4207153320313,396.8238288685914,393.75238023444746,395.6624389099318,54289400
2023-05-16,393.7716369628906,396.238415734528,393.762029255893,395.31695461644586,57705500
2023-05-17,398.5515747070313,399.1562450551422,394.1459435629325,395.7872502342352,87287000
2023-05-18,402.3909301757813,402.8132591766572,398.0140926137832,398.234835528931,97177200
2023-05-19,401.8053588867188,403.82101441184767,400.5863812999512,403.29311788250186,103793300
2023-05-22,401.9685668945313,403.5043059220389,400.58640469895295,401.8245977682805,60745400
2023-05-23,397.4573364257813,401.9013689419868,397.0638012887145,400.3272283937197,86383500
2023-05-24,394.5778198242188,396.2383417764392,393.4164298740769,395.85441436146,89213700
2023-05-25,397.9948120117188,399.4441694496832,395.8447951170828,398.0811934806872,90961600
2023-05-26,403.1491088867188,403.8689837488059,398.5707153088868,398.6474890724581,93830000
2023-05-30,403.30267333984375,405.60626696953454,401.9205113036728,405.0783704702366,72216000
2023-05-31,401.06634521484375,402.3813121326053,399.5018122688516,401.4790664986194,110811800
2023-06-01,404.8768005371094,405.9326227931181,400.0488412722422,401.29661257093727,88865000
2023-06-02,410.7318115234375,411.51885243910056,406.92127277329087,407.4491692853337,91426200
2023-06-05,409.9447326660156,412.3635015907827,409.2440439412278,411.077328721057,65460200
2023-06-06,410.83740234375,411.3652988856477,408.8793344192004,409.53204325524,64022200
2023-06-07,409.4168090820313,412.36350381538136,408.99448016231673,411.2309077542299,85373300
2023-06-08,411.8932495117188,412.34437231335727,408.7162037801872,409.484058667672,61952800
2023-06-09,412.63232421875,414.63837227354514,411.6436971048215,412.6899118726264,85742800
2023-06-12,416.3756103515625,416.4524134072559,412.8914406087862,413.61131547404943,76104300
2023-06-13,419.1207580566406,419.76382988102273,417.1722978814529,417.8345851160925,95899700
2023-06-14,419.619873046875,421.4243641568749,416.1740753599218,419.456717805613,100612100
2023-06-15,424.82220458984375,426.0699761048304,418.7080714411939,418.8040313332803,110303100
2023-06-16,423.3750915527344,427.3731894001626,422.90303570152577,426.8047878199797,114165800
2023-06-20,421.1785888671875,422.32503554227975,419.1072877770987,421.4387253030806,76160400
2023-06-21,419.02056884765625,420.9955241203809,418.43288044222425,420.19591625792975,76982300
2023-06-22,420.5331726074219,420.6391323512952,417.72967888460175,418.0668743070444,70637200
2023-06-23,417.3538513183594,419.1361444036858,416.6409458444642,417.0841009173784,92074500
2023-06-26,415.6487121582031,418.7026693868189,415.407862497876,416.7855154988048,72823600
2023-06-27,420.2055969238281,420.8221567639146,416.0726085341393,416.5254070700781,72813700
2023-06-28,420.4175109863281,421.4290677123489,418.509971256602,419.1265310456325,75636000
2023-06-29,422.0745239257813,422.2383146152685,419.59861200085055,420.0032229268465,67882300
2023-06-30,427.0553283691406,428.0379843526411,424.96474047999936,425.28267848094407,104964000
2023-07-03,427.5466918945313,427.8260563324992,426.4291459408796,426.70853977944085,32793400
2023-07-05,426.9107971191406,427.6429894132442,425.7258063379871,425.7354497315169,58418400
2023-07-06,423.5678405761719,423.991738320798,421.0629982853608,423.3366343156822,80658300
2023-07-07,422.4984436035156,426.438769743823,422.2575939538954,422.5755319557256,86134200
2023-07-10,423.5678405761719,423.7412452715391,421.5735983776706,422.1420000351028,62443500
2023-07-11,426.2653503417969,426.7566930521444,423.3558970583311,424.3289390845196,64463800
2023-07-12,429.6950378417969,431.1016209821125,428.6256794960012,430.0515200243212,91924500
2023-07-13,433.1054382324219,433.8954320784897,431.0726814584312,431.5061931540125,72425200
2023-07-14,432.8357238769531,434.83958003816,432.07463074719146,433.991813962652,69815800
2023-07-17,434.3386535644531,435.3887545883977,432.64306249429234,432.6912500682276,52680200
2023-07-18,437.5659790039063,438.2114395521847,433.5774949928172,434.01103608987984,80668200
2023-07-19,438.5390319824219,439.7239933832524,437.4889016897744,438.3559839057652,65891700
2023-07-20,435.6296081542969,438.442745236727,434.9167025391431,437.5467915202886,70591600
2023-07-21,435.6296081542969,437.5467915202886,435.6199941598992,437.3444566290197,71275600
2023-07-24,437.5755920410156,438.3848432188805,435.74511144759634,436.7759548553456,54023400
2023-07-25,438.7702331542969,440.02263949533193,437.2576903912355,437.3058779585616,55191200
2023-07-26,438.8377380371094,440.2635492538146,436.7856941637762,437.8357951870991,71052900
2023-07-27,435.92816162109375,442.6237927069571,435.0225647127747,442.2191524157684,92194400
2023-07-28,440.1961364746094,441.024645224626,435.9282579906258,439.1941936182639,80011800
2023-07-31,441.0342102050781,441.3906629481321,439.3578768125751,440.6681140687776,62040400
2023-08-01,439.772216796875,440.5140231570704,438.8184321616605,439.5698819163366,55291500
2023-08-02,433.6546020507813,436.9205079074881,432.9031523438812,436.6604008783812,93933400
2023-08-03,432.4118041992188,434.29044314301314,430.995607146359,431.6410971149184,64276100
2023-08-04,430.45611572265625,436.3232095269525,429.9358722590493,434.2230076857938,100128900
2023-08-07,434.2134399414063,434.36758726861206,431.59299418010113,432.2866424522289,58357500
2023-08-08,432.3251037597656,434.2037427118271,428.9724661870649,431.6796137883657,71361300
2023-08-09,429.4349060058594,432.7586427817327,428.67381291504086,432.5948520910791,78789600
2023-08-10,429.5890808105469,435.16716703483127,428.423376716208,431.7856284811605,93005500
2023-08-11,429.3385314941406,430.35011754971424,427.1227267257981,427.7200290859293,68690900
2023-08-14,431.7085571289063,431.7085571289063,428.1150989625596,428.4233935882657,47867400
2023-08-15,426.67962646484375,430.2923712690211,426.1111954097984,429.9358890851779,75707500
2023-08-16,423.5486145019531,427.9224233894094,423.4426253576642,426.26537646534126,80107200
2023-08-17,420.3211669921875,425.273020314269,419.8009235363625,425.012913286652,95711300
2023-08-18,420.5235290527344,421.5543727093042,417.1612770258868,417.50808644271694,98852000
2023-08-21,423.259521484375,424.0013277942752,419.3866698421799,421.53502982303786,68719000
2023-08-22,422.1130676269531,425.0321640493009,421.5543094057689,425.0321640493009,64994200
2023-08-23,426.8144836425781,427.43107286328376,423.0283341735705,423.1728380844883,68441000
2023-08-24,420.8992309570313,428.9243284062607,420.8703007742917,428.41372832126285,88517300
2023-08-25,423.8664855957031,425.1477928046301,419.0783933508206,422.6236931625658,102325100
2023-08-28,426.5543823242188,427.1709421526019,423.8664919427265,426.05339622552776,61595400
2023-08-29,432.72015380859375,432.9995476574254,426.2653709047112,426.44841900560834,83081900
2023-08-30,434.50238037109375,435.13822692888783,432.3539910652405,433.057282576268,69053900
2023-08-31,433.8665771484375,436.2557869248091,433.6835290574293,435.11898360214246,66084600
2023-09-01,434.67578125,437.06502016743536,433.2210400744053,436.5833209067049,58944100
2023-09-05,432.797119140625,434.5505114117044,432.7297035921897,434.2326028529468,55166200
2023-09-06,429.88775634765625,432.0939475374288,427.5659620214055,431.987958395261,70758500
2023-09-07,428.56787109375,429.24223247025344,426.5447281630559,426.8915375451562,70355400
2023-09-08,429.21331787109375,430.7451180605752,428.2595627004295,428.6160154651993,61659700
2023-09-11,432.0361022949219,432.34436749416994,430.12856253408137,431.8337674259448,60180100
2023-09-12,429.6661071777344,432.1131477113599,429.08809157187744,430.5909909482861,67565400
2023-09-13,430.1671447753906,431.3232055262028,428.7894623481302,429.8877509320253,60199300
2023-09-14,433.876220703125,434.569868937207,431.3328634452209,432.633457559199,83430800
2023-09-15,428.6487426757813,432.62229333118586,428.21370176743056,432.2935859212208,111848900
2023-09-18,428.9000854492188,430.1955896700722,427.86560575276553,428.3393267614431,55752200
2023-09-19,428.0106201171875,428.57137880593234,425.3326034960519,427.981617392204,66514600
2023-09-20,424.0758056640625,429.6832158729015,423.8727570723084,429.2675002876334,82562600
2023-09-21,417.0664978027344,421.4944142931869,416.9118067697351,421.233389771168,104095800
2023-09-22,416.1286926269531,419.6864977783781,415.71294757869936,418.091288955446,100829700
2023-09-25,417.878662109375,417.91731274481344,414.4851953264852,414.9202657617333,70874500
2023-09-26,411.739501953125,415.5486844090262,410.9080412093196,414.84291199312287,96168400
2023-09-27,411.90380859375,413.4700443597365,408.2686723025208,412.9092856337623,104705800
2023-09-28,414.2917785644531,415.964347748709,410.7629759370553,411.3527373620953,92258300
2023-09-29,413.2863464355469,417.5112441372113,411.76846823252566,417.3372277775056,115111300
2023-10-02,413.1219482421875,414.3691244055631,410.36657139466814,412.454856073705,83798600
2023-10-03,407.5919189453125,413.1800040858978,406.2287317175528,410.9467055118216,103760600
2023-10-04,410.5599365234375,411.30435944495287,406.5960637049735,408.0559363281981,87453000
2023-10-05,410.4052734375,411.2463819980621,407.1858528256416,410.2699077129364,70142700
2023-10-06,415.2779235839844,416.81512702154566,406.6347574601129,407.9592644123595,113273300
2023-10-09,417.93658447265625,418.5069910271343,412.8318987010215,413.3829504373266,80374400
2023-10-10,420.1119384765625,422.70294712015226,418.1686672417201,418.5650575162268,78607300
2023-10-11,421.8328247070313,422.0841718346621,418.797068320578,421.17540990507433,62451700
2023-10-12,419.2611083984375,422.8189135801861,416.9117992298615,422.44187816631086,81154200
2023-10-13,417.1728515625,421.95850789546967,415.6066453456879,420.75965970754623,95143100
2023-10-16,421.5621032714844,422.6255856986061,419.1741138914331,419.4158131019472,75433200
2023-10-17,421.542724609375,423.5923585822175,418.0912825017143,418.43931518310666,75324700
2023-10-18,415.9256591796875,420.7306406420036,414.8428514424272,419.77352121429993,93559800
2023-10-19,412.2711181640625,418.4489633659572,411.594378162745,416.6410582205272,121323000
2023-10-20,407.2051696777344,412.3775387523352,407.0988066814596,411.8361348739324,123919900
2023-10-23,406.4993896484375,410.3569290893258,403.9277065226112,405.6776064364825,92035100
2023-10-24,409.5641479492188,410.7146385432617,406.7700909338865,408.6166764293311,78564200
2023-10-25,403.6860046386719,407.91093157015536,403.17360349885,407.881928845422,94223200
2023-10-26,398.8520812988281,403.4733696714875,397.9336418727087,402.6226131148312,115156800
2023-10-27,397.0440979003906,400.833954292058,395.6229054415524,400.43756406837696,107367700
2023-10-30,401.7911071777344,402.8449122242464,398.53300645045545,399.8285107141757,86562700
2023-10-31,404.3144226074219,404.6334525608876,400.4568834170143,402.3614742415841,79665200
2023-11-01,408.6263732910156,409.4384791305935,404.7495083565733,405.2812643437381,98068100
2023-11-02,416.4574279785156,416.61211901779166,412.39686933434086,412.4161946501383,94938900
2023-11-03,420.2569274902344,421.8038083599404,418.6327158539773,418.7584041658839,100167800
2023-11-06,421.2237243652344,421.66844265759465,419.28045324415575,421.0110278768362,67831700
2023-11-07,422.4225158691406,423.0606052933152,420.0828841514639,421.2236972866714,64256100
2023-11-08,422.73193359375,423.5440394282341,420.4309523105621,423.02196085453033,61746000
2023-11-09,419.4351196289063,423.9113935278032,419.0097266771128,423.8727133946502,83174400
2023-11-10,425.9803466796875,426.28972875327344,419.42546520511473,421.5041020397778,89462200
2023-11-13,425.5743103027344,426.6764433760795,423.86309048956497,424.64619358239656,52236100
2023-11-14,433.8307495117188,435.1165763059157,431.2783917339626,431.5007656250588,97176900
2023-11-15,434.7492065429688,436.3927730128096,433.8984205823122,435.1649221132853,77327600
2023-11-16,435.2809448242188,435.59997479434537,433.24098818272,434.3044705903049,66665800
2023-11-17,435.8223571777344,436.4314439095968,434.37216191303287,435.2906012114316,83133200
2023-11-20,439.1771240234375,440.01823251916,435.5612839267532,435.5709613361329,69936200
2023-11-21,438.2200012207031,439.0514618608499,436.9534996970191,438.13299304399567,49244600
2023-11-22,439.9119567871094,441.226816038792,438.8195009694935,439.8733061505178,59394900
2023-11-24,440.1826171875,440.3759883694041,439.63156537724313,439.9602727830402,29737400
2023-11-27,439.3898620605469,440.3663068584605,439.0031197003399,439.5542010097652,50506000
2023-11-28,439.8248596191406,441.1203637861366,438.44234728096177,439.0030764411284,62115000
2023-11-29,439.5154724121094,443.1023097287388,439.1191116939092,441.97114450802434,63146000
2023-11-30,441.24609375,441.5941559718903,438.2876976332808,440.3566571355129,79752700
2023-12-01,443.8564758300781,444.38820233909854,440.0472935709732,440.6370255353667,89183400
2023-12-04,441.5264892578125,443.8757987003759,439.25451058722007,440.4726841519421,72430900
2023-12-05,441.439453125,442.3965725770802,439.76688393206007,440.14394887033336,69793500
2023-12-06,439.6605224609375,443.6050404253039,439.2254520989698,443.5760377014592,69124700
2023-12-07,443.0152893066406,443.6630266124851,441.1397012346477,441.73911050428126,66995400
2023-12-08,444.9199523925781,445.4516788944759,442.02920955180366,442.2709087807209,83194400
2023-12-11,446.65045166015625,446.8244975103325,444.2141343049595,444.4268307846884,65002200
2023-12-12,448.6904296875,448.7871152745883,445.3066406695012,446.3024402574832,68327600
2023-12-13,454.8778991699219,455.1292757819329,448.709730800554,449.0674408996175,93278000
2023-12-14,456.3377380371094,458.0006296077065,453.6693695971455,456.81145899765846,119026000
2023-12-15,455.5864562988281,456.9163630634481,453.7421004914981,455.7417745258769,141553700
2023-12-18,458.1491394042969,459.12957270241793,456.1300618027728,457.1881393985243,70375300
2023-12-19,460.9351196289063,461.0127935552055,458.6151220933891,458.6927663957653,55761800
2023-12-20,454.5478210449219,461.9640813854923,454.1207033179656,460.0808885777092,102921000
2023-12-21,458.8577575683594,459.1295570366737,455.1107760152546,457.5278509164755,86667500
2023-12-22,459.7799072265625,461.45925759296136,457.8870276491879,459.98374941589714,67160400
2023-12-26,461.7213439941406,462.6241033206968,460.1099508863103,460.1876248035588,55387000
2023-12-27,462.5561218261719,462.7017233741636,460.9835658600293,461.51744807730427,68000300
2023-12-28,462.7309265136719,463.5657286208665,462.3135254600746,462.91536504878167,77158100
2023-12-29,461.3913269042969,463.06096072132885,459.4401769650659,462.5367654374911,122283100
2024-01-02,458.8092041015625,459.7993540123723,456.7124526493962,458.3335624378489,123623700
2024-01-03,455.0622253417969,457.39193916554245,454.4603858132538,456.6541850988543,103585900
2024-01-04,453.5964660644531,457.1686961561285,453.3731905747532,454.5865863632777,84232200
2024-01-05,454.2177429199219,456.66393818647634,452.7713549830218,453.8003122508208,86118900
2024-01-08,460.7021179199219,460.8477194894472,454.5865853845721,454.7127832861343,74879100
2024-01-09,460.0032043457031,461.02244496424106,457.54729244084217,458.0520544271024,65931400
2024-01-10,462.604736328125,463.4686883884697,459.9935061021224,460.275022232607,67310600
2024-01-11,462.4009399414063,464.1190979620236,458.4307119015927,463.6046192581828,77940700
2024-01-12,462.7212219238281,464.5850109920546,461.31370050606375,463.847256832393,58026400
2024-01-16,461.0224304199219,462.6532272077025,459.2071951071508,461.3427834891872,85014900
2024-01-17,458.4598083496094,458.94516670999695,456.1106608508071,458.0035703058881,68843900
2024-01-18,462.5367126464844,463.09002818161,458.5859188601028,460.1293545970972,91856200
2024-01-19,468.3028564453125,468.5843725866021,462.5853504138152,463.6628317450775,110834500
2024-01-22,469.29296875,471.0111265282756,468.6425755704272,469.83656769535,75844900
2024-01-23,470.6616516113281,470.9043307691421,468.7493682867175,469.836566173897,49945300
2024-01-24,471.1761779785156,474.4571754342008,470.6811029978881,473.525295727068,81765000
2024-01-25,473.7388305664063,474.0106300348732,471.1761540957068,473.30199623812143,72525000
2024-01-26,473.1369934082031,474.79691054106985,472.29247468488353,473.3117152908374,76641600
2024-01-29,476.8839721679688,477.0296033689382,472.90405748370506,473.4476564539632,61322800
2024-01-30,476.5151062011719,477.2237103899132,475.7579187820987,476.19475312019154,58618400
2024-01-31,468.7396545410156,474.758079917689,468.7202212489611,474.31155855924624,126011100
2024-02-01,474.8746337890625,474.9037541058598,469.63273977415656,470.4384512454217,91891600
2024-02-02,479.873779296875,481.5239798187347,474.971642466127,475.311399216602,99228200
2024-02-05,478.1264343261719,479.9028622372628,475.8743943997294,479.2427820799248,75757100
2024-02-06,479.5146484375,479.8446885622171,477.64114268330553,479.06809742412736,55918600
2024-02-07,483.5139465332031,483.93134756331705,480.8541628931194,481.75695184930976,70556500
2024-02-08,483.7275085449219,484.1060726186496,482.69855130751233,483.513949705615,52343600
2024-02-09,486.5231323242188,486.95993698445255,483.89246922228017,484.232225929518,63979400
2024-02-12,486.30963134765625,488.75582660767503,485.5912808921892,486.49406987855394,56502300
2024-02-13,479.6116333007813,482.5334996770295,476.35003982173856,480.0484676099725,113099200
2024-02-14,483.97021484375,484.4555731763151,479.92231331563113,482.2423403647749,68387800
2024-02-15,487.3094482421875,487.4938867654942,484.19342663721847,484.6690979139186,61683000
2024-02-16,484.8826904296875,488.1442842020213,484.144936285217,487.0085622942672,75532900
2024-02-20,482.2132263183594,483.8149029118612,479.9708731626724,483.14510603430045,71736700
2024-02-21,482.6500549316406,482.8053731626366,479.106944807319,480.9124933217148,59293400
2024-02-22,492.6387023925781,493.59970240133447,488.2898811137423,489.25091074642,76402500
2024-02-23,492.9784240722656,495.1916567031526,492.25038663284334,494.3568250348437,61321800
2024-02-26,491.17291259765625,493.8521000550051,491.0467146922128,493.41526570907337,50386700
2024-02-27,492.0853576660156,492.308633148054,489.9692025931845,491.8621118078968,48854500
2024-02-28,491.4350280761719,492.01743437576624,490.1730786379002,490.5322390639573,56506600
2024-02-29,493.20166015625,494.8130532117829,490.55162288856457,493.19197313484807,83924800
2024-03-01,497.8320617675781,498.2591795076887,493.6677082373862,494.0754223071006,76844800
2024-03-04,497.2981262207031,499.1425115484434,497.0069230762816,497.0360730146448,49799300
2024-03-05,492.3280944824219,495.7450362651965,490.1245782125844,495.2984852488147,72855600
2024-03-06,494.8228149414063,497.0748846909984,493.53177482463775,495.5993764159242,68382400
2024-03-07,499.7345581054688,500.7829485129957,494.88097561410905,498.1134781427479,58652100
2024-03-08,496.735107421875,503.04473579557066,496.1623881738849,500.36560770630734,86532500
2024-03-11,496.3079833984375,496.89041928478855,493.6093924281333,495.5314219659159,62557200
2024-03-12,501.6469421386719,502.2293483869414,495.9002573325016,498.41443934118087,73114400
2024-03-13,500.8606262207031,502.1419792694536,499.4239845817287,501.9672573875113,55104100
2024-03-14,499.87054443359375,501.9866995940405,496.8321966177629,501.831351753217,110171800
2024-03-15,496.4381408691406,498.2590460217431,494.7730662340284,496.8081640582688,107646300
2024-03-18,499.3885498046875,501.93972478311895,498.9795987021718,500.498619372016,88893300
2024-03-19,502.1636657714844,502.4460268329335,497.69420694089,498.6971800566581,60755300
2024-03-20,506.808349609375,506.9446864437559,501.5502289693654,502.22210687375775,69594600
2024-03-21,508.4831237792969,510.3429267056912,508.2007033176528,509.6418678324689,60256100
2024-03-22,507.5191650390625,508.8823549532907,507.2854193036717,508.3954886770838,79070800
2024-03-25,506.1170349121094,507.2660322991133,505.96120440733904,506.1462159868013,48512100
2024-03-26,505.1822204589844,507.87947884663447,504.7830162330491,507.5386367689601,65463700
2024-03-27,509.42779541015625,509.46678276035976,505.8444656756774,508.0061834942003,82999800
2024-03-28,509.330322265625,510.8298490860622,509.0479612048705,509.4666590943707,96294900
2024-04-01,508.4441528320313,510.6058699579784,507.2854087415083,510.070328951685,62477500
2024-04-02,505.2115478515625,505.3478252741464,502.9134932946272,504.627272517318,74230300
2024-04-03,505.7665100097656,507.266096506351,504.0722245054593,504.1208992573895,59155800
2024-04-04,499.5929870605469,510.10928714568735,499.2911323349373,509.7685045119711,96858100
2024-04-05,504.8122253417969,506.7694375345306,500.5083435441168,500.94653513579135,74546500
2024-04-08,505.09466552734375,506.5163368559833,504.2865100686739,505.5134229447424,48401800
2024-04-09,505.6788940429688,507.0713247303679,500.8394114169826,506.8278915451877,68049200
2024-04-10,500.6154479980469,502.6018412987628,498.6388015333815,499.9922448100833,82652800
2024-04-11,504.3935241699219,505.8346295064768,498.6290433917763,502.1344572387197,70099000
2024-04-12,497.4313049316406,502.270757144988,495.70777921046096,500.8588329878134,92561100
2024-04-15,491.199462890625,501.7644387082916,490.3522904966187,501.5989207934361,92101400
2024-04-16,490.3035888671875,493.19557596027215,489.018254666714,491.676555438244,73484000
2024-04-17,487.4019165039063,492.9229942757104,486.0094858021586,492.7574466330574,75910300
2024-04-18,486.3989562988281,490.8878795783521,485.4641812105924,488.794360179131,74548100
2024-04-19,482.1534729003906,487.3142441699,480.8876025986124,486.32104754330464,102212600
2024-04-22,486.5936584472656,489.1837907418849,482.4163372523079,484.7532895605779,67961000
2024-04-23,492.3678894042969,492.79633413093177,486.4086505723251,488.5995489497242,64633600
2024-04-24,492.13421630859375,494.042723959268,489.9141070818204,493.25400289949073,55928100
2024-04-25,490.2646789550781,491.0241892900092,484.4222826199273,486.0678932982719,69122400
2024-04-26,494.9093933105469,496.4868355354093,492.41663996726425,493.0495602812449,64306100
2024-04-29,496.6620788574219,497.33395677101214,493.9258924563797,496.6912896486231,46415400
2024-04-30,488.79437255859375,496.1752536684076,488.79437255859375,495.2015209263445,77483600
2024-05-01,487.2071533203125,494.841213980312,486.7397509352648,488.2100967940072,80242800
2024-05-02,491.7642211914063,492.6016467604268,486.4281553313073,490.9073316662554,62550200
2024-05-03,497.8597717285156,499.08665465274976,495.20147091341136,497.733181730278,72756700
2024-05-06,503.00103759765625,503.03996550471606,499.8169130959195,500.2551046359992,47264700
2024-05-07,503.55615234375,504.9485829994704,502.8842743906612,503.9651034446084,52561300
2024-05-08,503.604736328125,504.1402773404304,501.6085965012132,501.72543965182825,42047200
2024-05-09,506.5065307617188,506.5455181068331,503.1374535973279,503.7898378767789,43643700
2024-05-10,507.158935546875,508.9116424165656,505.9417697440449,508.1034276825477,52233200
2024-05-13,507.2270812988281,508.9408603825465,506.0878306657376,508.83376404779614,36716400
2024-05-14,509.5543518066406,510.07045870728615,506.8863334989738,507.4218746415022,57535900
2024-05-15,515.8641357421875,516.1562436643347,511.3849296855296,512.0178797101214,59504900
2024-05-16,514.8026733398438,517.5583531460086,514.6565896819933,515.9614174721102,50244800
2024-05-17,515.542724609375,515.6108930215729,513.4686694664939,514.9195214966393,59187600
2024-05-20,516.13671875,517.5973177042522,515.2700824401487,515.6595992673854,37764200
2024-05-21,517.402587890625,517.5584184029028,515.1727614260365,515.3772666864285,33437000
2024-05-22,515.9129028320312,517.4221768932046,513.7414381195646,516.7113709167669,48390000
2024-05-23,512.14453125,519.0677572803991,510.9370526401655,518.9606609347318,57211200
2024-05-24,515.5330810546875,516.3412958961842,513.0403275362747,513.9848197975488,41291100
2024-05-28,515.8933715820312,516.5749964273494,513.2642811397658,516.3413100648252,36269600
2024-05-29,512.28076171875,513.4589997088932,511.56995584928654,511.871810616093,45190300
2024-05-30,508.8824157714844,511.4044095336918,507.6360688600374,510.7422784507473,46377600
2024-05-31,513.5173950195312,513.6439850215788,504.7440541264526,509.8367164200918,90785800
2024-06-03,513.9361572265625,515.4065032558699,508.87273480704334,515.1241421408643,46835700
2024-06-04,514.5106811523438,515.2507275789484,511.17078482758455,512.6313840068518,34632700
2024-06-05,520.6256713867188,520.6451650598835,514.84169649016,516.8281493311971,47610400
2024-06-06,520.6158447265625,521.3558910101924,518.6878732006264,520.927446289771,30808500
2024-06-07,519.9829711914062,522.787325920015,518.5515533208824,519.6421291117942,43224500
2024-06-10,521.5897216796875,521.9110701669202,518.5809204008552,519.1748831863932,35686100
2024-06-11,522.8458862304688,522.904307826486,518.0745713052842,520.0415307577631,36383400
2024-06-12,527.139892578125,529.8274041983666,526.1077383475028,527.4028194115604,63251300
2024-06-13,528.2013549804688,529.0582445758802,525.4164935113477,528.8829798084458,44760900
2024-06-14,528.5226440429688,528.5518251182958,525.6695550365463,526.6725282080745,40089900
2024-06-17,532.7290649414062,534.1215548157255,527.3832826445532,527.8409678567655,55839500
2024-06-18,534.0826416015625,534.2092316077063,532.3688625324717,532.7875604635906,41376400
2024-06-20,532.6317749023438,535.669816103357,530.8595742964317,535.0076850141029,70328200
2024-06-21,531.917724609375,533.0313753907063,530.4621917432297,531.8102827682807,64338600
2024-06-24,530.1886596679688,534.3013212499749,530.0714395414016,531.7419157804823,45528700
2024-06-25,532.230224609375,532.5916631831469,529.8954816744096,531.4096242974609,37936200
2024-06-26,532.8946533203125,533.6077524053179,530.4720243887124,531.1167351250136,38550600
2024-06-27,533.7346801757812,534.3110621107577,532.0153722749866,532.7578061070262,35041500
2024-06-28,531.63427734375,537.554190328543,530.3936880532558,534.506288952046,76144500
2024-07-01,532.7284545898438,533.2559450469041,529.9736629556671,533.0117265646933,40297800
2024-07-02,536.3135986328125,536.3135986328125,531.0775683576217,531.126400132376,40434800
2024-07-03,538.7069702148438,539.068408833479,535.9619565950238,536.0010100914286,32789900
2024-07-05,541.8134765625,542.213968717536,538.3748605783948,539.0098526062544,41488400
2024-07-08,542.4386596679688,543.3861988920726,541.3738407022457,542.5949332840256,36110500
2024-07-09,542.9661865234375,544.2947210316149,542.6731362089374,543.396013525926,27289700
2024-07-10,548.3388671875,548.6807492045888,543.8941028470899,544.1871530936876,38701200
2024-07-11,543.6109008789062,549.3256503566656,542.9759684638211,548.4562180647349,53054200
2024-07-12,547.0396728515625,550.6345620898736,544.2653840243584,544.7342644743289,53084400
2024-07-15,548.5440673828125,551.7775178290722,546.6879829958002,549.0325043663784,40584300
2024-07-16,551.7970581054688,552.090108393895,549.1008762046278,549.8530882979716,36475300
2024-07-17,544.0602416992188,547.5476892504238,543.7378565645935,545.8772131422685,57119000
2024-07-18,539.8792114257812,546.5806130354061,537.7008012722223,545.5939606590898,56270400
2024-07-19,536.2941284179688,541.2664440605769,535.2390876445896,539.6447995873152,65509100
2024-07-22,541.8231811523438,542.4288382548532,538.2771238069361,540.2113152231016,43346700
2024-07-23,540.973388671875,543.8648979607326,540.4849516029554,541.7157629327536,34439600
2024-07-24,528.7135009765625,536.4698829953903,527.7952370228695,536.1670544374522,74515300
2024-07-25,525.9586791992188,534.7994361794972,525.0209183627663,528.8306910081631,61158300
2024-07-26,531.8492431640625,534.5356464631268,528.9674531548811,529.7392217162956,53763800
2024-07-29,532.1619873046875,534.3990077101311,530.1691258203317,533.3928583100442,39515800
2024-07-30,529.4657592773438,534.6822931769603,526.0662565076813,533.6272524601584,46853600
2024-07-31,538.072021484375,540.6998152024645,534.9167372159726,536.2843251839307,65663400
2024-08-01,530.4523315429688,542.0380422456446,526.955106117804,539.7912440920945,76428700
2024-08-02,520.5762329101562,524.5716145988897,516.3756265717791,523.3603002519518,82789100
2024-08-05,505.4150695800781,511.4717002411795,498.4694800108966,499.80782241877216,146267400
2024-08-06,510.0747680664063,517.4989864003181,505.8937188490462,507.2124748611044,84826300
2024-08-07,506.66552734375,519.2965627450678,506.0696484137689,516.2486605015515,70698300
2024-08-08,518.378173828125,519.0033278281719,509.7719169059722,511.7939934684511,63276600
2024-08-09,520.6640625,522.1489300560904,516.3365178449808,517.5576103421191,45619600
2024-08-12,520.9376220703125,523.3406939742863,518.6712672136742,521.8558860240913,42542100
2024-08-13,529.5048217773438,529.7393216479126,523.878076980635,524.1222955084382,52333100
2024-08-14,531.1752319335938,532.3572709257232,527.6291745808618,530.2960214933445,42446900
2024-08-15,540.27978515625,540.5630571909627,536.1866801444643,536.7923373384469,60846800
2024-08-16,541.4910278320312,542.1846298407453,538.5115740387317,538.6678476452682,44430700
2024-08-19,546.6683959960938,546.6683959960938,541.0513709978661,541.9012465320536,39121800
2024-08-20,545.7794799804688,547.8700045132335,544.4411674580102,546.2190851764095,33732300
2024-08-21,547.6551513671875,549.1106842316043,541.9013486274712,546.8248322343893,41514600
2024-08-22,543.35693359375,550.1559994238155,542.1456191373768,549.5503421956289,56121500
2024-08-23,549.1302490234375,550.0680696349215,544.4021520897437,546.5904001832064,50639400
2024-08-26,547.8211669921875,550.8690092024209,546.1214157161334,550.1559102385648,35788600
2024-08-27,548.5734252929688,549.0618623501647,545.4083627021253,546.5512887213379,32693900
2024-08-28,545.3887939453125,548.661357929549,542.204174863817,548.2315309438809,41066000
2024-08-29,545.4376220703125,550.644377643334,544.2946960843145,547.352316743397,38715200
2024-08-30,550.6443481445312,551.1523417216108,544.2556134288437,547.8016709409602,62700100
2024-09-03,539.3126220703125,547.8407131286382,536.8020487007664,547.508549729637,60600100
2024-09-04,538.208740234375,541.608242662233,536.7532075195429,537.4760847370844,47224900
2024-09-05,536.8997802734375,540.9928852935313,534.4478166491117,538.1502077884983,44264300
2024-09-06,527.8635864257812,538.8436399407501,526.964879098129,537.2220554393132,68493800
2024-09-09,533.7737426757812,535.0437266855093,530.1300214174476,532.054494369654,40445800
2024-09-10,536.0986938476562,536.4504138231891,530.8138314182086,535.6786451567546,36394600
2024-09-11,541.5984497070312,542.5167136236998,527.4728902611638,536.0107592184578,75248600
2024-09-12,546.1604614257812,546.4632899534062,539.957276313442,542.1747991721596,51819600
2024-09-13,549.012939453125,550.0093699640063,546.5121445202687,546.7661412876428,39310500
2024-09-16,549.8239135742188,550.0876290701726,546.9519009753941,548.7493161553681,36656100
2024-09-17,550.0485229492188,553.4773606816602,547.8212213158272,552.0315464267048,49321000
2024-09-18,548.4171752929688,555.5385664291312,547.8603498689396,550.7030274298603,59044900
2024-09-19,557.7755737304688,559.6316584337985,554.9426745171918,557.8049085738365,75315500
2024-09-20,556.8113403320312,557.8500005367814,553.7933228326182,556.4096197933483,77503100
2024-09-23,558.2027587890625,558.8495067502496,556.6643550711399,557.8794446150124,44116900
2024-09-24,559.7999267578125,559.8587165873663,556.1743944512203,558.9964258828836,46805700
2024-09-25,558.5652465820312,560.3780425284191,557.4579883539482,559.6431398003925,38428600
2024-09-26,560.7798461914062,563.1413674659622,558.428192996937,562.8179934718497,48336000
2024-09-27,559.9664306640625,562.6610738881527,558.9375788488986,561.847824630314,42100900
2024-09-30,562.21044921875,562.8179640810873,556.6447925339722,558.9376557740085,63557400
2024-10-01,557.1739501953125,562.5044480240527,554.6066943100618,561.857759819067,72668800
2024-10-02,557.4090576171875,558.4281611024765,553.8913563966638,556.282242548741,38097800
2024-10-03,556.3900146484375,558.3301388916863,554.106899883147,555.9392527365582,40846500
2024-10-04,561.4461059570312,561.8184614824812,556.6643337627131,560.8287828388663,42939100
2024-10-07,556.370361328125,560.446655391967,555.2239297880301,559.7999074826037,49964700
2024-10-08,561.63232421875,562.2300906410503,558.0656412646009,558.9376805045769,37398700
2024-10-09,565.5224609375,566.0809942856702,561.0248291372598,561.6225357741174,37912200
2024-10-10,564.5328369140625,565.9536612034724,562.9258348238808,564.1800978620382,44138100
2024-10-11,567.9132690429688,568.6481717987969,564.3171018304082,564.4542980317323,42268000
2024-10-14,572.5579223632812,573.4888112745962,569.0401610478535,569.520288010914,36217200
2024-10-15,568.1091918945312,573.1261226985413,566.894102569196,572.8223653188406,54203600
2024-10-16,570.5785522460938,571.097912292803,567.3058184280349,568.1093193754714,30725400
2024-10-17,570.6275634765625,574.3216944108202,570.441385688738,574.1159000748407,34393700
2024-10-18,572.8223876953125,573.6062719503354,570.8528388827377,572.3128360166068,37416800
2024-10-21,571.8817749023438,573.0771881011084,568.912738838732,572.0973176864316,36439000
2024-10-22,571.5780639648438,572.7343039714391,568.6972423190728,569.3537388044809,34183800
2024-10-23,566.3552856445312,570.0004346494243,562.8571411229607,569.5594810059998,49314600
2024-10-24,567.5802001953125,568.3837012123148,564.9639626077603,568.3052948235324,34979900
2024-10-25,567.3840942382812,572.6950344865168,566.443456997856,569.8044050522926,47268200
2024-10-28,569.1381225585938,570.9802836348513,568.8343651367928,570.8528957024953,30174700
2024-10-29,570.0592041015625,571.1762108700161,566.7864107519835,568.1778099310847,42899700
2024-10-30,568.3346557617188,571.5780244818477,567.6291179550885,569.5888588084969,41435800
2024-10-31,557.1935424804688,564.0428273008541,556.9975564307639,563.9742291931302,60182500
2024-11-01,559.5451049804688,563.9643295266857,559.1335762073604,559.8194973668982,45667500
2024-11-04,558.3399047851562,560.9757583388703,556.4585705161212,559.6823223393656,38217000
2024-11-05,565.09130859375,565.1304818819561,559.0357163025479,559.2512590975022,39478300
2024-11-06,579.142578125,580.0146771322202,573.6063462638446,577.3396500855225,68182000
2024-11-07,583.6205444335938,584.6396478381987,581.0630972629532,581.1415036340469,47233200
2024-11-08,586.1486206054688,587.569444510154,584.1692634497057,584.1692634497057,46444900
2024-11-11,586.7071533203125,588.0887441353201,584.9825720146739,587.7360051791314,37586800
2024-11-12,584.8846435546875,587.2264882691159,582.4055428293386,586.6287817012992,43006100
2024-11-13,585.1688232421875,587.1677373847895,582.9837313260188,585.3451927424278,47388600
2024-11-14,581.4060668945312,585.7763103260314,580.7202054727688,585.296183408181,38904100
2024-11-15,573.9590454101562,578.3194803370213,572.1070761341368,577.8491019104924,75988800
2024-11-18,576.3108520507812,577.6238450144261,573.5574183688442,574.4196493771738,37001700
2024-11-19,578.4176025390625,579.1426972131617,572.2738545527387,572.9401593831692,49412000
2024-11-20,578.6134643554688,578.8976052377521,572.8616299600318,578.495884693383,50032600
2024-11-21,581.7196044921875,583.1404284379229,575.6248397212988,581.4550801704302,46750300
2024-11-22,583.5226440429688,584.1497754660484,581.2101642027249,581.7098478799927,38226400
2024-11-25,585.5020141601562,588.7649396726674,583.2188992835091,587.451946771504,42441400
2024-11-26,588.5591430664062,589.2254477201681,586.0310608458545,586.7463470552605,45621300
2024-11-27,586.7758178710938,588.755115442667,585.2570306878304,588.3730114334577,34000200
2024-11-29,590.4208984375,591.2047827973582,587.3147260107087,587.5890586237147,30177400
2024-12-02,591.4790649414062,592.1551777846197,590.3423819959737,590.8323171053594,31746000
2024-12-03,591.7534790039062,591.9984465923378,590.2151351783115,591.2439870884159,26906600
2024-12-04,595.427978515625,595.6729460981672,592.7725681970518,593.438872844782,42787600
2024-12-05,594.4481201171875,596.2314913306755,594.0953811448159,595.4279904670244,28762200
2024-12-06,595.5750732421875,596.8097196143469,594.8009970944031,595.212525949607,31241500
2024-12-09,592.5079345703125,595.6239147831491,591.920036343941,595.4573535867661,34742700
2024-12-10,590.6658325195312,593.6054435570935,590.0093361336401,593.184106485161,37234500
2024-12-11,595.2319946289062,596.1824400499527,593.311427437485,593.5858198104879,28677700
2024-12-12,592.1651000976562,594.9380902901107,592.1651000976562,594.3698085144841,31543800
2024-12-13,592.0475463867188,594.9087513561514,590.6757038334936,594.1934650654297,35904700
2024-12-16,594.5755615234375,595.5456834945226,593.0274092921627,593.8014854078001,43695200
2024-12-17,592.1257934570312,592.9880840930309,590.7540109408761,592.0278303510687,55773500
2024-12-18,574.4784545898438,594.2031909866316,574.0962907751041,591.822113059209,108248700
2024-12-19,574.302001953125,581.0631314525076,574.057034359764,579.456129686489,85919500
2024-12-20,581.1998901367188,585.7224397345614,571.1321976271144,571.9777678628068,125716700
2024-12-23,584.6802978515625,585.2800160502417,577.7685966184363,580.9442707021165,57635800
2024-12-24,591.1790771484375,591.2184422848073,585.4471892507113,586.0272849416975,33160100
2024-12-26,591.2184448242188,592.3392110668057,588.0133066034633,589.4093887705021,41219100
2024-12-27,584.9949340820312,587.7183292627742,580.8164691334702,587.4823184826345,64969300
2024-12-30,578.3192138671875,581.7799853973963,574.5733451400716,577.9948115421023,56578800
2024-12-31,576.2152709960938,580.6985158642835,574.583178079053,579.9807622286955,57052700
2025-01-02,574.799560546875,581.1803135593343,570.7292291618253,579.4696102256324,50204000
2025-01-03,581.9864501953125,582.6254735449975,576.5593423217554,577.6408633877121,37888500
2025-01-06,585.3390502929688,589.6060270134918,583.608664526265,586.2337670283534,47679400
2025-01-07,578.722412109375,587.6889029930588,576.9035745975999,587.3644406233403,60393100
2025-01-08,579.56787109375,580.6395509433228,575.350100693004,578.7911897402016,47304700
2025-01-10,570.7192993164062,576.0874192959229,568.8119506064235,576.0185903209236,73105000
2025-01-13,571.6041870117188,571.9581131697737,565.6658125456092,566.0787864044993,47910100
2025-01-14,572.3906860351562,575.1533862250869,568.6152938144415,574.5241441869972,48420600
2025-01-15,582.8026123046875,583.943061283102,579.2828525136379,580.3938376431494,56900200
2025-01-16,581.681640625,584.345988007067,580.9835696093336,584.1690249343256,43319700
2025-01-17,587.521728515625,589.2717368825727,585.5848557638515,586.9121689712896,58070600
2025-01-21,592.8995971679688,592.9094384516549,588.5933154613438,590.5596519481012,42532900
2025-01-22,596.232666015625,597.5894432517595,595.1708273073808,595.7213992287225,48196000
2025-01-23,599.4868774414062,599.4868774414062,595.3280946897063,595.6033506126263,41152100
2025-01-24,597.7367553710938,600.4995156835615,596.5864653530726,599.5458113037603,34604700
2025-01-27,589.2816162109375,589.5962372876534,584.6312490621345,584.7983708814467,70361100
2025-01-28,594.344970703125,595.1806398263976,587.1973173488781,590.5105900023588,44433300
2025-01-29,591.680419921875,593.9613772229904,589.1339880186671,593.558244678493,37177400
2025-01-30,594.8561401367188,596.3898803192325,590.6088457833347,593.7943615542468,39281300
2025-01-31,591.6903686523438,599.6933732210748,590.9333098394596,597.2747575383468,66566900
2025-02-03,587.70849609375,590.1860392450765,580.5510025263411,582.6943020815504,65857200
2025-02-04,591.651123046875,592.1623298220667,587.2268651385132,587.7675957701897,33457800
2025-02-05,594.0499267578125,594.1974260072697,588.5049031019603,590.5302274178379,30653100
2025-02-06,596.1145629882812,596.2423796576439,592.4866698522919,595.7901006731433,35771500
2025-02-07,590.657958984375,597.8940622927604,589.9500466999555,596.6749433667395,50788500
2025-02-10,594.66943359375,595.30851711154,592.5949624942194,593.8632882437039,26048700
2025-02-11,595.1216430664062,595.6623736678141,592.2901133629294,592.408088766588,30056700
2025-02-12,593.2044067382812,594.3743794070193,588.4360645213627,589.1144530437037,45076100
2025-02-13,599.4672241210938,599.6737110792319,593.047165943141,594.3055902381474,40921300
2025-02-14,599.4376831054688,600.7059485220444,598.8182823186273,599.6736338799176,26910400
2025-02-18,601.1975708007812,601.1975708007812,598.1399318067746,600.5978525430173,26749000
2025-02-19,602.6134033203125,602.9083418402669,599.3001305958442,599.81139736899,31011100
2025-02-20,600.1063232421875,601.3844301402796,596.8028918726411,601.2467721645895,36554000
2025-02-21,589.842041015625,600.0276510429451,589.3799206723878,599.8899930676969,76519800
2025-02-24,587.1580200195312,592.8800672914438,586.4501075695626,591.8870576091449,50737200
2025-02-25,584.2378540039062,587.8264418905826,579.636634088407,587.0989070332523,58266500
2025-02-26,584.532958984375,589.488166464913,581.8980746927776,585.8995775558942,43321600
2025-02-27,575.20263671875,587.9543615454245,574.8094053796542,586.8040113591791,74196700
2025-02-28,584.178955078125,584.7098443771037,572.6365684069419,575.7040488167072,88744100
2025-03-03,573.9441528320312,587.2857532860544,570.1392964764723,586.1452445030724,74249200
2025-03-04,567.150390625,575.5368441329807,562.6179996474549,569.952455985737,109648200
2025-03-05,573.2461547851562,575.0355284425119,563.4341535288585,566.9833769883293,71230500
2025-03-06,563.0703125,570.4047092717689,560.5238803180225,565.7936477589768,80094900
2025-03-07,566.2261962890625,567.6714847046253,556.1094174114145,561.2907328755356,81158800
2025-03-10,551.14453125,559.9536812738498,546.2385307775894,558.0365509948175,99326600
2025-03-11,546.5628662109375,554.5265648872522,542.7285461144836,549.9843324603625,88102100
2025-03-12,549.4631958007812,553.6318192815521,544.3703918307585,552.7076387923001,69588200
2025-03-13,542.138671875,549.6992388466521,540.4279685563406,549.0896792735167,74079400
2025-03-14,553.3369750976562,554.3398260143258,542.2075022062043,546.7497351697265,62660300
2025-03-17,557.6038818359375,560.1207900872192,552.8846263579363,553.3172227764923,49008700
2025-03-18,551.5770874023438,555.5097605205915,549.6500559715837,555.2934322950165,66041400
2025-03-19,557.584228515625,561.3399385264869,552.1768030039566,553.3566169353411,66556000
2025-03-20,555.9718627929688,560.966374832501,553.1304918485869,553.848245552193,62958200
2025-03-21,556.1552734375,557.0526817242638,550.2878724028328,551.5205297947124,83763000
2025-03-24,566.1151733398438,567.1703352751009,562.2890000340255,562.880651498493,58766800
2025-03-25,567.4760131835938,568.4127846067184,565.73055113845,567.3181993393742,38355700
2025-03-26,560.7012939453125,568.3338979913931,559.3206937528307,567.2097001365158,51848300
2025-03-27,559.2122802734375,562.9792883535321,557.101956447335,559.3108687859911,42164200
2025-03-28,547.95068359375,558.4135249923543,547.3689030262066,557.6838014665011,71662700
2025-03-31,551.62890625,552.9305994826874,539.282592409213,542.201546342058,95328200
2025-04-01,553.1869506835938,555.1296497708261,545.998115405224,549.7158288612504,54609600
2025-04-02,556.687744140625,559.547472787333,547.1124411566806,547.3491017135567,76014500
2025-04-03,529.2537841796875,540.3673821784607,529.2537841796875,537.5470765410741,125986000
2025-04-04,498.2696838378906,518.5740121118964,498.0527349403516,516.404523136506,217965100
2025-04-07,497.3821716308594,515.9114550791749,475.115432610906,482.40291724281104,256611400
2025-04-08,489.5917663574219,517.6963226160137,482.3733180084264,514.6196148198313,165816600
2025-04-09,541.0084838867188,541.0084838867188,486.2094505309847,486.5940541464612,241867300
2025-04-10,517.3018798828125,526.098105010763,502.2535908103832,524.7865408671853,162331200
2025-04-11,526.5320434570312,528.9874872153164,512.8544826104954,515.7536950429114,97866300
2025-04-14,531.64013671875,536.7285795544979,526.4531053782949,536.5017296923237,68034000
2025-04-15,530.151123046875,535.6931457102869,529.3622343758641,532.1825399641931,56892900
2025-04-16,518.3670043945312,530.4273671801482,513.0715122042892,524.3035026067561,83484800
2025-04-17,519.1065673828125,523.8005368290635,516.6412523533407,520.3195433053942,79868100
2025-04-21,506.7503356933594,514.4618467446136,501.40552056556845,513.9293002870572,69368100
2025-04-22,519.9349365234375,521.956482797522,511.9867633247528,512.9235950678715,75948100
2025-04-23,527.9915161132812,537.8626460694973,526.4729038847668,532.9320165359907,90590700
2025-04-24,539.1051635742188,539.8348871004667,528.0211182344198,529.2734571828396,64150400
2025-04-25,543.0003662109375,543.4046513367819,536.1467793425768,539.0657336001437,61119600
2025-04-28,543.2074584960938,545.8700106135369,537.4583875113086,543.7400050325934,47613800
2025-04-29,546.6292724609375,547.7435994540236,540.9393072120234,541.294298062473,47775100
2025-04-30,546.84619140625,548.7987614609631,534.0068741379372,539.9729233205555,93101500
2025-05-01,550.7217407226562,556.2440822591161,550.1202183270924,552.5954041380958,63186100
2025-05-02,558.8966674804688,560.4941864598073,554.5774316657111,556.894803218062,60717300
2025-05-05,555.6917724609375,558.7882219920989,553.9068871278389,554.7648117792631,38659200
2025-05-06,551.047119140625,555.533979770925,549.2326812616892,550.1891944565425,48264700
2025-05-07,553.3646240234375,555.9975635671368,548.325474465382,552.3784980322621,55588000
2025-05-08,557.2202758789062,562.3974366423718,553.9069074354913,557.3977713110521,65130800
2025-05-09,556.5103759765625,559.6265076685456,554.9522800363936,558.6206398834757,37603400
2025-05-12,574.9015502929688,574.9114211824733,569.0340889310521,573.4026196086874,78993600
2025-05-13,578.6981201171875,580.9070323903663,574.7536167184122,575.3156554869938,67947200
2025-05-14,579.437744140625,580.8084133986617,577.4161378946785,579.6546629482465,66283500
2025-05-15,582.2678833007812,582.770756919371,576.9822030720642,577.4358426248243,71268100
2025-05-16,585.9559936523438,586.2518193704545,581.1042713102905,583.0469103495059,76052100
2025-05-19,586.5969848632812,587.27741416191,579.9406348417033,579.9406348417033,68168500
2025-05-20,584.6246948242188,585.8080578995526,581.419785763877,584.8614155899625,60614500
2025-05-21,574.7733154296875,584.3584902721909,573.7477661832594,580.2759146876367,95197700
2025-05-22,575.0001220703125,578.4811148637216,573.3433777523152,574.5760350084579,70860400
2025-05-23,571.0753784179688,573.7379304924723,567.6140667399493,567.9887994120531,76029000
2025-05-27,582.9483642578125,583.1061179228353,570.4048112020747,577.938827709351,72588500
2025-05-28,579.5757446289062,584.545857588394,578.8460211072919,583.3526236048898,68445500
2025-05-29,581.8635864257812,584.9699071457442,577.9388245287198,584.8318350718904,69973300
2025-05-30,581.2127685546875,582.9286180198035,575.1480700909575,580.7591289651484,90601200
2025-06-02,584.4867553710938,584.5656021144322,576.9428674958667,579.605419698203,61630500
2025-06-03,587.8197631835938,588.7960181097066,583.6385391723649,584.121791379625,63606200
2025-06-04,587.6619873046875,589.6539808386906,587.2280895107962,588.6777258495218,57314200
2025-06-05,584.8218994140625,590.6893600195378,582.8496477946317,589.3383724752952,92278700
2025-06-06,590.8274536132812,592.4940086999786,588.5790577947733,590.3540722792903,66588700
2025-06-09,591.3599853515625,592.9082102708385,590.1864930975049,591.3994087206146,53016400
2025-06-10,594.7128295898438,595.0973729509094,590.7781968461302,591.8924637491524,66247000
2025-06-11,593.0166625976562,596.6653405011278,590.9556931519085,595.8074157747775,73658200
2025-06-12,595.3734130859375,595.3734130859375,591.2021204830944,591.6853124635808,64129000
2025-06-13,588.7171630859375,593.499849631983,587.218232455665,590.1963519379123,89506000
2025-06-16,594.318359375,596.0638215052488,591.8924679557008,592.0700235861916,79984100
2025-06-17,589.2398071289062,593.4012293190596,588.4804709653109,591.8826171802143,82209400
2025-06-18,589.1510009765625,592.8785252065284,588.1944276516227,590.1371267775953,76605000
2025-06-20,587.7673950195312,592.8906208578056,586.3629131433069,591.8224395288368,94051400
2025-06-23,593.5730590820312,593.9587392448562,585.4035696790836,588.5190130228361,87426000
2025-06-24,600.13037109375,601.1885919192599,596.7972471416377,597.7072083922786,67735300
2025-06-25,600.4666748046875,601.940336500435,598.903972841808,601.247995602986,62114800
2025-06-26,605.1646118164062,605.5997923429508,601.7029677445283,602.3161684365299,78548400
2025-06-27,608.1712646484375,609.6350865938839,604.1360202356653,606.1635425121184,86258400
2025-06-30,611.0790405273438,612.4340220516922,608.2998373553096,610.6142201701539,92502500
2025-07-01,610.8812866210938,612.0483479268365,608.7746241554748,609.6053849111585,70030100
2025-07-02,613.6505737304688,613.6901136433279,609.8526292762224,610.4757300098587,66510400
2025-07-03,618.4869995117188,619.4167005776212,615.6088560521965,615.628656191773,51065800
2025-07-07,613.8780517578125,617.1913758193931,611.0988485499288,616.5286747873084,74814500
2025-07-08,613.5418090820312,615.2923708557059,612.7307881009865,614.5406899285775,59024600
2025-07-09,617.2210083007812,617.8737488887257,614.1055045789822,615.945166968477,66113300
2025-07-10,618.9617309570312,620.0002120765442,616.1825277796053,617.3594891460615,57529000
2025-07-11,616.7858276367188,618.0122289852302,614.7187654701638,615.9154666088177,63670200
2025-07-14,617.9627685546875,618.3089087938923,614.9857451789246,616.3308265898004,51898500
2025-07-15,615.322021484375,620.9793073894895,615.2428812967698,620.6430672331502,74317300
2025-07-16,617.3792114257812,617.8836320494379,611.276844692317,616.9044910111767,88987500
2025-07-17,621.1573486328125,621.5134493059918,617.3396644874989,617.557284919235,68885700
2025-07-18,620.7025146484375,622.5717567026577,619.5947932954602,622.4036365954075,65621600
2025-07-21,621.8794555664062,624.6190586454088,621.4541750937276,621.8794555664062,63375000
2025-07-22,621.9683837890625,622.8288447335428,619.3276609031153,622.2057439990875,60046300
2025-07-23,627.259765625,627.259765625,622.8288205336723,624.6288825447934,70511000
2025-07-24,627.4674072265625,629.1784892953694,627.0421268182102,627.6454273719465,71307100
2025-07-25,630.1181030273438,630.5928838363332,627.8829206987424,628.1301809903662,56865400
2025-07-28,629.9598999023438,631.0478210681617,628.5752180855901,630.4939604147171,54917100
2025-07-29,628.2982788085938,631.6708825055948,627.3883778702398,631.3543820995848,60556300
2025-07-30,627.5070190429688,630.6917023127537,624.6189756546709,628.9509803708415,80418900
2025-07-31,625.1531982421875,632.8380075585872,623.857556644127,632.4523273568442,103385200
2025-08-01,614.9066162109375,619.476041722763,612.5032535330552,619.4364414435403,140103600
2025-08-04,624.2530517578125,624.3024917393647,618.7243458354196,618.813325728958,73218000
2025-08-05,621.0880737304688,625.6772386500149,620.168272806011,624.8662177521945,68051400
2025-08-06,625.845458984375,626.4981995520814,621.2463937026511,622.1562946160922,64357500
2025-08-07,625.3212280273438,629.9993730574174,622.2156245224251,629.2674923107387,74205800
2025-08-08,630.197265625,630.6621463802445,626.794961476664,627.1114619051468,64051600
2025-08-11,628.9509887695312,631.9478122276477,627.7047873460086,630.474150672182,58742300
2025-08-12,635.6468505859375,635.8050706066525,629.8114837326607,631.2950454377703,64730800
2025-08-13,637.8228149414062,639.1085564704525,635.6370120856271,637.8425547169825,60092800
2025-08-14,637.882080078125,638.5447207235369,635.300697252298,635.7457174616427,59327500
2025-08-15,636.388671875,639.0096552004113,635.4787708739423,638.9107148606824,68592500
2025-08-18,636.2501831054688,636.9425240091701,635.1424618060598,635.8150025688236,43804900
2025-08-19,632.7984008789062,637.0512656505922,631.4829592777961,636.0721245937336,69750700
2025-08-20,631.1170043945312,632.6500060324975,626.013578858981,632.3929060531275,88890300
2025-08-21,628.5850830078125,630.9785456585483,626.864161086776,629.3071240874224,54805800
2025-08-22,638.2381591796875,639.4151205943501,630.2664897119097,630.7709103705197,84083200
2025-08-25,635.42919921875,638.2183023325629,635.3105191174199,636.9820009718095,51274300
2025-08-26,638.0897827148438,638.4359833484747,634.5391586749303,635.1622594491828,51581600
2025-08-27,639.543701171875,640.2755819843173,637.3578984386413,637.5062787617181,48341100
2025-08-28,641.8085327148438,642.3623933153343,638.267809046051,640.146950913372,61519500
2025-08-29,637.9810180664062,640.7404816664739,636.0919759234915,640.374480883152,74522200
2025-09-02,633.2533569335938,633.4709169972102,627.9619508913343,630.5136938017484,81983500
2025-09-03,636.6853637695312,637.1502445176759,633.4413400681225,635.6270824559713,70820900
2025-09-04,642.00634765625,642.0360478647699,636.4578416280056,637.3578424589464,65219200
2025-09-05,640.14697265625,645.0625384730564,636.2798483910566,644.3404973975818,85178900
2025-09-08,641.719482421875,642.7184234803435,640.1369806181674,641.5117620821245,63133100
2025-09-09,643.2030639648438,643.7272243154101,640.1271005117621,641.8579222981767,66133900
2025-09-10,645.0625,647.3768223058731,643.4997982019892,646.4570213518696,78034500
2025-09-11,650.4231567382812,651.1154976382888,646.4274520986086,647.0109525903231,69934400
2025-09-12,650.20556640625,651.8869485652141,649.701206088218,650.3934866540098,72780100
2025-09-15,653.6671142578125,653.7956944276398,652.114372883025,652.4110731340584,63772400
2025-09-16,652.76708984375,654.5276118800496,651.9857691498868,654.2209512044083,61169000
2025-09-17,651.9561767578125,654.4683196962441,647.1296508296768,652.7770978636573,101952200
2025-09-18,655.00244140625,657.6036246179045,653.0342590569163,654.6365009878455,90459200
2025-09-19,658.2465209960938,659.0895125014193,654.9438659954435,656.8877828567474,97945600
2025-09-22,661.3607177734375,661.8069717744121,656.7290467709187,656.7588293222589,69452200
2025-09-23,657.7605590820312,661.856628548307,656.5406245808955,661.2416672722171,81708900
2025-09-24,655.6677856445312,659.1489540239103,654.2495430702726,659.0497999269948,68082200
2025-09-25,652.6429443359375,653.9917550046746,649.0328388399253,652.5338627083877,89622100
2025-09-26,656.3819580078125,656.9274266555326,652.4743298182361,654.0909412604747,69179200
2025-09-29,658.2266845703125,659.8135740530697,656.4216318338509,658.9010899003678,73499000
2025-09-30,660.7061157226562,661.1722852976668,656.173659297658,657.4828203674869,86288000
2025-10-01,662.9574584960938,663.8698820443607,657.6117327913598,657.7208144097488,72545400
2025-10-02,663.7210693359375,665.0600128657511,661.3011766397112,664.9410037342527,56896000
2025-10-03,663.7112426757812,667.1527012490268,662.6698219114437,664.4848020775174,70494400
2025-10-06,666.0914916992188,666.9841207809839,663.9591941673339,666.1014192164715,54623300
2025-10-07,663.6219482421875,667.4601442579947,662.1838505424819,667.0138297258598,72020100
2025-10-08,667.5791625976562,667.6783772359653,663.919480237528,664.7426772273783,60702200
2025-10-09,665.6452026367188,668.4023890582872,663.7112737749407,667.9957845708525,66501900
2025-10-10,647.6542358398438,668.4122493878771,647.4757221413303,666.6071968358344,159422600
2025-10-13,657.5919189453125,659.664772492732,654.3488290056752,655.2216030747315,79560500
2025-10-14,656.78857421875,660.3590300864076,647.8030207789583,651.7701536094826,88779600
2025-10-15,659.7044067382812,664.7228272522149,653.5156893256119,661.3408732132422,81702600
2025-10-16,655.2117309570312,663.2154294168515,651.710706867285,661.3409444600238,110563300
2025-10-17,658.9308471679688,660.2895852935891,652.7322022395391,654.0810128478913,96500900
2025-10-20,665.7840576171875,666.6866142382812,661.7872027532737,661.8367798071084,60493400
2025-10-21,665.7741088867188,667.4601523988813,664.4748753427003,665.9229005771253,56249000
2025-10-22,662.3128051757812,666.4783066993808,657.8497808005621,666.4783066993808,80564000
2025-10-23,666.2402954101562,667.1825015615415,662.3128121266341,662.6301900162397,65604500
2025-10-24,671.6851806640625,672.8951271271609,670.0983517375236,670.9016937183009,74356500
2025-10-27,679.6094970703125,679.9070199177999,676.5151383891614,677.1201116013259,63339800
2025-10-28,681.4144897460938,683.2492642554724,679.2028328185232,681.4045622297778,61738100
2025-10-29,681.7418823242188,684.0328991417463,677.2590027977353,683.0609104229828,85657100
2025-10-30,674.2440185546875,680.3037996369978,674.2440185546875,678.2805836148408,76335800
2025-10-31,676.4556274414062,679.4508319897004,673.6587916341136,679.4111219213156,87164100
2025-11-03,677.7251586914062,680.1649066224819,674.3530715971103,680.0359699637585,57315000
2025-11-04,669.6917114257812,674.3729598389511,669.0371611161902,670.5545580097922,78427000
2025-11-05,672.012451171875,675.2654684624238,668.6304366940664,669.4337786331213,74402400
2025-11-06,664.8021850585938,671.8140994484131,663.2252231578799,670.9115428502156,85035300
2025-11-07,665.4567260742188,665.5658682287408,655.7769731606511,662.4218719882706,100592400
2025-11-10,675.8407592773438,676.57466917413,669.4834554774103,671.6752576501947,75842900
2025-11-11,677.3878784179688,677.9532020666294,673.1529450781785,674.3629519753922,58953400
2025-11-12,677.7647705078125,679.3318048264125,675.3547447293747,679.1631581075335,62312500
2025-11-13,666.5180053710938,675.265541055433,665.0105359672095,674.9085136071693,103457800
2025-11-14,666.4088745117188,670.1082064558575,657.8200586834998,659.9127066954921,96846700
2025-11-17,660.2002563476562,668.1742314199619,656.7290154076413,664.1971714004484,90456100
2025-11-18,654.6561889648438,659.6547538697382,650.4708329116884,656.6595496130724,114467500
2025-11-19,657.185302734375,661.856623370592,653.3371790986623,655.3505280387882,94703000
2025-11-20,647.1683349609375,670.0090710879778,646.5335791707308,667.3808213360044,165293500
2025-11-21,653.6148681640625,659.0894699034471,645.5020288545189,649.6675301260088,123956200
2025-11-24,663.2351684570312,664.5542570793402,656.1538823239337,657.2448196444445,80437900
2025-11-25,669.4734497070312,670.6536740212097,659.020017057554,663.135941149376,81077100
2025-11-26,674.09521484375,676.0986363282427,671.1595147067713,672.0620713400136,71879600
2025-11-28,677.7747192382812,678.0523870500939,674.9084513312986,675.2654787466182,49212000
2025-12-01,674.6802978515625,677.3779187836101,673.1628406770591,673.232272756968,61201200
2025-12-02,675.9300537109375,678.2012155152329,673.7481184984898,676.316803165018,62953800
2025-12-03,678.2706298828125,679.2822075879724,674.105128319461,674.9779023816353,57238500
2025-12-04,678.7665405273438,679.7384687237238,675.7416137771377,679.6690366334618,61970300
2025-12-05,680.0557861328125,682.7336127271673,678.9549213715281,679.8375623637357,79241000
2025-12-08,678.0127563476562,680.9980334759979,675.9696853695019,680.9484564225444,55231500
2025-12-09,677.4276123046875,679.7583392727543,676.9813582671167,677.5367544682442,58310100
2025-12-10,681.92041015625,683.3088703732143,675.711837383319,676.9515664343469,85671300
2025-12-11,683.5072631835938,683.5866227950731,676.5647802535024,679.5104080599091,86173700
2025-12-12,676.1581420898438,683.2196338188487,673.5893968987631,682.5154459360199,113160300
2025-12-15,675.1365356445312,680.1252340287925,673.6687159286942,680.1053789946951,90811000
2025-12-16,673.2918701171875,675.4837328267965,669.4338188610296,673.6488975485244,122030600
2025-12-17,665.8832397460938,674.8489377460819,665.6848710067972,674.3034691132465,110625200
2025-12-18,670.9114990234375,675.1464323222394,669.3544527925658,672.0322187932205,108650100
2025-12-19,676.9923095703125,677.4896664833268,672.8940327515619,673.0134542661981,103599500
2025-12-22,681.2098388671875,681.7370055876305,676.9922622536055,680.3245290528953,69556700
2025-12-23,684.3233032226562,684.562024812114,680.2548972126992,680.3046207584179,64840000
2025-12-24,686.7305297851562,687.1781631452748,684.164151137988,684.313382495532,39445600
2025-12-26,686.660888671875,688.0037280321676,685.6264081645946,686.989161229118,41613300
2025-12-29,684.2138671875,685.5567672531378,682.4433081832867,683.9055083361335,62559500
2025-12-30,683.3782958984375,684.9200900521846,682.9505762759469,683.8159723723246,47160700
2025-12-31,678.3152465820312,683.726492314561,678.1063955310838,683.5076844111845,74144800
2026-01-02,679.55859375,683.2390468658663,676.2263268834449,682.0852055985325,89377200
2026-01-05,684.0845947265625,685.7855773037328,682.7517121374489,682.910839643419,71927200
2026-01-06,688.1529541015625,688.6602678554459,684.1442890432024,684.2934596862484,69273800
2026-01-07,685.9347534179688,690.2916046822218,685.6761181181482,688.5309418430683,75588300
2026-01-08,685.8651123046875,686.9692300361542,683.8557710289468,685.1787573638412,64019200
2026-01-09,690.4010009765625,691.6344363504869,685.5368360184962,686.9791831428475,80125500
2026-01-12,691.4852294921875,692.410366767912,686.979207477028,687.0289310253164,63976000
2026-01-13,690.1026000976562,692.4103433578374,687.6953490317495,691.813478661017,78309700
2026-01-14,686.7105712890625,688.0633674208381,682.4134005947378,687.347202661372,94676700
2026-01-15,688.5806884765625,691.7737417111902,687.5959315038539,690.8983886882239,77862000
2026-01-16,688.0037231445312,690.5800586110835,686.4519720383781,689.9931507530615,79289200
2026-01-20,673.9981689453125,681.1501633341576,672.9934983300664,677.8874730475171,111623300
2026-01-21,681.77685546875,685.0991655259935,674.5452667925615,676.0572511802958,127844500
2026-01-22,685.3379516601562,687.476610793547,683.2888434897402,686.2033478813381,77112200
2026-01-23,685.5865478515625,687.3074439470811,683.5274830754288,684.5123006998919,63059600
2026-01-26,689.068115234375,690.4607389282814,686.2729717064406,686.8399658941375,60473800
2026-01-27,691.8134765625,692.8480177488461,689.9036431059924,690.5104039402848,55506100
2026-01-28,691.7438354492188,694.1510864943795,690.271678492269,693.3652237572153,61172200
2026-01-29,690.3711547851562,693.375209936545,681.2098793986574,692.7087686795362,97486200
2026-01-30,688.3121337890625,690.540343876794,683.4877957603626,688.1330925763239,101835100
2026-02-02,691.73388671875,693.2458711004026,685.7755608588325,685.9347490634862,79286500
2026-02-03,685.885009765625,693.2757257351432,680.4140840721383,692.529690413304,107904600
2026-02-04,682.5626831054688,687.7948875474046,678.1561081391175,686.7006659106327,105204600
2026-02-05,674.0379638671875,680.0758839506523,672.2176206040476,677.3404209861714,113610800
2026-02-06,686.96923828125,688.6503070282812,677.2508650473027,677.8576866055596,89127600
2026-02-09,690.2816162109375,692.1914496038428,684.7012866666231,685.7755337993461,73885200
2026-02-10,688.4613037109375,692.8579216647231,688.0037135108784,691.276360737094,65185700
2026-02-11,688.3021850585938,693.4547952732178,685.5368515439336,692.7087599208829,76353900
2026-02-12,677.668701171875,691.6742279947084,676.7734344520502,690.5701102294341,118829000
2026-02-13,678.1461181640625,682.6522007204912,673.9384983110481,678.0864377658819,96267500
2026-02-17,679.2402954101562,681.31927396984,672.2077222570326,676.5446598627462,81354700
2026-02-18,682.662109375,685.507036973797,679.2204384959671,680.4041503420104,73570300
2026-02-19,680.8616943359375,682.5527199680946,677.9471901363287,680.2251236342836,58649400
2026-02-20,685.7855834960938,686.4122580979458,678.126274472082,678.7131823752115,100034000
2026-02-23,678.7827758789062,686.3525334522094,676.7734345413753,684.1940214696967,90558100
2026-02-24,683.7164916992188,684.7112054782021,676.4053697086953,678.295350173768,73798700
2026-02-25,689.4859008789062,690.0130676270821,686.4519751919497,686.53156929616,56369500
2026-02-26,685.6561889648438,689.6350440416309,680.7323436648176,689.615191050754,71671000
2026-02-27,682.3637084960938,683.2291046432514,678.0367277603054,679.4790749097389,83308900
2026-03-02,682.7516479492188,684.9797970984218,674.4358553343317,675.1122534180175,87477200
2026-03-03,676.7337036132812,679.0016196644848,666.1200629162043,671.4915420947397,105003100
2026-03-04,681.50830078125,683.4579617719511,676.027417786932,678.026802327329,79182200
2026-03-05,677.7084350585938,681.9061587313661,672.0385544367263,678.4743840881955,106606500
2026-03-06,668.8256225585938,672.5358853430707,666.2194774432897,669.8501461298736,100687000
2026-03-09,674.6845092773438,676.3257505242918,658.888450195908,662.8673051642795,102667700
2026-03-10,673.6002807617188,679.7476047325034,671.1930903760745,674.1374043547928,81505300
2026-03-11,672.7548217773438,676.4849986405864,669.7806371390539,673.9982140650914,68441700
2026-03-12,662.5390625,668.0995392824933,662.3500644519811,667.6120785283837,108882200
2026-03-13,658.7890014648438,668.7859240392634,657.863924887251,665.7321452917186,97200200
2026-03-16,665.493408203125,668.5173163233716,663.5934708305671,664.8468199428278,82023100
2026-03-17,667.2440185546875,670.8747480492216,666.1598145596139,668.8355969918504,87128000
2026-03-18,657.9335327148438,666.1796881508768,657.6948111200146,664.8268919718373,82062600
2026-03-19,656.3121337890625,659.4753162945015,651.7066041735543,653.497076818377,111272500
2026-03-20,646.9034423828125,655.0025723674255,643.063298812559,654.8230422006715,163617500
2026-03-23,653.6959228515625,660.9173090129275,652.2596206790361,656.3790129905765,134802700
2026-03-24,651.5015869140625,655.3417305137531,648.2100787416998,649.6463809650626,96457500
2026-03-25,655.1322021484375,659.1917509309695,652.5588148295345,656.9774239230809,90653800
2026-03-26,643.432373046875,653.1672421520028,643.1630473705688,650.3844333840033,96494400
2026-03-27,632.4606323242188,641.0085567819559,631.4831091918358,640.8489947137006,103649400
2026-03-30,630.3460693359375,638.7245091624994,627.6630399662237,638.4651675144013,99275900
2026-03-31,648.6688842773438,649.865752001465,636.3405988140365,637.2981538716512,152534100
2026-04-01,653.5562744140625,656.8278752918841,651.3220400966815,652.219751792706,97841500
2026-04-02,654.144775390625,656.5086804928782,643.4522901873171,644.7589215344626,68358700
2026-04-06,657.23681640625,658.0247645183308,653.8356054757206,654.1746977251443,39105800
2026-04-07,657.5260009765625,657.9150134208243,649.386996170508,654.9626585699763,69980400
2026-04-08,674.27294921875,675.3402070755335,669.734652974974,674.6519776493207,93606100
2026-04-09,678.162841796875,679.4096297331154,672.0386657215836,673.1059235004034,57134400
2026-04-10,677.7140502929688,680.2774536083281,676.7066358948267,679.5692561407437,42253500
2026-04-13,684.3369750976562,684.536473353906,674.8414790590384,675.669302461078,54185800
2026-04-14,692.675537109375,692.7952238870419,685.8929616905456,685.9229138241225,63480500
2026-04-15,698.1414184570312,698.480571570673,692.4161778504387,693.4734516118131,58240400
2026-04-16,699.8569946289062,700.9741726960574,696.7350934539525,699.2585607342904,49972400
2026-04-17,708.3152465820312,710.5594650064761,703.9464965121796,704.3255249385737,70661900
2026-04-20,706.8988037109375,708.0857482546458,704.3254772575062,706.9587079747221,43546800
2026-04-21,702.2708129882812,709.4523240430285,700.8345107773317,708.4548936431559,58941400
2026-04-22,709.3825073242188,709.6218808832724,706.4001392457644,707.3278031045794,42518500
2026-04-23,706.6295776367188,710.5295037064266,700.4754491270062,707.6768673789517,56174000
2026-04-24,712.10546875,712.6340752101273,707.1881441382454,708.9236633096505,45182000
2026-04-27,713.332275390625,713.7911152864904,710.4696550399041,711.3374146094498,33135900
2026-04-28,709.8612060546875,711.0481506026886,707.4274735730012,709.9908768700561,43117400
2026-04-29,709.7515258789062,710.3699278433978,706.5497524472755,709.1729992133655,41859200
2026-04-30,716.8132934570312,717.9403946619685,708.6244289610544,712.7936806635566,67240900
2026-05-01,718.7982177734375,723.0073446973263,718.6186267345964,719.3966516418469,43049800
2026-05-04,716.1649780273438,720.2644021704073,713.152718877996,718.2196821209096,51950600
2026-05-05,721.9102172851562,723.1769124909786,719.6360467603954,719.9153564929043,36933200
2026-05-06,731.9443359375,732.7023927493656,725.9497697512824,726.288861980811,53288900
2026-05-07,729.7001342773438,734.238430329629,727.8748196364371,733.161188473549,51724600
2026-05-08,735.724609375,736.1834492768152,732.6824588199246,733.0415191543954,47227100
2026-05-11,737.4002685546875,738.8864300819614,734.5576163199453,734.5576163199453,44024000
2026-05-12,736.2831420898438,736.9414802248905,729.9494836014034,734.9964788307154,54185300
2026-05-13,740.4025268554688,741.9983910774667,733.5800764180441,736.5723674930287,44200200
2026-05-14,746.2474975585938,747.6040491923611,741.649357949993,741.7391534739264,45307600
2026-05-15,737.2706298828125,741.5496453663399,736.0637780312098,739.8838927249178,60410800
2026-05-18,736.751953125,739.5147938000424,731.5054597381557,737.9289136337939,47843900
2026-05-19,731.8446044921875,735.7545755811656,729.650306265128,732.8919551385734,54255900
2026-05-20,739.3452758789062,739.9636778498481,732.0042028263388,733.8195334397973,45768000
2026-05-21,740.8114624023438,742.9559620700644,735.1361419849363,736.7419902854853,43332200
2026-05-22,743.7239990234375,747.015507083493,742.566945697205,744.3224328967863,41762000
2026-05-26,748.6613159179688,750.1973368284331,746.4469887578754,748.0827892360243,41123600
2026-05-27,748.5316162109375,749.4492351039673,746.2973210478585,748.9505199197505,42106300
2026-05-28,752.6609497070312,753.2095851254732,747.3047533704411,748.3221518516883,41562600
2026-05-29,754.5361328125,756.1320579864754,752.7507543048832,753.9576670103595,55075700
2026-06-01,756.5908203125,758.3264003155792,752.7507376917755,753.4189990020213,43634900
2026-06-02,757.6182250976562,758.4461093852723,754.805464031348,755.0847737682097,31581900
2026-06-03,752.3018798828125,756.8501599793441,751.6336185743088,756.2018667594974,51402500
2026-06-04,755.1445922851562,756.3614281257201,749.5389775481502,750.1673635570705,49923000
2026-06-05,735.65478515625,750.8855669656407,733.6400171295905,750.3768677170906,93989400
2026-06-08,737.3204345703125,743.4247643242134,736.2931129658897,741.4498108327123,49319100
2026-06-09,735.1560668945312,744.9807928982774,720.7332622187009,741.7191759970133,87683500
2026-06-10,723.56591796875,736.4826536495077,723.4661992814284,731.5054857614351,60341300
2026-06-11,735.8642578125,738.0984921563339,722.5485255148498,726.8873842592473,86330500
2026-06-12,739.843994140625,742.5270843334097,733.1412911200548,738.8066884479139,57079500
2026-06-15,752.890380859375,754.7356026867302,749.8282623277308,749.9179969688896,60176400
2026-06-16,748.4019775390625,753.4988323298886,747.9531216783239,752.6111046530555,67093100
2026-06-17,739.0560302734375,750.217278570044,737.3204502885575,749.3594421826946,85945200
2026-06-18,746.739990234375,748.22998046875,743.8599853515625,747.760009765625,80875700
2026-06-22,744.3900146484375,750.1799926757812,743.1300048828125,747.7000122070312,46628100
2026-06-23,733.5800170898438,739.6300048828125,732.2999877929688,733.8099975585938,66846800
2026-06-24,733.239990234375,739.9500122070312,730.8400268554688,735.1699829101562,57439500
2026-06-25,734.2999877929688,739.3699951171875,729.5999755859375,738.9099731445312,53934400
2026-06-26,728.989990234375,736.530029296875,716.5800170898438,728.9500122070312,71034000
2026-06-29,741.0,741.5599975585938,732.0900268554688,736.530029296875,58035200
2026-06-30,746.77001953125,748.02001953125,740.8900146484375,741.2899780273438,55626000
2026-07-01,745.760009765625,749.4400024414062,742.3800048828125,745.0,47100900
2026-07-02,744.780029296875,751.3099975585938,740.030029296875,747.4000244140625,57447800
2026-07-06,751.280029296875,752.4099731445312,747.4099731445312,748.739990234375,50673300
2026-07-07,747.7100219726562,750.9600219726562,745.2100219726562,750.219970703125,43721500
2026-07-08,745.4000244140625,746.1500244140625,739.510009765625,743.1599731445312,43767400
2026-07-09,751.7100219726562,751.969970703125,745.5900268554688,747.3499755859375,41441700
2026-07-10,754.9500122070312,755.4199829101562,748.0999755859375,752.0499877929688,42191300
2026-07-13,749.1699829101562,753.9099731445312,748.0,752.469970703125,44013600
2026-07-14,751.8300170898438,753.3400268554688,748.6599731445312,750.9099731445312,35143100
2026-07-15,754.8099975585938,755.5800170898438,750.2000122070312,754.239990234375,43844800
2026-07-16,750.719970703125,754.5700073242188,747.8800048828125,752.760009765625,46409800
2026-07-17,743.2899780273438,747.2899780273438,740.7999877929688,742.0800170898438,62651000
2026-07-20,742.0900268554688,748.72998046875,741.510009765625,747.0599975585938,50422300
2026-07-21,748.280029296875,749.0399780273438,744.1799926757812,746.2899780273438,34324300
2026-07-22,747.4099731445312,750.02001953125,746.3699951171875,746.6199951171875,32836200
2026-07-23,738.1799926757812,742.5599975585938,735.2100219726562,739.3699951171875,55437300
2026-07-24,738.9299926757812,743.719970703125,737.2899780273438,738.510009765625,44782000
2026-07-27,739.0900268554688,745.530029296875,735.8699951171875,744.9099731445312,41461200
2026-07-28,740.8599853515625,742.7899780273438,735.97998046875,739.1900024414062,47322200
2026-07-29,729.4600219726562,742.6799926757812,729.0999755859375,739.969970703125,70697200
2026-07-30,741.6900024414062,742.4500122070312,734.5900268554688,736.0499877929688,66811300
2026-07-31,747.030029296875,748.9000244140625,737.6799926757812,744.6799926757812,62445900
2026-08-03,757.6699829101562,758.5800170898438,748.7999877929688,749.4400024414062,59927500
2026-08-04,771.3300170898438,773.4099731445312,760.52001953125,760.6300048828125,69154800
2026-08-05,769.7899780273438,776.8499755859375,769.510009765625,775.8499755859375,44689100
2026-08-06,768.5599975585938,771.8200073242188,767.4600219726562,770.2100219726562,38416900
2026-08-07,773.260009765625,773.9199829101562,769.6099853515625,771.02001953125,43586300
2026-08-10,773.030029296875,775.0499877929688,771.6199951171875,772.5999755859375,39249500
2026-08-11,770.5599975585938,774.6099853515625,769.2000122070312,774.530029296875,36740600
2026-08-12,772.489990234375,774.9000244140625,771.280029296875,774.7100219726562,33179100
2026-08-13,777.8800048828125,779.3699951171875,774.1099853515625,774.8699951171875,35634500
2026-08-14,776.3400268554688,778.7999877929688,775.4299926757812,778.5399780273438,31367900
2026-08-17,772.6699829101562,776.780029296875,772.510009765625,776.1799926757812,34356600
2026-08-18,767.4500122070312,769.5,766.9199829101562,768.7000122070312,43920900
2026-08-19,769.0599975585938,772.469970703125,768.0999755859375,770.3599853515625,40306000
2026-08-20,762.5999755859375,768.1500244140625,762.0399780273438,765.9600219726562,45520300
2026-08-21,765.719970703125,767.8499755859375,764.1699829101562,766.0499877929688,39188700
2026-08-24,763.469970703125,765.219970703125,762.0800170898438,764.780029296875,32430900
2026-08-25,765.9099731445312,766.780029296875,763.0499877929688,766.1599731445312,27422300
2026-08-26,766.0800170898438,767.3499755859375,763.9299926757812,764.72998046875,28751600
2026-08-27,771.0999755859375,772.3599853515625,767.1599731445312,768.5,34557100
2026-08-28,769.3499755859375,775.2999877929688,768.3099975585938,771.760009765625,36744300
2026-08-31,767.0499877929688,768.0,764.719970703125,767.3300170898438,38810800
2026-09-01,761.780029296875,764.6699829101562,759.47998046875,762.010009765625,41126300
2026-09-02,765.1599731445312,766.4299926757812,761.72998046875,762.4500122070312,29468500
2026-09-03,772.6799926757812,773.3099975585938,767.4500122070312,767.9000244140625,18667683
2026-09-04,770.6099853515625,772.8699951171875,769.0,772.010009765625,13080447
