Date,Close,High,Low,Open,Volume
2010-02-11,0.205581933259964,0.20669597373215168,0.19275895929356773,0.1933787205281429,6912000
2010-02-12,0.20642322301864624,0.20820550977569566,0.19882449925877538,0.1999879736288395,17203200
2010-02-16,0.21441921591758728,0.21491444413782734,0.20795830280509459,0.21127573556150636,19238400
2010-02-17,0.2180580198764801,0.21810743931714524,0.2140229062571597,0.2172909208085228,38361600
2010-02-18,0.2221919149160385,0.2235036756544766,0.21652281673365822,0.21783552648375243,77721600
2010-02-19,0.2221919149160385,0.225088255997526,0.21899900060983,0.2206814849613459,92966400
2010-02-22,0.22063204646110535,0.22481543139185178,0.2181320948560827,0.22481543139185178,50995200
2010-02-23,0.21201816201210022,0.22060735571939843,0.20909710385449456,0.2194191646833074,82252800
2010-02-24,0.21842962503433228,0.22092957673032632,0.21459224677320846,0.21575572091574227,70617600
2010-02-25,0.21830512583255768,0.2197908391457263,0.20721596596971686,0.21144878502620473,91238400
2010-02-26,0.22102844715118408,0.22194478167115064,0.21550858443395818,0.21766158032794114,57600000
2010-03-01,0.23050925135612488,0.23145028842359774,0.223825900918453,0.223825900918453,28454400
2010-03-02,0.23189514875411987,0.23689601495500412,0.2312763365335788,0.23253867776931494,48422400
2010-03-03,0.23318320512771606,0.23652439239075726,0.2309303927564867,0.23449496606592057,47961600
2010-03-04,0.2357572615146637,0.23607853735731762,0.23036096900488673,0.23399967783881012,29452800
2010-03-05,0.24617817997932434,0.24726750369693057,0.2394948434182919,0.2407819015011984,26880000
2010-03-08,0.24749095737934113,0.2492732299507165,0.24640160509750134,0.24640160509750134,25344000
2010-03-09,0.2518720030784607,0.255733149124574,0.24593104838315588,0.2461287544262073,46425600
2010-03-10,0.2580353617668152,0.2595704941786708,0.2520449742449295,0.25221891248092865,40089600
2010-03-11,0.2604117691516876,0.2607834417709867,0.2547683226952522,0.2564764869939181,53913600
2010-03-12,0.26100587844848633,0.26328339307230797,0.258010684394346,0.26328339307230797,36134400
2010-03-15,0.259248286485672,0.26103058704580784,0.2537284380529856,0.2592730174463173,42393600
2010-03-16,0.2641502916812897,0.26489267369677044,0.2590752893563515,0.2617986126523223,46579200
2010-03-17,0.26598209142684937,0.26974437127057266,0.2637787123836821,0.2648927673889097,39820800
2010-03-18,0.26867973804473877,0.26952192225621574,0.2651398674633695,0.26689743727225823,52185600
2010-03-19,0.2639269232749939,0.2716254761268333,0.2611056956387814,0.2639269232749939,40051200
2010-03-22,0.2710561454296112,0.27422527848189104,0.25984245126959904,0.26083293636873117,58790400
2010-03-23,0.2767251133918762,0.27731922289576405,0.26867964917567605,0.2729124385969236,55334400
2010-03-24,0.27278897166252136,0.2753640231672128,0.27105613273700546,0.2747699417680238,89241600
2010-03-25,0.2710808515548706,0.282368682100386,0.27085841450251796,0.27944762354470093,93926400
2010-03-26,0.27249231934547424,0.27771465905317405,0.26820913279370595,0.2749428654543274,84288000
2010-03-29,0.27622997760772705,0.27905216881205425,0.27420056538870546,0.27660165029978384,38054400
2010-03-30,0.27912628650665283,0.28152737101453545,0.2734571740850176,0.27850747424125977,39897600
2010-03-31,0.2753640115261078,0.27972040052544533,0.2734572060667151,0.2760075548275641,59558400
2010-04-01,0.27481937408447266,0.2837555242962609,0.2686550182625851,0.2784333810496129,116620800
2010-04-05,0.2827650010585785,0.2844237318442417,0.2747699033741801,0.27682404625326784,67584000
2010-04-06,0.2849189043045044,0.28749302022559425,0.27882871476096044,0.2806110151062532,58713600
2010-04-07,0.2833097279071808,0.28704730487465496,0.27835922879988595,0.2839532429325957,106252800
2010-04-08,0.28432488441467285,0.285982652139496,0.27615581957241536,0.28043807221834977,69657600
2010-04-09,0.2894483208656311,0.2901412693285899,0.28306155757422863,0.285264935952074,58099200
2010-04-12,0.2906118333339691,0.2928399428572409,0.2885329594432127,0.29043882991563746,48806400
2010-04-13,0.29499390721321106,0.2954634839040178,0.2870472792316931,0.28967176420654206,67238400
2010-04-14,0.3053901195526123,0.3056372592160906,0.2985831838695297,0.2992019962043554,61094400
2010-04-15,0.30947455763816833,0.3106133148155938,0.3047959308000742,0.305068736203791,45772800
2010-04-16,0.29845866560935974,0.3092018183598668,0.29271635142704905,0.30620662401890636,129484800
2010-04-19,0.29798904061317444,0.30071142905058135,0.2871460592526321,0.2956620925524352,112742400
2010-04-20,0.30239489674568176,0.30447470543134786,0.2969491560741705,0.3026173054247502,56102400
2010-04-21,0.3077169954776764,0.31034051666445067,0.3019984501710463,0.3085335136848505,83980800
2010-04-22,0.31227201223373413,0.31331096728265223,0.2936316430707282,0.29873137552897583,122841600
2010-04-23,0.3164059817790985,0.3173955033073891,0.308880462340496,0.31256860426118527,82368000
2010-04-26,0.3140544593334198,0.31900495896687314,0.31251932625833717,0.3166285763660911,80524800
2010-04-27,0.2946716547012329,0.31432625418878574,0.29209756661821756,0.3110097556463901,133747200
2010-04-28,0.2953645884990692,0.29949854004297144,0.28821071181102315,0.2992019668101915,125068800
2010-04-29,0.3104403614997864,0.311925125687295,0.2994491064988043,0.29947383745995243,84748800
2010-04-30,0.2921469807624817,0.31142993651128037,0.2913789327987195,0.30996987483924204,88512000
2010-05-03,0.3040783405303955,0.30848413451623696,0.2954881697405838,0.2955632691455404,52608000
2010-05-04,0.2771957516670227,0.29259280238759167,0.2705855870327426,0.29256713657594224,137241600
2010-05-05,0.2726406753063202,0.2775170092250724,0.2633822867757185,0.268506723524013,138508800
2010-05-06,0.2459309995174408,0.2747194469315441,0.16832686044640038,0.2670209241537898,217804800
2010-05-07,0.22803401947021484,0.24835686355659944,0.21216643105848837,0.23942071472788107,248256000
2010-05-10,0.26204580068588257,0.2628129138016498,0.2554118968859675,0.2568225249593686,189273600
2010-05-11,0.2618727385997772,0.2722936502367299,0.2531590279101745,0.2546447267300963,147033600
2010-05-12,0.2759827673435211,0.276552145966007,0.2644715684293752,0.26546205323740535,108556800
2010-05-13,0.26350677013397217,0.279076850328982,0.26184806772471964,0.2733336017355569,105561600
2010-05-14,0.24729229509830475,0.2573919343833161,0.23887608955683312,0.2570459274881778,154176000
2010-05-17,0.2506343722343445,0.25340712930476156,0.2346679311841852,0.24969332095497443,136857600
2010-05-18,0.24105477333068848,0.25818469308424163,0.23664800116211265,0.2567483989844724,190617600
2010-05-19,0.23469264805316925,0.24258887820724484,0.22632586393055615,0.23689602646555175,237772800
2010-05-20,0.21095354855060577,0.2220683745409142,0.2065724427413677,0.22048379398778614,272985600
2010-05-21,0.21258753538131714,0.21914730271321167,0.19600228072607748,0.19810584311455512,234316800
2010-05-24,0.21434511244297028,0.22167197894991703,0.21186987731860615,0.2137510169195043,155020800
2010-05-25,0.21283464133739471,0.21350288712829646,0.19209072144447284,0.19842805075666317,172646400
2010-05-26,0.20625019073486328,0.2250141213330953,0.20466657345716033,0.21612739142738524,208320000
2010-05-27,0.22857868671417236,0.22914807956427588,0.21820624389251042,0.2199885445051755,173222400
2010-05-28,0.22538486123085022,0.23073172114008228,0.21907318211042082,0.23008819199535374,166694400
2010-06-01,0.21914730966091156,0.2345196711638073,0.21783554878816092,0.22300845604756886,202713600
2010-06-02,0.23456908762454987,0.23456908762454987,0.21803326625032557,0.22278603036553016,113433600
2010-06-03,0.24065828323364258,0.24199477479611095,0.23184571940131476,0.2363019094104495,114854400
2010-06-04,0.21689444780349731,0.23454433432775318,0.21372625069350387,0.22555875315766796,245952000
2010-06-07,0.20431962609291077,0.2214001239199548,0.20397267022563598,0.21899902501189936,168729600
2010-06-08,0.20318086445331573,0.20714181283621416,0.1950859500989696,0.20577966937014613,265920000
2010-06-09,0.1986999362707138,0.21310749213805744,0.19642337048841704,0.2072900928364568,229440000
2010-06-10,0.21518634259700775,0.21560743465627583,0.20394794808656574,0.20563136731196682,155520000
2010-06-11,0.22080598771572113,0.2216719395423847,0.20850297317237962,0.20850297317237962,125337600
2010-06-14,0.2209296077489853,0.23172219490116652,0.22003798991371504,0.22736581995997884,227404800
2010-06-15,0.23706907033920288,0.23964315863574073,0.22392480353901695,0.22459304949540315,200102400
2010-06-16,0.24184651672840118,0.24506511124634106,0.2357078556201905,0.23687132983288106,158361600
2010-06-17,0.24427230656147003,0.24600517346296785,0.23798534532912552,0.24563350084979715,163046400
2010-06-18,0.24494056403636932,0.2498672943906181,0.2424900459276967,0.24553467367158524,139584000
2010-06-21,0.23850437998771667,0.2549660789940496,0.23447023029989084,0.25387672684984364,219916800
2010-06-22,0.23286093771457672,0.24650043110573128,0.23164802995912034,0.24125242481526826,179596800
2010-06-23,0.22974218428134918,0.23612799921903657,0.22451888038286402,0.2337269003944238,224716800
2010-06-24,0.21860267221927643,0.22897416787443337,0.21734033063809136,0.2269941608620491,239424000
2010-06-25,0.21845433115959167,0.2239247599358682,0.21380042065244065,0.2214495251572547,177561600
2010-06-28,0.21649807691574097,0.22189531809559165,0.21179568216653544,0.21862731890123313,164160000
2010-06-29,0.19233883917331696,0.20669599833879657,0.186645023832084,0.20632433985473853,438220800
2010-06-30,0.18283326923847198,0.19488819496911708,0.18132283941711302,0.18946718590941736,183667200
2010-07-01,0.18105103075504303,0.1853827031510777,0.17045616361683222,0.1838475561309687,252326400
2010-07-02,0.1800605207681656,0.18362509338610142,0.174515941644909,0.1815215170696923,147379200
2010-07-06,0.18100158870220184,0.1903825977253405,0.17644653082376502,0.18694254361302742,156556800
2010-07-07,0.1981058418750763,0.19865051794338381,0.1821156318346985,0.18256049170044286,160780800
2010-07-08,0.201447993516922,0.2036513862755215,0.19446713409446817,0.2028586215412017,207360000
2010-07-09,0.20709237456321716,0.2079336096566827,0.19986341283490225,0.2009280339407105,142656000
2010-07-12,0.2094440758228302,0.21256284027946853,0.20506202082574088,0.20632436235437177,98918400
2010-07-13,0.21659788489341736,0.21936970692848531,0.20971587953527743,0.21434507304287062,174144000
2010-07-14,0.22006265819072723,0.22375176370626645,0.21563213382663593,0.21845432433363968,109516800
2010-07-15,0.2208307385444641,0.22276131169712357,0.21201815893142845,0.21914730504438648,114201600
2010-07-16,0.20305727422237396,0.2191720019050013,0.2020915061458539,0.2188991964673735,181363200
2010-07-19,0.20763707160949707,0.20892411576968759,0.19929406793403945,0.2042207848769577,124224000
2010-07-20,0.2141968160867691,0.2150627680280472,0.19575512473383,0.1973387561595473,127948800
2010-07-21,0.20669598877429962,0.22229077181143703,0.20531009178769696,0.22229077181143703,172492800
2010-07-22,0.22063204646110535,0.2248905307901941,0.21476619138062297,0.21476619138062297,126451200
2010-07-23,0.2263752967119217,0.22664810214828998,0.21632509344444392,0.21753800114546426,138854400
2010-07-26,0.23135051131248474,0.23199498940723726,0.22419664865284103,0.22736579532092932,100761600
2010-07-27,0.23130108416080475,0.23580670855066813,0.22840474286489515,0.2347668041638459,119692800
2010-07-28,0.22657305002212524,0.23372691329478704,0.22352842192678893,0.23083152084314676,77568000
2010-07-29,0.22117669880390167,0.23120218412226046,0.21417205883997603,0.22971742016732474,152755200
2010-07-30,0.22268716990947723,0.22635059590268986,0.21167119779190974,0.21555800981008771,129830400
2010-08-02,0.23466795682907104,0.23640080979045078,0.22838004577143203,0.2309303802866341,90163200
2010-08-03,0.2322421371936798,0.23496547508792598,0.22857869694500454,0.23422214394242444,64012800
2010-08-04,0.2389502078294754,0.23961845377966948,0.2322421533376663,0.23528678149049642,80908800
2010-08-05,0.23753954470157623,0.23838077974788902,0.23253867848529447,0.23536086901984746,66470400
2010-08-06,0.236425518989563,0.237440706570432,0.22558349919590964,0.22899885072875212,152755200
2010-08-09,0.24055945873260498,0.24258887049786274,0.23659849671334165,0.2396678410729869,85632000
2010-08-10,0.23545974493026733,0.23875247556777218,0.2290244966258027,0.2351631858577258,158016000
2010-08-11,0.216077983379364,0.22310827675406178,0.2126616826420759,0.2229590411117546,154905600
2010-08-12,0.20998775959014893,0.21295823699597632,0.20191851150635143,0.20313141926563621,145920000
2010-08-13,0.20580440759658813,0.21063227162661666,0.20580440759658813,0.20825588931892947,57945600
2010-08-16,0.20696783065795898,0.21112651283014736,0.20013620772231702,0.2027350264300385,95424000
2010-08-17,0.21484032273292542,0.22038490183838189,0.21035941567399452,0.21159704013284292,120076800
2010-08-18,0.21677090227603912,0.22112729064598996,0.2113004733881893,0.2137509914215217,71155200
2010-08-19,0.2087995558977127,0.21590399860595405,0.20323025989854185,0.21370156924158135,102412800
2010-08-20,0.2080819010734558,0.20966646728852012,0.20300784724737334,0.20669598991485236,88588800
2010-08-23,0.20233958959579468,0.21399814072253237,0.20204206736992036,0.21273579945654114,108211200
2010-08-24,0.19072957336902618,0.1971904882138261,0.18837789379360634,0.1957294774616287,144806400
2010-08-25,0.19644810259342194,0.1987997679633973,0.18610037553071887,0.18701669598531026,144153600
2010-08-26,0.1900365948677063,0.199294048426446,0.18874955083349612,0.19897275838266687,132979200
2010-08-27,0.19632355868816376,0.19716575702622274,0.18169454281943034,0.1933530811411811,192460800
2010-08-30,0.1899624615907669,0.1984775189910292,0.18991302799423135,0.19330364863546154,105139200
2010-08-31,0.18902136385440826,0.19300704220683715,0.184441604299307,0.18714022474886938,156441600
2010-09-01,0.2048642784357071,0.2067701489227726,0.1960269821720841,0.19629885278261025,129638400
2010-09-02,0.21189457178115845,0.21189457178115845,0.20456674287054008,0.20612660641679617,54297600
2010-09-03,0.22268716990947723,0.22268716990947723,0.21607796907649135,0.21833078123162958,135283200
2010-09-07,0.21726617217063904,0.2223402264489807,0.21679564647304442,0.21969198787916283,97382400
2010-09-08,0.2249399870634079,0.22855399370626334,0.21969198052120067,0.21969198052120067,113894400
2010-09-09,0.22778591513633728,0.2323162415712961,0.22684581291080372,0.2319445831316798,90355200
2010-09-10,0.23023740947246552,0.23147503406500297,0.22570708249850036,0.2294446589094375,63936000
2010-09-13,0.2403864711523056,0.2421193381481867,0.23602913360659764,0.2362525054598349,83712000
2010-09-14,0.24343112111091614,0.2471439667507274,0.23798537998852862,0.23937130543839993,84748800
2010-09-15,0.24756506085395813,0.24877795448724233,0.23954429709875513,0.24150053603012123,67660800
2010-09-16,0.25105544924736023,0.25147559223483973,0.24479225640117008,0.2474157775440787,93772800
2010-09-17,0.2537284791469574,0.2561789976294111,0.2498920351391799,0.2561789976294111,114816000
2010-09-20,0.26694685220718384,0.2683089814617589,0.255683726280375,0.25657534402798843,105561600
2010-09-21,0.2661055624485016,0.27229365609922423,0.2632833720257019,0.26717018345247895,173875200
2010-09-22,0.26484325528144836,0.27004182771080754,0.2604117675413534,0.2631351193220509,96576000
2010-09-23,0.26405051350593567,0.27204657506040425,0.2586295316485591,0.25942228225629754,137088000
2010-09-24,0.2790028154850006,0.2807109521073662,0.2721702123381052,0.27348200188709204,126528000
2010-09-27,0.2758089303970337,0.28174988674657014,0.27504181713861586,0.28028982480414777,97113600
2010-09-28,0.2765018045902252,0.27840860984572113,0.2625904548649076,0.27840860984572113,146227200
2010-09-29,0.27427470684051514,0.27806171736577734,0.2711797100876746,0.27432414044264697,63859200
2010-09-30,0.2705608606338501,0.28333438835961006,0.2651892843487701,0.2784333519134423,177484800
2010-10-01,0.26971957087516785,0.27801220397866533,0.26573389223771315,0.27689814937721435,117043200
2010-10-04,0.2603623867034912,0.2697690769355099,0.2561542982828524,0.26702102196676314,123840000
2010-10-05,0.2797451317310333,0.28108159527635435,0.26915025089878536,0.2695960598059375,109785600
2010-10-06,0.2726159393787384,0.28033919505197613,0.26712079325034715,0.2785816253476919,88512000
2010-10-07,0.2752888798713684,0.2774428530718255,0.26867970765349203,0.2772451470290032,78950400
2010-10-08,0.28083449602127075,0.2828392057920685,0.27016547742012065,0.2757841945433157,68544000
2010-10-11,0.2814038395881653,0.2853144197568959,0.27885351910635786,0.28162627662216827,38131200
2010-10-12,0.2872459888458252,0.28875545602184655,0.27296199988300307,0.27954743429246565,97728000
2010-10-13,0.294225811958313,0.2978150872202251,0.2900671297243609,0.2925423786591352,96844800
2010-10-14,0.29259273409843445,0.2962809047059234,0.288111841372003,0.29457274052309823,79756800
2010-10-15,0.31125688552856445,0.31125688552856445,0.29630561833007674,0.30306309093218,119577600
2010-10-18,0.31125688552856445,0.31444978552567376,0.30791472158549904,0.31175212794708884,86976000
2010-10-19,0.2988797128200531,0.30605829178148963,0.29167643122741505,0.29892914641116175,127296000
2010-10-20,0.30509358644485474,0.31182635845204365,0.29991971520926797,0.3018008550961907,93465600
2010-10-21,0.3072218894958496,0.3146238429372152,0.2983104404438048,0.3112570034170196,109708800
2010-10-22,0.313212126493454,0.3139050748667699,0.3059841149013357,0.30759341178990646,58713600
2010-10-25,0.31796494126319885,0.32336124820884365,0.31697541955007436,0.31697541955007436,77184000
2010-10-26,0.31987085938453674,0.32209896912966074,0.3093016440940444,0.3129650846185027,74841600
2010-10-27,0.3231636583805084,0.3239802053778226,0.3140545021190462,0.31578736986209754,112857600
2010-10-28,0.3250199258327484,0.3278174137010412,0.3173214021659131,0.3276444103045018,107788800
2010-10-29,0.3234601318836212,0.3287081387786342,0.32303998878139434,0.3249458594231931,80755200
2010-11-01,0.3242034614086151,0.333362048010137,0.31957426708712533,0.3267528469087304,85209600
2010-11-02,0.33403027057647705,0.33672889152645485,0.3304656977133457,0.3320008303413813,68121600
2010-11-03,0.3388572037220001,0.33895700576623133,0.32653041896057666,0.33571373678016936,115161600
2010-11-04,0.3508636951446533,0.3550223786210737,0.3482145071692245,0.35066502587659565,111859200
2010-11-05,0.3512837290763855,0.35338826855096045,0.34828853512502184,0.3517048352722336,113971200
2010-11-08,0.35217541456222534,0.35398241799904506,0.34697684128416934,0.3495015242649148,103449600
2010-11-09,0.3464815020561218,0.3584128432394309,0.3421745478047907,0.3571752472228696,121881600
2010-11-10,0.35177892446517944,0.35301654875208044,0.34014509186184466,0.34831321952022476,91968000
2010-11-11,0.3458627164363861,0.34707563824638005,0.331357286606666,0.3354171015709794,121843200
2010-11-12,0.3282632529735565,0.34417931197345397,0.3207377320050822,0.34014516247781845,218265600
2010-11-15,0.32474806904792786,0.33526784789489616,0.32435169383653045,0.33388192276144896,119193600
2010-11-16,0.30863335728645325,0.32336125367037405,0.3048948461738019,0.3177919432209291,181632000
2010-11-17,0.3115534484386444,0.31618264194827045,0.3069499207347813,0.30917706678055434,111168000
2010-11-18,0.32603517174720764,0.33249610047242517,0.32133184113177515,0.32157898079152347,138739200
2010-11-19,0.3268023133277893,0.32922812924331313,0.32125773287872217,0.3249705788262914,93427200
2010-11-22,0.33541715145111084,0.33541715145111084,0.321578973868265,0.3229164005332334,147456000
2010-11-23,0.319574236869812,0.32643057697936917,0.3138804218774971,0.32549048886338405,185856000
2010-11-24,0.33823835849761963,0.34083814059031614,0.3282632542122134,0.3286586946322974,129484800
2010-11-26,0.3361101448535919,0.3386842333103501,0.3303915976436098,0.33234690203432526,59673600
2010-11-29,0.33143147826194763,0.33417953302606335,0.3191284615023491,0.33046572423680004,176524800
2010-11-30,0.31883183121681213,0.325069358606383,0.3152425277464718,0.3209106765117876,200716800
2010-12-01,0.3391052782535553,0.34417931800834906,0.3329409232113033,0.333460896634222,206860800
2010-12-02,0.34940266609191895,0.3508883936648648,0.3397488363130816,0.3406147883485049,132134400
2010-12-03,0.3523237407207489,0.3534624982948917,0.34507099548741366,0.34519459365886457,175449600
2010-12-06,0.3517048954963684,0.35375903855696517,0.34885797349808223,0.3523978440614862,99072000
2010-12-07,0.3520270884037018,0.3647255157953095,0.3514082761527134,0.3647008131637923,164428800
2010-12-08,0.35690346360206604,0.35779414654744474,0.3486108288920452,0.3555166033153716,93427200
2010-12-09,0.3572741448879242,0.3629432573931288,0.3539823774695768,0.3628691211670527,99878400
2010-12-10,0.36477503180503845,0.3654432777987519,0.3567799326562076,0.3597256938014996,88204800
2010-12-13,0.3604927361011505,0.3693547487599016,0.36017049706246695,0.3693547487599016,80755200
2010-12-14,0.3620021939277649,0.36692892417341,0.35935394150526834,0.36333962046647766,76876800
2010-12-15,0.3583141267299652,0.3684384684374329,0.35522006481045587,0.3617056967824053,95577600
2010-12-16,0.3657902181148529,0.3676960888827599,0.35645769216739726,0.3586858020361105,86131200
2010-12-17,0.36690419912338257,0.3700723966667398,0.36494796029941073,0.3669536327161395,61209600
2010-12-20,0.3678938150405884,0.3718053588427876,0.3599234181249257,0.36883486658114367,126144000
2010-12-21,0.3739583194255829,0.374132257704479,0.3693053571502724,0.3721513160060477,33600000
2010-12-22,0.37435466051101685,0.3758897931611268,0.37244879006810394,0.37400865367971137,43200000
2010-12-23,0.3715077340602875,0.37390884693446863,0.3690819185536274,0.3723993517835025,36864000
2010-12-27,0.37165698409080505,0.37378529159932716,0.3606657286470816,0.368512554152553,64166400
2010-12-28,0.3700476884841919,0.3747510185595798,0.3675230058744438,0.37442877952853343,63475200
2010-12-29,0.37225109338760376,0.37432993896977756,0.3713100420351893,0.37331475138841974,45465600
2010-12-30,0.3694535195827484,0.3724981467743895,0.36759708311731343,0.3723992796062218,28761600
2010-12-31,0.3660619258880615,0.36863697634882797,0.360640917612693,0.36863697634882797,48729600
2011-01-03,0.38259783387184143,0.39014808539803686,0.3757405308063127,0.3757909275730649,133516800
2011-01-04,0.3820037841796875,0.38749895896953557,0.374701634309314,0.3874000917724855,131520000
2011-01-05,0.3914845883846283,0.3916575918055008,0.3777215387733361,0.37821678124978814,122880000
2011-01-06,0.39502447843551636,0.3959398640285915,0.3904447175991815,0.39287053333033045,104524800
2011-01-07,0.3941081166267395,0.3976974206708213,0.38267201524343436,0.3970291747623444,152409600
2011-01-10,0.39853960275650024,0.40054434047139814,0.38851412947337494,0.3911129202056596,86054400
2011-01-11,0.4003713130950928,0.4042571618084821,0.39628676683212477,0.40339120989865573,109939200
2011-01-12,0.40849098563194275,0.40873812529553954,0.4012373061933115,0.4059159342471093,134092800
2011-01-13,0.4097779393196106,0.4122778908297803,0.40584169416519833,0.40995094271767746,131443200
2011-01-14,0.41866472363471985,0.4187882934557437,0.40690635544523107,0.40957931061779085,61286400
2011-01-18,0.42200589179992676,0.4232938847033882,0.4072779963492761,0.40797094480332025,138124800
2011-01-19,0.40787214040756226,0.42415987239121355,0.40363835842389284,0.42415987239121355,149952000
2011-01-20,0.3987126052379608,0.40401004538750873,0.38962815501546216,0.40299485779185745,189465600
2011-01-21,0.38960346579551697,0.4069558201458746,0.38933066032384844,0.4045300044299404,104832000
2011-01-24,0.40569350123405457,0.4060395080979989,0.3897023410407957,0.3917811867667516,86438400
2011-01-25,0.40710416436195374,0.4076488121872635,0.39730203325684904,0.4002230917823441,95846400
2011-01-26,0.4134167432785034,0.41725315869887214,0.4059406269932694,0.40972857199248797,99379200
2011-01-27,0.42138707637786865,0.42490221538775685,0.4159907697238714,0.4182682842772302,111360000
2011-01-28,0.38960346579551697,0.42232816768036524,0.38400851735730274,0.42153638025221,254553600
2011-01-31,0.3953714072704315,0.3983418990042175,0.38244957842611454,0.39113765343089574,159974400
2011-02-01,0.41732722520828247,0.42007525098207665,0.40294533791572995,0.40448047029737944,203443200
2011-02-02,0.4154461622238159,0.4197293781140165,0.4128226404370643,0.4151248863293817,92121600
2011-02-03,0.4170554578304291,0.41930827011536465,0.4031688094772458,0.4131439429537282,131558400
2011-02-04,0.4245809018611908,0.4252738786234244,0.4143320582682231,0.4181200026221316,135936000
2011-02-07,0.43074437975883484,0.43737831205860134,0.4251256634359864,0.4272292401188009,103795200
2011-02-08,0.4399285316467285,0.4399285316467285,0.42873957198865636,0.4308925817766983,133977600
2011-02-09,0.4372546970844269,0.44086870354892943,0.4329724447509295,0.43700755744471725,130406400
2011-02-10,0.4393838942050934,0.4402745486610742,0.4270067151234793,0.4299772063749181,142080000
2011-02-11,0.44839420914649963,0.4486660797380598,0.43319486686842296,0.43532410906940666,94540800
2011-02-14,0.451216459274292,0.45329533330989125,0.4471072099541693,0.4482954010268165,59635200
2011-02-15,0.450052946805954,0.45104246852206953,0.44364145231984314,0.4487155202459903,93235200
2011-02-16,0.4583703279495239,0.4619843346971765,0.4529236520175086,0.45359283278626283,141120000
2011-02-17,0.45797401666641235,0.4604245353409922,0.4507707047986451,0.4516119542646789,86745600
2011-02-18,0.455375075340271,0.4600774704945924,0.44995310273547,0.45824573639168253,128179200
2011-02-22,0.41527315974235535,0.44062160407424034,0.4133920201124566,0.43720530334435004,241843200
2011-02-23,0.4050252139568329,0.4196048097001952,0.3957173923055268,0.41514955393314484,194265600
2011-02-24,0.4107922315597534,0.4148767495473386,0.3960643633256229,0.40787213675216655,320524800
2011-02-25,0.4283927083015442,0.4301749806723029,0.4172531518754452,0.4184413428988539,108345600
2011-02-28,0.4315114915370941,0.4375522489611282,0.4237388017809561,0.43329376398654346,104313600
2011-03-01,0.4107675552368164,0.43730419193202474,0.40720298186670156,0.43730419193202474,122899200
2011-03-02,0.4165601134300232,0.4250257495561119,0.40962963801853675,0.4099756447902913,114105600
2011-03-03,0.4414133131504059,0.4436908560089448,0.42864072180778984,0.4286901553972043,132825600
2011-03-04,0.43487831950187683,0.44161109004248267,0.42626438115540505,0.44161109004248267,109420800
2011-03-07,0.417550653219223,0.44106639721070307,0.4058664500239208,0.4403240151363813,137568000
2011-03-08,0.42190709710121155,0.4279469196974101,0.4084415547626348,0.41517432593192316,128774400
2011-03-09,0.41339197754859924,0.41898599059284214,0.40700521397753636,0.41844131455013317,97056000
2011-03-10,0.39447975158691406,0.4022524402815184,0.38947984830183746,0.3987373011326117,174892800
2011-03-11,0.40106433629989624,0.4044312037316481,0.38730125646224245,0.3878953662121684,102547200
2011-03-14,0.39715367555618286,0.40349007062212994,0.3881918609710839,0.3945291908843408,78912000
2011-03-15,0.3809144198894501,0.3874494842636858,0.3581904911118338,0.3618044975468681,187852800
2011-03-16,0.35294246673583984,0.3772015268857595,0.34531807899268424,0.3714088732269928,216768000
2011-03-17,0.36215147376060486,0.37378530985774117,0.3618045320559356,0.3690819508847009,116486400
2011-03-18,0.36017051339149475,0.37497348144642356,0.35942813127012396,0.3748251806601389,118713600
2011-03-21,0.3802708685398102,0.38616238911811346,0.37437931963280285,0.3759638856930394,95251200
2011-03-22,0.3792310357093811,0.38319198433006596,0.3762605437913733,0.3820532268283009,64358400
2011-03-23,0.38497424125671387,0.38834110810717576,0.3669536423904952,0.37457803064571876,104544000
2011-03-24,0.40591588616371155,0.40834170161838657,0.3872517446052922,0.39398451493205233,130656000
2011-03-25,0.4088863432407379,0.41685770114850235,0.40720290989010144,0.40997569529905303,148300800
2011-03-28,0.4019559323787689,0.4144813867632039,0.4014606898608989,0.4144319531632906,88838400
2011-03-29,0.4134908616542816,0.41358972884452644,0.39537139521060005,0.39953007784530825,67296000
2011-03-30,0.4195801019668579,0.42116466817974296,0.4141837949439515,0.4198281764519966,67545600
2011-03-31,0.42136234045028687,0.4224022588635594,0.4153719525979722,0.4178472014818455,56428800
2011-04-01,0.42200589179992676,0.43151141880470106,0.41834245199253817,0.4274021701660589,75552000
2011-04-04,0.4181941747665405,0.42665981214324233,0.4123520872402374,0.42561989365128905,62419200
2011-04-05,0.41344138979911804,0.4218081595606847,0.41190625726514335,0.4150753895141884,53932800
2011-04-06,0.4165601134300232,0.42745249952300096,0.41002505004736844,0.4233432795887568,66393600
2011-04-07,0.4164612889289856,0.4244316546245758,0.40789678533639906,0.4168576641473508,71942400
2011-04-08,0.4102238118648529,0.42368935369946914,0.4040347538564838,0.422204589411275,50457600
2011-04-11,0.40651002526283264,0.41779785487692933,0.4024502094478408,0.4149765986089874,56083200
2011-04-12,0.3984901010990143,0.4037875403562801,0.3933409626054519,0.4007676438878335,66566400
2011-04-13,0.40799567103385925,0.41136157441317345,0.3985395494002823,0.4071040533816867,70848000
2011-04-14,0.4057675302028656,0.407648669364447,0.39457857090055476,0.3994796347359821,67872000
2011-04-15,0.40314406156539917,0.40844150129626355,0.39596548242796936,0.40101481934992617,149683200
2011-04-18,0.3953714072704315,0.3955691416569526,0.37546873304936945,0.3914598924920243,125760000
2011-04-19,0.40250062942504883,0.40250062942504883,0.39200461499009587,0.3978467036274483,107328000
2011-04-20,0.42928430438041687,0.4309173410319187,0.4223034310533918,0.4237387616577988,131155200
2011-04-21,0.44017571210861206,0.44284869549587097,0.43621476410117294,0.4427003947197433,64972800
2011-04-25,0.44344282150268555,0.44408729963011423,0.43874042579787687,0.44176035115252654,45350400
2011-04-26,0.45106714963912964,0.45547393467477604,0.44433437961436784,0.4470577313498304,44793600
2011-04-27,0.4604244530200958,0.4615632104281457,0.4473543519796408,0.4529987337529706,62668800
2011-04-28,0.45973148941993713,0.4599291954672589,0.452255373626199,0.45591881370838894,66028800
2011-04-29,0.45750337839126587,0.4608702452266941,0.454236341919557,0.45616691497776146,52416000
2011-05-02,0.4550281763076782,0.46240449080334867,0.45096838887772106,0.4594834325292214,53875200
2011-05-03,0.44819560647010803,0.4548799072886056,0.43968056275404355,0.45359284899746194,52204800
2011-05-04,0.44557204842567444,0.4519588122820324,0.4349771683237009,0.44814613647017154,81945600
2011-05-05,0.43888869881629944,0.45443404851164637,0.43403706778002515,0.4390369712692888,95750400
2011-05-06,0.44270044565200806,0.4593845540085666,0.43918530608713174,0.45225540768335426,76838400
2011-05-09,0.44750264286994934,0.4529483556377035,0.44007692329696707,0.4447802539097751,41875200
2011-05-10,0.45898908376693726,0.460919656732626,0.44948352820820525,0.4519093436071824,55353600
2011-05-11,0.44908711314201355,0.4619595059048631,0.43982872636147835,0.45760218307922684,64704000
2011-05-12,0.4570081830024719,0.4588893509892894,0.4372053099004931,0.4443838899978278,60288000
2011-05-13,0.44081923365592957,0.45601857520484473,0.4403734248308664,0.45393876669562033,74054400
2011-05-16,0.41789665818214417,0.4384923073772381,0.4149765351614044,0.4350265734777688,79718400
2011-05-17,0.42131298780441284,0.42156109064603786,0.4090850701325261,0.4116097530907885,89740800
2011-05-18,0.43156081438064575,0.4340369979415875,0.4180458419555703,0.4197786803616755,42566400
2011-05-19,0.4352746605873108,0.43819571835000287,0.4278479789455671,0.43656171864335014,52627200
2011-05-20,0.4256702959537506,0.4354723968509053,0.42408572972738817,0.433788963437093,43660800
2011-05-23,0.4072028696537018,0.41165908797296347,0.40116304850002366,0.4081933544304059,77433600
2011-05-24,0.3995301425457001,0.41032273040747785,0.3994303404919356,0.41032273040747785,67929600
2011-05-25,0.4039853513240814,0.40957933651225137,0.39735141922702183,0.3975985588846942,53913600
2011-05-26,0.4115602672100067,0.41492617078225486,0.4000243364011918,0.4000243364011918,47136000
2011-05-27,0.4176989197731018,0.4189365442715103,0.4126990165165758,0.41358969935521483,35059200
2011-05-31,0.437799334526062,0.437799334526062,0.4229469337486714,0.42972913765666826,55315200
2011-06-01,0.40982744097709656,0.4377005395013762,0.40863924992906725,0.4349277537781313,92352000
2011-06-02,0.412203848361969,0.4161144285995741,0.40542070851124773,0.4116592005663677,46790400
2011-06-03,0.3934893012046814,0.4068075042695534,0.39210337590185573,0.3977477573356763,81388800
2011-06-06,0.38398370146751404,0.3966583881872354,0.38353885584195435,0.39165752222021954,53472000
2011-06-07,0.38175663352012634,0.39141046262416557,0.38106272179462847,0.386954271721696,55852800
2011-06-08,0.37353813648223877,0.3811130910626988,0.3703195421195411,0.37913212124687423,93523200
2011-06-09,0.37517210841178894,0.38051895314006584,0.37022067574497813,0.37368638116034536,44064000
2011-06-10,0.35794341564178467,0.37259715005327537,0.3573987394994431,0.3700724669263381,55699200
2011-06-13,0.35819047689437866,0.3636856225543813,0.3545764706027931,0.3594775066483984,58982400
2011-06-14,0.3715077340602875,0.3746274612442098,0.36616088892040183,0.36626069095506175,58521600
2011-06-15,0.3512096107006073,0.36789371721437714,0.34878379526240894,0.3614575201582601,89337600
2011-06-16,0.3463086187839508,0.35472482419244405,0.33769377244616533,0.35140835353739996,85171200
2011-06-17,0.343734472990036,0.3574481169450016,0.34071454779734206,0.3561106903409448,89971200
2011-06-20,0.3482885956764221,0.35180376361427657,0.34036763349779015,0.34036763349779015,47212800
2011-06-21,0.3715077340602875,0.3722016457375497,0.34809085660461325,0.3527941868369387,74284800
2011-06-22,0.3631409704685211,0.3729934683051953,0.36289383082434545,0.36655727094873264,62208000
2011-06-23,0.37319114804267883,0.37368639047216756,0.34794253770875333,0.3512096023275409,115852800
2011-06-24,0.35353660583496094,0.36878538381518666,0.35180376697735444,0.3676466263334873,94041600
2011-06-27,0.3707158863544464,0.37556751694875024,0.3531905316011918,0.35521997166463454,74361600
2011-06-28,0.3873506188392639,0.3875483248845776,0.3720029753130306,0.37338983548703486,57676800
2011-06-29,0.392202228307724,0.39408336765610436,0.38368715773252493,0.3907668977950382,68409600
2011-06-30,0.40710416436195374,0.40829235554769017,0.39561859952029255,0.3963115764839214,90432000
2011-07-01,0.4259668290615082,0.4275513951386052,0.40492630714660494,0.4084414744242769,76723200
2011-07-05,0.43210554122924805,0.43349240144538387,0.4246798220553973,0.42740221086924346,73286400
2011-07-06,0.43671002984046936,0.43854173574214067,0.42675869312253395,0.4310171777567354,79833600
2011-07-07,0.45438462495803833,0.45819633756940814,0.44473079626607304,0.44631442768566826,107097600
2011-07-08,0.4506223499774933,0.45077062243508687,0.4356207126917794,0.4428487258767406,146035200
2011-07-11,0.4264620840549469,0.4432450571615583,0.4217093205306525,0.4368582939228819,135417600
2011-07-12,0.41606494784355164,0.4286407694007874,0.4154708665147758,0.425868012150398,100646400
2011-07-13,0.4216105341911316,0.4342842610702782,0.4172037766268491,0.42532337998914627,114796800
2011-07-14,0.40710416436195374,0.4307691491989905,0.4023019660158058,0.4253234074924159,123436800
2011-07-15,0.42329394817352295,0.42329394817352295,0.4124015594514471,0.42111527212814276,96403200
2011-07-18,0.4163130521774292,0.4217093593944517,0.4044805475380576,0.4169565671034453,84691200
2011-07-19,0.4456709027290344,0.4463144176393735,0.42873962770296564,0.42883849489072245,144864000
2011-07-20,0.4394332766532898,0.452998645865538,0.43765100465791046,0.4527505430881668,107078400
2011-07-21,0.4483448266983032,0.45547400133684773,0.4336901587789513,0.44076987149116337,131212800
2011-07-22,0.4622561037540436,0.46403840421107106,0.4466613217816859,0.4479483798229182,91468800
2011-07-25,0.4595337510108948,0.4668606311109717,0.44859192960702454,0.45082003906360574,80102400
2011-07-26,0.462058424949646,0.46765243794155636,0.45581993388753717,0.45799860970928474,103353600
2011-07-27,0.4270068109035492,0.45448353536244795,0.42378824446862096,0.45364228597766926,144057600
2011-07-28,0.42928430438041687,0.4452754629562012,0.4227492399175747,0.4277985770060168,123398400
2011-07-29,0.4251255691051483,0.43834396884416243,0.41274841854885236,0.4187388062164704,149740800
2011-08-01,0.41938236355781555,0.44279926894608784,0.40398531497746076,0.4405226891062621,197337600
2011-08-02,0.3875483274459839,0.41863998997060453,0.3859152907984016,0.41299560840233995,177004800
2011-08-03,0.3975985646247864,0.39957953461919415,0.3686371051206841,0.38853884504176434,175584000
2011-08-04,0.34348633885383606,0.3830930693021248,0.3433875000028032,0.3812119299888589,292108800
2011-08-05,0.33591145277023315,0.35927986273983425,0.30779121322585723,0.354873105187966,317836800
2011-08-08,0.27689820528030396,0.3229411399760293,0.27625469031728267,0.30630643682270225,385459200
2011-08-09,0.3148214817047119,0.31581193828721277,0.2653137801092017,0.2878400030327768,425856000
2011-08-10,0.277690052986145,0.3074452296561411,0.2760569876867362,0.2937306482911836,323577600
2011-08-11,0.3133357763290405,0.32284133298322865,0.28496839866279294,0.2884835665163891,286348800
2011-08-12,0.32130712270736694,0.3269999748581457,0.3092769119726801,0.32046491022189666,250291200
2011-08-15,0.3351689875125885,0.33526785468781756,0.320861264192139,0.32531745423943365,151488000
2011-08-16,0.32655516266822815,0.335267940959925,0.31378160532781463,0.32605992014613344,150643200
2011-08-17,0.32125768065452576,0.3363572215050906,0.31130631575266965,0.3285351272180631,212236800
2011-08-18,0.27467018365859985,0.29516697255006685,0.265808168224163,0.29506810533272637,328723200
2011-08-19,0.2592729926109314,0.28526491814363486,0.25843174342768455,0.265313748717383,287328000
2011-08-22,0.2616000175476074,0.27808642139244427,0.2594717380751022,0.27749233997382666,216460800
2011-08-23,0.2939787805080414,0.2941764866135193,0.2641256684977591,0.2671950281648057,286137600
2011-08-24,0.3009100556373596,0.3025925254478601,0.2845719312803161,0.2924434571247184,197164800
2011-08-25,0.28645315766334534,0.3045241541015604,0.2832849598958746,0.30026566933178594,152582400
2011-08-26,0.30714768171310425,0.3106628212407909,0.27511592885756025,0.2838790750425281,222412800
2011-08-29,0.33328789472579956,0.33442665210793027,0.31685089877352796,0.31685089877352796,226464000
2011-08-30,0.34007012844085693,0.34601108384000145,0.32427760921150894,0.329723350432686,228940800
2011-08-31,0.34205111861228943,0.35442827367127205,0.3331396700863406,0.34635807463407964,256454400
2011-09-01,0.3323972225189209,0.3522495564083437,0.33046571452538703,0.3442791609958782,197836800
2011-09-02,0.30912765860557556,0.3185837524269587,0.3038302188633809,0.31368271627148125,154137600
2011-09-06,0.309078186750412,0.31046504672246195,0.28516607039884095,0.2872953123552757,170054400
2011-09-07,0.3324466347694397,0.33269377440532105,0.3198708137173273,0.3224952984062993,160089600
2011-09-08,0.32784217596054077,0.34180296053060577,0.32492114608194855,0.3271492274011079,199046400
2011-09-09,0.3062570095062256,0.32531752876621906,0.3001173848466812,0.32180238911534376,207648000
2011-09-12,0.3177425265312195,0.3184354750042579,0.29551287776023244,0.2961573274889087,239712000
2011-09-13,0.33007025718688965,0.3324960726884375,0.3169507230993997,0.3214059505066813,280243200
2011-09-14,0.3443285822868347,0.3559624184773469,0.3255646648281939,0.3358125755550198,233625600
2011-09-15,0.3599728047847748,0.36165623837713096,0.34546737211115186,0.3562599590647079,235372800
2011-09-16,0.3693794906139374,0.37091368854545703,0.36031977094915724,0.36279499195967346,246220800
2011-09-19,0.3703194856643677,0.3760132999240832,0.3469520454268295,0.3563092991751398,247449600
2011-09-20,0.36507248878479004,0.3846272846897026,0.36274554053693564,0.3756664050331997,239155200
2011-09-21,0.3465062975883484,0.3763603360788567,0.3462097243488963,0.3707653596782202,234451200
2011-09-22,0.3127920627593994,0.32888208953630865,0.2975432853225452,0.32016834864511495,335462400
2011-09-23,0.32254475355148315,0.3265057018937039,0.30417718387675124,0.3048207271462903,261504000
2011-09-26,0.3334856331348419,0.3352679339370911,0.30595950362326874,0.3275446776751951,246988800
2011-09-27,0.34368497133255005,0.3594280524376721,0.3371499081076737,0.3510118501005585,259027200
2011-09-28,0.3274952471256256,0.3552694797397743,0.3265057252691159,0.3485367084386226,269184000
2011-09-29,0.3177919089794159,0.34487318662217026,0.3008102674953578,0.3440310025873391,336556800
2011-09-30,0.29308703541755676,0.3121979185512297,0.2920975138142363,0.3052170461900321,287462400
2011-10-03,0.2701159715652466,0.2986325822390564,0.26971959630579456,0.28476970314994027,410649600
2011-10-04,0.28655195236206055,0.28828481901985487,0.2537283926979569,0.26169972096731714,689280000
2011-10-05,0.3083358108997345,0.31115800131038907,0.27798749766472897,0.28457196650564776,520569600
2011-10-06,0.3241788148880005,0.3241788148880005,0.3034348592463012,0.30793954967190856,456460800
2011-10-07,0.3174944519996643,0.32799046506995494,0.31140519614160195,0.32323770101404037,288364800
2011-10-10,0.35007089376449585,0.35007089376449585,0.3322974331327205,0.3336842934320971,216960000
2011-10-11,0.35754692554473877,0.36002217447117396,0.3459615900269321,0.34764502332043845,200947200
2011-10-12,0.36329010128974915,0.3750228003865877,0.362101910654133,0.3681911645731587,258950400
2011-10-13,0.3730429708957672,0.37442886818010557,0.35987400050842855,0.36111159698160805,187161600
2011-10-14,0.3935891091823578,0.3935891091823578,0.38081555363364117,0.3872023455723529,191481600
2011-10-17,0.3753698766231537,0.391657609784076,0.3691313848781789,0.387994169402416,1094342400
2011-10-18,0.38898465037345886,0.39532104607280416,0.36323985940617337,0.3740333808946233,285792000
2011-10-19,0.36655718088150024,0.38650928296786036,0.36314088124071203,0.38398366600053313,242246400
2011-10-20,0.3619033396244049,0.3675477495086093,0.34581331393573284,0.36571601531380254,203174400
2011-10-21,0.3747757375240326,0.3818060444761949,0.3649232680971523,0.3728451644529282,188428800
2011-10-24,0.3981926739215851,0.4012125710033392,0.3779439639873912,0.3791815886445991,197356800
2011-10-25,0.37561696767807007,0.3946774841279789,0.37225106416767617,0.3939351020633295,200755200
2011-10-26,0.3741321563720703,0.3834894100106826,0.35279412797991766,0.38121189566497743,383692800
2011-10-27,0.4042828679084778,0.4109168001447205,0.38853884758419865,0.40022305220194737,330528000
2011-10-28,0.4056193232536316,0.4072029263083768,0.3968561493327387,0.3968561493327387,127161600
2011-10-31,0.385518878698349,0.39962889642366844,0.38472706308276683,0.3947772658574692,157977600
2011-11-01,0.3556658625602722,0.3658643685147609,0.3493779651955888,0.3576953030920234,392870400
2011-11-02,0.36442801356315613,0.36888420405373873,0.3544281785324051,0.36591371256621774,243648000
2011-11-03,0.38660821318626404,0.3883905136709863,0.36041855190164424,0.37333944429431265,285561600
2011-11-04,0.3806178569793701,0.38571662773088955,0.3693794621046671,0.3809144302183868,158323200
2011-11-07,0.3890834450721741,0.38982582708687996,0.3688347390763935,0.38066724209839004,223084800
2011-11-08,0.4020547866821289,0.40438173522094056,0.3842318923248747,0.3973514276774683,205900800
2011-11-09,0.3604680895805359,0.38066736870615414,0.35754703096257784,0.37868639844016855,222144000
2011-11-10,0.35898223519325256,0.3718051934177135,0.34903183558908807,0.37101337789325217,177945600
2011-11-11,0.37913215160369873,0.3828450255416051,0.3674983439537881,0.3691808143197635,171532800
2011-11-14,0.3726958930492401,0.3829941986824881,0.3683889384542811,0.376904008794054,113126400
2011-11-15,0.3846776783466339,0.38943044233820234,0.36833954929105106,0.3698747103040156,220108800
2011-11-16,0.36571601033210754,0.3852213730000575,0.3638843044909589,0.376459162399886,242092800
2011-11-17,0.34056538343429565,0.3633891478565037,0.3336843389720623,0.36309161138064194,445920000
2011-11-18,0.3323972225189209,0.3416052425423029,0.3306149501610377,0.3405159187196612,236198400
2011-11-21,0.31308862566947937,0.32016833806762884,0.3033359580295962,0.3195248231370876,272352000
2011-11-22,0.31581196188926697,0.31927673298535714,0.30536538213269343,0.31036531430402287,320659200
2011-11-23,0.2948199212551117,0.3102169988583202,0.2945727816085327,0.3093263442860547,310272000
2011-11-25,0.2881365120410919,0.3014537775714074,0.2881365120410919,0.29160224528177536,123552000
2011-11-28,0.31789085268974304,0.3193271466461545,0.30902883880843346,0.3092275080559101,262752000
2011-11-29,0.3121476173400879,0.32482230796915396,0.30972180141246464,0.31690038199084763,234432000
2011-11-30,0.3464074730873108,0.34759566421494836,0.33482306993439914,0.3376937598688138,242457600
2011-12-01,0.3538341522216797,0.3566059465938236,0.34591222656850273,0.3468038444098508,183475200
2011-12-02,0.3504672348499298,0.36452782013480256,0.35012029317928295,0.36427971732174425,129081600
2011-12-05,0.3619528114795685,0.369626634087233,0.3564576649716793,0.36729968551933084,189158400
2011-12-06,0.3591810166835785,0.3663596256680631,0.3559624500478023,0.36368570685290424,140025600
2011-12-07,0.35972562432289124,0.36437858608567364,0.3454673329324012,0.35645762470673176,154080000
2011-12-08,0.34140753746032715,0.3606163281366746,0.33927829507635443,0.35249669706540143,259795200
2011-12-09,0.35759636759757996,0.36076456505153626,0.34353578282058916,0.34442740050226717,196243200
2011-12-12,0.3458627164363861,0.34690263484826644,0.3366547260112591,0.3465556648760877,214579200
2011-12-13,0.33417952060699463,0.35660591407863346,0.3298716022886002,0.35244725972343743,231590400
2011-12-14,0.31863316893577576,0.3312089891886569,0.3129897226778781,0.3301690990949636,409939200
2011-12-15,0.3161579668521881,0.3277433323169083,0.3145743636938425,0.3276444651227145,306950400
2011-12-16,0.32011887431144714,0.3336842152940888,0.3192272567192999,0.32135647035097614,280934400
2011-12-19,0.31125688552856445,0.326555094375586,0.3088310702019049,0.32447528585019964,199296000
2011-12-20,0.3388819098472595,0.33992180004627187,0.3260104499280746,0.3260104499280746,267705600
2011-12-21,0.3247727155685425,0.33309004964059236,0.3128908097513284,0.33309004964059236,343718400
2011-12-22,0.332693874835968,0.3331891174332526,0.32516835167107583,0.32605996964996464,200947200
2011-12-23,0.3413086533546448,0.34135808694842773,0.3326443466354944,0.3345749196914906,110918400
2011-12-27,0.343932181596756,0.3475461881387675,0.3386347416062437,0.34002066696764044,139776000
2011-12-28,0.3328915536403656,0.34432859055951,0.3296244884605799,0.3430909941899756,200294400
2011-12-29,0.33937716484069824,0.3401699438186514,0.33101039335516885,0.33383258453332226,135436800
2011-12-30,0.336605429649353,0.34180304081840585,0.33640676036400863,0.3373972455904142,115622400
2012-01-03,0.3557646572589874,0.3611115020812536,0.35338827548715684,0.3555669228960737,202732800
2012-01-04,0.36002224683761597,0.3617551140696303,0.3495262329026942,0.35408129127832405,119692800
2012-01-05,0.36888420581817627,0.37007239675312675,0.353982371374174,0.35819048740362225,138796800
2012-01-06,0.3726958930492401,0.37541924473162763,0.3653196083033289,0.36987466569266186,207494400
2012-01-09,0.36957722902297974,0.3763603975120456,0.36586438301791624,0.375766287760108,153945600
2012-01-10,0.37715214490890503,0.384478996712701,0.3745780286146249,0.3815085334781652,157305600
2012-01-11,0.37977567315101624,0.38220148870660586,0.37309233613883297,0.37715215154548604,137241600
2012-01-12,0.3842812478542328,0.3856671447058501,0.374132178070551,0.3827955206501135,154329600
2012-01-13,0.37987446784973145,0.38036971025741917,0.3702700739332455,0.37834029854240175,155155200
2012-01-17,0.3900739252567291,0.39522212926019873,0.3861624108976871,0.39051879924999655,129024000
2012-01-18,0.4055699110031128,0.4059653231174107,0.3906680754449773,0.39289522185577186,213830400
2012-01-19,0.4136885702610016,0.41571897374815964,0.4094804823338896,0.41131218826326543,226790400
2012-01-20,0.41185688972473145,0.4122038314327716,0.40740163354579134,0.4081440157129262,80179200
2012-01-23,0.41180747747421265,0.42071892514148024,0.4049758387968704,0.41175804387317444,137664000
2012-01-24,0.4095298647880554,0.4130450037502684,0.4043322274115121,0.40655937349748017,95596800
2012-01-25,0.4251750707626343,0.42824440130521213,0.4130450578747342,0.4224517470614738,202521600
2012-01-26,0.42066943645477295,0.4329477498399477,0.41472848156411896,0.4306207731495436,187084800
2012-01-27,0.4248281419277191,0.426659847923799,0.4175506948832095,0.41824364343437964,168844800
2012-01-30,0.42552101612091064,0.42725388294843264,0.4091344188992993,0.413986049414504,168672000
2012-01-31,0.4270068109035492,0.43413598584037627,0.41908491366290135,0.4316113028385962,198201600
2012-02-01,0.4375018775463104,0.44225464181753754,0.4302244303445822,0.4343336796479649,175737600
2012-02-02,0.44200757145881653,0.44596852058836395,0.43656185776759493,0.44180986536334366,145190400
2012-02-03,0.45958319306373596,0.4611668244670623,0.45185996588300076,0.4542363478353358,155040000
2012-02-06,0.4591374099254608,0.45918684352271444,0.4512164479228905,0.45438464575443904,130828800
2012-02-07,0.4611174464225769,0.4642866076344113,0.45171078466899944,0.45794924838691153,130176000
2012-02-08,0.46879124641418457,0.46879124641418457,0.45681046860415514,0.46181037251118,154886400
2012-02-09,0.47918832302093506,0.48072254904542033,0.46591955403565927,0.47389091177741244,152544000
2012-02-10,0.46893948316574097,0.4729004311119267,0.4640878523866759,0.4690392851955821,194803200
2012-02-13,0.4815647304058075,0.48374247141688553,0.47334626093023874,0.479435488140872,159206400
2012-02-14,0.48577287793159485,0.48577287793159485,0.4739898065094198,0.4788414661461855,173875200
2012-02-15,0.47492989897727966,0.500674659859442,0.47334626758418685,0.49275276350462,383865600
2012-02-16,0.49478307366371155,0.4967630800688428,0.472454587835463,0.47636613023397084,252268800
2012-02-17,0.49057507514953613,0.4964171344276612,0.4841882548352642,0.49522897179749636,161932800
2012-02-21,0.4947337210178375,0.5010206542053577,0.4853764659568727,0.492456206325938,164371200
2012-02-22,0.4881986379623413,0.4960207605691282,0.48582225603784135,0.4917138339126012,125376000
2012-02-23,0.49745604395866394,0.4989911763637504,0.48270341871291267,0.48988202531890146,210144000
2012-02-24,0.5023086667060852,0.5052287898909228,0.4989418564589803,0.5016147833408406,134572800
2012-02-27,0.5047345757484436,0.5095367455747345,0.4879012022291341,0.49369391377506255,184819200
2012-02-28,0.5198339819908142,0.5198339819908142,0.5042392004922022,0.5057733697780414,191980800
2012-02-29,0.5130022168159485,0.5262700752626799,0.5082494547015541,0.5214184459965604,266092800
2012-03-01,0.5254784822463989,0.5267161069413544,0.5144378206719666,0.5189928506562024,234643200
2012-03-02,0.5238938331604004,0.5291418395112261,0.5191410692714116,0.5236961554405344,166252800
2012-03-05,0.5075554847717285,0.5250323613371679,0.5027038563356119,0.5233489004909517,244454400
2012-03-06,0.493000864982605,0.4960702237481659,0.48488123427319996,0.4932974098893674,215558400
2012-03-07,0.5041897296905518,0.5074567653663541,0.49765463850574104,0.4998323790026075,187238400
2012-03-08,0.5201809406280518,0.5247844682186612,0.5099320690566378,0.5127542311303818,124761600
2012-03-09,0.5264678001403809,0.5296863936412856,0.5220125455997591,0.5232501698152527,154944000
2012-03-12,0.5273101329803467,0.5291912723596514,0.5196857451039224,0.5258244056764642,151507200
2012-03-13,0.5570149421691895,0.5571138093538508,0.5330524261352961,0.5365675653162494,191462400
2012-03-14,0.5632526278495789,0.5690947452528242,0.5527071506942847,0.5586481353098957,243052800
2012-03-15,0.5675594806671143,0.5710746770265481,0.5595891413369767,0.5679064507121665,196819200
2012-03-16,0.5663217902183533,0.5704309820894101,0.5625594550025367,0.5703321715688713,138297600
2012-03-19,0.5786494612693787,0.5824612016277038,0.565133553586512,0.5691439348131321,191961600
2012-03-20,0.5818177461624146,0.5836494236542333,0.5650842059818112,0.5697875077736501,184396800
2012-03-21,0.5816200971603394,0.5914231340988025,0.5794908546250441,0.5823624793465497,156576000
2012-03-22,0.5781050324440002,0.5821648204660885,0.5709264229683929,0.5712733930590673,213216000
2012-03-23,0.5773130059242249,0.5807787397165894,0.5673616983667469,0.5803823644736373,157497600
2012-03-26,0.6074637770652771,0.6074637770652771,0.5874127717823803,0.5880563434483314,158553600
2012-03-27,0.6097896695137024,0.6174634626493498,0.6078590682150123,0.6081071710202057,179251200
2012-03-28,0.6026606559753418,0.617909435058278,0.5919175018749107,0.6109285605380775,190368000
2012-03-29,0.596472442150116,0.602462830681074,0.5830553996076384,0.5941454654419445,172300800
2012-03-30,0.592313826084137,0.6046909792229963,0.5852340849702631,0.6039980023304349,126451200
2012-04-02,0.6103838682174683,0.6131071637586732,0.5876598802471795,0.590679834038577,125452800
2012-04-03,0.6104341745376587,0.6187011144800748,0.5999875672190701,0.6130576960955507,167500800
2012-04-04,0.5855315923690796,0.5974629649203091,0.5750355788706586,0.5961255098875232,205152000
2012-04-05,0.5962252020835876,0.5977099660616629,0.5808281554381706,0.5823129194162459,154656000
2012-04-09,0.5825116634368896,0.5899374109940744,0.5708768931100986,0.5735498200198931,143904000
2012-04-10,0.554390549659729,0.5885515189209479,0.5490436754467162,0.5814223721894047,293433600
2012-04-11,0.5624112486839294,0.5735498132304366,0.5583019996723622,0.5697381289636403,168806400
2012-04-12,0.5812730193138123,0.5835999958165375,0.5636488252889102,0.565727698991474,178291200
2012-04-13,0.5549845695495605,0.5759262257593947,0.554538732369342,0.5754318898339396,183321600
2012-04-16,0.5375086069107056,0.564539459858978,0.5317158968179473,0.5642429149833852,200486400
2012-04-17,0.569193422794342,0.5743426186463003,0.54122148701208,0.5441919786257186,189254400
2012-04-18,0.5650347471237183,0.5748378393338867,0.5598362028601953,0.5640946873288278,128294400
2012-04-19,0.5467660427093506,0.5792435996621483,0.5398850003091892,0.5590937885273556,199200000
2012-04-20,0.5408745408058167,0.5621137046953688,0.5389934014256024,0.5546879577003565,171033600
2012-04-23,0.5272606611251831,0.5289925648497509,0.5121602147603816,0.5269631530625782,140140800
2012-04-24,0.5179527997970581,0.5300818466607364,0.5114671702173643,0.5239431870170617,129696000
2012-04-25,0.5590937733650208,0.5601336634332589,0.5476576455125824,0.5501328943575855,152409600
2012-04-26,0.5690945982933044,0.5729557443767467,0.5569654924920286,0.5583019842228291,142483200
2012-04-27,0.578847348690033,0.5848377378967371,0.5672135403277158,0.5760755543008305,104928000
2012-04-30,0.5668169856071472,0.5774118645317073,0.5655794178107999,0.5736989911704367,96172800
2012-05-01,0.5700356960296631,0.5886009731423646,0.5629559546626669,0.5636983368511937,104678400
2012-05-02,0.5737979412078857,0.5758768151785274,0.5576091039305667,0.5608266786823584,77184000
2012-05-03,0.555975079536438,0.5769166800342405,0.5520141029811786,0.5757779226457871,100550400
2012-05-04,0.5151804089546204,0.5433509996491742,0.5148838072392733,0.540775975511484,182169600
2012-05-07,0.5159225463867188,0.5234480677103266,0.5048333868909874,0.5053780346341371,211046400
2012-05-08,0.5102297067642212,0.5154777136871339,0.48542593776870874,0.506021590143954,276480000
2012-05-09,0.5074073672294617,0.5138435920596175,0.48621766681129086,0.4928525325120047,269529600
2012-05-10,0.502208948135376,0.5129026965038376,0.49666433955002026,0.5124578224300171,406137600
2012-05-11,0.5017145872116089,0.5181506192366444,0.4959713386402312,0.4961690163517924,96172800
2012-05-14,0.48785167932510376,0.4997335878445398,0.48587167285428035,0.4896339514386669,164400000
2012-05-15,0.4835941195487976,0.5039910684247291,0.48082136283419863,0.49339715363265835,151276800
2012-05-16,0.47309815883636475,0.4927033520637747,0.47062293807078925,0.4887433387833367,148598400
2012-05-17,0.4439873993396759,0.4759697397330357,0.4437896649953243,0.4738908662192968,260640000
2012-05-18,0.4261645972728729,0.4511166370087051,0.42507620829342835,0.4481461452958837,281923200
2012-05-21,0.4620090126991272,0.4630983648246759,0.4272539376684568,0.4286407695534684,206409600
2012-05-22,0.46032556891441345,0.47161339719894046,0.45012709273098894,0.46547473635231057,193238400
2012-05-23,0.46289974451065063,0.4664643178473542,0.43695818096080996,0.44893895928344363,161952000
2012-05-24,0.4545823037624359,0.46646424126270125,0.4435920122845697,0.4653748892008956,154800000
2012-05-25,0.4520081877708435,0.4575527667568956,0.4480472400109543,0.4553750542734635,62496000
2012-05-29,0.4688405990600586,0.47567317098923256,0.456958690497672,0.46488058610409716,141360000
2012-05-30,0.45745396614074707,0.4624044645898514,0.44884005577966885,0.4564635095092005,124617600
2012-05-31,0.45091891288757324,0.459236249690072,0.4411167835474831,0.45586938282321193,166080000
2012-06-01,0.4154709279537201,0.43527476554686645,0.4150754874647258,0.42755150882972887,224342400
2012-06-04,0.4243822693824768,0.42675865111032757,0.40784737098570123,0.41913519835734464,228345600
2012-06-05,0.43022435903549194,0.4325019019257239,0.419927016437076,0.4205210977081564,196483200
2012-06-06,0.45963263511657715,0.46062215688567565,0.4386406092577087,0.4402251755375405,171724800
2012-06-07,0.4544835090637207,0.4738909692073268,0.4528989427377934,0.4733957267203355,171408000
2012-06-08,0.46785107254981995,0.4691381022429741,0.44735429182243414,0.4516118127896849,126384000
2012-06-11,0.44547325372695923,0.4788415308926442,0.44289916526358053,0.477554444167886,181795200
2012-06-12,0.4595337510108948,0.4603255666979835,0.4411167770549344,0.4491366056549532,134995200
2012-06-13,0.4505224823951721,0.4662665288305134,0.44547314557231477,0.4559691576434052,96998400
2012-06-14,0.4555727541446686,0.46042438462998797,0.4428990302704135,0.4500281752335373,131414400
2012-06-15,0.47240522503852844,0.4739897913084135,0.4584444412407787,0.458741014482567,168758400
2012-06-18,0.4845845401287079,0.4888421173748214,0.4642864587379136,0.46715711940287025,176668800
2012-06-19,0.5005263686180115,0.5065662187507828,0.49201036293424605,0.4927033397451606,162518400
2012-06-20,0.5023086667060852,0.5080510090621126,0.49022811595726395,0.5032982451218084,194428800
2012-06-21,0.4646819233894348,0.5023086192560915,0.46270191688379786,0.5003277062318953,155788800
2012-06-22,0.47913891077041626,0.4807225420339387,0.4652760323786803,0.4684451646002512,140044800
2012-06-25,0.4507211744785309,0.46735587626343317,0.44705776273604997,0.4668606338062188,134160000
2012-06-26,0.459433913230896,0.4632960222020711,0.4493342767408023,0.4552752593787666,136684800
2012-06-27,0.46785107254981995,0.4738908939472695,0.46329601520144575,0.46468191207256054,116985600
2012-06-28,0.45101770758628845,0.4582457198978763,0.43765103496834035,0.4570575290424319,209184000
2012-06-29,0.49507978558540344,0.49507978558540344,0.47379211990702685,0.47824737610601,246595200
2012-07-02,0.4990406334400177,0.500031118307794,0.4881492092558719,0.49656544110398393,125107200
2012-07-03,0.5109226107597351,0.5117143981033871,0.4976547478062899,0.4999322624853685,92947200
2012-07-05,0.5127048492431641,0.5202303696007646,0.5022088375862701,0.5105262018928097,118560000
2012-07-06,0.4925057291984558,0.5067640238698581,0.4829013322080478,0.5058733691232001,145248000
2012-07-09,0.4908221960067749,0.496961819788569,0.4836929938689509,0.491911491407727,96124800
2012-07-10,0.47577205300331116,0.5025063622666381,0.47082155506601964,0.49894181791548037,172665600
2012-07-11,0.4692370295524597,0.4784450211024992,0.45685987711904097,0.4748804764427228,221088000
2012-07-12,0.4556717276573181,0.46091973459212365,0.44270046437913524,0.4577515365960326,215356800
2012-07-13,0.4754745364189148,0.4790390807062026,0.45824572628189225,0.4591373439416985,141120000
2012-07-16,0.4719099700450897,0.47894024861179607,0.4663653905186743,0.472900454957755,108739200
2012-07-17,0.47913891077041626,0.48399054143574816,0.45903850481030295,0.48052480767346173,173606400
2012-07-18,0.49864423274993896,0.5030015840735776,0.4760685783743198,0.47616840872828303,187440000
2012-07-19,0.5148834586143494,0.5198339560226919,0.5064672844072189,0.5093379451400115,216249600
2012-07-20,0.49507978558540344,0.5152790622311295,0.49409026375014886,0.5152790622311295,164726400
2012-07-23,0.4767625629901886,0.48200960609283927,0.45507756104584746,0.46596901402364044,221788800
2012-07-24,0.4658701717853546,0.4813166550394566,0.4565633128615159,0.4794355154819153,252192000
2012-07-25,0.45547395944595337,0.4651771930284239,0.44775070415626783,0.4551764230401742,196675200
2012-07-26,0.4732968807220459,0.4822082997012513,0.4656724916980281,0.47596986448793066,231024000
2012-07-27,0.5091402530670166,0.5102296050809854,0.4802272970701147,0.48438595093318787,271305600
2012-07-30,0.5060710310935974,0.5182494865473051,0.5015159446167506,0.5118142802942517,183235200
2012-07-31,0.5063676238059998,0.5148836312152829,0.5047839921514735,0.5091403814726614,132748800
2012-08-01,0.5014170408248901,0.5171610597918757,0.4960702239718725,0.5168635517089349,150921600
2012-08-02,0.4961690902709961,0.5112201907517555,0.4852776643071645,0.4896340533889507,165830400
2012-08-03,0.5243890285491943,0.5350827746681767,0.5149823688042685,0.520428109043525,195081600
2012-08-06,0.536172091960907,0.5433012366927513,0.5295372264384707,0.533002959959733,127612800
2012-08-07,0.5494399666786194,0.5562716042425541,0.5410237912408556,0.5441919604699033,140601600
2012-08-08,0.5485484004020691,0.5526082443800884,0.5429049815777613,0.5453802308759598,85929600
2012-08-09,0.5532023906707764,0.5559752051982259,0.5458755653936879,0.5487471904756096,77500800
2012-08-10,0.5554798245429993,0.5554798245429993,0.5438954230592494,0.5486481868849882,93350400
2012-08-13,0.5588465929031372,0.5588465929031372,0.5460730665711758,0.5550834077507816,71904000
2012-08-14,0.5596385598182678,0.5685499791184466,0.5549846625055,0.5651831118072229,110160000
2012-08-15,0.5635995268821716,0.5661735868396977,0.557856277415397,0.5582526527337377,71654400
2012-08-16,0.5837986469268799,0.5879573575808543,0.5680546287903824,0.5704310105966199,139017600
2012-08-17,0.5918185710906982,0.5918185710906982,0.5838975807857884,0.5876598599618352,113606400
2012-08-20,0.5940960049629211,0.5944923802042694,0.5835999931046103,0.5907291383652762,91910400
2012-08-21,0.587264358997345,0.6062754127420265,0.5802340810223102,0.5998392443608653,218227200
2012-08-22,0.593600869178772,0.5979582214032866,0.5784519214485749,0.582808310496944,113750400
2012-08-23,0.5804318189620972,0.5919173523879584,0.5752826236013142,0.5869668545628012,109641600
2012-08-24,0.5907291769981384,0.5948878311744777,0.5730061147153742,0.5754813638115038,104236800
2012-08-27,0.593600869178772,0.6005323379806641,0.5895410817257756,0.5984525007381543,75379200
2012-08-28,0.5935019254684448,0.5982546892166624,0.585976404584662,0.5917196532272164,87657600
2012-08-29,0.5936996936798096,0.5980570455909542,0.5860762683518129,0.594194936155206,73737600
2012-08-30,0.5755802989006042,0.5863728576226245,0.5727086741984347,0.5857787479109413,124272000
2012-08-31,0.5878585577011108,0.5942938205392054,0.5696392884895874,0.5881551026263154,168816000
2012-09-04,0.5853822827339172,0.5916207736934328,0.5678569554483338,0.584293893852606,149625600
2012-09-05,0.5827093720436096,0.5917196571526501,0.5785506612432708,0.5840952690325756,100828800
2012-09-06,0.6212265491485596,0.6224147680863649,0.5936994959752036,0.5939970039688339,154656000
2012-09-07,0.6185527443885803,0.6225137202374507,0.6141963565094247,0.6180575020104856,109670400
2012-09-10,0.5957793593406677,0.6183550124110694,0.5943934625488897,0.6147904684121354,150604800
2012-09-11,0.5932055115699768,0.6026112107817976,0.5899375112655504,0.5954820635850974,140352000
2012-09-12,0.5983536839485168,0.6027110365401204,0.5870658818047253,0.5989477937080389,153888000
2012-09-13,0.6222162842750549,0.630039370419378,0.5974629421469381,0.5999381913736245,233616000
2012-09-14,0.6381581425666809,0.6455847979787425,0.6283560112508849,0.6297419652079329,286377600
2012-09-17,0.6393463015556335,0.6402379193855909,0.6327123408203041,0.6402379193855909,152323200
2012-09-18,0.640534520149231,0.641921380614617,0.6344947252586727,0.6344947252586727,100742400
2012-09-19,0.6447919607162476,0.649644555294714,0.635485129868688,0.6412274158896359,137520000
2012-09-20,0.6433071494102478,0.6444953687039247,0.6304347548429439,0.6353862162549361,144921600
2012-09-21,0.6433071494102478,0.6540008964236821,0.6416237443151818,0.6527138665993848,145056000
2012-09-24,0.631425142288208,0.6352862878224739,0.6233055128342002,0.6271676215443613,139872000
2012-09-25,0.6060768961906433,0.6411285762156689,0.604493264618569,0.637168562438038,153148800
2012-09-26,0.5901349782943726,0.6038989883925379,0.581422202507962,0.6026109955979452,244800000
2012-09-27,0.6151869893074036,0.6190481357376307,0.59191744748327,0.5945913377036421,183244800
2012-09-28,0.6004334688186646,0.614394253741686,0.5980570866459735,0.6085521371793825,157977600
2012-10-01,0.5978583097457886,0.6195433111932446,0.5913232738023547,0.6089484316913574,156499200
2012-10-02,0.6017204523086548,0.6103343625135869,0.5883528149492885,0.6051861864306378,165043200
2012-10-03,0.6131071448326111,0.6165728790961906,0.5998393372977409,0.6071662179456376,159820800
2012-10-04,0.6202362179756165,0.6250878487707726,0.6108295579339564,0.6173645937364777,152342400
2012-10-05,0.6095425486564636,0.6317218296385348,0.6053838378629403,0.6293454477525557,116534400
2012-10-08,0.5934031009674072,0.6031063635332415,0.5890467121672823,0.5995418187943801,104841600
2012-10-09,0.5629064440727234,0.5886502682781781,0.5608266071911073,0.588056215329208,182188800
2012-10-10,0.5560739636421204,0.5691440945156575,0.5534999036133951,0.5647877052832071,155808000
2012-10-11,0.5511234402656555,0.5698369876333581,0.5501329553474702,0.5695403860690805,142396800
2012-10-12,0.5510246753692627,0.5597374541699995,0.5473602997565923,0.5517175956757591,109180800
2012-10-15,0.5620148777961731,0.5644901269719312,0.5467661009429513,0.5567668713549776,116332800
2012-10-16,0.5864715576171875,0.5881549624160485,0.5644900144686786,0.56508412401098,142742400
2012-10-17,0.5846894979476929,0.5906304255556359,0.5748873668294328,0.577263749204095,133401600
2012-10-18,0.5646889209747314,0.5850859360903747,0.5584504279013706,0.579541326574847,173520000
2012-10-19,0.5238938331604004,0.5636982732237427,0.522309295243664,0.5628066554887092,285312000
2012-10-22,0.5321121215820312,0.5363696413327446,0.5200315757204723,0.5228043318463643,211132800
2012-10-23,0.5163682699203491,0.5307254276044753,0.5122096160211654,0.5196362693332227,282038400
2012-10-24,0.5112202167510986,0.528449002732176,0.5093381137953478,0.5258739228279382,207052800
2012-10-25,0.5112202167510986,0.524586892792632,0.5068628642715559,0.5224082448815724,233625600
2012-10-26,0.5165669322013855,0.5222103498037125,0.4996346963851874,0.5119129795410001,192192000
2012-10-31,0.506566047668457,0.5166656812749277,0.501020478674259,0.5143881107235554,148204800
2012-11-01,0.5280523896217346,0.5310228803479544,0.5118140960325337,0.5157741082169813,183724800
2012-11-02,0.508743941783905,0.5359734962504386,0.508743941783905,0.5351817088520412,183427200
2012-11-05,0.5212198495864868,0.5239926063065429,0.5079520452244062,0.5116154563435976,150355200
2012-11-06,0.5243890285491943,0.5345875322507964,0.5180517273123523,0.5234974108941991,182582400
2012-11-07,0.4867624342441559,0.5089426815747373,0.48032717100643724,0.5075558212136513,383731200
2012-11-08,0.4639890193939209,0.49418903652880025,0.4639890193939209,0.4901292494296118,310473600
2012-11-09,0.46903935074806213,0.4846835406595395,0.4637913439867367,0.46468199861538745,436598400
2012-11-12,0.46973222494125366,0.479336590809786,0.4654747038551596,0.4779506938999857,164419200
2012-11-13,0.4595337510108948,0.47299932025675134,0.45527529480073287,0.45874100047647776,345734400
2012-11-14,0.4430968165397644,0.4677513486561068,0.4412156769460905,0.4660688499700716,294950400
2012-11-15,0.4391357898712158,0.4488399857174293,0.43398758616985167,0.4440872223947971,310396800
2012-11-16,0.44408726692199707,0.44814611904782625,0.42359048436785585,0.43963107635443,372614400
2012-11-19,0.4760686755180359,0.4772568949337756,0.45864218452407923,0.4589397209660856,345580800
2012-11-20,0.4761684536933899,0.47854483560694316,0.46289968394681047,0.47596981280006045,218467200
2012-11-21,0.4795343577861786,0.4816141947970144,0.4722075059927281,0.4774554839513809,160761600
2012-11-23,0.501515805721283,0.501515805721283,0.4869609721935222,0.48824800175620464,129321600
2012-11-26,0.5079522132873535,0.5084474558241656,0.49309980972139245,0.498050308737122,196944000
2012-11-27,0.502208948135376,0.5129026965038376,0.5002289412253146,0.5069617125974875,359788800
2012-11-28,0.5156754851341248,0.5166659702369321,0.4860695443335173,0.49527847221104765,281001600
2012-11-29,0.5245867967605591,0.530131404537377,0.5171610495485578,0.5237950094101981,249177600
2012-11-30,0.5227056741714478,0.5261714082524876,0.5175565349732613,0.5247845480459208,228470400
2012-12-03,0.520131528377533,0.5357757729462078,0.5185469905394475,0.5345875537042324,336825600
2012-12-04,0.5167645812034607,0.5213196664371451,0.5079520320743575,0.5203291817168786,336748800
2012-12-05,0.5008229613304138,0.5161706042141245,0.4925055966813132,0.5160717370312533,436617600
2012-12-06,0.5100318193435669,0.5144870742969848,0.49210915614735024,0.496267809591502,306249600
2012-12-07,0.5013182163238525,0.5197351616160953,0.4963677182224214,0.5184481318267699,240748800
2012-12-10,0.5057734847068787,0.5134967409931875,0.49725844096796984,0.49755594908343337,210441600
2012-12-11,0.5252797603607178,0.5340923108553611,0.5150812562577013,0.5171610365314385,344976000
2012-12-12,0.5217152237892151,0.5336960015774691,0.5178540773525759,0.5334982671857117,301238400
2012-12-13,0.5099322199821472,0.5300326306825445,0.503100581202674,0.5192400147869162,338515200
2012-12-14,0.4954761862754822,0.5042887384462089,0.4901293119886007,0.5002289508288384,274128000
2012-12-17,0.5147846937179565,0.5152790296737019,0.4944856446386957,0.4962679169779369,193219200
2012-12-18,0.5386473536491394,0.540924868107761,0.5185469486041221,0.5227056022998985,456326400
2012-12-19,0.5309242010116577,0.5435978988814506,0.5305278257141608,0.5430038458519688,361286400
2012-12-20,0.5313196182250977,0.5350828606332391,0.5234974949979858,0.5342901100306477,291580800
2012-12-21,0.5147846937179565,0.5165670227146139,0.5000311592147916,0.5068627971370671,336624000
2012-12-24,0.5104274153709412,0.5130024383619385,0.5080510332874761,0.5121108205747633,52425600
2012-12-26,0.49834775924682617,0.5139919484941897,0.4932974304352214,0.5120119417520691,158563200
2012-12-27,0.495574951171875,0.5012193324196788,0.47715794983654247,0.4991394955223194,308150400
2012-12-28,0.4812178611755371,0.4960702635987646,0.4812178611755371,0.48537651572366675,164284800
2012-12-31,0.5126059651374817,0.5150812139424981,0.4768613735197198,0.47894019044667585,423052800
2013-01-02,0.560430109500885,0.5612229164726306,0.5437954407585531,0.5495386878901116,354720000
2013-01-03,0.5523115992546082,0.5640946983027344,0.5468658585926469,0.5603314562070788,310732800
2013-01-04,0.5468658804893494,0.5527070334775365,0.542806093326234,0.5527070334775365,152208000
2013-01-07,0.5474599003791809,0.5495387739561958,0.5372604906315345,0.542113027567395,182822400
2013-01-08,0.5442910194396973,0.5509249249691975,0.5352807311927211,0.5467662693779728,175036800
2013-01-09,0.5498363971710205,0.5541927861064375,0.5448849920228354,0.5460731547535497,153993600
2013-01-10,0.5595396757125854,0.5624113004100483,0.544588405690709,0.5607278951340042,235555200
2013-01-11,0.5616183876991272,0.5627077396074932,0.5557772359674529,0.5589454046891469,106060800
2013-01-14,0.554390549659729,0.5590444469463297,0.5473602701292805,0.5527070876848715,147369600
2013-01-15,0.5461720824241638,0.5486482951892039,0.5390429352782485,0.546766192184013,216844800
2013-01-16,0.5523115992546082,0.558450260089856,0.5458754303384177,0.5493411076957168,152217600
2013-01-17,0.5608266592025757,0.5671640177830682,0.5568657392679981,0.559737363727505,230620800
2013-01-18,0.5576585531234741,0.5586480750017327,0.5494400540926879,0.5553810380669474,206044800
2013-01-22,0.5599360466003418,0.5606290235042377,0.5486482454731817,0.5591432959798436,252566400
2013-01-23,0.5690451860427856,0.5747884352518885,0.5665699367387914,0.5689463188473207,225081600
2013-01-24,0.5463705658912659,0.5620147513280906,0.5438953172725037,0.5467659779062435,246124800
2013-01-25,0.5544893741607666,0.5594407791881034,0.548548390679939,0.5520141249064379,170409600
2013-01-28,0.5584504008293152,0.5639950100760563,0.5529058482400023,0.5551833635421676,249590400
2013-01-29,0.5584504008293152,0.5622127373545226,0.5451825909034516,0.5561728855271498,213888000
2013-01-30,0.5553811192512512,0.5663714142961405,0.55122240719839,0.5621138916845649,159158400
2013-01-31,0.5518163442611694,0.5631042005970068,0.5498363376589082,0.5544893276783864,203433600
2013-02-01,0.5699358582496643,0.5736990437353976,0.5562716195692858,0.563005353308813,286070400
2013-02-04,0.5409248471260071,0.5656781841279318,0.5406273390918179,0.5603313681510755,274224000
2013-02-05,0.5646889209747314,0.5697382878856198,0.5442909993401918,0.547657867179192,280089600
2013-02-06,0.5594408512115479,0.5668665999305385,0.5543905783405485,0.5589456086617043,250972800
2013-02-07,0.5608266592025757,0.5627078553774831,0.5425085801465312,0.5611242239500568,218572800
2013-02-08,0.5778577327728271,0.5815211444126501,0.5685498830624229,0.5698369695039369,203913600
2013-02-11,0.5776591300964355,0.5798378345974863,0.5728074984032575,0.5791448576704474,111062400
2013-02-12,0.5709262490272522,0.5796399888668389,0.5697380864611685,0.5766694974655132,129542400
2013-02-13,0.5775601863861084,0.5837986203563127,0.5721144462226858,0.5760754223306067,186806400
2013-02-14,0.5763720870018005,0.5794414461050793,0.5684510963156064,0.5696393157403112,137001600
2013-02-15,0.5714214444160461,0.5809269707918423,0.5669652827503169,0.5771646923815095,118598400
2013-02-19,0.5838976502418518,0.584491759996277,0.5745898552126237,0.5754814731036585,127296000
2013-02-20,0.557262122631073,0.5841941689376091,0.557262122631073,0.5837987001699886,163958400
2013-02-21,0.5391426086425781,0.5525092811423528,0.5332016260891752,0.5512221947906615,265286400
2013-02-22,0.5549845695495605,0.5553809448085272,0.5426074178095918,0.5484494769437499,132364800
2013-02-25,0.5342901349067688,0.5718179711405096,0.5333994802431784,0.5662724560538108,240604800
2013-02-26,0.5407263040542603,0.5438954935712484,0.5263691435284206,0.5375581343708552,168460800
2013-02-27,0.5571632981300354,0.5672629366658494,0.5388451607473196,0.5414192773513298,171072000
2013-02-28,0.5550836324691772,0.5696394368308385,0.5546881635893622,0.5571634135064623,163516800
2013-03-01,0.5608266592025757,0.5634007755720173,0.5400333309675608,0.548251829065545,123216000
2013-03-04,0.5680546760559082,0.5683522408053261,0.5532022743667621,0.555282111454801,150969600
2013-03-05,0.5930066704750061,0.5955817498420791,0.5784518346385678,0.5790458876014667,228086400
2013-03-06,0.5892443656921387,0.599541736520502,0.5867691167939415,0.5990464941056709,207619200
2013-03-07,0.5943935513496399,0.5964724251765876,0.5878585152703409,0.5909278740052442,110284800
2013-03-08,0.5950865745544434,0.6022157208303847,0.5888480828927626,0.5998393387384042,169718400
2013-03-11,0.6012253165245056,0.6014230509405927,0.5881551849360047,0.5939973020838505,123878400
2013-03-12,0.593898355960846,0.5997404723324135,0.5859764590788917,0.5958783627576336,178108800
2013-03-13,0.5920173525810242,0.5989478595525328,0.5859765939109843,0.5960762343034469,160838400
2013-03-14,0.5980570316314697,0.601720443422938,0.594096055096829,0.5983535765411736,154339200
2013-03-15,0.5924126505851746,0.6004334141942113,0.5884526372225733,0.5990465539903346,159888000
2013-03-18,0.5883527994155884,0.5959771876529889,0.5728074213771195,0.5769661322414535,214742400
2013-03-19,0.5859764814376831,0.5975618474279683,0.5698370486493427,0.5939972458205877,287500800
2013-03-20,0.5971653461456299,0.6015226408033266,0.5897395995586749,0.5979580966052883,153484800
2013-03-21,0.5780554413795471,0.5859764313682273,0.5735004117945542,0.5822141523423819,214742400
2013-03-22,0.5939971208572388,0.5954818849050949,0.5828081891917107,0.5845904612917416,142761600
2013-03-25,0.5879575610160828,0.60360175420664,0.5793426853175231,0.5998394741584515,228931200
2013-03-26,0.5969676375389099,0.597759424856776,0.5906302794957905,0.5948878006407671,123830400
2013-03-27,0.6001359224319458,0.6009287297361703,0.5827094592429113,0.5856799512141245,191798400
2013-03-28,0.6036016345024109,0.6059780166596086,0.5955818333921141,0.5997404880028552,266697600
2013-04-01,0.5919173955917358,0.6069684375625465,0.586966897405244,0.6054827102009784,249628800
2013-04-02,0.6052850484848022,0.6113248422682994,0.5987499555769422,0.5997404405108374,337776000
2013-04-03,0.5892443656921387,0.6089483962170085,0.58468933661277,0.6065720144980677,177206400
2013-04-04,0.589540958404541,0.5937994425398007,0.5800353750136664,0.5886502472860181,189936000
2013-04-05,0.5750849843025208,0.5773624990075272,0.557559599865931,0.5617182540115969,338284800
2013-04-08,0.5838976502418518,0.5842940255843999,0.5704311435890718,0.575580340309597,223603200
2013-04-09,0.5953831672668457,0.6026111813176843,0.5804319532902698,0.58874926295104,332620800
2013-04-10,0.6302370429039001,0.6329099695953959,0.6009286173130984,0.6016215374529335,182448000
2013-04-11,0.6291477084159851,0.6339993393358683,0.6238008350503673,0.6259794825467444,167558400
2013-04-12,0.6284547448158264,0.6296429641031355,0.6139987189375918,0.6250878779863231,218592000
2013-04-15,0.5902349352836609,0.6242961281928567,0.5891455831183037,0.6206327162378024,203846400
2013-04-16,0.6148895621299744,0.6164741003686356,0.5976607753677273,0.6019182976598643,193718400
2013-04-17,0.5789470672607422,0.5987499088458295,0.5680546233662054,0.5983535335994787,315619200
2013-04-18,0.5538953542709351,0.5837988041134072,0.5471625822895739,0.5837988041134072,253670400
2013-04-19,0.5768672227859497,0.5808281989842806,0.5551831854731147,0.5583514111891603,183014400
2013-04-22,0.5945913195610046,0.6010274888195041,0.5769661603025515,0.5832046518330724,161088000
2013-04-23,0.6121165752410889,0.6181573883211456,0.5958782781785333,0.6054826723906135,272966400
2013-04-24,0.6106317639350891,0.6176620981414558,0.6033049415238473,0.607363764764978,224179200
2013-04-25,0.6205337047576904,0.6277617164511031,0.6154833770551223,0.6165727289671832,192508800
2013-04-26,0.6152858734130859,0.6204340499090705,0.607265109050234,0.6166717705711587,91881600
2013-04-29,0.6316230893135071,0.6389508773342513,0.620533928183232,0.620533928183232,137097600
2013-04-30,0.6454858183860779,0.6460798713430741,0.627266551306601,0.6344945638898948,123897600
2013-05-01,0.6372672915458679,0.6491491999989187,0.6329099402195499,0.64548578861363,128688000
2013-05-02,0.6603381633758545,0.6647933618784365,0.6382567890542657,0.6397425162248689,97516800
2013-05-03,0.6834082007408142,0.6900430673444422,0.6787552105198762,0.6798435994653157,133996800
2013-05-06,0.6922206878662109,0.6951911792120656,0.6858842931105158,0.6873690571954586,97008000
2013-05-07,0.6905374526977539,0.6969736227349422,0.6834083057091681,0.6954888582849118,104275200
2013-05-08,0.7013307809829712,0.7024191697941277,0.6865772485500535,0.6888547630441123,85305600
2013-05-09,0.6988546252250671,0.7119247537984226,0.6938053166014454,0.6961816984641088,110918400
2013-05-10,0.7107366919517517,0.7114305753839772,0.6987559137547711,0.701925046585794,127027200
2013-05-13,0.7135093808174133,0.7182621447592223,0.7049942812110617,0.7072718526496423,133286400
2013-05-14,0.724005401134491,0.7306393046485733,0.713212786635191,0.7134105210167173,133920000
2013-05-15,0.7293522357940674,0.7306392655850705,0.7147963798508288,0.7207373628506969,131366400
2013-05-16,0.7266783118247986,0.7413330354099207,0.7249949067208526,0.7308370227171902,155404800
2013-05-17,0.7471750378608704,0.7479668818276664,0.7304414983490399,0.7370754012099597,150000000
2013-05-20,0.7438083291053772,0.7510362858969976,0.7348968537941155,0.7413330798260445,151363200
2013-05-21,0.7465810179710388,0.7543042732023807,0.7349956535360169,0.7433130183984034,160915200
2013-05-22,0.7283618450164795,0.7665816942214003,0.715192847524124,0.7489574971488929,316982400
2013-05-23,0.7204408645629883,0.7283618553062089,0.7030134384646407,0.7074696012838894,145737600
2013-05-24,0.7200444936752319,0.7205397361952592,0.7010334358854979,0.7069743631160791,67747200
2013-05-28,0.734896719455719,0.753511397435189,0.7277675745043611,0.7451940899873086,161817600
2013-05-29,0.7238066792488098,0.7317286321899253,0.7114304903908023,0.7257876490721078,159638400
2013-05-30,0.7355897426605225,0.7451941370452436,0.7240053417244652,0.7240053417244652,86121600
2013-05-31,0.7145985960960388,0.7435116084374483,0.7131129255181455,0.726480561274647,123331200
2013-06-03,0.7187573313713074,0.7191537066181064,0.6911314044361702,0.7161832152209614,222633600
2013-06-04,0.7079648375511169,0.7317287160897329,0.698854720936323,0.7228172403912192,138556800
2013-06-05,0.6808341145515442,0.7085589119767872,0.6784577324817667,0.7005381479854152,190560000
2013-06-06,0.6891515254974365,0.6897455785609293,0.6634076396716118,0.682715299082584,190944000
2013-06-07,0.7179654240608215,0.7201431647722586,0.6931122563511443,0.6991521057946838,233088000
2013-06-10,0.7182620167732239,0.7285593302011224,0.7144008712643689,0.722519537489051,135331200
2013-06-11,0.6974687576293945,0.716578680520849,0.690240744551724,0.6969735151637517,222105600
2013-06-12,0.6733086705207825,0.7103412660984978,0.6700415768117279,0.7102423988932692,223488000
2013-06-13,0.6974687576293945,0.7027167640205509,0.6648923303378274,0.6703380711077841,151699200
2013-06-14,0.6851904392242432,0.7008355904476185,0.6816258381247174,0.6984592086004053,124339200
2013-06-17,0.7042014598846436,0.7163809332604247,0.6938052784769445,0.7010332908529925,158851200
2013-06-18,0.7208362221717834,0.7258864939286516,0.7070731168997314,0.7073706249715234,101404800
2013-06-19,0.6981616616249084,0.7245005580217869,0.6952900374961454,0.7219254787728665,175708800
2013-06-20,0.6466740965843201,0.6807352918572852,0.6412274486943841,0.6736061451819213,241257600
2013-06-21,0.637563943862915,0.6528127213941048,0.6215233789125443,0.6471683394219353,236985600
2013-06-24,0.6178598403930664,0.633207483383686,0.6026110645860067,0.6221174182588511,221136000
2013-06-25,0.6310288310050964,0.6394450061726189,0.6211278350585827,0.6360791026797233,132422400
2013-06-26,0.6482576727867126,0.6521197822428418,0.6414260348146862,0.6479610712111055,119865600
2013-06-27,0.6554856896400452,0.6689521944503013,0.6554856896400452,0.6583573141559046,113683200
2013-06-28,0.6572679877281189,0.671229735565577,0.6461788276950424,0.6503375389123641,156076800
2013-07-01,0.6713285446166992,0.6876666731672252,0.6696450828696138,0.6732096840818064,103891200
2013-07-02,0.6716260313987732,0.6845963295251664,0.661822995938588,0.6709321480694997,124377600
2013-07-03,0.6807352304458618,0.6898443832045751,0.6635064467036437,0.6651899085133643,53769600
2013-07-05,0.6957854628562927,0.6965782135345011,0.6758836927747561,0.6919243160603221,114441600
2013-07-08,0.6980628967285156,0.7075684249804831,0.690637148958829,0.7067766375706576,88281600
2013-07-09,0.7108364701271057,0.7152917264376475,0.6983604493369029,0.7076673372762105,84316800
2013-07-10,0.7228173017501831,0.7261832060730988,0.7082614992707874,0.7082614992707874,100867200
2013-07-11,0.7678694725036621,0.7678694725036621,0.7447985774527461,0.7458879293661645,153024000
2013-07-12,0.7758894562721252,0.7775728613482543,0.7617299753823931,0.7680673337354269,83510400
2013-07-15,0.7819293141365051,0.7828209319293084,0.7720283736198783,0.7783647126600982,91622400
2013-07-16,0.7788598537445068,0.7851972117931173,0.7725225523533074,0.783316072433506,85219200
2013-07-17,0.784404456615448,0.7894547282285008,0.7777705537173346,0.7854938086500034,79104000
2013-07-18,0.7786621451377869,0.7897513031484661,0.7748000362136648,0.7840090181153307,101136000
2013-07-19,0.754997193813324,0.7587594726578312,0.7472739385773594,0.7584629277588468,108595200
2013-07-22,0.760442852973938,0.7658885362868985,0.7538089505253559,0.7630169689375417,85852800
2013-07-23,0.7435117363929749,0.7648991754118297,0.7423235736650812,0.7648991754118297,86428800
2013-07-24,0.750541090965271,0.7664827884859482,0.7459869677584187,0.7655921338851555,105744000
2013-07-25,0.7641063332557678,0.7676709343271844,0.749749175101112,0.7616310842434807,81110400
2013-07-26,0.7767809629440308,0.7773750158418471,0.7525218482693686,0.7558877514218222,77654400
2013-07-29,0.7732164263725281,0.7824244453529794,0.7665815603385648,0.7728200511300226,72345600
2013-07-30,0.7847020626068115,0.7949005677686674,0.7766812986098599,0.7817315708531689,120960000
2013-07-31,0.7896524667739868,0.8027225949336825,0.784998570381188,0.7896524667739868,110179200
2013-08-01,0.8137139678001404,0.8168821373667126,0.8031190870680072,0.8056931469368956,77596800
2013-08-02,0.827279269695282,0.8275758712797471,0.8085647578777709,0.814308007049511,97104000
2013-08-05,0.8290615677833557,0.830645199329526,0.8212385378606697,0.8244076706478698,79440000
2013-08-06,0.8143080472946167,0.8277735899225782,0.8040097678174143,0.8253972077120618,93820800
2013-08-07,0.8096541166305542,0.813713960624624,0.7918312224591448,0.8066836248257495,120585600
2013-08-08,0.8204467296600342,0.8268828990933521,0.8055943273296436,0.8231206198714464,130598400
2013-08-09,0.8116341233253479,0.8258924159974635,0.80450497698929,0.8179714822352447,98534400
2013-08-12,0.816684365272522,0.8212384884172182,0.8018319634605876,0.8019308306525197,68822400
2013-08-13,0.8302497267723083,0.8362895206186375,0.8027226646155675,0.8200502587678039,154483200
2013-08-14,0.8210407495498657,0.833319091544691,0.8178725801468487,0.8297544902000288,94368000
2013-08-15,0.7798503637313843,0.794207522110493,0.7730178196905867,0.7940098443971876,132883200
2013-08-16,0.7770775556564331,0.790345361089475,0.7745034395888626,0.7800480469580564,70176000
2013-08-19,0.7740081548690796,0.7982672697115973,0.7739093443530128,0.7798502699741228,90115200
2013-08-20,0.7846031785011292,0.7952969259207768,0.7768799227710966,0.7793551719830958,88752000
2013-08-21,0.7767809629440308,0.797177912250505,0.7682649582790726,0.7777704845330019,159686400
2013-08-22,0.798960268497467,0.8006437301678407,0.7851972200478938,0.7858901968489688,71260800
2013-08-23,0.8157927989959717,0.8180703706288164,0.8073766225189223,0.8165856062762125,76512000
2013-08-26,0.8164857029914856,0.834704971306638,0.8113374703113311,0.8168820782675005,74918400
2013-08-27,0.7650968432426453,0.7991580339483123,0.7609381890706762,0.7876724996828167,200131200
2013-08-28,0.7749988436698914,0.7848009740905559,0.7637110423579295,0.7646016970147518,102038400
2013-08-29,0.7910395264625549,0.8028216080144057,0.7714343576052317,0.7747013947171001,129465600
2013-08-30,0.7762858271598816,0.7938111549269893,0.7678695950304989,0.7933159124765502,121996800
2013-09-03,0.789058268070221,0.8056929387041701,0.7791573299673084,0.795098117367706,85699200
2013-09-04,0.8148033618927002,0.817971588499891,0.7906431623326587,0.7965840900557977,83078400
2013-09-05,0.8183678388595581,0.8252982874701111,0.8150009718308788,0.8159914568017728,48451200
2013-09-06,0.8213382959365845,0.834110860287968,0.7938111775421544,0.8263876047617239,122121600
2013-09-09,0.8502501249313354,0.8542111006955689,0.8310413386566273,0.8310413386566273,94281600
2013-09-10,0.8631225824356079,0.8661919408668753,0.8536170557488101,0.8652014560569035,151929600
2013-09-11,0.8587663173675537,0.859161786133382,0.8422305104736284,0.8460916567375878,106118400
2013-09-12,0.854904294013977,0.8639145798969887,0.8508444500512711,0.8583699716314097,66921600
2013-09-13,0.8576768636703491,0.8605484876287791,0.8439137599545038,0.8590627604750045,80860800
2013-09-16,0.8504489660263062,0.8790644159298338,0.8448045845243903,0.8787669078517136,132374400
2013-09-17,0.8674789667129517,0.870548325130638,0.8553005135338759,0.8553005135338759,66940800
2013-09-18,0.8993625044822693,0.9037188927468324,0.8660931032842433,0.8711424683320534,127507200
2013-09-19,0.9049072265625,0.9114423201129049,0.9005508374734218,0.9064918213088043,71404800
2013-09-20,0.8950061798095703,0.9141161023712445,0.8940156948953775,0.911838587637191,108153600
2013-09-23,0.8899558782577515,0.9097587782533872,0.8772821809013089,0.9075810938169251,134889600
2013-09-24,0.8901535272598267,0.9043130073319902,0.8812421098016998,0.8960945100035181,82003200
2013-09-25,0.8817374110221863,0.8956002904751096,0.8755986935067259,0.891441579614251,108662400
2013-09-26,0.9019367694854736,0.907482284389191,0.8905500446057806,0.8921346393137555,89020800
2013-09-27,0.8976792097091675,0.9026297084964704,0.8819361521758042,0.8869855181621532,73200000
2013-09-30,0.8920356035232544,0.8980753966129896,0.8613403191737502,0.8701529258487056,123292800
2013-10-01,0.9187700748443604,0.9199582942319936,0.8907477687520328,0.8916393865521083,87888000
2013-10-02,0.9170866012573242,0.9212452554892203,0.8973825688935959,0.8991648411847778,86313600
2013-10-03,0.8852031230926514,0.9194630129507716,0.8706482860693546,0.9138186311530827,161577600
2013-10-04,0.9079765677452087,0.9116409430236586,0.8832231676949014,0.8847079320363428,92112000
2013-10-07,0.8855007886886597,0.9063929867493836,0.883322084148876,0.8849066789522428,99340800
2013-10-08,0.8353978395462036,0.8873817512111128,0.8334178329839493,0.8852030471064708,234777600
2013-10-09,0.8261898159980774,0.8411410836018258,0.8058917318349673,0.8399529210299937,218448000
2013-10-10,0.8786681294441223,0.8841138706046466,0.8521315506743561,0.8526267365180985,144720000
2013-10-11,0.8984709978103638,0.901046020761267,0.8716378184304083,0.8720341937206131,130147200
2013-10-14,0.9170866012573242,0.917878388626408,0.8802526528475478,0.8825301675997789,140956800
2013-10-15,0.9072834849357605,0.9292650314746796,0.9040164485232429,0.915304248280964,162076800
2013-10-16,0.9382754564285278,0.939662316709809,0.9179773131475385,0.9194630406234775,129302400
2013-10-17,0.9534253478050232,0.9552076768295152,0.923324168663048,0.9249087066447369,166368000
2013-10-18,1.0005567073822021,1.001646116298966,0.9722387611221787,0.9799620743059512,135110400
2013-10-21,1.0062998533248901,1.014617275382662,0.9976849798304667,1.0062998533248901,99369600
2013-10-22,1.0097655057907104,1.0279838099086642,0.9926355905557551,1.0173898937128911,157660800
2013-10-23,0.9935261011123657,1.0023387070004304,0.9786737026738677,0.9966952896463616,161184000
2013-10-24,1.0059032440185547,1.0123395250361444,0.9903579256389756,0.9942200341939494,108547200
2013-10-25,1.0260037183761597,1.0411535682882291,1.0132310998253422,1.034717400497212,140467200
2013-10-28,1.0280836820602417,1.0326378050155607,1.0146172345326712,1.0274895724146895,83251200
2013-10-29,1.0330339670181274,1.041053822345844,1.0198649736339391,1.0379844642213387,84105600
2013-10-30,1.0297659635543823,1.048777014945131,1.0160028607072509,1.0442228929498387,198662400
2013-10-31,1.02313232421875,1.0420445699536693,1.011943277600397,1.0228357792991079,141782400
2013-11-01,1.022636890411377,1.0366975596922676,1.0087749753225213,1.032043606772612,163132800
2013-11-04,1.0275884866714478,1.0337270908156733,1.017290095213717,1.0337270908156733,91641600
2013-11-05,1.0319452285766602,1.0386779446663597,1.0074883676914452,1.0160034133114881,132124800
2013-11-06,1.0301622152328491,1.045212345825795,1.02085442498736,1.0439253164298992,163910400
2013-11-07,0.9730303287506104,1.0352127386177203,0.9700598942562496,1.0307565203021167,232934400
2013-11-08,1.0114489793777466,1.0124385578014365,0.9750104423197404,0.9832289404204375,118080000
2013-11-11,1.006596326828003,1.0153100092576834,0.996893066143252,1.0051115628435545,63494400
2013-11-12,1.0115480422973633,1.0160032421408702,0.9961015289146624,0.9977849342832088,108777600
2013-11-13,1.0477876663208008,1.0480843245441367,0.9916451542119188,0.9923380743936218,126470400
2013-11-14,1.0559062957763672,1.0600649494184355,1.0336281502546991,1.0393713982436528,118819200
2013-11-15,1.0632342100143433,1.0642237884498407,1.0511537156815407,1.0594710244145649,89203200
2013-11-18,1.0338261127471924,1.0696705422371624,1.0270932850093348,1.062640149734345,143846400
2013-11-19,1.0236276388168335,1.0456092462159694,1.0188748741514593,1.0310542939480505,102192000
2013-11-20,1.016498327255249,1.0435301449125451,1.007487985770738,1.0325388336882053,125865600
2013-11-21,1.0475891828536987,1.0498666979518114,1.0265981741293895,1.0284793138947395,86592000
2013-11-22,1.064124584197998,1.0651150688911601,1.0502626710302592,1.0531342947682882,87014400
2013-11-25,1.0711549520492554,1.0790758832434966,1.063828017039962,1.0747194957329447,92582400
2013-11-26,1.0888792276382446,1.0964046919362034,1.065411953573638,1.0731351522449017,106713600
2013-11-27,1.110662817955017,1.1120487713990383,1.0924436095057077,1.0952163095974219,137894400
2013-11-29,1.1288814544677734,1.135515471999372,1.1212570652011646,1.1240298794295056,91622400
2013-12-02,1.1218513250350952,1.140169465193971,1.1165044500990473,1.1353178895065448,165936000
2013-12-03,1.118584156036377,1.1273966511361395,1.1056128929970954,1.118781777117179,134544000
2013-12-04,1.1214556694030762,1.1325447718508495,1.0936320064287188,1.1045233745004754,133996800
2013-12-05,1.1179898977279663,1.127891800382462,1.108583180858055,1.1251189866184377,126480000
2013-12-06,1.1410609483718872,1.1484865831501336,1.1252180606507942,1.1449220382291145,142588800
2013-12-09,1.154725193977356,1.162448393942138,1.1492795091040855,1.1545265530521647,112608000
2013-12-10,1.1526453495025635,1.1591803296296137,1.1462090666009934,1.1488830701909802,93004800
2013-12-11,1.1095738410949707,1.1573981438502887,1.103632857204137,1.151952345822297,148464000
2013-12-12,1.100563406944275,1.1176924171016531,1.0970977860803515,1.1099692180033525,107347200
2013-12-13,1.09531569480896,1.1168020049177767,1.0895724445476147,1.1151185993877761,81206400
2013-12-16,1.1141276359558105,1.1323468442587312,1.1092759490796422,1.111157088229289,74966400
2013-12-17,1.1070983409881592,1.1212568007548689,1.100563248856507,1.114127712351991,72960000
2013-12-18,1.1453181505203247,1.1480909640176862,1.0619470027860876,1.1099690277344878,161596800
2013-12-19,1.1350209712982178,1.139773735340278,1.1204652277353158,1.138980984768353,117177600
2013-12-20,1.1691811084747314,1.1773006829816757,1.139674038737326,1.1406645237106734,113750400
2013-12-23,1.207005500793457,1.207005500793457,1.1883899128473827,1.1981930059701278,112502400
2013-12-24,1.2086890935897827,1.2106690438470797,1.2012623254438721,1.2071044988208226,38006400
2013-12-26,1.2204711437225342,1.2232439579975611,1.2080950095866876,1.2144313491302494,55814400
2013-12-27,1.211559534072876,1.226808310468503,1.2068067702446692,1.2246297195865656,73939200
2013-12-30,1.205223560333252,1.21047151154805,1.195619105924877,1.205223560333252,53078400
2013-12-31,1.2288883924484253,1.2288883924484253,1.2109657216588634,1.2122537716241846,64176000
2014-01-02,1.200172781944275,1.2129463083336167,1.189577959597371,1.2120547473305532,98976000
2014-01-03,1.17403244972229,1.2033418925601587,1.1733395296436,1.1999749695351192,97545600
2014-01-06,1.1615567207336426,1.178686637679829,1.1479913485571287,1.1750231690590605,125923200
2014-01-07,1.1916580200195312,1.1980941899891442,1.1706668979541617,1.1766078820443189,92313600
2014-01-08,1.2005691528320312,1.2106687893793087,1.1858155633330407,1.1934400642779646,93264000
2014-01-09,1.1881920099258423,1.2145300002337536,1.1765077788620488,1.2132428571901641,105561600
2014-01-10,1.2000739574432373,1.2041336874489195,1.171160888275853,1.197895253426176,119942400
2014-01-13,1.146704077720642,1.2075993440265969,1.1332385387432053,1.1952221938121996,173107200
2014-01-14,1.2123522758483887,1.2147287144027334,1.1584872795734693,1.1587848443094846,138076800
2014-01-15,1.2406704425811768,1.2491865066419643,1.2238380885360207,1.2267097134053353,120528000
2014-01-16,1.243245244026184,1.2478991970918756,1.2328480425082635,1.2389876662088135,70512000
2014-01-17,1.2211647033691406,1.2416605197049368,1.212451021077005,1.2314620734517896,84460800
2014-01-21,1.2484933137893677,1.2505720742158135,1.218094572874579,1.2444334703138318,88022400
2014-01-22,1.2600775957107544,1.2674045321273073,1.2476016337642268,1.2581964563440486,78432000
2014-01-23,1.2449288368225098,1.2476018205683925,1.219876965505064,1.2470077108655793,129052800
2014-01-24,1.1711609363555908,1.2329469768773682,1.1709632019890308,1.2264118843912664,141648000
2014-01-27,1.1370997428894043,1.178092399884723,1.1129395495674885,1.1725477922884007,177729600
2014-01-28,1.136703610420227,1.1396741591354047,1.1149207574290105,1.1194748811315849,109497600
2014-01-29,1.1008602380752563,1.1313567772858273,1.0927405490997288,1.1066034879920201,136497600
2014-01-30,1.1588835716247559,1.1717550019129932,1.1365055945979705,1.1404666274103274,116438400
2014-01-31,1.1507641077041626,1.1673987247127064,1.1180887567098388,1.121256926035056,84532800
2014-02-03,1.074521780014038,1.1608634669482822,1.062837550773444,1.1444264749421957,183926400
2014-02-04,1.0955129861831665,1.107592571787184,1.0782841488857684,1.0877896752171563,90672000
2014-02-05,1.0854134559631348,1.098087152361075,1.049569937726257,1.0842252367273282,108513600
2014-02-06,1.127000093460083,1.1317528570213369,1.0947212333866787,1.096503562215207,73977600
2014-02-07,1.1868062019348145,1.19037085998851,1.137099856717064,1.1468031192828985,111456000
2014-02-10,1.2085888385772705,1.2101734327894862,1.1848250245601923,1.187399990155043,83284800
2014-02-11,1.249977946281433,1.256909299954628,1.2125498375831758,1.2155202720383596,117504000
2014-02-12,1.255919098854065,1.2654246272353478,1.246017195174428,1.2575036935287884,108451200
2014-02-13,1.2881977558135986,1.2881977558135986,1.2285904272228738,1.2289868024225483,106507200
2014-02-14,1.2919610738754272,1.3014666008708313,1.2727513790050566,1.2864155598965978,94876800
2014-02-18,1.3121604919433594,1.3190909404181226,1.2895848911654357,1.2984963095431732,69292800
2014-02-19,1.2834450006484985,1.3131497979550664,1.2765144402966908,1.3044370222863422,136531200
2014-02-20,1.3020604848861694,1.309783795053609,1.2709688300008641,1.2864153370209435,102643200
2014-02-21,1.295326828956604,1.320278862790873,1.2927527697989287,1.3143378807703694,83976000
2014-02-24,1.3181012868881226,1.335527745868298,1.299090233515805,1.3032488872766474,99422400
2014-02-25,1.313348650932312,1.3311714868688684,1.3008725751248607,1.3234482881803147,92985600
2014-02-26,1.3089911937713623,1.335725559994564,1.2943375474726635,1.3248340791389057,82929600
2014-02-27,1.3347362279891968,1.3388948824128848,1.3042385601350865,1.310378184494331,87964800
2014-02-28,1.3280025720596313,1.358103753078465,1.2957235931097442,1.334933927574727,136718400
2014-03-03,1.298891544342041,1.3109720364662052,1.2660184640757575,1.2919609838008337,158558400
2014-03-04,1.3511720895767212,1.357707182150947,1.3398842333071015,1.3428547814384881,108993600
2014-03-05,1.362262487411499,1.3685998469001686,1.348598303183833,1.3575097227534043,77064000
2014-03-06,1.357113242149353,1.3739466147324606,1.3432513245876303,1.3703819565292523,92803200
2014-03-07,1.3377066850662231,1.3745405791232896,1.3177051433669111,1.3717678783939355,132518400
2014-03-10,1.3404783010482788,1.3432511147237987,1.3153285297353678,1.3355278031383437,75580800
2014-03-11,1.3238438367843628,1.360876487548089,1.3121606231191878,1.3511723176315782,119774400
2014-03-12,1.3386963605880737,1.3406773308675222,1.2911687113311776,1.3064174912479707,109612800
2014-03-13,1.2818613052368164,1.3551328133205127,1.2638398314259278,1.353548219040044,188414400
2014-03-14,1.2555227279663086,1.2858216422811501,1.2539391531195512,1.2679988048323432,107318400
2014-03-17,1.2889904975891113,1.3078029086338478,1.2775040021712203,1.2788908621015687,116942400
2014-03-18,1.3353302478790283,1.3392902614677287,1.2921589949219505,1.2929508389989195,113006400
2014-03-19,1.313348650932312,1.3402806392108944,1.2872083933525125,1.3365183603128008,136444800
2014-03-20,1.3236459493637085,1.3357255359222833,1.2927529296880529,1.3010702375565675,87638400
2014-03-21,1.27512788772583,1.3485981681317907,1.2691870174842814,1.3454298853067028,198307200
2014-03-24,1.2430468797683716,1.2933473405704046,1.2081938389210933,1.2909709015887865,266145600
2014-03-25,1.2545335292816162,1.2858219153988177,1.224035967579656,1.2630485745149291,172516800
2014-03-26,1.2068067789077759,1.2814651603493392,1.2058173138231176,1.273939695942294,201331200
2014-03-27,1.1854192018508911,1.217500440660944,1.1660127923231767,1.2020539308614542,201993600
2014-03-28,1.1931425333023071,1.2317587517875015,1.1832415373536285,1.197103452929963,166440000
2014-03-31,1.2169065475463867,1.2418585888438567,1.2163124378351564,1.220273471416268,162441600
2014-04-01,1.282851219177246,1.284435813872399,1.2351258422656997,1.2365116827349303,178041600
2014-04-02,1.2929507493972778,1.3024562771072654,1.2749300655790636,1.2992881078150886,163224000
2014-04-03,1.2624542713165283,1.3022587164035726,1.239680933921045,1.2969118421892798,159619200
2014-04-04,1.1622495651245117,1.29037656723461,1.1509617085563364,1.2848320727118892,371011200
2014-04-07,1.127396821975708,1.1701718207453595,1.1036329967230445,1.139080150315006,312662400
2014-04-08,1.1588835716247559,1.162843584603742,1.1190791352162692,1.1315552101010762,243240000
2014-04-09,1.2182931900024414,1.2198767646218525,1.1622494927168068,1.1711609101618397,221961600
2014-04-10,1.1058107614517212,1.2208676043436626,1.0955133874414191,1.2206699832389025,322276800
2014-04-11,1.0671939849853516,1.117494428057559,1.059470787647049,1.0755114051744552,211876800
2014-04-14,1.0911568403244019,1.1079891928286933,1.0612533947097735,1.0935331657770762,281275200
2014-04-15,1.1020482778549194,1.1202676051021723,1.0333308701164838,1.10185065676639,562051200
2014-04-16,1.1448233127593994,1.1454174225095237,1.1034342711799368,1.1303672842905177,251414400
2014-04-17,1.145417332649231,1.1630424361003937,1.1238321021871116,1.1335353652086075,176625600
2014-04-21,1.1713597774505615,1.1715573985169585,1.1380903162485803,1.1545264059496891,144249600
2014-04-22,1.2000739574432373,1.2079948898924293,1.1778946213706607,1.182448743929858,150321600
2014-04-23,1.1673988103866577,1.2002717848565871,1.1658142156910238,1.1992823196905205,131366400
2014-04-24,1.2018563747406006,1.2262143056059043,1.1632401511723025,1.226016571214256,250776000
2014-04-25,1.1438323259353638,1.1838353960570591,1.135515019711651,1.1796767429452029,244747200
2014-04-28,1.1561108827590942,1.179677081520738,1.1008600441537428,1.1590814310592732,482083200
2014-04-29,1.1816571950912476,1.1883900233490008,1.1483878427290517,1.1652203099753988,243633600
2014-04-30,1.1921530961990356,1.1949250037204562,1.1565074215678417,1.1670024150605616,184075200
2014-05-01,1.202846646308899,1.2222531685861213,1.1881919809041603,1.1974997733296449,143750400
2014-05-02,1.1969058513641357,1.2208674064319471,1.1872016821857931,1.2133419415914881,151905600
2014-05-05,1.2139359712600708,1.2147287217954215,1.1656164890154734,1.174330172644319,115790400
2014-05-06,1.1670024394989014,1.2103714276392625,1.165814220102356,1.208589211859283,161644800
2014-05-07,1.156507134437561,1.1776958703849683,1.1157122171512361,1.1759135417699795,261907200
2014-05-08,1.1525460481643677,1.1949246512274114,1.1367031656539974,1.1450205854872295,219216000
2014-05-09,1.1660130023956299,1.1683893279310815,1.1285848837074044,1.1513582206089292,156475200
2014-05-12,1.2228474617004395,1.2244320563463842,1.18383577041598,1.1872016742605982,127684800
2014-05-13,1.225422739982605,1.2398787690254507,1.218689004849497,1.2272049559888905,117729600
2014-05-14,1.2072032690048218,1.2289871403856958,1.1984895844746648,1.215322957146164,98640000
2014-05-15,1.1792807579040527,1.2123523727306031,1.155714558110002,1.2058173928135825,201480000
2014-05-16,1.2012624740600586,1.2036389132481307,1.1588839638794437,1.1818550384439472,142910400
2014-05-19,1.227005958557129,1.231957362930516,1.184825196712404,1.1905684450477378,120528000
2014-05-20,1.2135403156280518,1.2380959749771885,1.1980938072540213,1.2254222800126324,162331200
2014-05-21,1.2477995157241821,1.2493841103880927,1.2175006017225347,1.2190851963864453,123619200
2014-05-22,1.2632461786270142,1.2745339240307858,1.2462159766024166,1.2511664757410916,126480000
2014-05-23,1.291564702987671,1.2921588125912384,1.2600775738875145,1.2685927293843076,95136000
2014-05-27,1.3400830030441284,1.3404784718206055,1.3056254346107155,1.3095854481727636,118387200
2014-05-28,1.3274084329605103,1.3446371609640804,1.3244378844669025,1.3388949315185885,118435200
2014-05-29,1.3543413877487183,1.3543413877487183,1.333943357867965,1.342260779991363,87302400
2014-05-30,1.3531529903411865,1.3600834379856317,1.332359607741109,1.3543412095331495,113347200
2014-06-02,1.3497865200042725,1.3592920500996306,1.3236463688994662,1.3585003191936835,101270400
2014-06-03,1.3478063344955444,1.3541426735651296,1.3311716030717775,1.3359243672907342,95102400
2014-06-04,1.3620643615722656,1.3687971879446132,1.3309727026442844,1.3371123259592705,105355200
2014-06-05,1.39751136302948,1.4046404506012569,1.352360059587279,1.366420613712853,176107200
2014-06-06,1.4200870990753174,1.4214739590977796,1.4042451213450826,1.413948382280083,79219200
2014-06-09,1.4175132513046265,1.4282069986348278,1.4062253943099883,1.423057746036822,124171200
2014-06-10,1.4256327152252197,1.426820934462104,1.4089980991681352,1.413354487549025,72796800
2014-06-11,1.4234540462493896,1.4299891388987174,1.4066216954102586,1.4095921302609569,96979200
2014-06-12,1.3862239122390747,1.4194932616568077,1.3703819314714814,1.4149391383632948,120974400
2014-06-13,1.395729422569275,1.4078100304856016,1.3796888011003892,1.4040467314872889,72019200
2014-06-16,1.4008785486221313,1.4129581365895454,1.381075648177625,1.3913730204309671,89956800
2014-06-17,1.4028586149215698,1.4145427341412578,1.3909766480007648,1.3986998471789038,95640000
2014-06-18,1.428404688835144,1.4325634566874825,1.3826593756077954,1.4086017878276869,114801600
2014-06-19,1.4228599071502686,1.4361277121742015,1.4050369598900936,1.4335535395285959,105950400
2014-06-20,1.428009271621704,1.4333561453143957,1.4179096339038237,1.4260283017175879,56592000
2014-06-23,1.4295928478240967,1.4309797080620843,1.4175132600236262,1.4276128977515126,69408000
2014-06-24,1.4256327152252197,1.4652385122570466,1.413354487549025,1.429592728354286,160248000
2014-06-25,1.451816439628601,1.4595409261939893,1.4151749669477405,1.4153727342945517,84523200
2014-06-26,1.455777883529663,1.455777883529663,1.4211168075736187,1.455777883529663,87580800
2014-06-27,1.4702364206314087,1.4743957681682747,1.4492418022713471,1.4500337783091568,73857600
2014-06-30,1.4811302423477173,1.4926177452785139,1.4692462981654215,1.4728115494203249,54451200
2014-07-01,1.5308443307876587,1.5419363018765657,1.4949948354274776,1.4959854854661834,66057600
2014-07-02,1.5367863178253174,1.5447094781975113,1.5286661834475896,1.5328256443089812,81801600
2014-07-03,1.5662983655929565,1.5662983655929565,1.5401537486962547,1.552235350392155,64636800
2014-07-07,1.551246166229248,1.5670906787996284,1.5439170988284485,1.560554607696896,87950400
2014-07-08,1.4971734285354614,1.5466893680609561,1.477366327389691,1.543916092833014,151752000
2014-07-09,1.5310431718826294,1.5340141023194975,1.4953914399715535,1.5082650185297233,136963200
2014-07-10,1.516583800315857,1.533419865822968,1.4654829817233657,1.4720191645667018,123244800
2014-07-11,1.5429270267486572,1.5437188894824572,1.512623062128283,1.5254966399059173,121689600
2014-07-14,1.57243812084198,1.5819452344230631,1.5565936115425762,1.563723890061522,107059200
2014-07-15,1.5559991598129272,1.5857089134481666,1.5217336174637395,1.5789740573775561,148536000
2014-07-16,1.5736262798309326,1.5938289212049341,1.568872723821386,1.589274039197837,106608000
2014-07-17,1.5108404159545898,1.577587972173807,1.4959855382002838,1.5603563729123482,160924800
2014-07-18,1.5823417901992798,1.5847186254332215,1.5290620114862694,1.536588845283321,116976000
2014-07-21,1.5765974521636963,1.5841242853369453,1.555008736136626,1.5712497999980097,94900800
2014-07-22,1.6078920364379883,1.6138340105761735,1.593631366506582,1.5995733406447672,107457600
2014-07-23,1.6379982233047485,1.6429495472717612,1.6150224163586633,1.6225491359909936,102460800
2014-07-24,1.6322541236877441,1.6516649061178705,1.6251238449726728,1.6461183530404062,87460800
2014-07-25,1.6122487783432007,1.6193791683245755,1.5874913707256,1.6086836400193654,92856000
2014-07-28,1.6142303943634033,1.6261143422157167,1.57699391864801,1.6166072292673563,91963200
2014-07-29,1.606109380722046,1.6350271594016932,1.6017522658537338,1.6243316295707049,79252800
2014-07-30,1.6253215074539185,1.6413646901943575,1.6059117462800236,1.6320563643267725,107611200
2014-07-31,1.5262895822525024,1.5920464918375432,1.5187627493064948,1.584520678895097,138916800
2014-08-01,1.5086616277694702,1.5413424328796004,1.4785554253236814,1.5167826705355065,172324800
2014-08-04,1.5395594835281372,1.557385291061436,1.5017288010210634,1.5187626325168084,144182400
2014-08-05,1.5035111904144287,1.5340138253970503,1.4831107824305658,1.5221299924611331,167539200
2014-08-06,1.5009369850158691,1.527873466529777,1.4718214358291493,1.4755843424122201,119299200
2014-08-07,1.4864784479141235,1.529854664410536,1.4704351524975134,1.5203475515711502,153604800
2014-08-08,1.5181684494018555,1.5231197730583592,1.4740002578443263,1.4942029005004573,124464000
2014-08-11,1.5456990003585815,1.5593654583746561,1.5328254249348516,1.5350034720560175,74352000
2014-08-12,1.5421342849731445,1.555206652259345,1.5195549166309468,1.5403517718586577,90931200
2014-08-13,1.59224534034729,1.5934336445417958,1.5595645383231138,1.5629310035394801,81278400
2014-08-14,1.616805076599121,1.617399285396156,1.592245428547422,1.5975930810532568,103089600
2014-08-15,1.6387900114059448,1.6514658209088218,1.5938289394659895,1.642355150120523,155956800
2014-08-18,1.6784034967422485,1.6825628445729892,1.6587950617303793,1.6641428270366827,79348800
2014-08-19,1.7073203325271606,1.7089051913489315,1.6871176892311643,1.6900887328533554,78628800
2014-08-20,1.7073203325271606,1.7162332367262825,1.6976154522520568,1.7015770326378548,70651200
2014-08-21,1.7170261144638062,1.7182145319092161,1.700784144931176,1.7098958364587968,67900800
2014-08-22,1.7237598896026611,1.7370299075060829,1.707122387055515,1.7176201489810774,76814400
2014-08-25,1.7429720163345337,1.757034917994581,1.7302962061078486,1.7493104314496288,67977600
2014-08-26,1.7489136457443237,1.7534694338364936,1.736040070706024,1.7501019495939283,41716800
2014-08-27,1.7491127252578735,1.754658257842142,1.7374265446901014,1.750102355359973,36715200
2014-08-28,1.7419819831848145,1.748518164559017,1.7247503868351495,1.7316819895024336,64838400
2014-08-29,1.7623826265335083,1.7623826265335083,1.73544614816412,1.7550545815858645,52272000
2014-09-02,1.7770400047302246,1.7784261896586475,1.7556490553438044,1.7758515871716078,64300800
2014-09-03,1.7465373277664185,1.7911019653132216,1.7362382380233048,1.789913547778544,82636800
2014-09-04,1.7409917116165161,1.7845656969118187,1.7277216920046912,1.7582234250445385,82084800
2014-09-05,1.7679282426834106,1.769513101487493,1.7217796567171733,1.749310458416977,83227200
2014-09-08,1.776841163635254,1.7901122029045438,1.7522814052915483,1.7675327247486508,70872000
2014-09-09,1.7336636781692505,1.7970438663136534,1.7225717060757788,1.7766434550258103,129393600
2014-09-10,1.7738701105117798,1.7770397145967873,1.7247505972258805,1.7398032416195743,72417600
2014-09-11,1.7724839448928833,1.7734745949306183,1.7318808933920231,1.75208353547263,119318400
2014-09-12,1.7445569038391113,1.7677304771892544,1.7273251910058183,1.7667398271019388,113740800
2014-09-15,1.6920698881149292,1.7503010953514249,1.677412777630416,1.7493104452725927,128486400
2014-09-16,1.7378228902816772,1.7465371200522206,1.6686975941279731,1.674244033076349,126892800
2014-09-17,1.7463394403457642,1.7687211512652141,1.7148471711779316,1.7360404646444036,113553600
2014-09-18,1.7839713096618652,1.7845654049698854,1.7556486488547824,1.7611940672869488,79512000
2014-09-19,1.7800110578536987,1.80813595799437,1.7596097385467095,1.80813595799437,110217600
2014-09-22,1.7316821813583374,1.767928117236547,1.7085086096768414,1.767928117236547,108177600
2014-09-23,1.7166297435760498,1.7401998727661596,1.7057365587702997,1.7100936740253776,100800000
2014-09-24,1.772286057472229,1.773672242095336,1.7047456255493973,1.7205911517296308,116582400
2014-09-25,1.6597849130630493,1.7609966990819619,1.6582009607725632,1.7538664204325884,212798400
2014-09-26,1.7128667831420898,1.7211855920059007,1.6683021485159635,1.6768186113989088,148252800
2014-09-29,1.7071226835250854,1.7197986083011627,1.6585964654457823,1.6613696285749584,114537600
2014-09-30,1.713460922241211,1.7398033059043772,1.6894944667252645,1.7211855220627246,154094400
2014-10-01,1.6314619779586792,1.7033595280922689,1.6154186836312159,1.6999921566893272,213480000
2014-10-02,1.630669116973877,1.6457226681500938,1.5686750062180208,1.6296793736091346,217972800
2014-10-03,1.679789662361145,1.6990016557714798,1.642355305645179,1.6589928101115778,153676800
2014-10-06,1.668302297592163,1.706528520308346,1.6528532092745587,1.692664290964687,147307200
2014-10-07,1.5977905988693237,1.6583985266956287,1.5964045274497787,1.6441378577953902,163651200
2014-10-08,1.6900887489318848,1.7047458598295584,1.5710519555696678,1.600959479425291,213129600
2014-10-09,1.6059119701385498,1.6954366755226786,1.5991771123268803,1.6835528389966672,223022400
2014-10-10,1.4856853485107422,1.6061092135825366,1.4856853485107422,1.577785533211026,296428800
2014-10-13,1.416164755821228,1.512820744668886,1.4133924995314462,1.479545849164361,273302400
2014-10-14,1.418740153312683,1.471424805387489,1.4050735802798873,1.4452801900208525,370809600
2014-10-15,1.3884363174438477,1.4072518696656833,1.2923744227550935,1.3527845865631685,485097600
2014-10-16,1.3668465614318848,1.3989330394028148,1.3002966572446675,1.301683748722993,335961600
2014-10-17,1.4203240871429443,1.456372258523296,1.3937840486573065,1.4179473655870107,264350400
2014-10-20,1.481526255607605,1.484101651236468,1.4086389552982381,1.4151750247099686,154464000
2014-10-21,1.5973941087722778,1.5973941087722778,1.525101023082941,1.5348059027318135,211699200
2014-10-22,1.5726368427276611,1.6183897824313644,1.5694671249968821,1.6124478083571723,187920000
2014-10-23,1.6445344686508179,1.6694906701318082,1.6116549925174077,1.6201724759352956,169886400
2014-10-24,1.6823639869689941,1.6863255670114656,1.6340364504634697,1.6514658159783204,170563200
2014-10-27,1.6887027025222778,1.6958330945340434,1.652654527721765,1.6734513816445336,138244800
2014-10-28,1.7641652822494507,1.7641652822494507,1.7065282850610854,1.7093015612157167,159686400
2014-10-29,1.7429720163345337,1.759411752829165,1.7063306570843353,1.7459429465440408,179404800
2014-10-30,1.7538663148880005,1.7661456844135963,1.7083110292188095,1.7197985359805508,161985600
2014-10-31,1.8261594772338867,1.844778282933369,1.8089278764293824,1.8422027738452667,176371200
2014-11-03,1.8449757099151611,1.8576516330842796,1.8285360872617225,1.8354685975377432,140961600
2014-11-04,1.8253672122955322,1.8388360176913685,1.7869423227866452,1.8243765622899366,138648000
2014-11-05,1.825169324874878,1.8610187011183792,1.805956315909012,1.859038421363884,138744000
2014-11-06,1.8408164978027344,1.8431933327387569,1.8010054192941787,1.8223964803834705,97272000
2014-11-07,1.8362606763839722,1.8538888307387713,1.8087299877506469,1.8519084372167915,110812800
2014-11-10,1.8550772666931152,1.8633960760806516,1.8245756456078837,1.8388363159860028,103372800
2014-11-11,1.8727049827575684,1.8729027500764621,1.8424010228165668,1.8578501071002367,105619200
2014-11-12,1.8830041885375977,1.8889461618411476,1.8507198333673192,1.8507198333673192,96201600
2014-11-13,1.9071682691574097,1.9285593261397929,1.8812214238661116,1.8933031369139064,182164800
2014-11-14,1.9247958660125732,1.9247958660125732,1.8871637420898215,1.906178081405918,114816000
2014-11-17,1.9067721366882324,1.924400290823206,1.880627519845613,1.911129138382726,141355200
2014-11-18,1.9495540857315063,1.957872780357079,1.9125161745814294,1.9127138285790724,111820800
2014-11-19,1.9247958660125732,1.9440086526839802,1.8974628311626218,1.9440086526839802,148809600
2014-11-20,1.9503461122512817,1.9543078061294792,1.8944918499217258,1.899245406573895,99556800
2014-11-21,1.9644091129302979,2.0067945653028687,1.942621611366056,2.0020411222955787,152947200
2014-11-24,2.0087759494781494,2.009567925567141,1.971935914627641,1.977481333922768,126206400
2014-11-25,2.0153114795684814,2.0339292583192203,2.0006542599824506,2.015905801443939,151536000
2014-11-26,2.056509494781494,2.058688449134893,2.015312229449241,2.021848412507039,105633600
2014-11-28,2.087209701538086,2.097905232150189,2.0679969145728188,2.0731467991891668,72571200
2014-12-01,2.010161876678467,2.0780977271890886,1.9893649148205743,2.067996520572974,156187200
2014-12-02,2.031750440597534,2.047001756411179,2.005804503654078,2.02006528294241,129892800
2014-12-03,2.0501708984375,2.055717451155377,2.0097656105591435,2.046210337929144,131942400
2014-12-04,2.0440316200256348,2.0685912686988406,2.0192731839680356,2.0410604626315325,154036800
2014-12-05,2.045417308807373,2.0640359992119817,2.0319494093689605,2.056112838755047,113630400
2014-12-08,2.001248836517334,2.0557170153295807,1.9691622511810707,2.0285817529145604,169281600
2014-12-09,2.0206596851348877,2.023630615159927,1.909742924193218,1.9301434463656109,170688000
2014-12-10,1.9228154420852661,2.023432216317892,1.9139024246298817,2.008775899023117,134529600
2014-12-11,1.9529216289520264,2.0202633945468333,1.9396507031806578,1.941037681297673,136032000
2014-12-12,1.8883521556854248,1.9620323378832931,1.887757946957975,1.8956802010999148,153787200
2014-12-15,1.8317055702209473,1.9374722167566187,1.8128891140510153,1.9164766933098023,235948800
2014-12-16,1.7407939434051514,1.8754774709388577,1.7400009473583031,1.79526110978371,212856000
2014-12-17,1.8342803716659546,1.8507199950200328,1.7380207130749643,1.7441604542461326,182726400
2014-12-18,1.968766450881958,1.968766450881958,1.8994443940694115,1.9148934831501672,186744000
2014-12-19,1.9907512664794922,2.0178865330440328,1.960843857057104,1.974708198025468,154828800
2014-12-22,2.009115695953369,2.0106999160269177,1.9811839554551318,1.9847495841495753,110457600
2014-12-23,1.9899003505706787,2.0315008778226264,1.9801937120158046,2.0313031903034786,115920000
2014-12-24,1.9940595626831055,2.014859817540555,1.9904937075479248,1.9962388852983062,43982400
2014-12-26,2.0344715118408203,2.0467537495941364,2.008521184046575,2.008718871465976,86088000
2014-12-29,2.034867763519287,2.045961608299198,2.024566935374507,2.0289246728703576,62328000
2014-12-30,1.992870807647705,2.0293214664778785,1.9837585963516806,2.0148596793757068,123859200
2014-12-31,1.9304701089859009,2.025557319881565,1.9217544047613968,2.000993293762863,117091200
2015-01-02,1.91462242603302,1.9835607009634173,1.8851054492244084,1.9582038882332118,122227200
2015-01-05,1.8284497261047363,1.8938222625762597,1.8126015190262332,1.8868884665273082,127017600
2015-01-06,1.7559454441070557,1.8456839635459343,1.7307862080047505,1.8349867399185746,168643200
2015-01-07,1.8234963417053223,1.8351843824774958,1.777339961283035,1.7894237169122151,137467200
2015-01-08,1.9274983406066895,1.93839450053615,1.8641075503731217,1.870446017290871,144936000
2015-01-09,1.888473629951477,1.9477043681398671,1.856381613598581,1.9455259523305524,181420800
2015-01-12,1.830430269241333,1.9061035195704945,1.815375192898491,1.9011514722253724,165254400
2015-01-13,1.8288452625274658,1.9409692860954808,1.7848672914229446,1.882134039372901,199708800
2015-01-14,1.8007153272628784,1.8250814337975416,1.7500024994712338,1.7708028647296432,216148800
2015-01-15,1.729202389717102,1.8314211904454083,1.7216742843551558,1.8213181608758227,196012800
2015-01-16,1.7908103466033936,1.7951692185213393,1.7121655468158454,1.7206834495118988,141796800
2015-01-20,1.830430269241333,1.8437026448128533,1.7599069803888336,1.8209215494026416,141892800
2015-01-21,1.8585598468780518,1.883520262283421,1.7955644425889143,1.8137898838491824,133531200
2015-01-22,1.9619675874710083,1.9671183427866465,1.8320155271156007,1.8819363665196,162657600
2015-01-23,1.9750419855117798,1.9926728924157764,1.9441385899271293,1.9619674109590308,142358400
2015-01-26,1.9706841707229614,1.9790042727241857,1.937800044415561,1.9690990439329734,100804800
2015-01-27,1.818148136138916,1.878172008176404,1.7955648387946082,1.8769833897155677,223987200
2015-01-28,1.786849021911621,1.9076887550410158,1.78566051687868,1.9015480890277099,188928000
2015-01-29,1.8385525941848755,1.8474670044322794,1.735342986707731,1.780707147844027,176558400
2015-01-30,1.7963576316833496,1.8750024274493182,1.7880375302006246,1.8322131883701702,218222400
2015-02-02,1.8435046672821045,1.8462782986797759,1.7230604407951398,1.806063987323234,198844800
2015-02-03,1.8938220739364624,1.898377725979125,1.8260723074839367,1.8589564299070422,182332800
2015-02-04,1.888869047164917,1.927102861632669,1.8585600728860892,1.8700504280456571,124632000
2015-02-05,1.938988447189331,1.941563371113627,1.8906518338180576,1.9023398755367584,100324800
2015-02-06,1.90372633934021,1.9601844575156888,1.882530372524534,1.9473084781234922,123528000
2015-02-09,1.8827284574508667,1.9108581103158877,1.871040301036171,1.8809455298641728,95793600
2015-02-10,1.9728635549545288,1.9799952654974975,1.9068969327254472,1.91739545086183,119256000
2015-02-11,1.9950501918792725,2.0071338359387374,1.9679103377501797,1.979995115338477,121852800
2015-02-12,2.0647809505462646,2.065573967460423,2.023973225103367,2.030906115398358,153100800
2015-02-13,2.116880416870117,2.1172769251956893,2.0701289340754654,2.0812227790793996,120897600
2015-02-17,2.1226255893707275,2.1261914438250966,2.101230916055976,2.116483904392451,82728000
2015-02-18,2.1317381858825684,2.1343131100501975,2.1057869493626993,2.115494490554624,70478400
2015-02-19,2.163829803466797,2.1669991495875,2.125597015446344,2.1265870393740345,75590400
2015-02-20,2.205430746078491,2.2097884840649313,2.138275287772524,2.158679032258926,90772800
2015-02-23,2.2141475677490234,2.214345255184686,2.188394018432723,2.2040446515989554,78974400
2015-02-24,2.218703031539917,2.225240318707112,2.1844326025898764,2.20443983892915,104601600
2015-02-25,2.200873851776123,2.2331644540953164,2.186412974105522,2.2070155363979778,112550400
2015-02-26,2.2343533039093018,2.237126141840745,2.1889881246836205,2.207213452701326,116337600
2015-02-27,2.204836368560791,2.2357397639273797,2.194139030675981,2.231777627399324,88790400
2015-03-02,2.2642662525177,2.2660492935620473,2.2157319433023073,2.2167226476079396,89044800
2015-03-03,2.2317779064178467,2.250597433838107,2.189781566368775,2.244456654210427,128390400
2015-03-04,2.2070162296295166,2.2196940708056974,2.169773229189944,2.2105818582912056,116640000
2015-03-05,2.2167224884033203,2.237522969917685,2.1909700726569774,2.223853971951155,92347200
2015-03-06,2.1404550075531006,2.222467869321132,2.1253990222818606,2.2103833169076608,149726400
2015-03-09,2.1610560417175293,2.176309936713323,2.1285686572977145,2.1557073734462096,113270400
2015-03-10,2.041404962539673,2.1147011963326174,2.0404142584424436,2.1135125781216852,191966400
2015-03-11,2.0055501461029053,2.056460787665963,2.0027764006304003,2.046952066263979,223152000
2015-03-12,2.043980360031128,2.0513104377075364,1.9962388452406818,1.999804700304308,122390400
2015-03-13,2.0176331996917725,2.062799556415667,1.9794004111434127,2.038631364912886,198115200
2015-03-16,2.0948915481567383,2.095882252206512,2.033282678487528,2.040018559203063,114960000
2015-03-17,2.1065800189971924,2.1147015268062246,2.0631964676942838,2.076865239197465,97363200
2015-03-18,2.1671981811523438,2.195327833943178,2.055271952183901,2.088552586930413,167822400
2015-03-19,2.17769718170166,2.193941786051252,2.164227002975267,2.174725522029419,111384000
2015-03-20,2.22286319732666,2.2509937557565114,2.218108723974811,2.2295990790847253,104812800
2015-03-23,2.20424222946167,2.2335604989241773,2.2040445420358346,2.215930271808422,99235200
2015-03-24,2.1818573474884033,2.2353438238034835,2.180668728898404,2.2038462246388537,92980800
2015-03-25,2.029721975326538,2.1969334828699645,2.029721975326538,2.1933672720214448,175886400
2015-03-26,2.01308012008667,2.0451753412900384,1.9615690109239456,1.9819759287924545,196560000
2015-03-27,2.0324954986572266,2.0489387462249105,2.000795926485524,2.0091170840193273,98544000
2015-03-30,2.1056017875671387,2.109563413045007,2.0721189896892334,2.0735065675479043,151214400
2015-03-31,2.0404202938079834,2.099855778368961,2.0364575351747254,2.086383351275082,124507200
2015-04-01,2.0059475898742676,2.0376462577924634,1.9663236314734807,2.0376462577924634,175876800
2015-04-02,2.0093159675598145,2.028730946343689,1.9900980157470505,2.0099104493990003,110577600
2015-04-06,2.05765700340271,2.07509106049862,1.964739832012556,1.973060765966049,150945600
2015-04-07,2.0481464862823486,2.100053221722405,2.047948779159443,2.0550809729269166,114691200
2015-04-08,2.096884250640869,2.1050074767127214,2.048939350616917,2.049732446653518,169142400
2015-04-09,2.135913372039795,2.137497749847815,2.0721185855171127,2.094902972277786,110928000
2015-04-10,2.161470890045166,2.162263079038366,2.119667163030794,2.135517064561311,113385600
2015-04-13,2.145423412322998,2.199509699687816,2.1378946689589537,2.1672158662747494,115200000
2015-04-14,2.12699818611145,2.1567159294137634,2.0907427297344747,2.140668320823108,168974400
2015-04-15,2.164640426635742,2.180093780929868,2.1357148708075786,2.1452245400930403,95356800
2015-04-16,2.157111406326294,2.1686029070810955,2.1398750621075755,2.149979211960344,90888000
2015-04-17,2.056269645690918,2.113327647511926,2.0291270886094814,2.0956947574006577,186427200
2015-04-20,2.1481964588165283,2.159291412883655,2.0846002773296846,2.0879687811117487,142195200
2015-04-21,2.1757352352142334,2.1967354984107326,2.1686030404097867,2.186433640785096,127387200
2015-04-22,2.2110002040863037,2.221896317249089,2.1509702340988324,2.1925751211412434,121915200
2015-04-23,2.2375481128692627,2.2660771177708705,2.1878202314821436,2.189999771366583,131001600
2015-04-24,2.325115919113159,2.336408805443582,2.296586915859249,2.3064931315183563,142416000
2015-04-27,2.31025767326355,2.3661271847845256,2.294804544015712,2.3536455582718756,161160000
2015-04-28,2.295200824737549,2.3278902984872003,2.2377462614899337,2.3148144182959802,171753600
2015-04-29,2.2514164447784424,2.296983865798318,2.2151607592783065,2.2567656479953215,193953600
2015-04-30,2.1456210613250732,2.241708782819047,2.112139398714132,2.213971964338285,308169600
2015-05-01,2.2323970794677734,2.234377778774702,2.169395378630526,2.170187567661937,190012800
2015-05-04,2.240321397781372,2.2829170878600458,2.237746216684164,2.250821869885175,131971200
2015-05-05,2.1341302394866943,2.227443919215642,2.1287810375461915,2.2151602307176734,280694400
2015-05-06,2.0885632038116455,2.161471126379335,2.0447787727985163,2.1430460417853547,213398400
2015-05-07,2.1244218349456787,2.142054726242112,2.081033962307523,2.0863831645083017,168619200
2015-05-08,2.202282667160034,2.2179346347126665,2.18049021466914,2.1903955244938556,178377600
2015-05-11,2.1781129837036133,2.222095348455077,2.1737536764970664,2.20842521221935,139027200
2015-05-12,2.1499788761138916,2.1814796041438065,2.0903454694788643,2.1390827657633587,190334400
2015-05-13,2.1610748767852783,2.2102085180631037,2.1521594608442767,2.1779146786312173,132499200
2015-05-14,2.256765842437744,2.261322857006447,2.190395857976737,2.2151609501360614,176832000
2015-05-15,2.2565674781799316,2.2827192363854083,2.239529067188607,2.274596012004549,146505600
2015-05-18,2.284303665161133,2.298370348991683,2.239925887319712,2.2454727977983295,110587200
2015-05-19,2.2777657508850098,2.302927616331224,2.2670675708756423,2.2932191058299813,98577600
2015-05-20,2.2815308570861816,2.322541266070179,2.246067358776135,2.2829173013441504,111264000
2015-05-21,2.317389726638794,2.3261072064535804,2.260133779927361,2.2704356377219583,92222400
2015-05-22,2.311048984527588,2.335219812526986,2.3049075940183372,2.3094646068970404,79819200
2015-05-26,2.2310104370117188,2.304116063221638,2.203471324948477,2.2946063937974635,140457600
2015-05-27,2.3383898735046387,2.34532436159753,2.2365575336954207,2.2504253762392064,134289600
2015-05-28,2.3211536407470703,2.3405695262757993,2.3007476323468055,2.324125369732007,90643200
2015-05-29,2.281925916671753,2.32729562133025,2.2648881875368576,2.317191472088818,106060800
2015-06-01,2.301936149597168,2.321747674272665,2.2474533230977176,2.3177860495226654,137160000
2015-06-02,2.280935764312744,2.3150119023250553,2.2440858316136993,2.277765195005953,131462400
2015-06-03,2.300945281982422,2.327493359141059,2.28509628941572,2.313426678214299,117067200
2015-06-04,2.250821828842163,2.306493397835089,2.228038573146044,2.2633034534237213,185702400
2015-06-05,2.2337827682495117,2.2567648580679167,2.1925744419337114,2.2409149611327597,138590400
2015-06-08,2.1654324531555176,2.234774154925077,2.1517623187540997,2.229424952182924,144422400
2015-06-09,2.1547343730926514,2.177319924384797,2.1054030307788056,2.1495840103646247,153000000
2015-06-10,2.2401232719421387,2.2609258270226107,2.1689985808897903,2.175735134350254,154766400
2015-06-11,2.2524070739746094,2.282917005924747,2.2401233834941423,2.264095375714228,117081600
2015-06-12,2.195150375366211,2.229821682544178,2.187820472869765,2.215557291883737,120897600
2015-06-15,2.1648383140563965,2.1739523420880302,2.109563291668614,2.1472063269442003,200884800
2015-06-16,2.1979241371154785,2.2092167972785894,2.1535454586761724,2.1551305167443218,101265600
2015-06-17,2.2163493633270264,2.238142722864266,2.174347929152666,2.210009130640107,168388800
2015-06-18,2.3100595474243164,2.3243239369558846,2.233585650703854,2.2349720947701277,162628800
2015-06-19,2.2747936248779297,2.322738739662709,2.2747936248779297,2.316597348301608,84628800
2015-06-22,2.3296730518341064,2.350276766196491,2.314219925969755,2.3296730518341064,131716800
2015-06-23,2.3354172706604004,2.3417575012467253,2.305898377755716,2.337794743766115,114907200
2015-06-24,2.2995591163635254,2.3560228794162756,2.2973795761577485,2.326503067156631,84902400
2015-06-25,2.2845029830932617,2.3324469820623803,2.273804574243565,2.3253147850720675,85204800
2015-06-26,2.2421040534973145,2.2991620590735447,2.2141693057402945,2.2825201974625675,131904000
2015-06-29,2.0836102962493896,2.2030757506132654,2.079251216282033,2.163055242848883,273744000
2015-06-30,2.10738468170166,2.1406684104882214,2.0840060364266693,2.12699827520397,176793600
2015-07-01,2.15057373046875,2.1781128419667937,2.123827941637952,2.164442706620626,141624000
2015-07-02,2.1586971282958984,2.1769242791873387,2.135120773864532,2.1699897905564463,105523200
2015-07-06,2.140469789505005,2.176329832959244,2.100053638913111,2.1141203221195997,131808000
2015-07-07,2.151366949081421,2.1614711007481135,2.0289299791175317,2.1466122275599977,250329600
2015-07-08,2.0435900688171387,2.1166956997460797,2.0311086694038014,2.1085736076264796,184881600
2015-07-09,2.037646532058716,2.128187121412234,2.037646532058716,2.126007581213014,125260800
2015-07-10,2.132347345352173,2.1555271483772303,2.097676040933066,2.1159031891469087,123259200
2015-07-13,2.2413125038146973,2.249831370907832,2.1858397671099112,2.186235408210636,104860800
2015-07-14,2.286285400390625,2.3062948616427765,2.250425356879084,2.253991567841149,102201600
2015-07-15,2.2971811294555664,2.3219462122555337,2.275982029940818,2.2993606689596873,119140800
2015-07-16,2.3869287967681885,2.3932688017953088,2.3385882706505585,2.352654044418484,139680000
2015-07-17,2.4960925579071045,2.4962902650479926,2.438637774468805,2.44973272738092,143328000
2015-07-20,2.524026870727539,2.5513673627192737,2.4911385626482847,2.5168946769041254,95889600
2015-07-21,2.51709246635437,2.538092727349133,2.4970823281127474,2.527988804662861,87408000
2015-07-22,2.4344773292541504,2.4695442732931263,2.4035708508868856,2.4039673988138515,108388800
2015-07-23,2.4053542613983154,2.4641952672931975,2.387325726535231,2.44160994519637,96782400
2015-07-24,2.337003469467163,2.4485443212498867,2.3255128739928574,2.4429965039519232,106473600
2015-07-27,2.2769734859466553,2.325710564951325,2.2625111628022694,2.295398340979897,120624000
2015-07-28,2.337003469467163,2.3498814160406654,2.2531994368902244,2.3094652643425837,155596800
2015-07-29,2.3631551265716553,2.378013999976661,2.3243242578493994,2.35067372732627,121737600
2015-07-30,2.3960418701171875,2.4075333699061257,2.304115540014481,2.3463149010597126,137044800
2015-07-31,2.38871169090271,2.4219956389746273,2.3722675373495323,2.418032880925289,109036800
2015-08-03,2.366720676422119,2.4083255556751793,2.3179836034117303,2.390098410030676,147734400
2015-08-04,2.3514652252197266,2.3738528357923996,2.3215497800251716,2.3599849963656356,141350400
2015-08-05,2.406543016433716,2.452308142816369,2.38276873046774,2.3904954074159415,127411200
2015-08-06,2.2910401821136475,2.4217982937663654,2.2579541629443534,2.411297595532944,175296000
2015-08-07,2.281925916671753,2.2975778820870563,2.224472270756203,2.273407052104305,160176000
2015-08-10,2.3589940071105957,2.3742494242902317,2.324918096140897,2.324918096140897,133804800
2015-08-11,2.2690491676330566,2.349088142288422,2.2304160110218274,2.3209556841483385,173289600
2015-08-12,2.289058208465576,2.30550236346416,2.1493846920143778,2.223283629026544,224347200
2015-08-13,2.278756856918335,2.330862221395129,2.265680975639972,2.2981727449276392,140659200
2015-08-14,2.2910401821136475,2.3001533026559056,2.2510196754142506,2.263501072783293,145982400
2015-08-17,2.3473055362701416,2.3490885285911847,2.256567914341001,2.2734077145267637,125356800
2015-08-18,2.3098602294921875,2.3437384310420413,2.302530329089936,2.334031057299507,108998400
2015-08-19,2.266472578048706,2.3267011526676487,2.226056434312311,2.2882659345998064,235516800
2015-08-20,2.079845905303955,2.224274185202377,2.076478534598548,2.2030762102426387,300019200
2015-08-21,1.821103572845459,2.0416092100051357,1.821103572845459,1.9910891287724295,380289600
2015-08-24,1.6053524017333984,1.8123856748796634,1.293712665405191,1.4868779842286457,392716800
2015-08-25,1.5841532945632935,1.8054520738038755,1.5770209872868297,1.773158133701532,289665600
2015-08-26,1.8127822875976562,1.826055873964043,1.618031677026607,1.7194685945382768,285019200
2015-08-27,1.9544364213943481,1.9583991798621518,1.829226358711599,1.8979727814374223,485952000
2015-08-28,1.9528520107269287,1.9732580172280645,1.9106528735743726,1.923332204051062,214094400
2015-08-31,1.8803409337997437,1.9524556384814347,1.8662742511787775,1.9207571960735172,206870400
2015-09-01,1.7097610235214233,1.825263597460825,1.6806376509506202,1.7390822165955957,313862400
2015-09-02,1.8488401174545288,1.8488401174545288,1.7372991648955964,1.7965368282076464,180278400
2015-09-03,1.8183293342590332,1.907482449303201,1.805253454872724,1.8714256076003968,223224000
2015-09-04,1.75750732421875,1.7917820814635752,1.7254122203384796,1.7454224743738298,279643200
2015-09-08,1.9066908359527588,1.9108513025681824,1.8351703742777956,1.8571614444919522,225350400
2015-09-09,1.8403202295303345,1.973060050324158,1.8250658318790638,1.9720692473762598,281284800
2015-09-10,1.899161696434021,1.936210478307452,1.8262547969100658,1.8327927372188808,247161600
2015-09-11,1.929870367050171,1.929870367050171,1.8573589991695074,1.8738031560898891,189720000
2015-09-14,1.9126341342926025,1.9520592567777815,1.8916338690632022,1.9514650016233788,176664000
2015-09-15,1.9793994426727295,1.9988153267295854,1.905898185881468,1.9268982210670127,152654400
2015-09-16,2.0124857425689697,2.019815871833494,1.961371184514177,1.9833622524929588,140414400
2015-09-17,2.018033027648926,2.1069885726584356,1.9910892994351768,2.010306348973123,242361600
2015-09-18,1.932644009590149,2.0013905470684414,1.921152508603873,1.9255118150805348,272342400
2015-09-21,1.9490876197814941,1.9962405555177045,1.8969831621333677,1.9621635010811884,200313600
2015-09-22,1.8631045818328857,1.880142085420035,1.808423933301756,1.8589441161888085,283795200
2015-09-23,1.8660763502120972,1.890840530547285,1.8365564287886804,1.8761803870038964,223761600
2015-09-24,1.8444808721542358,1.8658776833166575,1.7632530475298258,1.8109992113354725,293836800
2015-09-25,1.7997064590454102,1.9096621248402244,1.7638473262054264,1.9070869439728912,283824000
2015-09-28,1.6445800065994263,1.777913310620245,1.628730217682143,1.7747437609479089,360057600
2015-09-29,1.6202112436294556,1.7067892852987754,1.5833611951206021,1.6564669237180163,365750400
2015-09-30,1.7273932695388794,1.7355164953612179,1.6681565021352331,1.6875714834457354,333864000
2015-10-01,1.7515640258789062,1.7527527630060253,1.6697409118492486,1.738290437023278,219264000
2015-10-02,1.84250009059906,1.8446797439662532,1.6641936302185059,1.6812321552840785,317404800
2015-10-05,1.9265018701553345,1.9383890131379442,1.8734066147877404,1.8854914649301442,208152000
2015-10-06,1.8989638090133667,1.9292758068888878,1.8510188046021552,1.9124362363338796,230121600
2015-10-07,1.9294737577438354,1.9429459584544924,1.8575567606331573,1.932842034649886,253108800
2015-10-08,1.953050136566162,1.963351994397431,1.8526041319243258,1.9088700693270573,291873600
2015-10-09,1.976824164390564,1.991088780789546,1.9401721604392987,1.9556252870371758,175224000
2015-10-12,1.9934662580490112,2.0051554667325058,1.9698899068007925,1.9918809731720815,152539200
2015-10-13,1.9544364213943481,2.0202121356395444,1.9494837668588922,1.9593899828432881,212966400
2015-10-14,1.9461156129837036,1.984550835584153,1.9209548838844202,1.9550310265495443,183331200
2015-10-15,2.041212320327759,2.04160886827763,1.9595880602447124,1.9671168030825794,214569600
2015-10-16,2.0665719509124756,2.070335868984705,2.0247693566873606,2.0546848079326003,132643200
2015-10-19,2.1036198139190674,2.106988090927292,2.0455716770699364,2.0570622720333733,163622400
2015-10-20,2.068751335144043,2.105007016474045,2.048938902636971,2.090940334500185,145252800
2015-10-21,2.0354676246643066,2.107185665271213,2.0295239402132337,2.101242207548519,176496000
2015-10-22,2.156121253967285,2.161271615030283,2.06894896698277,2.0863830162686536,259752000
2015-10-23,2.3354172706604004,2.3637485606538,2.2951999755083143,2.3300680695366998,204057600
2015-10-26,2.3423521518707275,2.3552300955808674,2.3060964744327266,2.332445936680611,119889600
2015-10-27,2.357607126235962,2.365928055220367,2.321351455608216,2.323332380854449,104462400
2015-10-28,2.4122884273529053,2.413872578420334,2.309860488755947,2.368306072534342,208958400
2015-10-29,2.4033730030059814,2.415061303482732,2.3740509042366478,2.380985391164049,99825600
2015-10-30,2.3704841136932373,2.419023469750322,2.3702864066106546,2.406542076520767,120072000
2015-11-02,2.451317071914673,2.4592423620703734,2.3748440868960454,2.388117672559766,110601600
2015-11-03,2.4746954441070557,2.5030256042393004,2.4249673429830634,2.4362602283779897,123624000
2015-11-04,2.4756858348846436,2.5061966743349338,2.446166932140863,2.499262186524968,145833600
2015-11-05,2.4538936614990234,2.501442237960298,2.4182324558814834,2.4832148604237667,142252800
2015-11-06,2.4620156288146973,2.4699409194598734,2.3950523076620676,2.443590546729724,136248000
2015-11-09,2.382768154144287,2.4433923646387083,2.337399359968225,2.433486150032455,151315200
2015-11-10,2.365929365158081,2.3708820211082524,2.323927922438376,2.3447304831453972,98721600
2015-11-11,2.355428695678711,2.41803362634439,2.3437392586874775,2.3839577056515555,100828800
2015-11-12,2.2870774269104004,2.3605795939142773,2.2819261580884027,2.3251161008894567,137928000
2015-11-13,2.152555465698242,2.265086433102827,2.1487906408077913,2.258350786138327,197697600
2015-11-16,2.2423036098480225,2.2456709805227257,2.130365969054438,2.1454236844206553,185544000
2015-11-17,2.2500298023223877,2.29737953591875,2.231802652301181,2.255973487487652,221414400
2015-11-18,2.379004955291748,2.3853440548478035,2.269444800576761,2.2753884857894655,196276800
2015-11-19,2.382571220397949,2.4158549514295244,2.3702875284372635,2.3829666347502587,103958400
2015-11-20,2.4299204349517822,2.436854922625705,2.40991120146481,2.415854659365226,101995200
2015-11-23,2.410306692123413,2.460629054170338,2.3795988282204017,2.432892012118648,112876800
2015-11-24,2.4027795791625977,2.4208078910401922,2.3265033707720773,2.3635519314506706,132494400
2015-11-25,2.408128023147583,2.4233825359160432,2.395250077357007,2.4120898750242805,55977600
2015-11-27,2.416844367980957,2.4344772598902527,2.3952498512972453,2.4253641398660504,27206400
2015-11-30,2.401590347290039,2.441412015311609,2.377816061463638,2.4410154673523654,93273600
2015-12-01,2.472912073135376,2.472912073135376,2.420806728530851,2.4285334033147095,117043200
2015-12-02,2.4279391765594482,2.5109512290154794,2.4152600735155945,2.4776672798373243,122092800
2015-12-03,2.304115056991577,2.458052919444982,2.2617173175264567,2.4471559036791843,225912000
2015-12-04,2.4624125957489014,2.476479280511405,2.3100599385215896,2.3237300752738808,173289600
2015-12-07,2.432297945022583,2.4742993790825265,2.3962411025935038,2.469742365192266,138451200
2015-12-08,2.4324967861175537,2.4548834937921473,2.352258742886981,2.3552304718818045,162600000
2015-12-09,2.3191723823547363,2.4392320753078494,2.2777652094709313,2.3980237431920446,289732800
2015-12-10,2.352059841156006,2.398024032813527,2.315606451714507,2.336012459654013,162926400
2015-12-11,2.1907920837402344,2.2888605011029592,2.185640588004844,2.270633352422906,294873600
2015-12-14,2.2399260997772217,2.2419070260575586,2.105601975918428,2.2003021326881953,232344000
2015-12-15,2.2779643535614014,2.3375977734484055,2.271624347705125,2.2973793319785534,191558400
2015-12-16,2.378608226776123,2.392674909590497,2.2565675893832706,2.3261072273593797,196512000
2015-12-17,2.2795486450195312,2.4122885873630087,2.276576916177674,2.4103067546166383,189513600
2015-12-18,2.154338836669922,2.2710300515182604,2.1495838885711267,2.254982441777433,204955200
2015-12-21,2.2183303833007812,2.2185292241272165,2.159291662481154,2.2076322026903443,128059200
2015-12-22,2.2603321075439453,2.2702383270196265,2.217538699540226,2.25300220345557,134044800
2015-12-23,2.3120408058166504,2.3156067903481894,2.283313862014829,2.295795261332048,109896000
2015-12-24,2.307286024093628,2.328682839741725,2.3060972869211303,2.310060046467367,48480000
2015-12-28,2.3066914081573486,2.3066914081573486,2.242500971250987,2.29104034689749,102672000
2015-12-29,2.4118919372558594,2.4293259883648433,2.341955758399578,2.346710705727817,145305600
2015-12-30,2.350276470184326,2.4105050416273532,2.348493478466797,2.4075333131886887,89592000
2015-12-31,2.2631053924560547,2.3372009062354806,2.260529304636904,2.324719509083198,175905600
2016-01-04,2.1248185634613037,2.1248185634613037,2.0354676298755203,2.112337166174664,265867200
2016-01-05,2.105799436569214,2.1581027314451853,2.077072494576924,2.1495838651962207,132326400
2016-01-06,2.04933500289917,2.0812322776677763,1.9978239139664198,2.0005979350546235,243787200
2016-01-07,1.8543875217437744,1.9910891172864102,1.851613499473458,1.915803944024574,340348800
2016-01-08,1.8106027841567993,1.9290782359794412,1.8022818518671604,1.8946056564541083,331819200
2016-01-11,1.826452374458313,1.8629058760527266,1.7414596152077104,1.8482457326501125,336177600
2016-01-12,1.888067603111267,1.9163978818466363,1.8108015164031956,1.8755860920608964,317520000
2016-01-13,1.6905428171157837,1.9241242597268564,1.6840048783730874,1.910850675118991,413400000
2016-01-14,1.7999043464660645,1.84547187946341,1.63051329430055,1.7119398503653414,363417600
2016-01-15,1.6344759464263916,1.6899487898249308,1.563747682820874,1.6202114426794652,564715200
2016-01-19,1.6414103507995605,1.706195039534338,1.5851444143351836,1.6984683628792585,259228800
2016-01-20,1.6265517473220825,1.6796471227897964,1.4569618343704536,1.5643422293414826,554697600
2016-01-21,1.6324950456619263,1.704015381062463,1.582172680615249,1.6469572557905583,338112000
2016-01-22,1.7731585502624512,1.775932458992439,1.7139217854488462,1.7285819310638395,286881600
2016-01-25,1.693317174911499,1.7848478881649774,1.689948897627528,1.7573096820103034,277084800
2016-01-26,1.7416573762893677,1.7622619969048174,1.6717223310342197,1.715704573568375,243038400
2016-01-27,1.6120885610580444,1.731752660403329,1.5889087517022364,1.7099594088560761,358315200
2016-01-28,1.6756840944290161,1.6919304292379436,1.59505052982784,1.6877698502605976,315571200
2016-01-29,1.7848477363586426,1.7848477363586426,1.6750898819683142,1.6794490754047866,257716800
2016-02-01,1.7949517965316772,1.81753723226238,1.7365072245333408,1.7557243832239007,228240000
2016-02-02,1.6810336112976074,1.7737530686886682,1.664590472078151,1.7737530686886682,256867200
2016-02-03,1.6572591066360474,1.713128494756828,1.5679080578569071,1.7127328537266542,471302400
2016-02-04,1.654287576675415,1.6949024572736275,1.5978238133046683,1.6408161680240179,284035200
2016-02-05,1.484103798866272,1.640022616765704,1.4656788329991104,1.638438239067204,429777600
2016-02-08,1.416347622871399,1.43398051612372,1.334128881785616,1.4012909308969257,514963200
2016-02-09,1.3999037742614746,1.465877214314786,1.3515632313364403,1.3579033519321198,459494400
2016-02-10,1.4165456295013428,1.504114491800086,1.4143669961608583,1.4512169387350695,375528000
2016-02-11,1.4131779670715332,1.444479972224969,1.3507706436240996,1.3630534262445078,477076800
2016-02-12,1.4734057188034058,1.4795469970889261,1.418922775542014,1.4573581107414249,316430400
2016-02-16,1.5714744329452515,1.5714744329452515,1.5130298577265988,1.5417566870828598,299313600
2016-02-17,1.6800432205200195,1.6885619719108695,1.596833571479656,1.6112958935228565,365232000
2016-02-18,1.6229853630065918,1.6984684617409587,1.6176362732564378,1.6978740932433418,257899200
2016-02-19,1.6398249864578247,1.6534951203522466,1.58930480319128,1.6045602218814456,238934400
2016-02-22,1.7172892093658447,1.7230349609068463,1.6796470774073677,1.6844019124023215,248265600
2016-02-23,1.6317017078399658,1.7016377731399526,1.630117443374736,1.6869767233728836,267825600
2016-02-24,1.6802412271499634,1.685986977942749,1.5461148348470446,1.5764269465041862,350558400
2016-02-25,1.7266011238098145,1.7285820500628146,1.645372377836597,1.6913364647033824,259598400
2016-02-26,1.7226381301879883,1.7701864723339373,1.710949828758391,1.7660260065666906,248577600
2016-02-29,1.6770716905593872,1.7571107796642356,1.6770716905593872,1.7186764633264149,229968000
2016-03-01,1.8375474214553833,1.8379430624910444,1.7093646005615126,1.723034735210862,311136000
2016-03-02,1.8395283222198486,1.8415091347475205,1.797131248035451,1.8306129087003489,193972800
2016-03-03,1.8292266130447388,1.8363588084019744,1.790394726185489,1.8347736367759415,206596800
2016-03-04,1.8323960304260254,1.867462976265409,1.7955459791939943,1.8361599483640179,237844800
2016-03-07,1.7983201742172241,1.8359623046919598,1.7586962107285105,1.8038671980821683,189124800
2016-03-08,1.7507717609405518,1.8078297765060127,1.7438372728413472,1.760082702759286,212563200
2016-03-09,1.784253478050232,1.7874230278074934,1.7434407777994827,1.7743472605178263,208344000
2016-03-10,1.7775174379348755,1.8397259213033694,1.7091666562735888,1.8127822019050226,343454400
2016-03-11,1.8696426153182983,1.8716234278485067,1.8193202504033164,1.8349711974134482,169660800
2016-03-14,1.8805387020111084,1.8944066568146443,1.8486414196945173,1.8508209596235032,157166400
2016-03-15,1.879350185394287,1.8845015678736257,1.8426979533808003,1.8615194709287666,193118400
2016-03-16,1.9272953271865845,1.9433427105943504,1.8627083386526717,1.8627083386526717,176457600
2016-03-17,1.921747088432312,1.938983433877445,1.8902462398761348,1.912633967640677,127507200
2016-03-18,1.9328420162200928,1.9490873316680077,1.9041150765000368,1.9375967371626925,147537600
2016-03-21,1.9558240175247192,1.9623617301634624,1.9207570736970376,1.9245209914191037,136008000
2016-03-22,1.973258376121521,1.9881172490942307,1.9223415239909767,1.9241247429230197,127214400
2016-03-23,1.9263043403625488,1.9671170421858282,1.9128319112067875,1.9627577349480199,154454400
2016-03-24,1.9257099628448486,1.9292759471315488,1.8880677202060516,1.8950011880646123,127022400
2016-03-28,1.9187755584716797,1.9455215754315203,1.909464502832382,1.9451259343549727,129384000
2016-03-29,2.010504722595215,2.014863122479832,1.8989638761905687,1.9082756112611212,179793600
2016-03-30,2.0406177043914795,2.0784586655867736,2.027541827135308,2.047155643019565,209884800
2016-03-31,2.028731107711792,2.0588454016260025,2.0221931673310527,2.0360621440646436,118521600
2016-04-01,2.0962893962860107,2.0986668698888855,1.986531556660805,1.997824216181916,163022400
2016-04-04,2.070335626602173,2.1000533672084885,2.0578542299623286,2.093119786996988,136632000
2016-04-05,2.014664888381958,2.0469578084809883,2.0041644179154385,2.0229858191383605,146841600
2016-04-06,2.1111485958099365,2.1127338807638343,2.018825699344339,2.02080662535152,182088000
2016-04-07,2.0200142860412598,2.085591162240807,1.993663913667927,2.0752893048193037,252225600
2016-04-08,2.0152595043182373,2.0709299357106046,1.9942583352585366,2.0566655468151205,166243200
2016-04-11,1.9936636686325073,2.071326291605477,1.9920792909048084,2.0414108458551166,137059200
2016-04-12,2.04022216796875,2.0540902347816528,1.960182069181441,1.9974285505581868,182424000
2016-04-13,2.119866132736206,2.1299702840323604,2.0816286142363714,2.089949546640026,162182400
2016-04-14,2.1212527751922607,2.1446305163203423,2.104610908829468,2.1204608128052684,111240000
2016-04-15,2.1050071716308594,2.129375712672513,2.088959562643176,2.1143179998523403,83092800
2016-04-18,2.136110782623291,2.140469181360468,2.0834111826401625,2.0875716475429975,101462400
2016-04-19,2.09926176071167,2.1594894475505026,2.0653835451595572,2.157508521252643,158582400
2016-04-20,2.1044130325317383,2.132743200360886,2.07707253419627,2.0964875143596746,107769600
2016-04-21,2.1050071716308594,2.1269982387346946,2.07647816456222,2.1032241795416926,133473600
2016-04-22,2.009711503982544,2.0515150022120365,1.9609744252123327,2.0241747339708698,201321600
2016-04-25,2.008126974105835,2.0093157109039756,1.9797959049949359,1.9877202879496962,96950400
2016-04-26,1.9805879592895508,2.0320990582677294,1.9617674638734084,2.0198155952678096,109315200
2016-04-27,1.933039903640747,1.9453235951791255,1.8833129228927812,1.920558504933011,183004800
2016-04-28,1.86449134349823,1.9726638021897258,1.8512176428121825,1.9393800733900646,160771200
2016-04-29,1.8347734212875366,1.8734064628004699,1.7890080718908339,1.858151044030401,191260800
2016-05-02,1.8833125829696655,1.8918313344374824,1.8236783752262118,1.8462638078721854,118017600
2016-05-03,1.8331881761550903,1.8686516691050774,1.8163483791300516,1.8438865815301724,145963200
2016-05-04,1.7969324588775635,1.818131448698291,1.7826679564462546,1.7995086600533774,155145600
2016-05-05,1.795942783355713,1.8274435209153859,1.7832625438965386,1.8139712057762962,143976000
2016-05-06,1.8218953609466553,1.8234806457490005,1.7622620571400098,1.7672147117770853,156849600
2016-05-09,1.8379430770874023,1.8629059860803803,1.8211032794512838,1.8236785738577284,118540800
2016-05-10,1.9150114059448242,1.916200142856384,1.8480470646902711,1.8575567332543659,116481600
2016-05-11,1.8627080917358398,1.9225401241226008,1.8599340700063813,1.9056994202403779,127065600
2016-05-12,1.8365565538406372,1.8807366218156834,1.7981213298930763,1.8773692517195348,184742400
2016-05-13,1.8143675327301025,1.8654819714854833,1.8058477605250447,1.8353676817857207,155966400
2016-05-16,1.8843024969100952,1.9043128623485936,1.8197166544408216,1.8216974668143835,117292800
2016-05-17,1.8119900226593018,1.8953974957771729,1.798715529935964,1.882123909967323,187228800
2016-05-18,1.8325940370559692,1.8621139625626728,1.789404882490217,1.801886281413746,237969600
2016-05-19,1.8036690950393677,1.825461432649739,1.7642429582618746,1.81020703438727,254097600
2016-05-20,1.8638968467712402,1.885293544293861,1.8224897824190793,1.8256603521160357,125352000
2016-05-23,1.8547840118408203,1.8896521216557927,1.8510190731100187,1.8686519688393357,86928000
2016-05-24,1.9683053493499756,1.9742488067261679,1.885293406212089,1.8866799635319982,150004800
2016-05-25,2.01070237159729,2.027740781133961,1.9797958951838805,1.9908908474876637,140846400
2016-05-26,2.02754282951355,2.0348738675254636,2.001391288800735,2.017438902441028,95270400
2016-05-27,2.0580527782440186,2.0596371560266156,2.0307125121747185,2.030910219305002,107140800
2016-05-31,2.070335626602173,2.0800441353054997,2.0396279899426406,2.069345730548956,112948800
2016-06-01,2.071129083633423,2.084402671504771,2.0459674451871495,2.051515262583023,100536000
2016-06-02,2.0828170776367188,2.0840058144994202,2.0247691725182095,2.0570620947678004,104659200
2016-06-03,2.054287910461426,2.074694822838451,2.0140706080110435,2.070929771764824,155529600
2016-06-06,2.0762789249420166,2.0927230787318787,2.0548821170684115,2.063599822137077,85996800
2016-06-07,2.061619281768799,2.0861855298414915,2.057656522921954,2.0830160936405506,77107200
2016-06-08,2.070732355117798,2.0838082346780777,2.0485433547528658,2.0729118951062317,82262400
2016-06-09,2.061619281768799,2.0677606737406777,2.034080171011598,2.0459673139101704,99729600
2016-06-10,1.9922775030136108,2.0164483358710106,1.9698898888981649,2.0061453446349193,161760000
2016-06-13,1.9411624670028687,1.9900974687444424,1.933633726146223,1.9587953557929123,119049600
2016-06-14,1.9421542882919312,1.9611736285608663,1.8979731947543248,1.9253135814140767,141729600
2016-06-15,1.9247188568115234,1.9611733812799668,1.914020450918138,1.9548331485329098,106377600
2016-06-16,1.9385876655578613,1.946115500972536,1.857953193709816,1.896388414098077,164361600
2016-06-17,1.8722177743911743,1.9306624562643033,1.8593397156728677,1.9306624562643033,167020800
2016-06-20,1.9058984518051147,1.9639463643799984,1.9031244297979837,1.9393801152181962,139243200
2016-06-21,1.9249175786972046,1.9370024279596216,1.9041150233103261,1.917586543331058,86414400
2016-06-22,1.9124363660812378,1.9623619596802169,1.9068883221422412,1.9304646747779808,103296000
2016-06-23,1.9930698871612549,1.9938629831269492,1.9326442728350208,1.9568142011457454,128558400
2016-06-24,1.7489886283874512,1.869246163180006,1.735516313732399,1.7830646593014245,325502400
2016-06-27,1.6471551656723022,1.711544330037616,1.6206079910912627,1.7091668560637094,235963200
2016-06-28,1.7503750324249268,1.7527523928128383,1.6956943831327052,1.6972795545744184,199468800
2016-06-29,1.8413114547729492,1.8541895146084564,1.7898004624371289,1.7931687395683764,208464000
2016-06-30,1.9082757234573364,1.9104545834351616,1.8345758413894973,1.852406443391174,165811200
2016-07-01,1.9344274997711182,1.9576073052270564,1.902727920951416,1.9049074611314694,131424000
2016-07-05,1.9001524448394775,1.9130305037838493,1.8694437854573869,1.909464293004951,130939200
2016-07-06,1.9449266195297241,1.9490870848507942,1.8557734025439006,1.874198368979001,173476800
2016-07-07,1.963351845741272,1.97722059354523,1.936605833305334,1.9536442437537578,126230400
2016-07-08,2.0540900230407715,2.0588447429693946,1.9871255823541663,1.9924747839790773,150043200
2016-07-11,2.089157819747925,2.113129816537496,2.0754874558547023,2.0774683821381648,142646400
2016-07-12,2.122044563293457,2.138885267302111,2.113723631684512,2.127988247820119,115790400
2016-07-13,2.1071856021881104,2.1404695539325562,2.1057991581930606,2.139280817077929,126412800
2016-07-14,2.1499788761138916,2.1614703750736157,2.1339312712510097,2.1489889802008193,109905600
2016-07-15,2.1378941535949707,2.1676118917245497,2.1248182762648846,2.1638479744066696,85416000
2016-07-18,2.180490493774414,2.1927732790502534,2.141857331846342,2.1436405508479752,83860800
2016-07-19,2.157904863357544,2.177716391729913,2.1464133606792974,2.159489241479152,78667200
2016-07-20,2.231802463531494,2.2450760502140645,2.1846506678218156,2.190989766791103,90724800
2016-07-21,2.2185282707214355,2.250226931104852,2.199508938454391,2.238537498855227,112804800
2016-07-22,2.24428391456604,2.2526050732913463,2.201887065578823,2.22367929173183,86803200
2016-07-25,2.2462644577026367,2.246463298468784,2.2228869506149493,2.239331104648155,76243200
2016-07-26,2.253793478012085,2.277567762657464,2.2189244667379606,2.2440861023507916,136353600
2016-07-27,2.2977755069732666,2.317389323001374,2.2706329493833466,2.309068165859288,130564800
2016-07-28,2.3227391242980957,2.3314566048439347,2.2886629782699313,2.310455432628287,87120000
2016-07-29,2.337994337081909,2.357211381747063,2.3167952328534964,2.339380781171286,102633600
2016-08-01,2.3746449947357178,2.392674432769368,2.335021949077259,2.3437385203197594,105316800
2016-08-02,2.3211536407470703,2.3712780726386433,2.2757848367992715,2.3645415187666328,161107200
2016-08-03,2.343144178390503,2.344332915061821,2.311445516311479,2.3160025291584794,85334400
2016-08-04,2.3641459941864014,2.370881641476655,2.325314221216099,2.3425503408691344,84028800
2016-08-05,2.4324967861175537,2.4477510721305036,2.392278344103684,2.4023822680317624,123480000
2016-08-08,2.4247703552246094,2.438043943377089,2.4005995194058856,2.436657499137672,75902400
2016-08-09,2.4408175945281982,2.4632043010703835,2.4249676938390556,2.428930452421813,79819200
2016-08-10,2.4219963550567627,2.4463648982716326,2.402184826236106,2.442600979869805,87720000
2016-08-11,2.4532995223999023,2.4685540376694024,2.4315061593075047,2.444779748313875,68649600
2016-08-12,2.457855224609375,2.457855224609375,2.4317034652874026,2.438835886954335,68275200
2016-08-15,2.4887616634368896,2.505205819773088,2.4641951894221674,2.4665726632714584,57254400
2016-08-16,2.4495339393615723,2.4764785639735427,2.44616656981119,2.4742990242827383,62596800
2016-08-17,2.4610254764556885,2.4628084682778764,2.4087221912973673,2.449533976262941,89836800
2016-08-18,2.4634029865264893,2.472912655141543,2.440817665270978,2.4532990628166633,56755200
2016-08-19,2.4600348472595215,2.4758847492946447,2.429326299740086,2.44993092298451,73617600
2016-08-22,2.4624125957489014,2.478262272822619,2.435666577438583,2.448345910986397,73243200
2016-08-23,2.4770736694335938,2.5065925752376415,2.475290450460908,2.4923279570982224,62654400
2016-08-24,2.429325819015503,2.4842051898728883,2.406146019227131,2.4735067858585085,71198400
2016-08-25,2.4178354740142822,2.4400244731795016,2.401787866347523,2.4101087977165743,58444800
2016-08-26,2.4295244216918945,2.4756854070165057,2.385343455055469,2.4210048771794406,107313600
2016-08-29,2.43626070022583,2.458053832943294,2.4295248265272957,2.430911497352306,49833600
2016-08-30,2.4142696857452393,2.447751350950143,2.3897034352687374,2.4273455668859842,65750400
2016-08-31,2.4079291820526123,2.4146657353238723,2.3764284495103474,2.403768716499044,71616000
2016-09-01,2.4186277389526367,2.433288676337464,2.373853191287154,2.409514618354369,85953600
2016-09-02,2.4469590187072754,2.476280215784374,2.421204032658576,2.461620184066829,90739200
2016-09-06,2.4923276901245117,2.4943095229751897,2.4447793459670977,2.461620050537492,65985600
2016-09-07,2.49688458442688,2.510951493209083,2.470336505141131,2.5000542471571667,58075200
2016-09-08,2.4540913105010986,2.4778653692432973,2.4350719728159835,2.4764789251412487,70065600
2016-09-09,2.2680587768554688,2.409118788886934,2.2680587768554688,2.3942599131929834,160915200
2016-09-12,2.3843538761138916,2.400004936255808,2.2298214798191403,2.2339821723392665,130651200
2016-09-13,2.32808780670166,2.375041893622719,2.2920300589470632,2.3524565728768048,125308800
2016-09-14,2.358003616333008,2.3972310290496677,2.331654149545276,2.3340316234622596,111528000
2016-09-15,2.467365026473999,2.4790542359370065,2.35958900067935,2.3615699267224546,131860800
2016-09-16,2.4645915031433105,2.4729124340966555,2.4289303057065843,2.4612232265699343,81523200
2016-09-19,2.432297945022583,2.506791144323165,2.419222065372893,2.483412499949492,91670400
2016-09-20,2.445770263671875,2.476478808765141,2.434477376576252,2.456666376104445,75782400
2016-09-21,2.516895055770874,2.5281877165851863,2.434675406838031,2.4764789068071207,138600000
2016-09-22,2.5757358074188232,2.586631918253257,2.5549332549786437,2.564046374103019,78100800
2016-09-23,2.529376268386841,2.568999318549667,2.517687060477739,2.5676128745593623,73065600
2016-09-26,2.4665720462799072,2.4947044973030925,2.4542883588884328,2.4857890859625567,81883200
2016-09-27,2.5365090370178223,2.5410649175342868,2.454289156109654,2.4637988254886762,82900800
2016-09-28,2.5503761768341064,2.554933189736619,2.5117430280948305,2.5456214568192506,75696000
2016-09-29,2.496290922164917,2.551962501607726,2.4628092543875506,2.539481101411725,114830400
2016-09-30,2.547602891921997,2.572962464063081,2.5067913254978635,2.519272724213703,79987200
2016-10-03,2.541857957839966,2.5493860208178023,2.5091684842357296,2.538886228735653,81758400
2016-10-04,2.5273945331573486,2.578509086060658,2.4996586237021634,2.559886297111655,112204800
2016-10-05,2.5537455081939697,2.5785096946169617,2.5468110190547035,2.550377230585569,68856000
2016-10-06,2.5497822761535645,2.56622643147068,2.513526595748075,2.5442351398201684,74529600
2016-10-07,2.533140182495117,2.5674149370596164,2.496686795014184,2.557905268996967,90561600
2016-10-10,2.5785088539123535,2.5987169258750242,2.569198027097074,2.57058447101602,59889600
2016-10-11,2.4719221591949463,2.5763308197804866,2.43784601247061,2.5731602496630965,129643200
2016-10-12,2.4667701721191406,2.4897522663291594,2.4416096717573335,2.474496848143994,82056000
2016-10-13,2.437845468521118,2.4578549266258314,2.3708812468943523,2.4152601494991828,104428800
2016-10-14,2.443392753601074,2.502630303001552,2.4412129869988255,2.4707330214915255,81811200
2016-10-17,2.4265527725219727,2.4554774161019735,2.4168442642201584,2.4427980861215355,55862400
2016-10-18,2.4887616634368896,2.524621705056708,2.4863841895875987,2.5111492776679305,76968000
2016-10-19,2.4897525310516357,2.49965874792339,2.4762801033134574,2.4842056209589995,47054400
2016-10-20,2.4792518615722656,2.4966868200159773,2.437251337347139,2.478261738766423,69950400
2016-10-21,2.5061964988708496,2.5119413424159656,2.4612233387525073,2.4846010746864153,58632000
2016-10-24,2.5975284576416016,2.6026799532326512,2.554933676505043,2.5569146023876628,68649600
2016-10-25,2.571575403213501,2.603670617954909,2.561471480088449,2.5999057933545258,59712000
2016-10-26,2.5222439765930176,2.562857828169621,2.4982710799112744,2.5220451358190954,95308800
2016-10-27,2.486978054046631,2.559291700840662,2.4756853951288575,2.553150310030018,103041600
2016-10-28,2.4439871311187744,2.503026069420189,2.4170434098072087,2.4634030165291763,142958400
2016-10-31,2.430119514465332,2.467761644927406,2.428930777422798,2.467761644927406,56904000
2016-11-01,2.3801932334899902,2.445770104989314,2.314417521215283,2.445770104989314,101923200
2016-11-02,2.318181276321411,2.388315156297064,2.3023325113194453,2.3722675505336506,81763200
2016-11-03,2.2514164447784424,2.330465529285208,2.24289757848472,2.308672168440481,87014400
2016-11-04,2.2258591651916504,2.279747518596649,2.214566276887322,2.2306138865342073,84921600
2016-11-07,2.3853437900543213,2.3928725327307947,2.3245218608352616,2.333634981450156,100963200
2016-11-08,2.4320998191833496,2.464195033938506,2.36156961096054,2.3774192844701543,110587200
2016-11-09,2.4661762714385986,2.477073518515832,2.339182973997255,2.345918848025458,183292800
2016-11-10,2.3488900661468506,2.510158087422198,2.2480474175432708,2.4960923140185316,247968000
2016-11-11,2.346909761428833,2.363947267828826,2.2902473841989246,2.3126350008992786,113563200
2016-11-14,2.2676615715026855,2.3564191587944157,2.241906587427705,2.3512678899053583,177552000
2016-11-15,2.372664213180542,2.3942589557576857,2.3185779363521504,2.3251158753195975,105571200
2016-11-16,2.411297559738159,2.4188263022428633,2.336805497839539,2.336805497839539,86337600
2016-11-17,2.4671666622161865,2.4671666622161865,2.3946555311683566,2.409712108222667,75537600
2016-11-18,2.439429998397827,2.487771435593835,2.4319021628634934,2.4717240546092842,63057600
2016-11-21,2.51273512840271,2.520461806788749,2.4538938843879197,2.4548840074699303,83625600
2016-11-22,2.535320281982422,2.5557260647756777,2.5176873875299792,2.5432446663160078,76680000
2016-11-23,2.504809617996216,2.5194705576074217,2.4725164628725183,2.510951917533929,73824000
2016-11-25,2.528980255126953,2.5327441736141205,2.5063947036481755,2.5166965628314433,38280000
2016-11-28,2.514913558959961,2.5478018763842103,2.50461169982414,2.517489647247066,71467200
2016-11-29,2.5390841960906982,2.573953210238401,2.498668044899861,2.517092901626472,74582400
2016-11-30,2.4568655490875244,2.5503769608628346,2.4433931202640387,2.5442355684335296,151296000
2016-12-01,2.321946382522583,2.444581255017285,2.307482927384501,2.4443833211645205,186384000
2016-12-02,2.3312573432922363,2.360777376640934,2.303521435461364,2.3241251490599013,102984000
2016-12-05,2.385146379470825,2.4146661918425467,2.336211359816288,2.368900835372494,89942400
2016-12-06,2.4023821353912354,2.4160524961237555,2.374249678435467,2.40357087226921,69254400
2016-12-07,2.4915356636047363,2.5034228071013445,2.367513412755156,2.3883157438279174,148867200
2016-12-08,2.506791114807129,2.5269989624228755,2.4834124707087257,2.4978757012003343,113016000
2016-12-09,2.5654332637786865,2.5697925704377695,2.535121265798096,2.535121265798096,102672000
2016-12-12,2.5297720432281494,2.5466127473517655,2.5006485556696507,2.5303662983206814,95150400
2016-12-13,2.628633975982666,2.6692478342960473,2.55374513196644,2.5573113429719174,169195200
2016-12-14,2.6094160079956055,2.662313561855955,2.5870292974110427,2.6337845516861624,142377600
2016-12-15,2.625265121459961,2.6686532226814332,2.6024818677605466,2.61654764236825,106425600
2016-12-16,2.5933682918548584,2.6545867761854245,2.5789059668126604,2.6375492698707212,114753600
2016-12-19,2.6250672340393066,2.672615570853361,2.592575473775083,2.6042649075357684,83572800
2016-12-20,2.656766653060913,2.6696446005120684,2.6409167494980346,2.6456716978940564,62784000
2016-12-21,2.6474545001983643,2.66310646872858,2.630812635463337,2.6577572655311212,48288000
2016-12-22,2.6244735717773438,2.6522094843469057,2.5961422704150174,2.6486432732572665,65520000
2016-12-23,2.6325953006744385,2.63378403754051,2.6052550329399153,2.613774805058239,32251200
2016-12-27,2.671030282974243,2.716795627955105,2.6440865655713535,2.6468596800689825,75643200
2016-12-28,2.609217882156372,2.695795701962817,2.603472131497002,2.6872761562767433,91339200
2016-12-29,2.596538782119751,2.6242746943018123,2.5731601363731382,2.6078314436532293,85728000
2016-12-30,2.5206592082977295,2.612982109513261,2.4962906656309447,2.6113977313914374,105384000
2017-01-03,2.581679582595825,2.6129817018535197,2.543244361976648,2.5678106079833873,97646400
2017-01-04,2.625662088394165,2.6401241852514494,2.590198594557974,2.5935668714668854,66513600
2017-01-05,2.6722192764282227,2.675587553178628,2.621104724481642,2.6234821982299428,61372800
2017-01-06,2.739975929260254,2.7609761934339128,2.6567663813942053,2.677172163714941,95798400
2017-01-09,2.7677130699157715,2.7815809127040696,2.7411647609872967,2.7467118981026157,66172800
2017-01-10,2.783561944961548,2.809713480181962,2.7520612063178205,2.7665244384450016,66336000
2017-01-11,2.8049588203430176,2.806940653435524,2.74473113712289,2.7855438392717,94104000
2017-01-12,2.790693998336792,2.799014930631401,2.715409739898216,2.7772227036987407,80517600
2017-01-13,2.822789192199707,2.836261620360248,2.799014905801666,2.7998080017392226,58612800
2017-01-17,2.7962417602539062,2.813279264183345,2.7720709281106406,2.797430497137292,55531200
2017-01-18,2.815261125564575,2.8208080353772456,2.7867321202582813,2.809317441087193,49329600
2017-01-19,2.8077330589294434,2.854489223403735,2.791883154264524,2.82318618883413,59731200
2017-01-20,2.8259594440460205,2.8667712313472538,2.805354822976586,2.844978780332367,56846400
2017-01-23,2.832298517227173,2.844978754822825,2.780391777465101,2.8172419395768062,55250400
2017-01-24,2.891338586807251,2.9036213705397116,2.835864951930351,2.847751867896044,51691200
2017-01-25,2.9757370948791504,2.9800952679663504,2.9373016449733997,2.9436418776344375,56148000
2017-01-26,2.9880199432373047,3.005850545646878,2.972171173866426,2.9892086802950644,50856000
2017-01-27,3.002283811569214,3.01219002681989,2.9749435462524967,3.0034725483301608,33249600
2017-01-30,2.9341323375701904,2.97217101446479,2.8838099694947283,2.970585729501584,75043200
2017-01-31,2.9178857803344727,2.9178857803344727,2.8643939779380565,2.904017938341429,59616000
2017-02-01,2.9733598232269287,2.9923791621332994,2.9353211454141874,2.9749442013147824,72511200
2017-02-02,2.9658310413360596,2.9935678602915914,2.9337358223250884,2.9583020713188417,57895200
2017-02-03,2.9915857315063477,3.001491947830094,2.9686045430376367,2.9777176634925637,48192000
2017-02-06,3.002680778503418,3.004266063377056,2.9690002767901884,2.9769257942448344,41707200
2017-02-07,3.0335869789123535,3.054587240257064,3.0137754543849598,3.018530174925861,46634400
2017-02-08,3.050626277923584,3.0625134228329336,3.0062475884801168,3.0228894553161476,36967200
2017-02-09,3.082324504852295,3.1037213172315625,3.0541920452242324,3.0589467664594037,51525600
2017-02-10,3.1128344535827637,3.126306655059387,3.0878714301095607,3.103721332307917,47872800
2017-02-13,3.167515516281128,3.179007020353859,3.1374021255379367,3.142157074307042,42988800
2017-02-14,3.197232961654663,3.1984216987338194,3.1397793011417074,3.169497047935369,62664000
2017-02-15,3.252310037612915,3.2586500438021613,3.1857421265456063,3.1932710964532096,73564800
2017-02-16,3.2495367527008057,3.279651052062734,3.226159009023909,3.2602351613085707,63950400
2017-02-17,3.290348768234253,3.292726242253085,3.2340827144593667,3.236064547417464,51607200
2017-02-21,3.3426513671875,3.347406087507002,3.3058012077516774,3.3133301762152554,66729600
2017-02-22,3.343048572540283,3.351369504782114,3.314914979155335,3.332350166306958,43056000
2017-02-23,3.306990385055542,3.3581049389874678,3.265782047702428,3.3577083910428476,62676000
2017-02-24,3.3248212337493896,3.3248212337493896,3.2570648113286933,3.2594422853469216,50731200
2017-02-27,3.3347272872924805,3.3367082132391808,3.289159868851824,3.307387017610799,52437600
2017-02-28,3.3085761070251465,3.338293853774134,3.27846181227915,3.3351232836253772,41904000
2017-03-01,3.4155592918395996,3.4314082851464303,3.3505759932880257,3.366425666779969,63254400
2017-03-02,3.361670970916748,3.413974032258232,3.350576018007835,3.413974032258232,42919200
2017-03-03,3.3791050910949707,3.383859811891607,3.3279905388429643,3.3537466557557036,34646400
2017-03-06,3.355727434158325,3.3743502233101164,3.316896571004439,3.342651781612299,38774400
2017-03-07,3.3390860557556152,3.3838603832295573,3.3232361524199816,3.3343311074277664,35428800
2017-03-08,3.356123447418213,3.388614299636517,3.335915376635569,3.34740596922905,38652000
2017-03-09,3.3664259910583496,3.3787096819169746,3.311348903180097,3.355331037162547,44172000
2017-03-10,3.403275728225708,3.4218985171112064,3.3644448656270765,3.4096159606227285,51456000
2017-03-13,3.4230875968933105,3.4262581668661745,3.396936062827232,3.400106632800096,33883200
2017-03-14,3.397728681564331,3.4048608759027403,3.3569159878467465,3.399709607333943,53020800
2017-03-15,3.4571645259857178,3.483711700168755,3.3858418949365876,3.4211067758644473,63813600
2017-03-16,3.4551825523376465,3.4809386701051723,3.4302197571880013,3.4809386701051723,38875200
2017-03-17,3.4468612670898438,3.4769755547783494,3.444880341396358,3.463107487825419,35320800
2017-03-20,3.4571645259857178,3.4817310009197886,3.4314086338973344,3.4468617610392553,36696000
2017-03-21,3.303028106689453,3.5066941630593838,3.2951037217678074,3.495599207946777,93568800
2017-03-22,3.368011236190796,3.3771243570985203,3.28955641139854,3.305009538275879,71373600
2017-03-23,3.341066837310791,3.382276085397279,3.3252178415748057,3.3557277762014825,59064000
2017-03-24,3.3592939376831055,3.4119937805866454,3.3236325074796556,3.372766366072732,51686400
2017-03-27,3.377124309539795,3.3945583621150615,3.266177720923996,3.290745102005037,75259200
2017-03-28,3.4405221939086914,3.4698433860027436,3.3557271465000875,3.376727407670393,84000000
2017-03-29,3.486088514328003,3.490843461304605,3.43576706374299,3.4436914463378407,48170400
2017-03-30,3.5035245418548584,3.51501513819407,3.4734102463463663,3.4849008426855774,52927200
2017-03-31,3.4952034950256348,3.5233359564965543,3.47657979646275,3.488071299341474,54146400
2017-04-03,3.4876742362976074,3.5296756685821244,3.4322015106224466,3.505504836239045,64521600
2017-04-04,3.5035245418548584,3.5062976571631634,3.4547874540907664,3.4571649283057027,32424000
2017-04-05,3.463503360748291,3.5811855909677797,3.4428998729837708,3.520561597268836,73360800
2017-04-06,3.4662773609161377,3.4952029135632747,3.4413145668101808,3.4753904812276257,61651200
2017-04-07,3.462315082550049,3.49361811328049,3.4246729522991504,3.463900367569078,41575200
2017-04-10,3.4662773609161377,3.5078822444877744,3.4365596193261654,3.474201744356622,48376800
2017-04-11,3.422691583633423,3.4702399221279476,3.3454252785104126,3.452804737797354,85346400
2017-04-12,3.37752103805542,3.425861573262866,3.3672182728796463,3.4187293780177277,68095200
2017-04-13,3.337501049041748,3.42229612310467,3.335520122711144,3.3640491348724715,61370400
2017-04-17,3.416748285293579,3.4211066850935627,3.3616711985843315,3.365633730619098,36333600
2017-04-18,3.4068422317504883,3.4345790504088303,3.378709772036367,3.385048871336392,50755200
2017-04-19,3.418729305267334,3.4797500783432134,3.4044646883522094,3.4460695753988957,57568800
2017-04-20,3.501542329788208,3.5265053528866415,3.444484315175211,3.4603342171356126,82492800
2017-04-21,3.499958038330078,3.5173920908933027,3.4757872052142607,3.5130336911166897,54026400
2017-04-24,3.6271495819091797,3.6374514385893337,3.600204729661389,3.6156580815025303,60072000
2017-04-25,3.707585573196411,3.725812721071846,3.6548857356059226,3.6632066671293138,64113600
2017-04-26,3.6913399696350098,3.7376998007776163,3.68341467926616,3.711151495094317,87660000
2017-04-27,3.7559268474578857,3.756323395471897,3.709963554380454,3.719076676664714,57676800
2017-04-28,3.7773232460021973,3.8058520270243528,3.7583039075018267,3.8014938537337666,68500800
2017-05-01,3.872419834136963,3.8918359468127477,3.80743720937627,3.8121921572374093,64634400
2017-05-02,3.895401954650879,3.900949091551392,3.861721451643799,3.891439195771325,60412800
2017-05-03,3.856966495513916,3.8720244350759048,3.8256643734323035,3.8716276603863293,73586400
2017-05-04,3.860929250717163,3.876778925816094,3.821305289698229,3.8589485514686825,72607200
2017-05-05,3.9029314517974854,3.9029314517974854,3.8470619369371226,3.8886670588281778,54506400
2017-05-08,3.9263086318969727,3.9278939170022493,3.8851002882965324,3.9088745768504682,61267200
2017-05-09,3.9694983959198,3.9952533797929832,3.9362142159230475,3.9449310153137587,75717600
2017-05-10,3.9758377075195312,3.9794041453693056,3.9338371769461493,3.9738570081517226,56193600
2017-05-11,3.9663286209106445,3.968310227370072,3.88827010431286,3.9437428418417273,62433600
2017-05-12,3.992083787918091,3.9944612617784303,3.9611775346472236,3.971479165614073,58538400
2017-05-15,4.0293288230896,4.03606537599873,3.9857430174169637,3.9960451004502517,69340800
2017-05-16,4.080048084259033,4.080443498524044,4.02536709804934,4.05785817937566,77066400
2017-05-17,3.7713797092437744,4.005160051094892,3.766229346723745,3.984158652102759,140236800
2017-05-18,3.8668723106384277,3.9041187938841935,3.7495868582308116,3.765832172704097,120384000
2017-05-19,3.9136288166046143,3.963950273164408,3.901345126547139,3.90451478927008,72844800
2017-05-22,4.0150651931762695,4.019820141152761,3.9366103653913513,3.9409694455837996,65354400
2017-05-23,4.0249714851379395,4.049537961044829,3.9948569652130193,4.047953582965631,68858400
2017-05-24,4.080443382263184,4.085198329355804,4.026951361112985,4.05865115954936,64941600
2017-05-25,4.18782377243042,4.214371849319549,4.099462743313271,4.125218631319721,87504000
2017-05-26,4.205654144287109,4.2100123163140735,4.168803988239742,4.184653659122947,54856800
2017-05-30,4.214372158050537,4.229825510603782,4.190993741892929,4.195352821622215,55192800
2017-05-31,4.209221363067627,4.26192120546741,4.145030925352054,4.252807177241204,96902400
2017-06-01,4.2595438957214355,4.263109880135324,4.182277574737193,4.234184323195151,74092800
2017-06-02,4.404961585998535,4.408132155729399,4.282920951852899,4.301543967910799,83244000
2017-06-05,4.401395797729492,4.424377894732756,4.382772780843279,4.401395797729492,51477600
2017-06-06,4.35146951675415,4.428340414465112,4.329280516873955,4.385546792641521,77733600
2017-06-07,4.39901876449585,4.410113492875015,4.325318878578593,4.382376898655518,81410400
2017-06-08,4.410905838012695,4.433095749012888,4.341565030196093,4.426359194035492,92563200
2017-06-09,4.091935157775879,4.44300000825353,3.9092696312328132,4.426754920416245,233138400
2017-06-12,4.017838478088379,4.036065625197582,3.860532521257574,3.9782145212594306,166449600
2017-06-13,4.111746788024902,4.127992329734275,4.019423899593461,4.080443761304604,126492000
2017-06-14,4.056668758392334,4.16008635492968,3.9595913930819857,4.16008635492968,139012800
2017-06-15,4.001988410949707,4.015460609360963,3.858550989157434,3.9326476269626456,141158400
2017-06-16,3.9540457725524902,3.9968394022625064,3.9057040983006392,3.9940651532631644,93856800
2017-06-19,4.145425796508789,4.158897084941734,4.045969615658194,4.064196756827262,110944800
2017-06-20,4.051519393920898,4.150182521488467,4.045971350140269,4.135521356673159,85939200
2017-06-21,4.1692023277282715,4.173163726658478,4.06816171488196,4.076482647845477,83589600
2017-06-22,4.16444730758667,4.210410145275196,4.132747501011243,4.1878248209714455,68445600
2017-06-23,4.211202144622803,4.227844462970146,4.11610544992203,4.149785954410979,68786400
2017-06-26,4.155333518981934,4.305903867900485,4.1260120917819,4.280544293248264,105681600
2017-06-27,3.9267046451568604,4.120464447130476,3.9267046451568604,4.106991793632452,144088800
2017-06-28,4.09153938293457,4.104218943495787,3.900553785391777,3.9679138941911343,120861600
2017-06-29,3.8831186294555664,4.0439910562050025,3.7642476417486237,4.041216807308247,231564000
2017-06-30,3.8696463108062744,3.9469121603134627,3.847060538901008,3.9167981000775822,98616000
2017-07-03,3.7642476558685303,3.9508750709919336,3.7547379858854404,3.9385922857437654,81684000
2017-07-05,3.8716275691986084,3.9025342762330695,3.758303732500214,3.7931727448556516,114033600
2017-07-06,3.7693984508514404,3.831211411322203,3.725812865692001,3.7820777825038867,106324800
2017-07-07,3.8823249340057373,3.9187783145674278,3.8038701306983502,3.8066439250620254,89623200
2017-07-10,3.963554859161377,3.992084094217632,3.8656843694425236,3.896987399791461,92114400
2017-07-11,3.996046304702759,4.0111037928094655,3.9017426977763185,3.9461202522412604,108571200
2017-07-12,4.138295650482178,4.150974757212258,4.074105206989574,4.096294210588265,105307200
2017-07-13,4.165635108947754,4.194956529462295,4.129180813720186,4.154540382590245,91476000
2017-07-14,4.263505935668945,4.278563423418376,4.18148466288339,4.214768848220258,84636000
2017-07-17,4.265882968902588,4.314224183534999,4.244882478010366,4.277374470893232,100663200
2017-07-18,4.350677490234375,4.355036116821996,4.219919599519306,4.257166086127776,84182400
2017-07-19,4.430320739746094,4.447754790517597,4.385149647915696,4.388319310435342,104234400
2017-07-20,4.446963787078857,4.4719265865383235,4.385943006013254,4.46281346427244,108460800
2017-07-21,4.440227508544922,4.440622922859865,4.37167799317304,4.391885841259198,86916000
2017-07-24,4.498077869415283,4.509568464705744,4.422396836550752,4.439038701079556,88732800
2017-07-25,4.467963695526123,4.497681442613898,4.429529601170874,4.456473552803693,94180800
2017-07-26,4.507984161376953,4.516305093779288,4.477473320140379,4.496492658982404,60607200
2017-07-27,4.427548408508301,4.610214460815344,4.265884213591721,4.598722955471738,188956800
2017-07-28,4.41328239440918,4.433490694767898,4.321751694628908,4.3494887375177695,70022400
2017-07-31,4.35582971572876,4.466379771181159,4.326507382997955,4.449341130633714,88716000
2017-08-01,4.384357929229736,4.402980945535941,4.344733969287474,4.399414507997937,61156800
2017-08-02,4.416452884674072,4.471529287886347,4.296788822950389,4.467171115076813,110366400
2017-08-03,4.37048864364624,4.434679073294355,4.343148376230949,4.433094695433757,72640800
2017-08-04,4.387528896331787,4.4208126335352915,4.337206515730166,4.396246605429027,71488800
2017-08-07,4.4651899337768555,4.472322354927573,4.394262950378782,4.413282286657283,54837600
2017-08-08,4.448548316955566,4.5567208830381905,4.410509642297288,4.445377747215554,103886400
2017-08-09,4.431114196777344,4.436662241416321,4.308676764417256,4.339583476840912,99081600
2017-08-10,4.1434454917907715,4.36454557813324,4.1331438605744,4.356621420834793,163382400
2017-08-11,4.2381463050842285,4.266278760891102,4.134331920293358,4.163653339658027,105271200
2017-08-14,4.402981758117676,4.422001099155592,4.335621648623832,4.3368106125081844,95488800
2017-08-15,4.410905838012695,4.4366621871454415,4.374849216511105,4.427547704441776,72297600
2017-08-16,4.433887481689453,4.495304124713604,4.389905345875029,4.4418120928004905,99052800
2017-08-17,4.161276340484619,4.401395765927659,4.160484151479161,4.379998954014938,158582400
2017-08-18,4.146615505218506,4.236164592341564,4.101048092576738,4.167615992976027,129852000
2017-08-21,4.1390862464904785,4.177917101206792,4.0574617792499295,4.153747407429461,86481600
2017-08-22,4.323337554931641,4.3360171144479995,4.198126791343394,4.200108397633591,94264800
2017-08-23,4.274997711181641,4.304715460383901,4.2468643402708945,4.252411931575528,84076800
2017-08-24,4.239335060119629,4.322940234512788,4.164446230647826,4.306298373176101,97180800
2017-08-25,4.2108073234558105,4.31858359263231,4.194957645377889,4.282525609014304,92620800
2017-08-28,4.247655391693115,4.2785616364655175,4.208427763969316,4.247655391693115,66242400
2017-08-29,4.2999587059021,4.318978039266049,4.127199421087054,4.137105635632242,85123200
2017-08-30,4.448944091796875,4.469548715665796,4.299959950830268,4.307487787288992,106248000
2017-08-31,4.575343608856201,4.591588696632121,4.477869001090005,4.4850014221821874,106176000
2017-09-01,4.5721755027771,4.62764824525999,4.536909706502694,4.610214187971771,71001600
2017-09-05,4.449737548828125,4.559891285406675,4.345526817648877,4.528588252541985,129235200
2017-09-06,4.48817253112793,4.518286603056906,4.392283630687556,4.485795056664391,85557600
2017-09-07,4.515909671783447,4.552759393058302,4.469549599008573,4.514324386471662,73970400
2017-09-08,4.404566287994385,4.506795398589085,4.388319838435351,4.498869880966198,82646400
2017-09-11,4.544835567474365,4.57376022468469,4.502437344495305,4.504022629923484,85279200
2017-09-12,4.583269119262695,4.6030815570789185,4.519871766917908,4.588420389371463,73418400
2017-09-13,4.6022868156433105,4.603475779146519,4.5384931647959155,4.5567203108580685,51604800
2017-09-14,4.524625778198242,4.588816213318261,4.5131342764335125,4.551569726716846,73576800
2017-09-15,4.561079025268555,4.61655175201147,4.496492270954944,4.519870688062002,79264800
2017-09-18,4.549984931945801,4.624873780986411,4.507191303922595,4.58089118915321,91509600
2017-09-19,4.569400310516357,4.590797123204893,4.524625985825432,4.571381463287014,56942400
2017-09-20,4.5313615798950195,4.580495437708674,4.424377971166982,4.567022782804365,107306400
2017-09-21,4.444189071655273,4.5194742291923005,4.398225788184302,4.517888944381282,84890400
2017-09-22,4.4330949783325195,4.450925805524899,4.388716070960977,4.400206665565904,62167200
2017-09-25,4.294015884399414,4.385546581457416,4.225862696276855,4.378809574624699,135520800
2017-09-26,4.323337554931641,4.379999251497216,4.278166907565123,4.356224964039838,95090400
2017-09-27,4.4406232833862305,4.487776444271491,4.358602467240162,4.392282972546192,111348000
2017-09-28,4.4330949783325195,4.445774536593882,4.376036966156387,4.408527597333874,64536000
2017-09-29,4.527002811431885,4.536512706134362,4.424377389475213,4.460038587696028,88248000
2017-10-02,4.539682865142822,4.595156053296343,4.479058860828335,4.550381272193242,92205600
2017-10-03,4.568212032318115,4.5836653874797655,4.527003689829481,4.556721436355903,62738400
2017-10-04,4.580098628997803,4.608627863187491,4.529380846967857,4.541663631144859,90153600
2017-10-05,4.712044715881348,4.719573457798961,4.61417424514942,4.633589901517934,94291200
2017-10-06,4.729083061218262,4.731063760048184,4.6656848276765395,4.667665526506461,85960800
2017-10-09,4.717195987701416,4.765139966713469,4.698176652491896,4.750875578670509,68851200
2017-10-10,4.727101802825928,4.7774241677269815,4.664100333216621,4.76197126796489,71757600
2017-10-11,4.768311023712158,4.77068849753856,4.70134679572932,4.721158321854732,59788800
2017-10-12,4.742555141448975,4.797632453856596,4.72551786378965,4.748103184996346,66180000
2017-10-13,4.795650005340576,4.811895543094337,4.780592523995983,4.79723438285723,48873600
2017-10-16,4.845180988311768,4.8475584623477,4.799613567293884,4.831708786593755,57079200
2017-10-17,4.86221981048584,4.863804188626911,4.816652387755986,4.839237711760662,60189600
2017-10-18,4.843594551086426,4.87648285851697,4.823386706773405,4.875689762751251,57900000
2017-10-19,4.790103912353516,4.790500233584744,4.688271121853558,4.760386168406393,80680800
2017-10-20,4.824973106384277,4.859049024782786,4.810708715722482,4.8475584293868526,66554400
2017-10-23,4.735026836395264,4.856670683267058,4.712441517426866,4.855482173197868,61456800
2017-10-24,4.759197235107422,4.78534899505408,4.703724505714398,4.757612857085962,58872000
2017-10-25,4.701346397399902,4.773857755862856,4.59515499392058,4.727101379180804,89191200
2017-10-26,4.657761096954346,4.725913383306325,4.651024543070018,4.694611261965781,72768000
2017-10-27,5.05914831161499,5.0872807674053835,4.866973801113493,4.879256583673041,147818400
2017-10-30,5.0952067375183105,5.154245907905908,5.03537492461825,5.046469652508644,96556800
2017-10-31,5.149094581604004,5.1728684152334425,5.099961629337717,5.1407731956855285,60196800
2017-11-01,5.14235782623291,5.220812646212938,5.085696591219851,5.213680678414505,83064000
2017-11-02,5.116207122802734,5.13403749784984,5.01041202243677,5.12690552921372,91780800
2017-11-03,5.258852481842041,5.26479594029435,5.118187911063172,5.1704909802830334,86700000
2017-11-06,5.312344074249268,5.320665006794037,5.24339913981306,5.249739372992404,76096800
2017-11-07,5.321060657501221,5.344834939802902,5.268360824574087,5.300456037662848,93321600
2017-11-08,5.387630462646484,5.390799672773897,5.296099738161082,5.315911269205106,68863200
2017-11-09,5.301248550415039,5.309569481710463,5.13720649131415,5.256474231280969,163195200
2017-11-10,5.2996649742126465,5.311947758958875,5.235870402203079,5.265588148026863,66436800
2017-11-13,5.315513610839844,5.33889248326479,5.239436255980598,5.24379533623393,75144000
2017-11-14,5.262021541595459,5.279456955571242,5.184359809216356,5.262021541595459,91000800
2017-11-15,5.184755325317383,5.228342043473121,5.101941875846112,5.194661541907204,80668800
2017-11-16,5.37891149520874,5.416950170058537,5.263606507000861,5.266380755537339,80853600
2017-11-17,5.3186845779418945,5.395157806300751,5.304420186204905,5.3844593991337995,69352800
2017-11-20,5.305607795715332,5.345230847447634,5.2842109850144805,5.327004606416184,50059200
2017-11-21,5.472820281982422,5.483915010080787,5.3741571463449365,5.379704283665707,70742400
2017-11-22,5.494613170623779,5.512047224331945,5.461329441277423,5.49223569660521,60117600
2017-11-24,5.55642557144165,5.5607837443342705,5.505311018866277,5.515613102931144,39952800
2017-11-27,5.547311305999756,5.587727451569957,5.510857918859898,5.549292911943296,66837600
2017-11-28,5.588125228881836,5.6008047894840365,5.496198187787453,5.58495601891657,70305600
2017-11-29,5.300853252410889,5.574256864783356,5.220813140054144,5.574256864783356,208288800
2017-11-30,5.432404518127441,5.46172549188747,5.327401595115951,5.367421883391188,118780800
2017-12-01,5.35989236831665,5.437555005944764,5.122942603452039,5.327400828893248,170294400
2017-12-04,5.1748504638671875,5.477178280602655,5.158604013316882,5.4648954960191976,165444000
2017-12-05,5.182377338409424,5.360683777892321,5.1094705662026465,5.165735476610762,115480800
2017-12-06,5.250927925109863,5.275890722942921,5.105905179391839,5.124924518710857,94759200
2017-12-07,5.3028340339660645,5.349193639623048,5.233888653840565,5.2540969544988805,76156800
2017-12-08,5.372968673706055,5.459347664603382,5.349194385744713,5.420516796171912,88401600
2017-12-11,5.4961981773376465,5.502934732374774,5.378912468718711,5.38128994300921,71568000
2017-12-12,5.475593090057373,5.524330167192757,5.441120401643952,5.48827219401054,73377600
2017-12-13,5.502933979034424,5.558406708876838,5.483121544840259,5.5378020856655255,83342400
2017-12-14,5.495009899139404,5.574653250681006,5.474009404385511,5.535030189021066,71246400
2017-12-15,5.673710823059082,5.698277294463282,5.529084882492651,5.559198036527834,111669600
2017-12-18,5.819526195526123,5.836168058585355,5.761279221362053,5.785449826992741,81081600
2017-12-19,5.724825382232666,5.8068461809121645,5.671333359851809,5.7882236201938415,98868000
2017-12-20,5.701051712036133,5.7818840093257835,5.630125631390839,5.779506535469409,71150400
2017-12-21,5.698278427124023,5.773563594460213,5.6788632202294815,5.721260525307627,66518400
2017-12-22,5.679258346557617,5.685598578885671,5.631314364005404,5.674107984750864,42492000
2017-12-26,5.5873332023620605,5.607541052632521,5.523142760108542,5.588521712719275,48866400
2017-12-27,5.5873332023620605,5.632107529974152,5.571086750977758,5.587728616719745,45196800
2017-12-28,5.602389812469482,5.642013777589667,5.586144267913444,5.636862054491885,46730400
2017-12-29,5.496593952178955,5.623389081437239,5.492631193444434,5.623389081437239,68558400
2018-01-02,5.778714179992676,5.7906015489320515,5.542953395266708,5.582972768082868,91735200
2018-01-03,5.947906970977783,5.969700557614974,5.801300310648542,5.802092499655328,85224000
2018-01-04,5.982776165008545,6.039041987482908,5.961775675248283,6.017645176508913,70024800
2018-01-05,6.163460731506348,6.17653661313211,6.035080296408629,6.066383329436429,82380000
2018-01-08,6.232008457183838,6.244688922623753,6.156724201936692,6.162667659972773,72252000
2018-01-09,6.2367634773254395,6.291048603104271,6.181290748221894,6.2700472054789245,104169600
2018-01-10,6.192385196685791,6.194762670512135,6.070740431069024,6.149987442482228,95853600
2018-01-11,6.316408157348633,6.316408157348633,6.194763822566164,6.2236884747050185,74839200
2018-01-12,6.450335502624512,6.4749019766458265,6.277179406994877,6.295010234140959,89560800
2018-01-16,6.400410175323486,6.683323246747133,6.342955835644737,6.580697805775609,165021600
2018-01-17,6.6020941734313965,6.634981580660027,6.398032722514793,6.4856006703505376,82624800
2018-01-18,6.608434200286865,6.652416789926197,6.5264133863048395,6.573168864325354,94394400
2018-01-19,6.671831130981445,6.7003603642969605,6.571584080250129,6.665095483970897,84948000
2018-01-22,6.880252361297607,6.880252361297607,6.638943966635837,6.655982605766718,103862400
2018-01-23,7.054595470428467,7.071634108111062,6.935724502054117,6.946422907346078,129343200
2018-01-24,6.911555290222168,7.1425602361881975,6.793476502486996,7.093030964848045,209073600
2018-01-25,6.90283727645874,7.060935886161006,6.837854654063392,7.055784163799374,133300800
2018-01-26,7.2111101150512695,7.2111101150512695,6.97693414870785,7.013387539592757,106437600
2018-01-29,7.1156182289123535,7.217055173672084,7.069258610837656,7.168318081150365,132348000
2018-01-30,6.933743953704834,7.027255354920269,6.826363123787022,6.917498411538767,132506400
2018-01-31,7.0193305015563965,7.09501152658325,6.894516077059599,7.054991700918802,110997600
2018-02-01,6.843798637390137,7.060935960433305,6.770890496805423,6.864006485091804,127968000
2018-02-02,6.425769329071045,6.808534075151225,6.4154676962136605,6.767325729894263,190185600
2018-02-05,5.684013366699219,6.56326284885794,5.650729187107063,6.250632074156831,230628000
2018-02-06,6.122252464294434,6.141667217984193,5.350382802186022,5.421308890102002,239383200
2018-02-07,5.880150318145752,6.260142102532929,5.880150318145752,6.064797007563977,176112000
2018-02-08,5.15147066116333,5.949095149133935,5.151075246897329,5.940774218192285,216405600
2018-02-09,5.393968105316162,5.513632174178798,4.8023874890575575,5.357118393910201,320344800
2018-02-12,5.695899486541748,5.800506051370869,5.437553870415697,5.578217044426901,175056000
2018-02-13,5.765242099761963,5.808827910896146,5.561972847960805,5.59604876374541,108055200
2018-02-14,6.102835655212402,6.126609940048961,5.672919189366437,5.678862647211384,168115200
2018-02-15,6.421807289123535,6.430128222190564,6.06955294442986,6.260538537147669,190375200
2018-02-16,6.350087642669678,6.5565270296801454,6.314030117498375,6.3750508935242785,170553600
2018-02-20,6.381786823272705,6.5474141977839615,6.271236768813226,6.277180227486533,145869600
2018-02-21,6.324331760406494,6.665094982360172,6.319972680708139,6.473316334642829,177477600
2018-02-22,6.3255205154418945,6.512147888372688,6.277178853725346,6.416258114218756,166603200
2018-02-23,6.702341556549072,6.706699729392808,6.400805059783146,6.468957795785858,142768800
2018-02-26,6.971386432647705,6.9745570026321335,6.7930799613952795,6.807741126832427,133951200
2018-02-27,6.721756935119629,7.020915965891006,6.713040135749405,6.983669480770533,173308800
2018-02-28,6.586639404296875,6.900458643695235,6.579903758569593,6.833891201069337,153014400
2018-03-01,6.269652366638184,6.689266805071008,6.08936428004047,6.60130252874653,251916000
2018-03-02,6.442015171051025,6.472128331099727,5.974455397539156,6.049741018401789,193399200
2018-03-05,6.644095420837402,6.701153433786708,6.274802034464928,6.3512761597449625,148881600
2018-03-06,6.7280964851379395,6.802985320584769,6.609225519298352,6.743153516466917,142060800
2018-03-07,6.778419017791748,6.795456748624834,6.546620991356359,6.581093227687289,133764000
2018-03-08,6.87946081161499,6.903235100211487,6.780004576638526,6.8541012379103785,115168800
2018-03-09,7.280055046081543,7.280055046081543,7.004669834055324,7.0355765415604585,147348000
2018-03-12,7.389019012451172,7.455983235896926,7.304223963243889,7.350188151802246,132679200
2018-03-13,7.120767116546631,7.455983192647746,7.047462661447411,7.350188109166741,182292000
2018-03-14,7.096597194671631,7.232506352864607,7.005462812064815,7.210713220177365,133622400
2018-03-15,7.06489896774292,7.203978255432458,6.999123695686246,7.117994680209316,110896800
2018-03-16,7.018142223358154,7.159202194120902,7.0054626652343845,7.105314298823264,78268800
2018-03-19,6.577528476715088,6.8346852137296334,6.382183349118809,6.8346852137296334,194232000
2018-03-20,6.625868320465088,6.672624249210266,6.505016193244999,6.57911193826313,92193600
2018-03-21,6.5299787521362305,6.759795628709544,6.448353360222218,6.577527321610304,132496800
2018-03-22,6.052909851074219,6.403182998044661,6.030721303674374,6.276387411844533,205879200
2018-03-23,5.563954830169678,6.082232456360136,5.563954830169678,6.030722476317755,217598400
2018-03-26,6.190008640289307,6.214574662451495,5.6416165776027904,5.903925012194912,183504000
2018-03-27,5.5964460372924805,6.335426914022999,5.435177750843829,6.335426914022999,273614400
2018-03-28,5.403478622436523,5.659050971632712,5.269947376560041,5.498575321055031,242289600
2018-03-29,5.702636241912842,5.852413900837277,5.330570021600077,5.485498041860694,197073600
2018-04-02,5.1962456703186035,5.646369885992804,5.023089613709665,5.567915080452013,244953600
2018-04-03,5.370591640472412,5.436367372396724,5.0872822214665545,5.339288606249301,221805600
2018-04-04,5.62457799911499,5.673315079163723,5.040129359746078,5.057167544375178,216729600
2018-04-05,5.712939739227295,5.814772084819056,5.593276564387689,5.7921867607677004,183355200
2018-04-06,5.286588668823242,5.69867431814746,5.207340748383417,5.535029022091031,232291200
2018-04-09,5.392383575439453,5.716108172191895,5.370986764632453,5.426063169578993,175891200
2018-04-10,5.748600006103516,5.806846525687995,5.533047072533412,5.644390203388466,194875200
2018-04-11,5.651918411254883,5.8393389003797305,5.634880679650929,5.650334033264724,143440800
2018-04-12,5.850037097930908,5.913830755874302,5.74503419617995,5.765242043415149,142766400
2018-04-13,5.763260841369629,5.968907547053632,5.692333861259295,5.943944754368362,142485600
2018-04-16,5.890452861785889,5.959001462888059,5.776336393430796,5.880942967149325,118298400
2018-04-17,6.267274379730225,6.312840892323063,6.036664847375779,6.067174780668483,124147200
2018-04-18,6.310859680175781,6.377427585193447,6.185253066092203,6.276386990785022,118089600
2018-04-19,6.139289379119873,6.2597456412645895,6.072326054320533,6.219726265570719,129019200
2018-04-20,5.844885349273682,6.102043399773635,5.781091691617997,6.092137183349858,140812800
2018-04-23,5.798921585083008,5.99585056983818,5.705805614352978,5.9261134656264245,123333600
2018-04-24,5.429233551025391,5.907490301002445,5.315909721919505,5.875395085904728,213019200
2018-04-25,5.4506306648254395,5.515613287579065,5.2255678254029565,5.455385612539716,210816000
2018-04-26,5.7886199951171875,5.8444895003709725,5.603577879273149,5.657862099558693,141993600
2018-04-27,5.802091598510742,6.048550765416347,5.702636297248018,6.041814212435825,164858400
2018-04-30,5.678466320037842,5.947511288746452,5.6317099393857255,5.840923101579763,161124000
2018-05-01,5.863113880157471,5.870641717057598,5.592087718540687,5.62893788815028,116978400
2018-05-02,5.7608842849731445,5.953455143208525,5.74543093079757,5.90194426492781,143652000
2018-05-03,5.76127815246582,5.824279609060399,5.485894367209075,5.684012309246495,196072800
2018-05-04,6.085402488708496,6.127799342223294,5.67331588295556,5.688373370552085,185932800
2018-05-07,6.23002815246582,6.297388254720414,6.156724591798787,6.175743930792678,139063200
2018-05-08,6.209423542022705,6.258160626642027,6.082627948453218,6.196744436122567,126715200
2018-05-09,6.417447566986084,6.432900921190164,6.185253653424599,6.2526133003318884,114996000
2018-05-10,6.617151260375977,6.630623462672015,6.464204354127799,6.478468745498599,119006400
2018-05-11,6.597339153289795,6.6417180620316625,6.510166620730258,6.583471084400551,119697600
2018-05-14,6.626659870147705,6.755437511383823,6.597338902018544,6.638943560558476,109183200
2018-05-15,6.412296772003174,6.480053189036395,6.305708584731032,6.468958008862332,174520800
2018-05-16,6.530374526977539,6.5775272280247945,6.4253725334034515,6.426956911318142,89712000
2018-05-17,6.4566755294799805,6.604868392507561,6.360786189917482,6.463807498347531,103219200
2018-05-18,6.353256702423096,6.4467694638416075,6.327105397209457,6.382974445109732,85466400
2018-05-21,6.464203834533691,6.5866407953266135,6.37940877528584,6.499072847811567,116892000
2018-05-22,6.430523872375488,6.5814900797714975,6.4023914107947375,6.547017384828044,96943200
2018-05-23,6.592187881469727,6.596150640321799,6.281934562376902,6.288274795157503,123045600
2018-05-24,6.586639404296875,6.6223005990545625,6.388125132956509,6.590205387735636,71110400
2018-05-25,6.603282451629639,6.675793817626752,6.546224439072101,6.589018061854448,63081600
2018-05-29,6.518885135650635,6.630623703450329,6.398825634794411,6.512941676818378,94451200
2018-05-30,6.657962799072266,6.690058015237125,6.543846777235052,6.585451888614727,70806400
2018-05-31,6.6436991691589355,6.7732685588031325,6.590207136102741,6.648454117309889,81056800
2018-06-01,6.95276403427124,6.963462440939646,6.734041406183567,6.734041406183567,77171200
2018-06-04,7.131070613861084,7.144146041351709,6.9919913251417505,7.001501221633284,64049600
2018-06-05,7.204770565032959,7.240431770295132,7.109673866514889,7.1881286994744,55900000
2018-06-06,7.323640823364258,7.329584281407532,7.117994091560871,7.227355170618809,57628000
2018-06-07,7.153655052185059,7.3367164558717635,7.04072753934161,7.33315001840057,78452000
2018-06-08,7.148900508880615,7.179807216943003,6.9931798186859435,7.040727937575843,49320800
2018-06-11,7.204770565032959,7.258262599654632,7.127504242417562,7.131070680363558,40836000
2018-06-12,7.3188862800598145,7.337905618923553,7.21190221554078,7.234487992193024,47848000
2018-06-13,7.31056547164917,7.480551014014468,7.2677718451156945,7.346226675941462,72247200
2018-06-14,7.532853126525879,7.567325816127368,7.394962821576683,7.415171121964601,90452800
2018-06-15,7.45796537399292,7.499570034992496,7.34622636423955,7.44607800409533,77689600
2018-06-18,7.441323280334473,7.459154108989682,7.241619994606093,7.310565381718971,68726400
2018-06-19,7.374755859375,7.377133333438607,7.087087846073915,7.1548442697878745,107633600
2018-06-20,7.529287338256836,7.6231950609314545,7.45677597323024,7.472229326462982,79644800
2018-06-21,7.3343400955200195,7.6065547685483255,7.290357956656709,7.581591516287191,102280800
2018-06-22,7.260638236999512,7.415170389679852,7.204768742366678,7.40803796904905,62227200
2018-06-25,6.797043323516846,7.116806127090786,6.596151511325212,7.08708837924521,171306400
2018-06-26,6.871930122375488,6.98723464122363,6.787531399077171,6.862420228246271,94165600
2018-06-27,6.596149921417236,7.051425472876225,6.575941621955607,6.95870626705286,131838400
2018-06-28,6.757814884185791,6.824382794777965,6.522450403335424,6.56405551750183,111300000
2018-06-29,6.788722038269043,6.961085057524374,6.782778579699581,6.855289499777933,78536000
2018-07-02,6.940876007080078,6.949196938872972,6.571187210299231,6.6163583067869185,83296800
2018-07-03,6.701945781707764,7.022897508933311,6.684114953850926,7.0157650870992185,56425600
2018-07-05,6.9480085372924805,6.9646504011384405,6.72690845258066,6.8338925108143735,65622400
2018-07-06,7.260638236999512,7.285601029022249,6.95632842526932,6.99080111146646,75012000
2018-07-09,7.462718963623047,7.471039894814029,7.297488396463899,7.379509651713217,72377600
2018-07-10,7.480550765991211,7.530476359653735,7.403284448039056,7.494815156543818,66784000
2018-07-11,7.371189594268799,7.448455916047647,7.285602793257582,7.310565591325153,79829600
2018-07-12,7.734934329986572,7.740878241519684,7.446077823600619,7.4615311773644954,81352000
2018-07-13,7.757519245147705,7.801500920725973,7.677875011239592,7.7361224356805725,67876000
2018-07-16,7.705217361450195,7.80506946238949,7.6648016610818175,7.763463891298482,55560000
2018-07-17,7.847860813140869,7.893032360857687,7.4627191354275695,7.465096609173546,75593600
2018-07-18,7.79793643951416,7.868070792303296,7.7266140298521,7.845485014926748,46537600
2018-07-19,7.682631015777588,7.793181062085198,7.652913271145581,7.7218586563511,76874400
2018-07-20,7.671932220458984,7.8252758747488125,7.646969426539267,7.745632545541121,57396000
2018-07-23,7.738498687744141,7.753952491716882,7.512644154113992,7.604174840314165,63027200
2018-07-24,7.837164878845215,8.065396975727582,7.744445646168862,7.982187640483095,95066400
2018-07-25,8.164058685302734,8.17951158572668,7.8419184484879105,7.847861453152394,77241600
2018-07-26,7.807445526123047,7.90967463523624,7.763462939718773,7.835974305645888,111888000
2018-07-27,7.481739521026611,7.952468959230425,7.343849198622234,7.945336083535572,118098400
2018-07-30,7.159599304199219,7.490060494257358,7.0514267270139195,7.482928525437398,100805600
2018-07-31,7.302243232727051,7.404472332611196,7.121559316052683,7.235675330755421,95712000
2018-08-01,7.402095794677734,7.468663705064419,7.279658833433004,7.370000576462197,69301600
2018-08-02,7.696896553039551,7.726614300348584,7.2321110032645475,7.239243425863177,92242400
2018-08-03,7.765840530395508,7.772972498238659,7.643403578882683,7.737310845195881,72133600
2018-08-06,7.90848445892334,7.913239405933637,7.725423080137238,7.756329782247466,68068000
2018-08-07,7.985753059387207,8.035678656995959,7.922751580464685,7.970300157340785,71970400
2018-08-08,8.007147789001465,8.065394304380723,7.893031778356753,7.959599224504476,63434400
2018-08-09,8.000016212463379,8.095112439188373,7.966731580850477,8.000016212463379,54530400
2018-08-10,7.813389778137207,7.910863943760224,7.728990585725581,7.840729595188645,85626400
2018-08-13,7.790803909301758,8.008338013974504,7.780105049820787,7.856182402234167,92674400
2018-08-14,7.9346394538879395,7.963168240685161,7.753955928287161,7.8763929163270925,60727200
2018-08-15,7.645781993865967,7.8217114570343975,7.498382221101287,7.75514308633932,115857600
2018-08-16,7.715915679931641,7.863315439912338,7.670744127500268,7.814577903218193,65142400
2018-08-17,7.714727878570557,7.776540397903516,7.513835603639404,7.654103416228458,70262400
2018-08-20,7.69927453994751,7.777729838007105,7.607744265791769,7.770597867970339,67461600
2018-08-21,7.778916358947754,7.919184136072518,7.75157563753709,7.767028536734897,67069600
2018-08-22,7.869256019592285,7.895407772011387,7.7016484624995325,7.726611251559588,63313600
2018-08-23,7.830031871795654,7.995262463398879,7.794370214607982,7.830031871795654,71133600
2018-08-24,8.047563552856445,8.06777230511887,7.904918764975646,7.913239695820135,63956800
2018-08-27,8.29006290435791,8.291251868239017,8.133153227859182,8.177135822323008,72851200
2018-08-28,8.326912879943848,8.388725393234932,8.278175340670364,8.359007646920947,65224800
2018-08-29,8.618145942687988,8.630032859157252,8.362573157487626,8.369706032900059,65735200
2018-08-30,8.56940746307373,8.720374097050962,8.48144320258573,8.565841479216763,87863200
2018-08-31,8.594372749328613,8.671638165585597,8.507596529509408,8.537314276350914,63180000
2018-09-04,8.492142677307129,8.562276116686073,8.34830890751995,8.519482493470136,80209600
2018-09-05,8.154549598693848,8.443406135926459,8.073717290544822,8.439840151391213,107729600
2018-09-06,7.932260513305664,8.193776293974679,7.771783972485499,8.168813498203745,115504800
2018-09-07,7.853806495666504,8.046377831414523,7.75276633268491,7.769408199203586,77009600
2018-09-10,7.922750949859619,7.990507371768099,7.789615126586116,7.975053564038039,55448800
2018-09-11,8.098676681518555,8.140282235359802,7.762272616146777,7.8181411952138795,70522400
2018-09-12,8.028545379638672,8.082036953086826,7.820521183252592,8.065395089929021,88261600
2018-09-13,8.266287803649902,8.323345364422442,8.162869727743505,8.166435711927592,74676000
2018-09-14,8.203287124633789,8.33761101440177,8.108189971597952,8.296006350041216,76688000
2018-09-17,7.857369899749756,8.18188800410923,7.828841124646603,8.156925212529794,72823200
2018-09-18,8.043999671936035,8.160493641124402,7.862127202425985,7.874014120037775,72758400
2018-09-19,8.026167869567871,8.104623148744242,7.868070161351049,8.047564681442012,58962400
2018-09-20,8.278172492980957,8.318589085659774,8.12601782930071,8.180698354878716,62683200
2018-09-21,8.14622688293457,8.389912717865192,8.120075126181415,8.351874046291547,60281600
2018-09-24,8.216360092163086,8.224681022084429,7.874011188168785,7.97742923740262,52875200
2018-09-25,8.249645233154297,8.265098132266738,8.120075408440675,8.200907701708637,43259200
2018-09-26,8.241326332092285,8.495710189798622,8.215174567987455,8.256779235011628,70920000
2018-09-27,8.469555854797363,8.556332054176151,8.348307875286391,8.363760773515075,58525600
2018-09-28,8.45648193359375,8.528993308139386,8.354252812329857,8.397046440157238,61857600
2018-10-01,8.505219459533691,8.697789877526345,8.449349950689127,8.618146534111762,68232000
2018-10-02,8.45648193359375,8.649053258816963,8.397046440157238,8.482633695812,64787200
2018-10-03,8.481443405151367,8.618145200052139,8.443404731579403,8.559898679532399,66569600
2018-10-04,7.997637748718262,8.389912265015445,7.809821421186232,8.380402370906967,150889600
2018-10-05,7.696896553039551,8.06301941754612,7.4674755075372685,7.988130113902604,132924000
2018-10-08,7.559005260467529,7.756331059317253,7.279658652740731,7.588723003989818,119353600
2018-10-09,7.617252349853516,7.79793583409705,7.5114568004471165,7.5685148144382515,104289600
2018-10-10,6.629434585571289,7.49600413553649,6.590206944650744,7.487683203242459,242856000
2018-10-11,6.360785007476807,6.805362607000979,6.161082207543264,6.539091451328361,222432000
2018-10-12,6.898083209991455,6.956330192969255,6.51412997753801,6.868365463329825,168488000
2018-10-15,6.637755393981934,6.860043994679283,6.567621499200615,6.830326250339009,159735200
2018-10-16,7.209524631500244,7.27133713788386,6.81725006122637,6.851722751927951,124466400
2018-10-17,7.2332987785339355,7.343848823565162,7.00744419401242,7.331961907232321,130120800
2018-10-18,6.731662750244141,7.147711120038717,6.6341885970259495,7.139390188919364,156348800
2018-10-19,6.704323768615723,7.059747761591721,6.6318123948531955,6.869554366031671,134836800
2018-10-22,6.805362701416016,6.963461301483694,6.653208012324575,6.8243820375524455,114926400
2018-10-23,6.730474472045898,6.832703583015654,6.208630964774353,6.441617966754811,176781600
2018-10-24,5.815167427062988,6.739983848985509,5.786638649217628,6.7055111600870125,204842400
2018-10-25,6.411900520324707,6.5105636517281775,5.994663578590089,6.073118407525521,152073600
2018-10-26,5.913830757141113,6.279953562378141,5.643993600842677,5.753355129033557,244761600
2018-10-29,5.5976338386535645,6.252612665487218,5.211303196974339,6.1789127931193795,217961600
2018-10-30,5.813979625701904,5.83062149038328,5.416950533541424,5.496594326103896,184865600
2018-10-31,6.2062530517578125,6.378616043863676,6.092137032754375,6.092137032754375,180157600
2018-11-01,6.477280139923096,6.49273304140725,6.114723274712671,6.260934531119922,126066400
2018-11-02,6.1872334480285645,6.5295819437094815,6.0386447463302,6.413088455992772,174357600
2018-11-05,6.126610279083252,6.197932684082999,5.915019631131325,6.190800715657099,102600800
2018-11-06,6.2561798095703125,6.363163419585194,6.094515204082789,6.11115706874354,111461600
2018-11-07,6.831514358520508,6.8422127632814895,6.439239819588992,6.47965596496862,138552000
2018-11-08,6.715021133422852,6.813683800353939,6.616358013035011,6.750682332874368,117524800
2018-11-09,6.3738627433776855,6.571188580606321,6.215764552887311,6.528394949057988,136739200
2018-11-12,5.813979625701904,6.275199156024948,5.775940948299674,6.240726462923926,154367200
2018-11-13,5.8116021156311035,6.121855444702104,5.758110084160792,5.880547501405459,154454400
2018-11-14,5.664201259613037,6.041021974125698,5.572670568676986,5.976831548774693,156124000
2018-11-15,5.9673237800598145,6.016060867751044,5.493028331124859,5.6332961353985125,169816800
2018-11-16,5.901943683624268,5.991096908733657,5.720070796050522,5.7961481422574535,134324800
2018-11-19,5.336117267608643,5.8425078059972675,5.277870751736448,5.81516708643325,186492000
2018-11-20,5.040128707885742,5.258851284721313,4.838047992311023,4.959296421655854,202991200
2018-11-21,5.153057098388672,5.304023306097832,5.125716825828926,5.233889405720456,115115200
2018-11-23,5.038939952850342,5.197038548282314,5.022298090901025,5.025864074616813,56880000
2018-11-26,5.3848557472229,5.394365644066138,5.185152448083308,5.251720365615451,119964800
2018-11-27,5.440723419189453,5.48232807017888,5.217245906908573,5.304021645727013,120163200
2018-11-28,5.956624507904053,5.962567965841067,5.4680647380990735,5.563161425461615,195064800
2018-11-29,5.901943683624268,6.023191670731095,5.762864416656109,5.88649033097075,129044800
2018-11-30,6.025569438934326,6.043400266210246,5.840131011857277,5.924529293588846,116635200
2018-12-03,6.334634304046631,6.4546937880904665,6.211008382437389,6.4285424821992345,149343200
2018-12-04,5.638050556182861,6.298973361018688,5.595256931296519,6.246669840176804,210096000
2018-12-06,5.7200703620910645,5.7319577299445195,5.21011429778087,5.279059217504037,196156000
2018-12-07,5.160189151763916,5.755732553745113,5.11145206878125,5.658258387779782,222987200
2018-12-10,5.321852684020996,5.391986565270001,4.971183277775975,5.1304703748437115,176468800
2018-12-11,5.37891149520874,5.586935696680902,5.241021185514036,5.578614764898557,172163200
2018-12-12,5.5144243240356445,5.768808131816682,5.512046850178457,5.613087448553457,169451200
2018-12-13,5.515613079071045,5.6927305668929264,5.411006500595271,5.622596677857326,164724800
2018-12-14,5.099564552307129,5.388421031971696,5.076978778866943,5.336117517442207,156177600
2018-12-17,4.77029275894165,5.169699341423268,4.6466668256103265,5.048450882208718,200592800
2018-12-18,4.8499345779418945,4.993768315902639,4.727497646854595,4.883218751665409,157893600
2018-12-19,4.499266147613525,5.062714759273005,4.383961612129883,4.839237203018108,307862400
2018-12-20,4.318582534790039,4.609816046975646,4.128388711727562,4.454095367316206,320818400
2018-12-21,3.9013454914093018,4.4469633027248445,3.8288341217237227,4.356621558277486,369034400
2018-12-24,3.6124887466430664,3.9572147449283355,3.6041678149254084,3.803871083062744,175600800
2018-12-26,4.268472194671631,4.277994484204219,3.6471272507930923,3.7256880692319205,378235200
2018-12-27,4.329178333282471,4.332749589363752,3.823294130456154,4.11849238726412,341834400
2018-12-28,4.311324119567871,4.536293740769935,4.210147000684292,4.404168609824098,304842400
2018-12-31,4.408929824829102,4.485109963251035,4.291088361034932,4.447019894040068,216966400
2019-01-02,4.472015857696533,4.550576672380566,4.133966195162644,4.139917682594738,271665600
2019-01-03,4.038740634918213,4.333938832257473,4.003031259785196,4.282755228074724,330510400
2019-01-04,4.555337905883789,4.613663116647632,4.186339793376163,4.231571913814,272964000
2019-01-07,4.70055627822876,4.7791170858894665,4.538673291759584,4.579144038376878,213106400
2019-01-08,4.836252689361572,4.893387786974319,4.63032813315228,4.843394292769795,211622400
2019-01-09,4.950523853302002,5.0195619394840385,4.83268237924387,4.894578860620219,178098400
2019-01-10,4.998136043548584,5.002896961464878,4.75650163707171,4.837443144551241,175131200
2019-01-11,4.938620090484619,4.955284437806933,4.8576785857167435,4.908862197674941,120804800
2019-01-14,4.810065746307373,4.8731523333775755,4.744598473338563,4.812446432205982,111383200
2019-01-15,5.076695919036865,5.108834038778248,4.863629330108,4.873151618235618,145125600
2019-01-16,5.083838939666748,5.220725445479501,5.080268137381544,5.114787406370077,135892800
2019-01-17,5.202869892120361,5.269527735764126,5.006468071178112,5.035035394118718,142040000
2019-01-18,5.345707893371582,5.429030084788316,5.219534263279418,5.323092058101511,166908800
2019-01-22,5.050509452819824,5.246911721113045,4.918384340048319,5.238579093631878,181734400
2019-01-23,5.055272102355957,5.1778745027510364,4.882676194783687,5.112407214794524,166093600
2019-01-24,5.1445441246032715,5.16835007314464,5.039796225557673,5.0969313193818095,128115200
2019-01-25,5.327852725982666,5.376655650169466,5.2159632167437415,5.268336942629524,139513600
2019-01-28,5.131450653076172,5.131450653076172,5.000515663899046,5.119547224567686,140359200
2019-01-29,4.986231803894043,5.143353421353159,4.93147739715785,5.140972735746888,122530400
2019-01-30,5.359991550445557,5.418317220609548,5.1052640586085385,5.154066985043954,175824000
2019-01-31,5.59567403793335,5.680186799720084,5.437362282214245,5.454026629756317,160575200
2019-02-01,5.524255275726318,5.644476964469023,5.482594406872266,5.515923101955508,141561600
2019-02-04,5.726607799530029,5.732559286066903,5.515921906825628,5.531396135076953,110976800
2019-02-05,5.87777853012085,5.903965164420833,5.749224228019723,5.757556400851904,128916800
2019-02-06,5.831357002258301,5.919440112621722,5.751605611668771,5.889682219161488,145420000
2019-02-07,5.5932936668396,5.717086154386372,5.462358667567696,5.674234716590819,209793600
2019-02-08,5.621860504150391,5.624241189830177,5.427838934906774,5.4409324791109155,144722400
2019-02-11,5.608768463134766,5.726609938485006,5.565917017552859,5.686139179220927,121196800
2019-02-12,5.851591110229492,5.8789683128512245,5.700420983872616,5.728988756299702,128226400
2019-02-13,5.863493919372559,5.984906154160235,5.846829575119818,5.934913121402011,127609600
2019-02-14,5.884920597076416,5.94562695143368,5.739702391930572,5.796837490457209,153369600
2019-02-15,5.955148696899414,6.013474360065482,5.875397771053484,6.012283790207548,142496000
2019-02-19,5.990858554840088,6.04561296275134,5.899204200343761,5.899204200343761,103572800
2019-02-20,5.98609733581543,6.074180437031923,5.890872177445152,6.005142367489485,171065600
2019-02-21,5.918248176574707,5.986096116472522,5.82421315318325,5.9361026347182335,128493600
2019-02-22,6.0468034744262695,6.061087135236226,5.948007510559099,5.958720369683913,119637600
2019-02-25,6.113461017608643,6.234873263760843,6.101557589121543,6.190831259462629,124102400
2019-02-26,6.132505893707275,6.189640986789316,6.037280738570542,6.065848058076884,105356800
2019-02-27,6.113461017608643,6.139648106210892,5.926581504020186,6.050374435869807,115844000
2019-02-28,6.075370788574219,6.1396479384400235,6.0229966128008865,6.05989655899852,92063200
2019-03-01,6.196783065795898,6.224160269615991,6.072990136642069,6.20392466866327,140156800
2019-03-04,6.197973728179932,6.347953758592402,5.993239285298515,6.305102321331696,213088000
2019-03-05,6.213447570800781,6.270582665553716,6.120602644516564,6.211066885094072,100348800
2019-03-06,6.106319427490234,6.23487374056574,6.07775210507528,6.228922252901741,123468800
2019-03-07,5.883729934692383,6.063467387067229,5.8123111816848825,6.056325784208093,169306400
2019-03-08,5.850401878356934,5.8587340519758575,5.661141662883895,5.682567381923817,174936800
2019-03-11,6.215827465057373,6.226540322338836,5.919438716316465,5.919438716316465,128468000
2019-03-12,6.317004680633545,6.36461748496307,6.219398840420437,6.264630959126551,151606400
2019-03-13,6.453891277313232,6.557448606552446,6.387233440776956,6.412229959202049,145129600
2019-03-14,6.425324440002441,6.489601600239293,6.4158021500059235,6.4657951941438565,95443200
2019-03-15,6.5848259925842285,6.6586254340985285,6.482458776316672,6.500313692296129,138845600
2019-03-18,6.644342422485352,6.70623889543627,6.551497940093683,6.590778123386535,148994400
2019-03-19,6.710999488830566,6.818127620530877,6.628867421717358,6.730044520293024,164380800
2019-03-20,6.78839635848999,6.912233205282625,6.619311799940023,6.709807677685135,183522400
2019-03-21,7.102752685546875,7.132521136946098,6.721716416790713,6.725288485604853,151957600
2019-03-22,6.638364791870117,7.067030318711223,6.613359401221,7.009874945414444,267601600
2019-03-25,6.596688747406006,6.664560777537907,6.451418565045551,6.556203636956232,210369600
2019-03-26,6.687184810638428,6.868177047122365,6.585972258988638,6.750293781368496,175872000
2019-03-27,6.556204319000244,6.761010968848876,6.412124659797968,6.714572254372911,176810400
2019-03-28,6.597878456115723,6.671704076161963,6.481186200484426,6.6050230467900475,128437600
2019-03-29,6.74672269821167,6.765774491454747,6.6300304078189995,6.743150628925649,126980000
2019-04-01,7.012256145477295,7.037261534947494,6.8705584842489875,6.94200258394399,122364800
2019-04-02,7.089654922485352,7.111088245125854,6.9812977710163855,7.036071615884094,106728800
2019-04-03,7.212299346923828,7.345661863114795,7.145617861713116,7.20872727861573,151384000
2019-04-04,7.2015838623046875,7.296842817977263,7.076556454595023,7.21349151565784,143620800
2019-04-05,7.309940338134766,7.323038528504904,7.237305249158895,7.270646221254837,104654400
2019-04-08,7.367095947265625,7.38138513044435,7.187294707456451,7.2730279896067875,103460000
2019-04-09,7.286125183105469,7.362332791687044,7.239686476812167,7.292079236101405,104121600
2019-04-10,7.404009819030762,7.408772880624218,7.290889604454228,7.318276527270768,99244000
2019-04-11,7.348044395446777,7.433777680376183,7.306368745400827,7.431396149769197,111770400
2019-04-12,7.438540458679199,7.454019725690103,7.350425646494091,7.442112527338562,95228000
2019-04-15,7.444493293762207,7.468308142251467,7.294460066241189,7.438539695197506,83369600
2019-04-16,7.517129421234131,7.5671402011996935,7.452829457652249,7.519510951836851,94287200
2019-04-17,7.5921454429626465,7.68740439405913,7.526654942473221,7.663589996957891,114422400
2019-04-18,7.615960597991943,7.633821850760625,7.486170130000366,7.630249781899099,91903200
2019-04-22,7.680261135101318,7.690977342484308,7.501650411029194,7.519511665128631,75756800
2019-04-23,7.971992492675781,8.001760949942623,7.70764935525365,7.7409898820387175,104954400
2019-04-24,7.894594192504883,8.023193220557857,7.8910212149952415,7.989852698156675,95075200
2019-04-25,7.982707977294922,8.079157468408788,7.86244318016088,8.069631346000717,119690400
2019-04-26,8.011283874511719,8.01366585887996,7.751702994485611,7.955319051849171,110516800
2019-04-29,8.05415153503418,8.093446105970559,7.970800240739714,8.00890381934018,83797600
2019-04-30,7.869588375091553,7.90769286984354,7.700503767704813,7.858872167288424,127595200
2019-05-01,7.779092311859131,8.086302963106958,7.770757181404861,8.016048942025748,125916000
2019-05-02,7.683831691741943,7.89816488182355,7.531417382555442,7.781472165343355,141288800
2019-05-03,8.045816421508789,8.067249741292729,7.833865208345924,7.875540855575537,108889600
2019-05-06,7.901736259460449,7.932695697201458,7.496885218288708,7.538561314596922,161715200
2019-05-07,7.442111968994141,7.742177523861174,7.2206346441200004,7.645728043450508,237529600
2019-05-08,7.376621246337891,7.548087337276722,7.286124913225112,7.367095125281618,161237600
2019-05-09,7.259929656982422,7.333755285041606,6.938430309429789,7.1396648658453445,220417600
2019-05-10,7.280172348022461,7.386147961548104,6.81578478214521,7.173006196311026,227858400
2019-05-13,6.527626037597656,6.8384087453160065,6.4621355348526475,6.725288538267069,234920800
2019-05-14,6.732432842254639,6.85626970476428,6.552631147715918,6.622884708732877,140192000
2019-05-15,7.012256145477295,7.071793046633299,6.595497837385265,6.603832967208666,176160000
2019-05-16,7.231352806091309,7.3611432839683015,7.0027312969303095,7.025355158493983,174026400
2019-05-17,7.006302833557129,7.303987351546078,6.986060050134006,7.012256433070802,182510400
2019-05-20,6.655035018920898,6.790779086598666,6.578827854907453,6.713381384373365,184368800
2019-05-21,6.855078220367432,6.9110430483797165,6.755056216170196,6.819356173346377,114487200
2019-05-22,6.765773773193359,6.880084520516478,6.734814782796465,6.737196313477846,128912800
2019-05-23,6.4466552734375,6.534770082758179,6.324009408327683,6.53238855231919,207680800
2019-05-24,6.437130928039551,6.620504267200105,6.415697603916921,6.5573952874115715,137225600
2019-05-28,6.368067264556885,6.597879752761345,6.362113664940141,6.494285665892301,116903200
2019-05-29,6.208508014678955,6.310911557918285,6.103722940872373,6.250184118260118,177921600
2019-05-30,6.2823333740234375,6.33234460531487,6.17278569804395,6.254946455028565,136428000
2019-05-31,5.979887008666992,6.1215846820086455,5.970360885637025,6.057284714248011,140600800
2019-06-03,5.597659587860107,5.977505331084811,5.492874962487566,5.9322571562649875,241812800
2019-06-04,6.051330089569092,6.0584746806315035,5.704825372075365,5.763171730175549,163869600
2019-06-05,6.1846923828125,6.229940549419582,5.997746572063014,6.226368481134704,152316800
2019-06-06,6.32758092880249,6.376401162996963,6.13349053002573,6.215651733247721,100302400
2019-06-07,6.688375949859619,6.777681310833764,6.408552667166187,6.429985990138427,151548000
2019-06-10,6.932476997375488,7.122994901619984,6.830073453507629,6.830073453507629,183272000
2019-06-11,6.958673477172852,7.188485972897726,6.8884199092430105,7.1515733815276645,137447200
2019-06-12,6.840790271759033,6.942002825554656,6.799114166961023,6.897945644350382,110176000
2019-06-13,6.952719688415527,7.005112455486843,6.880084591688866,6.921760697698371,98559200
2019-06-14,6.862223148345947,6.918187524875178,6.786015989831723,6.843171358717392,77144800
2019-06-17,6.987250804901123,7.045596714073204,6.887228792089901,6.905090044253892,75050400
2019-06-18,7.289698600769043,7.440922389977415,7.181341454703898,7.233733766195328,141829600
2019-06-19,7.375430107116699,7.425441333204626,7.192056822742152,7.3266098732523,136979200
2019-06-20,7.577855587005615,7.683831182730967,7.40996156871738,7.679068122326797,119355200
2019-06-21,7.543324947357178,7.685023058168383,7.495695700532888,7.538562340636093,104646400
2019-06-24,7.5409440994262695,7.6076251378452495,7.52665491613891,7.583810286596825,68938400
2019-06-25,7.155145168304443,7.534990453756845,7.118232124160019,7.523083254603434,139623200
2019-06-26,7.245641231536865,7.427824471592606,7.215872778729843,7.289698868737247,94115200
2019-06-27,7.324229717254639,7.381385544716339,7.269455874686916,7.324229717254639,75270400
2019-06-28,7.355189323425293,7.4052001057661,7.276600626725069,7.380194714595697,98932800
2019-07-01,7.6481099128723145,7.805287278952644,7.54808745711524,7.775518831524847,144820800
2019-07-02,7.740988254547119,7.740988254547119,7.577856815976093,7.63977570281137,81248800
2019-07-03,7.912453651428223,7.912453651428223,7.770756447095517,7.789807782707385,67127200
2019-07-05,7.861252784729004,7.905310422866295,7.657636672214304,7.750514101593525,116844800
2019-07-08,7.69573974609375,7.715982983521416,7.5992902540495715,7.71479199109366,105787200
2019-07-09,7.81124210357666,7.837438488301767,7.564759342193967,7.581429603662469,88595200
2019-07-10,8.042243957519531,8.107733997528513,7.9064999083827425,7.954129606500775,154109600
2019-07-11,8.0208101272583,8.132739774428169,7.943411986310219,8.081538011197365,127849600
2019-07-12,8.155364990234375,8.157746975171905,8.023192988494708,8.043436226619423,89192800
2019-07-15,8.224428176879883,8.238717361397805,8.145839933184035,8.211329984853727,73394400
2019-07-16,8.107733726501465,8.225617429806663,8.030336491665459,8.198230059054504,111992000
2019-07-17,7.987470626831055,8.148220073222944,7.982707565872504,8.11130748637041,92508000
2019-07-18,8.022003173828125,8.056534688893136,7.790999684029622,7.8695879288463555,135568000
2019-07-19,7.827911853790283,8.180370215114959,7.8076695245378955,8.180370215114959,140779200
2019-07-22,8.01247787475586,8.064870648996298,7.885068917048501,7.887449993849794,95506400
2019-07-23,8.167271614074707,8.170844591229253,7.982707766707652,8.145839201913498,116049600
2019-07-24,8.341117858886719,8.341117858886719,8.073201879373793,8.07796403067522,109244800
2019-07-25,8.102972030639648,8.25776741748713,8.05415133912542,8.256576425180187,150075200
2019-07-26,8.343501091003418,8.381604670488432,8.242288543164568,8.25181466515107,111478400
2019-07-29,8.266104698181152,8.330404672577572,8.105355216420696,8.330404672577572,113275200
2019-07-30,8.155364990234375,8.249433409123213,8.056534418392621,8.075585755587499,111504000
2019-07-31,7.81124210357666,8.23395451136209,7.585002126998975,8.219665326477182,196340800
2019-08-01,7.701692581176758,8.287535395313807,7.577855733654464,7.854106883216227,298384800
2019-08-02,7.349235534667969,7.55285163621206,7.215872543395937,7.525464715030445,246920000
2019-08-05,6.577637195587158,6.899136106070583,6.391881896051642,6.899136106070583,302484800
2019-08-06,6.847933769226074,6.903898598382143,6.608595640486098,6.753865816135222,213540800
2019-08-07,6.9479570388793945,6.981298016509564,6.465708170971179,6.621695034733237,307908800
2019-08-08,7.407580852508545,7.409962382972328,6.988441029723053,7.053931981900857,219056000
2019-08-09,7.188485145568848,7.373049443869141,7.021782098878146,7.2944607544018325,221366400
2019-08-12,6.9479570388793945,7.124186687727329,6.849126006988895,7.058695725005871,213311200
2019-08-13,7.404009819030762,7.548089025503652,6.9062812382784555,6.934859153608638,239259200
2019-08-14,6.740767955780029,7.113469080564161,6.699091852839217,7.043215519716424,304930400
2019-08-15,6.7121901512146,6.825310354966133,6.557394298084848,6.775299575712272,208939200
2019-08-16,7.021782398223877,7.083700831084811,6.880084280130974,6.880084280130974,164405600
2019-08-19,7.350424766540527,7.411152651862673,7.259928888903194,7.319465781994464,120044000
2019-08-20,7.199202060699463,7.388529426699423,7.193248461362209,7.312322265029341,125264000
2019-08-21,7.382575988769531,7.452829552638334,7.307559363634585,7.3861480576038785,101481600
2019-08-22,7.311131954193115,7.476644473760143,7.136093312005856,7.425442700252721,152629600
2019-08-23,6.641936302185059,7.358760620123762,6.558585007030958,7.159907595641135,302350400
2019-08-26,6.911043167114258,6.91342469752064,6.72290635308438,6.845552670745426,146585600
2019-08-27,6.869367599487305,7.092035940345535,6.787206838127692,7.055122897527469,154579200
2019-08-28,6.9384307861328125,6.974152837375047,6.697901641563663,6.800305188227121,127824800
2019-08-29,7.253976345062256,7.314704243016017,7.113469666032987,7.194439439587101,141523200
2019-08-30,7.202775001525879,7.374241125230473,7.080128667757156,7.3730501327556235,136103200
2019-09-03,6.993204593658447,7.165861703742435,6.9193789608930025,7.0598860887491695,128785600
2019-09-04,7.287316799163818,7.307559127545169,7.134902023185003,7.189676317514996,100464800
2019-09-05,7.689786434173584,7.752895404560851,7.515938336162349,7.527845989029152,126744000
2019-09-06,7.6683526039123535,7.735033638615456,7.6159598432393665,7.7219354484472085,115038400
2019-09-09,7.619532585144043,7.748132051649377,7.498077255859258,7.736224853461465,112312800
2019-09-10,7.556423664093018,7.558805194734657,7.344472433522851,7.494505230101958,136765600
2019-09-11,7.760039806365967,7.774328990292836,7.540944436920294,7.590955217972756,111400800
2019-09-12,7.856490135192871,8.035100844547296,7.821958622369023,7.904118930918548,139931200
2019-09-13,7.773136138916016,7.87553966141629,7.7397956261877106,7.823146908008474,107610400
2019-09-16,7.665970802307129,7.713600503287012,7.59690823553984,7.619532547909006,97124000
2019-09-17,7.767183303833008,7.77432744014142,7.618340620104828,7.663588785056664,90796000
2019-09-18,7.762420654296875,7.7719458670585855,7.471880316233067,7.723126085599212,142063200
2019-09-19,7.796953201293945,7.941032397255728,7.751704573687721,7.80290634650563,132770400
2019-09-20,7.55165958404541,7.852916128998385,7.47068982430559,7.830292726531152,123512800
2019-09-23,7.558805465698242,7.62548696336294,7.4659280384975,7.534990612658669,89409600
2019-09-24,7.259929656982422,7.708837478660932,7.16109818596422,7.662398769813534,203765600
2019-09-25,7.492123126983643,7.554041556243486,7.052740977361313,7.234923742336098,152304000
2019-09-26,7.417107105255127,7.484979134863977,7.2468315350489245,7.469499413691459,136214400
2019-09-27,7.1479997634887695,7.459973433216165,6.9848687916375845,7.4480657811862185,188492000
2019-09-30,7.338518142700195,7.373049198174621,7.177768246262082,7.215871824477676,117103200
2019-10-01,7.161098480224609,7.543325281000005,7.122994899387652,7.420679408570455,158454400
2019-10-02,6.794351577758789,7.017019469232163,6.670514709703764,7.017019469232163,270824000
2019-10-03,7.018209934234619,7.0217824572771805,6.5383426433148335,6.789588445653552,240521600
2019-10-04,7.313512325286865,7.3444717665862935,7.095607515015355,7.109896243337139,168977600
2019-10-07,7.245641231536865,7.42187087187731,7.208728640763705,7.24683222401825,162530400
2019-10-08,6.915806770324707,7.201583628046483,6.906280647952056,7.101561614286232,235405600
2019-10-09,7.125376224517822,7.217063105210116,7.032498805684552,7.096798312598855,152269600
2019-10-10,7.281363010406494,7.367095837043646,7.106324380045213,7.126566707899798,176239200
2019-10-11,7.554040908813477,7.739796180672581,7.5183188634410785,7.527844984463291,222509600
2019-10-14,7.562376976013184,7.6338215298540355,7.508794128420679,7.53141798731017,91493600
2019-10-15,7.849347114562988,7.900548900795482,7.617153495869865,7.630251690612686,140721600
2019-10-16,7.790999889373779,7.848155721306014,7.714792719104886,7.765994496797529,117193600
2019-10-17,7.8445820808410645,7.961274811464493,7.756467717999527,7.9255523059676545,121839200
2019-10-18,7.619532585144043,7.862442789483119,7.500458786342939,7.813623004374381,154444000
2019-10-21,7.8207688331604,7.837439095921312,7.671926552465708,7.743370665506923,94176000
2019-10-22,7.639775276184082,7.945794899121135,7.63024915436277,7.901737267043303,125023200
2019-10-23,7.675496578216553,7.681450631243524,7.549278648501067,7.5861912335776465,96905600
2019-10-24,7.895782947540283,7.911263122093161,7.736224500488101,7.843391096211704,122484800
2019-10-25,8.07558822631836,8.095830562175156,7.769568477416058,7.774331540287307,129177600
2019-10-28,8.322068214416504,8.35540873468566,8.199422339800229,8.199422339800229,111596000
2019-10-29,8.13035774230957,8.317303544922972,8.124404598247498,8.281581955167931,107028000
2019-10-30,8.244669914245605,8.285155479905434,8.03390968140855,8.173225813714113,118984800
2019-10-31,8.25062370300293,8.32563986988412,8.11011658280094,8.307778618209266,123296000
2019-11-01,8.474482536315918,8.476864521168855,8.32206821032553,8.360171791823126,115052800
2019-11-04,8.625707626342773,8.688816604234253,8.587604041099175,8.645949957277562,99926400
2019-11-05,8.63642406463623,8.690007828994538,8.560216892112605,8.665001527217301,103229600
2019-11-06,8.581649780273438,8.618562372084956,8.460194889127113,8.614990303001404,115329600
2019-11-07,8.668574333190918,8.835276951995208,8.59355724626785,8.717394126280421,125719200
2019-11-08,8.770977973937988,8.77455004316656,8.553072666383633,8.617372637881369,81607200
2019-11-11,8.734063148498535,8.747161339325668,8.603082148688218,8.641185728786873,76092800
2019-11-12,8.80550765991211,8.897194999994968,8.716202304706261,8.75430588658898,128692000
2019-11-13,8.79240894317627,8.838848560892979,8.699531524664843,8.71977476106582,111758400
2019-11-14,8.79002857208252,8.807889825181713,8.63404217250245,8.715012399219196,106651200
2019-11-15,8.95554256439209,8.971021835106228,8.866237192698756,8.94363536319189,90586400
2019-11-18,9.00197982788086,9.047228456963111,8.832895236207895,8.943633915521245,96696000
2019-11-19,9.038893699645996,9.105574745094513,8.941252299580512,9.105574745094513,112120000
2019-11-20,8.880525588989258,9.053182262181497,8.67095541436153,8.972212029379499,150380000
2019-11-21,8.81146240234375,8.86504525627085,8.734064240090397,8.84956598720463,90659200
2019-11-22,8.83527660369873,8.89600450298984,8.688816321742712,8.878143249261736,83668000
2019-11-25,9.141294479370117,9.14724853226803,8.942441467648425,8.94482345219196,80078400
2019-11-26,9.19606876373291,9.22940927799231,9.121051698188381,9.1579651890849,83690400
2019-11-27,9.38182544708252,9.385397515970938,9.230601202091687,9.26156064655975,81556800
2019-11-29,9.256795883178711,9.355627343737813,9.240125625790537,9.312760708036537,53796000
2019-12-02,8.959112167358398,9.262750710905001,8.81503298304184,9.256796657713512,151815200
2019-12-03,8.757877349853516,8.7674025623317,8.467337020437874,8.609035116908764,156052000
2019-12-04,8.887667655944824,8.950776619596562,8.851945155387536,8.893621708858014,87659200
2019-12-05,8.93410873413086,8.981738444702126,8.807890773308996,8.980547452111024,89080800
2019-12-06,9.210358619689941,9.242509055724478,9.113909128508404,9.130579388503705,92941600
2019-12-09,9.09723949432373,9.303236682062643,9.087713371253663,9.17939980753505,77928800
2019-12-10,9.076996803283691,9.202023756878692,9.01150584535698,9.103192277993314,112048000
2019-12-11,9.213930130004883,9.243698579400887,9.092475256192023,9.130578835080467,90596000
2019-12-12,9.424691200256348,9.525903745863957,9.147249035627427,9.184161621935138,183164000
2019-12-13,9.509236335754395,9.611639904377283,9.342532788568676,9.402069704816343,160996000
2019-12-16,9.781912803649902,9.831923581373642,9.687844393096585,9.694988530353978,99388000
2019-12-17,9.795011520385742,9.85812049211183,9.764052076505779,9.831924109479633,84548800
2019-12-18,9.817634582519531,9.91646605591828,9.804536391661335,9.841449887925803,71408000
2019-12-19,10.017677307128906,10.023631359823957,9.842639604501633,9.842639604501633,83384800
2019-12-20,10.136754035949707,10.18319275337699,10.073645056290127,10.148662144796626,99548000
2019-12-23,10.21176815032959,10.261778922461096,10.18914384026305,10.242726680623822,72427200
2019-12-24,10.224991798400879,10.252389078673275,10.154713280537576,10.238094726949903,39898400
2019-12-26,10.490621566772461,10.49538635011044,10.271446985962372,10.271446985962372,64258400
2019-12-27,10.459651947021484,10.608548032857867,10.38103528627046,10.602592734698163,99750400
2019-12-30,10.25119686126709,10.465607576557753,10.10111026935316,10.450122711649358,112905600
2019-12-31,10.30956745147705,10.334581889949394,10.108259611517537,10.16067133524422,84380000
2020-01-02,10.820573806762695,10.820573806762695,10.508488253242476,10.566855253064368,131072000
2020-01-03,10.52635669708252,10.720516841605159,10.391754070668215,10.397710276873784,145180000
2020-01-06,10.72647476196289,10.730048122741486,10.23809485632339,10.276212219277781,128095200
2020-01-07,10.713372230529785,10.81342997119937,10.62046121168241,10.737195242463596,107699200
2020-01-08,10.959942817687988,11.111220833811222,10.664532597618408,10.715752885053432,159164800
2020-01-09,11.236294746398926,11.299426543110615,11.044516509903263,11.224383240964768,145423200
2020-01-10,11.144574165344238,11.372087825283424,11.09335387443785,11.362558257489304,137604000
2020-01-13,11.534086227416992,11.540041525378468,11.23391121944026,11.283940993296087,116558400
2020-01-14,11.399482727050781,11.572202713090634,11.34230714523651,11.504306141692759,145737600
2020-01-15,11.406631469726562,11.569820996339681,11.294661323626205,11.409013407205695,133003200
2020-01-16,11.7246732711792,11.731819992396298,11.498351041812095,11.567439042875977,121100800
2020-01-17,11.899775505065918,11.928363299429595,11.704423910799866,11.877143008933642,144402400
2020-01-21,11.893816947937012,11.97243450289002,11.787803027195714,11.796141170103812,138882400
2020-01-22,11.974818229675293,12.184464165426965,11.933127508903823,12.058200580007785,136148800
2020-01-23,12.08559799194336,12.101082858482322,11.788997228550274,11.950996250764163,143588800
2020-01-24,11.772319793701172,12.294051326711898,11.615085570821943,12.257125389977922,239374400
2020-01-27,11.044516563415527,11.238676738422912,10.741959598216,10.988531487935157,198626400
2020-01-28,11.55791187286377,11.634146610958208,11.194605897930229,11.274413997374443,171862400
2020-01-29,11.59959888458252,11.787803731512694,11.456659023677524,11.748494951687505,137877600
2020-01-30,11.730629920959473,11.744923363933342,11.274412084391574,11.387572748952877,200249600
2020-01-31,11.15410327911377,11.881907404354328,11.048089340890867,11.873569260071276,220384000
2020-02-03,11.66630744934082,11.75207174784233,11.307765388190212,11.32920646281559,173688000
2020-02-04,12.463197708129883,12.537050494262715,12.033185737238703,12.1499206690242,140248800
2020-02-05,12.607328414916992,12.933709275709115,12.375050894270725,12.931326429513511,174612000
2020-02-06,12.914649963378906,12.928944313986957,12.556108862991637,12.687137229468716,113132800
2020-02-07,12.747885704040527,12.961104988258743,12.640681259202225,12.74312182946996,154052000
2020-02-10,13.207677841186523,13.211252110567692,12.614476354452236,12.624005921889546,123248800
2020-02-11,13.217206954956055,13.563837461076542,13.112384443112271,13.424470041260834,193770400
2020-02-12,13.604334831237793,13.621011116923931,13.352998214238893,13.44710063134748,121608000
2020-02-13,13.551924705505371,13.71035034675053,13.26723548400232,13.316073832616496,155282400
2020-02-14,13.643645286560059,13.697247510174313,13.46973477959282,13.605527927619152,113969600
2020-02-18,13.66746997833252,13.7496609128669,13.41136851541278,13.450677302258757,130167200
2020-02-19,14.062936782836914,14.15108391721368,13.86520325962349,13.914040701674267,105627200
2020-02-20,13.662702560424805,14.053406598354814,13.149309219134695,13.972407102645958,227657600
2020-02-21,12.881296157836914,13.529292116248373,12.713341870974642,13.467350844982274,207107200
2020-02-24,11.397102355957031,11.861658338785828,11.152912404698805,11.468572297440783,269674400
2020-02-25,10.475138664245605,11.781850976544822,10.356021784857012,11.665116034876547,300793600
2020-02-26,10.619270324707031,11.164825868163804,10.38103655817985,10.634755192367008,335736000
2020-02-27,9.031439781188965,10.292887730253215,9.002851990856957,9.803317390468923,425116000
2020-02-28,9.171998023986816,9.223218309043778,8.040387878170261,8.148784654672703,494222400
2020-03-02,10.423917770385742,10.451314142147623,9.049308952226081,9.442394086332397,363518400
2020-03-03,9.44239330291748,10.89919293307451,9.157704073871484,10.526357480123735,548126400
2020-03-04,10.588300704956055,10.61927135206194,9.684203909738168,9.951025499600986,315827200
2020-03-05,9.659184455871582,10.334577652879718,9.420950767572396,9.796169008401494,386972000
2020-03-06,9.152938842773438,9.300644399573901,8.45729683509188,8.663369397279103,393519200
2020-03-09,7.2935261726379395,8.236932055161187,7.266129346024569,7.329261144116474,406964800
2020-03-10,8.428709030151367,8.448958677670314,7.266128254905438,8.097564314104618,456252800
2020-03-11,7.344746112823486,8.008227490154177,7.027895259957143,7.835507485101816,430928000
2020-03-12,5.33167028427124,6.849219232390156,5.288788597725254,5.896284382666308,618225600
2020-03-13,6.770602703094482,6.826587775698417,5.367406162569389,6.222665299514149,556290400
2020-03-16,4.437103748321533,5.789080144911235,4.4061335596763715,4.819468821336898,658290400
2020-03-17,5.16014289855957,5.37693557092309,4.258428206903828,4.690822582835378,762020800
2020-03-18,4.6824846267700195,4.943350425395499,3.8986953532604445,4.323942570370591,848999200
2020-03-19,4.790879249572754,5.250670305420668,4.288206060417519,4.627688858442706,804808800
2020-03-20,4.229839324951172,5.2173181628511776,4.181001432532684,5.120833801026337,782255200
2020-03-23,4.242942810058594,4.5264410897525895,3.8439014746935887,4.2798692035834405,820073600
2020-03-24,5.188730716705322,5.210171788400388,4.780159840197345,4.91118820776073,829824000
2020-03-25,5.068422317504883,5.69855061787221,4.893320841761846,5.26496531885934,834874400
2020-03-26,5.893901824951172,5.955842642965379,5.201832746256491,5.220891878932924,649240000
2020-03-27,5.281641483306885,5.756917944987825,5.216127302516415,5.4353023386408115,557143200
2020-03-30,5.836726188659668,5.881990723067562,5.36025874468745,5.429346742172909,416621600
2020-03-31,5.674727916717529,6.13809249302457,5.581816898569126,5.790271432185545,731904000
2020-04-01,4.9707465171813965,5.446022988888827,4.838526729774263,5.193494918326023,535589600
2020-04-02,5.264965534210205,5.281641822639764,4.856394650106899,4.907614938508989,467531200
2020-04-03,5.052937984466553,5.357877370080636,4.867115936853545,5.224466587672222,554484000
2020-04-06,6.110694885253906,6.216708818959287,5.5222577548380425,5.611595400687938,518616800
2020-04-07,6.098783493041992,6.705088345534382,6.074960029498338,6.658632841541382,658009600
2020-04-08,6.488296031951904,6.551427827428058,6.108312927148407,6.276267695093953,518180000
2020-04-09,6.512117385864258,6.756307269924105,6.345354083495338,6.662204857830435,553297600
2020-04-13,6.738441467285156,6.775367861486474,6.321532411907242,6.432311140116387,426961600
2020-04-14,7.612758159637451,7.671125618327646,7.074349922294939,7.152967028158528,490049600
2020-04-15,7.360231399536133,7.550818207012238,7.106512342887799,7.255408428226879,431688000
2020-04-16,7.754508018493652,7.87005152725243,7.3792901524086805,7.600847602261893,562920000
2020-04-17,7.948667526245117,8.111857023492028,7.627051497062883,8.060636743406862,463564800
2020-04-20,7.691376209259033,8.041580095581928,7.678273280941538,7.765228995340408,386998400
2020-04-21,6.84088134765625,7.519847544654594,6.707470590877359,7.4638624747086,519489600
2020-04-22,7.4459943771362305,7.582978941610977,7.183937660671957,7.269701486949738,274185600
2020-04-23,7.397157192230225,7.812874799849961,7.351893110342689,7.531759377956845,424868000
2020-04-24,7.754508018493652,7.790243442840142,7.2911434690926935,7.449569123551422,317981600
2020-04-27,7.905786037445068,8.051107837969427,7.818830332944501,8.002270399718578,304741600
2020-04-28,7.478157043457031,8.127344538066657,7.457907393422116,8.126153114891189,386247200
2020-04-29,8.255990028381348,8.382254529468156,7.872433558811042,7.9867865545699335,346104000
2020-04-30,8.310782432556152,8.394164774915922,8.093989796483898,8.387018054549744,380544800
2020-05-01,7.5651116371154785,8.017755617733721,7.444803807519657,7.780713318963363,346245600
2020-05-04,7.831933498382568,7.853374569406527,7.393583419840145,7.449568489113233,200756000
2020-05-05,8.082079887390137,8.364387211811312,8.005845159146297,8.067786443837946,288714400
2020-05-06,8.24169635772705,8.47278246282882,8.146402500158155,8.28338707961735,311880800
2020-05-07,8.563310623168945,8.665751191051545,8.406076411105568,8.55616390268999,289489600
2020-05-08,8.908750534057617,8.927808760083117,8.638354738803644,8.761045874399114,262202400
2020-05-11,9.1303071975708,9.279203267626459,8.725309705261516,8.75151555899763,269384000
2020-05-12,8.587135314941406,9.30660136846848,8.579988593060664,9.227984701411332,339363200
2020-05-13,8.261946678161621,8.868251147100944,7.952242979092101,8.646693682728904,491119200
2020-05-14,8.535916328430176,8.539489689537447,7.874817259893757,8.104712881955189,402999200
2020-05-15,8.682429313659668,8.707443749414018,8.134491847218,8.184520718726702,357806400
2020-05-18,9.185101509094238,9.314938455389402,8.959970707529743,9.052881716583084,296474400
2020-05-19,9.114821434020996,9.478128208845725,9.100527992906246,9.217262003027658,261430400
2020-05-20,9.648465156555176,9.70921500644639,9.435245879225947,9.435245879225947,285416000
2020-05-21,9.351865768432617,9.758053824745517,9.282777765351728,9.677054316358515,322693600
2020-05-22,9.43643856048584,9.468599715428713,9.177955171416317,9.301835916135937,209664800
2020-05-26,9.39712905883789,9.924816787580482,9.336379205478536,9.892655635089957,245202400
2020-05-27,9.529348373413086,9.534113156654529,8.74079446834894,9.30421759079436,347291200
2020-05-28,9.468598365783691,9.911713203192905,9.356629142232913,9.362584439593682,303992800
2020-05-29,9.859302520751953,9.92481716004814,9.329232834772112,9.534113988073395,358492800
2020-06-01,9.980803489685059,10.034405722198352,9.72351059252603,9.774730887305482,209881600
2020-06-02,10.179726600646973,10.190447590463867,9.7247002383201,10.03440388812345,250714400
2020-06-03,10.317903518676758,10.42153461306869,10.149948297188388,10.261918444847302,215033600
2020-06-04,10.108256340026855,10.467988840552103,9.929581058374893,10.271446757766526,266408800
2020-06-05,10.707414627075195,10.783649345871178,10.18449167683891,10.232138603283781,281394400
2020-06-08,10.945649147033691,10.968281643219635,10.470373088656059,10.67167998163087,218544800
2020-06-09,11.189837455749512,11.313719091859117,10.808662981076237,10.826530690774735,213179200
2020-06-10,11.593644142150879,11.818774933687298,11.36136572107443,11.430453717627806,302911200
2020-06-11,9.886700630187988,11.222000690583924,9.865259556325151,11.027840511396308,383332000
2020-06-12,10.10111141204834,10.67882807681615,9.580570338633043,10.516829053334627,411876800
2020-06-15,10.457270622253418,10.563284568877583,9.536496773621588,9.657996495705452,398184800
2020-06-16,11.00997257232666,11.211280377861808,10.519210729980994,11.12432466098408,383217600
2020-06-17,11.117177963256836,11.370896575310015,11.006399235134255,11.217235700250331,258858400
2020-06-18,11.202939987182617,11.23986591947831,10.963514866761232,11.070720212381959,212785600
2020-06-19,11.187455177307129,11.581732598508326,10.953986242760758,11.550761960712421,289950400
2020-06-22,11.585305213928223,11.619849209866008,11.138617021474985,11.18626394376122,220133600
2020-06-23,11.887863159179688,12.223772672765703,11.752070009567651,11.836642872305706,234898400
2020-06-24,11.187455177307129,11.96767096714298,10.940883315569778,11.78065753489571,392821600
2020-06-25,11.48405647277832,11.520982407163626,10.80866321154244,11.186264334085255,301703200
2020-06-26,10.658576965332031,11.470953909048275,10.589488968859008,11.437600425075788,375940800
2020-06-29,10.999251365661621,11.009972356557633,10.2774034225627,10.626415888841835,259609600
2020-06-30,11.631762504577637,11.730629724509365,10.974236875102829,10.996869371151913,251388800
2020-07-01,12.047477722167969,12.205903345331597,11.582921841379067,11.656774613004597,252137600
2020-07-02,12.303581237792969,12.610902971171559,12.238066597766288,12.422698104176337,228152000
2020-07-06,13.207677841186523,13.291060193078641,12.780048726319846,12.781240149446901,211984000
2020-07-07,12.948003768920898,13.598382697111191,12.89321011623765,13.168370711638042,246099200
2020-07-08,13.445910453796387,13.45305808317347,12.922987525716263,13.154074518469578,239931200
2020-07-09,13.781818389892578,13.897361873162373,13.086176462067366,13.747275305111353,317596000
2020-07-10,14.07365894317627,14.109393460352134,13.327987052265922,13.748469475017064,242789600
2020-07-13,13.20410442352295,15.002768919615653,13.065929331437449,14.538213868924299,374584800
2020-07-14,13.484027862548828,13.545969137173717,12.31549178500728,12.815782221398472,459751200
2020-07-15,13.550734519958496,13.84376189238339,13.030193504149539,13.681762886829695,367544000
2020-07-16,13.260087966918945,13.383969602414584,12.744311778146868,13.10761854132107,299972000
2020-07-17,13.322028160095215,13.46496892635938,12.983736739969979,13.36014642479722,231003200
2020-07-20,14.456023216247559,14.559655218880527,13.2326924693211,13.436383113942725,251621600
2020-07-21,13.993851661682129,14.731184541412267,13.865205211339376,14.721654972766947,294313600
2020-07-22,14.155847549438477,14.309508411619259,13.77586537480137,14.07603946941274,227788800
2020-07-23,13.046869277954102,14.203493857120211,12.813400345926159,14.092715143112052,336648800
2020-07-24,12.660928726196289,12.883677538768815,12.031991971626034,12.448900901534731,357218400
2020-07-27,13.341089248657227,13.40660388973343,12.802681403846691,12.934900291563931,267624000
2020-07-28,12.839605331420898,13.306543163888254,12.789576472682848,13.231499875781177,238702400
2020-07-29,13.276765823364258,13.413750401518026,13.001606152720901,13.065929369648485,194280800
2020-07-30,13.492366790771484,13.575749140878331,12.788386596822443,12.971826676510048,302200000
2020-07-31,14.220170974731445,14.234465325653662,13.445911354507604,14.213024253665113,359815200
2020-08-03,14.75024127960205,14.9050926553486,14.539403924367694,14.56203641902177,217868000
2020-08-04,14.942017555236816,14.963458624015022,14.572754603080002,14.68948951282566,211008000
2020-08-05,15.061137199401855,15.136180499668884,14.878888535332221,15.026593198354927,162381600
2020-08-06,15.637662887573242,15.715088127721902,14.91581493051986,15.021828874417482,192064000
2020-08-07,15.1266508102417,15.701986409481236,14.73356569118346,15.559044713842637,296708000
2020-08-10,14.922961235046387,15.200503758523503,14.31427396044257,15.16000355040571,254311200
2020-08-11,14.076040267944336,14.94321093356002,13.983129255026883,14.71808012263247,310273600
2020-08-12,15.129033088684082,15.289840672662738,14.425051989129473,14.425051989129473,221247200
2020-08-13,15.235045433044434,15.625747650343742,15.071855019920399,15.256486502587816,234281600
2020-08-14,15.190974235534668,15.388708675300776,14.938447053593828,15.325576879815566,199737600
2020-08-17,15.692455291748047,15.766307160974451,15.444692012716809,15.469705534677178,126664800
2020-08-18,16.153440475463867,16.247542012711325,15.638854671679063,15.893764727004115,149313600
2020-08-19,15.837778091430664,16.344024733200428,15.757968197846857,16.151054189089766,205847200
2020-08-20,16.489347457885742,16.5798774424255,15.624559635163394,15.693647637940872,152774400
2020-08-21,16.833593368530273,16.915782464622154,16.413109234489625,16.516742125351225,164280000
2020-08-24,17.14568328857422,17.576885794706925,16.728774225824704,17.416079103908245,251384000
2020-08-25,17.54591178894043,17.5637785888187,16.92293119294077,17.01345934162205,172556800
2020-08-26,18.669187545776367,18.70730581869617,17.75794416754142,17.780576664890145,219663200
2020-08-27,18.50004005432129,19.043212669141305,18.055734655785134,18.8895527126774,302602400
2020-08-28,18.785921096801758,18.907418987326924,18.480980403460666,18.73589041531602,198145600
2020-08-31,19.22069549560547,19.59948621615735,18.79902263521951,18.884785097308725,180398400
2020-09-01,20.218894958496094,20.246291325324904,19.410090521744763,19.763867714891017,193147200
2020-09-02,20.789464950561523,20.925258095124182,19.61497266536628,20.902625601433904,289369600
2020-09-03,17.597131729125977,19.940159948858554,17.012269377399786,19.860351877524494,443024800
2020-09-04,16.87171173095703,17.903264159690096,14.75381413653648,17.31720943517032,561480800
2020-09-08,14.486994743347168,15.958087975829159,14.420288675007917,14.88365324857141,426824800
2020-09-09,15.731765747070312,16.104600310749994,14.969416695610814,15.369649447792776,290352000
2020-09-10,14.821712493896484,16.484583926329528,14.501287815791388,16.26183595619398,465936800
2020-09-11,14.497714042663574,15.269591755020803,13.914041201769843,15.12784238984658,385797600
2020-09-14,15.244575500488281,15.581675509407878,14.899136439282028,15.127840582738362,269032800
2020-09-15,15.892573356628418,16.130807108310893,15.599546859903372,15.881853274021735,300889600
2020-09-16,15.129033088684082,16.118894842417163,15.079003315330429,16.0247915024011,306141600
2020-09-17,14.432199478149414,14.765726147446548,13.823512238854434,13.961687326606087,446844800
2020-09-18,13.874733924865723,14.704977775744435,13.1933852581425,14.63469925609336,463042400
2020-09-21,14.039113998413086,14.049834080209651,12.876533123597952,13.249369498431085,375314400
2020-09-22,14.806227684020996,14.905093997974989,13.872350926713786,14.436964650524569,315066400
2020-09-23,13.435192108154297,14.788359847403886,13.306545668225235,14.752624422271499,405507200
2020-09-24,13.631735801696777,14.140364470611878,13.003989346056995,13.065930631505417,375036000
2020-09-25,14.587052345275879,14.718080725495446,13.466163028566303,13.706778715239352,324478400
2020-09-28,15.4518404006958,15.485192978628051,14.95750521231245,15.40061920185609,273331200
2020-09-29,15.289840698242188,15.585250011315498,15.190973483255185,15.423251003969664,221805600
2020-09-30,15.59239673614502,16.142717882563865,15.27673777427354,15.317237071725145,338768000
2020-10-01,16.32258415222168,16.44646671184177,15.935454334172412,16.267791411203646,278676000
2020-10-02,14.976563453674316,15.91758684488959,14.80979966517713,15.26125177225796,399553600
2020-10-05,15.921160697937012,15.97357240963218,15.276738018594466,15.30294387444205,210790400
2020-10-06,15.065902709960938,16.095071525742075,14.907477048521063,15.769882966775628,345648800
2020-10-07,15.858027458190918,15.974761466951032,15.411339252774248,15.505440768313951,225088800
2020-10-08,16.09149742126465,16.27255557133994,15.9068659105203,16.25349643605219,197893600
2020-10-09,16.80739402770996,16.84193712632506,16.314250172242996,16.38333636947319,195271200
2020-10-12,18.374969482421875,18.907422088033556,17.49350528651862,17.676944484259362,294116800
2020-10-13,18.377349853515625,18.859773522032967,18.123630348519136,18.72517088246895,283861600
2020-10-14,17.92351722717285,18.725173327277602,17.587606750357928,18.5417341302961,296589600
2020-10-15,17.55306053161621,17.675750751795395,16.90744736965438,17.036093796338964,249076800
2020-10-16,17.283857345581055,18.13792502516281,17.21238650158782,17.87586829315272,228096800
2020-10-19,16.425024032592773,17.809161387754322,16.24277537909343,17.634059455164117,277555200
2020-10-20,16.531038284301758,17.081357615814152,16.270172060638107,16.55486129364904,274710400
2020-10-21,16.488155364990234,17.03490131026547,16.404773927406705,16.567963442218687,242572800
2020-10-22,16.49649429321289,16.79547695200164,15.898527158056384,16.64062467332554,239163200
2020-10-23,16.59298324584961,16.60846720569384,16.06767732139584,16.606086176535968,191088000
2020-10-26,15.836588859558105,16.67398038198335,15.186210802700991,16.172499334170457,317113600
2020-10-27,16.210617065429688,16.342836885556117,15.785370714804353,15.993825271552721,223860000
2020-10-28,14.308319091796875,15.513782172025422,14.270201728842078,15.416105463864788,369440000
2020-10-29,15.036121368408203,15.53998607705264,14.441727593323849,14.525109939104393,276374400
2020-10-30,13.990275382995605,14.857446920619813,13.52572033811244,14.716888984047852,461622400
2020-11-02,13.995039939880371,14.542977326374832,13.532866839910001,14.269009087522372,302272000
2020-11-03,14.699021339416504,15.05756335793392,14.127260023252695,14.29164187876431,269938400
2020-11-04,16.685890197753906,16.99082907276,15.880660867342248,16.151054834626162,338375200
2020-11-05,17.973543167114258,18.17127759351215,17.58045716047168,17.827029936325513,300264800
2020-11-06,18.034290313720703,18.17365862730954,17.15997307332721,17.852041679124696,270302400
2020-11-09,16.93365478515625,18.86573057448325,16.852654367890153,18.544113569335686,331731200
2020-11-10,16.020029067993164,16.58702473494535,15.526885281431174,16.33568805764085,337333600
2020-11-11,17.096837997436523,17.175455539307684,16.376180832107963,16.446461141247745,253661600
2020-11-12,16.846694946289062,17.500647096373733,16.643006153979627,17.254076166065648,286687200
2020-11-13,17.288623809814453,17.40059396730461,16.75498069882707,17.126624781067296,209495200
2020-11-16,17.686477661132812,17.749609475789264,17.12186469099173,17.24217211149974,213748800
2020-11-17,17.52328109741211,17.79129402859011,17.40654708519893,17.724588878754002,182704000
2020-11-18,17.117088317871094,17.718628680280368,17.117088317871094,17.422027115606536,154341600
2020-11-19,17.541149139404297,17.592370337236645,16.909831199831974,17.022991859703666,159341600
2020-11-20,17.18498992919922,17.66145736997768,17.1671213096226,17.516134655133925,129993600
2020-11-23,17.18856430053711,17.598326614519234,16.766889572803283,17.369622447603916,179060800
2020-11-24,17.8913516998291,17.990218910032965,17.0420497386347,17.369621097983554,156015200
2020-11-25,18.22845458984375,18.345188614284606,17.92113284512544,18.07241177993645,128677600
2020-11-27,18.726364135742188,18.94792158905075,18.526246846828386,18.586995796859412,92927200
2020-11-30,18.822847366333008,18.913375528683638,17.936617606977528,18.78711194360175,184622400
2020-12-01,19.562562942504883,19.88656097251136,19.070611508091595,19.27191749050679,169989600
2020-12-02,19.64118003845215,19.706694678522865,18.961021931211132,19.32194770876814,146129600
2020-12-03,19.720989227294922,20.034267185295146,19.57685882863223,19.688827162623223,157461600
2020-12-04,19.962793350219727,19.99257256405474,19.5959132176629,19.72575197134357,127088000
2020-12-07,20.301084518432617,20.37136484352678,19.963985421685674,19.999719023758534,124028000
2020-12-08,20.48691177368164,20.56910088981497,19.846062411184604,20.208176907704363,133925600
2020-12-09,19.11468505859375,20.519072213781783,18.89431811302028,20.46904334443857,244878400
2020-12-10,19.349342346191406,19.567326410406174,18.494082376440517,18.706110234349726,173346400
2020-12-11,19.21355438232422,19.240950757619736,18.57032209709852,19.017010426736032,169819200
2020-12-14,19.623313903808594,20.01759045441743,19.43629954465403,19.443446266072566,146684800
2020-12-15,20.23319435119629,20.25106115708441,19.644756642888254,20.080724882352843,157417600
2020-12-16,20.572673797607422,20.756112963229157,20.12836659883375,20.341586797189812,137590400
2020-12-17,20.99434471130371,21.045564084118958,20.677493455612055,20.922873874616656,139275200
2020-12-18,20.765644073486328,21.192082684312222,20.312999605969846,21.1503910529647,168756000
2020-12-21,20.688217163085938,20.80018731199046,19.61616533029163,20.1986485709859,203596800
2020-12-22,20.85140609741211,21.049140515454933,20.271305770204044,20.88118531154221,160330400
2020-12-23,20.536937713623047,20.935978093287957,20.50953952790682,20.850213811000188,119434400
2020-12-24,20.803760528564453,20.897863873302132,20.57386584289596,20.596498338910823,77065600
2020-12-28,21.427932739257812,21.531563830023433,20.968141568360366,21.34097793686343,117052800
2020-12-29,21.491065979003906,21.8460337511337,21.2992877410344,21.720962488719042,121142400
2020-12-30,21.487491607666016,21.798386703850326,21.35408129798909,21.73287206335571,104807200
2020-12-31,21.655447006225586,21.73644560417836,21.242111328089866,21.47319834325268,106708000
2021-01-04,20.708467483520508,21.963958427319746,19.872266591333755,21.9270324903814,197472000
2021-01-05,21.22781753540039,21.26950734804287,20.521453573355043,20.521453573355043,118712800
2021-01-06,20.34992790222168,21.243304526772754,20.03784224967058,20.237957741131908,210730400
2021-01-07,21.819826126098633,21.994928060389384,20.887142686816503,20.88952371542329,123695200
2021-01-08,22.665559768676758,22.737030623669657,21.846035053096713,22.31178248986266,152815200
2021-01-11,21.66378402709961,22.267707415434863,21.53752043884894,22.01398790701246,140325600
2021-01-12,21.569684982299805,21.918696570426533,21.01221703530074,21.693565738533287,146031200
2021-01-13,21.988969802856445,22.178365145784678,21.50059002267823,21.62804591630311,108750400
2021-01-14,21.654253005981445,22.31535193719473,21.555387612443976,22.096177352771647,118236000
2021-01-15,21.12775993347168,21.8138743095936,20.85498308433939,21.608993135343784,141692000
2021-01-19,22.04376792907715,22.164077132434237,21.39339082911864,21.613755950647178,120967200
2021-01-20,23.580373764038086,23.795974983961905,22.758466361843425,22.835893409285127,121736000
2021-01-21,24.166425704956055,24.333188558231438,23.585134929118233,23.88292703680912,92168400
2021-01-22,23.947250366210938,24.185484062648918,23.79478094589694,23.92104633177531,81878800
2021-01-25,24.611927032470703,25.031218922680353,23.0610266978428,24.719133305733767,153170400
2021-01-26,24.638132095336914,24.914484096537272,24.34272277696136,24.709602941876078,90968800
2021-01-27,22.651264190673828,24.13307832827561,22.15573758060895,24.123548760669074,188900800
2021-01-28,22.98478889465332,24.061604452599266,22.715583641982626,22.844230062115898,90021600
2021-01-29,21.553007125854492,22.85138030454821,21.14324479506976,22.608382685229877,184278400
2021-02-01,23.13726043701172,23.35405218546862,21.85556181051113,22.286766096368723,105659600
2021-02-02,24.2569580078125,24.52854431115679,23.766197111870905,23.79716684204908,92746400
2021-02-03,23.978221893310547,24.831098962183873,23.978221893310547,24.759628126270673,95172000
2021-02-04,24.826343536376953,24.847785523048948,24.002054824532344,24.309376637913825,72808800
2021-02-05,25.08601188659668,25.32186276464481,24.673866743974447,25.062187060112183,86615200
2021-02-08,25.57677459716797,25.622039589615174,25.097924268498765,25.48148073718506,76994800
2021-02-09,25.564861297607422,25.865036310003937,25.36712868064716,25.36712868064716,65768800
2021-02-10,25.383804321289062,26.015122243338244,24.64766116022813,25.915064514286573,123548000
2021-02-11,25.793561935424805,25.905532065394397,25.243242669278565,25.767357900560647,98860000
2021-02-12,26.23191261291504,26.277177597127025,25.357595378116287,25.629181648230457,77471600
2021-02-16,26.012741088867188,26.64882470021974,25.748301507953595,26.434413983589927,88663600
2021-02-17,25.650625228881836,25.714949353715802,24.778690723718626,25.307569894224084,105986800
2021-02-18,25.305187225341797,25.48147967755268,24.366545742548666,24.790601493380347,110202000
2021-02-19,24.97165870666504,25.653007298064427,24.742954551294336,25.643477731059935,93377200
2021-02-22,23.037199020385742,24.25219239494352,22.98955300543715,23.952017411546272,132734800
2021-02-23,22.832319259643555,23.194435538347225,20.588158013431315,21.865090920815486,199274800
2021-02-24,23.382638931274414,23.458873645547136,21.6554445388521,22.212910546175333,123042000
2021-02-25,20.94074821472168,23.363585157874223,20.59530816644654,22.77991316322845,237792000
2021-02-26,21.255210876464844,22.193852230422184,20.547656500924727,21.533943867562805,209318400
2021-03-01,23.108667373657227,23.182519234154018,21.96276393397015,22.24149690834072,133707200
2021-03-02,22.000883102416992,23.273052079047847,21.94132467397646,23.23731665846773,151693200
2021-03-03,20.092632293701172,21.965149592129247,20.07119213003586,21.76741697387006,231542400
2021-03-04,19.099197387695312,20.64056988657489,18.315408210615157,20.00448627402437,432037200
2021-03-05,19.954458236694336,20.12360397114833,17.874676921636546,19.604254353954435,336656400
2021-03-08,18.24870491027832,20.214133350341008,18.17008733645679,19.84010643505649,235731600
2021-03-09,20.397567749023438,20.762064978123057,19.518484913492337,19.647131315100207,173429200
2021-03-10,20.223665237426758,21.321923097697773,20.085489210183496,21.26474749998933,203371200
2021-03-11,21.626859664916992,21.979446416783183,20.997922706521546,21.207567753460268,158935600
2021-03-12,21.088449478149414,21.124184902009603,20.266543817260825,20.766834298566017,166590000
2021-03-15,21.762649536132812,21.800767803030983,20.816861395275236,21.157535680966873,126701600
2021-03-16,22.119997024536133,22.868050641095184,21.82220492184292,22.236731019869822,168770400
2021-03-17,22.398731231689453,22.806112450109442,21.10988788529669,21.469621274110818,196370800
2021-03-18,20.342777252197266,21.56015170960446,20.237953833530803,21.348123843722963,228253600
2021-03-19,20.602455139160156,20.857365174495666,19.86869476578307,20.309426832053724,193286400
2021-03-22,21.700708389282227,22.124765931921495,21.033655072838567,21.033655072838567,141101200
2021-03-23,21.417213439941406,22.21053222482,21.243302011221132,21.929416340880103,187780800
2021-03-24,20.33563232421875,21.70785918447597,20.309426467241778,21.7007106454629,190483600
2021-03-25,20.226043701171875,20.53098257964308,19.451784091662073,19.968750840869635,239874400
2021-03-26,21.119422912597656,21.19565764210211,19.89966542294706,20.18316417528206,215060400
2021-03-29,21.10750961303711,21.331449916761336,20.42139707625421,21.021745318741843,190589200
2021-03-30,20.80733299255371,20.914539261017897,20.240337372567097,20.71442198376555,148349600
2021-03-31,21.741209030151367,22.060441331266464,21.086066323232888,21.152771471670132,161968800
2021-04-01,22.846614837646484,22.877584567902336,22.494028121105494,22.546439831983932,145087200
2021-04-05,24.218841552734375,24.390368309361733,23.339758518715854,23.396934104258307,130539600
2021-04-06,24.16166114807129,24.604775970531236,23.992515441068882,24.147367707856088,120606800
2021-04-07,24.34033966064453,24.53331021712744,23.847195914217743,24.068753354935815,98987200
2021-04-08,25.10030746459961,25.14318961131051,24.800132437623294,24.995484035399798,113619200
2021-04-09,25.55533218383789,25.600597175520825,24.614309649145756,24.781072538115772,129438400
2021-04-12,25.455276489257812,25.548187508779698,25.009780528365507,25.32424901388097,109632000
2021-04-13,26.327207565307617,26.443941573240355,25.757829148911732,25.819768604300318,115022000
2021-04-14,25.402860641479492,26.42726635371202,25.195598470514994,26.39391377866994,161227600
2021-04-15,26.52494239807129,26.6273829737951,26.024651932881618,26.055623480766393,120798000
2021-04-16,26.636911392211914,26.679793534097534,26.181885936583583,26.660736218043166,117488000
2021-04-19,25.91029930114746,26.5320894414757,25.431449026021106,26.24144401893711,159168000
2021-04-20,25.34330177307129,26.04370947197947,24.86921719240396,25.741153455745078,158283600
2021-04-21,25.984153747558594,26.022272018100956,24.781072642858252,25.01454250598226,111057200
2021-04-22,25.038366317749023,26.117564895310558,24.76201611778778,25.888860717473214,174848400
2021-04-23,25.981769561767578,26.281944565286047,25.18606978979941,25.18606978979941,107686000
2021-04-26,26.496355056762695,26.55591348772374,25.860271450317704,26.041327771782353,99976800
2021-04-27,26.14853286743164,26.603558314462152,25.912680182727716,26.555912298857976,119312800
2021-04-28,25.87932777404785,26.30100246691949,25.722094467483803,26.060385906145576,118950000
2021-04-29,26.13900375366211,26.7369708930231,25.390950026726586,26.64882376329131,148124400
2021-04-30,25.64824867248535,26.158068797301002,25.41716162367482,25.560101522837996,118440400
2021-05-03,25.228954315185547,26.08421259937162,25.116984162642133,25.910302980910824,134222000
2021-05-04,23.899608612060547,24.702456966425473,22.977643388254013,24.64527956043649,211234000
2021-05-05,23.620872497558594,24.502336489598708,23.442197216665683,24.309367767859626,136429200
2021-05-06,24.137836456298828,24.17595471764938,23.058638173519057,23.554164665603768,169663200
2021-05-07,24.728662490844727,25.271835117387493,24.483280216325557,24.769161789691704,158706800
2021-05-10,22.870439529418945,24.457077144210416,22.813263939517583,24.41657602618352,184214800
2021-05-11,22.756088256835938,22.927616857120277,21.441038683954957,21.58159573177834,228806800
2021-05-12,21.024126052856445,22.19147165896712,20.802568617783237,21.68403266577222,236158000
2021-05-13,21.467241287231445,22.07711904677884,20.981244265999955,21.583975304549387,208602000
2021-05-14,22.863292694091797,23.08246730227225,22.017562176170863,22.12714948026109,144263200
2021-05-17,22.477352142333984,22.670322700277598,21.853180930753396,22.515470411708222,138542400
2021-05-18,22.005651473999023,22.937144463088767,21.962769327597243,22.68223443102797,131684000
2021-05-19,22.086645126342773,22.1533502685627,20.8049485316888,20.881183239594264,191889600
2021-05-20,23.36358070373535,23.551785559485158,22.35347024608157,22.410645829607137,139226400
2021-05-21,22.97764015197754,23.806694246258164,22.89664156460347,23.713783246586058,128133200
2021-05-24,24.128307342529297,24.380834467177216,23.39931284755472,23.477930399877526,92181600
2021-05-25,24.24504852294922,24.642900276412103,23.97346218680049,24.47851840331918,106728800
2021-05-26,24.490428924560547,24.595250533031933,24.233136052025095,24.385605498509992,78034800
2021-05-27,24.204547882080078,24.57619375645057,24.166431428409304,24.387988881707003,83216800
2021-05-28,24.440397262573242,24.800130700473527,24.371311080980824,24.485662252480573,81857200
2021-06-01,24.202163696289062,24.8477787024055,23.89246093862957,24.740572433632547,103863600
2021-06-02,24.32843017578125,24.530928491204257,23.949637584154466,24.287929058633296,83178800
2021-06-03,23.563697814941406,23.982987848098347,23.199198701257327,23.701871989406367,121032000
2021-06-04,24.77154541015625,24.869220299697425,23.94963790581805,23.97346091661498,91175200
2021-06-07,24.99071502685547,25.00739131284091,24.49280565801208,24.640511203582324,62193200
2021-06-08,25.019304275512695,25.59106556247731,24.64051353616579,25.390950111708158,92944400
2021-06-09,25.047893524169922,25.519597096072875,24.997864660382785,25.338538957429623,77803600
2021-06-10,25.81501007080078,25.848362651396236,25.014544501351196,25.11698508963133,117206800
2021-06-11,26.019886016845703,26.02464989129628,25.67206501942681,25.829298322401318,68338800
2021-06-14,26.748884201049805,26.77032618292298,25.84836094911898,26.119947268984493,90823200
2021-06-15,26.253355026245117,26.763175037935095,26.077062583647965,26.686940320792083,90108000
2021-06-16,25.972238540649414,26.603558242378547,25.138420546782744,26.353413934765936,157778000
2021-06-17,26.941852569580078,27.17770527895862,25.712567426112063,25.71971414744247,144323600
2021-06-18,26.29862403869629,26.820356543169613,26.129478290950992,26.54162348636029,142894400
2021-06-21,26.779850006103516,26.872760999938645,25.82214955300152,26.355792510491792,107708400
2021-06-22,27.527908325195312,27.64702519061359,26.675031132581466,26.756029728627915,103578800
2021-06-23,27.575551986694336,27.863814558251384,27.38020041681357,27.532669846106902,93996800
2021-06-24,28.082992553710938,28.46654901965463,27.918612509434492,28.049639975592285,93672400
2021-06-25,27.994844436645508,28.29025373514724,27.83760931186908,28.228312460152374,86993200
2021-06-28,28.985897064208984,29.035925928659616,28.2878721729289,28.295018893910548,88787600
2021-06-29,29.31227684020996,29.321806407026237,28.747662275003925,28.959690138323786,74560000
2021-06-30,29.183629989624023,29.374217688016433,29.028777711877567,29.2765409927561,80546800
2021-07-01,29.19792366027832,29.33609965181961,28.742898207720028,29.08357249440754,83834800
2021-07-02,30.18897819519043,30.291418770567855,29.631510328519596,29.6934516065006,93502000
2021-07-06,30.593978881835938,30.67497748742417,29.66010298316341,30.36289184488936,109599600
2021-07-07,30.789331436157227,31.26103324756422,30.279509534389344,31.184796702001016,115275600
2021-07-08,30.25568389892578,30.46056505341145,29.121690828122627,29.46713082932713,152524400
2021-07-09,30.76788330078125,30.922737398954283,29.929301411107954,30.084153691701953,92875600
2021-07-12,31.153818130493164,31.277697021924844,30.746436954189576,31.16096484980048,87126000
2021-07-13,31.137149810791016,31.940000005058856,30.92512192269573,31.06091690251104,119450000
2021-07-14,31.306299209594727,31.94238291126632,31.101418031010123,31.770854313606712,136042800
2021-07-15,30.658300399780273,31.34679575887676,30.127038363006925,31.30629645953677,137192800
2021-07-16,29.90547752380371,31.139530040069378,29.81971324222865,30.889383915878962,127402800
2021-07-19,29.188392639160156,29.302745616912098,28.50942694569871,29.019246927285824,202286400
2021-07-20,30.15085792541504,30.565385891801437,28.95730834026444,29.40756990928848,121544800
2021-07-21,30.83935546875,30.87270804537851,30.017449831351776,30.091301705660737,81763200
2021-07-22,31.487354278564453,31.494501000246615,30.932269205245895,30.934653869245636,94957600
2021-07-23,32.5331916809082,32.66422093565203,31.515932820643037,31.851843191397876,103898400
2021-07-26,32.66899490356445,32.773818333915386,32.17108360939752,32.40455529887314,85977600
2021-07-27,31.60170555114746,32.597524518563574,30.45342076396955,32.597524518563574,178782000
2021-07-28,31.94715118408203,32.366441326020116,31.27294915400798,31.889973768525437,143940400
2021-07-29,32.104373931884766,32.428371927744756,31.797054040850426,31.799435069329242,88638400
2021-07-30,31.623144149780273,31.76846685909412,31.03470659199781,31.05376572512267,113118800
2021-08-02,31.613609313964844,32.20681249905021,31.451612152827828,32.051958422502416,109120000
2021-08-03,32.16393280029297,32.209197788115574,30.934649584180534,31.789907755155166,126835600
2021-08-04,32.323543548583984,32.580836355947746,31.875666707757365,32.18298655160003,96856800
2021-08-05,32.93104553222656,32.99060396120375,32.35213934744407,32.53319566287786,77340400
2021-08-06,32.50223159790039,32.859582254018285,32.19967732636828,32.58799590077504,86306000
2021-08-09,32.6761360168457,32.8238397514483,32.32354751433429,32.61657759029203,68421600
2021-08-10,32.18776321411133,32.902464488673644,31.85661843563713,32.821465883327996,106162400
2021-08-11,32.013851165771484,32.649934815776106,31.646969170238453,32.51890553165716,93188000
2021-08-12,32.34737777709961,32.44743551431205,31.504031914789923,31.878057006144147,79490800
2021-08-13,32.67136764526367,32.78333776881374,32.31163608704048,32.442661706585916,73289600
2021-08-16,32.728553771972656,32.74046255135809,31.32773815727859,32.38549658999382,122458400
2021-08-17,31.868528366088867,32.244938110898936,31.20147316813632,31.97335179314463,166395200
2021-08-18,30.941795349121094,32.09484563051453,30.853646404710073,31.708908184424818,130084800
2021-08-19,31.382526397705078,31.828025918630047,30.36288638381453,30.431974379579135,163247600
2021-08-20,32.352142333984375,32.464112481610506,31.585029407130563,31.673174726903248,125082400
2021-08-23,33.79344940185547,33.9959458513963,32.638014584755496,32.64516130443591,96532400
2021-08-24,34.12697982788086,34.29136167359855,33.84586578778708,33.97451039499857,72686800
2021-08-25,34.16509246826172,34.40094148183395,33.979270491138024,34.18415159862792,76127200
2021-08-26,33.5861930847168,34.18892418189872,33.45754845908098,33.988808704172556,107004800
2021-08-27,34.56771469116211,34.686831552764794,33.624307547799276,33.755336822593854,92320000
2021-08-30,35.713619232177734,35.85894195245859,34.77021206467016,34.782124478166935,91270400
2021-08-31,35.61355972290039,35.80652845236974,35.184738304547366,35.78746931875871,91796000
2021-09-01,35.80891036987305,36.40687934189525,35.75173660277862,35.9327929238412,95568000
2021-09-02,35.758888244628906,36.29252953179071,35.40153761047935,36.199618512318175,95038400
2021-09-03,36.08049392700195,36.197229751211616,35.4158234889359,35.42535123767483,93201200
2021-09-07,36.228206634521484,36.42117538255099,35.77317931808253,36.10432407171353,90370800
2021-09-08,35.8565559387207,36.175791886687584,35.1895044299137,36.166260502185715,126846000
2021-09-09,35.47300338745117,36.23535428411286,35.39915150768721,35.908971579613585,110573600
2021-09-10,34.67491912841797,36.17579231116058,34.57009570861602,35.97329219243791,138435600
2021-09-13,34.5963020324707,35.44441351667863,34.01024546616129,35.32767768210644,155549200
2021-09-14,34.29850769042969,35.22523668154147,34.02454037662762,35.00844313192323,119258400
2021-09-15,35.05847930908203,35.153771354438696,33.77201488581597,34.422395636672086,111785200
2021-09-16,35.1275634765625,35.289564306542644,34.12460148853375,34.67492083441132,105230800
2021-09-17,33.88636779785156,35.00368096222017,33.5814289076591,34.99653424097803,154650400
2021-09-20,31.801820755004883,32.74760891908146,30.49391631682178,32.26161009209357,243827200
2021-09-21,31.842321395874023,32.57846275310399,31.58740955852405,32.25208370449538,143401200
2021-09-22,32.77381896972656,33.16928423487006,31.830411713424578,32.128203903081214,175338800
2021-09-23,33.683868408203125,33.96498611214458,32.91675547333767,33.0930497498826,138739200
2021-09-24,33.77915954589844,33.888748663012976,32.94772614070263,33.04778387276809,109550400
2021-09-27,32.96439743041992,33.209777861956645,32.25684301788147,32.926282799376956,156710800
2021-09-28,30.215181350708008,31.897110732469116,30.034123225330717,31.718435453072548,297646000
2021-09-29,30.015066146850586,31.039470061619628,29.850686114509376,30.484386870331484,195061200
2021-09-30,29.676774978637695,30.860795062252297,29.560040962592694,30.441505015925205,234624000
2021-10-01,30.21756935119629,30.496302415147948,28.788166786218312,29.838778543915215,208708000
2021-10-04,28.359342575073242,29.89594935982267,27.74708198029155,29.80303835335386,257236000
2021-10-05,29.450456619262695,30.01745228588986,28.52134463737406,28.58090307444924,162612800
2021-10-06,30.03174591064453,30.093687194499218,28.411757502957638,28.649991252697998,234990800
2021-10-07,30.844120025634766,31.52784963892654,30.66782576414115,30.808386421690557,150815200
2021-10-08,30.37003517150879,31.189557925505653,30.248535466402124,31.12999949600343,157132000
2021-10-11,29.695838928222656,30.89653731212538,29.669633068880344,29.98410156340872,136215200
2021-10-12,29.393272399902344,30.16515087419136,29.209833255952823,30.05794462175069,174403600
2021-10-13,30.081769943237305,30.243768939716666,29.44568636992323,29.965035933555978,140921200
2021-10-14,31.742267608642578,31.792294662739028,30.82744720413313,30.99659477382954,121750000
2021-10-15,32.3306999206543,32.36405249623365,31.78514266312866,32.066260344575845,102858000
2021-10-18,33.30031204223633,33.357489448760944,31.823263574355263,31.982879744683277,100876400
2021-10-19,34.03168487548828,34.074565195826835,33.419422532831256,33.60047883285689,106450800
2021-10-20,33.92448425292969,34.35807141906088,33.51472191565613,34.18416180090733,118709600
2021-10-21,34.53197479248047,34.593917882245194,33.6219239301959,33.69577579707736,92100400
2021-10-22,33.65766143798828,34.46289261711766,33.20025310779095,34.17939389380722,140248400
2021-10-25,34.66777420043945,34.95603498464455,33.52425154325072,34.065043140565166,118951600
2021-10-26,34.991764068603516,36.0209316755379,34.698734024999396,35.3348211493008,167975600
2021-10-27,35.26811599731445,36.1448179197241,35.082293998708735,35.15376483705505,145068000
2021-10-28,36.425933837890625,36.50931709281835,35.59211582924551,35.808909383931166,130737600
2021-10-29,36.9643440246582,37.021517789653174,35.44441176247,35.542088457880396,134514400
2021-11-01,37.32884216308594,37.38601592937658,36.49263947950437,37.116814297722584,130045600
2021-11-02,37.82675552368164,37.967312567420365,37.154938221390296,37.171612694044036,120171200
2021-11-03,39.02745056152344,39.14656742398421,37.657606643224554,37.960160856561046,145210400
2021-11-04,40.48305130004883,40.82134635636305,39.24423677471996,39.410999639352305,160879600
2021-11-05,40.63313674926758,41.3716626271449,40.19716866931313,41.08578293205475,170505600
2021-11-08,40.46638870239258,40.95238399834391,40.27580095754855,40.61885817123602,112919600
2021-11-09,39.632564544677734,40.92617198883782,39.206127755864784,40.797527370613295,176237600
2021-11-10,37.895835876464844,39.64208567422278,37.2835735311102,38.765387415299855,193953600
2021-11-11,38.203155517578125,38.829711299366956,38.09356641828834,38.77253390384737,115438000
2021-11-12,39.41576385498047,39.56347121682935,38.05783252932256,38.54859335621317,127640800
2021-11-15,39.40385818481445,39.85888548959982,38.615305106193794,39.763593449977826,139458400
2021-11-16,40.21862030029297,40.35917732945252,39.084625411750544,39.139418152156125,103181600
2021-11-17,40.26626968383789,40.902353363925826,39.97323955226996,40.31153467823417,115936000
2021-11-18,41.4979362487793,41.66708017051454,40.20670979874781,40.89996722772278,173683200
2021-11-19,42.20072555541992,42.612868917514746,41.767142028656465,42.03157799655318,129214400
2021-11-22,40.73796844482422,43.68253753747047,40.70461586752719,42.712924496860964,179044800
2021-11-23,40.18288040161133,41.01669840678359,38.782064989671355,40.36870240909422,226025600
2021-11-24,40.554527282714844,40.633144850691956,38.672482249235316,39.38241775454007,198241600
2021-11-26,38.317508697509766,40.17573234574,37.81245440012681,39.73261750374016,177682400
2021-11-29,40.69747543334961,41.014326784198325,39.38718969615932,39.59445191315495,158932000
2021-11-30,38.94884490966797,41.16441632100596,38.28655524261901,40.423509064466536,302586000
2021-12-01,36.95005416870117,40.8856728979108,36.79996575071019,40.228149090562646,302551200
2021-12-02,37.645694732666016,38.24127905292329,36.12814341274291,36.54981812932935,396432800
2021-12-03,35.75411605834961,38.42233291505911,34.52721025615959,38.117394053444194,480573600
2021-12-06,36.5903205871582,36.99293620405095,34.67015715443142,35.87561934112143,304828000
2021-12-07,39.889854431152344,40.08996988237424,38.53192296192079,38.539069682667424,270578400
2021-12-08,40.444942474365234,40.49973521593069,39.420536680107084,39.997061886373686,205243600
2021-12-09,38.69868469238281,40.62122885463585,38.59386127765773,40.058997149876,212802000
2021-12-10,39.89699172973633,39.98275599359973,38.541441609164046,39.4919952307203,203075200
2021-12-13,38.18172073364258,39.997060583896555,38.064984897870495,39.89700285401686,179145200
2021-12-14,37.04534912109375,37.53611007766421,35.6945641584922,36.71658537400305,230933600
2021-12-15,39.49677658081055,39.611131411928824,35.74221353624249,36.91670795580185,269061200
2021-12-16,36.48310470581055,39.93272728889125,35.9613723779129,39.787404602285775,296220000
2021-12-17,35.92564010620117,37.11442385730021,35.020351384203856,35.456319460103664,300020800
2021-12-20,34.8512077331543,35.07991369354605,33.948303574399404,34.54865353966458,241866000
2021-12-21,37.18113708496094,37.27166342339013,34.71303568932535,35.77317497807757,219124800
2021-12-22,38.50810241699219,38.593866710644406,36.88335016550548,37.064406503145285,177222800
2021-12-23,39.42292022705078,39.854122736150934,38.58672106695283,38.634367090277536,131308400
2021-12-27,41.30734634399414,41.340698920823904,39.785032953053104,39.80647311633833,125963200
2021-12-28,40.821353912353516,41.686139940145736,40.506883622131994,41.63372822510882,144825200
2021-12-29,40.757022857666016,41.212050108552376,40.0113501946544,40.811815592200425,115494800
2021-12-30,40.375850677490234,41.37166953783678,40.20670676850281,40.68317421829434,113271600
2021-12-31,39.62541961669922,40.595029077733784,39.47771585665349,40.17335796241128,120497200
2022-01-03,40.7689323425293,40.842784204459136,39.33714554581592,39.98276044216978,153010400
2022-01-04,39.18468475341797,40.94999764898982,38.210309623883326,40.93570420613635,213296400
2022-01-05,35.580204010009766,39.003621063893235,35.49682076220994,38.68438878316759,266490400
2022-01-06,35.4825325012207,36.404495877575506,34.40571501851423,35.02750520225911,308453200
2022-01-07,34.322330474853516,35.95899481014505,33.829184977142,35.47299603253158,285426800
2022-01-10,34.44860076904297,34.52959936940642,31.470678974871152,32.95963987195706,358434800
2022-01-11,35.96376419067383,35.98043866089363,33.60048247487761,34.16986092375439,308653600
2022-01-12,36.3735237121582,37.14778332530571,35.70647218434229,36.68084725583457,276742400
2022-01-13,33.733890533447266,36.95004521262585,33.362242939209914,36.74992615875728,173531800
2022-01-14,34.24371337890625,34.339005404932884,32.87625063096163,32.919130952126274,178451600
2022-01-18,31.77560806274414,33.21930352108697,31.475431312091693,32.633247093511926,155320000
2022-01-19,30.670209884643555,32.738076793174294,30.570152160213812,32.09484648746422,183284400
2022-01-20,29.483802795410156,32.485547008573036,29.30274467710111,31.45637569455036,172197000
2022-01-21,27.001407623291016,29.55527326679655,26.920409034915888,28.88345428216818,342054600
2022-01-24,27.392114639282227,27.51599537717627,22.95143631056777,25.657771585711952,510169200
2022-01-25,25.371891021728516,26.82988203336193,24.65718986618687,25.800712442085118,347498000
2022-01-26,25.324243545532227,28.040106326002554,24.47613032054881,27.15387847097372,415676200
2022-01-27,24.56666374206543,26.796531677437024,24.318900436182012,26.396298924483684,323528200
2022-01-28,26.85847282409668,26.90135497237146,23.871021341164948,24.96689805983621,334032400
2022-01-31,29.45998764038086,29.569574951894932,26.787004561792667,27.182471658336553,227502200
2022-02-01,30.022212982177734,30.184211986571903,28.45940034043098,29.741097116246063,203691600
2022-02-02,30.732154846191406,31.146682894634367,29.70774895761996,31.075212040053348,201630400
2022-02-03,27.03476333618164,29.09786640554204,26.73935221482475,28.264048385824342,211150000
2022-02-04,27.968637466430664,28.78339630527108,26.62976338349593,27.096701229455565,193068800
2022-02-07,27.33493995666504,28.71669643322094,27.025237172319247,28.144935069901972,153912200
2022-02-08,28.264049530029297,28.507048952028562,26.79176500862256,27.06335131491883,158593200
2022-02-09,30.017452239990234,30.055570512098104,28.950164249500155,29.331339700261847,151075400
2022-02-10,28.02581214904785,29.97456387568364,27.53981518594785,28.259281973336833,254286600
2022-02-11,25.386186599731445,28.373637899430793,25.04313125215344,28.006757723933067,268511200
2022-02-14,25.457660675048828,26.191421119047213,24.63337205325041,25.205133461789146,190125000
2022-02-15,27.301586151123047,27.36829130729204,26.37247420464829,26.6011801937694,163444600
2022-02-16,27.29682159423828,27.539819202438352,26.06277078319911,26.810824560259007,186181000
2022-02-17,24.876361846923828,26.705996686286017,24.76201069185179,26.510645130257345,157671200
2022-02-18,24.033018112182617,25.15271773764883,23.494611189155258,25.057423881799494,226165400
2022-02-22,23.28972816467285,24.538072305056527,22.494026622455195,23.36596287971356,262876200
2022-02-23,21.50774383544922,24.123551353243023,21.426745228457442,23.93772930889307,260920400
2022-02-24,23.613727569580078,23.751901749265635,19.34934351172403,19.420812538958817,389734800
2022-02-25,24.73342514038086,24.781071158124966,22.98955435429212,23.823372387867483,238372200
2022-02-28,24.995481491088867,25.343302504525983,23.785253756063913,24.042546610139272,243401000
2022-03-01,23.842430114746094,25.238479799682477,23.275432722130102,24.738187555002728,248145000
2022-03-02,24.98118782043457,25.276597121898053,23.547019819911792,24.14260411504407,219495800
2022-03-03,23.937725067138672,25.624418429142644,23.52319708426517,25.61012498751909,223888600
2022-03-04,22.913318634033203,23.72807749787402,22.393969065970307,23.42790250998251,231391000
2022-03-07,20.354694366455078,23.127735368701074,20.31181221414903,22.89426546890603,249752600
2022-03-08,20.073575973510742,21.917504661074616,19.425579892718467,20.19745672186021,355936000
2022-03-09,22.222440719604492,22.489263135636058,21.131329864992406,21.631622122248967,219074200
2022-03-10,21.50774383544922,21.736448029847576,20.57863179612008,21.393392647039725,225574800
2022-03-11,20.173633575439453,22.141444815733884,20.05451670308036,22.07950353318497,197814800
2022-03-14,18.991992950439453,20.550041738468153,18.849053078182866,19.9211048464759,246265200
2022-03-15,20.750160217285156,20.912159247450383,19.173053882890674,19.473227113060283,211407200
2022-03-16,23.080080032348633,23.09913916442774,20.81685989895235,21.517267553439176,326175000
2022-03-17,23.85196304321289,23.913902507839012,22.413031014986906,22.675087769207508,192061600
2022-03-18,25.333772659301758,25.448125643494258,23.313551751726106,23.566078910778305,201569600
2022-03-21,25.15271759033203,25.69589020263907,24.19025310529114,25.186070167047085,221094600
2022-03-22,26.639291763305664,26.844172886881957,25.19083045816406,25.286124299898432,186689200
2022-03-23,25.514833450317383,26.81082559074061,25.491010439590617,25.996066627862422,205499400
2022-03-24,27.168174743652344,27.20152732039242,25.44812692500367,25.934123951532204,171150600
2022-03-25,27.12529182434082,27.425466824001212,26.13423866502102,27.17770353417126,198789400
2022-03-28,28.359342575073242,28.40222471787262,26.839412078213627,27.120526126190697,183407400
2022-03-29,29.812570571899414,29.998392601364017,28.654754430919272,29.31228007313028,204013400
2022-03-30,28.91680908203125,29.798274961049053,28.492753339471683,29.388512660460993,167818800
2022-03-31,27.72087860107422,28.983518171480263,27.587468286041148,28.892988185497057,168098800
2022-04-01,27.60175895690918,28.025814687885546,26.87276435500954,27.839992677015367,176162600
2022-04-04,29.32657241821289,29.32657241821289,27.744700563045065,27.816171410584595,137515000
2022-04-05,27.387348175048828,29.140748495939192,27.09193887179702,28.978749493979354,172097600
2022-04-06,25.5863037109375,26.382003519881142,24.966896358407745,26.119946772762304,296859800
2022-04-07,25.753067016601562,26.248593633677594,24.57619357301999,25.3623638271014,229654000
2022-04-08,24.700071334838867,25.533889326905562,24.53807233796275,25.357596888933575,204182400
2022-04-11,22.946672439575195,23.95201905515752,22.846614710769707,23.742374030387104,185914600
2022-04-12,22.651264190673828,24.290311649835537,22.341559604988486,23.89960846586339,247928200
2022-04-13,24.00919532775879,24.223606051035624,22.55120604463459,22.708439363318174,190084600
2022-04-14,22.393972396850586,24.13307949087175,22.312973794661723,24.023490366906774,167843600
2022-04-18,22.455913543701172,22.87520363055876,21.831740471049695,22.141445069768352,175525400
2022-04-19,23.899608612060547,24.023489356544975,22.065209549691495,22.265325017915384,172372600
2022-04-20,22.822792053222656,24.175959711862827,22.603615640337523,24.094959298549398,215629400
2022-04-21,21.483919143676758,24.190254625590747,21.245685399265874,23.651845854299964,268626400
2022-04-22,19.778162002563477,21.712620401467454,19.668574712975325,21.46485712247638,248824800
2022-04-25,20.51192283630371,20.56433454528082,19.206403074414972,19.44463679334435,332878800
2022-04-26,18.205820083618164,20.14980807254223,18.15340837544928,20.11645549781276,332263200
2022-04-27,18.12482261657715,19.163521824895696,17.805588473201517,18.186762077726875,316698600
2022-04-28,20.040224075317383,20.35945643378903,18.23917565602209,18.97770174875726,344698400
2022-04-29,17.40535545349121,19.902045703650607,17.24812213934987,19.244520110456335,320116800
2022-05-02,18.224882125854492,18.239175569425868,16.73830401431484,17.27194711273792,311905600
2022-05-03,18.26776695251465,18.663234095799034,17.772240236822316,18.19629608902034,285565600
2022-05-04,20.078336715698242,20.226042269694876,17.40535420830929,18.339231729507013,438806800
2022-05-05,17.086124420166016,19.301697150072833,16.447657913181377,19.296933274924992,455552600
2022-05-06,16.490541458129883,17.40535824074087,15.771074471991614,16.71924565378263,466794400
2022-05-09,14.541787147521973,15.923541695745671,14.298788633028156,15.513781205497235,420419800
2022-05-10,15.042076110839844,15.761542923645461,14.427433619502938,15.590014363835408,463579600
2022-05-11,13.703204154968262,15.532838351437782,13.565028156394794,14.69902121153649,529531800
2022-05-12,13.59361457824707,14.24160959228825,12.716914532813721,13.069500282357009,590993000
2022-05-13,15.070663452148438,15.246956789899,13.998611802858665,14.22255206233555,395948000
2022-05-16,14.60372543334961,15.142134097086421,14.379786085502369,14.832429564187995,318388000
2022-05-17,15.704368591308594,15.761546000794063,14.884844806599459,15.451841394275302,307981400
2022-05-18,13.412559509277344,15.09925484092317,13.193384902587786,14.989666628788786,328105200
2022-05-19,13.140973091125488,13.827086518304741,12.883681123926769,13.12191486445391,392015600
2022-05-20,13.026619911193848,13.741321072778925,11.878333450950317,13.650792004517083,458111200
2022-05-23,13.669852256774902,13.736557413167667,12.845562825627647,13.174325641315521,341040600
2022-05-24,12.816974639892578,13.036150146588032,12.11656779278819,12.936091506264795,366488600
2022-05-25,13.331559181213379,13.62696940336742,12.573975854581574,12.597799772620355,361283800
2022-05-26,14.446493148803711,14.66566865156348,13.18861935331312,13.226736713516182,337131600
2022-05-27,15.861601829528809,15.885424838487175,14.8991373634624,14.913430805321605,315035800
2022-05-31,15.747247695922852,16.199892103507224,15.11831085378124,15.86636454962511,369158600
2022-06-01,15.380367279052734,16.40477292865114,15.032546290895322,16.061715814817457,398894200
2022-06-02,16.62871742248535,16.666833879511305,14.984904090507731,15.208843501075915,336861400
2022-06-03,15.3136625289917,16.02359978179142,15.132605309956592,15.790129947156116,324723800
2022-06-06,15.504250526428223,16.261833808825074,15.246957679369897,16.01883440296588,300958600
2022-06-07,15.880661010742188,16.009305623014033,14.794313986749598,14.970607343447856,274886600
2022-06-08,15.55666446685791,16.171306155156966,15.404195013589078,15.761545635484014,225706000
2022-06-09,14.28925895690918,15.752014816408087,14.260671163889167,15.280311233235324,275959400
2022-06-10,12.76456356048584,13.636498967113294,12.707387065996862,13.464970392435909,343352200
2022-06-13,10.996867179870605,11.902155027177807,10.872985551049075,11.563863620956615,426731400
2022-06-14,11.068341255187988,11.37328111306646,10.73004972214141,11.263692883046668,393201000
2022-06-15,11.864039421081543,12.350036442198915,11.120750447412917,11.463806687077772,549823000
2022-06-16,10.415579795837402,11.015928952299804,10.15828691072939,10.953987668645077,424284400
2022-06-17,10.801515579223633,11.092160972866061,10.315518631792186,10.515634968452817,441181000
2022-06-21,11.616275787353516,11.902156433111934,11.330396050384618,11.349454275414102,318408200
2022-06-22,11.573394775390625,12.1260969436689,11.220808063305606,11.29704278246195,388973600
2022-06-23,12.068918228149414,12.183270285832954,11.516216161617619,11.883096248012333,365372800
2022-06-24,13.331559181213379,13.360147882859916,12.41197684707606,12.440565548722597,303635000
2022-06-27,13.01708984375,13.579321547985177,12.864620413880695,13.507851616332626,338262000
2022-06-28,11.830686569213867,13.441146126125018,11.79733399362182,13.083795543999603,373741600
2022-06-29,11.854510307312012,12.049862806981368,11.482866260657604,11.806864287128326,380182200
2022-06-30,11.435219764709473,11.859275540171438,10.839635401964188,11.463807559660154,512407800
2022-07-01,11.621040344238281,11.673452052429175,11.006397831191123,11.24463154654682,417200800
2022-07-05,12.221389770507812,12.235684121008028,10.958751224253861,11.154102803809137,441108000
2022-07-06,12.454859733581543,12.731210837786525,12.045098315560805,12.27856727352798,412245800
2022-07-07,13.226737022399902,13.341089105679549,12.564447532609188,12.569211407554963,275732600
2022-07-08,13.288679122924805,13.488795521907075,12.72644729203225,12.859858527616995,319458400
2022-07-11,12.44056510925293,12.993267265174461,12.321448249635539,12.959914689887915,258448200
2022-07-12,12.078449249267578,12.855090742103986,11.868803330518388,12.597798808502711,319233000
2022-07-13,12.002216339111328,12.307155242192108,11.287515103423543,11.358985045234396,361151000
2022-07-14,12.1260986328125,12.235685943266368,11.254163115811913,11.659159776949224,351647000
2022-07-15,12.76456356048584,12.793151353335555,12.297624763729578,12.516800265682852,308760400
2022-07-18,12.469152450561523,13.341087795104258,12.302388671364824,13.15526579162794,319900400
2022-07-19,13.56026554107666,13.636501182376369,12.716918699085944,12.936093327854804,298643400
2022-07-20,14.241612434387207,14.413141014964742,13.550735145885785,13.655557662466734,377126200
2022-07-21,14.846726417541504,14.856255985131265,13.922379263495227,14.298789004184487,319381800
2022-07-22,14.070083618164062,15.023018483792226,13.793732543483475,14.713313925431468,298800800
2022-07-25,13.86043930053711,14.136790407263685,13.536441263246031,14.07008524974715,220897600
2022-07-26,13.021856307983398,13.612675879388776,12.888445085231368,13.574558517000996,231755600
2022-07-27,14.646608352661133,14.889606845433343,13.545968869107755,13.626968366698492,341919000
2022-07-28,15.065902709960938,15.161195664434745,14.065320780853348,14.618023006686181,324071800
2022-07-29,15.894959449768066,16.033135490186734,15.08972895014401,15.30890451903125,292146400
2022-08-01,15.871133804321289,16.4000112267138,15.45660575172859,15.61860478183187,285283000
2022-08-02,15.723426818847656,16.366657188950658,15.347017073935024,15.504252214561513,325375000
2022-08-03,16.981300354003906,17.12900592415432,15.87113209312872,15.98548326817878,294213800
2022-08-04,17.224300384521484,17.281475974047403,16.65730291166047,17.005123959110232,253567200
2022-08-05,16.814537048339844,17.143298940408737,16.271364436409012,16.404774743176834,283898600
2022-08-08,16.64300537109375,17.54829410066766,16.4095355601771,16.962237636394576,267787800
2022-08-09,16.071247100830078,16.37618598238983,15.813954237921875,16.333303838571798,218406000
2022-08-10,17.39105987548828,17.457765019814524,16.82406433113637,17.219531322890024,271554400
2022-08-11,17.129005432128906,18.115292922105862,16.99559330829718,17.786531031306577,273361000
2022-08-12,18.096237182617188,18.129589765437554,17.267184670254608,17.43871146008244,211187000
2022-08-15,18.52981948852539,18.62034947044599,17.934235155170477,17.939000847681637,196308400
2022-08-16,18.410701751708984,18.7632884601256,17.881822597873587,18.372585301316924,220755800
2022-08-17,17.772233963012695,18.26299662943082,17.414883406849256,17.87229168251952,262838400
2022-08-18,17.8913516998291,18.086703274155806,17.481589417685523,17.753175708393893,192140800
2022-08-19,16.843124389648438,17.48635656668867,16.70971407926046,17.381533141338597,224256600
2022-08-22,15.518540382385254,16.185595353779846,15.370834859662267,16.14747709594995,224975400
2022-08-23,15.466132164001465,15.890187881019887,15.342251433358605,15.45183872289086,219509800
2022-08-24,15.585253715515137,15.866369653382586,15.294608208176644,15.389902085307556,187005600
2022-08-25,16.40477180480957,16.409535678806943,15.694834619001398,15.856833598593806,222052600
2022-08-26,14.408374786376953,16.55247910222473,14.389316561995859,16.36665528018,366276600
2022-08-29,13.965262413024902,14.351201749054702,13.798498603371371,13.984321549574862,248441000
2022-08-30,13.498322486877441,14.270200136572962,13.131442341380511,14.19396541916964,327014800
2022-08-31,13.25055980682373,14.0081431408517,13.231501580996193,13.893791059517797,341030600
2022-09-01,13.264852523803711,13.307734662620337,12.397681998915374,12.902737189790772,397320400
2022-09-02,12.712151527404785,13.836614983941434,12.469153022367312,13.646027279668457,454463000
2022-09-06,12.421504974365234,12.874149367945568,12.130859569511161,12.750267734873166,361083400
2022-09-07,13.155265808105469,13.293440887871588,12.440564675329691,12.47391724945291,331569600
2022-09-08,13.369675636291504,13.541204199401749,12.693091859210465,12.878914772176394,410799800
2022-09-09,14.217789649963379,14.303553941613242,13.655557879182814,13.66508744687493,298735800
2022-09-12,14.737138748168945,14.78478567613689,14.384552935269463,14.436963738123595,273141200
2022-09-13,12.311918258666992,13.631733235875533,12.178507053326697,13.455439889846911,391296600
2022-09-14,12.58827018737793,12.707387051032606,12.216625245611096,12.45009418931952,309291800
2022-09-15,11.954569816589355,12.650211940197899,11.74492385916652,12.330978674336398,393730600
2022-09-16,11.721099853515625,11.783040224271323,11.277984964420892,11.535276923669388,392143600
2022-09-19,12.002216339111328,12.02127456615907,11.397102408119494,11.406631976038172,302692600
2022-09-20,11.716336250305176,12.002216940666655,11.425690775745545,11.687748453905927,322118600
2022-09-21,11.073104858398438,12.35003793464706,11.068340074228596,11.821158706060144,591115200
2022-09-22,10.66334056854248,11.011162479371698,10.515635921296342,10.88728083985286,431084000
2022-09-23,10.153521537780762,10.41557919172335,9.743760131293667,10.386990489176435,561304000
2022-09-26,10.015347480773926,10.582343174807429,9.92481839758274,10.082052642709709,490607800
2022-09-27,10.024877548217773,10.649049775539842,9.767584638591899,10.396521650402192,543921200
2022-09-28,10.610929489135742,10.763398915652571,9.853346230939465,10.020110006988297,512039000
2022-09-29,9.715171813964844,10.19163930316433,9.348292537961347,10.153521940379957,540195600
2022-09-30,9.205350875854492,10.048698470135388,9.186292650658462,9.605583601655951,513197600
2022-10-03,9.843817710876465,10.010581504650489,9.224410372618161,9.386409382708406,447222600
2022-10-04,10.758634567260742,10.849163633709683,10.42987178505422,10.434636568424112,463323600
2022-10-05,10.758634567260742,10.95875092484869,10.01058084518826,10.325049277285107,458399000
2022-10-06,10.487049102783203,10.987339581766912,10.444166957865791,10.625224196236307,475087200
2022-10-07,9.291114807128906,9.962933805095068,9.1291158095835,9.948639455150651,501945200
2022-10-10,9.000470161437988,9.34352731932697,8.719354283185437,9.300645174590848,412999600
2022-10-11,8.643117904663086,9.119585280378395,8.452531136134843,8.824176016356965,529747000
2022-10-12,8.62406063079834,8.881352569414643,8.543061131665716,8.686000996587053,401483800
2022-10-13,9.200584411621094,9.348289946658157,7.775947122872321,7.871240957813049,829507200
2022-10-14,8.371533393859863,9.519819936388998,8.319121680775181,9.4578795644804,670132600
2022-10-17,9.195820808410645,9.291114655573342,8.957587099293379,8.962351882530463,460050800
2022-10-18,9.424527168273926,10.005817172057787,9.133881711987192,9.943876798955332,692553800
2022-10-19,9.310173988342285,9.64370064299112,9.05764592409386,9.248232713720267,519702200
2022-10-20,9.152938842773438,9.753287910262868,9.033821985941158,9.21011533392031,529703000
2022-10-21,9.800936698913574,9.858113200935543,8.92423639317449,9.043353272663065,627458000
2022-10-24,10.1344633102417,10.229756259017151,9.434055547354765,9.829523511307352,549244000
2022-10-25,10.744341850280762,10.787223998338332,10.229756982379559,10.234521766473694,476799600
2022-10-26,10.034401893615723,10.720515115466597,9.972461539482554,10.091578374098848,558931800
2022-10-27,9.481701850891113,10.062992707884836,9.419761483711046,9.905758489423645,513258800
2022-10-28,10.339343070983887,10.39175386765321,9.391172133559694,9.410231266013596,510777200
2022-10-31,9.98199462890625,10.182111018072344,9.762819103253076,10.091581937338013,419122200
2022-11-01,9.672287940979004,10.420342528896962,9.62940580190124,10.35840125743377,430464800
2022-11-02,8.671706199645996,9.996284861122023,8.66217663446388,9.662758258852165,662952600
2022-11-03,8.171416282653809,8.552590773789282,8.119005483074679,8.409649998817414,424463600
2022-11-04,8.552591323852539,8.743178127283187,8.02847693282608,8.638354703804158,764740400
2022-11-07,8.824178695678711,8.881354289202946,8.438239349836591,8.652650097526658,401886800
2022-11-08,9.014763832092285,9.34829139735325,8.619295900660314,8.981411257324089,592112600
2022-11-09,8.385826110839844,8.909940413165348,8.352473539482755,8.828940921816958,431138200
2022-11-10,10.22022819519043,10.263110342711816,9.386410073725138,9.600819902542435,656884800
2022-11-11,10.801515579223633,10.877750287590597,10.062991501122648,10.210696134984964,614268400
2022-11-14,10.515636444091797,10.93969218248863,10.396519581954301,10.563283370704703,428451800
2022-11-15,10.939692497253418,11.411396084624892,10.568048458316522,11.268455300673379,636531400
2022-11-16,10.49657917022705,10.758635927168967,10.396520524390757,10.72051856418124,383358800
2022-11-17,10.415579795837402,10.5823426930856,9.962935309276103,9.981994445412829,426924400
2022-11-18,10.406049728393555,10.758635550896079,10.139228196811297,10.74910598328503,389577000
2022-11-21,10.091580390930176,10.386989690894962,9.991521757285032,10.253579391087449,288222600
2022-11-22,10.515636444091797,10.529930794712529,9.924816916944563,10.163050641219554,292477200
2022-11-23,10.830102920532227,10.896808969191351,10.48704674704431,10.50610496895451,357567000
2022-11-25,10.606164932250977,10.720517004578408,10.553753224971512,10.644282289693454,134753000
2022-11-28,10.139226913452148,10.610929545018891,10.03440350057767,10.386989278452118,262765200
2022-11-29,9.896227836608887,10.205931456103993,9.753287075372317,10.158284535691804,275805400
2022-11-30,11.22557258605957,11.26845472818747,9.839052414029496,9.934346265155833,545469800
2022-12-01,11.287513732910156,11.516217882451818,10.963515733331384,11.292278516290963,411007200
2022-12-02,11.15410327911377,11.258925794213503,10.668106246871284,10.696694949089949,363310000
2022-12-05,10.59187126159668,11.054045272610876,10.415578812916877,10.901574924274623,301980000
2022-12-06,9.920051574707031,10.582341000078717,9.767582145164441,10.568047559052527,339801000
2022-12-07,9.800936698913574,10.020112229743178,9.615114657724092,9.79617191467927,347335800
2022-12-08,10.148756980895996,10.244050840603496,9.715171645927109,9.94387672746719,377840200
2022-12-09,9.953404426574707,10.334578919857503,9.89622884329547,10.029639143473364,354007800
2022-12-12,10.315522193908691,10.32028697842566,9.848584216722461,9.962936318760534,225655000
2022-12-13,10.639518737792969,11.544806763418599,10.348873285662423,11.520983753055921,695385600
2022-12-14,10.386990547180176,10.953987094472831,10.043934293807677,10.58234213839377,578911000
2022-12-15,9.35782241821289,10.020112932602617,9.219647300884498,9.939113412517099,428053200
2022-12-16,9.081467628479004,9.438818148531734,8.914703870696524,9.281583956060107,351284200
2022-12-19,8.705061912536621,9.114823366656369,8.566885893866349,9.10052992251095,310533000
2022-12-20,8.666943550109863,8.843236005420247,8.419180247133,8.576414476178012,345762400
2022-12-21,9.043354034423828,9.172000493217455,8.686003365856914,8.771767671719333,326374600
2022-12-22,8.400613784790039,8.740660978911293,7.940830595259712,8.73108195311758,460900400
2022-12-23,8.424561500549316,8.486823349065384,8.060566695938435,8.24256364149073,330134600
2022-12-27,8.065356254577637,8.371877812383778,8.007883005735836,8.36229878532576,263200600
2022-12-28,7.739675998687744,8.237774402185519,7.710939833410941,8.02225087884394,364869200
2022-12-29,8.285669326782227,8.381457781111779,7.916885878678174,7.98393724860502,306109800
2022-12-30,8.285669326782227,8.285669326782227,7.902517336476821,8.027041961702679,301941200
2023-01-03,8.098880767822266,8.640083842970588,7.88814677046767,8.496401198339932,359851800
2023-01-04,8.223406791687012,8.376667575150167,7.921674738432214,8.300037183418588,435272800
2023-01-05,7.8354644775390625,8.070145141191931,7.797149285789742,8.050987088564156,362504000
2023-01-06,8.448509216308594,8.57303384249648,7.710941400895917,7.974358282077643,466895200
2023-01-09,8.625717163085938,9.08071001869072,8.568243910148366,8.65924284667187,372042800
2023-01-10,8.855607032775879,8.855607032775879,8.477244628270004,8.534716959166634,328723000
2023-01-11,9.296233177185059,9.305812204515465,8.869976509551577,8.946606901182173,302550000
2023-01-12,9.439913749694824,9.540491697042627,8.903501075527245,9.348915741982777,561852600
2023-01-13,9.626701354980469,9.660227033797558,9.147760998150657,9.181286676967746,319566000
2023-01-17,9.679384231567383,9.823066887588746,9.48780827037847,9.60754336030982,279515800
2023-01-18,9.320178985595703,10.014642874375083,9.286653306490232,9.856592591801972,373300200
2023-01-19,9.028024673461914,9.248336768971019,8.898710575572947,9.133391208682863,332741400
2023-01-20,9.765593528747559,9.7943306077209,9.080708676155494,9.186076138711954,322650400
2023-01-23,10.407373428344727,10.536687540124104,9.760803782954051,9.842223677758895,388084200
2023-01-24,10.345110893249512,10.474424996372841,10.172692089085073,10.230165328308601,290013000
2023-01-25,10.26848316192627,10.340324044333281,9.56922965318229,9.847015068394079,436167200
2023-01-26,10.8623685836792,10.881525724947826,10.345112980337634,10.642055521298836,406837800
2023-01-27,11.17367935180664,11.408360035168739,10.694738957964082,10.709107498641629,376822200
2023-01-30,10.503162384033203,10.967734210699271,10.46484719125153,10.800104899714606,347816000
2023-01-31,10.972522735595703,10.97731224845026,10.488792899359382,10.507950950777614,316513800
2023-02-01,11.681354522705078,11.949561769048447,10.709106223605504,10.948576392015243,543277600
2023-02-02,12.888283729553223,13.146911936650898,12.33271304042431,12.43329006751375,535770200
2023-02-03,12.222558975219727,12.998441895657951,12.02619348834917,12.074086796556585,534808400
2023-02-06,11.911248207092285,12.189033603884832,11.743618883586747,11.90166917980481,323632400
2023-02-07,12.648816108703613,12.78291975187485,11.753198056846625,11.892090300214752,519789200
2023-02-08,11.968719482421875,12.59613109801171,11.882510071492263,12.476396008055302,362514400
2023-02-09,11.647829055786133,12.49555368651802,11.46104261337295,12.476395634216045,395196800
2023-02-10,11.40835952758789,11.619093547284402,11.120995121366516,11.379623361017632,367863400
2023-02-13,11.949563980102539,12.021404861217098,11.422729329418502,11.561621577772465,279739800
2023-02-14,12.208189010620117,12.32792409418466,11.518514673506612,11.753196241178566,511474400
2023-02-15,12.481185913085938,12.50034396656337,11.901668497987599,11.983088398254155,275527400
2023-02-16,11.767565727233887,12.390188808321545,11.748408585857678,11.892090343451418,388993000
2023-02-17,11.513726234436035,11.604724241488235,11.159309578262503,11.508936721405993,389804800
2023-02-21,10.704317092895508,11.231151664912803,10.675580927441832,11.063522358338268,300937600
2023-02-22,10.713896751403809,10.943787915610727,10.52710938116769,10.752211945438296,334677400
2023-02-23,10.982101440429688,11.125783167843654,10.512740156470842,11.106626030491325,359540000
2023-02-24,10.426532745361328,10.551057359198492,10.225377740471497,10.416953718103164,345563600
2023-02-27,10.651633262634277,10.919839602556799,10.584581906030202,10.766578836886787,277508800
2023-02-28,10.598949432373047,10.8815243089893,10.536687589468919,10.575002780526738,254631600
2023-03-01,10.34032154083252,10.637264026490294,10.234954999713013,10.565423161476714,308773800
2023-03-02,10.589371681213379,10.680369692140596,10.033800935157107,10.062537101054847,315874600
2023-03-03,11.235941886901855,11.269468483862584,10.718686266519018,10.77615951923105,303353200
2023-03-06,11.283835411071777,11.724460609475582,11.255099243253746,11.379623855140288,303699800
2023-03-07,10.8623685836792,11.389203214408242,10.78573819159203,11.283835740158636,352663000
2023-03-08,11.010838508605957,11.082679378220242,10.694737951498128,10.895892934521857,290985600
2023-03-09,10.431320190429688,11.35567421338872,10.340321276535121,11.068310760679374,393667400
2023-03-10,10.000273704528809,10.613317656776262,9.875750022414126,10.450477871234067,629715200
2023-03-13,10.215798377990723,10.608529347625094,9.64106955044863,9.80390935446868,659081400
2023-03-14,10.910261154174805,10.97252299574791,10.498372173978863,10.594160606328773,434325800
2023-03-15,11.068312644958496,11.120995466387372,10.455268620234063,10.618108425027955,549118800
2023-03-16,11.944771766662598,11.987876468290777,10.881523677842411,10.95815405551336,456714200
2023-03-17,11.767565727233887,12.217769968403989,11.542464063402003,11.939984567151443,403540600
2023-03-20,11.892088890075684,11.935193594787089,11.441884703926684,11.700512932195117,328356000
2023-03-21,12.394977569580078,12.452450821468108,11.939984722284091,12.121981678501216,270290200
2023-03-22,11.889158248901367,12.987507761023442,11.874705943119615,12.385342135927806,475836200
2023-03-23,12.313082695007324,12.818902381670055,11.985504441282549,12.332352436441415,392994400
2023-03-24,12.438332557678223,12.44796742785292,11.966234945099577,12.25527461851794,338830200
2023-03-27,12.183015823364258,12.650296035125525,12.072216645892901,12.520228034723404,273591200
2023-03-28,11.98068618774414,12.110753248239186,11.70128140928206,12.110753248239186,236041400
2023-03-29,12.635843276977539,12.703286451903258,12.317899899918011,12.409429332353882,238730600
2023-03-30,12.977872848510742,13.050132534406071,12.761092871992997,12.920064548495425,260300000
2023-03-31,13.613759994506836,13.64266368603276,12.963420962766895,13.006776959471676,254044200
2023-04-03,13.517412185668945,13.54631679400528,13.165747720395702,13.334354260364101,250232600
2023-04-04,13.382527351379395,13.695653249808519,13.209103381060379,13.565585272069256,232180800
2023-04-05,12.95378589630127,13.257277868634578,12.722554529935168,13.233190693701584,258274000
2023-04-06,13.213920593261719,13.276545404360842,12.578033937903363,12.74663955195165,241920600
2023-04-10,13.185016632080078,13.189833147668898,12.606937365265242,12.833351270038026,237057600
2023-04-11,12.929698944091797,13.18501747164507,12.862256695573912,13.180200036917832,208521600
2023-04-12,12.587669372558594,13.24282584325942,12.525044554074212,13.170566154598426,348038600
2023-04-13,13.310266494750977,13.363257355512333,12.761091824430315,12.780361562464147,247523000
2023-04-14,13.233190536499023,13.454787949091253,12.862257235255123,13.10793998483068,285332200
2023-04-17,13.247642517089844,13.305450815995837,12.915246865751792,13.175382832581155,228617800
2023-04-18,13.257277488708496,13.57522083805823,13.10312324888217,13.522229973556025,212829800
2023-04-19,13.228374481201172,13.363259916795911,12.929700835084628,12.944153141380019,191850600
2023-04-20,12.920065879821777,13.286182700759994,12.751459316137726,12.847806186480572,273695200
2023-04-21,12.944151878356934,13.050132691019835,12.645477342551642,12.862257321670947,228888000
2023-04-24,12.867073059082031,13.088670459751938,12.592485714703525,12.91524648695216,215290800
2023-04-25,12.13965892791748,12.741824531111169,12.125206622661386,12.659929972323555,276576000
2023-04-26,12.341987609863281,12.712920953248739,12.2889967384517,12.534680434771026,249724600
2023-04-27,13.33917236328125,13.406614615114282,12.712919600432501,12.794814157157655,255631200
2023-04-28,13.608941078186035,13.623393381791836,13.165747208090073,13.315084003356587,261072200
2023-05-01,13.570404052734375,13.743828040255513,13.425884675687952,13.555951747497016,178002600
2023-05-02,13.209105491638184,13.594491133000702,12.987508058730851,13.55595256886445,249312000
2023-05-03,12.948969841003418,13.58485754451051,12.924883582335852,13.247644410173349,340267600
2023-05-04,12.804450035095215,13.045316289268436,12.659930650124018,12.90079690429724,242621600
2023-05-05,13.589673042297363,13.710106164269506,13.02122947840756,13.064585475824076,195603200
2023-05-08,13.700469970703125,13.748643395374625,13.401795472805146,13.536680878119016,151477000
2023-05-09,13.435518264770508,13.59448994276815,13.396979704008407,13.483691695431077,129681400
2023-05-10,13.869077682495117,13.979875925523082,13.425883791551524,13.739009700419645,303102000
2023-05-11,13.984694480895996,14.061771605598844,13.724558495900032,13.926886177952959,194683000
2023-05-12,13.84017562866211,14.114763028952646,13.570405664022694,14.056955638803007,210763400
2023-05-15,14.05213737487793,14.090675938983415,13.69565542719424,13.897983118455993,172935200
2023-05-16,14.105127334594727,14.32672383418918,13.950972169291706,13.960607039404104,159327000
2023-05-17,14.610945701599121,14.683205387953205,14.081039803616228,14.235194046193413,202209200
2023-05-18,15.396169662475586,15.434709143061024,14.644667248863533,14.644667248863533,271867600
2023-05-19,15.290188789367676,15.531055947954147,15.150486848102487,15.429890730632865,198058400
2023-05-22,15.449159622192383,15.588862474615139,15.256466824740079,15.261284259530353,166624800
2023-05-23,14.851812362670898,15.367265970681617,14.803638930771475,15.20347685352265,212630000
2023-05-24,14.610945701599121,14.789187118848842,14.341175777089049,14.582042010823839,235945000
2023-05-25,15.665939331054688,15.834544951730003,15.261284003770491,15.58886221336548,261747000
2023-05-26,16.851001739501953,16.981069728152107,15.796008281779892,15.805643151790669,252784400
2023-05-30,17.08704948425293,17.665126916728425,16.87990439713932,17.491704789583782,270612800
2023-05-31,16.740203857421875,17.144859218417178,16.57159822270033,16.84618559219747,210289000
2023-06-01,17.34718894958496,17.549517583549143,16.57641757654024,16.735390205916662,216759200
2023-06-02,17.73739242553711,17.91563295531072,17.347188396684107,17.612142770533346,216505600
2023-06-05,17.775928497314453,18.16131409752699,17.612139387516187,17.7084844093217,206261800
2023-06-06,17.75665855407715,17.901177922790122,17.46761797898773,17.67476308128626,159509000
2023-06-07,16.851001739501953,18.093872405938825,16.74983836088413,17.795196948595414,228485400
2023-06-08,17.429079055786133,17.525425907059944,16.836548401297694,16.87026952359403,188153800
2023-06-09,17.641042709350586,18.122775184061027,17.438715952050707,17.66994731939209,207944000
2023-06-12,18.541881561279297,18.551514592487187,17.74702233720468,17.896360048213708,154857400
2023-06-13,18.9561710357666,19.091057370405267,18.459987203896237,18.96580590521675,266534200
2023-06-14,19.360824584960938,19.413815443234814,18.508158012454782,18.95616929356248,305313000
2023-06-15,20.040071487426758,20.276121223619473,19.033250477742115,19.14405057111627,255874000
2023-06-16,19.65468406677246,20.444725009811506,19.582425300126793,20.430273624015076,224810400
2023-06-20,19.558338165283203,19.78957137533769,19.07660568005294,19.40900227096652,168249800
2023-06-21,18.774497985839844,19.436560143279383,18.605359095092894,19.3689045869806,199266600
2023-06-22,19.397899627685547,19.422062064075902,18.479714140521878,18.54253610644166,210199200
2023-06-23,18.82282257080078,19.19009633922487,18.547366783613857,18.764832363886544,225152400
2023-06-26,18.078609466552734,19.170767371303164,18.04478168920265,18.73100442227647,216900000
2023-06-27,18.972633361816406,19.08861563503198,18.170428322792066,18.291242345798597,195354000
2023-06-28,19.088613510131836,19.397897079643716,18.668181273043842,18.68751011353172,217352600
2023-06-29,18.958131790161133,19.11760714772247,18.687507778909435,19.020955583455773,198266400
2023-06-30,19.81349754333496,19.982636419119576,19.470386199043034,19.523544658139766,184308800
2023-07-03,19.94881248474121,20.05029767322658,19.73618045089136,19.910152952893892,79868000
2023-07-05,19.93431282043457,20.219433974514356,19.673354101078374,19.678187694108452,139007400
2023-07-06,19.46555519104004,19.53321075033748,18.98713268259343,19.315746979303057,170473400
2023-07-07,19.26741600036621,19.939141538316846,19.223922887086477,19.422057771255194,168624800
2023-07-10,19.281917572021484,19.383400902401196,18.813158602921522,19.214260174959435,172013600
2023-07-11,19.557374954223633,19.629862263128235,18.991964358693988,19.339909340558386,162478600
2023-07-12,20.282255172729492,20.509384242109398,19.885985395072655,20.214599626808866,230335400
2023-07-13,21.29226303100586,21.437239482787508,20.697858288268183,20.78967627758559,164773200
2023-07-14,21.272930145263672,21.920493283478436,21.127953708479108,21.36958171761185,186056400
2023-07-17,21.862503051757812,22.02197657899073,21.31642323558668,21.398575873727037,145525200
2023-07-18,22.384418487548828,22.63571183679295,21.413074707650285,21.75618603617623,196113200
2023-07-19,22.384418487548828,22.78068827272887,22.14279047983049,22.58255338013885,200573800
2023-07-20,20.813838958740234,22.084802949474682,20.630201134455543,21.82384422709259,233862800
2023-07-21,20.630197525024414,21.350249760401063,20.543211299449375,21.205273332267765,205108600
2023-07-24,20.71235466003418,20.929820251881065,20.39340573981726,20.770344870034837,126429200
2023-07-25,21.12795639038086,21.398578615137012,20.81867279438774,20.81867279438774,138199200
2023-07-26,20.910491943359375,21.19077952644005,20.50938849021327,20.934654379982163,205764600
2023-07-27,20.7316837310791,22.07996660864834,20.514218156156517,21.799679079228984,261103200
2023-07-28,21.85283851623535,22.03164273320551,21.32608936377691,21.40824200494749,204487600
2023-07-31,21.896333694458008,22.08963502077877,21.659537403631187,21.905999037295395,159009200
2023-08-01,21.727190017700195,21.857669363121786,21.364748006020907,21.64503737992108,153056600
2023-08-02,20.306419372558594,21.118289681251625,20.06962309774166,21.113456088421906,258044000
2023-08-03,20.161441802978516,20.51905022647286,19.837659310029146,19.86665533496467,201340200
2023-08-04,19.88115692138672,20.862166276763123,19.799004264038828,20.485227084741812,247452800
2023-08-07,20.374073028564453,20.39340371113355,19.78450011453445,20.16627279963504,149792200
2023-08-08,19.852155685424805,19.953638994405484,19.330238364709558,19.953638994405484,188780000
2023-08-09,19.190095901489258,19.914979923546298,19.064450148795213,19.890817491506144,199430600
2023-08-10,19.27708625793457,20.17594293264444,19.025792855280947,19.64919369012499,260554200
2023-08-11,18.890478134155273,19.170765670688528,18.653681870234983,18.86148210893786,201573800
2023-08-14,19.518709182739258,19.54287161359569,18.653680516361767,18.7648310165569,142553600
2023-08-15,18.919475555419922,19.494549605266936,18.788996197526785,19.3640702473738,162553600
2023-08-16,18.29123878479004,19.049950554084084,18.276741694763825,18.808322555112085,190222000
2023-08-17,17.67267417907715,18.53770297930549,17.60501862482029,18.484544517110646,210232800
2023-08-18,17.59052085876465,17.788655764414735,17.09276587649207,17.170086770319532,247002000
2023-08-21,18.44104766845703,18.54736457134822,17.740326146035983,17.81764702719088,191487200
2023-08-22,18.358898162841797,18.83732062031375,18.252581241858902,18.83248887093977,180368000
2023-08-23,19.223926544189453,19.388233687450715,18.49904241394429,18.532870192544344,175454000
2023-08-24,17.957796096801758,19.77000642079336,17.92880006796665,19.755509328113643,232397200
2023-08-25,18.383058547973633,18.634351887352622,17.566354734123085,18.088272095173753,278289400
2023-08-28,18.793825149536133,18.92913623677646,18.402388977597955,18.822821172577047,182641000
2023-08-29,19.99230194091797,20.06479108460654,18.697175600909006,18.750334060483894,187495600
2023-08-30,20.32575035095215,20.432065429562005,19.852159637942993,20.02129851991928,185958200
2023-08-31,20.50938606262207,20.770344771601614,20.306419406843887,20.316084749044116,162242800
2023-09-01,20.436899185180664,20.953983021025834,20.175940470789016,20.88149387475852,165058400
2023-09-05,20.49005699157715,20.69302364507585,20.132446708087112,20.282256745294852,123778600
2023-09-06,19.94881248474121,20.412739771239906,19.610534668042778,20.364413052085958,148058200
2023-09-07,19.513883590698242,19.62019868870461,19.030627447198366,19.204599953814462,168623000
2023-09-08,19.571870803833008,19.929481106192803,19.41239541611867,19.480052814330442,149541600
2023-09-11,20.238759994506836,20.340243303038648,19.73617335681331,20.050290466240558,141712800
2023-09-12,19.59119987487793,20.20493525345077,19.523544325716042,19.977804329714044,155524200
2023-09-13,19.784502029418945,20.05029433178092,19.422059991807743,19.610531399885016,170849400
2023-09-14,20.248428344726562,20.412735468262582,19.71684560694511,20.055125195810497,152379800
2023-09-15,19.209426879882812,20.098618034351,19.054785100277513,20.030962486208107,179839600
2023-09-18,19.25292205810547,19.43655988236246,19.006462271543306,19.05478714154353,124798200
2023-09-19,19.136940002441406,19.24809052293637,18.653683923152727,19.04512201102779,148741400
2023-09-20,18.307174682617188,19.34983570254192,18.282927139124077,19.286790609484637,196038400
2023-09-21,17.264514923095703,17.836765871161724,17.24996676593154,17.72522568297518,216821200
2023-09-22,17.27906608581543,17.836767064045997,17.225720372687018,17.521545254603303,188181200
2023-09-25,17.506994247436523,17.526393023825154,16.978389615645725,17.12387858859132,162538400
2023-09-26,16.726215362548828,17.206323123407845,16.571026978769495,17.12388108668294,210679400
2023-09-27,16.828054428100586,17.104480528319787,16.309149162778983,16.88140014041819,256871600
2023-09-28,17.23542022705078,17.540942655999356,16.55162902659508,16.677717383784593,268145800
2023-09-29,17.274213790893555,17.943456749824286,17.085080353579645,17.739775155784404,286858200
2023-10-02,17.686429977416992,17.89496219658901,17.206320441424204,17.298461853396137,236463200
2023-10-03,16.75046157836914,17.647633771172302,16.50798240734458,17.317861950581364,266539000
2023-10-04,17.429399490356445,17.550639057387226,16.798954111790174,16.866847973332373,252759200
2023-10-05,17.245119094848633,17.458500096708367,16.73106259267885,17.40515438375112,218006200
2023-10-06,18.113191604614258,18.278077499152904,16.687414881228843,16.80380568618457,294897400
2023-10-09,18.37992286682129,18.47206429065022,17.526395104104225,17.754326128801857,210966000
2023-10-10,18.680593490600586,19.092807295740524,18.355670475398483,18.433263727541377,216109600
2023-10-11,19.07826042175293,19.112207356224708,18.622400266011056,18.88427635336918,191710800
2023-10-12,18.855178833007812,19.42257914431714,18.486609496628724,19.14130429810379,236509200
2023-10-13,18.142290115356445,19.049161627680363,17.928909127153503,18.957020215722775,259511000
2023-10-16,18.75333595275879,18.913373074450817,18.31687460717596,18.34112215138017,173152200
2023-10-17,18.57390594482422,18.826084529319388,17.870715910170116,18.195638993066186,210387000
2023-10-18,17.788272857666016,18.515710400318763,17.61853817103478,18.17139040745577,263165200
2023-10-19,17.313011169433594,18.190784482567857,17.186920979169294,18.016201053690363,370050400
2023-10-20,16.53223419189453,17.313017618714333,16.49828724724756,17.225724946773628,277722800
2023-10-23,16.67771339416504,17.17237101552051,16.032719904043205,16.328542873215564,263599000
2023-10-24,17.14812660217285,17.259666794498404,16.682567055952486,16.92504621752174,245074600
2023-10-25,15.892083168029785,16.81835341526764,15.799941760178346,16.794105871092952,328363200
2023-10-26,14.965814590454102,15.82903983916832,14.776680209849555,15.702951485411452,374047400
2023-10-27,15.179194450378418,15.63020581827838,15.009459785026435,15.314983107644558,294702200
2023-10-30,15.669004440307617,15.853287275282451,15.314984153436528,15.49441914404158,264305600
2023-10-31,15.896934509277344,15.950280225075348,15.324684419287781,15.673854106821446,222923600
2023-11-01,16.71651268005371,16.794105931674043,15.989075252374702,16.00362340893819,332635600
2023-11-02,17.603986740112305,17.64278429390491,17.167525359760607,17.342108801919775,234134000
2023-11-03,18.224733352661133,18.418715557897112,17.764022609025965,17.797969541191488,228661200
2023-11-06,18.433265686035156,18.530257724011232,18.098645097485416,18.336275498028336,183599600
2023-11-07,18.95216941833496,19.092805905751657,18.413865461421604,18.598148265614217,204502200
2023-11-08,18.986120223999023,19.121907970591817,18.63694961850979,19.010367771609264,187960200
2023-11-09,18.535110473632812,19.257697447164496,18.45751720432801,19.078263358766417,258365200
2023-11-10,19.771751403808594,19.800849569697164,18.709693323460282,18.792135351857397,248927600
2023-11-13,19.592315673828125,19.752350947689937,19.27709204505346,19.51957119027426,180430400
2023-11-14,20.82411003112793,20.988995937381468,20.508888226504755,20.59618087393129,233552400
2023-11-15,20.882305145263672,21.231473864643664,20.659222920418912,21.15388061034043,218432600
2023-11-16,20.9162540435791,20.955049749391204,20.528287735611674,20.736818123044124,178045000
2023-11-17,20.930801391601562,21.09568729734973,20.644675903684718,20.79501365156279,157517000
2023-11-20,21.67763328552246,21.798872843215573,20.92109777952865,20.925948397818924,165655600
2023-11-21,21.284820556640625,21.415759526192446,20.993846302060486,21.3818125914904,148275200
2023-11-22,21.53215217590332,22.02680808091754,21.36241563793589,21.614594210082572,171446400
2023-11-24,21.425458908081055,21.55639787759258,21.26542177313279,21.45940584277265,63975400
2023-11-27,21.36241340637207,21.69703582771198,21.22662567015829,21.343014629778914,121856400
2023-11-28,21.53215217590332,21.629142369062595,21.178130940988435,21.241176046517445,158349000
2023-11-29,21.454559326171875,22.17714626901262,21.40121360892134,21.939517701221273,177523200
2023-11-30,21.275117874145508,21.56124331516867,20.775611469465833,21.483650069296402,186394600
2023-12-01,21.454559326171875,21.551549521206244,20.814412569134834,21.090840544884827,172937600
2023-12-04,20.843507766723633,20.88715408825578,20.23730988431554,20.80956083330631,181143600
2023-12-05,20.99384307861328,21.1926758870399,20.494334823321893,20.51858421578792,167540400
2023-12-06,20.620426177978516,21.493350707344263,20.567080471467055,21.473951932254817,163000600
2023-12-07,21.483652114868164,21.600042919743203,20.906552409367514,21.085986460662827,162755400
2023-12-08,21.740680694580078,21.82312271462798,21.139331610235065,21.168429773176754,181789000
2023-12-11,22.29353141784668,22.346877121517238,21.62913728118288,21.66308421079707,151540000
2023-12-12,22.831836700439453,22.841534238062486,22.09954866197579,22.298381482690413,142899400
2023-12-13,23.636869430541992,23.796904714833424,22.84153622841131,22.97732581656343,230081400
2023-12-14,23.598072052001953,24.116977312447098,23.05976801453831,23.884197538132668,202697800
2023-12-15,23.879348754882812,24.146075463838873,23.617470815193943,23.73385977729842,156731000
2023-12-18,24.378854751586914,24.538890033779694,23.942391527480858,24.000587857341106,116436000
2023-12-19,24.742572784423828,24.761971560492015,24.422500379175197,24.451596693308367,120349600
2023-12-20,23.64321517944336,24.97296312751618,23.60424730818874,24.588163760283468,176165000
2023-12-21,24.427427291870117,24.485877243904607,23.838050284031485,24.300783561356504,149089400
2023-12-22,24.52484130859375,24.812222848867304,24.17900982093465,24.646613116199656,132420000
2023-12-26,24.97296714782715,25.08986706422958,24.656359646230115,24.666101615612096,87371200
2023-12-27,25.104475021362305,25.162924965766237,24.851189451491617,25.011927263124992,111495600
2023-12-28,25.041154861450195,25.33340646136644,24.97296294534243,25.28956853556997,85768200
2023-12-29,24.695323944091797,25.094735340403705,24.354362497508596,25.026543422705146,134245400
2024-01-02,23.443511962890625,24.076725072997277,23.024616593070522,24.037757197623048,176270600
2024-01-03,22.69339942932129,23.156132777699426,22.615465528611658,22.975909122609664,167812200
2024-01-04,22.313465118408203,22.878486191463224,22.274497250843627,22.342689160991444,143735400
2024-01-05,22.39627456665039,22.854135974776554,22.14786085305093,22.337824608995927,170481600
2024-01-08,23.745502471923828,23.818566299688953,22.566752266739375,22.595976311373168,135374200
2024-01-09,23.9013729095459,24.066982660653416,23.1902259198862,23.21457991250102,148431600
2024-01-10,24.37384605407715,24.554067813488306,23.789340991616495,23.950078815391212,147621000
2024-01-11,24.49074935913086,24.826840792303827,23.575026553897377,24.573555168061382,190228400
2024-01-12,24.51997184753418,24.831707385258685,24.27642822642561,24.680709671258843,128214000
2024-01-16,24.505359649658203,24.797611249662918,24.028014378668985,24.29591198835503,145874000
2024-01-17,24.08159065246582,24.154654476167256,23.31686389224241,23.901368907583226,166554600
2024-01-18,25.11421775817871,25.19215163913599,24.407940916827606,24.641742559699434,182140800
2024-01-19,26.56574249267578,26.604708511502363,25.377248259969516,25.484408063401233,186359400
2024-01-22,26.672895431518555,27.2379165341294,26.55112362614475,26.989502868726564,149656600
2024-01-23,26.9895076751709,27.02360363810034,26.43909849659603,26.794672008639253,112172000
2024-01-24,27.432758331298828,28.202357206106992,27.335340493487696,27.739623870072144,179718600
2024-01-25,27.510690689086914,28.022131986336724,27.043087323492266,27.890618191371242,151395200
2024-01-26,27.004117965698242,27.466851250427457,26.877476091248706,27.12101972972824,128382600
2024-01-29,27.79806900024414,27.861390862534257,26.955408287038676,27.08692206652259,115977200
2024-01-30,27.242788314819336,27.725003621231572,27.082048640621736,27.612973783801554,119554400
2024-01-31,25.640274047851562,26.780058354083273,25.6110500003139,26.39525895805292,203451600
2024-02-01,26.546255111694336,26.614447029365692,25.771786310258904,25.956879985431442,162261400
2024-02-02,27.880874633789062,28.095192352003377,26.68751051566921,26.877474243328095,198505000
2024-02-05,27.739620208740234,27.96854996057581,27.067439260463868,27.85652011221149,139947800
2024-02-06,27.578880310058594,28.07570954127619,27.10153501530219,27.949067670459367,140124200
2024-02-07,28.402061462402344,28.57254127614983,27.84678037314493,28.100065995063062,131823400
2024-02-08,28.518959045410156,28.684568790131546,28.260803389084927,28.40205914213062,98922200
2024-02-09,29.356752395629883,29.522362155347636,28.5968955231442,28.752763313691425,110222000
2024-02-12,29.01091766357422,29.780514562571454,28.87453196826438,29.327523265417916,116255000
2024-02-13,27.6373291015625,28.187736310810543,27.00411424235143,27.393785496662932,188933000
2024-02-14,28.514089584350586,28.616377466373777,27.69578281198406,28.153644182533462,156151400
2024-02-15,28.75275993347168,28.84043578760851,28.119546876553784,28.645602001374765,130057200
2024-02-16,27.96367645263672,28.84043305277496,27.817550662295382,28.816079064066443,151933000
2024-02-20,27.31585693359375,27.85165222541245,26.57061209406117,27.55940058589145,163321000
2024-02-21,26.974895477294922,26.994377557350486,26.21503861240964,26.775189756523165,152898600
2024-02-22,29.30803871154785,29.51748637605806,28.48973384738681,28.63098773663408,179279200
2024-02-23,29.040142059326172,29.8194827938944,28.84530826925195,29.629519058883595,140390800
2024-02-26,29.001176834106445,29.40545830663262,28.947596936497924,29.19601062948503,109875400
2024-02-27,29.181398391723633,29.269074249332455,28.674827182892766,29.205752383705978,109399800
2024-02-28,28.70892333984375,28.99630490662014,28.518959599754197,28.7527612689483,123503400
2024-02-29,29.400588989257812,29.63926071975199,28.63099018264105,29.26420514326114,136959800
2024-03-01,30.749818801879883,30.934910620193126,29.580808651454188,29.59055061948495,140959600
2024-03-04,30.384506225585938,30.8228836797407,30.350410263310252,30.730337761862497,120418600
2024-03-05,28.757633209228516,29.761031808200507,28.260803964940706,29.761031808200507,193207000
2024-03-06,29.288558959960938,29.921772058683832,28.908629614254775,29.585682501030817,181677400
2024-03-07,30.59395408630371,30.842367792591475,29.668487469909643,29.980223045678837,142370800
2024-03-08,29.25446319580078,31.236906451874095,29.113207436292658,30.647531279142253,296451200
2024-03-11,28.91349983215332,29.166785428407973,28.523830398719397,28.937853823350984,146770000
2024-03-12,30.140960693359375,30.218894581991396,28.718664903211888,29.366491862164075,170560000
2024-03-13,29.43955421447754,29.93638345765121,29.210624458866015,29.926641489186178,143779800
2024-03-14,29.200881958007812,29.761031198855758,28.63586080397093,29.64900135068617,162480400
2024-03-15,28.1341609954834,28.699182176407874,27.90523123315169,28.587152322907134,140883800
2024-03-18,28.928112030029297,29.614904991259248,28.879404047339683,29.166785604625435,129193800
2024-03-19,29.127817153930664,29.215493007504296,28.095192705062807,28.51408803700563,118810000
2024-03-20,30.161725997924805,30.225276347154047,29.017829035773524,29.364908413080514,156556000
2024-03-21,30.552799224853516,31.261624539829093,30.513690746744164,31.163855209350587,126541800
2024-03-22,30.616352081298828,30.88032687101524,30.259495580849674,30.440367644957867,91574800
2024-03-25,30.303489685058594,30.616350055723693,29.848863876187465,30.054177795138347,86669400
2024-03-26,30.01995849609375,30.802109414613135,29.95640815121565,30.60657261738073,93986000
2024-03-27,30.283933639526367,30.61634822973119,29.677765308919103,30.587016872432603,111388600
2024-03-28,30.093286514282227,30.42081163469042,30.015071420991095,30.254604328347405,87023400
2024-04-01,30.2790470123291,30.79233555724609,29.87819441529705,30.269269892304543,112290600
2024-04-02,29.46756362915039,29.536001602044387,28.841842888639697,29.26713733790588,109672800
2024-04-03,29.663103103637695,30.044401457207762,29.027605226089264,29.03738234602631,111683800
2024-04-04,28.2650089263916,30.606576192897894,28.225902308294565,30.479475488293552,167520400
2024-04-05,29.262252807617188,29.785316644148537,28.382332456943566,28.548539779332646,154897200
2024-04-08,29.28180694580078,29.65332820729279,28.993388412812802,29.433347654201096,89725400
2024-04-09,29.584888458251953,29.790202385663253,28.63653018749479,29.72665390229974,119965000
2024-04-10,28.807626724243164,28.97872167323894,28.38233223331432,28.528985313138566,202080600
2024-04-11,30.161725997924805,30.33771043283962,28.685414406444433,29.140040241709364,146931200
2024-04-12,28.704967498779297,29.501783186956864,28.41165949738825,29.27202739704806,172589800
2024-04-15,27.262876510620117,29.443124014285505,27.10155682092178,29.42845926605658,203656200
2024-04-16,27.267765045166016,27.771276507044497,27.003790244292222,27.223768934221198,163766200
2024-04-17,26.25585174560547,27.64417094565925,26.07986733274312,27.639283318544088,171026400
2024-04-18,25.786563873291016,26.6713736557197,25.669240297717913,26.343846661474565,172781600
2024-04-19,24.18804168701172,25.649688532445808,23.880068925503796,25.556806822343013,250807600
2024-04-22,24.89197540283203,25.307494586383797,24.036497034383807,24.628000637812097,142604800
2024-04-23,26.00165557861328,26.211859002613085,25.17062086768755,25.234169352305155,151835000
2024-04-24,26.25585174560547,26.842465833548363,25.825669697269486,26.55404734908947,144316800
2024-04-25,25.83544921875,26.001656540039765,24.676887462439204,24.882203266288954,172827200
2024-04-26,27.023340225219727,27.311758734778113,26.285185390137052,26.412284218934584,135994600
2024-04-29,27.345975875854492,27.5366269033726,26.82780161097474,27.414415710365894,102355000
2024-04-30,25.78167724609375,27.30198310635469,25.7767877534912,27.0331188218607,125248600
2024-05-01,25.224393844604492,26.78869775806104,25.063076011684156,25.49326000746361,208076800
2024-05-02,26.158082962036133,26.3242902593165,25.02885273076774,25.869664471602402,124829800
2024-05-03,27.717504501342773,27.917930823446508,27.243324380718853,27.53663242158945,150878000
2024-05-06,28.626750946044922,28.646303319972098,27.922813270411005,28.06946633123646,82530800
2024-05-07,28.626750946044922,28.954276053061935,28.489873139785637,28.704966036138153,93320400
2024-05-08,28.572978973388672,28.851620360599345,28.084134172696974,28.108576039772576,78027200
2024-05-09,28.729408264160156,28.84184234103627,28.230786359234656,28.597419948315626,81439200
2024-05-10,28.924945831298828,29.364906895853945,28.61697495090516,29.01782753647986,92669600
2024-05-13,29.115596771240234,29.31602306335369,28.832065893970274,29.291579331675656,67722000
2024-05-14,29.658214569091797,29.77065051960151,28.978720562279687,29.01782904329089,92952800
2024-05-15,31.026981353759766,31.100306957957507,29.84886541095073,30.15683630521224,130481400
2024-05-16,30.836332321166992,31.383836135833587,30.79233621251771,30.97320827483364,87715200
2024-05-17,30.76789093017578,30.97320671513178,30.318154610892503,30.841218395830406,70099600
2024-05-20,31.40338897705078,31.54515441691457,30.772780600902596,30.806999587794554,74539000
2024-05-21,31.564708709716797,31.613592443989162,30.968317454660312,31.01231356142341,62314000
2024-05-22,31.54515838623047,31.774916068382456,31.00254029038779,31.623375354448303,80039400
2024-05-23,31.075868606567383,32.51307373494127,30.699457828412086,32.50818424189777,130877800
2024-05-24,31.94601058959961,32.20998725935671,31.256739417319494,31.408281993986378,82558000
2024-05-28,32.2930908203125,32.31264506260375,31.677148971294756,32.19532333844661,83186400
2024-05-29,31.618484497070312,31.990007620891642,31.383837332133115,31.40339157334373,79282200
2024-05-30,30.6016845703125,31.432722990775602,30.303490800591707,31.40827925827171,84703600
2024-05-31,30.567466735839844,30.743451173655743,28.82229083549058,30.601685724882373,143746400
2024-06-03,30.86566162109375,31.35939593333358,29.79997976483975,31.154080139342216,111435000
2024-06-04,31.09541893005371,31.3496165924216,30.44036680442497,30.797223295020444,88491800
2024-06-05,32.97257995605469,32.98724843277131,31.60381676676493,31.83357441732448,104871400
2024-06-06,32.9334716796875,33.182779813321645,32.67927032474874,33.11434184766646,73031200
2024-06-07,32.81126022338867,33.40276191001094,32.5668378538957,32.81126022338867,89943400
2024-06-10,33.15834045410156,33.27077265859602,32.49840078420566,32.55217027575335,72041800
2024-06-11,33.84272766113281,33.886721903600616,32.586396655156925,32.90903228869051,71386800
2024-06-12,35.177268981933594,35.69544324142842,34.57110251520477,34.71286794517007,124402600
2024-06-13,35.739444732666016,36.12074309173457,35.23104567737796,35.96431290007593,87285000
2024-06-14,36.25761795043945,36.27717219000616,35.55368397398701,35.66122669721916,71555000
2024-06-17,37.57261276245117,37.993019601530214,36.01319660983032,36.31139224521406,93354600
2024-06-18,37.592166900634766,37.75348658417662,37.181535317945496,37.557947912876486,66433200
2024-06-20,36.70735549926758,37.96369025871164,36.28206289563598,37.86591905760842,105455000
2024-06-21,36.37005615234375,36.92244946841795,36.03764151826271,36.61447856770951,77341800
2024-06-24,35.13816452026367,36.48248778296566,35.09905976892803,36.08652466996588,93754600
2024-06-25,36.31139373779297,36.38472120894227,35.37770204256826,35.583015978114204,77675000
2024-06-26,36.538597106933594,36.656367525394806,36.023349186256986,36.11658238493899,72549600
2024-06-27,36.8035774230957,37.14707598150319,36.273605009678285,36.469891504705494,74115400
2024-06-28,36.22454071044922,38.04509087878838,36.04297501535374,36.94589155417598,107803000
2024-07-01,36.818302154541016,36.945888951399674,35.53753722506089,36.39138300728357,86557400
2024-07-02,37.94694519042969,37.97147866394928,36.430635758018795,36.45517297539211,74950200
2024-07-03,38.879302978515625,38.91855728460038,37.760471018391605,37.760471018391605,56150400
2024-07-05,40.05701446533203,40.16497223057288,38.97744430063092,39.0461440159926,79624600
2024-07-08,40.32200622558594,40.46922206093015,39.88527065628013,40.14534872071457,73365600
2024-07-09,40.41032791137695,40.9697419976922,40.05210851525847,40.690034954534575,72033600
2024-07-10,41.67637252807617,41.80886376365056,40.56735697873737,40.886322075158034,77554800
2024-07-11,38.93818664550781,41.74016540256333,38.619221538749905,41.696002903891824,149329000
2024-07-12,39.57121276855469,40.6998574959642,38.91365720559469,39.01670679036361,101019800
2024-07-15,39.865638732910156,41.033541457376856,39.370019860550464,39.97850469765633,109900400
2024-07-16,39.89508056640625,40.41032841876946,39.1295635882681,40.20913746990009,83637600
2024-07-17,36.386474609375,38.064717009612934,36.35702919866379,37.94694659832972,142840000
2024-07-18,35.841773986816406,37.25502986504456,35.11061070635821,37.20105099093156,131678400
2024-07-19,34.87016677856445,36.298147590698825,34.56592622296357,35.72401259656098,118249600
2024-07-22,36.39138412475586,36.622016763279085,35.390326232821856,36.14111871580885,112808600
2024-07-23,35.99880599975586,36.86736877570785,35.89084824078763,36.18037166200728,87127000
2024-07-24,32.11725616455078,34.536478320020976,31.920973398520943,34.46287415468667,159575200
2024-07-25,31.047502517700195,33.044708245865564,30.488088361477544,32.171237150846125,188128000
2024-07-26,31.935701370239258,32.55399896037936,31.297771006483085,31.896443310716343,137407000
2024-07-29,32.122169494628906,32.971107194520805,31.660896684202317,32.51964702642368,115640800
2024-07-30,30.811954498291016,32.67666678273721,30.100418316116354,32.52454653220843,143063600
2024-07-31,33.505977630615234,33.85929258706203,32.573619549737,32.86805117601176,173408400
2024-08-01,31.091663360595703,34.45796430087198,30.277077566132416,33.65319301862232,210693200
2024-08-02,28.82456398010254,29.79617824389114,27.970720121176708,29.271113998388113,209844000
2024-08-05,26.31210708618164,27.573243015474954,23.946863694687234,24.206943614249397,287924400
2024-08-06,26.969661712646484,28.33875527383988,26.076561696194766,26.56236975310838,192909400
2024-08-07,26.101099014282227,28.711699547759803,26.007863949489074,28.250428672360677,182751600
2024-08-08,28.49087905883789,28.63318481377651,26.50348421890877,27.210114160902023,152879200
2024-08-09,28.878543853759766,29.212229820501538,27.970722894549578,28.186636572824305,125592400
2024-08-12,29.074827194213867,29.639149483463004,28.515413097073992,29.065012681922155,108972600
2024-08-13,31.189807891845703,31.263413928580906,29.884507664649895,29.913949330573224,108962800
2024-08-14,31.243785858154297,31.719779439014467,30.360500286850623,31.400816192894023,124710600
2024-08-15,33.59430694580078,33.67772749421076,32.38224179426,32.450941509874525,106424800
2024-08-16,33.68263626098633,33.98688053807886,32.97110187547543,33.18210921813478,89675200
2024-08-19,34.98794174194336,35.01247521810241,33.31460367233503,33.7022685366477,91599800
2024-08-20,34.77202606201172,35.36088190168435,34.39417384074091,34.791655089181354,97859000
2024-08-21,35.248016357421875,35.655310209181984,34.55610725427371,34.929051247683795,103000800
2024-08-22,33.55504608154297,35.90066383170592,33.32931792861918,35.753448028390956,127496400
2024-08-23,34.610084533691406,35.19403584242812,33.61393494386072,34.448147890181524,128753200
2024-08-26,33.59430694580078,34.67878530669156,33.13794240987356,34.482498800427024,84981400
2024-08-27,33.87892150878906,34.10464967608778,32.80425581017126,33.23608686400676,71532600
2024-08-28,32.73065185546875,33.91818365303601,31.97495490772697,33.76115518100662,118625800
2024-08-29,32.55889892578125,34.070300140773654,32.284100066274874,33.09868400432035,120033600
2024-08-30,33.66791534423828,33.79550213674747,32.475479200333226,33.42746633608362,92946800
2024-09-03,30.596038818359375,33.034889724491165,30.075882808033864,33.00544806167376,147572600
2024-09-04,30.335962295532227,31.09656919695072,29.761827379418044,29.953205684789438,96798400
2024-09-05,30.434106826782227,31.268321667850227,29.79617849135147,30.002277637536405,110171600
2024-09-06,27.96581268310547,30.409570013485652,27.833319578985687,30.232912541325945,169904600
2024-09-09,29.006128311157227,29.192600306188755,28.13756360368691,28.741142087469292,110835000
2024-09-10,29.786365509033203,29.894321407945327,28.559579465596308,29.334907271646415,91582400
2024-09-11,31.685428619384766,31.871898743368714,28.348571077862683,30.02190710493332,163475200
2024-09-12,32.62269973754883,32.823890724213356,31.351747308588227,31.714874969496552,109802600
2024-09-13,33.04961395263672,33.30478753612476,32.4116874816241,32.46075817264757,87966600
2024-09-16,32.60797119140625,32.73555798685051,31.911157624644403,32.59325035805765,82331000
2024-09-17,32.627601623535156,33.49616826707958,32.127074548838884,33.22136563859656,103114400
2024-09-18,32.20067596435547,33.74151867453975,32.08781002017173,32.88767303728864,166396200
2024-09-19,34.63462448120117,35.233296669490464,34.060489511325265,34.49722504333554,114801400
2024-09-20,34.41379928588867,34.68369370156109,33.520699233827756,34.423615670378794,96759600
2024-09-23,34.668975830078125,34.9143330493372,34.369639723073725,34.654254995939226,69837000
2024-09-24,35.159690856933594,35.37560266767374,34.04576696629951,34.97812516385623,81259600
2024-09-25,35.28276443481445,35.68644598648552,34.98246433170306,35.02184881379559,64724800
2024-09-26,36.03105163574219,36.95656435405622,35.23845683877392,36.88271939512607,107003200
2024-09-27,35.4107551574707,36.26242657459942,35.14491558950989,36.24273433742711,82930600
2024-09-30,35.686439514160156,35.750440224930664,34.54924003034262,35.17937660589364,85862800
2024-10-01,34.17509841918945,35.656906571896435,33.32835090335689,35.58306161302069,134760200
2024-10-02,34.3031005859375,34.726474399250556,33.41204823173522,33.97326398316674,79119400
2024-10-03,34.22431945800781,34.859379952340184,33.66802790370571,33.83541002331515,97749400
2024-10-04,35.43044662475586,35.523983810314235,34.352320137438134,35.44521486333663,110700400
2024-10-07,34.263710021972656,35.238455170706104,33.99787043595444,34.97753958329299,82403400
2024-10-08,35.75044250488281,35.92766889754777,34.6132391926309,34.78554534254608,77914000
2024-10-09,36.61195755004883,36.73995146555209,35.474754258942234,35.701209366267726,78696200
2024-10-10,36.48396301269531,36.89748878614026,35.799673633368016,36.09504972238737,86060600
2024-10-11,36.57749938964844,36.82364675093568,35.888286026862026,36.02120394935645,70735200
2024-10-14,37.512855529785156,37.818079603171924,37.0254848168492,37.138714253142695,67691200
2024-10-15,36.01628112792969,37.7343885350579,35.51413844354285,37.58669862649462,106307600
2024-10-16,35.99658966064453,36.178736295075055,35.282760095181544,36.05566262060666,70784200
2024-10-17,36.104888916015625,37.21747591019308,36.06058419901756,37.20763166949692,97697800
2024-10-18,36.744876861572266,36.995948215379464,36.49380550776507,36.65626366351741,64151600
2024-10-21,36.946720123291016,37.128866765340895,36.02612764763044,36.45934564775332,74995800
2024-10-22,37.05501937866211,37.389779915523455,36.163967198507656,36.336269587500176,76308000
2024-10-23,35.341835021972656,36.661184895721895,34.59846901415943,36.513494991472015,118172200
2024-10-24,36.183658599853516,36.33134850466602,35.563366257915426,36.144274124448806,78612800
2024-10-25,36.794105529785156,37.90669262471085,36.62180313267313,36.774413290699414,114826000
2024-10-28,36.82856369018555,37.5079327501781,36.75472249315186,37.5079327501781,69162200
2024-10-29,37.84761428833008,38.1331461089924,36.46426741595389,36.88764114840895,78545200
2024-10-30,37.00579071044922,37.89684664769937,36.8925650357794,37.685159782109714,80473200
2024-10-31,34.18986511230469,36.099970935308626,34.180020870991775,36.09012293808526,138905200
2024-11-01,34.91846466064453,35.62244626090046,34.44586217987218,34.5000148995773,96678800
2024-11-04,34.59355163574219,35.32707354306672,34.219410316956406,34.7757020517194,82214400
2024-11-05,35.90797424316406,36.05566038984251,34.9135369116754,34.92830515075222,79352600
2024-11-06,38.82236099243164,38.99958738787158,37.507935022844215,37.73931413666361,118794200
2024-11-07,40.6389274597168,40.82599808655689,39.432803236509606,39.4623434714183,99545200
2024-11-08,40.73738479614258,40.91461118152914,40.323859067514164,40.47646921652079,70060000
2024-11-11,40.66353988647461,41.072145372993035,39.964482341095604,41.02291665609077,70806000
2024-11-12,40.44200897216797,40.84569046211668,39.70356694743907,40.63400359812465,68286000
2024-11-13,40.26478576660156,40.90476665171099,39.71833832466105,40.29924624690815,74989000
2024-11-14,39.413108825683594,40.38292989570644,39.19650173178677,40.16631904589947,77651400
2024-11-15,36.56272888183594,38.12822631360608,36.08028213737774,38.03961310969793,120601600
2024-11-18,37.30116653442383,37.77869297859786,36.582416746871814,36.88764080291871,77551200
2024-11-19,38.049461364746094,38.177459050346656,36.63657409175798,36.70057481251368,80088200
2024-11-20,38.005149841308594,38.04945831796926,36.483961000985694,37.980537359528704,101260600
2024-11-21,38.379295349121094,38.832205583359865,36.70549257485761,38.66975118267048,109865600
2024-11-22,38.52206039428711,38.69928678730874,37.84761530107085,38.22176032588436,79934800
2024-11-25,38.69929122924805,39.81187843405197,38.172535988391886,39.46234960655965,91515800
2024-11-26,39.29988479614258,39.50664765816873,38.837126599875226,39.03404522100455,69747200
2024-11-27,38.34975814819336,39.04389172695283,37.576855614048426,39.034047485484905,78463600
2024-11-29,39.32942581176758,39.46726773568639,38.32514410847386,38.46298603239267,40865800
2024-12-02,40.60447311401367,40.83584849429176,39.526346396839756,39.619883602340224,73638200
2024-12-03,40.963844299316406,41.02292101942893,40.136788997294815,40.269710678570306,84810800
2024-12-04,42.46042251586914,42.51949923845393,41.6038306958997,41.78105710774316,69992600
2024-12-05,42.11088943481445,42.65241285808308,42.01242824045892,42.46041822397794,54020400
2024-12-06,43.193939208984375,43.257939928631,42.19950549201033,42.229041974363675,62740600
2024-12-09,42.184730529785156,43.154551608919036,41.88443048733527,42.952708995900835,69577600
2024-12-10,41.726898193359375,42.88871394043936,41.37736942072494,42.46041621604544,71541600
2024-12-11,43.956993103027344,44.119451251340955,42.672103668020405,42.77056110316844,74897800
2024-12-12,43.085628509521484,43.70099685621541,42.96747883861114,43.38592856318095,66348400
2024-12-13,44.011146545410156,44.68558787471574,43.24808826473441,44.02099078672325,79663600
2024-12-16,45.926170349121094,46.17231768483989,44.63635695782694,44.66097319376293,69967600
2024-12-17,45.3108024597168,45.739100180247775,44.88250473918582,45.453568366560454,69168200
2024-12-18,40.41246795654297,45.57171778892546,40.01863447117449,45.11880759059208,134849200
2024-12-19,39.841407775878906,41.61366783592029,39.752794585081325,41.4856701701215,113317600
2024-12-20,40.87522888183594,42.26842380272059,38.64513446222278,38.920818295985484,145241000
2024-12-23,42.013736724853516,42.10264438590581,40.418342955582034,41.21850813666118,83645800
2024-12-24,43.683223724365234,43.70298140068731,42.30021652895185,42.45333380995859,48139600
2024-12-26,43.589378356933594,43.99934168668759,42.769451697425595,43.27820341480255,59062000
2024-12-27,41.81616973876953,42.76945225511758,40.640612405273565,42.660790679902945,102139000
2024-12-30,40.13680648803711,41.0258794150305,39.223035520686174,40.107168085929686,102844000
2024-12-31,39.08472442626953,40.581337210347684,38.862457178383984,40.403521904682776,105177600
2025-01-02,38.837764739990234,40.309679700485,37.80051115304943,39.78117406814329,141370600
2025-01-03,40.69988250732422,40.95178817041508,39.32675603168511,39.509507943322944,92431600
2025-01-06,42.087825775146484,42.89787165385191,41.504987519161716,41.96928348685558,92050000
2025-01-07,39.8206901550293,42.42370300906308,39.371211457010574,42.33973570340852,111021000
2025-01-08,39.85032653808594,40.21089758466086,38.74392289433057,39.791053501166346,96021200
2025-01-10,37.948692321777344,38.931613249193745,37.15840404424678,38.921736294396005,145651600
2025-01-13,37.55354309082031,37.63751038879937,36.224868564716424,36.575562608542235,113382000
2025-01-14,37.4201774597168,38.556215401038486,36.64470668971364,38.26973856181265,125271000
2025-01-15,39.94911193847656,40.24053299848685,38.82295059393137,39.17364092361749,106919200
2025-01-16,39.13412857055664,40.52701290667126,39.11930748503453,40.50725522770039,93055400
2025-01-17,41.06539535522461,41.460541396203666,40.423283980731625,41.3370587294467,87352200
2025-01-21,41.747013092041016,42.05819178507733,40.66530762919472,41.712438100413806,83451800
2025-01-22,43.36711502075195,43.91537837461362,42.82872862235439,42.89293825385105,86265400
2025-01-23,43.633827209472656,43.65358488559554,42.61139102255966,42.74475439429128,60481000
2025-01-24,42.848480224609375,43.8758567931984,42.4829726300044,43.67828379640952,72479200
2025-01-27,39.089664459228516,40.02319292194377,38.1215610078346,38.31913398673749,161821600
2025-01-28,40.82337188720703,41.080214185429526,38.526593447250235,39.307004834313766,101033400
2025-01-29,40.57145690917969,40.98636054949484,39.64286878983237,40.95178556016784,118481200
2025-01-30,41.08020782470703,41.78158838470755,39.939229324396926,41.2283885146864,115171000
2025-01-31,40.857940673828125,43.0164150283749,40.59121769214486,41.94458650878231,118146600
2025-02-03,39.87008285522461,40.49737312553159,38.20059483873738,38.78837352083951,153257000
2025-02-04,41.317298889160156,41.46053922731205,39.87502232130152,39.96392998745126,84634600
2025-02-05,41.85567855834961,41.895193911301206,40.3837674606216,40.67518470975882,79694800
2025-02-06,42.48297119140625,42.54224045056185,41.58401766642993,41.96434256344665,76431000
2025-02-07,40.86288070678711,43.06581075811185,40.67518466467082,42.60645514363527,110870400
2025-02-10,42.30021667480469,42.57681660748452,41.73713608705421,41.85074178419997,65594200
2025-02-11,41.998924255371094,42.47309724623099,41.49511663020494,41.524751264511195,62602800
2025-02-12,42.082889556884766,42.28540293069332,40.55170530705199,40.640612974120565,96986600
2025-02-13,43.85609817504883,43.94006547215402,42.27058141033584,42.468154402882654,92920200
2025-02-14,44.369789123535156,44.54266408929012,43.76225279429156,43.86597777374455,76057400
2025-02-18,44.646385192871094,44.82420050460861,43.83633933646297,44.76492747789901,68825200
2025-02-19,44.65132522583008,45.00695584669247,43.920306308680566,44.45375223997416,68515800
2025-02-20,44.10800552368164,44.56736114737567,42.91763093009062,44.47845348574484,80266000
2025-02-21,41.34693145751953,44.350030510435914,41.228389164701966,44.340149787806055,118627200
2025-02-24,39.860198974609375,42.00880015656611,39.7614143593341,41.737136811971816,106467400
2025-02-25,38.33889389038086,39.70213961044464,37.43005964194698,39.67744534189059,151194400
2025-02-26,38.58586502075195,39.73672060963411,37.87954401697343,38.81307267511814,126351400
2025-02-27,35.38519287109375,39.598420880127314,35.306165923516154,39.37615358614889,206751000
2025-02-28,37.00528335571289,37.12876601808651,34.61466082098764,35.296283760668985,186358000
2025-03-03,34.61465835571289,38.0573553404414,33.80461244970518,37.72148237197053,183891600
2025-03-04,34.23433303833008,35.943332679687984,32.60436411186109,33.962673434781195,261673800
2025-03-05,35.56794357299805,35.90381653184559,33.335375149955134,34.352874748800254,201266600
2025-03-06,32.61918258666992,34.822112969104076,32.18946153808964,33.77991893196165,245645400
2025-03-07,33.29586410522461,33.59222171644526,31.063295646019977,32.38208946540634,270354600
2025-03-10,29.541990280151367,31.705406866178993,28.588704057997,31.61155884497271,312271600
2025-03-11,29.196243286132812,30.549612316890187,28.336803059466675,29.339483637943175,278978600
2025-03-12,30.19397735595703,30.949690552252516,29.220933495171906,30.594059926139035,283837200
2025-03-13,28.544252395629883,30.05567896179633,28.17380441228385,30.030982806412435,242454600
2025-03-14,30.569366455078125,30.73730294500771,29.388872548306555,29.49259752862299,198217000
2025-03-17,31.16208267211914,31.74985942747698,30.203857954365308,30.564427078327252,180300800
2025-03-18,29.591384887695312,30.51503466692948,29.146846553199786,30.510096189522145,175652400
2025-03-19,30.74224281311035,31.567106049335624,29.606200872537975,29.97171036270571,185186400
2025-03-20,30.42612648010254,31.428806954287133,29.818592022804246,29.96183235971574,176818200
2025-03-21,30.712604522705078,30.831146810258495,29.1764800720407,29.403687693347823,160982000
2025-03-24,32.66363525390625,32.86120828407358,32.01658725429058,32.13512956503413,126823000
2025-03-25,33.2464714050293,33.27610980703442,32.64387539894715,32.83651182260897,111139400
2025-03-26,31.39768409729004,33.18603274153145,31.090542253671043,33.01264774090361,157006400
2025-03-27,30.86266326904297,31.818763878817517,30.59020032426764,31.011279248942717,144736000
2025-03-28,28.40553855895996,30.619922788039005,28.22224558898336,30.486167845703232,207264200
2025-03-31,28.385725021362305,28.54920392812651,26.275373493324313,27.107625279248957,213709000
2025-04-01,29.039636611938477,29.222931485734815,27.553472991617603,28.07858481777603,194196400
2025-04-02,29.688594818115234,30.31773763168719,27.78630534621218,27.835843376672603,246174800
2025-04-03,24.91800880432129,26.6667292228221,24.823885791896764,25.973185467811252,280231400
2025-04-04,20.355487823486328,23.174244146959694,20.325763870726966,22.782889162612648,516053400
2025-04-07,20.43474769592285,23.19901265496261,17.338573802601207,18.205502492731267,791455200
2025-04-08,19.27058982849121,23.189107993625466,18.37889010767292,22.485656201619356,502295400
2025-04-09,26.062355041503906,26.45866494280244,19.186371167394324,19.201232198144684,713864000
2025-04-10,22.857194900512695,24.442436384861438,20.593272596618693,24.115480482257077,563385400
2025-04-11,24.065940856933594,24.308679826983678,22.104203681703854,22.624360507279995,358585800
2025-04-14,24.571237564086914,25.78493822195667,23.813294728695876,25.710631175406327,294861400
2025-04-15,24.665363311767578,25.368813203212714,24.36812944614253,24.749578345354045,209340200
2025-04-16,22.43611717224121,23.78357089879694,21.38094047594646,23.199014948520222,269148800
2025-04-17,22.371715545654297,22.931504353173707,21.97045070118831,22.832426403826645,202191600
2025-04-21,20.736936569213867,21.618726374310754,19.93440874783631,21.484971422455367,229539400
2025-04-22,22.32217788696289,22.77793381587971,21.35121623492514,21.529556168763804,260222800
2025-04-23,23.803386688232422,25.180566246813825,23.595324690677927,24.392899460812988,303995400
2025-04-24,25.82952308654785,25.89887708557657,24.046127521006117,24.1452054723706,240615400
2025-04-25,26.681589126586914,26.785620118517166,25.502565548780197,25.77998341701549,226103200
2025-04-28,26.661775588989258,27.06799349999652,25.581829857846596,26.760853543083545,191356800
2025-04-29,27.181930541992188,27.33054651762859,26.171340773811853,26.27537176778187,169808000
2025-04-30,27.186885833740234,27.454393837477273,24.927916549401274,25.740352323927528,268446600
2025-05-01,28.1231689453125,29.173390675883645,28.053814947504222,28.514525806950303,205481600
2025-05-02,29.440900802612305,29.817394746403554,28.747357039609543,29.049543937921392,195097800
2025-05-05,28.93065071105957,29.475576581025408,28.583878843920104,28.682956790210614,138579000
2025-05-06,28.108308792114258,28.75231265013103,27.528703997070824,27.771444886735374,165885800
2025-05-07,28.43526268005371,28.8612946336837,27.290916093038373,28.21729082171481,207867200
2025-05-08,29.282379150390625,30.07499903662787,28.564066315501005,29.326964137101147,197621600
2025-05-09,29.213024139404297,29.85702801098848,28.89597619584007,29.624195100665773,146818800
2025-05-12,32.750091552734375,32.77486245740637,31.630513936827747,32.62128965155694,202490000
2025-05-13,34.25111770629883,34.60779758446894,32.87394000520501,33.027509038496746,170595400
2025-05-14,34.85548782348633,34.979334780283956,34.28579106631538,34.48394695309343,161184800
2025-05-15,34.964473724365234,35.51435451450132,34.147083054202746,34.41954787075997,161694800
2025-05-16,35.39546203613281,35.43013903608407,34.50376613188212,35.22703197337229,127627200
2025-05-19,35.489585876464844,35.598571810043715,33.899391304405334,33.91920727228416,143794200
2025-05-20,35.118045806884766,35.25675380578278,34.37991893874348,34.96447677660618,134069400
2025-05-21,33.656654357910156,35.662973038854524,33.2801585043452,34.30065634532664,219255200
2025-05-22,33.830039978027344,34.553305854926215,33.49813099374336,33.76564091196783,173542000
2025-05-23,32.854122161865234,33.359416107435194,32.130856352181894,32.24479344150708,214220800
2025-05-27,35.14281463623047,35.246845629258644,33.879574130371104,34.17680607895293,130539600
2025-05-28,34.69200897216797,35.63820153732279,34.56816201523205,35.34096581706924,132542600
2025-05-29,34.86044692993164,36.19303777440877,34.34524307448512,36.163315710665,193248800
2025-05-30,34.67715072631836,34.97438269092776,33.21080309200375,34.74154978847239,187118200
2025-06-02,35.474727630615234,35.52922060168301,34.02819587747549,34.28084098387002,137925400
2025-06-03,36.30202102661133,36.59925298057299,35.370693229662294,35.54903315794116,128728400
2025-06-04,36.594303131103516,36.81722615966409,36.01965139066636,36.450640195994225,128889000
2025-06-05,35.74223327636719,37.476090709792395,35.32115436986577,36.881623036341054,198008800
2025-06-06,36.762733459472656,37.159045268142265,36.43082449292983,36.792455522294546,131215400
2025-06-09,36.92620849609375,37.27297845772433,36.57943475495406,36.81226763469564,100363800
2025-06-10,37.63956832885742,37.79313734403178,36.539806760747716,37.01042367922282,122693000
2025-06-11,37.25316619873047,38.1844978103799,36.767688204134465,37.941755033572406,181652000
2025-06-12,37.49591064453125,37.71387874630295,36.916303940170316,36.95593587849596,126110000
2025-06-13,36.07909393310547,37.09959157899157,35.80167419848395,36.212846974460774,210666200
2025-06-16,37.5504035949707,37.7733266337925,36.767689821247174,36.767689821247174,116668600
2025-06-17,36.440731048583984,37.342336834184586,36.20294698398029,36.99556683184188,135418200
2025-06-18,36.39119338989258,37.13427521354015,36.08405154216146,36.61907136227001,142661400
2025-06-20,35.89085006713867,37.31756956742374,35.529219034559425,37.035198629577245,163355000
2025-06-23,37.00547409057617,37.1194149689359,35.380602406464966,36.02956311627878,167572800
2025-06-24,38.68979263305664,38.89290347781628,37.976436656642996,38.10028362651802,113191600
2025-06-25,38.98686218261719,39.45382760846714,38.609312523133205,39.18556893910392,101438200
2025-06-26,40.054927825927734,40.1642188257672,39.05641377849718,39.45383111689943,100144200
2025-06-27,40.44738006591797,40.859703822624724,39.66744422966108,40.25363830844636,146023600
2025-06-30,41.23228073120117,41.4756991586305,40.651055514852445,41.132927353908336,113721400
2025-07-01,40.1840934753418,41.00377224961138,39.64757604599198,40.79512784600504,140390000
2025-07-02,40.98389434814453,41.028602231827314,39.95557133246735,39.970473960361616,100285000
2025-07-03,42.13144302368164,42.36989644504688,41.47570085253795,41.47570085253795,83484600
2025-07-07,41.19253921508789,41.71415393820175,40.63615421986087,41.53034601508509,139674800
2025-07-08,41.247188568115234,41.61976946515121,40.96899604449015,41.47073938039015,115515400
2025-07-09,42.10163497924805,42.41957032662173,41.40614998558499,41.71415151151688,117976200
2025-07-10,41.90789794921875,42.33512433084655,41.30183244085892,42.24073596115777,110317800
2025-07-11,41.589962005615234,41.952605270425686,41.108090131197876,41.39125144635908,106937600
2025-07-14,42.03208923339844,42.19602572211155,41.00873501310782,41.545248573304846,97311400
2025-07-15,42.141380310058594,43.05544353969981,42.12647768198009,42.93621872498324,123257600
2025-07-16,42.2606086730957,42.399704933625365,40.95409303730482,42.25563986662283,166357600
2025-07-17,43.24422073364258,43.37834817787901,42.225831516330935,42.40963944148097,97330800
2025-07-18,43.09518814086914,43.586993837678435,42.81699563198124,43.53731714538969,98496200
2025-07-21,43.75093078613281,44.202997407843206,43.278996519372235,43.29389914820423,87720400
2025-07-22,43.070350646972656,43.79564480298899,42.45932009167735,43.78073838327173,108345200
2025-07-23,43.63667297363281,43.65654440967885,42.67293296097775,43.30880375409541,118025200
2025-07-24,43.924800872802734,44.19305956062072,43.51744592983958,43.93970350155562,90378200
2025-07-25,44.173187255859375,44.501060242322076,43.70622180707879,43.870154510221525,79003200
2025-07-28,44.605384826660156,44.804095393662664,44.30235206475132,44.50602764811449,95592000
2025-07-29,44.401702880859375,45.51944549164373,44.20299611545749,45.20151011889438,116251200
2025-07-30,44.555702209472656,45.14686123535684,43.84531458518319,44.580538658240854,145527600
2025-07-31,43.82048034667969,46.07583714248078,43.54725663228701,46.05596570669223,178874600
2025-08-01,41.19253921508789,42.38479873214204,40.66595947600845,42.35002466994035,219781200
2025-08-04,43.44789505004883,43.502540545407,42.305316033669975,42.33512128928771,108586000
2025-08-05,42.543766021728516,44.019186828808934,42.43447503007982,43.74099433376752,152088400
2025-08-06,44.13344192504883,44.24770172034629,42.628215893178385,42.737506882570294,128995200
2025-08-07,44.58053970336914,45.53931457834761,43.62673363429613,45.15183109966722,169239200
2025-08-08,45.78274154663086,45.84235206332739,44.75938345897095,44.82893158850945,104522600
2025-08-11,45.38035202026367,46.3192555676417,45.06738543450061,45.81751602714535,94617000
2025-08-12,47.05447769165039,47.138928440649224,45.27105540053419,45.91189491193215,119469600
2025-08-13,47.12403106689453,47.849321408151596,46.78622424314985,47.715193955969916,96058600
2025-08-14,46.994869232177734,47.48667494992002,46.51796614374751,46.61731953255383,106385800
2025-08-15,46.329193115234375,46.9501612695075,45.91190054471664,46.9302898337601,96167400
2025-08-18,46.26957702636719,46.42854471613646,45.81751419830937,46.10067551415114,73371400
2025-08-19,44.381832122802734,46.13048048966697,44.12351104978959,46.08576881370799,111118600
2025-08-20,43.57209014892578,44.15828419988412,41.917830184345654,44.12847894325375,164404200
2025-08-21,42.966026306152344,43.691316635899106,42.41957510320218,43.19454212592828,119920000
2025-08-22,44.898475646972656,45.36544486589435,42.90641273282095,43.22931310921901,132726400
2025-08-25,44.50602722167969,45.19654728816716,44.22783470459498,44.52093364088533,80452600
2025-08-26,45.02267074584961,45.092218871368544,44.133443952327696,44.366928569464946,84374600
2025-08-27,45.22634506225586,45.42505559447141,44.48118340901368,44.779247312292924,90055200
2025-08-28,46.05099868774414,46.25467806991619,44.963065014235745,45.345579745268765,90658000
2025-08-29,44.39176559448242,45.49957050649519,43.959570454273894,45.4151197587807,121887000
2025-09-02,43.259124755859375,43.338606705722924,41.85325199868579,42.28047837570737,166668000
2025-09-03,44.267578125,44.65009284073854,43.512478726272334,44.0788051703625,119929800
2025-09-04,45.46480178833008,45.53435370707183,44.02415873187059,44.41164224581976,101759600
2025-09-05,45.613834381103516,46.81602775997223,44.555706061864484,46.66699768421261,172625800
2025-09-08,46.26460647583008,46.746478333238066,46.02118803913016,46.15531927268112,101696800
2025-09-09,46.64215850830078,46.751449507073396,45.82247980759491,46.44841675232705,94620800
2025-09-10,46.69183349609375,47.42209260659621,46.170222552940984,47.41712380044564,120818800
2025-09-11,47.47673416137695,47.68041350566193,46.90047776868767,47.287961234305826,91247200
2025-09-12,48.067901611328125,48.37093435909457,47.45686730957764,47.670480495870564,92235200
2025-09-15,49.2949333190918,49.31480096301434,48.470285863031705,48.5050599250289,78114400
2025-09-16,49.16080093383789,49.583058473924,48.986930627930484,49.51351035156104,77137200
2025-09-17,48.847835540771484,49.28002691282766,47.44693165840936,49.12602803681578,147697200
2025-09-18,50.16429138183594,50.85480764332218,49.57312850570894,50.055000383887545,123401600
2025-09-19,51.1578369140625,51.31183578791502,50.248738718551245,50.6113819615114,84365400
2025-09-22,52.02222442626953,52.20106354321943,50.87964160021056,50.87964160021056,81054600
2025-09-23,50.97403335571289,52.11164745139907,50.66106677527516,52.05700195146869,99930600
2025-09-24,50.42605972290039,51.39569446326747,49.71996274421836,51.32110630007502,101055600
2025-09-25,49.74980545043945,50.157549818681204,48.48181792566797,49.426592572192604,122820600
2025-09-26,50.346500396728516,50.41114145125475,49.09840337403699,49.92383917683166,124097400
2025-09-29,51.01778793334961,51.853167081225905,50.68960530045813,51.112266533804245,92393200
2025-09-30,51.415592193603516,51.50012368682563,50.33158827659393,50.92331631657296,92323800
2025-10-01,52.141571044921875,52.280800266343014,50.3713644404901,50.58518182873306,93996400
2025-10-02,52.77804946899414,53.126122521329904,52.04212250299517,53.11120564676005,89158600
2025-10-03,52.062007904052734,53.14104192810201,51.594596072542224,52.92722454568248,103096400
2025-10-06,53.2255744934082,53.643262154788836,52.773075733200784,53.4045845750604,82476800
2025-10-07,52.365333557128906,53.73276941906577,51.972506072454344,53.55375933000617,100185800
2025-10-08,54.14051055908203,54.22504583601357,52.539370759044544,52.569204507542935,86931000
2025-10-09,53.926692962646484,54.18029120501361,53.086344102338856,54.14051034469884,87956200
2025-10-10,48.268001556396484,54.52837379291108,48.14866275657801,54.06593167568846,238009400
2025-10-13,51.3310546875,51.5548153889267,50.1475987461711,50.74927003510959,114511200
2025-10-14,50.28683090209961,51.48023023142249,48.26799953418873,49.59068477089716,147230000
2025-10-15,51.31613540649414,52.46478407434209,49.74482931062181,51.78355104595226,127069400
2025-10-16,50.744300842285156,52.87252758570918,49.60062574864133,52.052065348417884,159344000
2025-10-17,51.708961486816406,52.09681539264361,49.78460883194886,50.182406056051164,142274000
2025-10-20,53.64823913574219,53.961504901776394,52.484677324433456,52.514511075376156,79928800
2025-10-21,53.588565826416016,53.94161623662698,53.04159224865273,53.65321067597861,79811400
2025-10-22,52.01228713989258,53.57364997216727,50.51059560210978,53.4294471890958,134380800
2025-10-23,53.31508255004883,53.518952836194316,51.75371970020506,51.84819450874041,91245000
2025-10-24,54.97589111328125,55.32396796104492,54.4637248507284,54.69245911392133,84387600
2025-10-27,57.89474868774414,58.024034595979856,56.82068814617708,56.94500049809668,77489400
2025-10-28,59.217430114746094,59.70970975961501,58.208014424573754,58.50139354771187,92239400
2025-10-29,59.97324752807617,60.3511581159823,58.44669209588086,59.953357097795674,133060800
2025-10-30,57.228431701660156,59.341741654490356,57.198597951607994,58.96880460399091,127234200
2025-10-31,58.03894805908203,59.41632716814125,57.37263191923579,59.41632716814125,122666800
2025-11-03,58.83454895019531,59.8787719331203,58.21796075545009,59.669928095277676,83598000
2025-11-04,55.23446273803711,57.387553491103326,55.01567179408788,56.36819073175268,124762800
2025-11-05,56.30852127075195,57.18368128129634,54.66760051890709,55.03556401447785,109730000
2025-11-06,53.15098571777344,55.9405550322099,52.76810536589723,55.875913978797776,156461400
2025-11-07,52.59904098510742,52.628874735153715,49.70504962554913,52.22113037843629,183589400
2025-11-10,56.044979095458984,56.31349422515548,54.404058361151755,54.9112510769928,119878800
2025-11-11,55.58253479003906,55.900774088028086,54.49853099572903,55.328936545365664,102665600
2025-11-12,55.468170166015625,56.45769537549823,54.563176441113924,56.4527218194312,125708400
2025-11-13,52.0421257019043,54.63776446682407,51.4155903754765,54.483618361844904,201264400
2025-11-14,52.08190155029297,53.25043689179358,49.11332199927751,49.71499711701802,222397600
2025-11-17,50.744300842285156,53.02170012376378,49.779635829276216,51.42056030385881,186327000
2025-11-18,48.90945053100586,50.39125159560794,47.63649330068271,49.71002235612022,267348000
2025-11-19,49.74980545043945,51.29127787702599,48.44701061839289,49.05365551122593,184263600
2025-11-20,46.19446563720703,53.24546161217002,45.975674707971514,52.65870722407508,178246300
2025-11-21,47.21879959106445,48.82988648322752,44.991124544023705,46.59226432433541,179618600
2025-11-24,50.79899978637695,51.16696327478754,48.40225407126166,48.43209161455189,93894200
2025-11-25,51.723880767822266,52.07195762303359,48.810002782540664,50.36141847803762,101851900
2025-11-26,53.07640075683594,53.56370684599324,52.081901940664395,52.61893221188789,75598100
2025-11-28,54.23996353149414,54.30957814151884,53.33496980746129,53.5239232069981,34381600
2025-12-01,53.752662658691406,54.3493642513009,52.52942951535326,52.817835095428904,66359600
2025-12-02,54.995784759521484,55.4532533126545,53.84216626387058,54.329472361746696,79504400
2025-12-03,55.383636474609375,55.572593673453426,53.93166914579505,54.35930393073119,69844900
2025-12-04,55.204627990722656,55.74165826558708,54.30958132632722,55.73171494659119,63958000
2025-12-05,55.84110641479492,56.76599055719655,55.37369078759729,55.5527008663661,73206000
2025-12-08,55.4930305480957,56.726210690814156,54.816771081719736,56.25879505542472,69700000
2025-12-09,55.701873779296875,55.910721401746315,54.78693674270578,55.14495690266288,48736000
2025-12-10,56.33835983276367,56.7759379490878,54.58803978004331,55.343861009899086,100261100
2025-12-11,55.801326751708984,55.85105093160922,53.683043303295335,55.323967795985524,99683900
2025-12-12,52.52942657470703,55.21457410685249,51.942672128029734,54.806829748565676,138448500
2025-12-15,51.733829498291016,53.76260801831308,51.43548060857294,53.76260801831308,98696300
2025-12-16,52.0421257019043,52.47970382226785,50.81888880002223,51.147075235578875,105953700
2025-12-17,49.12824249267578,52.50953615401241,49.098404948796734,52.36036360946466,125606200
2025-12-18,51.226627349853516,52.17140189170846,50.69954424273626,51.3857469931556,109222100
2025-12-19,53.2255744934082,53.34491328327242,51.90288931161273,51.9128364237666,72957800
2025-12-22,53.95155715942383,54.58803575209874,53.58359368435458,54.508477824870205,64783100
2025-12-23,54.70737838745117,54.76704968235309,53.56370702133717,53.67310249846806,48197100
2025-12-24,55.14166259765625,55.231307792616946,54.56394827465351,54.65359346961421,25855000
2025-12-26,55.09185791015625,55.53012117577643,54.892645953182694,55.30102875513506,37244200
2025-12-29,54.27509307861328,54.77312107830833,53.707337663280995,54.075881118804844,50635300
2025-12-30,53.88663101196289,54.603792586870355,53.8268700804888,53.98623889717354,38976800
2025-12-31,52.5120735168457,53.98623594035286,52.432387213041594,53.916512324350315,57199400
2026-01-02,52.14352798461914,54.663552147109,51.406448702045715,53.95634952779414,107226600
2026-01-05,53.38859939575195,54.11572361012481,53.07982447148748,53.73722127107424,77968000
2026-01-06,54.79304122924805,54.95241004407118,53.52805339889385,53.70733999087415,68915800
2026-01-07,54.95240783691406,55.96838541547449,54.55398771568487,54.673513372088415,65588300
2026-01-08,53.97627258300781,54.76315772487812,53.28899531965707,54.65359095833263,83760300
2026-01-09,55.54008102416992,55.87874021698538,53.57785328312788,54.17548536473063,78706300
2026-01-12,55.66957092285156,56.117796896395504,54.36473995499859,54.384657731909684,59673900
2026-01-13,55.38071060180664,56.2771624977376,54.74323538676774,55.68948932143886,88611000
2026-01-14,53.61769485473633,54.663552866540066,52.292938586706796,54.334852571590666,117421500
2026-01-15,54.16552734375,55.60980933034058,53.916513339153425,55.43051894305887,90483000
2026-01-16,53.92647171020508,55.24126533789078,53.36868277703668,55.101818104598685,75855900
2026-01-20,50.5299186706543,52.35270291123672,50.280904679295084,51.187315455856556,129209100
2026-01-21,52.52203369140625,53.5878133331515,50.4701569140194,50.868580843494264,150230100
2026-01-22,53.68741989135742,54.115724275102195,52.94037789175404,54.10576158730231,90992300
2026-01-23,54.16552734375,54.85280462856177,53.109706596385735,53.37864217730829,78066100
2026-01-26,54.86276626586914,55.41059630555963,53.996194810719274,54.25517149834525,58084300
2026-01-27,56.3170051574707,56.57597803645235,55.34087076799839,55.75921244934997,51981200
2026-01-28,56.834957122802734,57.781207289656244,56.50625681668569,57.47243235928801,76172100
2026-01-29,55.81897735595703,56.98436101462814,52.85073102741775,56.725388134807446,122642300
2026-01-30,53.787025451660156,55.49028034571287,53.10970704940782,54.80300305503867,110170700
2026-02-02,54.88268280029297,55.49027755406839,52.940376685308586,52.950335573229424,74665800
2026-02-03,52.312862396240234,55.54008175903886,50.878543101624416,55.420556101067255,129992200
2026-02-04,49.563743591308594,51.94432056072812,48.23899112179008,51.93435787318362,142536200
2026-02-05,47.45210647583008,49.33465167788436,46.874395980855915,48.199148463924764,158712900
2026-02-06,50.390472412109375,50.80881410180183,47.810687260049775,48.14934644679454,117934600
2026-02-09,51.53593826293945,52.063846718354995,49.245006460954336,49.86256390653135,71272700
2026-02-10,50.81877517700195,52.193333456017,50.689286839212,51.76502909226341,70660900
2026-02-11,51.19728088378906,52.292940984557006,49.84264409034,52.00408382720198,92393800
2026-02-12,48.06966018676758,51.86463485926977,47.80072841438542,51.59569928723557,131150000
2026-02-13,48.27883529663086,49.39441694719973,46.99392215108207,47.960097682182614,123216600
2026-02-17,48.159305572509766,48.786821909797936,46.23691720880078,47.45210673188059,117089700
2026-02-18,49.19520568847656,50.16138123332917,48.00990040535435,48.33859691258482,81370800
2026-02-19,48.63741683959961,49.20516846188153,47.97005733642921,48.47804423017802,83447500
2026-02-20,49.86256408691406,50.25102531397623,47.571632276641274,47.770844234010916,118813800
2026-02-23,48.049739837646484,49.68327095839024,47.47202557318003,49.33464910235473,91951800
2026-02-24,49.58366775512695,49.842644449675134,47.63139885621201,48.25891521645331,71023300
2026-02-25,51.66542434692383,51.75506954010857,50.33070913709106,50.35063071331569,54217200
2026-02-26,49.852603912353516,51.43633316381875,48.51788867024034,51.42637427529166,105583800
2026-02-27,49.3246955871582,49.57370959731168,48.06966284817943,48.25891592767352,93802200
2026-03-02,49.50398254394531,49.95220849105492,47.04372307842857,47.272815495917484,108545900
2026-03-03,47.91029357910156,48.47804521289256,45.53968296068213,46.62538418663639,163365500
2026-03-04,50.061771392822266,50.58968364081711,48.328636132395694,48.49796382350492,99738400
2026-03-05,49.60358810424805,50.55980095356872,47.98001575824484,49.24500733583977,129713200
2026-03-06,47.35250473022461,48.856547668509,46.99392395032841,47.47203039030594,141012200
2026-03-09,49.19520568847656,49.5737080358908,45.32054842047279,46.00782569897442,159005500
2026-03-10,49.205169677734375,50.53988491740367,48.637418041423395,49.21512856624324,115057200
2026-03-11,49.15536117553711,50.32074864990967,48.537807530804486,49.48406147332107,91104300
2026-03-12,46.64530563354492,48.298758488693615,46.56561932744031,47.96009928705341,130823900
2026-03-13,45.74885559082031,48.05970536883131,45.4898788848617,47.163253386132055,141952500
2026-03-16,47.2728157043457,48.079622412700246,46.99392124698206,47.18317051452853,81421500
2026-03-17,47.97005844116211,48.56769054164775,47.62144034915419,47.93021528788914,74570100
2026-03-18,45.91817855834961,47.92025317980337,45.868376519930536,47.531791960621824,105059300
2026-03-19,45.509796142578125,46.13731247090584,44.12527894488599,44.69303054682231,138384900
2026-03-20,42.91009521484375,45.03169180413719,42.13316893458564,45.00181133939147,137952500
2026-03-23,44.39421844482422,45.967988848937765,43.95595514477287,44.93208963101384,139354300
2026-03-24,43.44796371459961,44.374296142460075,43.019659310334994,43.66709726087051,105505200
2026-03-25,44.288028717041016,45.11612390592085,43.84904083501617,44.597317969381855,79294400
2026-03-26,41.13528823852539,43.57966099348699,41.0554739892431,43.13069394772925,117558900
2026-03-27,38.690914154052734,40.49675762896555,38.471422121617934,40.466827762254944,124795700
2026-03-30,37.80295944213867,39.8183196059819,37.234269136185326,39.65868730616928,111446500
2026-03-31,41.58425521850586,41.90351982699872,38.9802501631643,39.000204676936896,149516200
2026-04-01,43.13069152832031,43.878968627297276,42.31257553791356,42.532071371512394,116135500
2026-04-02,43.230464935302734,43.449956967250394,40.347100593996906,40.786092269760644,111377300
2026-04-06,43.998695373535156,44.48757145810085,43.17060396433071,43.49984393480603,69245100
2026-04-07,44.048580169677734,44.10843990191699,41.743885330112846,43.350187448057994,131796200
2026-04-08,47.88973617553711,48.80762095871978,47.04169028646902,48.52826538226145,102015100
2026-04-09,48.847530364990234,48.977232800467895,47.20132295473171,47.90969106107206,78953600
2026-04-10,49.057044982910156,49.69557797363586,48.707850524331704,49.24661095122487,65481600
2026-04-13,50.54362487792969,50.62344293064495,48.34867790540515,48.667942504397715,67169100
2026-04-14,53.28730773925781,53.30726225247301,51.261972222093384,51.27194757573387,72362300
2026-04-15,55.52216339111328,55.61195679704673,53.20749315586698,53.44693970106669,83244000
2026-04-16,56.30037307739258,56.78924535079605,54.97342643771435,56.00106297854268,86398100
2026-04-17,58.45541000366211,58.80460447801134,57.23821131147164,57.64726932682402,103604000
2026-04-20,57.94658279418945,58.44543421436284,56.77926849189789,58.26584739862568,67652800
2026-04-21,57.26814270019531,58.834535804242876,56.68947324472084,58.3456597537236,91775200
2026-04-22,60.071685791015625,60.16147919692182,58.35563953115791,58.794627401180264,73399800
2026-04-23,59.083961486816406,60.59049105175393,57.45770484468852,59.662627136166506,92856900
2026-04-24,62.416290283203125,62.595877096698835,60.420884627414544,60.93969055463169,80250700
2026-04-27,62.4961051940918,62.555968734537565,61.49840235560136,62.26663399795111,56615000
2026-04-28,60.60047149658203,61.1891163178178,59.542905127906195,60.5805169832937,80631600
2026-04-29,61.717899322509766,61.72787467646534,60.311138446843486,60.85987425682471,77081400
2026-04-30,63.394039154052734,63.65344021697019,60.56056294573439,62.745530787857675,81042700
2026-05-01,65.1500015258789,65.68875438608372,63.66342255054974,63.743236802374845,67762900
2026-05-04,64.76089477539062,65.8982754001298,63.63348569847177,65.28967606087322,60813800
2026-05-05,67.23519134521484,67.61431567042055,66.09781075772942,66.21753783446884,54098800
2026-05-06,71.40559387207031,71.49539108825367,68.72177072459273,69.100902685571,70169000
2026-05-07,71.17611694335938,73.131621207969,70.21832313049858,71.70490584246552,93509100
2026-05-08,76.10477447509766,76.13470434360123,72.53299633753952,72.6527234234227,68713700
2026-05-11,76.78321075439453,77.1822934184929,75.37645368798694,75.82541692767967,60475000
2026-05-12,74.78780364990234,75.75557661842068,71.38564093837091,75.12702657220862,90651600
2026-05-13,77.06256866455078,77.7609652507958,74.01957943406188,75.63585323529483,64416400
2026-05-14,78.76863861083984,79.49696505580094,76.98275717041803,77.11245580335901,58472800
2026-05-15,75.16693115234375,77.19227438804792,74.05948796101431,75.55604227756676,81260600
2026-05-18,74.14927673339844,76.09479427831525,71.93437515188158,75.95511648595551,87710100
2026-05-19,72.76246643066406,74.32885954204176,70.79699067185476,72.24366431731083,85973700
2026-05-20,76.33424377441406,76.35419448130051,73.45088327568436,73.91979720026487,70647500
2026-05-21,76.77323150634766,77.61130586117851,74.29893269314337,75.00730080546673,74958100
2026-05-22,77.66118621826172,79.14776894584234,77.15236324512398,77.86073135545476,58330500
2026-05-26,81.7617416381836,82.08100623057936,79.79627351079392,80.40486521753448,62579600
2026-05-27,81.48239135742188,82.71954839359978,80.14547316874199,82.67963936547771,66221000
2026-05-28,83.4877700805664,83.85692285450477,80.47471099284057,81.55222422500736,55265900
2026-05-29,84.36575317382812,85.50313384911435,83.33812042439136,84.21610383118697,67644100
2026-06-01,85.84235382080078,86.86000737494356,83.55761338903748,83.95669604998572,57216000
2026-06-02,87.01964569091797,87.11941445571804,84.63513643641282,85.7425872329919,48355000
2026-06-03,86.36115264892578,87.88763672769537,85.21380050889837,87.47858253447208,62154500
2026-06-04,85.02423858642578,86.05187130996757,82.29053489294542,83.27825858883224,59614600
2026-06-05,72.88219451904297,81.89144982424995,72.51304173297306,81.38261925142245,118961300
2026-06-08,76.09479522705078,78.28974612782625,75.2068402737493,76.68344388379349,77319000
2026-06-09,73.55065155029297,79.15773640832363,66.63657084967757,78.29971900421776,132485700
2026-06-10,69.11087036132812,74.52839692895122,68.84149395160912,71.5153377892768,91465200
2026-06-11,75.83539581298828,76.42403684120399,69.43013772647762,70.72715447713438,116288800
2026-06-12,77.3419189453125,78.17999326890472,74.1193431123532,76.16462931798495,94070700
2026-06-15,84.39567565917969,84.83466732417324,82.45015825635505,82.68960479550233,59758000
2026-06-16,79.74639129638672,84.63513691810202,79.67655239944231,83.99660768550488,67086700
2026-06-17,77.36187744140625,81.62206512615994,76.76325727282315,81.48238734055283,78089600
2026-06-18,82.67963409423828,83.40795287839298,80.4447743330984,81.9113986726376,61063000
2026-06-22,82.39030456542969,84.91449160048067,81.20303571816508,83.75715262132042,61888900
2026-06-23,74.26900482177734,77.56141975860189,73.74022351328506,74.94744308464095,82341800
2026-06-24,73.30000305175781,76.18000030517578,71.3499984741211,74.79000091552734,72009700
2026-06-25,74.94999694824219,78.23999786376953,71.5999984741211,77.95999908447266,105261200
2026-06-26,71.83000183105469,74.69000244140625,70.72000122070312,72.08999633789062,70427700
2026-06-29,77.19000244140625,77.37999725341797,71.44999694824219,74.12000274658203,79128400
2026-06-30,81.0,81.54000091552734,77.1500015258789,77.23999786376953,58466200
2026-07-01,77.45999908447266,79.63999938964844,77.2300033569336,78.72000122070312,63348200
2026-07-02,73.3499984741211,79.13999938964844,71.72000122070312,77.44999694824219,87308500
2026-07-06,76.41999816894531,77.44999694824219,75.11000061035156,75.54000091552734,54545100
2026-07-07,72.2300033569336,74.38999938964844,70.76000213623047,73.69999694824219,70992900
2026-07-08,72.72000122070312,73.0199966430664,69.56999969482422,70.80000305175781,70748500
2026-07-09,76.33999633789062,76.69000244140625,73.88999938964844,74.8499984741211,51726600
2026-07-10,77.02999877929688,77.31999969482422,74.33000183105469,75.52999877929688,46034400
2026-07-13,72.63999938964844,74.8499984741211,72.08999633789062,74.54000091552734,63317500
2026-07-14,75.0199966430664,75.8499984741211,73.41000366210938,75.19999694824219,58097300
2026-07-15,74.44000244140625,76.47000122070312,72.05999755859375,76.29000091552734,68547800
2026-07-16,70.73999786376953,73.12000274658203,69.69000244140625,72.61000061035156,66953300
2026-07-17,67.52999877929688,69.55999755859375,64.91000366210938,66.37999725341797,75465200
2026-07-20,67.6500015258789,70.51000213623047,67.5,69.47000122070312,50076700
2026-07-21,71.37000274658203,71.72000122070312,69.61000061035156,70.70999908447266,37772500
2026-07-22,70.27999877929688,71.58999633789062,69.7699966430664,69.7699966430664,36062100
2026-07-23,66.30000305175781,68.2699966430664,65.0199966430664,67.11000061035156,80277500
2026-07-24,64.0,66.4000015258789,63.4900016784668,65.77999877929688,69267700
2026-07-27,63.400001525878906,66.2300033569336,61.63999938964844,66.05999755859375,70531600
2026-07-28,61.560001373291016,62.61000061035156,59.400001525878906,61.77000045776367,73235900
2026-07-29,57.75,62.7400016784668,57.59000015258789,61.5099983215332,103582900
2026-07-30,63.29999923706055,63.84000015258789,60.7400016784668,61.130001068115234,75877800
2026-07-31,64.62000274658203,66.7699966430664,62.38999938964844,65.73999786376953,86709900
2026-08-03,67.95999908447266,68.41000366210938,63.9900016784668,64.70999908447266,62223600
2026-08-04,74.81999969482422,75.41000366210938,70.13999938964844,70.30999755859375,73728500
2026-08-05,72.83999633789062,76.33000183105469,72.73999786376953,75.61000061035156,70885800
2026-08-06,72.02999877929688,73.44999694824219,70.16000366210938,70.8499984741211,60887200
2026-08-07,74.47000122070312,74.66999816894531,72.5199966430664,73.66000366210938,59409800
2026-08-10,73.80000305175781,74.9800033569336,73.63999938964844,74.2699966430664,44224500
2026-08-11,73.05999755859375,74.54000091552734,72.23999786376953,74.54000091552734,43674100
2026-08-12,74.5999984741211,75.69000244140625,74.37999725341797,75.62000274658203,46867300
2026-08-13,77.1500015258789,77.7699966430664,74.70999908447266,75.04000091552734,49822600
2026-08-14,76.79000091552734,77.8499984741211,75.94000244140625,77.56999969482422,36616800
2026-08-17,76.4000015258789,77.9000015258789,76.20999908447266,77.37999725341797,39828100
2026-08-18,72.52999877929688,73.95999908447266,72.01000213623047,73.36000061035156,51330500
2026-08-19,72.05999755859375,73.69999694824219,71.0,73.37000274658203,49118200
2026-08-20,70.4800033569336,71.69000244140625,69.76000213623047,70.83000183105469,56681700
2026-08-21,71.16999816894531,71.83000183105469,69.91000366210938,71.69999694824219,47654300
2026-08-24,69.01000213623047,70.05000305175781,67.93000030517578,70.0,46660700
2026-08-25,70.2699966430664,71.2699966430664,69.3499984741211,70.41999816894531,44163200
2026-08-26,70.47000122070312,70.94000244140625,69.44000244140625,69.55999755859375,40461400
2026-08-27,73.30000305175781,73.37999725341797,71.37999725341797,72.08999633789062,48782800
2026-08-28,71.8499984741211,74.18000030517578,71.43000030517578,72.8499984741211,58068000
2026-08-31,71.91999816894531,72.1500015258789,70.81999969482422,71.44000244140625,42308100
2026-09-01,69.1500015258789,70.55000305175781,68.25,69.06999969482422,57328900
2026-09-02,69.5999984741211,69.76000213623047,68.38999938964844,68.97000122070312,38501500
