Date,Close,High,Low,Open,Volume
2006-11-16,27.675800323486328,27.73613236832951,27.675800323486328,27.703223409620314,31200
2006-11-17,27.71968650817871,27.752593383630785,27.566113417826635,27.752593383630785,46000
2006-11-20,27.730655670166016,27.8019552938742,27.697746703052157,27.8019552938742,17300
2006-11-21,27.697734832763672,27.829368552557565,27.670311751378655,27.829368552557565,9900
2006-11-22,27.703237533569336,27.752599950675908,27.67033065033057,27.752599950675908,14700
2006-11-24,27.659353256225586,27.752592188990125,27.631930163780005,27.752592188990125,4000
2006-11-27,27.368669509887695,27.582572597622278,27.32479088048152,27.582572597622278,13000
2006-11-28,27.4509220123291,27.46189166297147,27.36316689943707,27.36316689943707,4100
2006-11-29,27.74711036682129,27.74711036682129,27.56063039587569,27.56063039587569,16300
2006-11-30,27.796464920043945,27.845827312884193,27.62643843531701,27.78549526694085,20300
2006-12-01,27.631921768188477,27.823885449229767,27.56062007569577,27.823885449229767,8400
2006-12-04,27.88970184326172,27.88970184326172,27.75258432762671,27.75258432762671,2200
2006-12-05,28.0048885345459,28.0048885345459,27.939070605609707,27.966495788790315,16700
2006-12-06,27.96101951599121,28.010381933518648,27.961019515991214,27.99941227492939,5000
2006-12-07,27.911651611328125,27.966499893491815,27.90616782923577,27.961014019151428,5200
2006-12-08,27.97197914123535,28.004888105198912,27.829377815221957,27.889707777450287,5100
2006-12-11,27.9993953704834,28.03778810624222,27.96100263472458,27.96648850683137,5100
2006-12-12,28.070701599121094,28.07618537986703,27.933584065749944,28.02133920341758,6800
2006-12-13,28.142000198364258,28.180392936093828,28.10909124077579,28.180392936093828,8900
2006-12-14,28.39977264404297,28.39977264404297,28.18038592477873,28.202323132132417,19500
2006-12-15,28.438173294067383,28.493021558347262,28.42720573345876,28.465598472331,45100
2006-12-18,28.38332748413086,28.498505702216946,28.372357831134938,28.498505702216946,8900
2006-12-19,28.476564407348633,28.476564407348633,28.350416545077117,28.366872069545387,2700
2006-12-20,28.460115432739258,28.53690091812707,28.45463165188908,28.509477829381076,5500
2006-12-21,28.372360229492188,28.476568803391263,28.355906794731165,28.449145714707036,3000
2006-12-22,28.270540237426758,28.419130055687273,28.265037843868487,28.419130055687273,3900
2006-12-26,28.441146850585938,28.441146850585938,28.25953635363227,28.25953635363227,5700
2006-12-27,28.63926124572754,28.650268131293466,28.545703768091542,28.562215146114813,9900
2006-12-28,28.6447696685791,28.66128105007803,28.573225947014958,28.66128105007803,10500
2006-12-29,28.45765495300293,28.600742386978773,28.435641178645252,28.589735499799936,13900
2007-01-03,28.463176727294922,28.66679901535726,28.325593703051386,28.595255254932525,35000
2007-01-04,28.391626358032227,28.452163210504022,28.281559544388045,28.287064039712675,11400
2007-01-05,28.193496704101562,28.342086535920515,28.154973647631735,28.342086535920515,10500
2007-01-08,28.199005126953125,28.226521299787414,28.066924558259334,28.171486854769412,21800
2007-01-09,28.176992416381836,28.226522369099683,28.083434905981676,28.19900619522299,34400
2007-01-10,28.143966674804688,28.165980449677573,28.02839750574572,28.143966674804688,7600
2007-01-11,28.248537063598633,28.33108558790447,28.210011899703094,28.210011899703094,49600
2007-01-12,28.342090606689453,28.353097495740197,28.232023815531456,28.276051371734425,54100
2007-01-16,28.342090606689453,28.413634335844566,28.28705826078517,28.342090606689453,10900
2007-01-17,28.358598709106445,28.441149323873056,28.325580142679275,28.37511009166937,16600
2007-01-18,28.364103317260742,28.441149438366757,28.353096428624262,28.441149438366757,8200
2007-01-19,28.463176727294922,28.479686018412036,28.397135364125777,28.419149151848824,10400
2007-01-22,28.364103317260742,28.50168627619272,28.325580256707738,28.50168627619272,23100
2007-01-23,28.435636520385742,28.47966406188861,28.3200673729638,28.33657875070174,10600
2007-01-24,28.66128158569336,28.66128158569336,28.50718725180251,28.53470342234933,9900
2007-01-25,28.34759521484375,28.650279438998375,28.331085929653348,28.650279438998375,11200
2007-01-26,28.31458282470703,28.413642756170503,28.23203218203746,28.413642756170503,3700
2007-01-29,28.33108901977539,28.430148940421617,28.314579732784292,28.364109693107405,4600
2007-01-30,28.43014907836914,28.430149078369144,28.34209604840634,28.39162600896978,9600
2007-01-31,28.617263793945312,28.870416008278532,28.397130155790368,28.452164615004083,31000
2007-02-01,28.80437469482422,28.80437469482422,28.65578481460783,28.677798596717622,20000
2007-02-02,28.848390579223633,28.848390579223636,28.754835185351215,28.782351354175507,6100
2007-02-05,28.826379776000977,28.859398339849555,28.74382916768117,28.820875282460094,15900
2007-02-06,28.85939598083496,28.892416641333558,28.81537053285251,28.892416641333558,14800
2007-02-07,28.820886611938477,28.89793275700421,28.776861143050915,28.88692796429482,12400
2007-02-08,28.80437469482422,28.80437469482422,28.68880548777252,28.79336780376932,23200
2007-02-09,28.705305099487305,28.86490181696613,28.617252100076417,28.86490181696613,38000
2007-02-12,28.6447696685791,28.7108088965272,28.60624661066361,28.7108088965272,11300
2007-02-13,28.864898681640625,28.864898681640625,28.738322639945576,28.738322639945576,9600
2007-02-14,29.0520076751709,29.07402144453555,28.908920273649247,28.908920273649247,5900
2007-02-15,29.02450942993164,29.046521113535483,28.99699115156453,29.046521113535483,109900
2007-02-16,28.996990203857422,29.00799709497455,28.95846713462238,29.00799709497455,7200
2007-02-20,29.0520076751709,29.090530721884743,28.9309340430139,28.952947812378554,41500
2007-02-21,28.96946144104004,29.02999826621138,28.919931502204303,28.985970720868984,14800
2007-02-22,28.947450637817383,28.985973694269244,28.886915905785266,28.980471300211462,5400
2007-02-23,28.88142204284668,28.974979571057993,28.80437590158436,28.974979571057993,8900
2007-02-26,28.947450637817383,29.07953118804457,28.925438962237127,29.07953118804457,22100
2007-02-27,28.105449676513672,28.793364544451347,28.011894262161942,28.793364544451347,43600
2007-02-28,28.17148780822754,28.380614507674963,28.06692550817857,28.110953065683077,119100
2007-03-01,28.105449676513672,28.19900719021497,27.835788223917863,27.835788223917863,18900
2007-03-02,27.764244079589844,28.06692619714007,27.76424407958984,28.055919307493756,10300
2007-03-05,27.516592025756836,27.830281006902513,27.516592025756836,27.687195652082302,19400
2007-03-06,27.92383575439453,27.956854317981758,27.681688424892666,27.76974142670721,10700
2007-03-07,27.83578109741211,27.98987331658766,27.83578109741211,27.89081343301794,13400
2007-03-08,28.039409637451172,28.110953369494464,28.039409637451172,28.07793270100921,9100
2007-03-09,28.08894920349121,28.14398157045105,28.00089615674532,28.14398157045105,5100
2007-03-12,28.083431243896484,28.13846568382287,27.989875845045468,28.055915073607903,6500
2007-03-13,27.604652404785156,28.033910683177233,27.604652404785156,27.97887832417566,10800
2007-03-14,27.71471405029297,27.731223335042657,27.417534328701375,27.731223335042657,10100
2007-03-15,27.8522891998291,27.90181913951841,27.75322932045048,27.75322932045048,4900
2007-03-16,27.72572135925293,27.929343571860436,27.6761914049052,27.83578815773116,8900
2007-03-19,27.995380401611328,28.02289657402514,27.835785761871442,27.84128815661445,6100
2007-03-20,28.226512908935547,28.226512908935547,28.022888671924125,28.028393164464322,4600
2007-03-21,28.589736938476562,28.589736938476562,28.2210135471525,28.232020434885218,16900
2007-03-22,28.705305099487305,28.776848817555244,28.67778893079936,28.727318874177303,8100
2007-03-23,28.765838623046875,28.782347902491775,28.688792519838856,28.69979940591841,12600
2007-03-26,28.7868595123291,28.7868595123291,28.537933522412107,28.659631141964457,13800
2007-03-27,28.665184020996094,28.687311261662867,28.609868029498966,28.687311261662867,8000
2007-03-28,28.477092742919922,28.587726781877297,28.421776778525622,28.587726781877297,17000
2007-03-29,28.593250274658203,28.637504723072823,28.526870712204513,28.637504723072823,5900
2007-03-30,28.521350860595703,28.698364501563002,28.344337219628407,28.61538843416062,14300
2007-04-02,28.571136474609375,28.60985807722156,28.488160406058082,28.60985807722156,12800
2007-04-03,28.74814224243164,28.864307018444677,28.72601501552387,28.72601501552387,16600
2007-04-04,28.825586318969727,28.842180684580118,28.77580111196999,28.825586318969727,4400
2007-04-05,28.886442184448242,28.908567307268335,28.78133888283419,28.792402499328777,3500
2007-04-09,28.914085388183594,28.93621260986016,28.875363805333603,28.886427416171887,19400
2007-04-10,29.01919174194336,29.01919174194336,28.919621336669554,28.919621336669554,4300
2007-04-11,28.86430549621582,29.002597491843463,28.81452029338313,29.002597491843463,5800
2007-04-12,28.92516326904297,28.92516326904297,28.764743997998178,28.842187201904203,4800
2007-04-13,29.07452392578125,29.074523925781246,28.9694206079676,29.041333071181768,12100
2007-04-16,29.411941528320312,29.41194152832031,29.24599155046007,29.24599155046007,11400
2007-04-17,29.461721420288086,29.494912253942694,29.40087472384009,29.456190669763025,6200
2007-04-18,29.53917694091797,29.55577130841499,29.450670130652508,29.450670130652508,3400
2007-04-19,29.461721420288086,29.52257022690416,29.434063447326622,29.434063447326622,5600
2007-04-20,29.671939849853516,29.70513069920955,29.638751110666554,29.70513069920955,2400
2007-04-23,29.622154235839844,29.760446274392006,29.62215423583984,29.760446274392006,5400
2007-04-24,29.577899932861328,29.611088669419928,29.467265887271882,29.57236706998896,3700
2007-04-25,29.810226440429688,29.810226440429688,29.677467287614345,29.677467287614345,6900
2007-04-26,29.92085838317871,29.92085838317871,29.804693605042676,29.90426401777886,6700
2007-04-27,29.904264450073242,29.90426445007324,29.788097560089362,29.837882767177145,2700
2007-04-30,29.727252960205078,29.948518921731168,29.727252960205078,29.893202958891823,3800
2007-05-01,29.71066665649414,29.77704836683368,29.67747791149381,29.749388265774147,10500
2007-05-02,29.931917190551758,29.987233139781324,29.871068380298308,29.871068380298308,15800
2007-05-03,30.081274032592773,30.08127403259277,30.00936160747888,30.031488832155198,5000
2007-05-04,30.136592864990234,30.26382125378889,30.06468043300195,30.13659286499023,12100
2007-05-07,30.214040756225586,30.25276235405974,30.202977141105997,30.25276235405974,6100
2007-05-08,30.17532730102539,30.180860165162606,30.07575684824941,30.131074938774614,5500
2007-05-09,30.308090209960938,30.313620964221073,30.14767090421343,30.18086176028276,6500
2007-05-10,29.937461853027344,30.186387960570112,29.93746185302734,30.169793590123657,18000
2007-05-11,30.09235382080078,30.13107542971464,29.965123265604472,29.965123265604472,2400
2007-05-14,30.06467056274414,30.269344178118686,30.064670562744144,30.214026129300784,14600
2007-05-15,30.153202056884766,30.34681222125975,30.125544064879634,30.125544064879634,8000
2007-05-16,30.41871452331543,30.41871452331543,30.285953251819475,30.319144097235668,15800
2007-05-17,30.413183212280273,30.457437675092972,30.346803628230155,30.402119596577098,7400
2007-05-18,30.568069458007812,30.57913307365533,30.479562642996598,30.479562642996598,7600
2007-05-21,30.568069458007812,30.66210913592725,30.568069458007812,30.61232392059788,9300
2007-05-22,30.59572410583496,30.662103677734844,30.52934242376653,30.551469651122673,4600
2007-05-23,30.55147933959961,30.717429377059627,30.55147933959961,30.590200944667973,7000
2007-05-24,30.269363403320312,30.59573271304797,30.269363403320316,30.523820258994313,7500
2007-05-25,30.341264724731445,30.418710019235288,30.291479519063227,30.346797586565973,12700
2007-05-29,30.424243927001953,30.47402913783471,30.3357371199847,30.435307541650204,15600
2007-05-30,30.59018898010254,30.590188980102536,30.32466860198413,30.335732214843446,10900
2007-05-31,30.623397827148438,30.69531029793881,30.595739833819714,30.684246678573395,9600
2007-06-01,30.667640686035156,30.717425902658952,30.601261100593085,30.69530078095758,24900
2007-06-04,30.728500366210938,30.728500366210934,30.628929897813485,30.639993517654283,15800
2007-06-05,30.54042625427246,30.63446597770322,30.468515883015346,30.63446597770322,11800
2007-06-06,30.308090209960938,30.37446981193009,30.225114124872363,30.37446981193009,5300
2007-06-07,29.77703857421875,30.225103365726053,29.777038574218754,30.225103365726053,7200
2007-06-08,30.197439193725586,30.197439193725586,29.67192920668271,29.67192920668271,87200
2007-06-11,30.125539779663086,30.225110224853754,29.987247729139288,30.09788179159217,33500
2007-06-12,29.815778732299805,30.070235699487682,29.777057111648173,30.070235699487682,9700
2007-06-13,30.158716201782227,30.18084342571971,29.915323068974566,29.937448182743832,7100
2007-06-14,30.37999153137207,30.41871524035485,30.31361194914378,30.33020842732751,8200
2007-06-15,30.562541961669922,30.66211240293776,30.529351111190923,30.606796428975247,19400
2007-06-18,30.496156692504883,30.606790729999027,30.496156692504883,30.606790729999027,9200
2007-06-19,30.579137802124023,30.579137802124023,30.424251379446456,30.435314996804745,5700
2007-06-20,30.208511352539062,30.6233874422879,30.208511352539062,30.6233874422879,33600
2007-06-21,30.225107192993164,30.26382879444215,30.014902706435084,30.014902706435084,16700
2007-06-22,29.871076583862305,30.142129873930873,29.826822124190382,30.142129873930873,8700
2007-06-25,29.796545028686523,30.108027317849277,29.757610007766115,29.91335009144774,8700
2007-06-26,29.757610321044922,30.024594233795362,29.757610321044922,29.902225811443255,5800
2007-06-27,30.035722732543945,30.035722732543945,29.607435320445397,29.679744135942503,2800
2007-06-28,30.091344833374023,30.197027442335155,30.013474777381543,30.035723971036504,11900
2007-06-29,29.9912166595459,30.274888489737624,29.824352000385666,30.235953473326877,23300
2007-07-02,30.30270767211914,30.30270767211914,30.16921675492295,30.16921675492295,5900
2007-07-03,30.31938362121582,30.44175202358282,30.319383621215817,30.369443229293303,2400
2007-07-05,30.375015258789062,30.491820337051223,30.258210180526902,30.458446548204982,13900
2007-07-06,30.358314514160156,30.441745762597115,30.286005734742464,30.286005734742464,4000
2007-07-09,30.464004516601562,30.497378299542266,30.286015251183283,30.45287992228799,135200
2007-07-10,30.046838760375977,30.341633053781813,30.035714167179638,30.241513836813947,10600
2007-07-11,30.185901641845703,30.219275430997367,30.06353320342273,30.096906992574397,5100
2007-07-12,30.792177200317383,30.792177200317383,30.408386065740334,30.408386065740334,2200
2007-07-13,30.942358016967773,30.997978878517223,30.842238768738877,30.842238768738877,8400
2007-07-16,30.914541244506836,30.99241128342206,30.836669083792188,30.936788311483024,14500
2007-07-17,30.836668014526367,30.99241020875586,30.82554342052431,30.953475190648327,9800
2007-07-18,30.736553192138672,30.80330076571006,30.580813097404743,30.80330076571006,11300
2007-07-19,30.853342056274414,30.870027878855065,30.736534932814667,30.870027878855065,15400
2007-07-20,30.43062400817871,30.78660246034035,30.43062400817871,30.78660246034035,12500
2007-07-23,30.647550582885742,30.730983967263114,30.61974016202632,30.636428111981257,19600
2007-07-24,30.007905960083008,30.491814129947294,29.957846347903992,30.40838073571581,18800
2007-07-25,30.046838760375977,30.252638430010286,29.879974106029266,30.235952601115375,11300
2007-07-26,29.496192932128906,29.81323651796345,29.14021431798485,29.81323651796345,50500
2007-07-27,29.067907333374023,29.53512982437407,29.06234609546452,29.312644237393123,23000
2007-07-30,29.251455307006836,29.307076164356808,28.77867165413298,28.89547672764774,23400
2007-07-31,28.97890281677246,29.523997305686805,28.978902816772457,29.46837433651222,18700
2007-08-01,29.223636627197266,29.223636627197266,28.756414343256193,29.001149017016143,39700
2007-08-02,29.35713005065918,29.357130050659183,29.117956591530188,29.20138998305864,6700
2007-08-03,28.622922897338867,29.368253673326358,28.511679086245366,29.368253673326358,16700
2007-08-06,29.273693084716797,29.340438511872346,28.46717823680792,28.678541231565852,16200
2007-08-07,29.61856460571289,29.85773816100538,29.201401723942286,29.201401723942286,28900
2007-08-08,29.996782302856445,30.030156085951162,29.635240412294973,29.93559809474917,24300
2007-08-09,29.190275192260742,29.729806495921775,29.190275192260742,29.557378419030105,29900
2007-08-10,29.218074798583984,29.234762749390065,28.70079288137897,28.84541047210253,12300
2007-08-13,28.97890281677246,29.34600592612745,28.978902816772457,29.34600592612745,6500
2007-08-14,28.645172119140625,29.02339980424409,28.645172119140625,29.02339980424409,11700
2007-08-15,28.367061614990234,28.901029324393566,28.36706161499023,28.64517006219602,10700
2007-08-16,28.678543090820312,28.711914745662167,27.810843994348982,28.205757469836975,31200
2007-08-17,29.384944915771484,29.446127003017086,28.934408385184717,29.446127003017086,8800
2007-08-20,29.312646865844727,29.34601853989427,29.02897490562223,29.22365219871223,41900
2007-08-21,29.273693084716797,29.440557713505108,29.25700513657875,29.25700513657875,9500
2007-08-22,29.54068946838379,29.601873686692663,29.368261409676943,29.535126109374016,13000
2007-08-23,29.55181121826172,29.668616284619375,29.41275696160748,29.65749168947109,10100
2007-08-24,29.8132266998291,29.8132266998291,29.546242827144567,29.590741200158263,11800
2007-08-27,29.568498611450195,29.65749325553629,29.5684986114502,29.65193201856827,5700
2007-08-28,28.91773223876953,29.340456363687455,28.90104428047792,29.334895125457027,10200
2007-08-29,29.429431915283203,29.434993149901935,29.02895512517337,29.062328898282118,10600
2007-08-30,29.284826278686523,29.435003003451513,29.24032789964542,29.290387515166913,6200
2007-08-31,29.535118103027344,29.718670708196733,29.412751821380287,29.57405311834221,12700
2007-09-04,29.824350357055664,29.85772413576851,29.529556071389194,29.529556071389194,7700
2007-09-05,29.51287078857422,29.568491632324818,29.36269196428858,29.568491632324818,12900
2007-09-06,29.585189819335938,29.585189819335934,29.41832509658267,29.501758518859337,13200
2007-09-07,29.190275192260742,29.346015312162898,29.095719297120148,29.346015312162898,3300
2007-09-10,29.12352752685547,29.229208011395606,28.91772779515106,29.201397580916606,12800
2007-09-11,29.44612693786621,29.45725153237701,29.234766007559333,29.234766007559333,11000
2007-09-12,29.590747833251953,29.64636869018789,29.396070590376798,29.396070590376798,4600
2007-09-13,29.757610321044922,29.930038359650208,29.729799894637495,29.746485726122046,2800
2007-09-14,29.846599578857422,29.846599578857425,29.668610335772556,29.668610335772556,7700
2007-09-17,29.707548141479492,29.77985694133927,29.690862311434678,29.763168989495107,8800
2007-09-18,30.569683074951172,30.569683074951172,29.82435227678216,29.83547687040251,17000
2007-09-19,30.742115020751953,30.92010429781753,30.719865830668866,30.831109659284742,17800
2007-09-20,30.55299949645996,30.78104837798073,30.547436138340263,30.725427527580326,6800
2007-09-21,30.66423988342285,30.75323450717216,30.653115290229287,30.725424085087848,10500
2007-09-24,30.410127639770508,30.662004396117865,30.410127639770504,30.628421967378323,29500
2007-09-25,30.410127639770508,30.421320359216885,30.26459666456516,30.32056880259786,14700
2007-09-26,30.622817993164062,30.634012845807565,30.47169068527649,30.499678884485157,2000
2007-09-27,30.650821685791016,30.65082168579102,30.527682506289427,30.600445887521854,2700
2007-09-28,30.589235305786133,30.628416222099506,30.510871337959586,30.622817728226284,4800
2007-10-01,30.91388511657715,30.95306604255808,30.611630428838236,30.611630428838236,8600
2007-10-02,30.908287048339844,30.919481903030032,30.785145781947985,30.919481903030032,16000
2007-10-03,30.83551597595215,30.897086597997262,30.796335059232504,30.885891745334533,3100
2007-10-04,30.902679443359375,30.930665504234515,30.86349853109426,30.897083085264175,2200
2007-10-05,31.120975494384766,31.193740964997883,31.042613665355116,31.05940701100411,6400
2007-10-08,30.958662033081055,31.05941358750932,30.958662033081055,31.04821873310616,5400
2007-10-09,31.154579162597656,31.154579162597656,30.958674469843675,31.08741214439644,9400
2007-10-10,31.087390899658203,31.104182108933355,30.969848164333065,31.104182108933355,1900
2007-10-11,31.014633178710938,31.272108416154538,30.874700705943752,31.22173264055035,8800
2007-10-12,31.00344467163086,31.048224096979556,30.98665345472536,31.048224096979556,6700
2007-10-15,30.779544830322266,31.641527160868854,30.701180859181765,31.641527160868854,9100
2007-10-16,30.550050735473633,30.68998317277016,30.550050735473633,30.66199497715122,3900
2007-10-17,30.404539108276367,30.72918359381112,30.31498237695659,30.72918359381112,6600
2007-10-18,30.432514190673828,30.494084821559817,30.39333326832822,30.415722976868604,1300
2007-10-19,29.76083755493164,30.382138081322147,29.76083755493164,30.382138081322147,24200
2007-10-22,29.91194725036621,29.91754574173981,29.6040964159825,29.660070653724258,11400
2007-10-23,29.96793556213379,30.107868019407256,29.805613399248603,30.107868019407256,6400
2007-10-24,29.96232795715332,30.007107354760187,29.576115261190473,30.007107354760187,26500
2007-10-25,30.091073989868164,30.091073989868164,29.800016364318964,29.984726093425177,9800
2007-10-26,30.393325805664062,30.393325805664062,30.11346092322664,30.225407303241532,2200
2007-10-29,30.56125259399414,30.561252593994137,30.48848924217619,30.510876816089304,4500
2007-10-30,30.348562240600586,30.3653534578661,30.281393101137397,30.359757097177784,7500
2007-10-31,30.49408531188965,30.583642012291083,30.225415210685355,30.376542542962802,23200
2007-11-01,29.682485580444336,30.03511613014172,29.469789686519654,29.990338833863138,13000
2007-11-02,29.55373764038086,29.637697977606972,29.273872696560588,29.637697977606972,25000
2007-11-05,29.43060874938965,29.441801472057854,29.23470193948307,29.273882874424224,22600
2007-11-06,29.67687225341797,29.67687225341797,29.385812520797547,29.486564048827677,8100
2007-11-07,28.842880249023438,29.469779256659777,28.842880249023438,29.408208627766914,24100
2007-11-08,29.038776397705078,29.117138211277105,28.646965194645666,28.97720579127012,11200
2007-11-09,28.826091766357422,29.178722224656315,28.680562922170726,28.702950496906958,26900
2007-11-12,28.669368743896484,29.111553781977896,28.663770248680088,29.005205860069765,87400
2007-11-13,29.38581085205078,29.397005702885025,28.932429001661617,29.00519446448445,10900
2007-11-14,29.262676239013672,29.643292712567785,29.262676239013672,29.581722086669334,14300
2007-11-15,28.94363784790039,29.24589256097872,28.75332956209557,29.24589256097872,25600
2007-11-16,28.910053253173828,29.049985743004875,28.68616041536402,28.977220250436634,137600
2007-11-19,28.423084259033203,28.870869896965644,28.38390333599414,28.870869896965644,27200
2007-11-20,28.557415008544922,28.68615260792726,28.1823949275618,28.47905317719913,15900
2007-11-21,28.0760440826416,28.445465631023747,28.06484923145432,28.378298659099595,115100
2007-11-23,28.479053497314453,28.495844708448786,28.383898318753726,28.400691665087844,900
2007-11-26,27.89133644104004,28.596595036457686,27.82976582255126,28.50143986192056,58600
2007-11-27,28.288740158081055,28.288740158081055,27.913720140722077,28.132014386779073,13200
2007-11-28,28.971622467041016,29.061179177325517,28.523838915618512,28.523838915618512,13700
2007-11-29,29.089153289794922,29.2626681308491,28.94362237159534,28.966012072118254,19200
2007-11-30,29.452991485595703,29.50336727012023,29.273878059553045,29.44179662956798,17600
2007-12-03,29.273883819580078,29.38583026668381,29.20671680539819,29.313064755786254,30100
2007-12-04,29.08356285095215,29.18431439600625,29.061173144229024,29.061173144229024,5300
2007-12-05,29.469789505004883,29.520165297508512,29.35784306219673,29.486580724105828,7900
2007-12-06,29.833602905273438,29.88957717575994,29.536946744895328,29.54254310434393,14200
2007-12-07,29.88958740234375,29.990338988491043,29.856002828561046,29.94555955678077,6500
2007-12-10,30.051895141601562,30.102270913951724,29.93995087877894,29.93995087877894,7000
2007-12-11,29.43060874938965,30.22542444128254,29.391425679247682,30.119076494328098,23700
2007-12-12,29.50336456298828,29.855995022303752,29.21790323367593,29.76643831749985,31100
2007-12-13,29.536945343017578,29.58732111646445,29.217899489587367,29.335442249230077,8400
2007-12-14,29.16831398010254,29.715890933251266,29.066703871032523,29.715890933251266,8400
2007-12-17,28.784461975097656,29.021555933239696,28.75623465808289,28.886072133271426,15100
2007-12-18,29.0328369140625,29.044127406479642,28.63767829322743,28.931224635749444,3700
2007-12-19,28.863487243652344,29.089290658340346,28.795744281148604,28.987678368026224,5900
2007-12-20,28.925579071044922,28.93122324026063,28.677192556731086,28.761870169054646,6800
2007-12-21,29.303800582885742,29.348962549951498,29.16267266596692,29.22476929396178,9300
2007-12-24,29.450571060180664,29.715892218595588,29.382830266723598,29.715892218595588,107200
2007-12-26,29.495737075805664,29.50702756850601,29.354609147213296,29.354609147213296,19400
2007-12-27,29.117521286010742,29.377196211528364,29.117521286010742,29.377196211528364,19100
2007-12-28,29.049762725830078,29.941691974083117,29.010247091129308,29.941691974083117,11300
2007-12-31,28.846546173095703,29.05541704652354,28.77316120469896,28.77316120469896,26500
2008-01-02,28.485254287719727,29.015896560021588,28.400578841364048,29.015896560021588,31700
2008-01-03,28.524776458740234,28.733647345151116,28.507841796279312,28.733647345151116,4000
2008-01-04,28.02800941467285,28.253812823943708,27.994137934233574,28.253812823943708,20000
2008-01-07,28.231220245361328,28.383638614593558,27.994126439960457,28.259447544191435,45400
2008-01-08,27.757030487060547,28.468316210296535,27.683645539720125,28.468316210296535,62200
2008-01-09,28.044937133789062,28.044937133789062,27.54816631089541,27.86993775834765,30400
2008-01-10,28.451387405395508,28.45138740539551,27.886875767617354,27.937681901155027,43600
2008-01-11,27.99978256225586,28.30461943087136,27.960266911151052,28.15784732011657,27000
2008-01-14,28.129615783691406,28.169131425835207,27.999776212714927,28.1409041213545,17400
2008-01-15,27.503019332885742,27.83043510171243,27.503019332885742,27.83043510171243,27900
2008-01-16,27.70623207092285,27.909454450569864,27.37881428907197,27.497361215559636,35800
2008-01-17,26.65624237060547,27.503009895430893,26.656242370605472,27.503009895430893,56000
2008-01-18,26.3796329498291,26.904629032304822,26.23850501697953,26.819951411218536,54100
2008-01-22,26.244159698486328,28.22559555922976,23.709500269752997,28.22559555922976,36500
2008-01-23,27.0739803314209,27.09656131601013,25.72479772711182,25.72479772711182,34600
2008-01-24,27.181245803833008,27.282858106734352,26.972374873734818,27.282858106734352,29500
2008-01-25,26.735279083251953,27.316725545773576,26.701407600151445,27.30543505140674,24000
2008-01-28,27.288490295410156,27.288490295410156,26.616722279812393,26.650591596946562,129000
2008-01-29,27.548166275024414,27.55945676569376,27.29413561856634,27.480425484449228,11600
2008-01-30,27.226398468017578,28.044940846732445,27.226398468017578,27.38446105163878,25500
2008-01-31,27.903827667236328,28.016730495233965,27.01189769484158,27.01189769484158,24300
2008-02-01,28.34412384033203,28.34412384033203,28.01670826768635,28.09573953855115,32100
2008-02-04,27.99978256225586,28.428812707738746,27.99978256225586,28.428812707738746,23400
2008-02-05,27.153017044067383,27.740109839930003,27.14172870296071,27.740109839930003,25600
2008-02-06,26.966716766357422,27.429616061038725,26.966716766357422,27.294132342708288,9600
2008-02-07,27.26027488708496,27.350596687450537,26.955438003310547,27.169953086719385,46700
2008-02-08,26.92156982421875,27.20382575417742,26.819957517158283,27.040118951417195,71600
2008-02-11,27.04010009765625,27.05703475254466,26.71268241354471,26.87074493501078,14500
2008-02-12,27.226398468017578,27.46913866625939,27.09656103812285,27.203817483659922,14400
2008-02-13,27.565114974975586,27.632855794763437,27.344953542141866,27.486081506207622,16100
2008-02-14,27.169944763183594,27.932034585711175,27.153007950312567,27.932034585711175,24700
2008-02-15,27.243335723876953,27.254626217130948,27.02317648902761,27.096563618457857,38700
2008-02-19,27.158658981323242,28.56429194720164,27.085271855333687,28.56429194720164,28200
2008-02-20,27.24898338317871,27.32237051620696,26.79172807446017,26.898986688911034,47700
2008-02-21,26.92721939086914,27.452215656078852,26.91592889389836,27.39011899946061,59800
2008-02-22,27.181245803833008,27.39575875134317,26.644959128174072,27.39575875134317,64600
2008-02-25,27.514314651489258,27.548183991838478,27.057059175794155,27.19818716976202,62800
2008-02-26,27.66105842590332,27.723155024062905,27.37880272767982,27.423964673046818,45700
2008-02-27,27.576391220092773,27.768325253163866,27.54252190177727,27.5989722012637,9500
2008-02-28,27.282852172851562,27.48043041138649,27.23204603245097,27.344946652504476,18000
2008-02-29,26.565933227539062,27.085283189554378,26.486899745393856,27.085283189554378,24000
2008-03-03,26.571561813354492,26.639302604873198,26.390918267010658,26.639302604873198,39700
2008-03-04,26.498180389404297,26.548986532312682,26.148183712391777,26.340117790774396,40100
2008-03-05,26.58285903930664,26.79737411248058,26.334474638512564,26.678825005485663,51100
2008-03-06,25.96754264831543,26.475604126724335,25.967542648315433,26.475604126724335,25500
2008-03-07,25.798185348510742,26.17640715719901,25.623185944726487,25.83205467260745,53400
2008-03-10,25.493337631225586,25.758658708438997,25.431241025627525,25.747368220744775,52500
2008-03-11,26.35140037536621,26.63930032981407,25.82640444069004,26.023982629679672,28900
2008-03-12,26.266725540161133,26.791721530042555,26.26108137135682,26.509465714125273,21600
2008-03-13,26.32317543029785,26.50946313086079,25.736082873574407,25.9731767021892,62400
2008-03-14,25.865921020507812,26.611076151036425,25.578021055574826,26.611076151036425,73300
2008-03-17,25.786895751953125,25.978829824454404,25.2506091828959,25.403027606950563,27700
2008-03-18,26.59415054321289,26.7804383125245,26.14818571611429,26.7804383125245,98400
2008-03-19,26.345762252807617,27.32801364211399,26.345762252807617,27.32801364211399,18900
2008-03-20,27.158658981323242,27.181239966772534,26.481244491933523,26.481244491933523,15000
2008-03-24,27.390104293823242,27.55945735057576,27.294136197817547,27.294136197817547,21300
2008-03-25,27.430496215820312,27.481693826406964,27.2143282855618,27.42480638684739,32300
2008-03-26,27.043668746948242,27.595462773625545,27.020913772437023,27.595462773625545,11000
2008-03-27,27.043668746948242,27.231391861581276,26.78199305017065,26.84456597502579,19300
2008-03-28,26.639780044555664,27.03798128316134,26.61133523891183,27.00953864755151,18900
2008-03-31,26.833192825317383,26.95834303532563,26.309841347163182,26.309841347163182,26700
2008-04-01,27.783201217651367,27.805956202940358,27.225717098280096,27.430507625811348,42300
2008-04-02,27.658042907714844,28.027803715772972,27.43049963124648,27.686485546019117,22700
2008-04-03,27.658042907714844,27.91403099252169,27.373612184603736,27.373612184603736,8400
2008-04-04,27.60115623474121,28.06762242344179,27.53858113161702,28.06762242344179,24000
2008-04-07,27.64666175842285,27.874207174802148,27.646661758422848,27.851452199157436,28500
2008-04-08,27.53858757019043,28.187089390491003,27.402059843268656,28.187089390491003,27700
2008-04-09,27.24846839904785,27.424814086105084,27.168825961305583,27.38499395225122,12300
2008-04-10,27.276914596557617,27.402062674964405,27.117631870349697,27.180206994570504,11400
2008-04-11,26.764928817749023,27.015229226140903,26.708043544951263,26.93558680617636,16900
2008-04-14,26.491863250732422,27.037969427097813,26.452043144332844,26.656833502978127,15600
2008-04-15,26.662527084350586,26.7535448006368,26.48618147968991,26.7535448006368,15200
2008-04-16,27.146066665649414,27.254149550290798,26.668223003495154,26.668223003495154,11800
2008-04-17,27.208633422851562,27.225698565184295,26.998153207258884,27.225698565184295,11000
2008-04-18,27.49306869506836,27.62959419693676,27.419116115703304,27.532888813949455,8600
2008-04-21,27.350852966308594,27.675103741064355,27.248457756382173,27.675103741064355,34700
2008-04-22,27.1403751373291,27.231392868706365,27.043669747130583,27.197262575711072,23800
2008-04-23,27.12900161743164,27.32241459615037,27.083493830104167,27.140379106772063,13900
2008-04-24,27.447559356689453,27.612529664304606,27.13468605709664,27.231391442229384,23000
2008-04-25,27.635305404663086,27.754765853723665,27.373627345246774,27.72632319966668,13400
2008-04-28,27.697860717773438,27.783190795580598,27.64666310509595,27.726305523731842,7600
2008-04-29,27.532899856567383,27.589785143488573,27.487389891002756,27.589785143488573,13500
2008-04-30,27.4248104095459,27.87421148283244,27.419122749772637,27.720618628543335,34200
2008-05-01,27.993663787841797,28.04486139115967,27.567017816870703,27.567017816870703,20400
2008-05-02,28.13019561767578,28.26103347440505,28.044865542836106,28.243968327450695,16000
2008-05-05,27.925403594970703,28.107439052303302,27.862828499631277,28.107439052303302,11800
2008-05-06,28.061946868896484,28.061946868896484,27.635300621775873,27.771826205634852,19500
2008-05-07,27.57271957397461,27.982298407682354,27.328108937854566,27.328108937854566,26200
2008-05-08,27.504453659057617,27.61822639720959,27.37930560012149,27.61822639720959,11000
2008-05-09,27.356550216674805,27.4646331228127,27.282597612457057,27.305352593760126,11000
2008-05-12,27.669414520263672,27.66941452026367,27.367918712212326,27.367918712212326,19300
2008-05-13,27.58977699279785,27.737679997119557,27.54995686970993,27.737679997119557,25700
2008-05-14,27.771820068359375,27.914035452638164,27.749065086066473,27.81733003294517,15200
2008-05-15,27.959537506103516,27.959537506103516,27.68079447697192,27.8173221620644,47400
2008-05-16,27.919719696044922,27.94247250375007,27.760437021904202,27.8742097405664,19700
2008-05-19,27.98798370361328,28.204151661679173,27.914031107689702,27.97091638453294,56900
2008-05-20,27.64666175842285,27.81732190572428,27.56702151370027,27.811632076796144,41000
2008-05-21,27.242774963378906,27.91403165956443,27.231397473778475,27.69786369722479,57000
2008-05-22,27.356550216674805,27.48738810411577,27.185892196970695,27.185892196970695,62100
2008-05-23,27.020917892456055,27.2200185247026,27.020917892456055,27.2200185247026,27100
2008-05-27,27.1403751373291,27.3792980384656,26.964029503429714,27.3792980384656,18500
2008-05-28,27.15176010131836,27.151760101318356,26.95265943724326,27.134694950121773,8000
2008-05-29,27.464628219604492,27.549958299239957,27.191575002818702,27.25983776450663,11100
2008-05-30,27.39067840576172,27.538581421036312,27.379300916889193,27.538581421036312,30700
2008-06-02,27.134687423706055,27.26552527666951,26.94696213247552,27.26552527666951,15900
2008-06-03,26.981094360351562,27.191572455021163,26.770616265681955,27.191572455021163,26500
2008-06-04,26.86163902282715,27.08918230639249,26.793374084726704,26.929901790893325,36000
2008-06-05,27.288288116455078,27.288288116455078,26.924217086756116,26.99816752276499,18900
2008-06-06,26.43499183654785,27.07780370193935,26.423614347332844,27.07780370193935,28000
2008-06-09,26.361042022705078,26.61134030173865,26.224514307755783,26.531700038865896,26800
2008-06-10,26.389488220214844,26.520326122572193,26.133500076457114,26.173320213260016,14000
2008-06-11,25.951459884643555,26.349663351192664,25.951459884643555,26.349663351192664,23600
2008-06-12,25.985591888427734,26.270022620857958,25.894574140851436,26.09367478553888,18600
2008-06-13,26.150558471679688,26.213133571016936,26.025408273005187,26.213133571016936,20700
2008-06-16,26.28708839416504,26.469123893637196,26.156250514546567,26.469123893637196,23300
2008-06-17,26.048160552978516,27.168815885902763,26.048160552978516,27.168815885902763,43100
2008-06-18,25.76374053955078,25.888888606963736,25.712542912416282,25.888888606963736,33200
2008-06-19,25.854753494262695,25.8547534942627,25.632897874614493,25.752358259035184,19900
2008-06-20,25.41103172302246,25.661332069006235,25.31432634937129,25.59306932466226,59900
2008-06-23,25.314342498779297,25.51913303249186,25.285899851326977,25.51913303249186,37200
2008-06-24,25.337854385375977,25.48126538512552,25.096924956170277,25.286228526213208,20000
2008-06-25,25.664819717407227,25.7566026205049,25.40094195625902,25.40094195625902,28300
2008-06-26,24.73552894592285,25.727932814508698,23.99552984067834,25.727932814508698,44400
2008-06-27,24.546222686767578,24.81583382823022,24.460175227576183,24.810098352147097,19100
2008-06-30,24.563438415527344,24.724058051694996,24.50033721895336,24.580647037037185,16000
2008-07-01,24.66668128967285,24.66668128967285,24.247921614092604,24.247921614092604,18400
2008-07-02,24.3167667388916,24.855993453465373,24.311031262222482,24.787154603767863,15000
2008-07-03,24.339702606201172,24.597842711403427,24.236446564120268,24.597842711403427,9600
2008-07-07,24.13894271850586,24.56343809084605,23.94390365361814,24.56343809084605,21900
2008-07-08,24.71257972717285,24.71257972717285,24.075834661838392,24.075834661838392,88600
2008-07-09,24.299558639526367,24.90761984022685,24.299558639526367,24.878938079712725,12300
2008-07-10,24.328250885009766,24.49460823127753,24.150420391936052,24.311042258940343,37600
2008-07-11,24.13320541381836,24.397081156064033,23.863592005540408,24.11599679227838,37800
2008-07-14,23.737380981445312,24.506063758538883,23.720170179471232,24.506063758538883,36300
2008-07-15,23.462045669555664,23.8291775607102,23.169485939350295,23.37026269676703,47300
2008-07-16,24.259403228759766,24.259403228759766,23.507928864680775,23.634131234231845,37200
2008-07-17,24.649478912353516,24.706842426644688,24.207772849822536,24.511803414465785,25100
2008-07-18,24.810110092163086,24.90762854966596,24.597862364208318,24.90762854966596,42600
2008-07-21,24.70111656188965,24.959254664920913,24.649488503627666,24.92483741826536,22400
2008-07-22,25.234588623046875,25.23458862304687,24.50606082400305,24.678153505194206,22000
2008-07-23,25.446842193603516,25.6820360906492,25.297693563314436,25.435369053713764,32600
2008-07-24,24.850261688232422,25.59599856411049,24.84452621020164,25.59599856411049,84200
2008-07-25,24.718318939208984,24.99940544944801,24.672426370893184,24.99940544944801,21700
2008-07-28,24.282350540161133,25.010876463567598,24.282350540161133,25.010876463567598,26200
2008-07-29,24.959251403808594,24.959251403808594,24.34545245149057,24.448708554523353,16800
2008-07-30,25.337854385375977,25.349327527949324,24.982195718715,25.194443385626432,22900
2008-07-31,25.039552688598633,25.37800261736317,25.039552688598633,25.24606261797786,16200
2008-08-01,25.0108699798584,25.09691742921243,24.884669825957374,25.016607643563358,14900
2008-08-04,24.91908836364746,25.11986502659102,24.758468783914733,25.045290712453262,12200
2008-08-05,25.57305908203125,25.60174085392196,25.114141978664144,25.246079879984563,20200
2008-08-06,25.65335464477539,25.670563260678932,25.441104836669044,25.624670700565872,6800
2008-08-07,25.1026611328125,25.54436728694278,25.1026611328125,25.54436728694278,19700
2008-08-08,25.745136260986328,25.819708384942388,25.26901082139599,25.779553491034477,19500
2008-08-11,26.02621841430664,26.238468194406806,25.74513417967495,26.095057245393008,27900
2008-08-12,25.659082412719727,26.387610173583653,25.55582637176093,26.387610173583653,30000
2008-08-13,25.441110610961914,26.479407042263027,25.22886294296006,26.479407042263027,43500
2008-08-14,25.56157875061035,25.664834851016188,25.26901907003439,25.309173977050175,15100
2008-08-15,25.750873565673828,25.894284536467985,25.65909063189668,25.836921023461425,15400
2008-08-18,25.360807418823242,25.750885617000833,25.30344387897074,25.750885617000833,32100
2008-08-19,25.022350311279297,25.251808783325977,24.936305025470414,25.24033564089583,33900
2008-08-20,25.1026611328125,25.1542891816921,24.810103648013616,24.844523076692766,26700
2008-08-21,25.142810821533203,25.200174330824392,24.87319751365386,25.005135335645686,33400
2008-08-22,25.50421142578125,25.50421142578125,25.269017475977765,25.269017475977765,26700
2008-08-25,25.022350311279297,25.35506487691917,24.98793307226701,25.35506487691917,25500
2008-08-26,25.028085708618164,25.13134179285441,24.88467472365426,24.88467472365426,16900
2008-08-27,25.240333557128906,25.309170217748694,25.033821386991555,25.16575923162864,35100
2008-08-28,25.722190856933594,25.739399472542946,25.418160310354097,25.46978834545983,33100
2008-08-29,25.47553253173828,25.750881417022583,25.47553253173828,25.699253364264376,26500
2008-09-02,25.607465744018555,25.98033518924896,25.492736515618585,25.934442622577766,63400
2008-09-03,25.693517684936523,25.733672593624696,25.544369005570392,25.636151966611703,62800
2008-09-04,24.98792839050293,25.550099134582428,24.982190726223784,25.550099134582428,26200
2008-09-05,25.211658477783203,25.211658477783203,24.666696148475133,24.890416995976267,34000
2008-09-08,25.9287166595459,26.14096438758224,25.52716530694936,26.14096438758224,44800
2008-09-09,25.211658477783203,26.031969710806408,25.211658477783203,25.85987691951927,33900
2008-09-10,25.1256103515625,25.389486104070645,24.999410141563853,25.28049451628124,26500
2008-09-11,25.337854385375977,25.355065193375097,24.724055481510185,24.913359051553115,25400
2008-09-12,25.45832633972168,25.492743585992628,25.165766616746847,25.20592152958204,21600
2008-09-15,24.477384567260742,25.303433197413902,24.477384567260742,25.303433197413902,42900
2008-09-16,24.775686264038086,24.775686264038086,23.86359211741014,23.926693314390445,54200
2008-09-17,23.66280746459961,24.414281653073463,23.657071989268474,24.35118048304346,41100
2008-09-18,24.764217376708984,24.901892938173386,23.28995205819698,23.886542510744707,98700
2008-09-19,25.93443489074707,28.108545352372225,25.653350662658674,26.5252894749582,66100
2008-09-22,24.959251403808594,26.978478702269886,23.479250907469268,26.978478702269886,48400
2008-09-23,24.56916618347168,25.894282024567737,24.52900910232926,25.894282024567737,19900
2008-09-24,24.46558380126953,25.536099111969797,24.372998896159075,25.536099111969797,19600
2008-09-25,24.90536880493164,25.194696967979457,24.373003837076336,24.373003837076336,23000
2008-09-26,25.188905715942383,25.188905715942383,24.529237947797544,25.107894194577003,29000
2008-09-29,23.898515701293945,24.7838617470822,23.794357342965917,24.639197605782115,63700
2008-09-30,24.28041648864746,24.627611574074493,23.7249070008424,24.627611574074493,18900
2008-10-01,24.46558380126953,24.587103282738084,23.88692759247963,24.01423266478085,19900
2008-10-02,23.82328224182129,24.523458143264268,23.765417486448644,24.523458143264268,25700
2008-10-03,23.429792404174805,24.58710489777419,23.360352065231993,24.58710489777419,61200
2008-10-06,22.648611068725586,22.990018431904698,21.676468143313844,22.712263625701198,62700
2008-10-07,21.300336837768555,22.914786058278462,21.265616668951754,22.914786058278462,41900
2008-10-08,20.82005500793457,21.537589846291194,20.252972055274732,20.837413991900057,35400
2008-10-09,19.240324020385742,21.178821948502666,19.037795176814903,20.60595338674581,69400
2008-10-10,20.33977508544922,20.63488890347579,17.88048407106455,18.950998723514445,92200
2008-10-13,21.149890899658203,22.098887038935825,19.790049247688266,22.098887038935825,199600
2008-10-14,21.398710250854492,23.22726411685129,20.721683422265812,23.22726411685129,139000
2008-10-15,19.63381576538086,20.970513112066534,19.58752218454699,20.970513112066534,59500
2008-10-16,20.32240867614746,20.32240867614746,18.731103848154795,19.871057467666187,147300
2008-10-17,20.102523803710938,20.912641418979053,19.749543055368854,19.917351729542215,73200
2008-10-20,20.976289749145508,20.976289749145508,20.13723771769999,20.409206870470218,94400
2008-10-21,20.5480899810791,21.05730828538165,20.409213666432457,20.825847025170837,111000
2008-10-22,19.570152282714844,20.183528642335766,18.881552207284315,20.183528642335766,158300
2008-10-23,19.6743221282959,19.842133052695477,18.586447227835915,19.471793224640887,62100
2008-10-24,18.991500854492188,19.57015719303832,18.56329640011135,19.57015719303832,131000
2008-10-27,18.528575897216797,19.338693432404693,18.522788097790468,18.846836436304855,49300
2008-10-28,20.559654235839844,20.559654235839844,18.37812118407641,19.240318796183285,91300
2008-10-29,19.963642120361328,20.83162656037704,19.963642120361328,20.18353212990358,150300
2008-10-30,20.484445571899414,20.8200652692375,19.963653722271516,20.8200652692375,91800
2008-10-31,20.675397872924805,20.95894054828158,20.31663143682807,20.57123951931615,92500
2008-11-03,20.75640106201172,20.889491747400417,20.640669359421967,20.877920563800206,87500
2008-11-04,21.583877563476562,21.589665362087484,21.103594026494946,21.265617069226327,101000
2008-11-05,20.397634506225586,21.50865353892825,20.345555351105236,21.50865353892825,117600
2008-11-06,19.460208892822266,20.432351498839676,19.390768558536553,20.42656370061674,121900
2008-11-07,20.021509170532227,20.021509170532227,19.56437232381261,19.697463021708078,82700
2008-11-10,19.790050506591797,20.652247358080363,19.523869076427484,20.634888371408508,140100
2008-11-11,19.50650978088379,19.790052432715683,19.15931676926044,19.541229965005858,71400
2008-11-12,18.569080352783203,19.21717477666317,18.49385441734223,19.21717477666317,126300
2008-11-13,19.87105941772461,19.87105941772461,17.938347094126044,18.86419638376657,136200
2008-11-14,18.991500854492188,19.940496896524046,18.933636103597074,19.691674494357308,84700
2008-11-17,18.661666870117188,19.240323207175084,18.52857617748172,18.86998350464183,101800
2008-11-18,18.6558780670166,19.095655836232122,18.10036750512991,19.095655836232122,238600
2008-11-19,17.6374454498291,18.97414242562772,17.6374454498291,18.97414242562772,101900
2008-11-20,16.49749183654785,17.92098585577587,16.335467669410786,17.498567006528468,218200
2008-11-21,17.371267318725586,17.371267318725586,16.12136944445362,17.35969392455464,148700
2008-11-24,18.331832885742188,18.77739852897744,17.51014084516134,17.83418808401454,223500
2008-11-25,18.667461395263672,19.02623008525,18.29712261920977,19.02623008525,65900
2008-11-26,19.21717643737793,19.21717643737793,18.20452784681729,18.20452784681729,66600
2008-11-28,19.529651641845703,19.529651641845703,19.153524134672868,19.15931193426562,49400
2008-12-01,17.770540237426758,19.52965649277394,17.735821157142176,19.52965649277394,133400
2008-12-02,18.580646514892578,18.626937852032903,17.822606278565164,18.169800136708403,123600
2008-12-03,19.182456970214844,19.234536124811026,18.1987408319528,18.262392273582023,83400
2008-12-04,18.684812545776367,19.298186813962925,18.389697698926742,18.950993915268594,86700
2008-12-05,19.408140182495117,19.408140182495117,18.169814480970985,18.435997053709713,141700
2008-12-08,19.83054542541504,20.501786433886316,19.616443279862438,20.501786433886316,252600
2008-12-09,19.298187255859375,19.992575276546983,19.24610809912284,19.992575276546983,249500
2008-12-10,19.48914909362793,19.78426290704239,19.188247479664657,19.78426290704239,110500
2008-12-11,18.875764846801758,19.4717822408068,18.76582096217862,19.454421053572855,250400
2008-12-12,18.968355178833008,19.078301302312287,18.314473963720165,18.58644206138667,185600
2008-12-15,18.748464584350586,19.06672510076486,18.517001186559174,19.049363911121443,79900
2008-12-16,19.72060775756836,19.73796674019554,18.93363483662334,19.72060775756836,67700
2008-12-17,19.500720977783203,19.74375560444082,19.35026907874842,19.697464240629404,92900
2008-12-18,19.153526306152344,19.70325033765198,19.0262233968633,19.70325033765198,138200
2008-12-19,19.141952514648438,19.547010180971537,19.072512165508428,19.3907727065046,376500
2008-12-22,18.87308120727539,19.27053244966242,18.54576776365066,19.27053244966242,467900
2008-12-23,18.744504928588867,19.095196368012974,18.674367086632405,19.07766246493431,283000
2008-12-24,18.756195068359375,18.808799007595706,18.604228256656743,18.680211105097605,68000
2008-12-26,18.88477897644043,18.97245070352921,18.715277182570915,18.97245070352921,76000
2008-12-29,18.756195068359375,18.861402946832037,18.50486538419044,18.861402946832037,109800
2008-12-30,19.25300407409668,19.25300407409668,18.849708781899018,18.89062270010858,191500
2008-12-31,19.638765335083008,19.69721538187654,19.24131393545221,19.387435707974085,204200
2009-01-02,20.094667434692383,20.182339163270527,19.463420286651136,19.632922083400143,520300
2009-01-05,19.907630920410156,20.082976600005146,19.761509149140785,20.01868266390402,454300
2009-01-06,19.97776222229004,20.188177860946244,19.83164049873885,20.094660047059104,266500
2009-01-07,19.358211517333984,19.691368975458186,19.27638368265664,19.685525085684635,133000
2009-01-08,19.42250633239746,19.42250633239746,19.177022817251235,19.264694545671443,209100
2009-01-09,19.007518768310547,19.504331859407383,18.972448743313635,19.498487970061785,310000
2009-01-12,18.539932250976562,18.99583263556562,18.42303548826555,18.99583263556562,201200
2009-01-13,18.528236389160156,18.63344310160007,18.352889638786248,18.48147747869119,310100
2009-01-14,17.93206024169922,18.265217632953018,17.79178350405659,18.265217632953018,478100
2009-01-15,17.80347442626953,18.008045110050585,17.254057419889094,17.9028372661163,285900
2009-01-16,17.815170288085938,18.160017838814568,17.388494882886416,18.15417283280652,315200
2009-01-20,16.804000854492188,17.651507430473018,16.786465843569527,17.61059240498681,297700
2009-01-21,17.511234283447266,17.54045930951355,16.698797510757327,17.107938957119302,218700
2009-01-22,17.18392562866211,17.452790354346856,16.827389149682837,17.160546717414437,238300
2009-01-23,17.289119720458984,17.347568624170307,16.733856807431575,16.75723681484415,395100
2009-01-26,17.312509536743164,17.674890938394178,17.148852736591284,17.347578452911158,249800
2009-01-27,17.52876091003418,17.639813726296026,17.31250139474662,17.411864206176645,588400
2009-01-28,18.142480850219727,18.224308690774613,17.891151208720338,17.961289039247177,195700
2009-01-29,17.452783584594727,17.879458861456143,17.446938580344774,17.861923848706287,126000
2009-01-30,17.090396881103516,17.575520965182115,16.93843015280151,17.534607060412398,349300
2009-02-02,17.014421463012695,17.11378432409697,16.751401796959975,16.809850735507332,181800
2009-02-03,17.14299964904785,17.271586357586454,16.926739019193608,17.178068548681974,408600
2009-02-04,16.97934913635254,17.446939466719083,16.950125228438655,17.294972692961505,158000
2009-02-05,17.154701232910156,17.28913303459631,16.646196828295132,16.850767591412005,315600
2009-02-06,17.709962844848633,17.785946809999874,17.213149584983913,17.218993476314683,335300
2009-02-09,17.79178237915039,17.920369101820985,17.61059062901686,17.70995345125061,225700
2009-02-10,16.804000854492188,17.715800240881862,16.716328029519797,17.593058508884607,442600
2009-02-11,17.037797927856445,17.107936867025835,16.78646830849534,16.944280085511004,465900
2009-02-12,16.985193252563477,17.0085732695283,16.424086223254616,16.82153759309201,524700
2009-02-13,16.7221736907959,17.055331107685383,16.71048368305439,16.991037179927588,524900
2009-02-17,15.938956260681152,16.535133100038024,15.927266256422353,16.535133100038024,302200
2009-02-18,15.798684120178223,16.05001259546051,15.681786273444677,16.026633695006094,275700
2009-02-19,15.582420349121094,16.009095509919966,15.53566144266122,16.003250507259946,277900
2009-02-20,15.301872253417969,15.48890794456595,14.892730842916267,15.2843372393151,451800
2009-02-23,14.828434944152832,15.506439741298019,14.805054930200033,15.447990821236449,198100
2009-02-24,15.471366882324219,15.506436896820224,14.822587221631208,14.910260028230779,205800
2009-02-25,15.342793464660645,15.652572172139894,15.044704772140122,15.372017387236284,229000
2009-02-26,15.184974670410156,15.722702849834766,15.155750761184525,15.605806098111568,147100
2009-02-27,14.758295059204102,15.062228531940635,14.641397226668403,14.83427786997806,172400
2009-03-02,14.039380073547363,14.460210374140036,13.969241132704928,14.460210374140036,260000
2009-03-03,13.782206535339355,14.24979579526118,13.700378693558221,14.24979579526118,143100
2009-03-04,14.06860637664795,14.261487103270586,13.76467277263021,14.086141393548493,94200
2009-03-05,13.402283668518066,13.799734905471935,13.267851960377845,13.641923188183746,129400
2009-03-06,13.484113693237305,13.770512163580584,13.121732410280655,13.49580369973794,215100
2009-03-09,13.408133506774902,13.712065931577728,13.25616673696319,13.291235648513402,88400
2009-03-10,14.29655933380127,14.30240434078868,13.723762026888297,13.741297047850523,104300
2009-03-11,14.35500431060791,14.618023978044407,14.173813603496537,14.571265049924673,112700
2009-03-12,15.06807804107666,15.091456945682925,14.238106303371634,14.384228080328006,122200
2009-03-13,15.249268531799316,15.29602745521757,14.9336449626106,15.260958541359047,144200
2009-03-16,15.255108833312988,15.757766826380761,15.220039930266475,15.483058375345811,126000
2009-03-17,15.740239143371582,15.74023914337158,15.085613044205799,15.255114852986685,95400
2009-03-18,16.242897033691406,16.365638789498725,15.518132049114273,15.605806005914554,107200
2009-03-19,15.956494331359863,16.58189634516063,15.915580420558603,16.558516330519648,146900
2009-03-20,15.635028839111328,16.096774151155977,15.576579910206606,16.096774151155977,82700
2009-03-23,16.79816436767578,16.8098543808845,15.798691649571817,16.277971042919052,138800
2009-03-24,16.424089431762695,16.839074780572098,16.38902051428519,16.622815155503215,113600
2009-03-25,16.695947647094727,16.932350220186382,16.11676106120607,16.701857852329066,120000
2009-03-26,16.95599365234375,16.99145376195425,16.625028871790526,16.896892718155204,171000
2009-03-27,16.67230987548828,16.885072793812864,16.630939558537744,16.784601540965877,59600
2009-03-30,16.016298294067383,16.489103690208605,15.868546466866128,16.370902904801792,83800
2009-03-31,16.18177604675293,16.46546034906768,16.051754873332186,16.205416874969462,107400
2009-04-01,16.524551391601562,16.5895625074235,15.945364934888714,16.0694769626164,109300
2009-04-02,16.926443099975586,17.198306954023348,16.890982989362954,17.04464497169315,103900
2009-04-03,17.16284942626953,17.180578920615684,16.83188458655567,17.015097628015518,62200
2009-04-06,17.044645309448242,17.068285007906244,16.79051206929921,16.99736478527563,52400
2009-04-07,16.625024795532227,16.831877450846044,16.619115718093113,16.755047044318427,82800
2009-04-08,16.725500106811523,16.80824186550429,16.54819843166064,16.70777061565037,60800
2009-04-09,17.576549530029297,17.588369941569713,17.257406309233538,17.334236729733252,87000
2009-04-13,17.730213165283203,17.830684418310074,17.369698470200337,17.45244023150614,77300
2009-04-14,17.25149917602539,17.66520350831391,17.245588969202554,17.58837307413038,150300
2009-04-15,17.60019302368164,17.617922516425963,17.08601631621973,17.151027462300007,119400
2009-04-16,17.818864822387695,17.94888711300358,17.428800205053342,17.812954615790915,117400
2009-04-17,17.990251541137695,18.126182866583914,17.7479387862966,17.919330212455684,129900
2009-04-20,17.074193954467773,17.712481547328537,17.074193954467773,17.712481547328537,111800
2009-04-21,17.45244026184082,17.45244026184082,16.80233221919914,16.92644317048868,157000
2009-04-22,17.351966857910156,17.736121204092797,17.26922510671615,17.316505624288528,156000
2009-04-23,17.523359298706055,17.53517971057926,17.162845754625447,17.40515856174356,176400
2009-04-24,17.730213165283203,17.89569556063822,17.564730769928186,17.62383170593045,147600
2009-04-27,17.582462310791016,17.818864939938553,17.49972167240354,17.67702336245003,111500
2009-04-28,17.470169067382812,17.671111565893007,17.3342377087602,17.40515905475179,97300
2009-04-29,17.765668869018555,17.96070112036658,17.623827334152384,17.68883846035383,116700
2009-04-30,17.84250831604004,18.167561836658493,17.77749716101362,18.090731393928305,104400
2009-05-01,17.87205696105957,17.966618019536863,17.73021537334363,17.919337490298215,64100
2009-05-04,18.67582893371582,18.67582893371582,18.09073190375937,18.120281814736796,83500
2009-05-05,18.569446563720703,18.693557536606644,18.480795707765488,18.634457717474362,81200
2009-05-06,19.04816436767578,19.089534696922964,18.71129039836938,18.912232963790203,110300
2009-05-07,18.823575973510742,19.36730253942407,18.69355369273929,19.36730253942407,181500
2009-05-08,19.390945434570312,19.390945434570312,19.012698964165704,19.166362085942374,153300
2009-05-11,18.894495010375977,19.136808938307038,18.894495010375977,19.059977390430813,87000
2009-05-12,18.811752319335938,19.10725693959303,18.563529340125072,19.10725693959303,81300
2009-05-13,18.327133178710938,18.598995946237252,18.238482325267867,18.56944603750848,116800
2009-05-14,18.46306037902832,18.563531624100364,18.220747575135135,18.31530861434923,65200
2009-05-15,18.23847770690918,18.5458005125409,18.14391667021381,18.46897009294709,95600
2009-05-18,18.799936294555664,18.81766691408404,18.463062414312926,18.504432732622504,81900
2009-05-19,18.723102569580078,18.924045046513577,18.7112821586413,18.82948401351622,70800
2009-05-20,18.575349807739258,19.030425458906983,18.55170898714315,18.9299530986299,58100
2009-05-21,18.30348777770996,18.392139736264525,18.12027590939305,18.374409119102317,80300
2009-05-22,18.291669845581055,18.45124090280995,18.220748498946442,18.415780793120923,56900
2009-05-26,18.723102569580078,18.776293291548146,18.185286271686437,18.191196477155824,72700
2009-05-27,18.315309524536133,18.78811587135943,18.30348911223282,18.74674442829785,56500
2009-05-28,18.58717918395996,18.622639304702698,18.197114474019124,18.492618110474723,81100
2009-05-29,18.876766204833984,18.876766204833984,18.55762184470986,18.711283818778156,46400
2009-06-01,19.337759017944336,19.4145883414714,19.08362570593607,19.190007197219245,103100
2009-06-02,19.296384811401367,19.367305039835973,19.20773283497305,19.243194076447057,64700
2009-06-03,19.000877380371094,19.17817904279882,18.859034697721135,19.160447298396978,62100
2009-06-04,19.19590950012207,19.24319114822594,18.947687611115967,19.089528046401433,86800
2009-06-05,19.1545467376709,19.467779889066954,19.059985658692057,19.467779889066954,94100
2009-06-08,19.130895614624023,19.237277053071537,18.912223659820913,19.07179581749218,66300
2009-06-09,19.201826095581055,19.29638716318983,19.065892447286853,19.195914760691554,75000
2009-06-10,19.130895614624023,19.390940132834718,18.929953148057916,19.390940132834718,94800
2009-06-11,19.3259334564209,19.562334953933345,19.201822501138366,19.201822501138366,62800
2009-06-12,19.373212814331055,19.385033227359393,19.178181635646656,19.243192780045877,80900
2009-06-15,18.912233352661133,19.19591658240938,18.823582484271924,19.19591658240938,84700
2009-06-16,18.646268844604492,18.977233548637393,18.61671894797055,18.971322216603046,71200
2009-06-17,18.533985137939453,18.693556216487384,18.427603667403023,18.64036660847588,55600
2009-06-18,18.75265121459961,18.799931727933917,18.504428237780417,18.581259776483886,80900
2009-06-19,18.794023513793945,18.947686607479095,18.705372682807994,18.947686607479095,90600
2009-06-22,18.285764694213867,18.669919182598246,18.22666374355699,18.628548855315497,317600
2009-06-23,18.25621223449707,18.356683504617685,18.167561379039302,18.25621223449707,257100
2009-06-24,18.393386840820312,18.584238920804896,18.29796080082802,18.42917132142539,140100
2009-06-25,18.763153076171875,18.763153076171875,18.26813031473149,18.3218075775741,66900
2009-06-26,18.72140884399414,18.82876339546797,18.608091161943168,18.679660104547168,52000
2009-06-29,18.93612289428711,18.959979973100015,18.673700715185785,18.822804045062064,60100
2009-06-30,18.822799682617188,19.05540159686179,18.685624923939518,18.971902977936708,74200
2009-07-01,18.918231964111328,19.061371038500763,18.85859153629191,18.85859153629191,46100
2009-07-02,18.43513298034668,18.697555121945456,18.411277042511138,18.697555121945456,70100
2009-07-06,18.42917251586914,18.42917251586914,18.154822917502006,18.274104906439288,78600
2009-07-07,18.083248138427734,18.417239213689907,18.083248138427734,18.417239213689907,64700
2009-07-08,18.035539627075195,18.23832025775057,17.80890305385647,18.214464315207216,88300
2009-07-09,18.053422927856445,18.16674058599376,17.98781712967451,18.142884656016072,48200
2009-07-10,17.999753952026367,18.053431241153135,17.856614893544357,17.98186114312807,72200
2009-07-13,18.470918655395508,18.494775732348312,17.999752761258083,18.035537239119247,218000
2009-07-14,18.608091354370117,18.608091354370117,18.423202452667542,18.56037834628477,47200
2009-07-15,19.180654525756836,19.216440148195467,18.798950320290874,18.84069907556768,84400
2009-07-16,19.29396629333496,19.359572109980274,19.0255810333247,19.09715111853485,117600
2009-07-17,19.228357315063477,19.27606917495597,19.109074252629465,19.27606917495597,88200
2009-07-20,19.3834285736084,19.425177314679157,19.210468203380543,19.33571442659282,65100
2009-07-21,19.460962295532227,19.598137051061876,19.25221632179397,19.56831684770946,82300
2009-07-22,19.460962295532227,19.586208514693773,19.341679206986893,19.341679206986893,64500
2009-07-23,19.950029373168945,20.015635213453756,19.49675389945752,19.49675389945752,82500
2009-07-24,20.08123016357422,20.08123016357422,19.788988986944425,19.896343538602295,78400
2009-07-27,20.20647621154785,20.20647621154785,19.9798385993531,20.039478998550745,108100
2009-07-28,20.152809143066406,20.206486439568554,19.97388557977143,20.08720330565972,234600
2009-07-29,20.051414489746094,20.158769065654106,19.92020511096444,20.015631147867545,104400
2009-07-30,20.361547470092773,20.564328060910718,20.284013112538165,20.343655801093995,87700
2009-07-31,20.43312644958496,20.52855252297245,20.313845564203387,20.34366578554878,78400
2009-08-03,20.731332778930664,20.76115527478824,20.498731872118395,20.64783525085826,68800
2009-08-04,20.844646453857422,20.874466665495152,20.618008750165306,20.665722908894725,100600
2009-08-05,20.910247802734375,20.987779881347336,20.70746722187004,20.874462191357438,94400
2009-08-06,20.844646453857422,21.05339021045785,20.73729187185254,21.017606866547094,97600
2009-08-07,21.178634643554688,21.345631909613513,20.981819443558084,21.06531693901944,93800
2009-08-10,21.124961853027344,21.19653310019998,20.987787041984692,21.113035586968504,80500
2009-08-11,20.743253707885742,21.047425762937383,20.7313251689488,21.01760555316311,84100
2009-08-12,21.00567626953125,21.1488141814277,20.725361302291244,20.725361302291244,100000
2009-08-13,21.148815155029297,21.148815155029297,20.94007140926393,21.124958076902914,72200
2009-08-14,20.987777709960938,21.17862973395416,20.784997150076194,21.17862973395416,99100
2009-08-17,20.50469398498535,20.629940256959216,20.439088144864765,20.629940256959216,89000
2009-08-18,20.6895809173584,20.743258216673944,20.51662275301867,20.558371510804466,50200
2009-08-19,20.826749801635742,20.892355623799173,20.49275983445611,20.534508580353563,118500
2009-08-20,21.035491943359375,21.077240681590204,20.84463991855112,20.88638865678195,88600
2009-08-21,21.500699996948242,21.530520208289882,21.184601661481533,21.184601661481533,89200
2009-08-24,21.458942413330078,21.715400220552937,21.37544494588735,21.6199742184562,131400
2009-08-25,21.518590927124023,21.81083214249297,21.518590927124023,21.572265934932386,71500
2009-08-26,21.548412322998047,21.661730026515684,21.435092344344312,21.518592114191943,106900
2009-08-27,21.631908416748047,21.697514236954262,21.315810128630044,21.524553851889866,81800
2009-08-28,21.584203720092773,21.810841486859605,21.452994297343086,21.78102126692272,221900
2009-08-31,21.435094833374023,21.458951913243617,21.291956904429195,21.369491276437188,65300
2009-09-01,20.898317337036133,21.57226255892234,20.84464006249217,21.339661794277045,108400
2009-09-02,20.755186080932617,20.898326299482093,20.707474191507185,20.785006296215585,47200
2009-09-03,20.963918685913086,20.963918685913086,20.74324422912254,20.832707092700883,64700
2009-09-04,21.20248794555664,21.20248794555664,20.916209894176855,21.00567278060491,46500
2009-09-08,21.375444412231445,21.447013343233383,21.268089878160893,21.417193144910517,96600
2009-09-09,21.566301345825195,21.61401549416656,21.369486171756602,21.41123491398739,60800
2009-09-10,21.72136878967285,21.721368789672848,21.375450298624692,21.56033921935783,47900
2009-09-11,21.673654556274414,21.79890077517599,21.614014149693382,21.76311744128164,93400
2009-09-14,21.834692001342773,21.858549080166867,21.458950972840206,21.500699723214243,191700
2009-09-15,21.977819442749023,22.06131917881216,21.739255593688437,21.888358852526995,66000
2009-09-16,22.371463775634766,22.37146377563477,21.983796462901303,22.07922250797346,102300
2009-09-17,22.293930053710938,22.544422550596934,22.168681530131725,22.347607342348823,84900
2009-09-18,22.353567123413086,22.43110147874184,22.246212562230465,22.43110147874184,57900
2009-09-21,22.204471588134766,22.252185754304367,22.037476556814482,22.16868596350756,80000
2009-09-22,22.353567123413086,22.41917294137312,22.258141099599186,22.32374691755922,49200
2009-09-23,22.204471588134766,22.604069766826868,22.192543046592363,22.43707246036992,136100
2009-09-24,21.9504337310791,22.286747637791137,21.83632833158178,22.250713268552005,110200
2009-09-25,21.81229591369629,21.96844248807141,21.728218046394332,21.908385232177107,90600
2009-09-28,22.208667755126953,22.22668378894823,21.854337913956105,21.854337913956105,49200
2009-09-29,22.202667236328125,22.388839062410643,22.154621416080506,22.256717638631297,68000
2009-09-30,22.052526473999023,22.280737236865832,21.88436840178843,22.26872807330501,81400
2009-10-01,21.488004684448242,22.03451339465404,21.488004684448242,22.03451339465404,78900
2009-10-02,21.373891830444336,21.4819926181875,21.22375210201777,21.23576355520595,61500
2009-10-05,21.788278579711914,21.81830836080873,21.445960151954196,21.50001055059755,81900
2009-10-06,22.07654571533203,22.208669415768558,21.92040139832114,21.962440341014478,84900
2009-10-07,22.12458610534668,22.14260213609749,21.968441826622975,22.028496789759014,78700
2009-10-08,22.268722534179688,22.38883246751734,22.190649244750112,22.31076146903789,111300
2009-10-09,22.400842666625977,22.400842666625977,22.22067548574239,22.298748770806945,53100
2009-10-12,22.544984817504883,22.587023763124332,22.466911508089883,22.52696649013175,75800
2009-10-13,22.460908889770508,22.496940965765223,22.29275080164182,22.42487452282488,75100
2009-10-14,22.839252471923828,22.887298279873445,22.623050918050993,22.767186050949622,101500
2009-10-15,22.911327362060547,22.911327362060547,22.713141787251473,22.7551807350684,220700
2009-10-16,22.641075134277344,22.71314157400821,22.532974329205636,22.665098044504568,65000
2009-10-19,22.85126304626465,22.935340915997088,22.629056920407475,22.701123338613833,69200
2009-10-20,22.69512367248535,22.857274866772737,22.641073274389555,22.851267994233968,89500
2009-10-21,22.418865203857422,22.899311873536636,22.418865203857422,22.659087393221814,73800
2009-10-22,22.707130432128906,22.785201431387467,22.334782304025918,22.4428830778687,55900
2009-10-23,22.424867630004883,22.761181411937248,22.340789757259344,22.761181411937248,78900
2009-10-26,22.064537048339844,22.60503873409309,21.992468324145594,22.45489899511431,95100
2009-10-27,22.01049041748047,22.196662259466674,21.950433137040566,22.112584357801804,66200
2009-10-28,21.626123428344727,21.992464697595494,21.578079911088192,21.92640285678631,108900
2009-10-29,22.100563049316406,22.13659740151629,21.698189759025947,21.776260752367392,52000
2009-10-30,21.457965850830078,22.01048114331874,21.373887984591594,22.01048114331874,70800
2009-11-02,21.548057556152344,21.78827978152264,21.205739109512823,21.548057556152344,234100
2009-11-03,21.51803207397461,21.584091645729142,21.33185794189096,21.373896892530656,82400
2009-11-04,21.53003692626953,21.872355336307585,21.506016309966384,21.740233928313415,151500
2009-11-05,21.962438583374023,21.968445455249803,21.70419807552431,21.716209528325503,84800
2009-11-06,22.034503936767578,22.082549745633866,21.800286345920092,21.88436422048583,71500
2009-11-09,22.55699348449707,22.55699348449707,22.196656763924334,22.20266363595662,122400
2009-11-10,22.587026596069336,22.641077003066496,22.466914325969977,22.520964732967137,110800
2009-11-11,22.677104949951172,22.827244687490694,22.599033935915042,22.761185127371796,74000
2009-11-12,22.460908889770508,22.79121590177724,22.406858484827524,22.641076142596823,83800
2009-11-13,22.538976669311523,22.647077463630332,22.37682547783331,22.520960633908583,95700
2009-11-16,22.911327362060547,23.00140983983217,22.7071372051137,22.731157824615632,71000
2009-11-17,22.887311935424805,22.911334853732715,22.731165257374972,22.839266098808984,61600
2009-11-18,22.935348510742188,22.965378294976432,22.815238537608767,22.92333705523867,54600
2009-11-19,22.647079467773438,22.815237546567428,22.514958044875545,22.74917568964309,74900
2009-11-20,22.629058837890625,22.653081742978376,22.484923698314425,22.51495347514928,44100
2009-11-23,22.917333602905273,23.037445872911736,22.833255701186047,22.833255701186047,58400
2009-11-24,22.905323028564453,22.971384894158653,22.73716721865274,22.971384894158653,85000
2009-11-25,23.007408142089844,23.019419592841665,22.90531195617437,22.983385240586205,60000
2009-11-27,22.63505744934082,22.797208579494963,22.37081243591354,22.412851363255385,41400
2009-11-30,22.761184692382812,22.76118469238281,22.52696478189884,22.671099935200473,135600
2009-12-01,23.001407623291016,23.037441985497697,22.863279337924652,22.977384715153224,59600
2009-12-02,23.043447494506836,23.151548294527096,22.935346694486572,23.013420003601365,106100
2009-12-03,22.863283157348633,23.25364746147282,22.82724878912223,23.115519153031446,54800
2009-12-04,23.019420623779297,23.241626745264632,22.821235113923393,23.187576359935758,69200
2009-12-07,22.995397567749023,23.151541851573757,22.959363214120206,23.04344108163738,44400
2009-12-08,22.713136672973633,22.869283264806523,22.671097734622546,22.869283264806523,144000
2009-12-09,22.821245193481445,22.827249776303354,22.623059596092055,22.725155831673252,52500
2009-12-10,22.881298065185547,23.001410329053236,22.85127057195635,22.911327849365634,41700
2009-12-11,23.03142738342285,23.085477763117748,22.893299144413636,22.971372424184008,82000
2009-12-14,23.1695613861084,23.211600322066484,23.079476642798102,23.163554514714278,134900
2009-12-15,23.02543067932129,23.133531475685054,22.959368826993362,23.127524603136717,57100
2009-12-16,23.001407623291016,23.14554278116713,22.98339158766298,23.133531327098236,67600
2009-12-17,22.761184692382812,22.9053175547339,22.76118469238281,22.9053175547339,57200
2009-12-18,22.803224563598633,22.88129557932261,22.647077950249408,22.88129557932261,37400
2009-12-21,23.043447494506836,23.121520803621625,22.96537647634275,22.96537647634275,66700
2009-12-22,23.098562240600586,23.1954622535287,23.07433665979892,23.11673027106256,182200
2009-12-23,23.14095115661621,23.17123197133511,23.07433197806779,23.17123197133511,54400
2009-12-24,23.243907928466797,23.243907928466797,23.17123120321696,23.17123120321696,22400
2009-12-28,23.280244827270508,23.310527952364684,23.195457621674215,23.268132039288457,54300
2009-12-29,23.286304473876953,23.352923658639824,23.286304473876953,23.298417262950046,95000
2009-12-30,23.23785400390625,23.304473190636696,23.19546039603749,23.23785400390625,69100
2009-12-31,23.01377296447754,23.274192159161,23.01377296447754,23.256024130320217,46000
2010-01-04,23.31658935546875,23.35898296947458,23.122789317076762,23.122789317076762,65600
2010-01-05,23.31658935546875,23.33475738710591,23.225744576725578,23.286308532647258,47100
2010-01-06,23.365034103393555,23.37714458097326,23.30447016410474,23.30447016410474,113100
2010-01-07,23.407434463500977,23.41348970403898,23.225744903458672,23.304476892125088,45100
2010-01-08,23.449827194213867,23.455882434523634,23.310533564302865,23.310533564302865,49300
2010-01-11,23.56489372253418,23.583061752570387,23.455880921759956,23.558838482614938,58100
2010-01-12,23.425600051879883,23.504332032333803,23.371093651608476,23.43771284197114,55800
2010-01-13,23.62545394897461,23.661792317150844,23.43771148909328,23.516443465002613,97100
2010-01-14,23.661787033081055,23.679955057972773,23.570942288066785,23.583055074753876,46400
2010-01-15,23.449827194213867,23.61940164623098,23.316588804612632,23.61940164623098,77700
2010-01-19,23.70418357849121,23.70418357849121,23.42559638088483,23.437709169077905,80500
2010-01-20,23.49222183227539,23.564896270556844,23.316589822006367,23.564896270556844,85300
2010-01-21,23.031938552856445,23.516440833203987,23.013770525940746,23.486157707973696,96100
2010-01-22,22.614055633544922,23.02588114691485,22.614055633544922,22.965317212432286,122400
2010-01-25,22.723068237304688,22.85024903336079,22.668561851812377,22.85024903336079,136400
2010-01-26,22.662500381469727,22.819964272432603,22.559545176844154,22.638277122325594,70400
2010-01-27,22.723068237304688,22.73518102411163,22.474761883457028,22.583774654441644,75000
2010-01-28,22.505046844482422,22.819972428690647,22.359695686279288,22.783634061570293,66800
2010-01-29,22.30518913269043,22.698844336679517,22.256737981891632,22.589831557660254,121300
2010-02-01,22.571672439575195,22.571672439575195,22.40815320651043,22.444491583951134,85600
2010-02-02,22.904756546020508,22.916869333423534,22.5595501910072,22.589831004375778,64200
2010-02-03,22.7291202545166,22.844190557736454,22.680671424432607,22.783626632284548,65800
2010-02-04,22.11138916015625,22.583778688905248,22.105333920809976,22.583778688905248,86200
2010-02-05,22.117450714111328,22.178012359651763,21.70562505565604,22.178012359651763,197300
2010-02-08,21.923648834228516,22.184068046676053,21.923648834228516,22.123504095944945,81800
2010-02-09,22.214344024658203,22.347582376945084,22.044769620131618,22.178005662140507,69000
2010-02-10,22.19011878967285,22.274905993235368,22.00843159485632,22.19011878967285,33500
2010-02-11,22.38998031616211,22.40814834580204,22.050829131120004,22.147729139663685,82500
2010-02-12,22.37786293029785,22.37786293029785,22.093218202914887,22.153782139739967,160800
2010-02-16,22.7291202545166,22.753345824697362,22.468701150767238,22.565601121212755,108100
2010-02-17,22.807846069335938,22.85629719666874,22.73517168861364,22.850239650613688,67000
2010-02-18,22.97138214111328,22.977437381367988,22.771524558528714,22.807862930892803,63800
2010-02-19,23.0258846282959,23.07433347292926,22.862365445886635,22.92292707924789,58800
2010-02-22,22.989545822143555,23.116726635935173,22.947152217546346,23.092503369221184,99800
2010-02-23,22.753355026245117,22.99560620546502,22.723074206412246,22.959267835498494,86400
2010-02-24,22.941091537475586,22.971372346394975,22.753346825731146,22.83207877714367,72400
2010-02-25,22.86841583251953,22.868415832519535,22.57166065763019,22.65039261251578,92900
2010-02-26,22.85025405883789,22.92898603525968,22.75941160322355,22.898705216721567,45200
2010-03-01,23.050111770629883,23.074335039451977,22.928986185405893,22.94109897495613,122100
2010-03-02,23.122783660888672,23.195458079938717,23.074332508003227,23.165177264524377,240300
2010-03-03,23.110671997070312,23.249965602975834,23.080391180182723,23.195459208466872,89300
2010-03-04,23.1833438873291,23.2075694623043,23.062220633009076,23.128837498773894,170100
2010-03-05,23.467987060546875,23.486155085433875,23.256019069272423,23.334748717301313,74800
2010-03-08,23.467987060546875,23.516438207282654,23.43770624897593,23.498267872117818,106600
2010-03-09,23.504329681396484,23.583059343697265,23.407429680637005,23.407429680637005,133200
2010-03-10,23.56489372253418,23.595174542687356,23.48010650199389,23.516444872344795,159600
2010-03-11,23.63756561279297,23.63756561279297,23.425597584220977,23.50432955638125,121800
2010-03-12,23.643627166748047,23.746582423697703,23.564895181253316,23.746582423697703,69700
2010-03-15,23.72235679626465,23.740527137669126,23.583063166983006,23.625456779795737,151600
2010-03-16,23.90404510498047,23.91615789519372,23.728413112306118,23.813200333520353,67900
2010-03-17,24.0433349609375,24.109954141536083,23.95249020370704,23.976715780338914,105500
2010-03-18,24.061506271362305,24.07967430117609,23.970663812014926,24.07967430117609,65200
2010-03-19,23.964601516723633,24.14628870972145,23.86164628779347,23.964601516723633,66700
2010-03-22,24.079675674438477,24.10995880622644,23.831369241615867,23.837426792084894,126300
2010-03-23,24.285587310791016,24.285587310791016,24.043338440250846,24.13418090034898,118200
2010-03-24,24.11601448059082,24.212914497332513,24.079676107958196,24.194746466155518,67700
2010-03-25,24.03012466430664,24.29205015833023,24.024032076831883,24.25550160440556,223900
2010-03-26,24.036216735839844,24.170225786667483,23.95703168184303,24.07276529251324,115300
2010-03-29,24.170228958129883,24.206777519598944,24.103224423924157,24.127590131570198,106700
2010-03-30,24.176313400268555,24.261593356489712,24.115401469466082,24.218952216558524,80200
2010-03-31,24.109315872192383,24.18850093283359,24.060584459205486,24.103223283748186,107000
2010-04-01,24.267683029174805,24.33468754561063,24.13976658341976,24.243317327990656,79200
2010-04-05,24.413877487182617,24.432150603177124,24.273775852420048,24.36514607967539,95800
2010-04-06,24.43214988708496,24.474788705583364,24.322506547048693,24.365145365547093,163300
2010-04-07,24.279855728149414,24.419954965919825,24.18239528780303,24.401681859492438,159200
2010-04-08,24.346874237060547,24.407786175988964,24.176316625506235,24.218955447484433,84200
2010-04-09,24.535690307617188,24.54178289263215,24.377317951833557,24.432139598766422,66200
2010-04-12,24.596620559692383,24.633166799023805,24.54179887705338,24.584437705367954,80300
2010-04-13,24.6209716796875,24.633154527943006,24.450416451391817,24.57833287261358,93300
2010-04-14,24.82807731628418,24.82807731628418,24.6392489632526,24.71234373463125,134400
2010-04-15,24.85853385925293,24.90117266653962,24.767163658701044,24.791529355333644,100800
2010-04-16,24.59052276611328,24.840265417801277,24.474789159989072,24.797626598511233,99800
2010-04-19,24.6879825592041,24.6879825592041,24.450422765971165,24.49306158405701,98700
2010-04-20,24.85853385925293,24.87680696990702,24.767163658701044,24.83416816262033,115800
2010-04-21,24.82807731628418,24.913357260473635,24.718436321036656,24.913357260473635,102000
2010-04-22,24.821992874145508,24.834175726172244,24.523518808594044,24.64534500521998,68900
2010-04-23,24.962095260620117,24.962095260620117,24.718445161008592,24.80981307699727,74500
2010-04-26,24.90117645263672,25.047366007378248,24.88899360246808,24.998636930344762,118400
2010-04-27,24.40778160095215,24.907266842193668,24.334686823210752,24.8158989509272,114700
2010-04-28,24.541791915893555,24.627069548334113,24.38341717824005,24.48697024880445,109600
2010-04-29,24.846349716186523,24.882895935590266,24.67579217228685,24.706250453310773,84800
2010-04-30,24.517425537109375,24.925540573559474,24.517425537109375,24.876811495071035,95100
2010-05-03,24.82807731628418,24.87071845019935,24.602700415742838,24.657522075187043,85300
2010-05-04,24.32859992980957,24.6270740212028,24.218956575717495,24.61489116812128,213300
2010-05-05,24.15195083618164,24.328596370919183,24.054490349428022,24.182406802609403,171700
2010-05-06,23.390535354614258,25.224011119184308,10.379550208837628,24.048392927028594,417500
2010-05-07,23.12251853942871,23.53672612748094,22.8301371226226,23.34180518294353,213000
2010-05-10,24.024030685424805,24.261592786714285,23.786470907776486,23.99966730786071,149500
2010-05-11,23.993581771850586,24.237234208224137,23.74993165911888,23.74993165911888,153700
2010-05-12,24.267683029174805,24.27377329265026,24.036213515207713,24.06666947986732,65900
2010-05-13,24.024030685424805,24.279865900797645,23.969209019533565,24.23722708550903,76600
2010-05-14,23.60372543334961,23.89001652410614,23.445353072198603,23.81082918171042,151900
2010-05-17,23.664642333984375,23.743829693078666,23.26871018579476,23.664642333984375,122400
2010-05-18,23.396623611450195,23.908291601081384,23.341801958145403,23.896108753275808,141300
2010-05-19,23.27480125427246,23.420993128149696,23.000692943028273,23.31134980365202,156100
2010-05-20,22.452484130859375,22.89105753602357,22.452484130859375,22.89105753602357,215900
2010-05-21,22.629131317138672,22.659587286310348,21.928632407982626,22.147919103845094,260500
2010-05-24,22.355024337768555,22.665678960468423,22.348931749370365,22.543852752562763,87000
2010-05-25,22.312381744384766,22.33674512293695,21.709343395124094,21.812896467625578,230800
2010-05-26,22.141826629638672,22.580400023617948,22.129646100820594,22.379388767138455,78100
2010-05-27,22.84840965270996,22.848409652709964,22.45247751080218,22.45247751080218,118100
2010-05-28,22.586490631103516,22.86059665466323,22.5438494894133,22.86059665466323,86400
2010-06-01,22.300199508666992,22.72049742671635,22.30019950866699,22.39765999648893,77400
2010-06-02,22.811866760253906,22.811866760253906,22.318471752865204,22.318471752865204,162800
2010-06-03,22.872777938842773,22.94587271854092,22.702222678333378,22.884960789399322,55500
2010-06-04,22.074827194213867,22.519490908352083,22.020005513093167,22.513398319537668,126300
2010-06-07,21.83116912841797,22.214920797239166,21.83116912841797,22.172281981108057,106600
2010-06-08,22.111371994018555,22.13573770040742,21.715439721586865,21.855539047860386,65500
2010-06-09,22.050451278686523,22.379381213143102,22.001719885297074,22.26364531566353,70800
2010-06-10,22.62303924560547,22.62303924560547,22.34284060500269,22.34284060500269,59900
2010-06-11,22.690040588378906,22.690040588378903,22.428115101735848,22.4890270329193,59000
2010-06-14,22.671772003173828,22.970243778699878,22.671772003173828,22.939787807023585,63000
2010-06-15,23.1651611328125,23.1651611328125,22.811867734524366,22.88496251974927,51400
2010-06-16,23.15298080444336,23.219985333051927,23.018974070867802,23.03724718825502,72700
2010-06-17,23.20170021057129,23.238248750076245,22.939774819886697,23.21388305707294,101900
2010-06-18,23.2199764251709,23.27479807994289,23.165154770398903,23.26261523181126,59500
2010-06-21,23.140796661376953,23.50018263026351,23.055516705057773,23.50018263026351,95600
2010-06-22,22.7996883392334,23.268717735838855,22.79359575075031,23.165164644401496,90100
2010-06-23,22.702224731445312,22.83014118839569,22.641310473153684,22.82405092438721,40600
2010-06-24,22.372713088989258,22.654979347807878,22.360440337633495,22.630436185884328,67200
2010-06-25,22.384990692138672,22.501578344106033,22.25613028615551,22.446354462217663,56000
2010-06-28,22.378847122192383,22.532252978876922,22.31134817072517,22.48929952626826,90700
2010-06-29,21.795900344848633,22.1579381929208,21.691583164495377,22.059758556534476,161000
2010-06-30,21.6118106842041,21.955438191315896,21.574992448104908,21.795897183126396,167000
2010-07-01,21.568857192993164,21.648626526499143,21.27431598649462,21.648626526499143,122100
2010-07-02,21.501361846923828,21.642494930629276,21.360228763218377,21.63022218324786,79900
2010-07-06,21.5872745513916,21.820452132860208,21.409323177618514,21.740680423791606,72600
2010-07-07,22.20089340209961,22.213166150221753,21.636358692417833,21.636358692417833,47300
2010-07-08,22.44634437561035,22.44634437561035,22.243847536527444,22.403388585463652,89200
2010-07-09,22.550662994384766,22.57520849548746,22.391121918792905,22.44021058021047,47400
2010-07-12,22.587474822998047,22.60588277319662,22.421796248849446,22.519975884553748,36500
2010-07-13,22.924968719482422,22.986330118137936,22.777698085606946,22.82678907716121,87000
2010-07-14,22.869749069213867,22.931110485429716,22.72861593928703,22.808385312210035,80300
2010-07-15,22.894285202026367,22.943373846750845,22.612016716909284,22.863602165688167,64200
2010-07-16,22.360431671142578,22.82678667875907,22.32361577213243,22.80837638846693,98200
2010-07-19,22.458614349365234,22.54452358721121,22.305208507249933,22.452479145627073,86600
2010-07-20,22.7347469329834,22.734746932983395,22.23157592270428,22.268394170086,53300
2010-07-21,22.47088623046875,22.90656058426178,22.348161093355042,22.90656058426178,73900
2010-07-22,22.937236785888672,23.004735715105618,22.740877541323105,22.740877541323105,79800
2010-07-23,23.133594512939453,23.152002459414067,22.863598813782815,22.937235281254637,113800
2010-07-26,23.391319274902344,23.391319274902344,23.12746107163626,23.244050995415797,73600
2010-07-27,23.428142547607422,23.5508677007327,23.348370846957856,23.5508677007327,77300
2010-07-28,23.286998748779297,23.4158590470414,23.22563502999744,23.397451101800108,54200
2010-07-29,23.18269920349121,23.45883029575275,23.010885341989944,23.434284789598767,43900
2010-07-30,23.18882942199707,23.268598780605338,22.91883362120736,23.023150818999994,45700
2010-08-02,23.630640029907227,23.66132307763473,23.428145491475494,23.557005865094585,76000
2010-08-03,23.54472541809082,23.655177799600132,23.48336402426882,23.5815436588563,69600
2010-08-04,23.673583984375,23.685854388381486,23.52017818563992,23.63676574999536,83000
2010-08-05,23.61222267150879,23.624495417555202,23.495635095248318,23.55086128206369,63800
2010-08-06,23.569265365600586,23.59381085366818,23.286999275182996,23.372906142632996,81100
2010-08-09,23.716543197631836,23.75335910019237,23.618363556158265,23.710405653346886,84000
2010-08-10,23.606094360351562,23.716546766227363,23.39746229822924,23.501777158896576,78900
2010-08-11,23.04769515991211,23.268597612026646,23.010876914165962,23.219508958485896,115000
2010-08-12,22.96792984008789,23.004748096054254,22.495439422066013,22.78997844743262,118600
2010-08-13,22.900428771972656,23.00474598390556,22.85747531434966,22.894293566935605,71200
2010-08-16,22.88814926147461,22.937240250424328,22.63656379507529,22.820650322062345,79000
2010-08-17,23.170421600341797,23.3054195151424,23.02315327582097,23.145878440113535,60200
2010-08-18,23.194969177246094,23.287013643900206,23.02315533633231,23.21337947504973,103500
2010-08-19,22.808382034301758,23.133604047712804,22.704067173568838,23.133604047712804,124000
2010-08-20,22.728609085083008,22.759289783938637,22.581338453473794,22.753154580482423,99900
2010-08-23,22.685657501220703,22.949515746461316,22.67951995647326,22.875879254216862,74000
2010-08-24,22.42793083190918,22.56906390803293,22.292935299540034,22.51997526193154,102400
2010-08-25,22.50156593322754,22.56906487269073,22.15180082945209,22.305206658854907,95700
2010-08-26,22.391122817993164,22.642708362429588,22.299078355555583,22.642708362429588,120400
2010-08-27,22.716339111328125,22.72247431553352,22.24384880073524,22.55066050833159,95300
2010-08-30,22.397253036499023,22.69179197361877,22.384980288187275,22.667246476995274,82500
2010-08-31,22.415660858154297,22.50770529956317,22.243847064364275,22.317481213018944,79100
2010-09-01,22.998600006103516,23.00473754967824,22.642699724741295,22.710196318554093,82000
2010-09-02,23.16427993774414,23.16427993774414,23.00473890719212,23.08450825207455,79200
2010-09-03,23.403596878051758,23.428142376655227,23.237918273659712,23.342235472330668,68500
2010-09-07,23.15814781188965,23.34836956504169,23.133602314454716,23.34836956504169,88200
2010-09-08,23.262460708618164,23.354505145865215,23.20109931097831,23.20109931097831,69000
2010-09-09,23.391319274902344,23.55699784491503,23.342230628669196,23.55699784491503,100500
2010-09-10,23.489505767822266,23.520188814063875,23.391326105897356,23.471097812707526,82100
2010-09-13,23.72881507873535,23.747225371946616,23.61222747873873,23.747225371946616,129600
2010-09-14,23.698123931884766,23.80857627931637,23.593809126414033,23.68585118874943,123700
2010-09-15,23.777894973754883,23.79630291758616,23.563127826435508,23.667442629194536,56700
2010-09-16,23.771766662597656,23.790174611764176,23.661314286024492,23.734948423477594,72600
2010-09-17,23.79631233215332,23.900629516969843,23.72881339035215,23.86994881818402,125500
2010-09-20,24.133808135986328,24.17062403988455,23.814723704406553,23.894493056710964,144200
2010-09-21,24.090856552124023,24.24426242057837,24.017222390686516,24.189036214303293,96400
2010-09-22,23.99881935119629,24.176770756842146,23.931320380724536,24.09699903348568,138200
2010-09-23,23.80858612060547,23.992672662154924,23.747224720351443,23.826996413311576,99600
2010-09-24,24.220190048217773,24.226371565157784,24.01624478279833,24.071866647468717,88700
2010-09-27,24.11512565612793,24.275809718675344,24.10276498092309,24.275809718675344,141200
2010-09-28,24.244905471801758,24.288166649570595,23.929716554120592,24.17074378956337,127100
2010-09-29,24.14602279663086,24.238726668954698,24.078040271267696,24.21400532199402,106300
2010-09-30,24.078046798706055,24.3994173236446,24.003885095276555,24.312894943383846,101400
2010-10-01,24.183103561401367,24.28816574419295,24.07185986341188,24.20164339188052,439900
2010-10-04,23.99150848388672,24.220174959495317,23.898804648002876,24.158373973943743,112700
2010-10-05,24.45503807067871,24.492120099474295,24.195470941783423,24.238732129932636,81100
2010-10-06,24.516828536987305,24.516828536987305,24.405587213619263,24.45502753983207,230200
2010-10-07,24.467397689819336,24.646623951584214,24.374693800614654,24.646623951584214,108600
2010-10-08,24.609546661376953,24.658989373818557,24.430320365113577,24.541564110548894,470100
2010-10-11,24.603374481201172,24.683715375374454,24.547752592703304,24.683715375374454,72400
2010-10-12,24.67133903503418,24.714602572014755,24.44267246414664,24.566276844308742,83000
2010-10-13,24.794940948486328,24.91854531635172,24.714600113297465,24.80112246353607,145100
2010-10-14,24.764036178588867,24.85674002790256,24.64043183202288,24.794936675841157,358600
2010-10-15,24.726961135864258,24.918548044912086,24.603359112021767,24.912368886742957,1166200
2010-10-18,24.86911392211914,24.90619359551576,24.689887642175226,24.751688669541643,515600
2010-10-19,24.56009864807129,24.75168320514616,24.417952072905504,24.652800168655325,205300
2010-10-20,24.80730438232422,24.89382674219361,24.615719830486984,24.646620336503556,116200
2010-10-21,24.85674476623535,25.04215014264894,24.71460056573303,24.912366614915157,201000
2010-10-22,24.85674476623535,24.90618509975225,24.813483590324093,24.900005942146613,193200
2010-10-25,24.91236686706543,25.079232414793765,24.887645521278127,25.054511069006463,96600
2010-10-26,24.91236686706543,24.937085855295436,24.7949416533544,24.85674501782265,184400
2010-10-27,24.81966209411621,24.825841251559073,24.57245336037203,24.825841251559073,141700
2010-10-28,24.86292839050293,24.980351266563364,24.733144839453338,24.955632274142747,157800
2010-10-29,24.86911392211914,24.89383291853086,24.78877070049634,24.850571727862754,86300
2010-11-01,24.844388961791992,25.103956068122436,24.720784567443232,24.99271234896432,128900
2010-11-02,25.029796600341797,25.06687862921131,24.96181405952666,25.023617440975848,126000
2010-11-03,25.079240798950195,25.097780635710013,24.844392650574136,25.097780635710013,88700
2010-11-04,25.51802635192871,25.536566182968905,25.283178276004374,25.344979284509925,471400
2010-11-05,25.555105209350586,25.573647397364294,25.45004302668779,25.573647397364294,178700
2010-11-08,25.46858024597168,25.493301589083874,25.375878745636506,25.493301589083874,138700
2010-11-09,25.332618713378906,25.57364592567113,25.264636195541172,25.57364592567113,157200
2010-11-10,25.36970329284668,25.37588480888024,25.141036708314513,25.37588480888024,171500
2010-11-11,25.332618713378906,25.34497702793382,25.184293005591385,25.24609400859452,125400
2010-11-12,25.08541488647461,25.252280456247412,24.986531847819347,25.196658599656477,128800
2010-11-15,25.097766876220703,25.28317221484733,25.091585362317637,25.19664988065869,384500
2010-11-16,24.74550437927246,24.992710795042193,24.615720834176535,24.992710795042193,243100
2010-11-17,24.74550437927246,24.81966606824762,24.689882523151695,24.788765560971104,221800
2010-11-18,25.07305335998535,25.134854372960838,24.97417032469006,24.97417032469006,190100
2010-11-19,25.12867546081543,25.128675460815433,24.912369555725043,25.035971582886667,133500
2010-11-22,25.079240798950195,25.09159911841802,24.813492136788412,25.042158767872476,135500
2010-11-23,24.757869720458984,24.869113453669538,24.665165823597512,24.869113453669538,236800
2010-11-24,25.05451202392578,25.054512023925785,24.906186301106036,24.9185469744708,93200
2010-11-26,24.87529182434082,24.96799571826217,24.82584911890065,24.90001317706091,52300
2010-11-29,24.844388961791992,24.8876501461804,24.56010050508025,24.77022726820583,124000
2010-11-30,24.73313331604004,24.84437698155521,24.615710494688066,24.665150814052257,105300
2010-12-01,25.27082061767578,25.295541967050273,25.09159437104716,25.116315720421653,100600
2010-12-02,25.542741775512695,25.542741775512695,25.289351569746835,25.33261509473762,133500
2010-12-03,25.598371505737305,25.616913697459893,25.450048117303115,25.450048117303115,169600
2010-12-06,25.561294555664062,25.604555745021024,25.505672689696826,25.573655232274337,98700
2010-12-07,25.641637802124023,25.802321883112494,25.6292771255006,25.802321883112494,152000
2010-12-08,25.715797424316406,25.734337258972964,25.579832350014136,25.6848969140362,167900
2010-12-09,25.789949417114258,25.864111085395212,25.69724792115229,25.864111085395212,182100
2010-12-10,25.944456100463867,25.956816772309914,25.80849106771445,25.876473584089158,162700
2010-12-13,25.96300506591797,26.068069634803372,25.956825906599025,26.068069634803372,220000
2010-12-14,26.06806755065918,26.129868569139294,25.99390585697149,26.03716704141912,256200
2010-12-15,25.98154067993164,26.117503368541133,25.956819333799977,26.04334168770347,250000
2010-12-16,26.148414611816406,26.148414611816403,25.913566463400063,26.02481019909422,238600
2010-12-17,26.154586791992188,26.160768307635657,26.043343085984297,26.14840763390617,176000
2010-12-20,26.160762786865234,26.28436478296112,26.074238089018376,26.234924456034157,189900
2010-12-21,26.210206985473633,26.24110748906212,26.18548563957992,26.197846312526774,307000
2010-12-22,26.29301643371582,26.29301643371582,26.205850762566453,26.2743387542085,242000
2010-12-23,26.28679656982422,26.33660451679666,26.268116511508538,26.280569092023367,214500
2010-12-27,26.261884689331055,26.293014945109583,26.187171600445325,26.26188468933105,114600
2010-12-28,26.30547332763672,26.342831067866978,26.224532744681227,26.342831067866978,142800
2010-12-29,26.32414436340332,26.39263234898895,26.31791926248017,26.373954671133305,167400
2010-12-30,26.28679656982422,26.342831994597514,26.26189140879456,26.33660451679666,144200
2010-12-31,26.28679656982422,26.349057097311487,26.230761145050927,26.268116511508538,118000
2011-01-03,26.44867515563965,26.542068321213414,26.4237699948084,26.492257999550908,237000
2011-01-04,26.461118698120117,26.542059255632577,26.35527536336894,26.542059255632577,269500
2011-01-05,26.492246627807617,26.523376877940656,26.36149815219736,26.41130607739305,616200
2011-01-06,26.454904556274414,26.510939984674252,26.35528628079548,26.510939984674252,217500
2011-01-07,26.423765182495117,26.510933229529396,26.261886416747167,26.510933229529396,145800
2011-01-10,26.33037567138672,26.361505930705384,26.18717457845163,26.361505930705384,149600
2011-01-11,26.38018035888672,26.43621576878637,26.305467270715937,26.423763191576864,163100
2011-01-12,26.585649490356445,26.623004854163252,26.4735786487626,26.548291751462926,135900
2011-01-13,26.52960777282715,26.5980957569998,26.4797974661248,26.5980957569998,123300
2011-01-14,26.63545799255371,26.641685470043292,26.4673517266364,26.4673517266364,117900
2011-01-18,26.716388702392578,26.728841277683657,26.635448150543514,26.69148355181042,200400
2011-01-19,26.560733795166016,26.71638741618201,26.510925871485494,26.71638741618201,152300
2011-01-20,26.579425811767578,26.635461240573164,26.45490474783254,26.5545230240328,222000
2011-01-21,26.691484451293945,26.75374732984755,26.66035419956013,26.75374732984755,150600
2011-01-24,26.840923309326172,26.859600992533803,26.697722196198306,26.716399879405934,111700
2011-01-25,26.865827560424805,26.884505242999847,26.716398974564047,26.797339557533906,130400
2011-01-26,26.940536499023438,27.00902449132156,26.909406241184225,26.97166675686265,265100
2011-01-27,26.952983856201172,27.002791784078493,26.87204330142881,26.94053128046035,297300
2011-01-28,26.56696128845215,27.00901941702887,26.523378460648047,26.93430396214814,202600
2011-01-31,26.66658592224121,27.083736587104596,26.554515098080767,26.672811023545083,168500
2011-02-01,27.058828353881836,27.08373350643715,26.79110390162741,26.79110390162741,121300
2011-02-02,27.0152530670166,27.06506338603409,26.95921764566529,26.95921764566529,128600
2011-02-03,27.058828353881836,27.096186082714805,26.865819359293347,26.98411527130197,152200
2011-02-04,27.1148738861084,27.121101364116026,26.959220187135234,27.09619620225945,101800
2011-02-07,27.239398956298828,27.270529222945747,27.139780677976418,27.20204121127026,222800
2011-02-08,27.332786560058594,27.339011662084268,27.183357985489597,27.183357985489597,107600
2011-02-09,27.289199829101562,27.31410260873967,27.208259263790435,27.301650031377477,276600
2011-02-10,27.276750564575195,27.301653347237817,27.114869414292038,27.170904831684428,106600
2011-02-11,27.370140075683594,27.413722912182575,27.15845099479434,27.20203383129332,148400
2011-02-14,27.42617416381836,27.438626741513776,27.30165076195053,27.38259132942757,136000
2011-02-15,27.351469039916992,27.363921621239708,27.25807586754012,27.363921621239708,108400
2011-02-16,27.48219871520996,27.488426189139805,27.36390283648238,27.444843371972517,130800
2011-02-17,27.644084930419922,27.650310030422776,27.38258560366893,27.4137158538549,120200
2011-02-18,27.73748016357422,27.73748016357422,27.606731666611655,27.67521965314049,186000
2011-02-22,27.40127182006836,27.681448909248317,27.30788104039943,27.500890076767167,524300
2011-02-23,27.29542350769043,27.46352973068949,27.202030369884458,27.370136592883515,149100
2011-02-24,27.251842498779297,27.332783065283703,27.046378531903418,27.301650433876098,180900
2011-02-25,27.40127182006836,27.426176978014706,27.28920335948296,27.370141560178716,105000
2011-02-28,27.600509643554688,27.63163990224313,27.47598623371441,27.519569070895532,166400
2011-03-01,27.276750564575195,27.73125900560834,27.251845406826007,27.72503152862776,185000
2011-03-02,27.326553344726562,27.38881622734201,27.195804853863308,27.25806536139263,109600
2011-03-03,27.693899154663086,27.731256888434753,27.519567813901418,27.563150649091835,168500
2011-03-04,27.519563674926758,27.7374778181043,27.3576825613497,27.718800141570803,125100
2011-03-07,27.351469039916992,27.768619826336394,27.276755927067715,27.768619826336394,140400
2011-03-08,27.581829071044922,27.637864485667922,27.326557154448256,27.45108056195341,122400
2011-03-09,27.600509643554688,27.63786500394622,27.4261759197437,27.5382467510913,91200
2011-03-10,27.1584415435791,27.413713372132012,27.121086196772005,27.413713372132012,185000
2011-03-11,27.276750564575195,27.35768876463021,27.033928839150455,27.033928839150455,165900
2011-03-14,27.133548736572266,27.183356675637484,26.946762433589818,27.12732125976005,114600
2011-03-15,26.81601905822754,26.940542492373023,26.461128814719434,26.461128814719434,261000
2011-03-16,26.342836380004883,26.772439791393495,26.199635242875342,26.747534626217764,271800
2011-03-17,26.641674041748047,26.753744837618683,26.52337577105919,26.72261221369904,155100
2011-03-18,26.784875869750977,26.97788721830278,26.72261299517661,26.94675459347269,238900
2011-03-21,27.202043533325195,27.25807896810786,27.083747559933926,27.15846068128171,141200
2011-03-22,27.145998001098633,27.258068828977198,27.139772899588234,27.22071346974196,96300
2011-03-23,27.202043533325195,27.251853864281923,26.977904169281835,27.108652725412288,171500
2011-03-24,27.40127182006836,27.46353471493423,27.245618145533555,27.345236402232366,124500
2011-03-25,27.507863998413086,27.59564800260897,27.438890168849255,27.501594737513972,121000
2011-03-28,27.470245361328125,27.63327246614819,27.470245361328125,27.583111200024657,180000
2011-03-29,27.620731353759766,27.63327226818452,27.36992024106917,27.445163335682864,77100
2011-03-30,27.840185165405273,27.90915658552633,27.73358862170162,27.777480612657797,105600
2011-03-31,27.796302795410156,27.90916624555211,27.796302795410156,27.865274239403867,245200
2011-04-01,27.94051742553711,28.00321960288449,27.87154359529415,27.984409428067224,114100
2011-04-04,28.003219604492188,28.028301432206476,27.94051742714121,28.028301432206476,191900
2011-04-05,28.03458023071289,28.159987020013794,27.94679619578293,27.984418950153866,188600
2011-04-06,28.141172409057617,28.166251849421563,28.065926912160233,28.15998258731437,77900
2011-04-07,28.084745407104492,28.128637426919827,27.9279875100681,28.097286325899685,121300
2011-04-08,28.01576042175293,28.210140997966338,27.902894589362525,28.210140997966338,137500
2011-04-11,28.003219604492188,28.15370817884318,27.94051742714121,28.022029779310532,95100
2011-04-12,27.76494789123535,27.877813727535887,27.689704797679937,27.865272813287515,157500
2011-04-13,27.76494789123535,27.89035464178426,27.68343553652316,27.884085380627482,102700
2011-04-14,27.846458435058594,27.877809519980346,27.564293886893925,27.63326770888245,99300
2011-04-15,28.022037506103516,28.05966025804904,27.852738710251753,27.884092199507393,73200
2011-04-18,27.708511352539062,27.777485175925204,27.545484272481865,27.764944263315495,203900
2011-04-19,27.827659606933594,27.840200524401713,27.708522086954165,27.739875576592183,90500
2011-04-20,28.22894859313965,28.285381504177973,28.19132585513593,28.19759750743714,100700
2011-04-21,28.26658058166504,28.36063386955245,28.197606735386426,28.36063386955245,178400
2011-04-25,28.247760772705078,28.285383513381262,28.141166595357905,28.266573339010513,134600
2011-04-26,28.567556381225586,28.592635823688433,28.297932641283058,28.3669064899105,117100
2011-04-27,28.749374389648438,28.786997115974376,28.53618372433568,28.623970085762863,99400
2011-04-28,28.881072998046875,28.906152441258826,28.705502543950526,28.74939455949075,127600
2011-04-29,28.91240692138672,28.937488741634947,28.8434331116711,28.918676180481757,167000
2011-05-02,28.906147003173828,29.0691765090259,28.84344481903688,29.0691765090259,122000
2011-05-03,28.837186813354492,28.887348101856396,28.69296742806366,28.868537917660174,171900
2011-05-04,28.705495834350586,28.818361674197263,28.61144256243495,28.805820759554866,113000
2011-05-05,28.39826011657715,28.636530388778638,28.272853325350496,28.592638370639648,104400
2011-05-06,28.498567581176758,28.76819117966459,28.41078359877311,28.667866286641267,227700
2011-05-09,28.617704391479492,28.680408948406463,28.43586476429268,28.54873057482696,93000
2011-05-10,28.79955291748047,28.855985840184893,28.661605241550756,28.692956333734323,110600
2011-05-11,28.61144256591797,28.81836167770547,28.492305072768144,28.81836167770547,121600
2011-05-12,28.805814743041992,28.8371682190668,28.460948034178628,28.536191114382508,84700
2011-05-13,28.636516571044922,28.849707295680453,28.529922404694375,28.84343803551519,133300
2011-05-16,28.54874038696289,28.73058007664758,28.492307462299884,28.567552956473953,125000
2011-05-17,28.511123657226562,28.567556589065465,28.341824861709867,28.46723164267802,182900
2011-05-18,28.749374389648438,28.755646040002983,28.46094066361758,28.56753719224085,104700
2011-05-19,28.830907821655273,28.86225891798405,28.667880685584443,28.837179476082223,161800
2011-05-20,28.636516571044922,28.805815298720294,28.561273489389567,28.7744642140251,93600
2011-05-23,28.34808921813965,28.423334708858928,28.24149502752315,28.33554830301977,603900
2011-05-24,28.291650772094727,28.448408592583625,28.291650772094727,28.43586767991237,163000
2011-05-25,28.34181022644043,28.423324950767103,28.17878077778708,28.21640351023035,156600
2011-05-26,28.410789489746094,28.47976092455437,28.185057835654654,28.291652010123045,208300
2011-05-27,28.479753494262695,28.56126821295866,28.429592246404102,28.492294404210842,90500
2011-05-31,28.74310302734375,28.76818484305848,28.573804359169703,28.755643935201118,161900
2011-06-01,28.260297775268555,28.72430194498839,28.222675039799046,28.70548938128646,160300
2011-06-02,28.122344970703125,28.266564234207415,27.990669008651988,28.266564234207415,176400
2011-06-03,27.865276336669922,27.996954756960303,27.764951401932326,27.815115065268685,158800
2011-06-06,27.664623260498047,27.81511184112838,27.645813084894822,27.771219836764292,138200
2011-06-07,27.683433532714844,27.884083362295545,27.683433532714844,27.815109534889434,121700
2011-06-08,27.664623260498047,27.75240726922622,27.601921080530733,27.664623260498047,105400
2011-06-09,27.808837890625,27.91543445808508,27.658351714361483,27.739866455132763,120200
2011-06-10,27.420072555541992,27.721047227678334,27.40753164521122,27.721047227678334,190400
2011-06-13,27.514127731323242,27.63326278959118,27.432613011490428,27.520396990417755,156200
2011-06-14,27.827659606933594,27.92798455474312,27.708522086954165,27.771226674294766,232100
2011-06-15,27.420072555541992,27.708506317347563,27.338557834359,27.65834506795854,225200
2011-06-16,27.56429672241211,27.645811465141588,27.38872871524219,27.432620717034673,116600
2011-06-17,27.645814895629883,27.82138292458552,27.58938197318914,27.815113662952104,118500
2011-06-20,27.846458435058594,27.890350432335936,27.564293886893925,27.576834799249514,181300
2011-06-21,28.05964469909668,28.109808340541857,27.909156166695226,27.940509638565498,178800
2011-06-22,27.884078979492188,28.10353894862191,27.877807327840326,27.99067313823112,227100
2011-06-23,27.758689880371094,27.764959144068733,27.376200212548724,27.65836491765832,353100
2011-06-24,27.496477127075195,27.78711026521023,27.471204051540028,27.780793201413008,172600
2011-06-27,27.698654174804688,27.799744056786086,27.50911094736118,27.54701814674614,150600
2011-06-28,28.001928329467773,28.01456486802173,27.742885314544935,27.81870213569537,122900
2011-06-29,28.166200637817383,28.197790778798584,28.00824752273812,28.13460808666292,204900
2011-06-30,28.425235748291016,28.456825880490566,28.216736537463316,28.286236274405884,203800
2011-07-01,28.772743225097656,28.798016304766055,28.387337195761937,28.41892734026067,376700
2011-07-05,28.715869903564453,28.77273310773677,28.640053101392265,28.76641363495502,361500
2011-07-06,28.79801368713379,28.854874495958953,28.659014171765666,28.709557916334695,360400
2011-07-07,29.031784057617188,29.094964341808094,28.93701122115748,29.031784057617188,372100
2011-07-08,28.86750030517578,28.87381977725641,28.68427658776865,28.804320045404,284400
2011-07-11,28.526334762573242,28.63374172851939,28.450515528780635,28.63374172851939,141900
2011-07-12,28.431549072265625,28.677955445264363,28.431549072265625,28.45682213877121,174700
2011-07-13,28.488431930541992,28.728521407718734,28.425251630841032,28.57688531419291,110300
2011-07-14,28.355745315551758,28.665332086931855,28.311518633926028,28.557925120176055,134800
2011-07-15,28.425235748291016,28.475779477775777,28.248326669662866,28.475779477775777,149800
2011-07-18,28.172504425048828,28.336774526839225,28.020868445558197,28.336774526839225,171000
2011-07-19,28.51369857788086,28.564242324197217,28.29888223314618,28.31151877226862,152500
2011-07-20,28.494741439819336,28.570560671562443,28.431561156873386,28.570560671562443,163800
2011-07-21,28.823284149169922,28.892783906359288,28.564241133392557,28.614787287775115,120500
2011-07-22,28.766420364379883,28.848556658548237,28.62742326291026,28.848556658548237,151200
2011-07-25,28.608457565307617,28.728503433876874,28.4631410387728,28.53895783301435,189600
2011-07-26,28.44419288635254,28.595826503854997,28.38732967724589,28.589509440697768,105400
2011-07-27,28.027191162109375,28.305187678163538,27.98296449842286,28.28623408234715,176300
2011-07-28,27.856609344482422,28.147242475592137,27.81869973209604,27.938745632899717,212400
2011-07-29,27.648115158081055,27.85661444915365,27.51543510567496,27.635481028476825,498400
2011-08-01,27.56598663330078,28.033526645264,27.300624066635336,28.014573036992896,553500
2011-08-02,26.997344970703125,27.458567757535338,26.984708432823357,27.408024016189437,508700
2011-08-03,27.085796356201172,27.0984328931621,26.630893076472763,27.016296608002573,564200
2011-08-04,26.01170539855957,26.839380193538247,25.96747874029535,26.839380193538247,810700
2011-08-05,26.150711059570312,26.39080041161546,25.449399011604687,26.36552734083751,1061700
2011-08-08,24.760730743408203,25.86008554216627,24.716504061693495,25.569452373705804,998100
2011-08-09,25.65789031982422,25.65789031982422,24.185766938202008,25.101894984988558,1098500
2011-08-10,24.6533203125,25.40517620618322,24.57750349880941,25.323042328923854,1058700
2011-08-11,25.58208465576172,25.910624976635827,24.754409559652316,24.836545844957335,529000
2011-08-12,25.79058074951172,25.999079988486034,25.619991120398076,25.885353569076937,441700
2011-08-15,26.32131004333496,26.32131004333496,25.999086711798157,26.030676856431405,581800
2011-08-16,26.20125961303711,26.34657616812815,25.948533702338754,26.138076930276068,498200
2011-08-17,26.289718627929688,26.542442182953266,26.112811898395844,26.371854928144728,374700
2011-08-18,25.430450439453125,25.809536935350863,25.21563411573156,25.746356656092292,693200
2011-08-19,25.209320068359375,25.708450118642318,25.15245684615329,25.158773910765763,422000
2011-08-22,25.20299530029297,25.708444719204397,25.165088100232705,25.708444719204397,571700
2011-08-23,25.93589973449707,25.961172810104554,25.29145076754518,25.35463345656388,382700
2011-08-24,26.289718627929688,26.29603569248157,25.841132329369763,25.94222223341388,331900
2011-08-25,25.80322265625,26.428718093176958,25.714769291672606,26.397125539964957,424400
2011-08-26,26.087528228759766,26.188618091763157,25.266172790585635,25.721075969014684,258000
2011-08-29,26.706714630126953,26.713031694642584,26.397125445045873,26.416081458939598,442000
2011-08-30,26.788837432861328,26.927834473735135,26.447658276751415,26.60561132196835,406600
2011-08-31,26.86467170715332,27.092124625952707,26.713035624562476,26.98471523199799,802200
2011-09-01,26.66880226135254,27.098434909296927,26.649848659587484,26.946801274830182,264500
2011-09-02,26.13176727294922,26.359220175004356,26.06858457228191,26.28972040935711,325900
2011-09-06,25.95485496520996,25.967489092460347,25.443086045338678,25.45572258276214,501200
2011-09-07,26.52980613708496,26.529806137084957,26.16967081913812,26.30235326687569,277900
2011-09-08,26.32131004333496,26.66880645464778,26.283400423670937,26.397126872489466,170200
2011-09-09,25.702125549316406,26.112804524244076,25.569445539634327,26.112804524244076,366400
2011-09-12,25.822175979614258,25.822175979614258,25.31672646596579,25.449406511391,335300
2011-09-13,26.024349212646484,26.068575883285483,25.714762518173515,25.935895871368494,291500
2011-09-14,26.35921287536621,26.643526514026767,25.84112692423539,26.19494030929668,402300
2011-09-15,26.72567367553711,26.75094675909239,26.40976736161782,26.64985683504517,264500
2011-09-16,26.921527862548828,26.959435065605145,26.53612189698867,26.820437970776748,268000
2011-09-19,26.643529891967773,26.776212338360533,26.378169819528722,26.54875947045664,266100
2011-09-20,26.71935272216797,27.04157605500682,26.64353348253355,26.839396236328806,300200
2011-09-21,25.973812103271484,26.757258248828045,25.973812103271484,26.757258248828045,342900
2011-09-22,25.31041145324707,25.487318194821366,25.000822245318457,25.424137904308715,724900
2011-09-23,25.429458618164062,25.531329164948655,25.123846977810278,25.27665401237988,410400
2011-09-26,25.92608642578125,25.95792052456305,25.35306293256465,25.69050875146662,437200
2011-09-27,26.27627182006836,26.613717708961953,26.104364736447124,26.435444775778404,341100
2011-09-28,25.824220657348633,26.454544188380943,25.786018274430777,26.339939468413885,326700
2011-09-29,26.155296325683594,26.37176917307412,25.786013972117424,26.238064498349583,293500
2011-09-30,25.735082626342773,26.16166741580233,25.703248520570945,25.862421478216667,273700
2011-10-03,25.104747772216797,25.87514395748672,25.104747772216797,25.620468797178365,418300
2011-10-04,25.51223373413086,25.57590192640098,24.589030373499,24.83097387593999,581700
2011-10-05,25.875154495239258,25.887888622758517,25.384901515286828,25.633210929946237,315100
2011-10-06,26.13619613647461,26.18076436515724,25.665045596462136,25.86878676437882,442500
2011-10-07,26.148923873901367,26.422701456792677,26.053419162181807,26.3335650212068,533700
2011-10-10,26.849287033081055,26.881123560173062,26.54367531752871,26.60734594292671,502900
2011-10-11,26.792003631591797,26.862037719528992,26.66466473107301,26.741067099869277,266300
2011-10-12,27.014833450317383,27.231308760927362,26.893862881865466,27.021199299694228,915600
2011-10-13,26.989360809326172,27.04666315955178,26.74105143461056,26.91932433362975,216800
2011-10-14,27.307714462280273,27.307714462280277,27.091239124995877,27.294980333170983,250600
2011-10-17,26.912961959838867,27.244041978465226,26.855659602215336,27.23767370051461,357300
2011-10-18,27.35865020751953,27.54328900243263,26.74742417143694,26.855663051421445,591500
2011-10-19,27.205839157104492,27.54328501943735,27.135802673498873,27.3904803541036,288300
2011-10-20,27.339540481567383,27.403211108275283,27.02119463438608,27.26313815830397,375800
2011-10-21,27.804338455200195,27.804338455200195,27.562397244092175,27.600597209642267,447200
2011-10-24,27.93803596496582,27.97623591731314,27.79159714713285,27.84889950444022,514600
2011-10-25,27.505083084106445,27.85526304809671,27.428680756948943,27.85526304809671,402100
2011-10-26,27.791580200195312,27.842514248528293,27.396829788886386,27.78521192616312,378300
2011-10-27,28.479209899902344,28.61928280414467,28.141764189266123,28.390073480397323,956600
2011-10-28,28.396432876586914,28.409166994878795,28.281828240744716,28.339130558665815,448600
2011-10-31,27.810697555541992,28.179977530428328,27.804329277527536,28.109943473774308,650900
2011-11-01,27.19947052001953,27.50508224814731,27.09123166678209,27.224936342440593,1201600
2011-11-02,27.5623779296875,27.63241438916742,27.34590270437935,27.55600965403358,692600
2011-11-03,27.995342254638672,28.033542212351747,27.575125718287712,27.829801008592902,438200
2011-11-04,27.84252166748047,27.855255790153088,27.54964413236682,27.823421697864312,510000
2011-11-07,28.059003829956055,28.059003829956055,27.613319141408237,27.84252854859204,629700
2011-11-08,28.345518112182617,28.364618088219448,27.92530163786775,28.19271101752886,628400
2011-11-09,27.505083084106445,27.899831274670767,27.403212504967712,27.759758317560188,475300
2011-11-10,27.804338455200195,27.90621150676639,27.536928981200628,27.84890912965402,628600
2011-11-11,28.256378173828125,28.320046371970676,28.097205249685672,28.148139322442496,254000
2011-11-14,28.01443099975586,28.20543799808795,27.906194591255783,28.20543799808795,434300
2011-11-15,28.103557586669922,28.23726219575991,27.867982452256385,28.001687061346374,387300
2011-11-16,27.721553802490234,28.160870147270924,27.67698558325679,27.88709255553076,534700
2011-11-17,27.441404342651367,27.778852509689703,27.25039736682494,27.696081929610244,598900
2011-11-18,27.44778060913086,27.587853565616744,27.345910030446444,27.56875116232292,452700
2011-11-21,27.008466720581055,27.174007959307495,26.817459654100766,27.174007959307495,560500
2011-11-22,26.88111686706543,27.05938971621978,26.772878045232137,26.96388501629543,528800
2011-11-23,26.390872955322266,26.70285054598815,26.359038854264593,26.70285054598815,423600
2011-11-25,26.346302032470703,26.58824311878385,26.346302032470703,26.36540200539385,398500
2011-11-28,26.982994079589844,27.05939640113296,26.804718757607894,26.96389167761456,322000
2011-11-29,27.167633056640625,27.28860603131836,27.01482841222858,27.053030787724605,267300
2011-11-30,28.160877227783203,28.167245505723898,27.79796310632836,27.84253133676763,320800
2011-12-01,28.084474563598633,28.23727922936805,28.020803928872734,28.154511047403936,377400
2011-12-02,28.033538818359375,28.339150586997533,28.001704714523694,28.339150586997533,375200
2011-12-05,28.237276077270508,28.434651379708438,28.078103151403624,28.434651379708438,290100
2011-12-06,28.339153289794922,28.50469453158699,28.18634860529558,28.262750947545253,359300
2011-12-07,28.402809143066406,28.54288205491081,28.109931626287572,28.294570321517895,254100
2011-12-08,27.96349334716797,28.332775633602832,27.874356913555598,28.332775633602832,366800
2011-12-09,28.364625930786133,28.421928303526595,28.00171171302558,28.00171171302558,340400
2011-12-12,28.059003829956055,28.218176759524123,27.855262674411822,28.218176759524123,330000
2011-12-13,27.976240158081055,28.358256740966826,27.855269575999948,28.24365200897977,284400
2011-12-14,27.778865814208984,28.001706987937332,27.708829322812466,27.938038775096842,375100
2011-12-15,27.988967895507812,28.135406702097956,27.906199719252207,28.02717027370854,661900
2011-12-16,28.0462703704834,28.22454570740984,27.94439979029095,28.13540682455351,293600
2011-12-19,27.78521728515625,28.17996534381615,27.708814983528452,28.129031285659412,596900
2011-12-20,28.50469398498535,28.51742811324722,28.154513958537134,28.154513958537134,451700
2011-12-21,28.719770431518555,28.72619249857207,28.417996961827786,28.507888755470415,1071800
2011-12-22,28.854616165161133,28.89956085558288,28.713362473536463,28.796829784718607,1003500
2011-12-23,29.156383514404297,29.156383514404297,28.918818423142422,29.008707784738732,630900
2011-12-27,29.182071685791016,29.24627768339907,29.098601929459093,29.11786323888115,732500
2011-12-28,28.86103630065918,29.207754560078506,28.84177254226804,29.194912870918333,624000
2011-12-29,29.188486099243164,29.207749854530793,28.90597633113875,28.976604385490194,714400
2011-12-30,29.06007194519043,29.207750123449348,29.053652326236364,29.16280299356529,435300
2012-01-03,29.32973289489746,29.50309194163134,29.310471595027227,29.46456689259028,1015000
2012-01-04,29.32973289489746,29.355416260924834,29.182057214190955,29.316891211883775,605200
2012-01-05,29.32973289489746,29.36183587778138,29.040801150340997,29.23342149694511,546100
2012-01-06,29.265541076660156,29.406794759494293,29.156387942927374,29.393953070272683,735800
2012-01-09,29.297645568847656,29.32974856888761,29.156389429509588,29.32974856888761,682000
2012-01-10,29.49026107788086,29.592992130379294,29.451736014705887,29.592992130379294,443800
2012-01-11,29.47100257873535,29.490263887507176,29.32974644960405,29.419635822941522,491800
2012-01-12,29.522375106811523,29.56090018438561,29.35543800259529,29.56090018438561,482700
2012-01-13,29.458168029785156,29.458168029785156,29.162814010986907,29.381117877419186,555600
2012-01-17,29.49026107788086,29.69572318287773,29.426055088557394,29.65719811970276,864200
2012-01-18,29.689315795898438,29.70857711077099,29.43248683418604,29.496692849962887,622300
2012-01-19,29.772781372070312,29.779203442851053,29.61226389278481,29.702153289296316,728900
2012-01-20,29.914039611816406,29.91403961181641,29.734260806327786,29.798466822773,468300
2012-01-23,29.862667083740234,29.984661920497427,29.759936007645894,29.907614225752184,741700
2012-01-24,29.779203414916992,29.779203414916992,29.650788941748576,29.747100408950477,380800
2012-01-25,29.958969116210938,30.029597168055425,29.580147933018825,29.71498196873942,728600
2012-01-26,29.881933212280273,30.132340077021365,29.79204381973755,30.12591800652417,716100
2012-01-27,29.74066162109375,29.811289664101814,29.63151097230018,29.785606294044157,428000
2012-01-30,29.63152313232422,29.631523132324222,29.37469422495356,29.522369989435997,434300
2012-01-31,29.57373046875,29.772770502846445,29.44531604234172,29.766350883711688,1184200
2012-02-01,29.811296463012695,29.952552581244394,29.77919346776955,29.77919346776955,619500
2012-02-02,29.824134826660156,29.90760456442972,29.75992639402924,29.856237818324985,488900
2012-02-03,30.132333755493164,30.14517544449122,30.016761003812423,30.05528607080658,695200
2012-02-06,30.113061904907227,30.11948152250806,29.99106712678355,30.016750495788624,521200
2012-02-07,30.19012451171875,30.23506920508224,29.952559354039987,30.042448740766975,434400
2012-02-08,30.228639602661133,30.247900907941858,30.061700125890585,30.228639602661133,500700
2012-02-09,30.21579933166504,30.286424937436966,30.093804527701515,30.267163631253837,516400
2012-02-10,30.010332107543945,30.05527678049353,29.90117900945141,30.03601302830015,548900
2012-02-13,30.19012451171875,30.222227514220943,30.08097136404877,30.21580789344134,414800
2012-02-14,30.15801239013672,30.15801239013672,29.94612822894729,30.14517070315845,468700
2012-02-15,30.01676368713379,30.24148714143433,29.946135615981632,30.24148714143433,493500
2012-02-16,30.337800979614258,30.36348436192687,30.010346427685967,30.010346427685967,559000
2012-02-17,30.453371047973633,30.472632358347575,30.369901287516683,30.434109737599698,404100
2012-02-21,30.446943283081055,30.543254715539135,30.369895606695472,30.536835096382617,676700
2012-02-22,30.337800979614258,30.440532059562557,30.280014594061953,30.42127074747917,383500
2012-02-23,30.43410301208496,30.453364318202418,30.235060534766145,30.337791582894898,361000
2012-02-24,30.485469818115234,30.549678259288502,30.434105514478208,30.50473112581642,408100
2012-02-27,30.52399444580078,30.594622505429385,30.280007271438752,30.35063533106736,348300
2012-02-28,30.601037979125977,30.613879665437043,30.459781879005448,30.55609330168785,420600
2012-02-29,30.504722595214844,30.703765033237662,30.440516621298272,30.652400743964588,427100
2012-03-01,30.607460021972656,30.665246390298968,30.50472897264826,30.51115104096308,358100
2012-03-02,30.556102752685547,30.62030875479857,30.47905506028952,30.59462782353455,355000
2012-03-05,30.536846160888672,30.568949166906187,30.382748302981305,30.51758239783628,333400
2012-03-06,30.164430618286133,30.32494802416205,30.106644254198756,30.286422965003386,417900
2012-03-07,30.337800979614258,30.36990398285395,30.14518051087396,30.286434214989033,323000
2012-03-08,30.517576217651367,30.57536259650138,30.414845149618213,30.45978983880135,477100
2012-03-09,30.613895416259766,30.67168180974001,30.52400601513549,30.58821203042355,311300
2012-03-12,30.729463577270508,30.742305268255457,30.613890807708103,30.639574189677997,389100
2012-03-13,31.17890739440918,31.17890739440918,30.80008615058724,30.877133833430204,420000
2012-03-14,31.08901596069336,31.204588711047748,31.011968276891,31.166066093797422,433700
2012-03-15,31.223844528198242,31.230264146340108,31.031224143028272,31.095430121651233,352800
2012-03-16,31.19818115234375,31.294492631306547,31.159656070898105,31.281650937491328,922400
2012-03-19,31.249530792236328,31.326580918917056,31.14679973929686,31.15964142707698,470700
2012-03-20,31.16606330871582,31.204585922523663,31.018387574082283,31.08901318249716,446900
2012-03-21,31.11469841003418,31.19174854083932,31.050492416998196,31.19174854083932,352600
2012-03-22,30.954179763793945,30.98628275905252,30.857870778018224,30.954179763793945,782900
2012-03-23,31.037641525268555,31.04406114294796,30.825757402334613,30.96059386661117,252800
2012-03-26,31.41776466369629,31.417764663696293,31.217364856124178,31.236757749493286,378400
2012-03-27,31.346654891967773,31.482410070370186,31.340188950500544,31.475944128902956,455200
2012-03-28,31.204437255859375,31.34665839160703,31.029893807269353,31.34665839160703,297400
2012-03-29,31.172115325927734,31.197971696898595,30.868280156201642,30.98464245669102,1248700
2012-03-30,31.333740234375,31.378991981824324,31.204448470504673,31.3531331358432,492500
2012-04-02,31.514739990234375,31.585850567341996,31.28201536189478,31.320803621962952,454200
2012-04-03,31.346654891967773,31.482410070370186,31.14625262906365,31.463014712002614,506400
2012-04-04,31.126861572265625,31.191506194545273,31.036355648626138,31.191506194545273,2033200
2012-04-05,31.04929542541504,31.120406013268184,30.952328459644004,31.02343904749715,361700
2012-04-09,30.726062774658203,30.823032192264364,30.648488720194116,30.732528717717138,491600
2012-04-10,30.2412052154541,30.68079541023823,30.221812328224456,30.667865996740638,828700
2012-04-11,30.44808578491211,30.545055200534023,30.389904628745896,30.473944624549244,376800
2012-04-12,30.751914978027344,30.76484439532009,30.448079836733363,30.486868088611594,306700
2012-04-13,30.473949432373047,30.700210615842806,30.461020010514627,30.700210615842806,331400
2012-04-16,30.622642517089844,30.726075454403933,30.493350728938303,30.596786132288134,267200
2012-04-17,31.016958236694336,31.04928054312555,30.74544790343147,30.803629041421214,294800
2012-04-18,30.894142150878906,30.97171620378915,30.842424471582294,30.881212731054752,318200
2012-04-19,30.77131462097168,30.971716933918334,30.635559408669785,30.926465196484372,381100
2012-04-20,30.991117477416992,31.107479821252472,30.90707992489664,30.90707992489664,313900
2012-04-23,30.732511520385742,30.745440933233823,30.59029044509019,30.726045580945026,910000
2012-04-24,30.907073974609375,30.97171861272343,30.784245709743857,30.790711653176185,230600
2012-04-25,31.159189224243164,31.185048064001066,31.04929038828944,31.126866907563137,457900
2012-04-26,31.37251091003418,31.398369743546624,31.075141722743357,31.1010005562558,315700
2012-04-27,31.38544273376465,31.456553298360348,31.30140275142116,31.44362388061256,362700
2012-04-30,31.3272705078125,31.372522249798713,31.25615992296703,31.35312935067176,300500
2012-05-01,31.469493865966797,31.663430268828073,31.288486885434295,31.340202108714227,586500
2012-05-02,31.38544273376465,31.404838093403473,31.249687546464287,31.333727528807774,277500
2012-05-03,31.230289459228516,31.404832870745484,31.17210832205619,31.404832870745484,258400
2012-05-04,30.86827850341797,31.15271829714309,30.835956191909208,31.11393250974629,470400
2012-05-07,30.842430114746094,30.926470125962346,30.7066748808057,30.719604302995517,383900
2012-05-08,30.758386611938477,30.784242985274833,30.512732569983203,30.713132410021885,547300
2012-05-09,30.53858757019043,30.687272178829836,30.3381852893107,30.48040642193724,441200
2012-05-10,30.693737030029297,30.82949222669093,30.642021821506297,30.771311075831022,368000
2012-05-11,30.60969352722168,30.848884045533868,30.54504890748195,30.551512383042255,350300
2012-05-14,30.344654083251953,30.50626813827445,30.241221186678942,30.376978867084272,328500
2012-05-15,30.20888900756836,30.461006456537316,30.137778452006046,30.29939245427168,325800
2012-05-16,30.150711059570312,30.43515331192784,30.150711059570312,30.292932185749077,1623400
2012-05-17,29.866268157958984,30.221818470284955,29.866268157958984,30.20242557911404,519200
2012-05-18,29.68526840209961,29.97617419394786,29.64001666403819,29.969710716811132,454000
2012-05-21,29.93739128112793,29.950320702680873,29.685271259898023,29.76284778921569,329200
2012-05-22,29.98909568786621,30.144246224522508,29.84687456810078,30.002025104757077,451500
2012-05-23,29.924455642700195,29.950314480433853,29.523651055932024,29.84687912949923,1074800
2012-05-24,30.086071014404297,30.111929853285307,29.853346396544385,30.008494497761255,264000
2012-05-25,30.014955520629883,30.17656953809352,29.93738148273691,30.105458975844048,285900
2012-05-29,30.260608673095703,30.292930982479483,30.079599301685114,30.21535694675159,672600
2012-05-30,29.885663986206055,30.060207421999838,29.840412258337395,30.047278004603903,277500
2012-05-31,29.866268157958984,30.07313388389533,29.67233184814791,29.905053940300814,520900
2012-06-01,29.28445816040039,29.588293288762983,29.265065268303744,29.504253312954038,965700
2012-06-04,29.252132415771484,29.349101796933418,29.090518424524127,29.32970644108075,429300
2012-06-05,29.342634201049805,29.381422444533246,29.148697915699927,29.18748615918337,413800
2012-06-06,29.956785202026367,29.956785202026367,29.51719471837537,29.555982984356966,741300
2012-06-07,30.053747177124023,30.27354236441465,30.00849297835628,30.26061294562879,394100
2012-06-08,30.273550033569336,30.28647698959548,29.95032188014341,30.0278959464758,274500
2012-06-11,30.002025604248047,30.51918995832222,29.98909618714192,30.51918995832222,503500
2012-06-12,30.30585479736328,30.33171116047024,29.98262683120635,30.09252315600354,360800
2012-06-13,30.20888900756836,30.448077040431986,30.124849035900716,30.273536088094996,562600
2012-06-14,30.57090950012207,30.687271795173675,30.254144926696195,30.305862598289934,272400
2012-06-15,30.823036193847656,30.855358515234357,30.648492699117398,30.738996185414187,370100
2012-06-18,30.835962295532227,30.907072874547598,30.68081171713189,30.745458818979856,487700
2012-06-19,31.075145721435547,31.191508021180734,30.907068214044944,30.997571676950223,406900
2012-06-20,31.03636932373047,31.133338765910445,30.82950348204617,31.07515759380953,352700
2012-06-21,30.480403900146484,31.12685995346001,30.45454506616575,31.107464594957392,403500
2012-06-22,30.680810928344727,30.732528608493464,30.551519194007597,30.596773397155104,258200
2012-06-25,30.283367156982422,30.38109846780506,30.159576317296157,30.38109846780506,428600
2012-06-26,30.420194625854492,30.511411692671953,30.218220191428895,30.400649354241935,248300
2012-06-27,30.67430305480957,30.73945563299375,30.498388111218443,30.537478663964333,456100
2012-06-28,30.71337890625,30.73292417326738,30.348520666403658,30.53094978632683,706300
2012-06-29,31.351886749267578,31.37143450383881,31.110819316447774,31.18248861725084,822900
2012-07-02,31.44310188293457,31.44961862971202,31.234610723448217,31.410525605279325,532500
2012-07-03,31.586437225341797,31.599468232140385,31.41052236167651,31.449615382072267,235400
2012-07-05,31.456138610839844,31.560384209538302,31.338862001627692,31.547353199024602,449500
2012-07-06,31.21506690979004,31.260674197716607,31.110821325184904,31.215066909790036,1246400
2012-07-09,31.189001083374023,31.23460836573087,31.04566497542843,31.23460836573087,647100
2012-07-10,31.052188873291016,31.36492568597116,30.954457531961047,31.35841142307441,237700
2012-07-11,31.045671463012695,31.143400309023747,30.90233283970328,31.078247745016377,369700
2012-07-12,30.967493057250977,31.065224412827096,30.811125870823123,30.882795200190728,278900
2012-07-13,31.436588287353516,31.443102548858256,31.013089212634203,31.013089212634203,309600
2012-07-16,31.364919662475586,31.417043697284377,31.241128807920873,31.384464932823494,379700
2012-07-17,31.599472045898438,31.638565071012355,31.182489719659515,31.469164447596096,290300
2012-07-18,31.807973861694336,31.8210048744298,31.469174986806806,31.52781330141064,360900
2012-07-19,31.820999145507812,31.99691405764831,31.69069152702473,31.873120701654386,700800
2012-07-20,31.625530242919922,31.69719953760055,31.560375208932797,31.658106517208278,250900
2012-07-23,31.325820922851562,31.371428198667047,31.097782058364036,31.22157288051889,386900
2012-07-24,31.045671463012695,31.345377234104195,30.83066352804857,31.325831961984186,495500
2012-07-25,31.104299545288086,31.228090370394305,31.00005398588017,31.169452087889216,248900
2012-07-26,31.61901092529297,31.664618202669583,31.46915808742549,31.514765364802106,267900
2012-07-27,32.10115051269531,32.19887933466538,31.72977552130622,31.76235179529624,407900
2012-07-30,32.14025115966797,32.237980004829254,32.03600308150502,32.101158130356865,348900
2012-07-31,32.02296829223633,32.211911683414705,32.02296829223633,32.094635103836126,378800
2012-08-01,31.983863830566406,32.22493116440371,31.92522556175089,32.218416905828484,683000
2012-08-02,31.723262786865234,31.866601393039847,31.49522635468808,31.75584155038543,477000
2012-08-03,32.224937438964844,32.30312346954898,32.10114661865509,32.18584690908286,219100
2012-08-06,32.25752639770508,32.41389603497225,32.25752639770508,32.335712459044196,371200
2012-08-07,32.29661178588867,32.43995037901383,32.29661178588867,32.39434309673046,342000
2012-08-08,32.381317138671875,32.394348147843345,32.21843325214476,32.25100953236801,256900
2012-08-09,32.37480545043945,32.43344375816878,32.29010760570584,32.355260176333424,224200
2012-08-10,32.47252655029297,32.47252655029297,32.21191137915545,32.296611682586715,316700
2012-08-13,32.40086364746094,32.42692566679947,32.27055603617923,32.42692566679947,320000
2012-08-14,32.44646453857422,32.537679102856174,32.35524997429226,32.51161957406881,272400
2012-08-15,32.433441162109375,32.49859621293303,32.3813196068615,32.394350617026234,278200
2012-08-16,32.57026290893555,32.60935345087755,32.35525498661113,32.45298631228784,756000
2012-08-17,32.563751220703125,32.62890627641356,32.498598650403935,32.589813242987304,368500
2012-08-20,32.53767395019531,32.54419069541802,32.43342839532275,32.53767395019531,293000
2012-08-21,32.42039489746094,32.67449574799676,32.35524236270398,32.563733456418085,499600
2012-08-22,32.342220306396484,32.39434433695047,32.22494372306059,32.29009876125307,345900
2012-08-23,32.10115051269531,32.29661064204583,32.055543232027205,32.27054862868965,328600
2012-08-24,32.316162109375,32.36176939879309,32.036001625571934,32.049032634750084,269100
2012-08-27,32.316162109375,32.4138934355057,32.27707156725142,32.381317155265755,307200
2012-08-28,32.32268524169922,32.400868826801656,32.23798490801495,32.25753018293772,616400
2012-08-29,32.33571243286133,32.426927018938706,32.26404311939737,32.35525770547475,302600
2012-08-30,32.14677047729492,32.224954062801416,32.068586891788435,32.21192305098177,292400
2012-08-31,32.27054977416992,32.41388836730645,32.146758934449586,32.309642795591834,228600
2012-09-04,32.23146438598633,32.30964795590671,32.04251848038543,32.22494763866995,360300
2012-09-05,32.211917877197266,32.32919447932606,32.15979632370168,32.277072925830474,389900
2012-09-06,32.79179000854492,32.79179000854492,32.3748051105084,32.3748051105084,446700
2012-09-07,32.81134033203125,32.856947635092794,32.73315673898455,32.83088560894002,353400
2012-09-10,32.70058059692383,32.830888252769576,32.681035318441104,32.77876668167836,257300
2012-09-11,32.765724182128906,32.863453025697304,32.733147900939436,32.75269317257093,359300
2012-09-12,32.79830551147461,32.869974832368996,32.73966720214387,32.869974832368996,405500
2012-09-13,33.280426025390625,33.339061819407064,32.752681510552186,32.785257780142445,529600
2012-09-14,33.2739143371582,33.43028393453041,33.15663776048166,33.30649061169937,539800
2012-09-17,33.17619705200195,33.26089738994093,33.11104447537904,33.15665177609738,339100
2012-09-18,33.20875930786133,33.241335579969515,33.10451374586897,33.1436042782347,248600
2012-09-19,33.2218017578125,33.33256161821622,33.15664670574169,33.24786129322972,522600
2012-09-20,33.345584869384766,33.35209913037048,33.09800069994872,33.12406271471263,260100
2012-09-21,33.3260498046875,33.49544798169766,33.31301879331575,33.49544798169766,378500
2012-09-24,33.36741256713867,33.44621701035051,33.22950166008285,33.22950166008285,365500
2012-09-25,33.150699615478516,33.518457885656254,33.13099912953716,33.43308493799659,334600
2012-09-26,33.032493591308594,33.19010500335841,33.01279310423302,33.13100103698328,395600
2012-09-27,33.203243255615234,33.27547921812011,33.0259313364152,33.157273777135444,292400
2012-09-28,33.098175048828125,33.17697952368821,32.96683258729526,33.111307040347235,434800
2012-10-01,33.19010543823242,33.3936838210765,33.137567465144635,33.20323993150437,483700
2012-10-02,33.229515075683594,33.36085753749501,33.09817511902127,33.32802254832942,428700
2012-10-03,33.31487274169922,33.419946161831774,33.16382985683042,33.295172258283095,309400
2012-10-04,33.57100296020508,33.597271952412385,33.42652851336283,33.45279500042116,342300
2012-10-05,33.66293716430664,33.800848101305434,33.557863715494804,33.74174412977698,488700
2012-10-08,33.61039352416992,33.630094008175405,33.49875160279348,33.55785555995795,334200
2012-10-09,33.32801055908203,33.61039587359054,33.30831007369945,33.56442640426573,448200
2012-10-10,33.04562759399414,33.321446934700916,33.019358608184284,33.29517794889106,679000
2012-10-11,33.0653190612793,33.28860036946008,33.05875306919208,33.28860036946008,417100
2012-10-12,32.95368957519531,33.17697095055921,32.888019613972936,33.098166496062674,285700
2012-10-15,33.22294235229492,33.24264284077512,32.94055699338534,32.966825981457994,604400
2012-10-16,33.47248840332031,33.492188889254784,33.354280477416964,33.3936814492859,388500
2012-10-17,33.68264389038086,33.69577838608126,33.49219746044845,33.53816694282539,661000
2012-10-18,33.702327728271484,33.754865685112875,33.59068832770503,33.610388808946716,671500
2012-10-19,33.19010543823242,33.70890664930634,33.117866977810934,33.630099689674665,382000
2012-10-22,33.12443161010742,33.18353557482717,32.87488376364482,33.163835088303365,419100
2012-10-23,32.691009521484375,32.86832144900552,32.53340058934256,32.80921747316514,645100
2012-10-24,32.63190841674805,32.80265436426496,32.57280443570743,32.75011637882929,466100
2012-10-25,32.763240814208984,32.92741821055611,32.592497424273205,32.855179755339655,344500
2012-10-26,32.73697280883789,32.842046245437245,32.58592990029809,32.74354130777129,316300
2012-10-31,32.76980972290039,32.953687607462065,32.61876431184097,32.9339871213014,518000
2012-11-01,33.032493591308594,33.085031563708,32.835481205107634,32.84204719908335,392800
2012-11-02,32.7501106262207,33.209807897440186,32.70414114961361,33.150703926781276,706600
2012-11-05,32.7435302734375,32.78949972988657,32.553083950921355,32.63188837552726,423100
2012-11-06,33.00620651245117,33.137548866304755,32.82232872014438,32.82889721566792,779600
2012-11-07,32.316673278808594,32.76980442848061,32.126226926197106,32.72383496476721,884900
2012-11-08,31.994895935058594,32.441458711224165,31.994895935058594,32.283847288104546,522000
2012-11-09,31.981767654418945,32.21818358245471,31.745351726383184,31.856991189539478,504600
2012-11-12,31.929224014282227,32.06713495131534,31.896389031235724,32.021162968871884,335200
2012-11-13,31.83727264404297,32.12622388937733,31.745333725306928,31.751899717296226,419200
2012-11-14,31.403854370117188,31.92265558010894,31.325049915798328,31.889820599571784,1472000
2012-11-15,31.318479537963867,31.443255963728163,31.187139623693664,31.338182529223026,727200
2012-11-16,31.456388473510742,31.50235794163755,31.101764714976994,31.338180553999493,486300
2012-11-19,31.935789108276367,31.942355102126,31.699373247315663,31.719073734012934,410600
2012-11-20,31.975183486938477,32.027721447493306,31.751902164876142,31.916079533888215,574900
2012-11-21,32.07370376586914,32.07370376586914,31.948929817262528,32.02773428453255,332800
2012-11-23,32.47429275512695,32.47429275512695,32.18533890528382,32.18533890528382,176700
2012-11-26,32.388916015625,32.388916015625,32.23787311409987,32.31011156812237,374600
2012-11-27,32.244441986083984,32.461157367497954,32.21817550467041,32.36921841967934,527200
2012-11-28,32.51369094848633,32.52025944731984,31.96205478844135,32.145935178555206,406600
2012-11-29,32.599056243896484,32.70412965422956,32.46114786254952,32.599056243896484,305400
2012-11-30,32.65816879272461,32.72384125719176,32.546529360853015,32.64503429983118,1022900
2012-12-03,32.4874267578125,32.78951259158467,32.44802327747977,32.77637809814043,972700
2012-12-04,32.454586029052734,32.605631435996166,32.40861655916498,32.5005580040887,350300
2012-12-05,32.6121940612793,32.743536463885555,32.34950925606679,32.46771716789762,674200
2012-12-06,32.65816879272461,32.691003772384,32.572795841491505,32.63189980693775,336400
2012-12-07,32.828914642333984,32.828914642333984,32.63189975439812,32.743541691238335,320600
2012-12-10,32.86175537109375,32.91429084662558,32.79608289524296,32.809217390413124,331400
2012-12-11,33.012779235839844,33.16382208531369,32.92740631912946,32.92740631912946,420300
2012-12-12,33.0390510559082,33.26889834551921,33.00621358155157,33.14412446046575,428000
2012-12-13,32.868316650390625,33.078463532665154,32.802646689110496,33.039062557956456,583100
2012-12-14,32.79606628417969,32.8814392069703,32.743530835256834,32.828903758047446,2260700
2012-12-17,33.05876922607422,33.071903721815595,32.855188299806244,32.881457291289,511900
2012-12-18,33.30830383300781,33.32800431469928,32.99964959238697,33.098157011139755,512400
2012-12-19,33.04562759399414,33.36084790826733,33.039061600115865,33.29517794889106,932400
2012-12-20,33.20611572265625,33.2260107285069,32.98726306864786,33.08010980246256,1014800
2012-12-21,32.94084167480469,33.03369095119545,32.75514818179136,32.901051657664176,1143500
2012-12-24,32.814842224121094,32.828106409084654,32.748523829187896,32.828106409084654,337200
2012-12-26,32.68219757080078,32.86126024375982,32.60924583034886,32.828101051704635,1401200
2012-12-27,32.64241027832031,32.74852121968896,32.30417991341223,32.68883365705132,1267600
2012-12-28,32.251129150390625,32.57609283619667,32.23786496506808,32.430191857417995,994000
2012-12-31,32.7485237121582,32.7485237121582,32.16491222527015,32.16491222527015,1062000
2013-01-02,33.531097412109375,33.531097412109375,33.19950033436658,33.46477647862986,737300
2013-01-03,33.47140121459961,33.55761461108679,33.37855446153078,33.55761461108679,666400
2013-01-04,33.597408294677734,33.64383167277872,33.45813816037479,33.55761574349788,492800
2013-01-07,33.48466491699219,33.54435247594842,33.38518480877039,33.51119075328499,741400
2013-01-08,33.3586540222168,33.444869941094574,33.29233564147023,33.444869941094574,513800
2013-01-09,33.48466491699219,33.524454936373516,33.405079818461054,33.471400733903664,728300
2013-01-10,33.72340774536133,33.72340774536133,33.51781926193504,33.6106660002416,509300
2013-01-11,33.73667907714844,33.77647162909281,33.63056813518119,33.73004825009992,1313500
2013-01-14,33.79635238647461,33.809616564861884,33.69687484339506,33.73666484867354,633900
2013-01-15,33.84278106689453,33.86267860254555,33.670351780516064,33.67698260581057,462600
2013-01-16,33.76320266723633,33.80962603965979,33.71014846870268,33.7499384851319,430800
2013-01-17,34.05500030517578,34.13458538196079,33.87594020711839,33.93562521988182,485900
2013-01-18,34.16775131225586,34.19427967642234,33.97542446687495,34.074904567557226,606800
2013-01-22,34.300384521484375,34.313648701215776,34.094793530473076,34.141216894591174,817400
2013-01-23,34.29375457763672,34.30701875868742,34.18764365911501,34.30701875868742,557800
2013-01-24,34.41312789916992,34.55903135330526,34.36670453283299,34.37333788795754,684000
2013-01-25,34.6054573059082,34.6054573059082,34.44628965951198,34.55903393610179,912800
2013-01-28,34.57893371582031,34.67178046824796,34.459558597017825,34.645254631757396,686100
2013-01-29,34.83756637573242,34.85746390826629,34.51923368390739,34.55902621909177,605000
2013-01-30,34.7049446105957,34.87074311717057,34.67841624237146,34.84421474894633,526000
2013-01-31,34.59882354736328,34.71819864829927,34.57229771484275,34.65851109783128,560200
2013-02-01,34.89726638793945,34.91053057107566,34.71157288380105,34.791155452734046,932600
2013-02-04,34.572303771972656,34.71157390417039,34.54577540492042,34.71157390417039,762600
2013-02-05,34.84421157836914,34.93705832882116,34.73810064501195,34.75799565442761,733700
2013-02-06,34.90389633178711,34.90389633178711,34.691674482125876,34.72483367178219,547400
2013-02-07,34.87073516845703,34.92378936292748,34.65851080092363,34.91715853732512,589200
2013-02-08,34.97021484375,35.0033740335321,34.903896464185806,34.9370556539679,593100
2013-02-11,34.98347473144531,34.996738911706785,34.877363819237225,34.963579725994954,448700
2013-02-12,35.06305694580078,35.10948031132747,34.95031520948846,34.996738575015144,432700
2013-02-13,35.10285568237305,35.16917406486486,35.010008934930866,35.15590988238967,438400
2013-02-14,35.096229553222656,35.11612709597481,34.97022358858737,35.02991115707454,589700
2013-02-15,35.11611557006836,35.189067299817665,34.963581285085176,35.14264393177425,487400
2013-02-19,35.39466094970703,35.40792513249796,35.175808258367205,35.1957032676115,533100
2013-02-20,35.13602066040039,35.43445849053347,35.12275647574064,35.40129929382636,769900
2013-02-21,34.99012756347656,35.09623854242255,34.917178320983,35.082976883703935,833200
2013-02-22,35.28856658935547,35.28856658935547,35.07634462480608,35.16919141806077,570900
2013-02-25,34.744728088378906,35.507402086916464,34.744728088378906,35.46097871621077,664800
2013-02-26,34.95694351196289,35.01000022866953,34.74472170490331,34.93041515360957,483800
2013-02-27,35.36813735961914,35.447719931533406,34.92379606250542,34.930426889379795,503500
2013-02-28,35.31507110595703,35.55382128722939,35.29517610081222,35.37475865127512,449100
2013-03-01,35.43445587158203,35.46098423894083,35.069699674993764,35.17581061454461,549800
2013-03-04,35.58697509765625,35.606870099796275,35.30843494816277,35.34822495244282,533300
2013-03-05,35.8787956237793,35.94511654399412,35.779318038283705,35.785948865362975,831600
2013-03-06,35.90531539916992,35.99153130987418,35.832363669334306,35.98489795449795,636000
2013-03-07,35.94510269165039,35.99152605296815,35.90531015485655,35.95836687058167,542700
2013-03-08,36.044578552246094,36.12416362210991,35.90530847480942,36.06447608465371,669000
2013-03-11,36.13743591308594,36.144066738788176,35.97826826750933,36.02469163707669,543800
2013-03-12,36.1175422668457,36.19712736314898,36.0379597004266,36.17059899771455,513300
2013-03-13,36.163970947265625,36.197132673866115,36.037964987791206,36.130811750549675,384900
2013-03-14,36.349666595458984,36.349666595458984,36.22365810751164,36.25018647654103,474400
2013-03-15,36.22364044189453,36.26343297603251,36.104265369363866,36.236904619940525,543000
2013-03-18,36.03132629394531,36.17059640767719,35.87878946856203,35.918582013864274,584700
2013-03-19,36.07111740112305,36.17059750244762,35.85889554618909,36.11754077377209,420800
2013-03-20,36.30324172973633,36.35629593574059,36.210392441931155,36.27671336179199,465100
2013-03-21,36.08438491821289,36.256814242576134,36.0180665311234,36.124177468397164,602700
2013-03-22,36.312042236328125,36.32539501211798,36.151814020413006,36.185194686496864,401300
2013-03-25,36.22525405883789,36.46559895332246,36.07837860414985,36.43889594587671,602500
2013-03-26,36.48561477661133,36.49896500159532,36.31203129044969,36.332059174706494,607000
2013-03-27,36.47894287109375,36.498970758509515,36.25862846917673,36.33874256562099,360100
2013-03-28,36.59244918823242,36.64585775008925,36.42554329390934,36.505657410085504,952000
2013-04-01,36.56573486328125,36.66587684778601,36.46559033199527,36.57240997686908,955400
2013-04-02,36.70594787597656,36.79941477924848,36.62583375128379,36.659214424340604,480700
2013-04-03,36.41886520385742,36.779382542585246,36.33875108862295,36.77270742747479,712800
2013-04-04,36.62582015991211,36.639172933536216,36.43220876253436,36.43888642273699,604000
2013-04-05,36.48561477661133,36.50564266086813,36.191858891347266,36.25194509089848,534100
2013-04-08,36.67923355102539,36.67923355102539,36.35877458207462,36.525680454243656,1002500
2013-04-09,36.819435119628906,36.95295777522614,36.63249881758624,36.75267124504888,542200
2013-04-10,37.24003601074219,37.27341922137071,36.93292982849845,36.96631049234557,1054500
2013-04-11,37.34687042236328,37.426987103395646,37.166611710214084,37.22002283090232,551400
2013-04-12,37.30012512207031,37.32683067393521,37.11319135257922,37.13989690444412,569700
2013-04-15,36.52566146850586,37.10649543542406,36.52566146850586,37.07311224091737,707300
2013-04-16,36.95296859741211,36.96632137623866,36.68592066122756,36.77271245020906,1755600
2013-04-17,36.55906295776367,36.792732718619746,36.385481962562885,36.792732718619746,572000
2013-04-18,36.46558380126953,36.67922305275588,36.36544183469948,36.565728314620344,371000
2013-04-19,36.8394660949707,36.8728467616666,36.559062891805624,36.59912121990967,401400
2013-04-22,37.01971435546875,37.08647567011277,36.71928334600886,36.91956983672182,494400
2013-04-23,37.35354232788086,37.36021744354673,36.946291509148196,37.15325574973847,552500
2013-04-24,37.30678939819336,37.41360902054574,37.219997659163084,37.37355070712084,551700
2013-04-25,37.426971435546875,37.5604940878068,37.32682689957059,37.43364654944734,1228900
2013-04-26,37.433658599853516,37.50041994747487,37.293458241779376,37.360219589400735,299700
2013-04-29,37.65396499633789,37.72072632510337,37.4336480272052,37.51376213108007,555600
2013-04-30,37.69402313232422,37.69402313232422,37.467031034831145,37.62058413802034,590900
2013-05-01,37.313472747802734,37.61390379786178,37.286767199623874,37.58719824968292,713600
2013-05-02,37.56049728393555,37.56717494518557,37.36688840297139,37.41362184459531,548400
2013-05-03,37.834228515625,37.95440096840328,37.814200622422604,37.854258955609346,548100
2013-05-06,37.780818939208984,37.85425794135935,37.74076060709555,37.83422750191169,586700
2013-05-07,38.02117156982422,38.02117156982422,37.82756007874507,37.87429353565626,619200
2013-05-08,38.10127639770508,38.10127639770508,37.9543983994106,37.99445672988594,618300
2013-05-09,37.934364318847656,38.114622956406144,37.85425021774878,38.10127018175944,679300
2013-05-10,38.02783966064453,38.02783966064453,37.807525196879176,37.987783874568244,515100
2013-05-13,38.04118347167969,38.0678890206238,37.854249722633526,37.97442214610072,438900
2013-05-14,38.45511245727539,38.45511245727539,38.08124492842124,38.10127281838656,1037300
2013-05-15,38.735511779785156,38.84900654062227,38.40170006422008,38.42172795218398,576000
2013-05-16,38.62202072143555,38.842337711812085,38.601992830231026,38.72216527102155,1389800
2013-05-17,38.975860595703125,38.98921337130067,38.695457401717704,38.755543618515894,521800
2013-05-20,38.93579864501953,39.06932384178582,38.875712433813774,38.93579864501953,624600
2013-05-21,39.0025634765625,39.096032905449235,38.84233526346259,38.98253558662039,505900
2013-05-22,38.768898010253906,39.44319919874087,38.64205045696168,39.07600422145507,895800
2013-05-23,38.66875457763672,38.755546351751,38.34829558103982,38.38835391065758,514300
2013-05-24,38.662078857421875,38.662078857421875,38.401706085937434,38.50852574979725,405500
2013-05-28,38.82898712158203,39.16947402513766,38.71549233599076,39.05597923954639,561700
2013-05-29,38.47514343261719,38.655402085173016,38.28153200430371,38.655402085173016,1062900
2013-05-30,38.58864212036133,38.748872898923395,38.49517522735921,38.52855589674828,529200
2013-05-31,37.96774673461914,38.67542854287213,37.96774673461914,38.49516989699312,832700
2013-06-03,38.35497283935547,38.3683256157543,37.974427625724644,38.061216852144526,627200
2013-06-04,38.24816131591797,38.535239702642166,38.04787472086864,38.38168656154494,657500
2013-06-05,37.767459869384766,38.16803293665197,37.72072642976297,38.16803293665197,1296100
2013-06-06,38.08124923706055,38.08124923706055,37.53379811062808,37.754112565518305,965100
2013-06-07,38.49517059326172,38.521876144270855,38.18806439700123,38.32158960526538,462300
2013-06-10,38.5285530090332,38.648725447252374,38.42173334692523,38.648725447252374,504600
2013-06-11,38.19474792480469,38.48850395704996,38.107958685079566,38.208100703250565,682800
2013-06-12,37.96107482910156,38.52187870364532,37.9210164999264,38.421734154098274,522600
2013-06-13,38.48181915283203,38.548583032671154,37.87428185359489,37.907662520123644,433800
2013-06-14,38.29488754272461,38.58196587527037,38.22812365911992,38.44176553987316,447700
2013-06-17,38.58195495605469,38.74886079765716,38.35496290960408,38.56192452325129,675400
2013-06-18,38.84233856201172,38.90242478372218,38.601993675169865,38.60867133690533,679200
2013-06-19,38.28153991699219,38.87572455372501,38.28153991699219,38.8223159864366,794600
2013-06-20,37.313472747802734,38.04786004203388,37.253386537790924,37.947715509753785,1723000
2013-06-21,37.60055160522461,37.7474295756984,37.25338711387465,37.72072402710656,1065000
2013-06-24,37.20975875854492,37.51916683983203,36.92725639716208,37.29047335238707,1174100
2013-06-25,37.53934860229492,37.646968919451766,37.25011851883515,37.519168028791874,560000
2013-06-26,37.929466247558594,38.016908545458826,37.67386706608815,37.80839308611841,791600
2013-06-27,38.15143585205078,38.359948752552356,38.13125528054993,38.19179186331147,866200
2013-06-28,37.916015625,38.24560426521753,37.916015625,38.124531096637256,666100
2013-07-01,38.104347229003906,38.38012438926564,38.03708294243387,38.171608949703774,731200
2013-07-02,38.05725860595703,38.3128551643676,37.9025520497219,38.070708895667195,720900
2013-07-03,38.09089279174805,38.17160736641403,37.83529364512403,37.949639078745,453500
2013-07-05,38.41376495361328,38.43394296174653,38.030367403856644,38.353228363342716,640700
2013-07-08,38.68952560424805,38.770240168063935,38.56172733105041,38.6424418948663,806700
2013-07-09,38.965309143066406,39.0123928602143,38.80387742293783,38.91149771440017,938400
2013-07-10,38.978782653808594,39.09312815150706,38.86443459023862,38.978782653808594,779000
2013-07-11,39.456329345703125,39.50341306578951,39.274719611425496,39.46978220370928,898500
2013-07-12,39.44960021972656,39.48323107841392,39.3150742191071,39.436147363077616,994200
2013-07-15,39.60431671142578,39.63121986733743,39.40925407730895,39.50342153767684,777000
2013-07-16,39.46306228637695,39.63121919586219,39.36889482760455,39.63121919586219,655500
2013-07-17,39.516876220703125,39.65812741776809,39.46979248834813,39.60431853759281,632100
2013-07-18,39.69847869873047,39.785920999532856,39.523594097125695,39.55049981519881,522600
2013-07-19,39.74556350708008,39.74556350708008,39.550500894532455,39.611037478913765,411100
2013-07-22,39.80610656738281,39.86664316161262,39.69175852678385,39.77247569633759,503800
2013-07-23,39.82627487182617,39.90026430961825,39.76573829234813,39.90026430961825,411700
2013-07-24,39.61777114868164,39.940632125305484,39.523601118695936,39.940632125305484,503500
2013-07-25,39.67829513549805,39.69847313829137,39.4496016956499,39.55049427548664,473500
2013-07-26,39.705204010009766,39.72538458158356,39.34198707799804,39.55722769173481,423000
2013-07-29,39.63120651245117,39.71192365059868,39.55049194017365,39.66483993628096,375100
2013-07-30,39.637935638427734,39.82627050242117,39.543768206431025,39.78591449777691,465200
2013-07-31,39.61104202270508,39.88681925743873,39.57741115327334,39.72539005781803,588100
2013-08-01,39.97426223754883,40.00116795989144,39.85991420052821,39.89354763639192,483700
2013-08-02,40.001163482666016,40.001163482666016,39.77919514699021,39.88681545844407,580200
2013-08-05,39.88010025024414,39.95408971390866,39.81956364959784,39.94063685089045,409600
2013-08-06,39.72538375854492,39.859907214940435,39.65139431800512,39.859907214940435,480600
2013-08-07,39.65138626098633,39.6917422633566,39.50340740997549,39.60430254764105,355100
2013-08-08,39.73884963989258,39.873373140371825,39.57069269842222,39.812836538807645,397600
2013-08-09,39.61777114868164,39.779200354058084,39.46306452521203,39.69175803772112,337900
2013-08-12,39.5572395324707,39.60432327045237,39.38908259228724,39.46979720513134,303000
2013-08-13,39.5706787109375,39.66484615433509,39.375616111973706,39.62448757893453,444800
2013-08-14,39.3823356628418,39.597576235989365,39.30834623472169,39.55722023219296,474600
2013-08-15,38.81061553955078,39.05948704917903,38.763531809779785,39.00567817195682,659700
2013-08-16,38.635711669921875,38.79714335291688,38.52809140321506,38.76351250067154,485100
2013-08-19,38.42048263549805,38.67608180762692,38.40702977739965,38.60209237102091,418000
2013-08-20,38.514652252197266,38.66263113376935,38.42048480605884,38.46084338263408,712500
2013-08-21,38.211978912353516,38.52811217292408,38.15816746705669,38.40031383915053,1396300
2013-08-22,38.48774337768555,38.54827995061211,38.25904994283742,38.31958651576399,409100
2013-08-23,38.79716491699219,38.82407064009091,38.534840531457135,38.67609172891894,445900
2013-08-26,38.53483963012695,38.82406973199563,38.50793390765756,38.82406973199563,443000
2013-08-27,38.030364990234375,38.33977306937122,38.003459270517084,38.19179417679679,554000
2013-08-28,38.131248474121094,38.259049329288835,37.97654447153861,38.016903041465795,474000
2013-08-29,38.158172607421875,38.339782410957284,38.07745799447435,38.08418314310694,393000
2013-08-30,38.06399917602539,38.225430942534885,37.94292599261099,38.1581666373764,1222400
2013-09-03,37.99673843383789,38.353230279984764,37.882390395003206,38.299418834445866,611300
2013-09-04,38.27251434326172,38.32632322105374,37.936200517981284,37.976556534857586,490200
2013-09-05,38.26577377319336,38.36666891322672,38.23214291513891,38.27922662958914,652600
2013-09-06,38.27251434326172,38.487754986171524,37.976556534857586,38.38013466471662,430800
2013-09-09,38.59537124633789,38.60209639315265,38.359950053891815,38.400308632392154,347300
2013-09-10,38.9115104675293,38.9115104675293,38.709722675635845,38.79716499294237,467600
2013-09-11,39.072933197021484,39.072933197021484,38.85769259337041,38.91822917351417,971300
2013-09-12,38.938411712646484,39.10656861419764,38.90478084551039,39.05948488703297,396800
2013-09-13,39.126739501953125,39.14692007125935,38.99894120374138,39.00566891546687,560500
2013-09-16,39.41598129272461,39.59086592761508,39.348719550610426,39.57068791815502,476100
2013-09-17,39.5706787109375,39.597581862000816,39.41597212150388,39.516867277070084,348800
2013-09-18,40.05498123168945,40.155876418604336,39.45634295620149,39.5706910057631,581600
2013-09-19,39.967525482177734,40.16258807622627,39.8800857531521,40.16258807622627,671000
2013-09-20,39.65138626098633,40.05496167990871,39.624480548826185,40.05496167990871,435500
2013-09-23,39.51383590698242,39.608706645781275,39.3918585042314,39.554493317876926,737700
2013-09-24,39.39185333251953,39.58837015778793,39.35797129954453,39.473170728666226,354300
2013-09-25,39.29021072387695,39.47995220590281,39.25632868566288,39.398634797182275,325600
2013-09-26,39.357975006103516,39.493503150766976,39.22244427640641,39.35119704785015,493600
2013-09-27,39.16823959350586,39.24278164053965,39.0665934625787,39.188570887718676,469600
2013-09-30,38.958160400390625,39.053031134755614,38.79552300931233,38.89717170186547,557900
2013-10-01,39.19533157348633,39.21566027504648,38.96493014401604,38.998812174960705,338300
2013-10-02,39.12757110595703,39.13434647875506,38.82262762937562,38.96493372343578,373200
2013-10-03,38.822635650634766,39.03948381544441,38.64644490108066,39.03948381544441,697200
2013-10-04,39.0191650390625,39.04626912778677,38.76843218434411,38.8633029574658,409900
2013-10-07,38.74808883666992,38.93105493788593,38.653218099380226,38.714206799785565,658900
2013-10-08,38.422821044921875,38.761646622769454,38.39571437828591,38.707433289497516,635600
2013-10-09,38.449920654296875,38.57867341963488,38.300836600196575,38.477024730924036,538100
2013-10-10,39.236000061035156,39.236000061035156,38.77519710227434,38.80907914055861,629500
2013-10-11,39.459617614746094,39.459617614746094,39.14789877361407,39.14789877361407,535900
2013-10-14,39.595157623291016,39.595157623291016,39.18179000064813,39.23600333445298,361800
2013-10-15,39.31731414794922,39.62225763681022,39.256325450177016,39.52738690361649,527000
2013-10-16,39.80522918701172,39.80522918701172,39.47317899027941,39.58837844351199,478200
2013-10-17,40.1576042175293,40.1779355089441,39.65614383655126,39.7306858733265,569900
2013-10-18,40.32700729370117,40.35411395237574,40.1372658530457,40.333785250886436,656400
2013-10-21,40.34055709838867,40.387992454408,40.23891101478998,40.387992454408,412900
2013-10-22,40.61164093017578,40.67940502334934,40.38801476964102,40.48966349443581,459100
2013-10-23,40.46931838989258,40.570964488477394,40.394776366577,40.496422465161814,536300
2013-10-24,40.543861389160156,40.6184008292366,40.455766033572665,40.61162545651455,282400
2013-10-25,40.781036376953125,40.781036376953125,40.58451697141146,40.64550566330255,295600
2013-10-28,40.90303039550781,40.950465776821915,40.7200642454244,40.79460629749924,496400
2013-10-29,41.140201568603516,41.140201568603516,40.93690673629879,41.03177748570539,380800
2013-10-30,40.916568756103516,41.228287600664935,40.79459136735627,41.228287600664935,467900
2013-10-31,40.80814743041992,41.05887759739741,40.753934105109316,40.896240206499215,315900
2013-11-01,40.9368896484375,41.00465370257501,40.6929349174897,40.88267892213408,325200
2013-11-04,41.09275817871094,41.10631150955887,40.896238758966284,41.07920484786301,320600
2013-11-05,40.97079086303711,41.113096994390794,40.875920108801324,40.94368419467427,373700
2013-11-06,41.37738800048828,41.384163375858876,41.13343312659526,41.255410563541766,369300
2013-11-07,40.909786224365234,41.49934439907118,40.86912882268425,41.49934439907118,733000
2013-11-08,41.37738800048828,41.37738800048828,40.84204287000464,40.91658492425356,399600
2013-11-11,41.35704803466797,41.39093265952117,41.26895524814467,41.3367193277832,386600
2013-11-12,41.275726318359375,41.38415038549623,41.14697354645738,41.28927964988069,334800
2013-11-13,41.50612258911133,41.51289796150712,40.997884353326285,41.07242637484676,363100
2013-11-14,41.621334075927734,41.68232278529632,41.45192128157433,41.51968795033615,396200
2013-11-15,41.83140182495117,41.83140182495117,41.64166034537689,41.72975571162228,430100
2013-11-18,41.77041244506836,41.95337854813162,41.70264837061548,41.95337854813162,548000
2013-11-19,41.71620178222656,41.83817918450182,41.62810641724249,41.7229771556713,416000
2013-11-20,41.546791076660156,41.85850997129333,41.43836700091671,41.783967934525855,359100
2013-11-21,41.81107711791992,41.84495915893655,41.59422895337269,41.6755463688194,325100
2013-11-22,41.960147857666016,41.98047914509068,41.69586438644564,41.84494843073749,432700
2013-11-25,41.89239501953125,42.06858577091685,41.83818427028233,42.06858577091685,533500
2013-11-26,41.77041244506836,41.91271855243965,41.763637071636566,41.91271855243965,505600
2013-11-27,41.79075241088867,41.831412417536455,41.68232831152902,41.79753037118052,397300
2013-11-29,41.750083923339844,41.953378732626234,41.69587059551214,41.85173003546616,229000
2013-12-02,41.58745193481445,41.80430010426657,41.55356989303145,41.77719602186062,420800
2013-12-03,41.4925651550293,41.614542526354924,41.32993038328385,41.48578978330369,2909400
2013-12-04,41.472251892089844,41.60778264234856,41.15375501673697,41.36382780888968,569900
2013-12-05,41.2147331237793,41.370592541724484,41.160522388640416,41.34348588163835,322100
2013-12-06,41.74331283569336,41.75009079530433,41.53324261836833,41.60100670427301,373000
2013-12-09,41.85850524902344,41.90594061524516,41.743303227461,41.87205858009158,327700
2013-12-10,41.6619758605957,41.783953225998594,41.621315877117084,41.77717785460197,434800
2013-12-11,41.2147331237793,41.72974932528228,41.187626463693164,41.72974932528228,503700
2013-12-12,41.07242965698242,41.27572445053524,40.96400559475202,41.21473575396604,412000
2013-12-13,41.05887222290039,41.17407164655569,40.95722354376535,41.11308295608133,393500
2013-12-16,41.30960464477539,41.451910735418686,41.207958545044505,41.207958545044505,1086000
2013-12-17,41.174076080322266,41.38414883347382,41.09953663730097,41.38414883347382,1069200
2013-12-18,41.87206268310547,41.87206268310547,40.89624343084785,41.26895360915949,556000
2013-12-19,41.77041244506836,41.81107244076033,41.587446342005094,41.77041244506836,434500
2013-12-20,41.97001266479492,42.045201049028954,41.77861670186231,41.81963068124906,780300
2013-12-23,42.03153610229492,42.1887524594121,41.99735647930234,42.15457283641951,480400
2013-12-24,42.22291564941406,42.22975000725126,42.06569934377572,42.06569934377572,203500
2013-12-26,42.462158203125,42.4758295266327,42.30494189409392,42.35279022260171,444300
2013-12-27,42.52370071411133,42.58522039919725,42.45534666736686,42.564714706681855,444700
2013-12-30,42.52370071411133,42.53737204496817,42.44167533651002,42.52370071411133,502200
2013-12-31,42.5988883972168,42.639902386578484,42.48268600533466,42.578382706305725,457700
2014-01-02,42.18873977661133,42.49633543076194,42.09987747711488,42.46899539114164,782200
2014-01-03,42.19557571411133,42.31861502339256,42.113550377103316,42.2844380169341,509500
2014-01-06,42.079368591308594,42.36645854199843,42.01784894365532,42.36645854199843,550400
2014-01-07,42.318626403808594,42.38698043510744,42.18875270132513,42.257106732623974,694100
2014-01-08,42.19557571411133,42.29127237521041,42.05886508073901,42.29127237521041,746300
2014-01-09,42.17508316040039,42.318628196733066,42.00419546737408,42.318628196733066,551900
2014-01-10,42.298118591308594,42.35280129209315,42.1067226197151,42.33229560524131,568400
2014-01-13,41.86064529418945,42.31862300368122,41.8059599875128,42.243432010770285,559300
2014-01-14,42.1818962097168,42.209238852596414,41.89480628209468,41.97683160319558,407400
2014-01-15,42.380126953125,42.46898923975025,42.24341634467184,42.27075898787007,584500
2014-01-16,42.39381790161133,42.39381790161133,42.24343590193734,42.33229822970281,470500
2014-01-17,42.1818962097168,42.36645513784728,42.09303653166497,42.36645513784728,462400
2014-01-21,42.22291564941406,42.434817247903105,41.98367140449967,42.41430895931495,513100
2014-01-22,42.22291564941406,42.28443530010196,42.13405335230082,42.28443530010196,452800
2014-01-23,41.853797912597656,42.03835686539913,41.63506195539702,42.017851184267286,750800
2014-01-24,41.101905822753906,41.7170999107064,41.101905822753906,41.66241720862887,775200
2014-01-27,40.958343505859375,41.21809341834391,40.828469853386174,41.11556241087712,877600
2014-01-28,41.19758987426758,41.23860384390357,41.02670224542502,41.05404489184902,707200
2014-01-29,40.86948776245117,41.081386762841504,40.74644845559429,40.93100741587962,1078600
2014-01-30,41.122398376464844,41.231766353229176,40.903662422936165,41.08822137263941,581400
2014-01-31,40.89683151245117,41.14290752525942,40.60290456120798,40.63024460204992,771100
2014-02-03,39.97404098510742,40.92417595443058,39.9193582900043,40.89683591064839,1288100
2014-02-04,40.18595504760742,40.25430908950705,39.99455903671724,40.1517780266576,1046100
2014-02-05,40.11075210571289,40.20644877892242,39.885179140971466,40.10391513903291,844100
2014-02-06,40.520877838134766,40.5482204873398,40.192773870290026,40.23378784409757,614800
2014-02-07,40.985687255859375,41.01302990160295,40.5960636803972,40.73960865924364,667100
2014-02-10,41.06771469116211,41.06771469116211,40.896827068660684,41.06771469116211,909300
2014-02-11,41.52571105957031,41.61457339359482,41.08140199698715,41.15659300212024,730900
2014-02-12,41.512027740478516,41.71025804083876,41.42316543212071,41.60089004883632,500200
2014-02-13,41.71709060668945,41.73076193104454,41.20442767729692,41.24544165036218,535700
2014-02-14,42.004188537597656,42.093050853421985,41.635070555747845,41.71709590475708,601200
2014-02-18,41.95634841918945,42.07938777057582,41.881157414726744,42.07938777057582,486200
2014-02-19,41.67608642578125,42.127229777118586,41.655578131943905,41.86747978467013,535500
2014-02-20,41.98368453979492,42.07938383222477,41.64874614267731,41.689760125147245,350400
2014-02-21,41.91532516479492,42.140898128305594,41.88798251330173,42.072541499572615,380000
2014-02-24,42.086219787597656,42.359641132683834,41.97001741083651,41.990523099079255,610200
2014-02-25,42.038360595703125,42.243425247832995,41.96316961482985,42.08620892761547,633400
2014-02-26,42.038360595703125,42.16823426695972,41.93582696586893,42.13405725952783,445600
2014-02-27,42.243431091308594,42.243431091308594,41.928998407378515,41.94950409316647,403300
2014-02-28,42.3733024597168,42.57153015020228,42.1477295121297,42.2297548532802,550000
2014-03-03,42.09304428100586,42.18874094116435,41.846965664862076,42.05886466734489,787300
2014-03-04,42.680912017822266,42.74243169557176,42.46217596527725,42.489518623730234,416900
2014-03-05,42.571529388427734,42.65355733564901,42.52368105631793,42.65355733564901,372700
2014-03-06,42.646728515625,42.73559083831917,42.592045814571,42.69457685687439,445100
2014-03-07,42.715084075927734,42.80394378884564,42.54419640218549,42.80394378884564,559300
2014-03-10,42.680912017822266,42.70142031543171,42.47584729450374,42.65357196690871,468500
2014-03-11,42.462158203125,42.74241381618706,42.380132869617114,42.68773112969458,325800
2014-03-12,42.51002883911133,42.53737150047502,42.26395270945727,42.29812973239203,471500
2014-03-13,42.17508316040039,42.67407491113249,42.07938646951194,42.63989789403509,511800
2014-03-14,42.106719970703125,42.33229294203812,42.072542958920536,42.12039129692393,461300
2014-03-17,42.4826774597168,42.55103148736362,42.291281488735464,42.33229546984697,752500
2014-03-18,42.76293182373047,42.817614522650395,42.516853159743455,42.5852071852781,391800
2014-03-19,42.45532989501953,42.83811657762892,42.2024168929328,42.83811657762892,494500
2014-03-20,42.76975631713867,42.78342764059968,42.31177871511719,42.386967082845274,418900
2014-03-21,42.7492561340332,43.138879776400486,42.71507912475406,42.95432079724672,482000
2014-03-24,42.736183166503906,42.963211803653415,42.57795227895992,42.84625694150694,903200
2014-03-25,43.03889846801758,43.07329603899087,42.82562932899683,42.93570313073125,464700
2014-03-26,42.85313415527344,43.245272107300316,42.84625306875194,43.245272107300316,382800
2014-03-27,42.887542724609375,42.9769785017892,42.76370937908847,42.88066426068766,515600
2014-03-28,43.10769271850586,43.26592364120399,42.983859366069694,42.983859366069694,567500
2014-03-31,43.42414855957031,43.49294631494784,43.3278343264078,43.403510545140065,868700
2014-04-01,43.57550811767578,43.59614613547847,43.39663917319743,43.56174856435184,322400
2014-04-02,43.7406120300293,43.775009594783604,43.52046184199658,43.6374167114004,334700
2014-04-03,43.74748229980469,43.82315850271041,43.64428700050315,43.795639406314606,421400
2014-04-04,43.38976287841797,43.967651060041256,43.341605748646586,43.94701303995831,605300
2014-04-07,43.052650451660156,43.38287179880308,43.052650451660156,43.32095513219091,531300
2014-04-08,43.217769622802734,43.28656476826902,42.92882686260445,43.04577913477045,422300
2014-04-09,43.52734375,43.52734375,43.17648175954124,43.320955733218035,430200
2014-04-10,42.83250045776367,43.5686219972263,42.78434334177537,43.56174090959026,515900
2014-04-11,42.55733108520508,42.8531549645059,42.522933508991066,42.61924777213704,609800
2014-04-14,42.804969787597656,42.86688643396253,42.49538655577332,42.83936734127478,384200
2014-04-15,43.066402435302734,43.09392153383104,42.612347807048415,42.901293092864265,536700
2014-04-16,43.46542739868164,43.46542739868164,43.197122712476926,43.32095604832003,358200
2014-04-17,43.58237075805664,43.664928048025,43.41038034050414,43.458537447469595,347400
2014-04-21,43.699337005615234,43.71309655753247,43.541106095116334,43.623660782253545,579300
2014-04-22,43.80251693725586,43.91259332049953,43.68556471660759,43.7612409179049,375500
2014-04-23,43.706199645996094,43.82315448276715,43.706199645996094,43.7956353888957,318900
2014-04-24,43.89196014404297,44.029553022110235,43.7543672659757,43.98139590844157,525100
2014-04-25,43.78876876831055,43.912602099851995,43.6649354367691,43.83004479591373,419000
2014-04-28,44.167144775390625,44.235945153309,43.775009389788664,44.02955451701771,397500
2014-04-29,44.256587982177734,44.35290222326387,44.201549773347814,44.325383118848904,509600
2014-04-30,44.33912658691406,44.38728369283835,44.15337924941493,44.201536355339215,516000
2014-05-01,44.27033996582031,44.37353528366825,44.15338772166754,44.32537816850346,388700
2014-05-02,44.180904388427734,44.4216899509832,44.12586618877745,44.25658060076397,468900
2014-05-05,44.201541900634766,44.215298826025766,43.885080129326255,44.02267300252823,469000
2014-05-06,43.88507843017578,44.12586398068214,43.871318880951755,44.12586398068214,472200
2014-05-07,44.22220230102539,44.229083391570285,43.84382367643626,43.98829508547386,644500
2014-05-08,44.16026306152344,44.38728643276247,44.043305583861326,44.17401998603775,387400
2014-05-09,44.17403030395508,44.18779248041509,44.00203983933196,44.16714921572507,374000
2014-05-12,44.421695709228516,44.43545263655855,44.325381471721414,44.40105769386732,589800
2014-05-13,44.49735641479492,44.538632431124036,44.44919931283413,44.46295623536702,474000
2014-05-14,44.3735466003418,44.504261052867676,44.31163254308211,44.497379963594405,553100
2014-05-15,44.0089225769043,44.34602243055418,43.905727244516434,44.31162748557998,517100
2014-05-16,44.167144775390625,44.17402586292884,43.912602272527536,44.084592719859636,346100
2014-05-19,44.23595428466797,44.26346814303654,44.04332053495699,44.0777207310172,348700
2014-05-20,43.98139190673828,44.22905853985192,43.86443705249434,44.21529636649491,419800
2014-05-21,44.318504333496094,44.318504333496094,44.09835673546928,44.12587584131423,333900
2014-05-22,44.39418411254883,44.442341239445376,44.24971273185919,44.34602698565229,346000
2014-05-23,44.51112365722656,44.51800474445361,44.40105250525212,44.44232853115108,353800
2014-05-27,44.703758239746094,44.72439625310243,44.60743876286357,44.68311497765798,1086800
2014-05-28,44.71751403808594,44.80694717661872,44.65559999957824,44.71751403808594,503600
2014-05-29,44.93767166137695,44.93767166137695,44.72440514929798,44.82760048533816,440500
2014-05-30,45.040855407714844,45.06837450682666,44.86886497481459,44.930779011267575,603200
2014-06-02,45.027095794677734,45.10965309670857,44.91702464070172,45.10965309670857,492400
2014-06-03,45.03396224975586,45.0614813414914,44.903247876194555,44.9445291381629,312900
2014-06-04,45.07524490356445,45.089007075824725,44.94453575947689,44.95829268300633,475400
2014-06-05,45.3710823059082,45.384844482319025,44.99958752253471,45.16469689833764,388600
2014-06-06,45.53619384765625,45.57058878888994,45.43987961423062,45.488036730943435,560300
2014-06-09,45.61874008178711,45.67377827921316,45.49490676194419,45.549944959370244,548100
2014-06-10,45.68068313598633,45.68068313598633,45.543087570823445,45.59124470644692,910900
2014-06-11,45.481170654296875,45.591241850798646,45.41237550039154,45.55684689821288,502100
2014-06-12,45.205970764160156,45.48803763101078,45.11653761670448,45.481156543135064,475500
2014-06-13,45.391719818115234,45.46051494525381,45.24724322777295,45.29540034164312,435200
2014-06-16,45.522438049316406,45.60499536756025,45.30917153810247,45.36420975026503,404100
2014-06-17,45.59811019897461,45.61187237515028,45.40548172237383,45.467395768967364,514800
2014-06-18,45.9077033996582,45.914579240095314,45.54307915589822,45.61875539057169,547000
2014-06-19,45.99713134765625,45.99713134765625,45.81825979064624,45.94209313800201,899500
2014-06-20,46.13471221923828,46.18286933068655,46.06591709555954,46.1415933062256,497100
2014-06-23,46.09037399291992,46.15966621999778,45.97951594485387,46.15966621999778,458300
2014-06-24,45.82014846801758,46.166588437555376,45.78550764281645,46.05573039615558,883600
2014-06-25,45.94486618041992,45.97258201179775,45.70235926368183,45.730075095059654,595600
2014-06-26,45.91023635864258,45.993378586447434,45.591512150794244,45.944877191476074,468400
2014-06-27,45.96564865112305,45.97257893006652,45.73007202958466,45.83400506872088,420300
2014-06-30,45.95178985595703,46.02800705972907,45.86864237377293,45.965645126527605,530100
2014-07-01,46.16658401489258,46.291302603428576,46.000294325595874,46.04879570523466,689500
2014-07-02,46.1527214050293,46.20122277695628,46.0834344860269,46.20122277695628,713600
2014-07-03,46.360599517822266,46.360599517822266,46.22895063706706,46.2843823012013,306100
2014-07-07,46.319026947021484,46.353673061526635,46.23588473021694,46.30517167297236,450000
2014-07-08,46.11115264892578,46.298227868343126,46.04186044015688,46.263581763958676,444200
2014-07-09,46.23588943481445,46.28439082830385,46.09037996809084,46.24281442941621,433600
2014-07-10,46.1250114440918,46.2150839216206,45.79935706850143,45.85478872525165,531700
2014-07-11,46.131954193115234,46.159670028982475,45.99337501377903,46.11809363205403,327400
2014-07-14,46.31208801269531,46.40216577907424,46.2913024623783,46.34673412072627,375500
2014-07-15,46.2427978515625,46.388301979868054,46.08343845276507,46.3605914388843,431200
2014-07-16,46.526885986328125,46.5546018164666,46.367521284595426,46.416022665774236,418100
2014-07-17,46.028018951416016,46.526893400901514,45.965657002102866,46.43681561703307,532000
2014-07-18,46.40216827392578,46.43680909756534,46.069583592210165,46.1596613634322,321200
2014-07-21,46.29130554199219,46.332881931646064,46.09730001112162,46.28438054892842,393500
2014-07-22,46.43681335449219,46.48531474103709,46.36752641460727,46.422958081017065,375300
2014-07-23,46.51996612548828,46.58232807882947,46.41603306075646,46.49918056979297,336200
2014-07-24,46.526885986328125,46.59617291854727,46.45759905410898,46.5546018164666,474700
2014-07-25,46.37445831298828,46.48531636342227,46.29131081047165,46.45067553539814,435900
2014-07-28,46.42988204956055,46.464522871666865,46.145798762517444,46.37445039068571,479500
2014-07-29,46.25666046142578,46.59617010920799,46.228944632958324,46.54766873095339,401100
2014-07-30,46.10423278808594,46.40910165954377,45.93794307922464,46.36752526763755,670200
2014-07-31,45.182701110839844,45.8270796787235,45.17577083115703,45.81322440561241,751500
2014-08-01,45.09955596923828,45.29356680670966,44.89169514418686,45.037199307599295,759600
2014-08-04,45.293556213378906,45.36284313885778,44.89168464484648,45.161907354591555,999100
2014-08-05,44.85013198852539,45.1757812008036,44.70462251305877,45.14114036694715,614800
2014-08-06,44.93326187133789,45.05105018934249,44.704610228443585,44.71154050781276,351800
2014-08-07,44.75310516357422,45.13419118015856,44.635316862540336,45.10647535292938,444800
2014-08-08,45.21735382080078,45.231209095933536,44.725409616630714,44.80855183993786,344900
2014-08-11,45.35591506958008,45.54299559236406,45.32819924078787,45.383630898372296,1312600
2014-08-12,45.33512878417969,45.432131540252065,45.20347992111557,45.33512878417969,441800
2014-08-13,45.62614440917969,45.64692996222471,45.39056775966334,45.48064025160996,562100
2014-08-14,45.79935836791992,45.79935836791992,45.61920812149736,45.68850033752796,516500
2014-08-15,45.79243087768555,46.01415752447973,45.47370675230024,45.93101003193191,517800
2014-08-18,46.1250114440918,46.1250114440918,45.96564675249835,46.02107840924857,525900
2014-08-19,46.34674072265625,46.34674072265625,46.15273517705685,46.201236563456696,500600
2014-08-20,46.43681335449219,46.49224502090198,46.29130919485747,46.30516975458725,479400
2014-08-21,46.58232498168945,46.63775136444003,46.46453136348905,46.47839192386788,712500
2014-08-22,46.471458435058594,46.610032311749585,46.38831093729127,46.55460593282592,526600
2014-08-25,46.6793212890625,46.76246349479141,46.61002906928283,46.672391009833696,500400
2014-08-26,46.65853500366211,46.790183890582924,46.637749450201916,46.72089695029738,545700
2014-08-27,46.74168395996094,46.74168395996094,46.630825909301315,46.70011285174544,365400
2014-08-28,46.72782516479492,46.75554099693501,46.56153017195437,46.61003155663591,381900
2014-08-29,46.88025665283203,46.88025665283203,46.66546028880613,46.83174998494382,274000
2014-09-02,46.76246643066406,46.9564719712173,46.59617672251194,46.949546977807906,534900
2014-09-03,46.72090148925781,46.95647816636598,46.65853953656404,46.95647816636598,381000
2014-09-04,46.65853500366211,46.914902497598774,46.53382168290096,46.78325361067796,308200
2014-09-05,46.90102767944336,46.90795267020784,46.55458783612941,46.66544583713858,420100
2014-09-08,46.72782516479492,46.87332931883956,46.61696183623455,46.86639903924092,576200
2014-09-09,46.478397369384766,46.76940573637644,46.374464299386155,46.7070490661306,508700
2014-09-10,46.65853500366211,46.67239556347204,46.32595557578964,46.50610584953581,365000
2014-09-11,46.7693977355957,46.7693977355957,46.443743305561924,46.49224469176347,491100
2014-09-12,46.506099700927734,46.72782105228032,46.37445083141232,46.72782105228032,399300
2014-09-15,46.5684700012207,46.63775695265219,46.40218026053403,46.51996860659311,721400
2014-09-16,46.85254669189453,46.92876391347537,46.42295919628021,46.471460583990314,557000
2014-09-17,46.9149055480957,47.115841388367286,46.73475526263583,46.90105027363958,567100
2014-09-18,47.12276840209961,47.1296933957201,47.01190506911566,47.06733673560763,616900
2014-09-19,47.17819595336914,47.33756067692556,47.10198401786932,47.28212900905769,624400
2014-09-22,46.91238021850586,47.14959610035937,46.842612720167395,47.135639406940314,1912200
2014-09-23,46.64028549194336,46.90540945046624,46.63330714489823,46.793777189420986,632700
2014-09-24,46.89144515991211,46.91935322065229,46.52167267021182,46.661207650994385,456900
2014-09-25,46.186771392822266,46.81468931797655,46.17979837131629,46.81468931797655,923600
2014-09-26,46.51469802856445,46.61935193394481,46.165855225909105,46.27050913128946,836200
2014-09-29,46.41004180908203,46.47981462446908,46.08213406218791,46.1728312701052,614400
2014-09-30,46.33330154418945,46.59144180001219,46.23562066670259,46.46585818372166,514200
2014-10-01,45.775150299072266,46.25655504176807,45.67049639984469,46.25655504176807,872000
2014-10-02,45.75422668457031,45.89376168686673,45.363519096885895,45.74026999058919,740200
2014-10-03,46.15888595581055,46.21469676335547,45.83794586710159,46.04725369488236,556100
2014-10-06,46.13096618652344,46.38213338696815,45.9565448152656,46.319338925398064,705200
2014-10-07,45.51003646850586,46.026322349751155,45.49607977492359,45.970506221260045,676400
2014-10-08,46.291446685791016,46.333311448782894,45.33562065134409,45.55887986992873,787200
2014-10-09,45.45420837402344,46.305385479220824,45.426300317124785,46.2356126755154,1011000
2014-10-10,45.063507080078125,45.68445211611978,45.049555711174385,45.37746877105446,922800
2014-10-13,44.4635124206543,45.2518980614575,44.421650317629904,45.04259020779547,1086000
2014-10-14,44.44954299926758,44.94489907034308,44.30302968159043,44.672802148525804,1297700
2014-10-15,44.11466598510742,44.26117934167485,43.123953579983294,43.95419859532505,2146200
2014-10-16,44.0169792175293,44.303030172024165,43.4169692492086,43.4169692492086,1197800
2014-10-17,44.52629470825195,44.770483603279764,44.28210581322414,44.56117845590459,1301800
2014-10-20,44.96582794189453,44.972806287248865,44.4844259093443,44.50535828394836,1340100
2014-10-21,45.698402404785156,45.74724017917125,45.18908962368599,45.286770495376366,1218200
2014-10-22,45.53097152709961,45.970511613960866,45.51004180718997,45.83097659928353,1413600
2014-10-23,45.94260025024414,46.20074586408787,45.8239949639859,46.012367752577276,822200
2014-10-24,46.319332122802734,46.340261832613024,45.90770030208827,46.04025690519245,568800
2014-10-27,46.26352310180664,46.43097145177445,46.03329093570715,46.089101729445225,800800
2014-10-28,46.73097229003906,46.73097229003906,46.34724317563211,46.430967343207456,723600
2014-10-29,46.75191116333008,46.91935420837776,46.40306838111166,46.80772196306702,992200
2014-10-30,46.9891357421875,47.39379476798715,46.54261727334651,46.633314507576074,685800
2014-10-31,47.477508544921875,47.54727604230101,47.23331431971664,47.54727604230101,979000
2014-11-03,47.5751838684082,47.72169720904885,47.46355161482362,47.47750830798111,639700
2014-11-04,47.50541687011719,47.62402748481592,47.27518463399261,47.48448715073491,794000
2014-11-05,47.81239700317383,47.82635369708451,47.554256717936454,47.81937535012917,862600
2014-11-06,47.93798065185547,47.94495899881344,47.5961161717824,47.84030508612031,712800
2014-11-07,48.04960632324219,48.06355769232609,47.84727687255605,47.944952424898545,578500
2014-11-10,48.154258728027344,48.19612348444503,47.96588595436357,48.0635615144735,719000
2014-11-11,48.17518997192383,48.20309271011206,48.070536073503604,48.18216299501169,475900
2014-11-12,48.168216705322266,48.203097793195006,47.972865579894275,48.02170336125127,712600
2014-11-13,48.23101806640625,48.4333475897939,48.04962358854446,48.18218027268649,723900
2014-11-14,48.28683090209961,48.32869034444433,48.16822560017625,48.24497145975488,525300
2014-11-17,48.38448715209961,48.40541686491005,48.16122801059183,48.21006578145547,422700
2014-11-18,48.60077667236328,48.68449552946371,48.40542025231986,48.42635528951314,630400
2014-11-19,48.537986755371094,48.59380288061433,48.31472757731685,48.565894817992714,720800
2014-11-20,48.670555114746094,48.67752813912836,48.3565933612045,48.377523080190066,566000
2014-11-21,48.87984848022461,49.179853483020445,48.70542709076001,49.179853483020445,584400
2014-11-24,48.92170333862305,49.026351892801415,48.84495751694738,49.026351892801415,810200
2014-11-25,48.83799743652344,48.99846748447079,48.768229933340834,48.99846748447079,675100
2014-11-26,49.026371002197266,49.0333493495016,48.84497655563968,48.88683599362692,576900
2014-11-28,48.91474151611328,49.05427651742711,48.824044297551204,49.019395428558205,303600
2014-12-01,48.607749938964844,48.83798744298213,48.45425826961999,48.768219954075796,1083500
2014-12-02,48.87984848022461,48.94962129434515,48.58682182342449,48.607751538493304,518700
2014-12-03,49.04032516479492,49.09614129450896,48.88683346954087,48.95660097022387,652700
2014-12-04,48.949615478515625,49.09612878950806,48.754259074274636,48.991474903679816,830500
2014-12-05,48.97751998901367,49.075195533216494,48.86589307688956,49.02635776111509,596400
2014-12-08,48.54497528076172,48.90079117722847,48.3705538449926,48.86591008382652,773100
2014-12-09,48.4402961730957,48.454247538619924,47.882145739620334,48.12633988108895,842000
2014-12-10,47.65191650390625,48.356574948396776,47.5681923369244,48.356574948396776,857400
2014-12-11,47.83332443237305,48.34263727736087,47.72867584764576,47.89611890612827,682900
2014-12-12,47.024009704589844,47.70773860012346,46.996101642314386,47.54029554938932,816800
2014-12-15,46.66818618774414,47.372850086289745,46.49376479959353,47.254244819847735,1176200
2014-12-16,46.40306854248047,47.435640200603494,46.347252419631,46.40306854248047,832900
2014-12-17,47.337982177734375,47.42170639301415,46.47983159352852,46.57750718322804,906500
2014-12-18,48.4720458984375,48.4720458984375,47.76149627839874,48.07104371037169,1071100
2014-12-19,48.62681198120117,48.78861693714896,48.4298238670819,48.54942513535578,812200
2014-12-22,48.873023986816406,48.88709187797903,48.626795636154284,48.725286976419135,637600
2014-12-23,49.02781677246094,49.12630815118791,48.985602347736815,49.084093726463784,891900
2014-12-24,49.04188537597656,49.154450020359874,48.999676318021656,49.154450020359874,649000
2014-12-26,49.18962478637695,49.274048273680854,49.12631119643247,49.18259352130173,482700
2014-12-29,49.21070861816406,49.32327322055754,48.99262141024629,48.99262141024629,514600
2014-12-30,48.94339370727539,49.182590891490854,48.91525254634547,49.12630856963103,1213800
2014-12-31,48.366493225097656,49.070005853826345,48.338352075863455,49.070005853826345,605600
2015-01-02,48.352420806884766,48.65493142360876,48.07101470826653,48.59161250191658,673500
2015-01-05,47.480072021484375,48.148412326635665,47.38861730004048,48.14137569656271,1154700
2015-01-06,47.170536041259766,47.78962538159163,46.945412156832106,47.61374717915199,1061700
2015-01-07,47.705204010009766,47.78259085187644,47.35344758966195,47.57857148398947,833100
2015-01-08,48.598670959472656,48.6619845422285,48.106208723847786,48.232841256736776,1002400
2015-01-09,48.225791931152344,48.68307083724819,48.035840519269954,48.68307083724819,992000
2015-01-12,47.90921401977539,48.35946172048341,47.747409103751934,48.29614815352883,872700
2015-01-13,47.81778335571289,48.58461001170387,47.4660268271199,48.30320908273241,1293800
2015-01-14,47.59968566894531,47.62079019728844,47.03687319870015,47.34642059407274,1113400
2015-01-15,47.26198196411133,47.83182551622996,47.18459514007352,47.77554858114628,868700
2015-01-16,47.77556228637695,47.81777134164204,47.156467516476624,47.170540779816534,665600
2015-01-20,47.930328369140625,48.02178847443928,47.48008057611932,47.96550615846735,759600
2015-01-21,48.12026596069336,48.23282519278609,47.613735997837296,47.83182320008762,646100
2015-01-22,48.76045608520508,48.767492713997505,47.95142089745491,48.3735273796235,1001100
2015-01-23,48.35945510864258,48.647897853890434,48.33131396027387,48.647897853890434,790700
2015-01-26,48.4720458984375,48.48611379653711,48.07104371037169,48.324308815189895,566400
2015-01-27,47.71222686767578,48.02177414578213,47.52228081716764,47.93735069701436,994100
2015-01-28,47.23384475708008,48.19062250928221,47.191635710398764,48.17655461618051,823200
2015-01-29,47.75445556640625,47.81777452089108,46.952451258782986,47.346422147834495,726400
2015-01-30,46.973541259765625,47.620777031822946,46.9031910622787,47.374543289554694,1002700
2015-02-02,47.61375045776367,47.634854984729365,46.71325485804626,47.17053928935258,943800
2015-02-03,48.24690628051758,48.268010804498665,47.80368980740925,47.845904222747805,853800
2015-02-04,48.021785736083984,48.35243761434291,47.92329437243793,48.085099312409255,811500
2015-02-05,48.521278381347656,48.54238290643975,48.21876766448202,48.26801334548914,688800
2015-02-06,48.33132553100586,48.72529633511091,48.19766175347384,48.640872869793434,603200
2015-02-09,48.15545654296875,48.366512562921606,48.014756107918544,48.183597703454296,479100
2015-02-10,48.65495300292969,48.71826658532765,48.197668560783285,48.52832047075648,793600
2015-02-11,48.62681198120117,48.73937125046346,48.373546916139404,48.63384324545818,646700
2015-02-12,49.105201721191406,49.105201721191406,48.851936652163296,48.866004548274915,651900
2015-02-13,49.25291061401367,49.25994187435935,49.006682317557065,49.19662832700236,789900
2015-02-17,49.29513931274414,49.31624383694982,49.04187428752303,49.18258006118834,669800
2015-02-18,49.288108825683594,49.29514545708805,49.07002155853965,49.18258619150241,456600
2015-02-19,49.14741134643555,49.259970618764974,49.02077881045405,49.161479242710186,739400
2015-02-20,49.36550521850586,49.38660974942466,48.830839210635716,49.08409894903948,564700
2015-02-23,49.40769958496094,49.40769958496094,49.19664362671915,49.2880983460234,568800
2015-02-24,49.583580017089844,49.64689358701756,49.30217384908881,49.42176972609197,509200
2015-02-25,49.4428825378418,49.58358832911788,49.358464430453274,49.58358832911788,550400
2015-02-26,49.4428825378418,49.48509159153606,49.23183190199336,49.40771011555562,519800
2015-02-27,49.27402877807617,49.47101146980315,49.25995551873808,49.421765796871405,468400
2015-03-02,49.421775817871094,49.435843712685866,49.238860981017716,49.30217992612641,645600
2015-03-03,49.25291061401367,49.35140193259631,49.0418547214084,49.34436530487632,702200
2015-03-04,48.999671936035156,49.14037236155395,48.81675708895899,49.14037236155395,557700
2015-03-05,48.90821075439453,49.055953175534,48.80268812126215,49.02781201757301,436900
2015-03-06,48.23282241821289,48.795634648427544,48.12729982150096,48.781561390615806,1043300
2015-03-09,48.415748596191406,48.58459015805445,48.303189344074866,48.31022060726082,553500
2015-03-10,47.691131591796875,48.12027481331126,47.68409496119171,48.12027481331126,723200
2015-03-11,47.50117492675781,47.82479549057981,47.466002512343024,47.82479549057981,714100
2015-03-12,48.04990768432617,48.04990768432617,47.613727985846225,47.613727985846225,592600
2015-03-13,47.77556228637695,47.958471770777216,47.43787374212429,47.958471770777216,594700
2015-03-16,48.345401763916016,48.35946965864539,47.916258515082724,47.923295146135835,552900
2015-03-17,48.239871978759766,48.324295446135885,48.01474809980009,48.218767453759895,458300
2015-03-18,48.865989685058594,49.055941112742204,47.944389799808896,48.08509018763874,1733000
2015-03-19,48.52830505371094,48.73935562869904,48.472022753430544,48.69010995779759,432600
2015-03-20,48.8870964050293,49.041870059028,48.661972553951905,48.788605055643934,463200
2015-03-23,48.91685104370117,49.12223589457806,48.88143781298777,48.91685104370117,1542900
2015-03-24,48.53441619873047,48.92394016633705,48.5202541468634,48.91685643875302,616600
2015-03-25,47.996150970458984,48.72562338510976,47.98198892313629,48.65479693859858,643000
2015-03-26,47.861610412597656,48.102403129746605,47.62789602009337,47.861610412597656,1125100
2015-03-27,47.96074676513672,48.01032203945132,47.76244566787833,47.882841990742406,553600
2015-03-30,48.569820404052734,48.66897095859271,48.22278805986284,48.22278805986284,552100
2015-03-31,48.37150955200195,48.56981062114018,48.18028680440517,48.35734210232128,483400
2015-04-01,48.059898376464844,48.251115752106585,47.81910032211253,48.251115752106585,851200
2015-04-02,48.194461822509766,48.350265970372256,48.01740649678901,48.059898045906074,476400
2015-04-06,48.555641174316406,48.70436697005283,47.98906748626793,48.0032295320672,580600
2015-04-07,48.47065734863281,48.73269571663574,48.47065734863281,48.61229941764528,429700
2015-04-08,48.47065734863281,48.633545187667295,48.29360206071793,48.56272415316106,461900
2015-04-09,48.718528747558594,48.775187730757054,48.33608871591602,48.442322958588626,425800
2015-04-10,49.115142822265625,49.115142822265625,48.79644541968751,48.83185324036321,387400
2015-04-13,48.85310363769531,49.14347153712292,48.83185246166955,49.07973421894342,412400
2015-04-14,48.98059844970703,49.051419514587806,48.70438711106049,48.84603464412294,378100
2015-04-15,49.292205810546875,49.455099101576224,49.16472574900657,49.18597152537992,424600
2015-04-16,49.263877868652344,49.405525387796764,49.09390624897941,49.256799545170395,446400
2015-04-17,48.76811599731445,49.06556762729172,48.56981491066294,49.051405579659196,643800
2015-04-20,49.22846221923828,49.36302058691952,49.0018316279178,49.015993675931796,496700
2015-04-21,49.037235260009766,49.45508858526586,48.95225217258747,49.42675908835875,528700
2015-04-22,49.285118103027344,49.32761505564159,48.902683352597464,49.1647217777698,581400
2015-04-23,49.34177780151367,49.49758735560138,49.10098514759617,49.15764414968258,403400
2015-04-24,49.511756896972656,49.54008099591119,49.327617834071795,49.45509789249546,352900
2015-04-27,49.34177780151367,49.64631318360334,49.29928625159878,49.60382163368845,433100
2015-04-28,49.724220275878906,49.7242202758789,49.221383766373826,49.38427705413185,795900
2015-04-29,49.511756896972656,49.68172850710418,49.341779883541065,49.46217621558006,650300
2015-04-30,49.19304656982422,49.4834198711457,49.00182921291194,49.440922922599114,563500
2015-05-01,49.511756896972656,49.54008099591119,49.24971305374066,49.341779883541065,390100
2015-05-04,49.653404235839844,49.7808843076935,49.56133739634022,49.6109126796555,429300
2015-05-05,49.16472244262695,49.68172638057695,49.1009851177933,49.61798365244346,468300
2015-05-06,48.952266693115234,49.412606295332246,48.676060770464765,49.37011473901699,548200
2015-05-07,49.05140686035156,49.2072164048742,48.8176925435676,48.952256314437065,423500
2015-05-08,49.68172836303711,49.72421991462176,49.46925979851377,49.46925979851377,438800
2015-05-11,49.412601470947266,49.68172904346943,49.3771936452418,49.65339954092499,350800
2015-05-12,49.285118103027344,49.39843610559898,48.93809117592628,49.20721873038404,1016500
2015-05-13,49.30636978149414,49.54716243445352,49.23554332751802,49.41259865585868,321800
2015-05-14,49.752559661865234,49.759643389688044,49.547174781413,49.56842056158027,502400
2015-05-15,49.809200286865234,49.809200286865234,49.68172024962971,49.79503283645064,260100
2015-05-18,49.85879135131836,49.91545036432722,49.71006549464574,49.738395001150174,383200
2015-05-19,49.83753204345703,49.91543681437111,49.717130322672006,49.90126936331433,392400
2015-05-20,49.88002395629883,50.042917224851514,49.82336495825446,49.89418600416019,550700
2015-05-21,49.936683654785156,50.00750470168427,49.79503615768741,49.85169515652651,651200
2015-05-22,49.724220275878906,49.87294611080575,49.71005822634781,49.87294611080575,736300
2015-05-26,49.31345748901367,49.60383087633674,49.171815360705395,49.60383087633674,592400
2015-05-27,49.653404235839844,49.717141570116354,49.32762303072508,49.42677359735563,541000
2015-05-28,49.66050338745117,49.681749172142254,49.440951004604614,49.58967690074449,381100
2015-05-29,49.3771858215332,49.65339167345217,49.306364778043594,49.65339167345217,565100
2015-06-01,49.384273529052734,49.575490902223734,49.22138025292213,49.575490902223734,460500
2015-06-02,49.299293518066406,49.4480193679898,49.09390865770534,49.27804773997744,506000
2015-06-03,49.32762145996094,49.5684141417387,49.270962451318944,49.440934073944454,357400
2015-06-04,48.93101119995117,49.3205351095191,48.846028094809206,49.18597132197742,704100
2015-06-05,48.72562789916992,48.9735042750252,48.66188517206442,48.895599499285005,443800
2015-06-08,48.52732849121094,48.7539591256039,48.52732849121094,48.72563502419275,379300
2015-06-09,48.576904296875,48.72563554903855,48.442345902170764,48.55565851893752,523900
2015-06-10,49.10805130004883,49.2496987701607,48.81768344209186,48.83892921178402,608300
2015-06-11,49.24263381958008,49.33470606107995,49.143483254349874,49.18597480993409,530200
2015-06-12,48.83185577392578,49.06557009636862,48.746872677255396,49.05140804802343,421700
2015-06-15,48.591068267822266,48.71146460303786,48.37152137380556,48.57690081467913,572300
2015-06-16,48.881439208984375,48.888522935989435,48.46359117179498,48.55565800965861,664400
2015-06-17,49.001834869384766,49.1505606982177,48.725628986795044,48.987667417134084,599400
2015-06-18,49.525917053222656,49.66048083288704,49.1151473914155,49.1151473914155,407700
2015-06-19,49.24970626831055,49.47633685169501,49.24262254290185,49.405515807505985,358600
2015-06-22,49.532997131347656,49.7029687224637,49.4480086341399,49.56840495270963,426200
2015-06-23,49.4975700378418,49.63921209020155,49.398419520530375,49.59672055515322,403700
2015-06-24,49.12931823730469,49.497590971167284,49.12931823730469,49.44801569154539,326300
2015-06-25,48.93809509277344,49.292205774202046,48.93101136622081,49.292205774202046,455000
2015-06-26,49.02377700805664,49.09517669688543,48.85955282104805,48.9737912336847,503800
2015-06-29,48.08127975463867,48.759590392440664,48.05272423810418,48.58823005599934,921600
2015-06-30,48.067012786865234,48.48113868639126,47.92421338234845,48.48113868639126,759000
2015-07-01,48.388309478759766,48.48827558916599,48.195529756610256,48.46685077786264,850700
2015-07-02,48.402587890625,48.58108983500076,48.28120787583677,48.516826302353024,621700
2015-07-06,48.245506286621094,48.40258887244964,48.00988240787828,48.05986273541944,893300
2015-07-07,48.609657287597656,48.67391538137471,47.73856681119026,48.274072715790105,810800
2015-07-08,47.93134689331055,48.34547276997475,47.85994719499377,48.28835083234221,653700
2015-07-09,47.95989227294922,48.566797682541235,47.95275611865058,48.545378324753266,707500
2015-07-10,48.46684265136719,48.56680329756531,48.28834071923531,48.438281688532484,411800
2015-07-13,48.916683197021484,48.938102562623676,48.76674219035815,48.86670286146704,373400
2015-07-14,49.07375717163086,49.10945429220289,48.83813329657779,48.92381074390832,619400
2015-07-15,48.9809455871582,49.109467239484665,48.8595655398078,49.08090626702895,459700
2015-07-16,49.34507751464844,49.352219117647216,49.20941429490655,49.2736778270016,511300
2015-07-17,49.10944366455078,49.24510685672833,49.016624634213755,49.23082365363286,544700
2015-07-20,49.07375717163086,49.17371782514785,48.988074276853276,49.17371782514785,402700
2015-07-21,48.79528045654297,49.059465249587085,48.688183666406516,48.995207175505215,591700
2015-07-22,48.65250015258789,48.788163403135464,48.53826171590168,48.6810611236215,416100
2015-07-23,48.395450592041016,48.74531290885042,48.31690929373415,48.74531290885042,1507300
2015-07-24,47.91706466674805,48.366887626923166,47.83852337168532,48.338326660768786,495900
2015-07-27,47.73856735229492,47.87423059284787,47.545782173883055,47.7314257482006,802700
2015-07-28,48.27406311035156,48.31690183101234,47.745698914897524,47.974181170832786,1091400
2015-07-29,48.65964126586914,48.73104096900809,48.28121793652936,48.345476035119965,487100
2015-07-30,48.681060791015625,48.723899523549235,48.43829526261273,48.581100116805075,316900
2015-07-31,48.5739631652832,48.84528969051576,48.502563455071524,48.84528969051576,376400
2015-08-03,48.431148529052734,48.602508869213544,48.19552465667726,48.602508869213544,816900
2015-08-04,48.33831787109375,48.55252235457776,48.22407947469623,48.445420112835755,421100
2015-08-05,48.54539108276367,48.82385370208097,48.47399138889083,48.60251301684092,666600
2015-08-06,48.31690216064453,48.588228586538314,48.15268343202676,48.57394538125616,521300
2015-08-07,48.13841247558594,48.274075723052405,47.98132986219279,48.274075723052405,741300
2015-08-10,48.7524528503418,48.7524528503418,48.38830733855704,48.45257087472957,370400
2015-08-11,48.33831787109375,48.445420112835755,48.124118835056045,48.40258139511747,449000
2015-08-12,48.42401123046875,48.48827476839583,47.75284212129522,47.97418825476909,973900
2015-08-13,48.33831787109375,48.50968363685948,48.23835723145356,48.459703317039384,546000
2015-08-14,48.552520751953125,48.566798508239174,48.27405820108321,48.29547755923533,311100
2015-08-17,48.72388458251953,48.74530394221816,48.23835912204683,48.42400265184577,442100
2015-08-18,48.566795349121094,48.70245853852161,48.509678880246035,48.6738975803612,397900
2015-08-19,48.159812927246094,48.523958347329696,47.92419454714114,48.37401739728256,532700
2015-08-20,47.37442398071289,47.90278831152314,47.3530046148953,47.84567181849224,811600
2015-08-21,46.06064224243164,47.15307324647545,46.06064224243164,47.03169323434767,2228700
2015-08-24,43.8686408996582,45.55369984517518,34.308076316315635,43.82580217225528,4100800
2015-08-25,43.44737243652344,45.66793707389521,43.44737243652344,45.43945480159878,2190900
2015-08-26,45.02532958984375,45.07530991432855,43.71155522397889,43.91861540096302,1699400
2015-08-27,46.06777572631836,46.07491732880787,45.18954928073951,45.660794267285134,1058700
2015-08-28,46.08921432495117,46.20345276173364,45.796468457196184,45.9249901032316,681300
2015-08-31,45.82502746582031,45.99638783737971,45.53942321492266,45.8750078011688,853200
2015-09-01,44.446983337402344,45.06103045063048,44.211359467744515,44.86824802738048,1352900
2015-09-02,45.13957595825195,45.13957595825195,44.59692848127635,45.09673450784113,1081300
2015-09-03,45.28951644897461,45.80360295333263,45.18955578951026,45.29665532876905,577500
2015-09-04,44.568363189697266,44.83968690185749,44.34702252669482,44.83968690185749,673600
2015-09-08,45.660797119140625,45.68221648050036,45.15385225965488,45.360912441487045,771500
2015-09-09,45.0181884765625,46.10348059266208,44.8968084654149,46.07491962872496,611100
2015-09-10,45.17527389526367,45.47515586429068,44.85396984007502,44.96107209971244,808200
2015-09-11,45.268096923828125,45.2823746833659,44.87539044344719,45.06817288189137,461000
2015-09-14,45.1324348449707,45.30379792475197,45.01819369969111,45.30379792475197,448800
2015-09-15,45.74647521972656,45.84643586651655,45.260949743555166,45.31807166956279,534300
2015-09-16,46.19630432128906,46.246284651382176,45.82502264737552,45.832164250945226,742500
2015-09-17,46.082061767578125,46.774650170630245,45.98924271928801,46.11062273184745,906800
2015-09-18,45.3823356628418,45.81074196682704,45.24667244090422,45.47515471354026,764900
2015-09-21,45.57511520385742,45.84643618309711,45.396613269436024,45.58939296173457,519300
2015-09-22,45.068172454833984,45.175274716418215,44.82540968913691,44.99677276292694,682500
2015-09-23,44.922725677490234,45.2179382252269,44.81472269467914,45.17473813078238,1142800
2015-09-24,44.901123046875,45.02352696969167,44.389901816229546,44.63471240856253,1180700
2015-09-25,45.06673049926758,45.46994875949764,44.872321842372706,45.354743934674715,685000
2015-09-28,44.195499420166016,44.86512840734277,44.14509747461078,44.85072745908413,798100
2015-09-29,44.36110305786133,44.541110778273556,44.10189150099575,44.31070111588189,1061700
2015-09-30,45.10993194580078,45.138731091092566,44.64910991403749,44.8579195109256,997600
2015-10-01,45.06673049926758,45.318740195224066,44.59870935340589,45.181935324090496,949800
2015-10-02,45.69315719604492,45.700359042714766,44.48350514528428,44.6059118183742,1031900
2015-10-05,46.686798095703125,46.744401882635394,46.03157287289691,46.03157287289691,862500
2015-10-06,46.701202392578125,46.87400826220832,46.58599481722495,46.72280243960695,676900
2015-10-07,47.140411376953125,47.21241334914257,46.71559040225821,46.974801896858885,707200
2015-10-08,47.637237548828125,47.70203768016602,46.996405120782846,47.04680705406745,630800
2015-10-09,47.54362487792969,47.781236320527704,47.42842282580219,47.72363254776489,555600
2015-10-12,47.48604202270508,47.543645820842286,47.38523812266523,47.543645820842286,417600
2015-10-13,47.219627380371094,47.55804277973468,47.17642179118866,47.29162937114212,397400
2015-10-14,47.061214447021484,47.32762782585071,46.97480877170951,47.17641652070496,662600
2015-10-15,47.69483184814453,47.69483184814453,47.1260069381038,47.23401264137198,724000
2015-10-16,47.98286819458008,48.004468246893765,47.70205652770041,47.817264131241245,441200
2015-10-19,47.88203811645508,47.88923996109017,47.70923229899823,47.86043807594771,384600
2015-10-20,47.8316535949707,47.96846122582712,47.687649610258596,47.76684795647033,320400
2015-10-21,47.63005065917969,48.076466353191904,47.608450608617865,47.94686055642052,446800
2015-10-22,48.58049011230469,48.68849585578991,47.88926104475971,47.88926104475971,1646100
2015-10-23,49.012516021728516,49.091719881012004,48.78210629292235,48.99811781704118,720600
2015-10-26,48.83250045776367,48.98370630316009,48.77489666140303,48.98370630316009,667800
2015-10-27,48.638084411621094,48.77488653281886,48.486873104224806,48.68128450322047,514200
2015-10-28,49.170894622802734,49.170894622802734,48.56606600947168,48.731675479014115,660400
2015-10-29,49.034088134765625,49.098893752434115,48.85408046503932,49.07729371101066,425200
2015-10-30,48.90449142456055,49.23570493881803,48.89009322541854,49.14930475716773,535400
2015-11-02,49.43731689453125,49.46611329206615,48.92609019720342,48.92609019720342,528400
2015-11-03,49.58134078979492,49.73254665794036,49.27172720452535,49.307730956017636,863700
2015-11-04,49.45171356201172,49.68212318894915,49.35090969356401,49.653321298907116,631400
2015-11-05,49.30051803588867,49.4949239674472,49.120510305653,49.43732566875577,525000
2015-11-06,49.21410369873047,49.23570374361871,48.76768812197629,49.23570374361871,498100
2015-11-09,48.7244873046875,49.09890643070329,48.551681435279974,49.09890643070329,808200
2015-11-10,48.83250045776367,48.88290240622915,48.58769256333148,48.68129461236725,525700
2015-11-11,48.79648971557617,48.9981029739325,48.77488966838789,48.94770103269331,395200
2015-11-12,48.09086227416992,48.558883436478,48.06926222710024,48.54447974283184,588000
2015-11-13,47.73084259033203,48.07645429947039,47.68044065385773,47.95405038137552,639200
2015-11-16,48.46527862548828,48.47968231994207,47.64444383041787,47.64444383041787,521500
2015-11-17,48.32847595214844,48.73889334512817,48.198870170502225,48.55888562025285,460600
2015-11-18,48.933292388916016,48.96929612618743,48.393269290238955,48.465271271382754,539000
2015-11-19,49.041297912597656,49.113299893455554,48.91889399579934,48.93329219461131,857700
2015-11-20,49.077293395996094,49.35090307460052,48.990887737458756,49.20689364370496,464200
2015-11-23,49.01970672607422,49.20691081145476,48.91890283597701,49.084506872536714,601300
2015-11-24,49.185298919677734,49.286102785503154,48.71728332551632,48.81088534566887,501000
2015-11-25,49.091705322265625,49.20690740580349,49.02689968688838,49.20690740580349,542200
2015-11-27,49.14931106567383,49.19251116204388,48.998105234978794,49.098909122108815,135800
2015-11-30,49.012516021728516,49.250127599578974,48.990915967996884,49.206921998714456,642100
2015-12-01,49.444515228271484,49.46611527398759,49.134901755075845,49.1925055392516,707800
2015-12-02,48.89009475708008,49.473317975087795,48.81809277231606,49.444516082502325,875000
2015-12-03,48.2708740234375,49.06290694475529,48.09086629161982,49.06290694475529,968500
2015-12-04,49.12771224975586,49.19251239593631,48.33567384043927,48.35727938256608,759800
2015-12-07,48.80369186401367,48.98369958289445,48.52288026203162,48.98369958289445,875900
2015-12-08,48.35727310180664,48.63088283914256,48.148463502234776,48.40767504008955,832700
2015-12-09,48.2204704284668,48.918901282967546,47.92525512155418,48.25646867755869,980500
2015-12-10,48.292476654052734,48.65249213693471,48.14847265826006,48.306874856271875,869700
2015-12-11,47.45723342895508,47.92524906177151,47.378029600207874,47.76684140427709,1306900
2015-12-14,47.7452507019043,47.7452507019043,47.10442359365779,47.50044281488887,1143700
2015-12-15,48.335670471191406,48.53008188298126,48.069262564264015,48.17726829376953,748700
2015-12-16,49.012516021728516,49.091719881012004,48.33568503999735,48.58049846689211,1092900
2015-12-17,48.35727310180664,49.09890397656919,48.34286940892623,49.091702130128986,883900
2015-12-18,47.52923583984375,48.24926665792725,47.52203399351114,48.24926665792725,1207300
2015-12-21,47.84096145629883,47.899092755338984,47.49218474946951,47.79736575387162,1279700
2015-12-22,48.34960174560547,48.429530895426545,47.81916334622069,48.073486392218165,812600
2015-12-23,49.07622146606445,49.07622146606446,48.64024785640912,48.69111135180715,1133200
2015-12-24,48.93816375732422,49.08349199777491,48.88003246114395,49.039890753786935,414900
2015-12-28,48.81463623046875,48.82916628186326,48.538520904331335,48.749237139930415,1173100
2015-12-29,49.27967834472656,49.359607491294554,49.11982005159059,49.16342129571302,811100
2015-12-30,48.98175048828125,49.23606790408514,48.93088146141658,49.207002264607,824200
2015-12-31,48.5021858215332,48.91636156859809,48.5021858215332,48.792836732950065,738200
2016-01-04,47.920894622802734,47.920894622802734,47.332330415884556,47.790101960853555,2195500
2016-01-05,48.16067123413086,48.21153472765844,47.74649548863343,47.97901510814594,1176200
2016-01-06,47.52851486206055,47.76829675228973,47.25239398284904,47.506711468671156,1384000
2016-01-07,46.50397872924805,47.208805543856215,46.351388214287454,46.8018975039613,1662200
2016-01-08,45.98080062866211,46.860015668757896,45.89360645879669,46.82368776748771,1629100
2016-01-11,46.03166198730469,46.32957792803877,45.58115556343053,46.23511873667733,1899600
2016-01-12,46.278724670410156,46.49671429094628,45.72649113562312,46.438582986309136,1216600
2016-01-13,45.414031982421875,46.61296353549883,45.32683781713433,46.540302193067966,1274900
2016-01-14,46.24237823486328,46.51849352224999,45.399494007791155,45.61021575752224,1527700
2016-01-15,45.34864044189453,45.493965913915375,44.79640697443873,45.12338582166959,2333500
2016-01-19,45.34136199951172,45.8064011548951,44.97078201691733,45.73373705445894,1635400
2016-01-20,44.694671630859375,45.05071885432315,43.757328135498284,44.68014158013656,2414000
2016-01-21,44.992584228515625,45.414027736398495,44.46941651385186,44.869059403561714,1359600
2016-01-22,45.835472106933594,45.871802775436024,45.421293616078444,45.6974116860311,950700
2016-01-25,45.18877410888672,45.77007589358845,45.152443440305944,45.67561393779656,816600
2016-01-26,45.94447708129883,45.99534058593006,45.39224355736557,45.39224355736557,600800
2016-01-27,45.711952209472656,46.416778938950635,45.414036242595344,45.81367920715962,908100
2016-01-28,46.017127990722656,46.17698348570283,45.58115165532104,46.07525650566482,1749300
2016-01-29,47.13614273071289,47.13614273071289,46.30052327997652,46.34411898470336,2631700
2016-02-01,47.01987075805664,47.2233247311863,46.60569501455554,46.787351139664885,2127800
2016-02-02,46.25692367553711,46.518506213079256,46.10433316900761,46.518506213079256,2017600
2016-02-03,46.721954345703125,46.81641352845576,45.704679007109796,46.562096079733585,1529100
2016-02-04,46.794620513916016,47.01260454517043,46.445838302721704,46.56936314146972,1419000
2016-02-05,46.32231903076172,46.794626137463595,46.12613005283261,46.67836353852523,1520600
2016-02-08,46.10432052612305,46.22784534843458,45.53028656256985,45.85000031312813,1104400
2016-02-09,46.053462982177734,46.35137892533462,45.639287226370655,45.639287226370655,1722500
2016-02-10,45.85728073120117,46.46764552978994,45.81368225564019,46.23512587050403,2287900
2016-02-11,45.29050064086914,45.54481807470221,44.89812279565342,45.20330371625311,2332600
2016-02-12,46.18425750732422,46.18425750732422,45.5738927729771,45.68288479262853,2053300
2016-02-16,46.852752685546875,46.852752685546875,46.344112182332054,46.66382875328392,1018200
2016-02-17,47.441314697265625,47.54304168468487,47.07073464669262,47.12159814040225,1284000
2016-02-18,47.44857406616211,47.56483108383093,47.310513660457836,47.5066998031445,1236500
2016-02-19,47.33232879638672,47.361394447348296,47.070743481438626,47.25239964216891,985600
2016-02-22,47.89909362792969,47.92815927797926,47.67384176967787,47.782836571437294,793100
2016-02-23,47.34685516357422,47.753763110298465,47.25965822768831,47.72469746500316,1126900
2016-02-24,47.48491668701172,47.53578018746246,46.63476723217546,46.95448383141198,955900
2016-02-25,48.015342712402344,48.015342712402344,47.41951091337011,47.601167017266576,776200
2016-02-26,47.75376892089844,48.26967171432803,47.71017321950333,48.26967171432803,906800
2016-02-29,47.375919342041016,48.01535250615333,47.375919342041016,47.76103501756569,650400
2016-03-01,48.32052993774414,48.34232778606159,47.63750112403702,47.775561554987625,905200
2016-03-02,48.68384552001953,48.68384552001953,48.1243470480497,48.25513969059797,706500
2016-03-03,48.880027770996094,48.887295568247644,48.44405417888774,48.65477594954286,892700
2016-03-04,49.06895065307617,49.23607672408798,48.69837061297511,48.88002673447692,1111500
2016-03-07,49.286922454833984,49.35231597403043,48.86547907433614,48.86547907433614,1177600
2016-03-08,48.872764587402344,49.185213338813355,48.78556765315803,49.05442070929933,1146200
2016-03-09,49.18521499633789,49.32326988391267,48.996291070960986,49.10528585651324,1107300
2016-03-10,49.170684814453125,49.46860355817792,48.68384766825989,49.31601305908925,1377900
2016-03-11,49.766510009765625,49.78830785757879,49.48312690078456,49.57032383574217,828300
2016-03-14,49.65026092529297,49.7737857784874,49.47586702744759,49.62119527565207,1527600
2016-03-15,49.568294525146484,49.58293251895185,49.28291505628972,49.34145586599339,1481700
2016-03-16,49.839046478271484,49.94149011393573,49.40731494274981,49.48780716830878,1109100
2016-03-17,50.300045013427734,50.40980765145901,49.75855640396902,49.88295145511662,1450200
2016-03-18,50.4024658203125,50.50490941399702,50.27075183089566,50.46832560639949,1182400
2016-03-21,50.4317512512207,50.51224346779235,50.2049125951145,50.329307626994755,1192200
2016-03-22,50.358585357666016,50.51956981422948,50.15369807940692,50.27077413151513,1101600
2016-03-23,50.05857849121094,50.307368616279284,50.01467008232344,50.29273620182358,772000
2016-03-24,50.065879821777344,50.065879821777344,49.70000813833946,49.80245176308136,772600
2016-03-28,50.07320022583008,50.20491425887964,49.919534784398756,50.18296285049788,784000
2016-03-29,50.46101379394531,50.475651785273485,49.84635214435277,50.000017556750905,709700
2016-03-30,50.636634826660156,50.84152764300863,50.56346161220062,50.709813623878105,819200
2016-03-31,50.51956558227539,50.72445284337136,50.47566276425744,50.62932821007942,740700
2016-04-01,50.74641036987305,50.77568077966662,50.09515910455558,50.20492174559152,873900
2016-04-04,50.57810974121094,50.7244561994596,50.46834710614467,50.702504788998255,635700
2016-04-05,50.117103576660156,50.40248305418215,50.0439303536882,50.30003942546959,857300
2016-04-06,50.51956558227539,50.534197994028325,49.992709435023386,50.146374880845364,776600
2016-04-07,50.05125427246094,50.300044371581485,49.839047997044204,50.19760073279542,730800
2016-04-08,50.226871490478516,50.50493200015033,50.08052502912695,50.3512665409033,866200
2016-04-11,50.131744384765625,50.60737873491895,50.102473977382104,50.3805344733865,859200
2016-04-12,50.60007095336914,50.6732441966678,50.10248508307339,50.17565832637205,728900
2016-04-13,50.97325897216797,50.99521038568447,50.6805604321738,50.85617732306618,893500
2016-04-14,50.936649322509766,51.04641192924071,50.85615711642427,50.936649322509766,717300
2016-04-15,50.90739822387695,50.97325804599012,50.812273572780384,50.92934963699461,839000
2016-04-18,51.265953063964844,51.302542475808984,50.71714538286527,50.76836720979081,821800
2016-04-19,51.55131912231445,51.57327611333181,51.33911845397739,51.40497267875256,783000
2016-04-20,51.43424606323242,51.661084738720184,51.36107283721307,51.55132210831152,1043800
2016-04-21,51.04643630981445,51.404989119145085,50.95862506593805,51.404989119145085,612100
2016-04-22,51.12692642211914,51.1561968355239,50.92203352828585,51.0025257694588,642400
2016-04-25,51.07569885253906,51.07569885253906,50.78300033415651,51.00252003587351,665700
2016-04-26,51.2147216796875,51.30253290207044,51.05373723003181,51.2000892673367,572700
2016-04-27,51.51472473144531,51.602530346460235,51.18543692686587,51.222026321627304,614400
2016-04-28,51.14885711669922,51.5220477579842,50.98787269956616,51.229349325265744,627700
2016-04-29,50.885440826416016,51.02447387015723,50.56347191786144,50.98056546632553,961700
2016-05-02,51.192771911621094,51.243993730630734,50.885440997563265,51.009836046192454,708100
2016-05-03,50.76836013793945,50.900074186366474,50.541521447832785,50.900074186366474,1221500
2016-05-04,50.52688980102539,50.7244580852822,50.4171271618784,50.55615462755551,1118800
2016-05-05,50.49761199951172,50.739083070975056,50.373211382550636,50.629326030654866,585500
2016-05-06,50.6952018737793,50.7171532912045,50.256156776991304,50.35128144675429,555800
2016-05-09,50.68056106567383,50.77568571968784,50.497625173735834,50.70251247946472,637500
2016-05-10,51.265953063964844,51.27327206288576,50.82690803563727,50.84885944963958,586500
2016-05-11,50.98055648803711,51.302525339889094,50.965924077843184,51.19276272377969,653700
2016-05-12,51.0903205871582,51.20008320645372,50.80494112664508,51.14154239846161,566600
2016-05-13,50.57080078125,51.08301906954989,50.468357123590025,51.01716482509446,770700
2016-05-16,51.03178024291992,51.14154286321291,50.57810293375509,50.60737333801714,705300
2016-05-17,50.50492477416992,51.002510487436766,50.33662692597077,50.94397526092684,1791300
2016-05-18,50.40979766845703,50.78298833075397,50.124418215747184,50.43174907516416,865000
2016-05-19,50.314674377441406,50.34394478141217,49.934164708580234,50.21954416884675,723500
2016-05-20,50.5561408996582,50.70249290636736,50.453697286340905,50.512238089024564,577100
2016-05-23,50.44639587402344,50.60738032832181,50.40980646795215,50.55615292671819,484400
2016-05-24,51.03910827636719,51.12691950470069,50.68786894579294,50.702506941895074,902000
2016-05-25,51.441566467285156,51.558642515565595,51.178138380204864,51.2220412004651,699000
2016-05-26,51.441566467285156,51.52937210780562,51.33180383387513,51.492788285175244,500000
2016-05-27,51.62449645996094,51.62449645996094,51.4708254410008,51.5147338390289,489900
2016-05-31,51.59523010253906,51.78547937213458,51.37570484345593,51.726944141437095,712200
2016-06-01,51.68302536010742,51.72693375276117,51.33179171542617,51.4269163311194,698100
2016-06-02,51.84402084350586,51.84402084350586,51.46351671672687,51.60986316946664,665800
2016-06-03,51.829376220703125,51.89523043409344,51.48545599675458,51.74156502009137,1638800
2016-06-06,52.08548355102539,52.17329474878289,51.83668794875807,51.939137137520724,1121600
2016-06-07,52.239158630371094,52.37819165686833,52.180617821029216,52.187936817886666,770300
2016-06-08,52.36354064941406,52.407449036887485,52.25378363762417,52.28304845226316,571100
2016-06-09,52.30502700805664,52.36356224423212,52.06355031701855,52.202577783540065,742200
2016-06-10,51.9903678894043,52.15134673886491,51.81474546366017,51.9903678894043,753100
2016-06-13,51.57327651977539,51.99037002824874,51.56595752271192,51.79279618684825,715600
2016-06-14,51.53668212890625,51.580584941519604,51.25862167775756,51.47082232722775,785000
2016-06-15,51.4561882019043,51.77815703769147,51.39764739853239,51.63912402537277,929900
2016-06-16,51.704994201660156,51.748897021620905,51.01715358089156,51.26594367101502,913600
2016-06-17,51.64644241333008,51.72693462132905,51.375695387991875,51.72693462132905,976500
2016-06-20,51.94647216796875,52.29039252386196,51.91720175653526,52.22453828520674,856200
2016-06-21,52.09991455078125,52.247462320656396,51.90809794707425,52.07040387108889,857900
2016-06-22,52.0113639831543,52.3581073102822,51.98185331397483,52.15891170046698,773800
2016-06-23,52.704864501953125,52.704864501953125,52.33598948305051,52.46140563861674,579700
2016-06-24,50.9932861328125,51.94498438488366,50.904754099392065,51.074439089634666,3624600
2016-06-27,50.31455612182617,50.72770001801921,50.07847630768161,50.72770001801921,2837900
2016-06-28,51.037567138671875,51.037567138671875,50.55064922788724,50.8457504803093,2069900
2016-06-29,51.84907531738281,51.908096675321495,51.391673864824256,51.40642639001568,1364800
2016-06-30,52.719635009765625,52.719635009765625,51.86384760085156,52.01139540730942,1079100
2016-07-01,52.74176788330078,52.81554178829976,52.6679939783018,52.682752136454496,1060900
2016-07-05,52.446632385253906,52.60893824741322,52.32121626579789,52.549922539106234,992800
2016-07-06,52.72701644897461,52.73439552820423,52.055660953785825,52.336009678628734,2100600
2016-07-07,52.535186767578125,52.91144091479344,52.34337015527016,52.76388750971543,929700
2016-07-08,53.28031539916992,53.331957683233064,52.80077668796256,52.904061256088845,893200
2016-07-11,53.47212600708008,53.60492124099133,53.32457262018636,53.39097305143508,983000
2016-07-12,53.804115295410156,53.92953146219568,53.61229869241744,53.64918844904217,777600
2016-07-13,53.94429397583008,53.959046502520245,53.68607691576214,53.722966675368156,1302800
2016-07-14,54.16561508178711,54.29841033495942,54.04019890617632,54.23938897164128,1945800
2016-07-15,54.14347839355469,54.33529499203333,53.9442883467939,54.33529499203333,1389400
2016-07-18,54.12873077392578,54.23201534510085,54.04019872923845,54.17299398197596,690000
2016-07-19,54.06970977783203,54.12873114135757,53.981177732543735,54.12873114135757,829600
2016-07-20,54.239402770996094,54.3574455276643,54.1434972526445,54.32055575905837,523700
2016-07-21,54.113975524902344,54.28366054585215,53.9811802650334,54.254149862704914,1127000
2016-07-22,54.37220001220703,54.37220001220703,54.084477818222474,54.150878278382024,568800
2016-07-25,54.22463607788086,54.33529972620617,54.032819462689446,54.33529972620617,568900
2016-07-26,54.22463607788086,54.36481040766539,53.995935332305656,54.217257000369315,554800
2016-07-27,53.97380828857422,54.23201973742478,53.767233500906336,54.20988813160722,1273000
2016-07-28,53.87789535522461,53.95166924834298,53.627062992904705,53.86314282803584,795100
2016-07-29,53.959041595458984,54.05494708169103,53.693451110492425,53.789362225311024,578800
2016-08-01,53.804115295410156,54.01068442390081,53.700830731164835,54.01068442390081,1111300
2016-08-02,53.52376937866211,53.811491453249346,53.295063031451676,53.796733299965425,698900
2016-08-03,53.59016418457031,53.597543261212536,53.361463465938115,53.52376938054921,610500
2016-08-04,53.63444900512695,53.73773360540271,53.56805417434478,53.65658624397625,550200
2016-08-05,53.9147834777832,53.93691508218748,53.730345936298114,53.82625143157901,819600
2016-08-08,53.90739059448242,54.01067514097602,53.840995798273234,54.01067514097602,786500
2016-08-09,53.88528060913086,54.040207491012424,53.81150670755695,53.951675431971005,721600
2016-08-10,53.74510955810547,53.96643690501293,53.64920404302597,53.94430529603983,670900
2016-08-11,54.02544403076172,54.06232815979168,53.76722698461818,53.92215383515225,567800
2016-08-12,53.94429397583008,54.0328203931452,53.8557619299279,54.003309711177806,517600
2016-08-15,54.032814025878906,54.18036741832808,54.03281402587891,54.069703781137804,538000
2016-08-16,53.73035430908203,53.94430256597468,53.73035430908204,53.93692348716102,558500
2016-08-17,53.892642974853516,53.914774575603516,53.531141400649645,53.74508958887658,616000
2016-08-18,54.06970977783203,54.08446230441991,53.84838247890479,53.91478292001777,545800
2016-08-19,53.9147834777832,53.96642576425555,53.752477540702394,53.96642576425555,472900
2016-08-22,53.88528060913086,53.95905451070476,53.686084883434624,53.8779015303971,554300
2016-08-23,53.97380828857422,54.143487685567116,53.951671054169225,54.06233471184444,624900
2016-08-24,53.81888198852539,53.95905634629582,53.70822394669409,53.95905634629582,823200
2016-08-25,53.82625961303711,53.9295442016808,53.67133273007158,53.781996397500656,614500
2016-08-26,53.64181900024414,54.195131677410366,53.450002362821984,53.87789885069156,831400
2016-08-29,54.00331115722656,54.054953444905564,53.671325826231154,53.71558903607395,528000
2016-08-30,53.892642974853516,54.07708048588506,53.76722118962658,54.01805913149429,671900
2016-08-31,53.7967529296875,53.86315338652121,53.54592051819836,53.85577430718672,615700
2016-09-01,53.789363861083984,53.86313774724342,53.46475200767839,53.81149546407315,712800
2016-09-02,54.04018783569336,54.13609330999822,53.88526101016126,54.01805623612961,901100
2016-09-06,54.22463607788086,54.22463607788086,53.94429304689877,54.113972429555545,934300
2016-09-07,54.217262268066406,54.239393874164364,54.05495631856472,54.20988881842543,612700
2016-09-08,54.19511795043945,54.27627090615577,54.07708086940693,54.18036542603021,540300
2016-09-09,52.859806060791016,53.870520291866164,52.859806060791016,53.870520291866164,1871600
2016-09-12,53.59016418457031,53.686069666574,52.57944457086522,52.697487282795585,1407500
2016-09-13,52.753173828125,53.23592258319369,52.57493013893176,53.23592258319369,1544900
2016-09-14,52.60462188720703,53.06508507891153,52.470937745620546,52.79029399128476,967900
2016-09-15,53.109657287597656,53.21363322638362,52.48579598861813,52.57492065026198,730700
2016-09-16,52.91655731201172,53.02796172381608,52.71603390377489,53.013104780234826,737900
2016-09-19,52.946266174316406,53.2804737475144,52.87942125991851,53.10223008622639,936500
2016-09-20,52.938819885253906,53.25817607347141,52.938819885253906,53.221045059092866,738000
2016-09-21,53.52555465698242,53.562691344802765,52.9536870618851,53.117073756010754,819900
2016-09-22,53.80777359008789,53.89689824005699,53.67408944826571,53.79292231489118,1017800
2016-09-23,53.5478401184082,53.74836918801997,53.51813189823373,53.74094071641044,634900
2016-09-26,53.087379455566406,53.40673575515815,53.05767123394579,53.40673575515815,644400
2016-09-27,53.38445281982422,53.466149016511054,52.98340030870631,53.0948047283942,579500
2016-09-28,53.696372985839844,53.733504005666795,53.14677949627855,53.46613573135664,435100
2016-09-29,53.228477478027344,53.71865455297566,53.06508511971124,53.65923811972199,928200
2016-09-30,53.577552795410156,53.75579646502049,53.44386862663639,53.466148377054665,737400
2016-10-03,53.414154052734375,53.51070718141831,53.28046989985644,53.48842176738581,1597500
2016-10-04,53.05766296386719,53.488417944564745,52.879413661927146,53.443858452211245,922000
2016-10-05,53.33989715576172,53.4438731106134,53.13194524605835,53.24334967376075,581300
2016-10-06,53.354736328125,53.4067299600172,53.08737369507866,53.27304581036238,488200
2016-10-07,53.265625,53.4958566428601,53.03539335713991,53.44386866975414,677700
2016-10-10,53.42900085449219,53.6072444690773,53.39186417108338,53.466131871638645,450100
2016-10-11,52.86454772949219,53.36957594577361,52.64916746572761,53.36214747701995,876500
2016-10-12,52.88684844970703,53.0205326089982,52.70860479274004,52.879419978006496,575400
2016-10-13,52.730892181396484,52.88685611212211,52.329839645417216,52.56749977789406,1116700
2016-10-14,52.753173828125,53.102238399732585,52.73089407525893,52.96112574322789,604500
2016-10-17,52.62690353393555,52.80514717373457,52.574915569566535,52.708599715981585,746800
2016-10-18,52.82742691040039,52.99081927446146,52.70117123499434,52.95368825206958,450800
2016-10-19,52.84972381591797,52.938842822048585,52.708611167858656,52.87200356745062,543700
2016-10-20,52.686336517333984,52.84230045942712,52.50066434823288,52.76803272503967,545000
2016-10-21,52.686336517333984,52.745747305085,52.508087155286184,52.59721183631009,336300
2016-10-24,52.90171432495117,53.01311308794913,52.77545294977907,52.90171432495117,504200
2016-10-25,52.90171432495117,53.05767825941296,52.8422978738425,52.90171432495117,908600
2016-10-26,52.97599792480469,53.1319619059859,52.72348076508296,52.79774851808358,514900
2016-10-27,52.894264221191406,53.20619196255393,52.84970473421457,53.20619196255393,667400
2016-10-28,52.790321350097656,53.13938599327013,52.619500432661766,52.91657708639999,906800
2016-10-31,52.894264221191406,53.04279962195575,52.86455600778607,52.87940728135757,479300
2016-11-01,52.537784576416016,53.020533250040984,52.233285228176854,52.96111680824572,949000
2016-11-02,52.20357894897461,52.48579855860356,52.09960300509742,52.47094728073424,824300
2016-11-03,52.11445236206055,52.35954093485038,52.0327561711306,52.24813652301284,666900
2016-11-04,51.96592712402344,52.292711951886844,51.95849865077248,52.12931953795514,797400
2016-11-07,53.020530700683594,53.042810448719614,52.52293077366752,52.64175798528079,1618200
2016-11-08,53.28047561645508,53.45872495025944,52.98339905971184,52.99082753185303,769000
2016-11-09,53.97118377685547,54.201421115430826,52.975983688306215,53.06510270145103,2227000
2016-11-10,54.156856536865234,54.39451668496733,53.807791954844845,54.231124270722475,1410500
2016-11-11,54.1048698425293,54.14943501691479,53.81522170721615,54.02317363346508,899400
2016-11-14,54.21626663208008,54.3722305547686,54.038022958473796,54.26082613391559,1748800
2016-11-15,54.617305755615234,54.62473422618782,54.17911665203806,54.25339002523824,1315500
2016-11-16,54.424224853515625,54.58018879432837,54.29054066620972,54.58018879432837,850100
2016-11-17,54.58018112182617,54.60988934441407,54.44649695331265,54.46877670368756,602500
2016-11-18,54.54304122924805,54.66929690503018,54.45391657596841,54.66929690503018,1034100
2016-11-21,54.914398193359375,54.914398193359375,54.654452644212355,54.66188111694171,1270500
2016-11-22,55.11491775512695,55.16690572805132,54.92181714158041,55.06292978220259,1087100
2016-11-23,55.07777404785156,55.10747659731597,54.90695322398599,54.98122093017255,941700
2016-11-25,55.35258483886719,55.36001331201001,55.144632920986375,55.144632920986375,501200
2016-11-28,55.2188835144043,55.389704346080016,55.166895551070475,55.308008165660716,974200
2016-11-29,55.24861526489258,55.36001970985059,55.08522283445622,55.218907035152746,1117100
2016-11-30,55.129764556884766,55.44169233704315,55.129764556884766,55.38970437368342,1139500
2016-12-01,55.018367767333984,55.30058736941777,54.92924310370887,55.226319649528754,1143900
2016-12-02,55.05549621582031,55.18918037186545,54.95894875111242,55.06292468734047,1413100
2016-12-05,55.32285690307617,55.41198155024391,55.19660123595229,55.28572588312003,1450100
2016-12-06,55.54566192626953,55.56794166998697,55.24858545542477,55.411977797702505,1184400
2016-12-07,56.30320739746094,56.30320739746094,55.47882279663533,55.54566770099947,1399500
2016-12-08,56.38489532470703,56.57056740283075,56.184371973488766,56.29577635361542,1504100
2016-12-09,56.76367950439453,56.76367950439453,56.3849068013728,56.45175170955937,1672200
2016-12-12,56.875091552734375,57.03848394330662,56.778538413070365,56.79339535744825,1367200
2016-12-13,57.23157501220703,57.31327120195758,56.98649210921905,57.07561110439153,1544300
2016-12-14,56.62256622314453,57.23899900070313,56.48888207459282,57.14245154140705,1722900
2016-12-15,56.91222381591797,57.12018137787163,56.51859977532515,56.66714089100634,1610800
2016-12-16,56.934513092041016,57.105328303822155,56.815680191441466,57.090477024379496,1385200
2016-12-19,57.120155334472656,57.14243507510054,56.92705480526158,57.00132249610842,1092900
2016-12-20,57.31325912475586,57.350395809094636,57.187003464024,57.216711678242525,1369500
2016-12-21,57.17958450317383,57.365256623221,57.17216169808161,57.30584585116611,1055600
2016-12-22,57.15486145019531,57.207303746842605,57.064957920607824,57.16235483993969,1075000
2016-12-23,57.22977066040039,57.22977066040039,57.10990501919075,57.17732837066226,759800
2016-12-27,57.30467224121094,57.387082348395886,57.274704409891015,57.289691183440674,1178800
2016-12-28,56.85519790649414,57.37962095757246,56.82523005846358,57.35714650049519,1020800
2016-12-29,56.92262268066406,56.99753943717297,56.81024468800963,56.92262268066406,1674600
2016-12-30,56.76528549194336,57.020009302507255,56.57799075785702,57.0050225229426,1199600
2017-01-03,57.06496810913086,57.222295027162275,56.787775512696655,57.10992273984174,2994500
2017-01-04,57.22977066040039,57.37211646788143,57.192309432395625,57.22977066040039,1690800
2017-01-05,57.102420806884766,57.237273247279674,56.93760052242633,57.22977985731834,1336900
2017-01-06,57.117401123046875,57.23727249773117,56.870176415378566,57.12489451291008,1226600
2017-01-09,56.757808685302734,57.04249467794111,56.757808685302734,57.02751361128973,2535300
2017-01-10,56.660396575927734,56.93759481891158,56.61544767222596,56.7952490028143,933800
2017-01-11,56.82524871826172,56.86270996954677,56.53306924874856,56.67541514469041,984600
2017-01-12,56.705360412597656,56.80275162504239,56.33077091211181,56.787770559967115,1037300
2017-01-13,56.757808685302734,56.88516775707916,56.65292407139477,56.75031529408566,1204200
2017-01-17,56.6004638671875,56.73531628754021,56.48808589759674,56.63042599101613,2606300
2017-01-18,56.69038391113281,56.705370694707746,56.52556358650782,56.63794160018697,781500
2017-01-19,56.48059844970703,56.765284382271695,56.33825262553391,56.69786102289384,1012000
2017-01-20,56.71284866333008,56.8477011135061,56.53304730168947,56.675393142370325,1040400
2017-01-23,56.50308609008789,56.66790640585437,56.33826577432141,56.66790640585437,1434100
2017-01-24,56.82524871826172,56.94512014974632,56.458152461962904,56.503101390877404,967500
2017-01-25,57.297218322753906,57.312199389349196,57.0275133977767,57.13988568669824,1645700
2017-01-26,57.17733383178711,57.27472503180829,57.06495585282025,57.23726951600696,805800
2017-01-27,57.16984939575195,57.25225954551524,57.09493263663506,57.23727848000479,1013500
2017-01-30,56.81022644042969,57.00500880163185,56.60045730327025,57.00500880163185,1963600
2017-01-31,56.74281311035156,56.83271664367725,56.503076070598276,56.65291529280776,961700
2017-02-01,56.48059844970703,56.84020684706696,56.36073279444143,56.82522006779528,1553100
2017-02-02,56.6004638671875,56.61544492910181,56.33824669954874,56.413169156463226,806300
2017-02-03,57.03498458862305,57.0649524289349,56.75779206835525,56.9151189431567,1269000
2017-02-06,56.907615661621094,57.012500226589495,56.81771215631385,56.94507688444414,644600
2017-02-07,56.87019348144531,57.04999488164626,56.810257776117176,56.96758471576594,566800
2017-02-08,56.907615661621094,56.93009010900288,56.74279542644787,56.87016015457816,707300
2017-02-09,57.207313537597656,57.297217082571706,56.907640770133455,57.03499983867639,889300
2017-02-10,57.38710403442383,57.4545331093193,57.237270536982976,57.29720622227194,761200
2017-02-13,57.694278717041016,57.76919547690573,57.469522721664475,57.51447163442682,845300
2017-02-14,57.91152572631836,57.91152572631837,57.50696847305593,57.66429534113895,825100
2017-02-15,58.19622039794922,58.241169305384126,57.82163092724043,57.87407322450839,677900
2017-02-16,58.21120834350586,58.271144037692416,58.031406976728576,58.18124621219497,979400
2017-02-17,58.27113342285156,58.28612020155936,57.95647965936397,58.09133208882742,813400
2017-02-21,58.61574935913086,58.683178425232065,58.36103130354605,58.39099914228205,990700
2017-02-22,58.55583572387695,58.64573354936932,58.45843879188371,58.53335555172147,758700
2017-02-23,58.76559829711914,58.818040594657745,58.50338109364438,58.72813706354225,871800
2017-02-24,58.86299514770508,58.88546960369398,58.600783634864115,58.61576470026261,888700
2017-02-27,58.89295959472656,58.930420829733826,58.75810715079515,58.84801068534341,1008300
2017-02-28,58.77308654785156,58.87797114395783,58.66071427758185,58.76559887368812,771100
2017-03-01,59.50727844238281,59.64962425809544,59.11021455200679,59.140182392987406,1314000
2017-03-02,59.18512725830078,59.492293320557906,59.14766603068573,59.492293320557906,920400
2017-03-03,59.19265365600586,59.23010918872731,59.03532670069411,59.18516026314796,766200
2017-03-06,59.05778503417969,59.155176251597716,58.675702123754,58.9454070351389,921700
2017-03-07,58.840518951416016,59.02781370016035,58.79557004076765,58.94540355345027,741700
2017-03-08,58.668209075927734,58.915439532106326,58.62326016236163,58.915439532106326,709700
2017-03-09,58.728145599365234,58.81055575258688,58.4809151397003,58.69068436034355,1846700
2017-03-10,58.9903678894043,59.0577969887909,58.75063077695432,59.035322527589905,902800
2017-03-13,58.95290756225586,59.03531772380943,58.81805509023938,59.00534987271875,641000
2017-03-14,58.728145599365234,58.84801699160857,58.57831207484365,58.81055575258688,1895600
2017-03-15,59.267539978027344,59.387405623231395,58.848001646141526,58.89295054862041,901900
2017-03-16,59.17015075683594,59.3349653100139,59.04278600259752,59.3349653100139,854600
2017-03-17,59.13270950317383,59.33498535518888,59.12521611138565,59.305023219602596,721300
2017-03-20,58.9903678894043,59.1402071570503,58.92294450580131,59.13271376472209,654400
2017-03-21,58.39100646972656,59.19262768022186,58.33856417430282,59.170153227294755,1429700
2017-03-22,58.458946228027344,58.534405184131856,58.17974175757639,58.40612438303925,972400
2017-03-23,58.39103317260742,58.70042239831021,58.27029998592686,58.413676042437885,692800
2017-03-24,58.315547943115234,58.59475230709316,58.1042606437361,58.48910865740359,1388500
2017-03-27,58.21747589111328,58.29293484952095,57.82508009595421,57.91563430033311,818000
2017-03-28,58.57966232299805,58.67776411875925,58.08917637278261,58.18727241139617,1130500
2017-03-29,58.572113037109375,58.62493485999945,58.41364756843914,58.54192831586548,1244500
2017-03-30,58.76832580566406,58.828695269432444,58.511764220371866,58.579675549249586,559200
2017-03-31,58.59475326538086,58.81358818821593,58.59475326538086,58.685301676797295,814200
2017-04-03,58.451385498046875,58.66267283061986,58.142002120250154,58.64003572457962,892000
2017-04-04,58.572113037109375,58.57965489956016,58.2702715818174,58.42873705048763,511000
2017-04-05,58.37590789794922,59.04750202914673,58.330633700341444,58.77584532920771,804000
2017-04-06,58.46649169921875,58.6324990936799,58.27784143732512,58.4136698561745,1048500
2017-04-07,58.39855194091797,58.61738685062082,58.353277737926646,58.47401086495246,741400
2017-04-10,58.39855194091797,58.64002395211648,58.25517595524961,58.48910610404749,607200
2017-04-11,58.39855194091797,58.39855194091797,57.98351922300793,58.34573011837913,698200
2017-04-12,58.20991134643555,58.36837684017039,58.10426768394566,58.33819211415216,1617300
2017-04-13,57.764678955078125,58.20989055121458,57.75713133698296,58.13443164170027,785900
2017-04-17,58.15707778930664,58.16462540857637,57.802414526535976,57.855236347130756,629600
2017-04-18,58.02878952026367,58.126885529459,57.84768698130848,57.983509567665436,631700
2017-04-19,57.809967041015625,58.17971981648887,57.74959759603917,58.15708271390949,749300
2017-04-20,58.12690353393555,58.24764243540114,57.81752017393844,57.91561621351846,642200
2017-04-21,57.96089172363281,58.11181535385152,57.86279568185152,58.066535386211996,545700
2017-04-24,58.57966232299805,58.670216498205086,58.398559729731616,58.52684049341419,666000
2017-04-25,58.86642074584961,58.96451679515035,58.72304472543844,58.79096180352993,621400
2017-04-26,58.76076889038086,59.092789341769915,58.76076889038086,58.84377544251499,764900
2017-04-27,58.76832580566406,58.858880001316635,58.60231841602444,58.858880001316635,610800
2017-04-28,58.54946517944336,58.79094292877743,58.489101499256265,58.79094292877743,534400
2017-05-01,58.51175308227539,58.677766197462276,58.42119890386041,58.677766197462276,622300
2017-05-02,58.46649169921875,58.59477249559063,58.37593750093613,58.557040140352264,503800
2017-05-03,58.451385498046875,58.51175495225288,58.240098165473896,58.36837893780063,735400
2017-05-04,58.451385498046875,58.57212440645888,58.23255054441113,58.57212440645888,672300
2017-05-05,58.700382232666016,58.700382232666016,58.44381503115725,58.51173207987707,689600
2017-05-08,58.64003372192383,58.72304027933526,58.54193768005023,58.700403174068114,740300
2017-05-09,58.44380569458008,58.692825238194835,58.338162086466816,58.67773576152645,602100
2017-05-10,58.51931381225586,58.549492788006866,58.40612250316762,58.44384910143095,645100
2017-05-11,58.33064270019531,58.4211911093816,58.08162306063886,58.4211911093816,2546700
2017-05-12,58.16462326049805,58.240082178968585,58.09670620387206,58.240082178968585,1370000
2017-05-15,58.50420379638672,58.519299037600184,58.27782699251385,58.27782699251385,654200
2017-05-16,58.481563568115234,58.60230246278337,58.398557017317735,58.526837775042104,628200
2017-05-17,57.636409759521484,58.19481852309855,57.62132027595203,58.07407962595297,1173700
2017-05-18,57.70432662963867,57.92316156210044,57.40248514496218,57.56095062905916,1152700
2017-05-19,58.06654739379883,58.23256054279536,57.79489056037704,57.84017053738001,609700
2017-05-22,58.323097229003906,58.391008538395475,58.164631749942956,58.209905956204004,670300
2017-05-23,58.48910903930664,58.579657449833434,58.3910072517064,58.44382907689609,685700
2017-05-24,58.541927337646484,58.62493388039344,58.398551353420515,58.57965392071077,542000
2017-05-25,58.753211975097656,58.84376613323095,58.62493123560207,58.69284253634213,817000
2017-05-26,58.753211975097656,58.790944313606495,58.67775305522652,58.72302725571989,589900
2017-05-30,58.738136291503906,58.81360099364475,58.59476602316295,58.62495075258959,881700
2017-05-31,58.76076889038086,58.84377544251499,58.624940510265695,58.836227822189855,602500
2017-06-01,59.22862243652344,59.22862243652344,58.80604777903788,58.88150671685346,530300
2017-06-02,59.33427047729492,59.402187556341936,59.15316786175012,59.304085748512726,613500
2017-06-05,59.31162643432617,59.37199588483119,59.24371512036879,59.326721675526265,464400
2017-06-06,59.183353424072266,59.28899709772365,59.092799236450325,59.1909010456612,529900
2017-06-07,59.183353424072266,59.28899709772365,59.01734029200626,59.24372288248689,665400
2017-06-08,59.19842529296875,59.38707547651186,59.08523978856026,59.175788192087055,472100
2017-06-09,59.56064987182617,59.57573935683422,59.236171251246795,59.24371887232484,730000
2017-06-12,59.74174118041992,59.83984296443918,59.583275710635284,59.583275710635284,766700
2017-06-13,59.847408294677734,59.9077777612625,59.711579873436605,59.832318806606146,804500
2017-06-14,59.86248779296875,59.97567907375274,59.673837577378016,59.97567907375274,526900
2017-06-15,59.847408294677734,59.86250353989853,59.55311434151349,59.59839432002667,560100
2017-06-16,60.01342010498047,60.01342010498047,59.658756693175505,59.87759168678174,369600
2017-06-19,60.26997756958008,60.26997756958008,60.09641682478708,60.14169103771215,471500
2017-06-20,59.900184631347656,60.17938888432355,59.88509515473983,60.17938888432355,510000
2017-06-21,59.63611602783203,59.930409956860295,59.545567592530254,59.930409956860295,446300
2017-06-22,59.62103271484375,59.77949825017995,59.560663246958725,59.63612220324035,452000
2017-06-23,59.73961639404297,59.80804967010815,59.54953233961354,59.65597894602162,866000
2017-06-26,59.83087158203125,60.028554864124395,59.78524745462757,59.906904059829095,1728100
2017-06-27,59.40506362915039,59.83845501952507,59.38985945795509,59.79283670503448,536700
2017-06-28,59.73202896118164,59.8612905648678,59.64079230082281,59.67880564233676,1375800
2017-06-29,59.32143783569336,59.91450504506938,59.047722094088975,59.86128173407605,1076100
2017-06-30,59.42790603637695,59.625589357746996,59.33666356434722,59.55716185440522,775600
2017-07-03,59.68640899658203,59.95252558351924,59.541943220427605,59.610376514729474,328200
2017-07-05,59.678802490234375,59.777649934944456,59.4659092260994,59.77004494668067,556300
2017-07-06,59.184574127197266,59.56474227282697,59.108541658252435,59.526728938807324,631800
2017-07-07,59.3974723815918,59.45069568924488,59.16176418978058,59.26821080508675,619800
2017-07-10,59.359474182128906,59.47352582472522,59.321455034294296,59.382283350466665,2172400
2017-07-11,59.2606201171875,59.359461759601764,58.98689855260277,59.35185677144488,574900
2017-07-12,59.6331787109375,59.739625333273885,59.54193626283238,59.54193626283238,568300
2017-07-13,59.701602935791016,59.73201708349835,59.52672883760576,59.65598461468278,505100
2017-07-14,59.94491195678711,60.081772724762196,59.686400395559545,59.72441953146039,525800
2017-07-17,59.94491195678711,60.0133452412275,59.884089460613716,59.93731277033149,472700
2017-07-18,59.92210006713867,59.92210006713867,59.724416811991425,59.846067599704696,501100
2017-07-19,60.180625915527344,60.19583009079893,59.95252268010984,59.975331843470336,611200
2017-07-20,60.302268981933594,60.38590643745988,60.17301320554042,60.21863152640731,1630300
2017-07-21,60.18821334838867,60.18821334838868,59.975314350339474,60.12738506323176,770700
2017-07-24,60.013343811035156,60.173013736383346,59.937311341951094,60.16540874920327,1066700
2017-07-25,60.21105194091797,60.317498591529656,60.119809468576214,60.26427526622381,644100
2017-07-26,60.195838928222656,60.39352804121372,60.135010616393544,60.34790970779544,811200
2017-07-27,60.461944580078125,60.461944580078125,60.17301885263039,60.26426130383254,600200
2017-07-28,60.27946472167969,60.446739646330215,60.02095314787868,60.34029302171733,880900
2017-07-31,60.385894775390625,60.51515052682118,60.30225733601687,60.35548063371795,1547800
2017-08-01,60.461944580078125,60.575996193854294,60.38591210452935,60.537982856532935,639500
2017-08-02,60.370697021484375,60.39350617993705,60.20342212495814,60.39350617993705,668100
2017-08-03,60.35548400878906,60.42391728160544,60.28705653687739,60.35548400878906,483200
2017-08-04,60.446720123291016,60.53035755860312,60.36308268797892,60.46952927821175,729000
2017-08-07,60.46955490112305,60.4847648781179,60.40112740736589,60.46955490112305,987800
2017-08-08,60.370697021484375,60.70524101363187,60.29466455967381,60.40871035193717,918500
2017-08-09,60.35548400878906,60.37829896699766,60.21102407889617,60.27945155080785,579000
2017-08-10,59.815635681152344,60.24902699776016,59.800431512544925,60.18820452242677,758300
2017-08-11,59.754825592041016,59.937310476293845,59.701602284360305,59.830863860932425,500800
2017-08-14,60.264244079589844,60.340276533407625,59.92208933605325,60.07416004459319,819400
2017-08-15,60.271854400634766,60.3630968426174,60.19582193276864,60.35549185555915,535600
2017-08-16,60.31749725341797,60.4771672257933,60.249063950452964,60.33270143135061,496100
2017-08-17,59.45069885253906,60.22623934830748,59.44309386506812,60.16541105035151,745100
2017-08-18,59.32143783569336,59.65598767674047,59.1997870395254,59.31383864905562,822200
2017-08-21,59.42790603637695,59.56476104306051,59.18459277763099,59.34426855390987,596400
2017-08-22,59.89167022705078,59.95249850542179,59.557126297818066,59.579935451981214,772300
2017-08-23,59.724403381347656,59.86126411231415,59.70158842543314,59.724403381347656,501700
2017-08-24,59.709205627441406,59.891684705764526,59.6711922949478,59.82325722673285,536100
2017-08-25,59.89927673339844,60.08936075745766,59.868862593440475,59.868862593440475,549300
2017-08-28,59.85367965698242,60.03615876056053,59.73202305399294,59.99054043489253,597100
2017-08-29,59.868900299072266,59.944932796400664,59.54956032974837,59.57236949885612,714400
2017-08-30,60.020973205566406,60.119814875478795,59.78526491437852,59.87650739492621,528800
2017-08-31,60.27946472167969,60.38591134629257,60.16541310933561,60.16541310933561,591100
2017-09-01,60.446720123291016,60.537962543878066,60.24903111247113,60.37829265852881,442500
2017-09-05,59.99813461303711,60.3326786091717,59.7852355961632,60.28706029172268,1225500
2017-09-06,60.23382568359375,60.32506230136933,60.05134664713861,60.24902985292169,702700
2017-09-07,60.264244079589844,60.31746737735273,60.142587512757885,60.302257406046536,457800
2017-09-08,60.256649017333984,60.3174773107675,60.13499243046695,60.180616550994756,343600
2017-09-11,60.9029426574707,60.94096179669564,60.53037945687239,60.53037945687239,632700
2017-09-12,61.15385055541992,61.161455542886685,61.00178561151918,61.01698978554695,1034600
2017-09-13,61.22225570678711,61.22225570678711,61.077795803050314,61.09299997153179,479400
2017-09-14,61.374366760253906,61.3743667602539,60.91816599403221,61.123454308514354,462100
2017-09-15,61.51880645751953,61.541615616016585,61.32872240217073,61.35913074623013,522900
2017-09-18,61.73929214477539,61.76210710169707,61.53400393971535,61.594832223031055,569200
2017-09-19,61.898990631103516,61.91419480707872,61.73171569084366,61.77733401967579,492500
2017-09-20,61.90816116333008,61.96178096542021,61.65537959171079,61.91582280480584,771200
2017-09-21,61.75495147705078,61.93112828814257,61.73962819705733,61.90048757227465,494300
2017-09-22,61.816246032714844,61.89285076794996,61.70135061810373,61.731985499252836,587700
2017-09-25,61.992427825927734,62.04604763332751,61.73198458704261,61.839230045962864,1091000
2017-09-26,61.90816116333008,62.08434385255203,61.87752044154712,62.03837984781754,665700
2017-09-27,61.90816116333008,62.04604148929331,61.670702874662325,62.03837984781754,598100
2017-09-28,62.015411376953125,62.061369545429905,61.76262976208859,61.83923450171138,460900
2017-09-29,62.09965896606445,62.114976404322306,61.89284140692393,62.03072172772424,466000
2017-10-02,62.452022552490234,62.45968419417784,62.06902228579362,62.13030373105394,816100
2017-10-03,62.574607849121094,62.574607849121094,62.39842509194191,62.52098802634871,479800
2017-10-04,62.64354705810547,62.651208702773935,62.42906776036872,62.520989964022704,619700
2017-10-05,62.888641357421875,62.90396464048879,62.65884470849965,62.69714122792661,783000
2017-10-06,62.75843811035156,62.827375368750545,62.628219392850184,62.78907883990276,842200
2017-10-09,62.75843811035156,62.89631847127114,62.68183920853437,62.84269865558694,490000
2017-10-10,63.10312271118164,63.10312271118165,62.911622575180594,62.926945858768086,507700
2017-10-11,63.15674591064453,63.156745910644524,63.034188855958085,63.05716793845425,548800
2017-10-12,63.072486877441406,63.17207069611862,62.98057054527268,63.06483107917456,737500
2017-10-13,63.08782958984375,63.27166815491433,63.04952721023118,63.17209014969331,538000
2017-10-16,63.11845016479492,63.21802813821092,63.03418963185802,63.14909088987386,577200
2017-10-17,63.179725646972656,63.19504308600486,63.018860394473414,63.118444202603435,420700
2017-10-18,63.2793083190918,63.35590720819233,63.179730347673164,63.294625759263646,595900
2017-10-19,63.45550537109375,63.463167015677925,63.11846898298261,63.16442716224265,528700
2017-10-20,63.76953887939453,63.76953887939453,63.509101525785304,63.601017841591016,815200
2017-10-23,63.61635971069336,63.8921204269202,63.58571898176577,63.82317732580275,544900
2017-10-24,63.63933563232422,63.76955434070113,63.57805417751584,63.708272885892754,809400
2017-10-25,63.2486572265625,63.57803765540953,62.957579158047324,63.539735295077676,915200
2017-10-26,63.38655471801758,63.55507579855086,63.36357563323963,63.424857088728324,1246200
2017-10-27,63.57805252075195,63.654651415205755,63.36357327863288,63.539750151464524,685200
2017-10-30,63.164405822753906,63.53974446285885,63.10312437502886,63.53974446285885,670100
2017-10-31,63.179725646972656,63.27164196940628,63.110782561027236,63.225683808189466,555100
2017-11-01,63.33292770385742,63.53974528746281,63.2639846132419,63.394209152377755,569000
2017-11-02,63.41717529296875,63.44015437044437,63.03417508405659,63.33291477947852,676500
2017-11-03,63.440162658691406,63.50144410271222,63.271641609694235,63.39420449773587,731900
2017-11-06,63.33292770385742,63.4478289588029,63.317610263787635,63.440167316707715,788900
2017-11-07,63.36356735229492,63.46314532135933,63.210363733595266,63.39420807603485,648500
2017-11-08,63.50144958496094,63.50911122715503,63.24866798964188,63.325266879220806,611800
2017-11-09,63.28697204589844,63.317612771372076,62.91928918433559,63.195049869477515,803100
2017-11-10,63.21037292480469,63.24101365299998,63.0341960428334,63.15675311149325,556300
2017-11-13,63.28697204589844,63.30228948657484,63.04185208623014,63.064831169305165,547100
2017-11-14,63.225677490234375,63.225677490234375,62.873317986501924,63.08013553543111,878200
2017-11-15,62.888641357421875,63.07247984538368,62.76608431348739,62.942261159915745,763900
2017-11-16,63.36356735229492,63.45548367939422,63.06482760098121,63.15674392808051,665800
2017-11-17,63.164405822753906,63.28696871820397,63.14142674088714,63.21802562848318,596300
2017-11-20,63.29463577270508,63.348255587970364,63.12612052767243,63.202719428891186,793800
2017-11-21,63.547393798828125,63.662295030031686,63.463133285553475,63.48611236297031,1254000
2017-11-22,63.509117126464844,63.61635675066088,63.4631531131514,63.6086951077551,700400
2017-11-24,63.593360900878906,63.64698070376864,63.56272602275923,63.61634582564896,275000
2017-11-27,63.60868835449219,63.700610527238595,63.57038598815103,63.58570927233573,872300
2017-11-28,64.39764404296875,64.42062311657284,63.708242614253784,63.746544966339556,1200400
2017-11-29,64.72704315185547,64.8266211143597,64.46660578340435,64.48192322220497,880400
2017-11-30,65.11769104003906,65.43940978272225,64.84959208780307,64.86490952330848,1158200
2017-12-01,65.10240173339844,65.27092283249307,64.26746372585745,65.10240173339844,1060700
2017-12-04,65.25559997558594,65.74583994458045,65.24027668923657,65.54667813088848,1275700
2017-12-05,64.97217559814453,65.50071792244886,64.94153487052039,65.40113409664008,1494100
2017-12-06,64.94154357910156,65.07942394983918,64.89558540356302,64.97984595479835,1670600
2017-12-07,64.99514770507812,65.10238731818897,64.84194992752565,64.89556973408108,983100
2017-12-08,65.36283874511719,65.36283874511719,65.07941639259018,65.17899437606766,911500
2017-12-11,65.59262084960938,65.60794413234895,65.32452184286731,65.39346492695529,1290700
2017-12-12,65.74583435058594,65.8530739694214,65.59263072073462,65.67689125612262,586900
2017-12-13,65.8071060180664,65.9832828610496,65.76114201388467,65.78412109391552,1360000
2017-12-14,65.4087905883789,65.89903050351444,65.39347314783376,65.89903050351444,993800
2017-12-15,65.95265197753906,66.09819396493778,65.66923548938907,65.70753201377967,1274500
2017-12-18,66.2590560913086,66.55779587667612,66.22075372123741,66.29735846137977,1391200
2017-12-19,66.05990600585938,66.43525059795812,66.03692691738847,66.43525059795812,1304300
2017-12-20,66.00628662109375,66.41226610442287,65.92968771097694,66.30502646143489,1077200
2017-12-21,66.10120391845703,66.2941437980275,66.00087141272336,66.18609793651267,1110900
2017-12-22,66.13207244873047,66.21696646350364,66.00858810431217,66.17065689031797,1416300
2017-12-26,66.09346771240234,66.25553646308131,66.03944479550935,66.11661954991986,1192500
2017-12-27,66.16293334960938,66.2632599479616,66.06260086320044,66.1937985429049,806100
2017-12-28,66.27870178222656,66.32501135473768,66.13978484080829,66.30185951251089,875400
2017-12-29,66.08575439453125,66.42533041004498,66.05488331238847,66.34815564871646,1211500
2018-01-02,66.3095703125,66.42533540723024,66.11663045063538,66.27869922803478,1534300
2018-01-03,66.52567291259766,66.54883064578279,66.21697379349523,66.37132335304645,1170300
2018-01-04,66.81893920898438,66.95785615510097,66.59512824645999,66.65687041985798,964500
2018-01-05,67.11991119384766,67.14306303211451,66.80348703604987,67.0272979527237,1280200
2018-01-08,67.243408203125,67.27427929202771,66.96557429105869,67.11992973557227,1469500
2018-01-09,67.35916137695312,67.60612415634942,67.30513845296197,67.35916137695312,1590700
2018-01-10,67.243408203125,67.36689255873587,67.00416462420162,67.22025635846249,920700
2018-01-11,67.69100952148438,67.7064480052577,67.28969726422339,67.4286141779015,1138700
2018-01-12,68.0691909790039,68.15408500182593,67.69103044247004,67.83766664335505,896800
2018-01-16,67.87623596191406,68.5476687505845,67.67558276001364,68.34700966062721,2209700
2018-01-17,68.59397888183594,68.72518246533588,68.03831701501045,68.16951471045296,1125100
2018-01-18,68.37016296386719,68.6557160638403,68.30842668629913,68.62484498102778,1636600
2018-01-19,68.59397888183594,68.60169812511415,68.33930273422912,68.53224259978249,1047400
2018-01-22,69.17278289794922,69.17278289794922,68.5399405169985,68.5708115951005,1260000
2018-01-23,69.09559631347656,69.21908060473675,69.01842157546648,69.14961921888911,1978800
2018-01-24,69.06474304199219,69.43519012319983,68.79462844530775,69.25768288077487,893000
2018-01-25,69.16510009765625,69.38119185177113,68.95672170043211,69.31173042334352,905200
2018-01-26,70.16065216064453,70.17608475840106,69.42747717398055,69.43519641688738,965600
2018-01-29,69.7052993774414,70.10661162060659,69.68214754065097,70.02943686861975,1060600
2018-01-30,68.82550811767578,69.4737832306436,68.81007551939159,69.26541076949177,1791300
2018-01-31,68.8023681640625,69.1265057765517,68.43964021710909,69.11107317560104,854400
2018-02-01,68.7406234741211,69.05704771861011,68.53996434073923,68.55540282918453,897200
2018-02-02,67.28199768066406,68.34702373800256,67.25884583629598,68.28528744904035,1604400
2018-02-05,64.4342041015625,67.18167214270136,64.05604356531512,66.69545985089655,2997800
2018-02-06,65.35257720947266,65.48377487623493,62.97555717234571,63.3614368190979,3073500
2018-02-07,65.22137451171875,66.26324829997124,65.04386729716045,65.20593602972811,1524700
2018-02-08,63.01416015625,65.38346142794657,62.9832890717389,65.23682524853318,1610300
2018-02-09,63.99430465698242,64.42649403711961,61.98773087339896,63.7010381285088,2101600
2018-02-12,64.7428970336914,65.1442152279215,64.05603162347224,64.47278241530023,1142500
2018-02-13,64.95899200439453,65.07475710041672,64.28756504596915,64.47278566677022,754300
2018-02-14,65.56869506835938,65.65358909560982,64.53454002812084,64.61943405537129,777800
2018-02-15,66.34814453125,66.34814453125,65.42974912757576,66.02400705514941,804700
2018-02-16,66.43306732177734,66.9810159274215,66.2015370881549,66.21697557736088,641200
2018-02-20,65.79248809814453,66.28641363745555,65.59954825034939,66.10119303222814,1413400
2018-02-21,65.30628204345703,66.44848264932597,65.30628204345703,65.88510158898784,823400
2018-02-22,65.39118957519531,66.07033586274467,65.23683413162175,65.52238728618926,863200
2018-02-23,66.46392822265625,66.46392822265625,65.6072747328671,65.73847243071219,556500
2018-02-26,67.25112915039062,67.2742809956394,66.5874154423201,66.75720349155557,650800
2018-02-27,66.43306732177734,67.60613931492031,66.42534807717435,67.34374387900273,849400
2018-02-28,65.55323791503906,66.83435531252964,65.54551867325512,66.74174796334735,1011700
2018-03-01,64.83551788330078,66.03174158726767,64.41104779889002,65.56096781657857,2086600
2018-03-02,65.08246612548828,65.2445348792511,64.1717898747807,64.3956007884693,748700
2018-03-05,65.83110046386719,66.000882640804,64.7660683790977,64.78150686940214,757300
2018-03-06,65.86964416503906,66.08573579115108,65.48376457896613,66.07030319845245,709700
2018-03-07,65.73846435546875,65.81563911601182,65.12877373748191,65.2754099041535,925800
2018-03-08,66.0625991821289,66.07031842428471,65.65356766871956,65.92368226360719,579400
2018-03-09,67.05818939208984,67.06590863654121,66.26327796728968,66.46393710661714,776600
2018-03-12,66.86521911621094,67.29740240018714,66.74945405427285,67.1430529096401,833000
2018-03-13,66.52567291259766,67.35145542111904,66.37904259744148,67.11993108179222,674200
2018-03-14,66.0625991821289,66.8883814511034,65.91596890950794,66.84207777428168,654800
2018-03-15,65.9931411743164,66.34814975533945,65.86965685671377,66.19379435833616,618400
2018-03-16,66.1783676147461,66.42533038373367,66.05488328622388,66.05488328622388,594600
2018-03-19,65.36030578613281,66.06260378173813,64.95127424424464,66.03173269902207,622500
2018-03-20,65.3989028930664,65.7076078919748,65.29085702665718,65.522387247853,434100
2018-03-21,65.3680191040039,66.02401930725163,65.29084434128563,65.37573834669283,709700
2018-03-22,63.716453552246094,64.92040220826651,63.64699803319753,64.78919863663552,1136700
2018-03-23,62.466209411621094,63.96341868428339,62.404467244815585,63.832220995864525,1475200
2018-03-26,64.05094909667969,64.12093028722128,62.970084981320866,63.358885193539734,1198700
2018-03-27,63.32780075073242,64.54863357086982,62.96232748495369,64.29202392477552,785000
2018-03-28,63.39775848388672,63.96540937568405,63.21113605249067,63.467745603547826,958600
2018-03-29,64.14427947998047,64.42421620396354,63.57663429657547,63.724374394005864,877900
2018-04-02,62.70570755004883,64.05095910487964,62.036970605930115,63.988749637375264,1864100
2018-04-03,63.584381103515625,63.654368223383905,62.65904067616493,62.98563141522988,803600
2018-04-04,64.3230972290039,64.43196079548683,62.596823628175486,62.68236013507199,1001200
2018-04-05,64.73524475097656,64.9451942857615,64.37754921561846,64.59527641691285,588700
2018-04-06,63.4366340637207,64.64191097230092,62.98562446471261,64.23756142559608,1072100
2018-04-09,63.67769241333008,64.61081046360033,63.61548296128009,63.833210110835154,608000
2018-04-10,64.72747802734375,64.92965586242086,64.22203640596211,64.47087431536305,742900
2018-04-11,64.38532257080078,64.75856748156353,64.25312597947729,64.34644017347841,662400
2018-04-12,64.81299591064453,65.0929325454819,64.6652558602619,64.71190998852792,648200
2018-04-13,64.68081665039062,65.20180761652017,64.42420703449221,65.16293114699175,586400
2018-04-16,65.21737670898438,65.40399922690777,64.89077988683984,65.06963066879096,718900
2018-04-17,65.62950134277344,65.81612385269952,65.41177409242256,65.59061893408679,1134200
2018-04-18,65.54396057128906,65.79279254604967,65.52840523576651,65.75391013986554,722400
2018-04-19,65.0462875366211,65.31844654403027,64.75079552918706,65.31844654403027,496000
2018-04-20,64.64192962646484,65.18625355453926,64.40087536171002,65.1240440885957,667300
2018-04-23,64.78189849853516,64.9296444982274,64.48641243177191,64.78189849853516,1737600
2018-04-24,64.15203857421875,65.15514388929375,63.73991127562794,65.15514388929375,1079700
2018-04-25,64.28424072265625,64.38533259839042,63.69326853313841,64.19870418132201,853100
2018-04-26,64.78966522216797,64.99184298771189,64.32310616774527,64.42419208420709,833200
2018-04-27,64.85967254638672,65.00741263452426,64.61861231262803,64.86744428133673,787100
2018-04-30,64.22980499267578,65.19402802478884,64.22202732595107,65.06183735357605,528800
2018-05-01,64.10537719726562,64.13648192436627,63.48329452049292,64.07427247016498,912100
2018-05-02,63.4910774230957,64.05095069185366,63.37443617000103,63.980963566948624,582600
2018-05-03,63.47551727294922,63.63881264183629,62.65126276353253,63.351104296348645,987300
2018-05-04,64.15982818603516,64.36977774101571,63.078963809480044,63.21893215700771,1041100
2018-05-07,64.28424072265625,64.57973275003698,64.11316763998778,64.37755493119046,859900
2018-05-08,64.15203857421875,64.28422922987603,63.75546067462613,64.17536563902642,744700
2018-05-09,64.75856018066406,64.87520142686009,64.22979167284628,64.36975998175745,913300
2018-05-10,65.34954833984375,65.41952953890755,64.92964334759745,64.99185281295715,968200
2018-05-11,65.53620910644531,65.6528504390114,65.34180886304337,65.41956777387922,1052300
2018-05-14,65.6450424194336,65.94053444967383,65.53617880806779,65.76168369807463,948900
2018-05-15,65.33399963378906,65.40398677257257,65.10850068107557,65.40398677257257,574100
2018-05-16,65.6217269897461,65.71504121573471,65.32624083971649,65.36511731774456,369200
2018-05-17,65.55949401855469,65.84720832947654,65.36509390019093,65.55949401855469,1150000
2018-05-18,65.39619445800781,65.57504516584287,65.33398500027211,65.52061337347924,398500
2018-05-21,65.92498016357422,66.04162144407029,65.65282113083136,65.7461353417526,826300
2018-05-22,65.75389862060547,66.18158128321727,65.6994668210568,66.05716235132249,625100
2018-05-23,65.89388275146484,65.90943808799186,65.37289169763979,65.45842825067048,761600
2018-05-24,65.72280883789062,65.83167839437421,65.24847786685193,65.79279598615703,488900
2018-05-25,65.49730682373047,65.6217198455476,65.30290665688558,65.57506570394396,450200
2018-05-29,64.79745483398438,65.2873410415552,64.47086402893716,65.0773915047738,932700
2018-05-30,65.76168060302734,65.87832187617872,65.13959776796776,65.13959776796776,944700
2018-05-31,65.25621795654297,65.69167817343417,65.12402732490621,65.69167817343417,772400
2018-06-01,65.80834197998047,65.90165619529304,65.59061474354007,65.59061474354007,478900
2018-06-04,66.04161834716797,66.25934556315234,65.92497707214157,66.0571677486147,884000
2018-06-05,66.06494903564453,66.17381264960184,65.84722180772991,66.02607256358664,432200
2018-06-06,66.53150939941406,66.53150939941406,66.03384546038865,66.18159148162567,685100
2018-06-07,66.64037322998047,66.81922398956054,66.44597306777793,66.64037322998047,566300
2018-06-08,66.85810089111328,66.86587262547366,66.53150413670652,66.56260887201294,562400
2018-06-11,66.86588287353516,67.0369559776289,66.83477813346151,66.92031468550839,640900
2018-06-12,66.83477020263672,66.98251621729887,66.67147478609417,66.95918914816734,480700
2018-06-13,66.41487121582031,66.84254799347339,66.37598881211464,66.84254799347339,552300
2018-06-14,66.42266082763672,66.66372111677214,66.32157485646603,66.66372111677214,620100
2018-06-15,66.36042785644531,66.46151972446822,65.88609698062169,66.26711958765047,634800
2018-06-18,65.97161102294922,66.08048053025092,65.72277914758789,65.97161102294922,762400
2018-06-19,65.82388305664062,65.89386425349893,65.35732394638904,65.38065101200847,581900
2018-06-20,65.80834197998047,66.08050695815322,65.68392895885263,66.02607514904312,538500
2018-06-21,65.37288665771484,65.76168698419885,65.24847363820349,65.74613758149323,608400
2018-06-22,65.70193481445312,65.9369787067411,65.63925564618773,65.81162037021032,625700
2018-06-25,65.17700958251953,65.49822985621614,64.76177055735799,65.47472666270352,844600
2018-06-26,65.09082794189453,65.31803544405574,64.99680918938886,65.28669585988717,857700
2018-06-27,64.73043060302734,65.6000846225033,64.72259421276318,65.20834879309663,826900
2018-06-28,65.00465393066406,65.15351548023474,64.55023886796484,64.73044000573013,803500
2018-06-29,65.06734466552734,65.65494859937347,65.0438354871438,65.25537625068154,1021000
2018-07-02,65.03596496582031,65.05946815229376,64.54237414022742,64.69123562444275,669900
2018-07-03,65.02030944824219,65.44338484929905,64.90278750726847,65.29452332557139,432100
2018-07-05,65.54524230957031,65.56090911279517,65.05165133547787,65.3258652225212,733600
2018-07-06,65.96832275390625,66.07800832702279,65.4198948883236,65.54525324469417,473700
2018-07-09,66.34436798095703,66.51673267025777,66.14066371383677,66.15633649145317,891900
2018-07-10,66.79879760742188,66.83013719214478,66.51674732233042,66.52458371286478,472400
2018-07-11,66.1719970703125,66.48538684163024,66.07797834569335,66.45404726675719,594700
2018-07-12,66.4619140625,66.57943602768943,66.16419095369807,66.41490168997495,531100
2018-07-13,66.40705871582031,66.57158704500122,66.30520357579333,66.35221593942669,440600
2018-07-16,66.45406341552734,66.48540299801611,66.27386231057046,66.41488744306284,489300
2018-07-17,66.60291290283203,66.71259843301543,66.39137225361183,66.39137225361183,470300
2018-07-18,66.64994812011719,66.69695451698979,66.46974696974608,66.56376574090697,616100
2018-07-19,66.47759246826172,66.62645404863797,66.2817244845736,66.54027165762187,449200
2018-07-20,66.30519104003906,66.39137338342307,66.18767509670924,66.36003380606405,425700
2018-07-23,66.36003112792969,66.4070434807775,66.10149008562497,66.25818198868316,412700
2018-07-24,66.73612213134766,66.79096491329423,66.50107822162522,66.51675100356135,821600
2018-07-25,67.1122055053711,67.14353912109645,66.54026839101618,66.68129357144505,564500
2018-07-26,67.44123077392578,67.60575907802631,67.2845328813919,67.29236927037194,472300
2018-07-27,67.28455352783203,67.4725910565725,67.0965219765068,67.2453835257392,632600
2018-07-30,67.39423370361328,67.58227121730404,67.31588772828285,67.31588772828285,518500
2018-07-31,67.7311019897461,67.84078751055019,67.5117309481379,67.57441009642955,596100
2018-08-01,67.30023956298828,67.60579313559039,67.19838438717663,67.60579313559039,501400
2018-08-02,67.38641357421875,67.44125636306119,66.89282249722125,66.94766528606367,774800
2018-08-03,67.8799819946289,67.8799819946289,67.37856062630074,67.37856062630074,834600
2018-08-06,67.9818344116211,68.08368955461962,67.64494135325606,67.79380288384499,1658300
2018-08-07,68.13069915771484,68.24038471887884,67.99751040164638,68.11503235358346,517200
2018-08-08,67.98968505859375,68.13854662039705,67.8721630875604,68.13854662039705,478100
2018-08-09,67.85648345947266,68.04451499114822,67.82514387462429,68.04451499114822,433800
2018-08-10,67.44123077392578,67.59008630006622,67.26102969186516,67.51174034250597,573300
2018-08-13,67.1513671875,67.54310308707292,67.0495180054806,67.51959988948502,692400
2018-08-14,67.4882583618164,67.58227712688304,67.18270484711894,67.284554026213,606200
2018-08-15,67.2297134399414,67.28455622700363,66.79880753514267,67.19837385056078,1559400
2018-08-16,68.04452514648438,68.15421072111641,67.4882608815889,67.61361923969152,1147300
2018-08-17,68.42057800292969,68.5459303538629,67.97399941866703,67.97399941866703,415500
2018-08-20,68.5616226196289,68.65563541519484,68.43626425565328,68.47544023874961,517900
2018-08-21,68.64779663085938,68.86716776365485,68.61645704368644,68.63212384856537,659300
2018-08-22,68.42057800292969,68.62427632037293,68.40490522317923,68.59294271570019,581400
2018-08-23,68.20904541015625,68.42058611998489,68.13069943435167,68.38141014337519,705500
2018-08-24,68.50675964355469,68.56943282965945,68.24821257710023,68.31089174061901,461100
2018-08-27,68.875,68.96117638775826,68.70263526965408,68.72613846426222,648900
2018-08-28,68.80449676513672,69.01603153192123,68.71831438452412,68.99252833310248,557600
2018-08-29,68.92986297607422,69.03954856799277,68.62430342439662,68.82800779970952,452800
2018-08-30,68.56945037841797,68.90634349678386,68.4519343885123,68.83583390284046,581500
2018-08-31,68.4832534790039,68.60076943373319,68.22470642377195,68.44407750915163,459800
2018-09-04,68.38142395019531,68.48327911898005,68.13071319055105,68.44410313446038,565500
2018-09-05,68.74964904785156,68.78098863650224,68.20905160410409,68.27956717292197,693600
2018-09-06,68.62430572509766,68.87502248922152,68.42060732037199,68.74182771392655,723800
2018-09-07,68.45193481445312,68.57728719693769,68.2403940764755,68.44409842260546,552100
2018-09-10,68.59295654296875,68.96118325753604,68.56944736860397,68.69480572222157,602500
2018-09-11,68.51458740234375,68.68695210663765,68.29521631593835,68.44407782917649,559500
2018-09-12,68.61647033691406,68.76532593305481,68.45194195544299,68.49894835660152,510100
2018-09-13,68.92986297607422,68.94552978459839,68.66347941183172,68.84368058565015,472800
2018-09-14,68.97684478759766,69.00818437088934,68.74963729179375,68.94550520430599,448300
2018-09-17,68.97684478759766,69.17271270010988,68.90632923083781,69.17271270010988,754800
2018-09-18,69.2118911743164,69.36858910996959,68.89067086670372,69.03953241122048,514100
2018-09-19,69.26673889160156,69.50177682541876,69.18838693624754,69.18838693624754,500600
2018-09-20,69.83867645263672,69.90919202357817,69.50961972801801,69.53312292585998,557400
2018-09-21,69.995361328125,70.09721647833639,69.94835493720585,70.09721647833639,594100
2018-09-24,69.42343139648438,69.91701644107727,69.32158222209965,69.9091860274119,660100
2018-09-25,69.0395278930664,69.57228888459166,68.97684872290705,69.5331129088884,459900
2018-09-26,68.72530364990234,69.28584243176228,68.6542462143536,69.12794036573615,493500
2018-09-27,68.72530364990234,69.12004977994579,68.64634960521532,68.76477464889793,605600
2018-09-28,68.75688171386719,68.90688717877076,68.5516180520866,68.59108905319135,601200
2018-10-01,69.06476593017578,69.26213893909184,68.89107671859426,69.1279207152858,847800
2018-10-02,69.36479949951172,69.4516441413152,69.01742093229777,69.06479456995795,643300
2018-10-03,69.39637756347656,69.78322712171504,69.29373970481743,69.59375064754599,471700
2018-10-04,69.32530975341797,69.40426379391691,68.87529942997303,69.30162595060733,580000
2018-10-05,69.12006378173828,69.55428099873757,68.8516332267913,69.37270111520942,547700
2018-10-08,69.45956420898438,69.54640285676581,68.92270897987208,68.97797322301523,605900
2018-10-09,69.23847961425781,69.53059396451896,69.0884801572903,69.36480128680822,646600
2018-10-10,67.698974609375,69.32532705735882,67.63581377054963,69.12006336620007,1087400
2018-10-11,65.82785034179688,67.64368461457364,65.51994889899468,67.50947240070538,2280200
2018-10-12,66.16734313964844,66.57788248020803,65.44101171970186,66.57788248020803,1803700
2018-10-15,66.0884017944336,66.66473384188265,66.05682137863585,66.09629840422014,1024500
2018-10-16,67.06736755371094,67.14632160130418,66.23840426411533,66.4120935314634,930900
2018-10-17,67.2884521484375,67.47792867238357,66.5857982430769,66.98844112689362,856600
2018-10-18,66.68049621582031,67.44630444962986,66.35680761524857,67.13840303940589,794400
2018-10-19,66.74369812011719,67.21739242571914,66.62527303787923,66.72001430833957,674700
2018-10-22,66.27788543701172,67.05159064939876,66.12788597492832,66.8542175468188,599700
2018-10-23,65.92259979248047,66.24629449105157,65.05415956275802,65.48048608062487,1305900
2018-10-24,64.46992492675781,65.88311042273067,64.37518371054185,65.8357428262959,1087300
2018-10-25,65.0936508178711,65.4726098483639,64.462060464849,64.83312288421607,1067100
2018-10-26,64.2646713256836,64.89626152121797,63.790977173195834,64.63573365252586,2621800
2018-10-29,64.5093994140625,65.48836794132679,63.759384320892075,64.95151306701797,1741000
2018-10-30,65.63047790527344,65.7173225205239,64.5725613534542,64.5725613534542,2585100
2018-10-31,65.73312377929688,66.3094497255558,65.69364675904457,66.05681245664485,1952900
2018-11-01,66.23049926757812,66.34102769219409,65.79627615419584,65.96207481446717,1491100
2018-11-02,66.02525329589844,66.79895856909485,65.48050758584083,66.74369433696293,1225300
2018-11-05,66.68841552734375,66.8699953832214,66.13576730347894,66.13576730347894,972000
2018-11-06,67.12262725830078,67.13842047609643,66.64893312134313,66.6884101424845,744500
2018-11-07,68.0384521484375,68.08581976279058,67.18579894998972,67.58054513186198,1131300
2018-11-08,67.99897003173828,68.23582013247481,67.77001654058583,67.85686117596602,746700
2018-11-09,67.698974609375,67.9279281326051,67.36738924056552,67.77002603554169,1158000
2018-11-12,66.90157318115234,67.65948503650708,66.76736094104065,67.58843362351195,1205000
2018-11-13,66.75946044921875,67.37526341942137,66.57788061100395,67.03578754594608,953300
2018-11-14,66.39630126953125,67.21737398487964,65.9936585097257,67.17789696051406,1047300
2018-11-15,66.98052978515625,67.07527103796967,65.8120844505345,66.09630218562602,1432300
2018-11-16,67.33578491210938,67.50157753764582,66.83051042761346,66.83051042761346,1015300
2018-11-19,67.05156707763672,67.4936807445205,66.71998182747389,67.24894011083083,1386800
2018-11-20,65.9068374633789,66.71211717426173,65.6857745007024,66.45947981169557,1663500
2018-11-21,65.8041763305664,66.23839946749254,65.78838913619988,66.08839401594574,1124300
2018-11-23,65.40943908691406,65.73313383713824,65.30680725124101,65.43312289335026,499100
2018-11-26,66.19103240966797,66.25419324010065,65.80418286412738,65.8594470849189,1527500
2018-11-27,66.47525787353516,66.49894770522062,65.85945476339164,65.97787982842286,1275500
2018-11-28,67.44631958007812,67.44631958007812,66.31734548154178,66.66472398058298,1504500
2018-11-29,67.41472625732422,67.74631147562155,67.12261202786435,67.28051405325336,1286200
2018-11-30,68.07005310058594,68.14110454354976,67.2726638861167,67.35161194163778,1256800
2018-12-03,68.47267150878906,68.85162444900911,67.96739088291503,68.8279406431639,1971900
2018-12-04,66.69630432128906,68.4963455901519,66.59366647940024,68.3858171630005,2201100
2018-12-06,66.37261962890625,66.37261962890625,64.7857383665583,65.81997740985395,2465800
2018-12-07,65.25154113769531,66.73578452372533,65.00679442379982,66.36472217138073,2744900
2018-12-10,65.16468811035156,65.38574496668518,63.88570855440305,65.23573951845269,3070900
2018-12-11,65.12522888183594,66.00946257208162,64.78574689590984,65.89893411371956,1906500
2018-12-12,65.362060546875,66.04102432683078,65.3462673296588,65.85154788366911,1764800
2018-12-13,65.37786865234375,65.7410344609597,65.09365088501832,65.52787414714035,2488200
2018-12-14,64.31204223632812,65.11732775792159,64.13046237983527,64.87258104827937,2609700
2018-12-17,63.11990737915039,64.39888708173154,62.76463825121865,64.06730175921548,4865100
2018-12-18,62.804115295410156,63.71992323740912,62.47252394944234,63.5462339665089,4578500
2018-12-19,62.00672912597656,63.79887408806896,61.651453958855285,62.883066105521095,3361100
2018-12-20,61.2803955078125,62.16462304349229,60.70406346900835,61.72250927565239,4492000
2018-12-21,60.51457595825195,62.47251316428885,60.39615092823303,61.272487717686936,4697800
2018-12-24,58.76000213623047,60.38624633163367,58.7201468769528,60.16303741732109,2953000
2018-12-26,61.07978057861328,61.08774797958753,58.337486311071494,59.01508639499721,5903400
2018-12-27,61.67768478393555,61.67768478393555,59.58110204664869,60.38625380027553,4651700
2018-12-28,61.637813568115234,62.45890607955167,61.45445991976205,62.052343525020014,5142500
2018-12-31,62.171913146972656,62.17191314697265,61.510260001293084,61.956677753941605,3193400
2019-01-02,62.27556228637695,62.40310763392679,61.20734035096093,61.43852275550609,2171100
2019-01-03,61.143550872802734,62.02841894957295,61.04789340416955,61.996531099366706,2394400
2019-01-04,62.92124557495117,62.977047779070986,61.781281049088626,61.87694457700149,2120000
2019-01-07,63.22420120239258,63.646704675987216,62.554574432617,62.95316353328923,2454500
2019-01-08,63.74237823486328,63.7981804744193,63.23218459264031,63.790206988200445,1380700
2019-01-09,63.73438262939453,64.01339981232863,63.4792858968153,63.94165062523573,1353300
2019-01-10,64.02935028076172,64.06921162200017,63.28000085578344,63.47929539800219,1767200
2019-01-11,64.10905456542969,64.14094241589721,63.65466333974231,63.8220699932076,1896700
2019-01-14,63.75831985473633,63.909779588251496,63.5590252899118,63.67062975965454,2467600
2019-01-15,64.13298034667969,64.22067043057538,63.71845038079824,63.758311721473255,2239700
2019-01-16,64.08514404296875,64.37212863240896,64.05325619058807,64.16486063292749,1129700
2019-01-17,64.58738708496094,64.81856953574126,63.8938458146081,63.8938458146081,1769800
2019-01-18,65.48818969726562,65.57587978495539,64.93813479848204,65.08960060121652,2837200
2019-01-22,64.76274871826172,65.23308697134908,64.36415965855457,65.15337037580493,4784500
2019-01-23,64.98595428466797,65.2330836247589,64.43590554624146,65.04175650688475,845900
2019-01-24,64.90621948242188,65.07362610210279,64.53154491752365,64.94608080795825,2142400
2019-01-25,65.041748046875,65.37656741861163,64.95406406507037,65.20916077373596,1067700
2019-01-28,64.71491241455078,64.7228858977693,64.22863333197719,64.61128146065265,4629400
2019-01-29,64.92220306396484,65.0656954020527,64.73087589185585,64.77871072587699,2090700
2019-01-30,65.408447265625,65.6396234978969,64.81853125739083,65.0816014165776,1008900
2019-01-31,65.96649169921875,66.07809615329899,65.13742569606087,65.28889149030688,1775200
2019-02-01,66.18170928955078,66.35708940784349,65.95053304123945,66.14185404211105,1201800
2019-02-04,66.37303924560547,66.37303924560547,65.77515577026332,66.18171215446662,810700
2019-02-05,66.53247833251953,66.6121949199354,66.27738160359725,66.47667611312984,873000
2019-02-06,66.58031463623047,66.6839516854379,66.44479581402155,66.44479581402155,922300
2019-02-07,66.10199737548828,66.36506757148418,65.63166528142173,66.30926535554433,917700
2019-02-08,66.16577911376953,66.16577911376953,65.55195468240235,65.79907793526648,797500
2019-02-11,66.22157287597656,66.3650651520171,66.03025186858426,66.30128945555794,1043500
2019-02-12,67.0028305053711,67.12240237042855,66.58032094821567,66.59626791821468,768200
2019-02-13,67.24996185302734,67.38548070430689,67.06660816801144,67.19415961532472,735300
2019-02-14,66.93902587890625,67.26586563888212,66.74770489545735,67.00280156738403,601400
2019-02-15,67.85580444335938,67.85580444335938,67.36952529873132,67.42532752441062,770100
2019-02-19,67.9913101196289,68.16669024699388,67.5608332839109,67.70432556248356,1003100
2019-02-20,68.27831268310547,68.35802928511639,67.88769707586113,67.9594401930749,810000
2019-02-21,68.08698272705078,68.22250154096396,67.83187990276325,68.12683798185614,743000
2019-02-22,68.42179107666016,68.46164632856221,68.1348065022286,68.26235182309505,914200
2019-02-25,68.56529235839844,68.90010571182815,68.52543101928167,68.73269903511328,822700
2019-02-26,68.44569396972656,68.7007906506798,68.38989176083007,68.4775818150938,610900
2019-02-27,68.52542114257812,68.61311121040693,68.19060783740572,68.34207360583467,1223500
2019-02-28,68.45370483398438,68.6051645797098,68.35006775944873,68.5015335871621,912000
2019-03-01,68.7247085571289,68.95589088647088,68.40583616900258,68.8602273454375,835300
2019-03-04,68.4935302734375,69.03561154067545,67.87173242495565,68.93995407597689,1038500
2019-03-05,68.35004425048828,68.50948350955485,68.25438677703417,68.50948350955485,589100
2019-03-06,67.91161346435547,68.3341169413444,67.81594988991027,68.32614345631053,672000
2019-03-07,67.51301574707031,67.84782909193193,67.29777425252621,67.83985560791533,1013400
2019-03-08,67.3934555053711,67.41736988171206,66.93109062281953,67.13835868775435,1205100
2019-03-11,68.1507568359375,68.16670380449793,67.40141352723211,67.45721575322067,967800
2019-03-12,68.19860076904297,68.41383621746635,68.0630758461229,68.23845603179463,658600
2019-03-13,68.56529235839844,68.74067251933393,68.29424863277455,68.38193871324229,767500
2019-03-14,68.47761535644531,68.6529955508766,68.35803739824328,68.54139107841807,678500
2019-03-15,68.90010833740234,69.01171279279849,68.58920934280071,68.62906460144981,796100
2019-03-18,69.13130187988281,69.17115714495841,68.88417855765601,68.95592168398471,712600
2019-03-19,68.97183990478516,69.47406595197097,68.7326901469694,69.35448803207026,670100
2019-03-20,68.47761535644531,69.03563771873797,68.40586614872905,68.87620449579367,864600
2019-03-21,69.05952453613281,69.20301681231787,68.28626702323102,68.29423442380757,742200
2019-03-22,68.0232162475586,68.86024969583833,67.9275526754751,68.7486452360677,3204700
2019-03-25,67.87217712402344,68.16137141693767,67.59101770836116,67.92840900715589,2941600
2019-03-26,68.57106018066406,68.69958756479609,68.21759914887433,68.23366890240034,805500
2019-03-27,68.29792785644531,68.72369051103854,67.96857146301535,68.57105850035767,1173300
2019-03-28,68.45056915283203,68.62729968837068,68.04087619579387,68.46663890814422,1088800
2019-03-29,68.81208038330078,68.83617889280494,68.45861923372709,68.77191211491568,1529200
2019-04-01,69.51093292236328,69.57519967366987,68.92451567093117,69.17354167122579,1068100
2019-04-02,69.35028839111328,69.55111743930104,69.2297897364374,69.50291430014099,789400
2019-04-03,69.44667053222656,69.69570267697485,69.2458415183927,69.6234010450108,806000
2019-04-04,69.6716079711914,69.68767159649451,69.40651218757434,69.51094107408312,654900
2019-04-05,69.96080780029297,69.96080780029297,69.66358471648236,69.79211212679645,821900
2019-04-08,70.08129119873047,70.08129119873047,69.8162015574337,69.90456068532252,837600
2019-04-09,69.59930419921875,69.84833022107442,69.47077681429221,69.84833022107442,864100
2019-04-10,69.81620788574219,69.83227151168298,69.62340760155847,69.71980774365034,557100
2019-04-11,69.90457153320312,70.00900655941335,69.67964398262126,69.91260641109993,643600
2019-04-12,70.28213500976562,70.3544366572065,70.04114381886768,70.2178743694827,691500
2019-04-15,70.24999237060547,70.34639251155491,70.08933159783868,70.33032888580449,669500
2019-04-16,70.60346221923828,70.60346221923828,70.37049977953902,70.41870292042546,812900
2019-04-17,70.55525970458984,70.89265102040001,70.46689443680872,70.82035550793321,867500
2019-04-18,70.42672729492188,70.70788672922532,70.2580316343398,70.70788672922532,1005800
2019-04-22,70.36244201660156,70.49097551207272,70.20981615174756,70.26604802381259,747700
2019-04-23,70.73200225830078,70.75610076655097,70.24197882782356,70.42673814361972,1106700
2019-04-24,70.4990463256836,70.69184053835565,70.37051276469053,70.62757375785912,703100
2019-04-25,70.10538482666016,70.28211532778312,69.80816182823948,70.20178495331305,724100
2019-04-26,70.30621337890625,70.30621337890625,69.93668875564865,70.00899038238093,951500
2019-04-29,70.40261840820312,70.5632791673081,70.28211977446685,70.32228802865065,808600
2019-04-30,70.76412963867188,70.86856467969193,70.2982108444591,70.54723693522946,674400
2019-05-01,70.13752746582031,70.83641468652819,70.13752746582031,70.82837980937553,844100
2019-05-02,70.00900268554688,70.33835911529832,69.69570988188408,70.12146645461476,971400
2019-05-03,70.56328582763672,70.64362234358711,70.20983089848086,70.29016128561557,601700
2019-05-06,70.31427001953125,70.40263529688119,69.60735392954825,69.67964944984371,810300
2019-05-07,69.34225463867188,69.84031289263577,68.90846315208712,69.78408100338308,1256500
2019-05-08,69.10123443603516,69.52699703227839,69.06107231633887,69.30206342095934,1162900
2019-05-09,68.90848541259766,69.037018988878,68.18549936806637,68.67552290220323,1076200
2019-05-10,69.36634826660156,69.50291054106737,68.05694514961041,68.66746713914958,853000
2019-05-13,68.08905792236328,68.5067794968894,67.79986370583983,68.33808389205304,1093500
2019-05-14,68.56303405761719,68.96469214363582,68.22564273627738,68.2899095009562,988400
2019-05-15,68.74778747558594,68.89238460646932,68.08103369824507,68.23366570551501,709400
2019-05-16,69.30209350585938,69.63949100489927,68.94060362759429,68.94060362759429,612500
2019-05-17,69.03699493408203,69.50291366371098,68.73173086118955,68.80403250485949,851600
2019-05-20,68.81208038330078,69.15750052461672,68.61125129900978,68.73977872597105,564900
2019-05-21,69.30209350585938,69.39045878789162,69.0852008046637,69.14946757865386,606600
2019-05-22,69.10123443603516,69.20566943063685,68.89237670446026,69.04500256540895,691900
2019-05-23,68.41040802001953,68.60320218486656,68.02481356150946,68.58713242931998,807700
2019-05-24,68.55500030517578,68.779933985244,68.36220613679056,68.7638642294025,533100
2019-05-28,67.58296966552734,68.64334649003968,67.58296966552734,68.59514949354825,657700
2019-05-29,67.20543670654297,67.49462490206614,66.76361034190874,67.30986560690366,2089100
2019-05-30,67.21347045898438,67.53479819092628,66.94837462047106,67.33396912456467,2847300
2019-05-31,66.29769134521484,66.70738436246096,66.23342457215334,66.58688569517483,1352200
2019-06-03,67.02067565917969,67.109040937877,66.418188465598,66.45032185138035,1240900
2019-06-04,68.26582336425781,68.28992187317434,67.54283745267631,67.57497084083738,857400
2019-06-05,68.63533782958984,68.6433665788118,68.12924470306189,68.55500130684077,1241200
2019-06-06,69.08519744873047,69.28602651108143,68.65944081715709,68.73977121633415,684500
2019-06-07,69.38243103027344,69.74392091370964,69.29406574697711,69.30209449722807,595200
2019-06-10,69.52700805664062,69.83226595575465,69.47077617709816,69.7358658213325,2136500
2019-06-11,69.66358947753906,70.03311423456935,69.5591544376539,69.88851705757342,560900
2019-06-12,69.56718444824219,69.79211201253595,69.48685405082533,69.64751484565903,589400
2019-06-13,69.85636901855469,69.96883278498314,69.58324447974722,69.77603863236517,756600
2019-06-14,69.743896484375,69.9045572365568,69.5350326034868,69.70372823192213,506200
2019-06-17,69.58615112304688,69.79652958751255,69.53760462096177,69.77225633647,663800
2019-06-18,70.18490600585938,70.4195576948053,69.85316132373406,69.85316132373406,687300
2019-06-19,70.26581573486328,70.41955453150116,70.03117022971527,70.22536238060822,723500
2019-06-20,70.848388671875,70.9535809597183,70.31435878663676,70.84030170608423,960100
2019-06-21,70.89693450927734,71.13158613300803,70.71892250691229,70.81601547310724,2384300
2019-06-24,70.7998275756836,71.00211279732841,70.72700785905388,70.8807404296905,601700
2019-06-25,70.30626678466797,70.75129684061102,70.2577202961129,70.75129684061102,817800
2019-06-26,69.99071502685547,70.48429166136789,69.99071502685547,70.43574516395931,526000
2019-06-27,70.20108795166016,70.33864046567476,70.07162240440613,70.20108795166016,949800
2019-06-28,70.70275115966797,70.75130382627336,70.45191937969213,70.48428576634338,1020700
2019-07-01,71.13160705566406,71.43098535383196,70.80794933555015,71.20442680172948,986500
2019-07-02,71.27723693847656,71.27723693847656,70.83221303491666,71.08304480189146,1146600
2019-07-03,71.811279296875,71.8193724371388,71.39861556902318,71.39861556902318,471200
2019-07-05,71.67369842529297,71.73843117528118,71.22866848569254,71.55232606237878,502700
2019-07-08,71.32576751708984,71.59278548049976,71.2043951543349,71.4552268436416,564600
2019-07-09,71.2691421508789,71.31768863638337,71.06685689693562,71.08303700101843,600200
2019-07-10,71.47952270507812,71.71417436780453,71.35815647716512,71.52807536950009,547600
2019-07-11,71.47952270507812,71.56044175469582,71.12350481443873,71.53616850911321,742000
2019-07-12,71.7869873046875,71.7869873046875,71.50378920197458,71.62515540795467,661900
2019-07-15,71.83553314208984,71.8678995211458,71.6979806610437,71.8678995211458,729000
2019-07-16,71.60088348388672,71.81935500518102,71.56043013890108,71.79508176353849,619400
2019-07-17,71.18824005126953,71.67372349951222,71.1720537714825,71.64945025308865,521800
2019-07-18,71.57660675048828,71.66561274767271,71.06685018109553,71.14776304037535,740900
2019-07-19,71.27723693847656,71.74654026070922,71.22869044764447,71.74654026070922,600800
2019-07-22,71.19633483886719,71.34198050666497,71.00214267288938,71.3258003983575,496200
2019-07-23,71.68990325927734,71.72226964543789,71.31769907831641,71.44716462295861,831800
2019-07-24,72.11065673828125,72.11065673828125,71.61708017558426,71.66562666592934,558900
2019-07-25,71.85173034667969,72.1106552452535,71.64944507675465,72.06210258265703,518200
2019-07-26,72.19155883789062,72.23201218272118,71.79508148831903,71.93263397260326,423000
2019-07-29,72.18345642089844,72.29673564907186,72.08635729392626,72.16727631969721,562100
2019-07-30,71.9811782836914,72.01354466253265,71.7707999078511,71.92453866403312,1143500
2019-07-31,71.21251678466797,71.94074507931875,70.73512027968575,71.89219241083717,883300
2019-08-01,70.43572235107422,71.79507939756076,70.33862321444819,71.22867702712563,1084500
2019-08-02,70.10396575927734,70.44380344928337,69.78840130809246,70.33861735664009,1294200
2019-08-05,68.3805160522461,69.49712854726516,67.83029985761569,69.35148290241428,2188900
2019-08-06,69.01163482666016,69.06827444824923,68.1377610879239,68.66370395882566,1525500
2019-08-07,68.94690704345703,69.15728544165431,67.62800937510842,68.34814440440225,1212100
2019-08-08,70.06351470947266,70.07970098614543,69.14109448330997,69.2543737269962,1125300
2019-08-09,69.69940185546875,70.03923957735523,69.22201165185523,69.88550699264789,855200
2019-08-12,68.9792709350586,69.46475430522892,68.71225292082532,69.38384143907653,738600
2019-08-13,69.80460357666016,70.23345356728743,68.82554353601596,68.90646258878975,1196600
2019-08-14,67.88691711425781,68.94688962990435,67.83027750288558,68.8821568816919,1312900
2019-08-15,67.91121673583984,68.21060118269584,67.41764014215521,68.08113563597205,1027100
2019-08-16,68.9711685180664,69.06017451083723,68.31576636516775,68.31576636516775,748300
2019-08-19,69.76414489746094,69.94215692276192,69.56185962748373,69.66704574549954,833500
2019-08-20,69.14920043945312,69.6832365500417,69.10874708678416,69.66705027036856,706100
2019-08-21,69.65895080566406,69.76414309421742,69.47285181911893,69.64277070071698,851500
2019-08-22,69.72369384765625,70.01498516568448,69.35148964645514,69.82079301141809,649500
2019-08-23,68.02448272705078,69.67513108609914,67.66037175114921,69.41620621643993,1269000
2019-08-26,68.64751434326172,68.68797385953846,68.18630425468201,68.51805500303598,927700
2019-08-27,68.37244415283203,69.16540539296848,68.25107171554214,69.01166656085071,799800
2019-08-28,68.95500946044922,68.96310260042243,68.17014156098735,68.2591475809216,688600
2019-08-29,69.61042022705078,69.71561253964586,69.19775646413741,69.51332722866489,804400
2019-08-30,69.71559143066406,70.06351613387676,69.54566638842431,69.95833002638845,613400
2019-09-03,69.53758239746094,69.561855640746,68.94690672674749,69.32720400023004,969800
2019-09-04,70.2496109008789,70.29007041414992,69.90168007581512,70.055418818339,687400
2019-09-05,71.00211334228516,71.35004417311488,70.79982811908776,70.83219449558996,795300
2019-09-06,71.13967895507812,71.26105134607035,70.9697600769915,71.12349885046541,792300
2019-09-09,71.56043243408203,71.56851939938508,71.27722814382051,71.44715318727981,948000
2019-09-10,71.93263244628906,71.93263244628906,71.36623007137793,71.39050948566796,810500
2019-09-11,72.47476196289062,72.50712834494956,71.7627200773624,71.96500533528867,1534600
2019-09-12,72.62039947509766,72.83886481299646,72.28056176136376,72.59612623458173,1608500
2019-09-13,72.59613037109375,72.91169486229252,72.50712436862683,72.78222934115671,770100
2019-09-16,72.2724838256836,72.45858899754467,72.13493131832271,72.4504958579185,1191400
2019-09-17,72.36148071289062,72.37766081684495,72.06209631705984,72.24010832683729,1121600
2019-09-18,72.43431091308594,72.45049719263645,71.90837411957507,72.28057829689737,701100
2019-09-19,72.36958312988281,72.72560102182618,72.26439083429725,72.53140888319736,551800
2019-09-20,72.31293487548828,72.74177862656279,72.14301600279401,72.54758651109162,1117200
2019-09-23,72.40192413330078,72.57184296668976,72.08635353043026,72.12681304120342,1164200
2019-09-24,71.99868774414062,72.61908636528172,71.77012147002651,72.5782745180264,1305200
2019-09-25,72.25989532470703,72.3578549523114,71.80276285181233,72.02317045693145,1035300
2019-09-26,72.17826080322266,72.34968546960349,71.86806467757579,72.34152683879663,866100
2019-09-27,72.21090698242188,72.57008599776512,71.8435693370658,72.39866134806816,1013200
2019-09-30,72.43132781982422,72.64356434234787,72.25173827925576,72.27622662970364,864800
2019-10-01,71.45175170898438,72.71703715108315,71.35379830513263,72.64356587023121,1265800
2019-10-02,70.17830657958984,71.08441291936764,69.86810419749037,71.08441291936764,1160200
2019-10-03,70.5946273803711,70.5946273803711,69.44362507616513,70.12933003415152,1181400
2019-10-04,71.54155731201172,71.58237538843824,70.70075725252345,70.71708074631562,804600
2019-10-07,71.19052124023438,71.70479521479662,71.15786803468028,71.40276396235495,667200
2019-10-08,70.07218170166016,70.73339830386716,70.03953471969018,70.73339830386716,958300
2019-10-09,70.54563903808594,70.78237012279982,70.26809611474296,70.50482719945686,688000
2019-10-10,70.97012329101562,71.239501350821,70.48849627094927,70.53747919561043,898500
2019-10-11,71.7456283569336,72.30888537218327,71.53338559020766,71.69665165229047,1200200
2019-10-14,71.61500549316406,71.71295888023477,71.50888101988807,71.63949383993173,593300
2019-10-15,72.10479736328125,72.34152844916144,71.72929481504589,71.81908957961984,1134600
2019-10-16,72.0149917602539,72.25172281050543,71.94152049667713,72.11294514107409,616400
2019-10-17,72.19458770751953,72.3905007146116,71.99866847246524,72.243564402302,663500
2019-10-18,72.13746643066406,72.30889113854892,71.95787686203309,72.02318329207415,967300
2019-10-21,72.65987396240234,72.68436230607635,72.47211961429946,72.47211961429946,1355100
2019-10-22,72.7088623046875,73.01905842088365,72.4802960898101,72.71702716320806,837800
2019-10-23,72.82316589355469,72.82316589355469,72.43133976583916,72.51296969011622,711600
2019-10-24,72.59458923339844,73.01906851571724,72.41499968889171,72.99458016473235,792100
2019-10-25,72.97007751464844,73.08436061549196,72.59457500788228,72.59457500788228,803800
2019-10-28,73.17417907714844,73.459886921821,73.12520236890855,73.20683229196301,857200
2019-10-29,73.32111358642578,73.48437342843009,73.09254731643425,73.13335916295344,907700
2019-10-30,73.40272521972656,73.49251997884642,73.0027343468959,73.40272521972656,789300
2019-10-31,73.19050598144531,73.34560096089002,72.69255537362609,73.3047891149156,773500
2019-11-01,73.79456329345703,73.79456329345703,73.4598725779329,73.46803743703323,980100
2019-11-04,74.12924194335938,74.30066660319062,73.99863534785271,74.1618951492266,1027000
2019-11-05,74.16189575195312,74.33332041317756,74.07210099207904,74.186384099562,1108200
2019-11-06,74.29251861572266,74.34966017718575,74.05578751024326,74.22721219463253,888100
2019-11-07,74.5047607421875,74.83945150445784,74.39047761067167,74.68435029970196,2209600
2019-11-08,74.71699523925781,74.71699523925781,74.1619031356621,74.45577579215177,769600
2019-11-11,74.4312973022461,74.47211537637362,74.2598726012451,74.38232059566401,1103500
2019-11-12,74.43944549560547,74.69250006023866,74.24352625721623,74.53739888683776,2293600
2019-11-13,74.34963989257812,74.50473481539919,74.08842050744848,74.2353568008315,803300
2019-11-14,74.27617645263672,74.33331800452662,73.94965062985355,74.25168810582134,877500
2019-11-15,74.69249725341797,74.69249725341797,74.39045977655637,74.59453763790451,986600
2019-11-18,74.64352416992188,74.73331893149512,74.42311658134668,74.58638261509911,6931700
2019-11-19,74.45578002929688,74.814959124994,74.37415011517386,74.79047077355342,941900
2019-11-20,74.18639373779297,74.39047163166362,73.85987408997038,74.32517143887694,998100
2019-11-21,74.2435302734375,74.34965475696308,73.94965762791887,74.26802485053292,912600
2019-11-22,74.48844146728516,74.57007139042365,74.32518162100818,74.45578825243697,1058400
2019-11-25,74.82310485839844,74.86391669104594,74.63535049874265,74.71698039199931,1244200
2019-11-26,74.8884048461914,74.92105804900353,74.65983865446812,74.83942815595402,1077500
2019-11-27,75.14962768554688,75.19861060599123,74.90473799517272,75.01085623820533,3222200
2019-11-29,74.90475463867188,75.13332089165891,74.80679500397888,75.05984960864834,508900
2019-12-02,74.5047607421875,75.01904106197232,74.43946054415242,74.97822298873227,1388400
2019-12-03,73.95781707763672,74.02312348918935,73.50884951112732,73.9251638718604,1791900
2019-12-04,74.54557037353516,74.65168863279294,74.10476138990899,74.21904450848287,1438700
2019-12-05,74.65986633300781,74.68435468720503,74.30068719687807,74.65986633300781,1389000
2019-12-06,75.29658508300781,75.47617464303256,75.07618367713613,75.11699552298306,1413900
2019-12-09,75.2067642211914,75.37818886141102,75.19860559162963,75.22309393623793,1515200
2019-12-10,75.09249114990234,75.30473387810369,74.91290162819062,75.16596242149457,1461100
2019-12-11,75.2231216430664,75.38638148589602,75.06802043280362,75.19863328943835,1646100
2019-12-12,76.09657287597656,76.2026911482235,75.19046644782908,75.25577287442577,1823000
2019-12-13,75.89248657226562,76.30880721083176,75.60677877245081,76.04758776129208,1587000
2019-12-16,76.38226318359375,76.56185270155105,76.25165658832803,76.32512163042209,1454200
2019-12-17,76.49654388427734,76.64348019180682,76.44756719108818,76.5128736006484,1561300
2019-12-18,76.45573425292969,76.63531754245332,76.37409812464546,76.62715891199464,847100
2019-12-19,76.61083984375,76.6679814047141,76.45574487996919,76.51288644093329,2286100
2019-12-20,77.11695098876953,77.2393989634702,76.92919659716682,77.02715622251989,1349300
2019-12-23,77.09142303466797,77.26427299863316,77.02557363513523,77.26427299863316,2724200
2019-12-24,77.06671905517578,77.2066505886879,76.9514857544556,77.1572604028479,461500
2019-12-26,77.24783325195312,77.28075796269175,77.0420585196465,77.17375736260105,1065000
2019-12-27,77.26428985595703,77.4289071109603,77.1490565215056,77.4289071109603,1377600
2019-12-30,76.90211486816406,77.33835619185393,76.82803271673363,77.31366423462545,1591100
2019-12-31,77.1325912475586,77.17374870129936,76.75396653617751,76.80335045686981,703100
2020-01-02,77.34659576416016,77.4865210539681,77.00089577295974,77.45359634817585,1987200
2020-01-03,76.73751068115234,76.99266932222463,76.52350321587616,76.67166126418336,1933900
2020-01-06,76.77864074707031,76.79510623665848,76.37532416858058,76.38355691337466,2493300
2020-01-07,76.46589660644531,76.64697938706175,76.38358796427791,76.61405467424541,832300
2020-01-08,76.6634292602539,76.95151261260318,76.43296257837449,76.51527121051055,954000
2020-01-09,77.03380584716797,77.04203859265985,76.73749608665396,76.93503802024492,1304100
2020-01-10,76.73751068115234,77.17375207901632,76.6469693027565,77.13259462347419,1645100
2020-01-13,77.1655044555664,77.1655044555664,76.71279765086248,76.87742116154791,2655400
2020-01-14,77.25606536865234,77.39599067833898,77.01736592755647,77.06674985338789,850800
2020-01-15,77.30543518066406,77.51120987372147,77.10789323365763,77.21489381333919,1301900
2020-01-16,77.84048461914062,77.84048461914062,77.55240117904903,77.63470983625406,1299200
2020-01-17,78.01332092285156,78.05447838406855,77.87339560230889,77.93924502835729,1002400
2020-01-21,77.6676254272461,77.90632490091126,77.51946734979003,77.79931800734744,1431900
2020-01-22,77.81575012207031,78.0297575376424,77.7334415098486,77.85690128830888,948100
2020-01-23,77.73344421386719,77.7663689158501,77.14081213766444,77.56059423826552,833600
2020-01-24,77.04204559326172,77.9145345820801,76.71280482086301,77.9145345820801,1017400
2020-01-27,76.10369873046875,76.44939864863076,75.92261602674269,76.1119314751138,1263900
2020-01-28,76.59757995605469,76.80335467657257,76.30949660327889,76.41649719723958,804100
2020-01-29,76.18602752685547,76.86096833249177,76.16956831294789,76.75396774272784,807300
2020-01-30,76.4988021850586,76.57287806055703,75.4863879283628,75.71685458068502,1804900
2020-01-31,75.19830322265625,76.21894392681821,74.93491187062267,76.19425196877525,2566000
2020-02-03,75.43701171875,75.98848644740013,75.3547030887605,75.52755309566223,1467400
2020-02-04,76.25186157226562,76.60579425752381,76.19424491558381,76.29301901835747,922500
2020-02-05,77.51121520996094,77.5359071700685,76.77042500800574,76.84450716807412,1143000
2020-02-06,77.53590393066406,77.82399353253788,77.46182805343625,77.7992952937165,1027000
2020-02-07,77.11612701416016,77.379518373617,77.00089368688188,77.379518373617,747800
2020-02-10,77.37129211425781,77.37129211425781,76.90212601964842,76.97620190207554,825400
2020-02-11,77.65938568115234,77.88162591718536,77.52769311291702,77.67585117702346,825800
2020-02-12,77.86514282226562,78.0791502619932,77.70875832531631,77.98037614833156,836700
2020-02-13,77.65938568115234,77.8240092411299,77.31368562481957,77.60176900509688,910200
2020-02-14,77.58529663085938,77.74991388317189,77.28898055290036,77.74991388317189,886500
2020-02-18,77.18196868896484,77.50298298575352,76.88565890993993,77.42890083118837,814700
2020-02-19,77.31368255615234,77.43714865129832,77.22314117169506,77.35484001444982,1125400
2020-02-20,77.28075408935547,77.4453713550515,76.66342992337613,77.16552074741902,963900
2020-02-21,76.91034698486328,77.08319696379412,76.65518210951733,76.9597308989164,898000
2020-02-24,74.83615112304688,75.6180988526047,74.69622581598524,75.23124136152559,3376800
2020-02-25,72.68785858154297,75.09953850130726,72.41624072936165,74.99253790982651,3913400
2020-02-26,72.19397735595703,73.61794069514151,72.13636070522378,72.97592479275848,2524000
2020-02-27,69.12385559082031,71.8647704409365,69.11562284263316,71.09106166450961,4116900
2020-02-28,67.90563201904297,68.08671470918607,65.99604358800023,67.31300004393596,6618300
2020-03-02,71.04988861083984,71.04988861083984,67.71633593801462,68.33366004189,3985100
2020-03-03,69.23907470703125,72.07053036566005,68.58882588840478,71.11573900395545,3757100
2020-03-04,72.10344696044922,72.119912451585,69.78230881015223,70.44901676701836,2572700
2020-03-05,69.91401672363281,71.00873339639658,69.239075933316,70.38318280617321,2391700
2020-03-06,68.83575439453125,69.0909193076273,67.32948827536374,67.82334632819305,3514200
2020-03-09,63.35392379760742,65.73267913349368,62.91768238220041,64.11940603135345,5635700
2020-03-10,65.92735290527344,66.02684314367255,62.627672397630626,65.66205192815002,6366000
2020-03-11,62.72713851928711,64.51791784504952,61.98926393741467,64.17800406376932,3985500
2020-03-12,56.542301177978516,60.57985505417295,56.45110340791146,58.41599219216722,7132500
2020-03-13,61.65765380859375,61.7654301344146,56.791033076609395,59.86686783165286,4264900
2020-03-16,55.45623779296875,59.25336251942685,54.32041481816348,55.182644428010285,4530600
2020-03-17,59.36941909790039,59.36941909790039,55.149469703010354,56.40136118325749,4339800
2020-03-18,56.393070220947266,57.47915105308384,53.54108729581659,55.721528741163475,4823500
2020-03-19,55.398189544677734,56.75785727074535,53.89758211749531,55.51425827798071,4103100
2020-03-20,52.76176834106445,55.95367169670889,52.513049133017766,55.88735121309637,3978500
2020-03-23,50.54816436767578,52.653989992993004,49.80200356481462,52.5462136701858,5933200
2020-03-24,54.90076446533203,55.091446148099905,52.89442262811593,53.33382986222197,4476700
2020-03-25,55.62204360961914,57.69470893402479,53.847842597949715,55.439654374300424,4657700
2020-03-26,59.419158935546875,59.78395000106799,56.16922172083462,56.31016142332356,4770500
2020-03-27,57.827354431152344,59.65129713041334,57.23871832070655,57.42939996162487,2835300
2020-03-30,59.7922477722168,59.97463699599489,58.00146200911087,58.20043609658746,5213600
2020-03-31,58.65642166137695,59.91659924469258,58.34137884686601,59.69275419956382,2213900
2020-04-01,56.20238494873047,57.280166954520546,55.68007564536639,56.31845368281137,3374300
2020-04-02,58.067787170410156,58.225311744727954,56.03657154332412,56.03657154332412,2558200
2020-04-03,57.23044204711914,58.48233385179467,56.55890041079927,57.810792215474805,2980500
2020-04-06,60.56326675415039,60.994378240661625,59.004618808082455,59.153850923657664,3036000
2020-04-07,60.538421630859375,62.74374114112394,60.538421630859375,62.569637967988456,3339100
2020-04-08,62.66911315917969,63.00074091554437,60.59644758849206,61.29286650938524,2282200
2020-04-09,63.9127082824707,64.88272051272605,63.29920108512365,63.78006098384539,3945700
2020-04-13,62.859806060791016,63.854683081941864,62.27946218599866,63.83810453920801,3926000
2020-04-14,64.4184341430664,64.51792435325046,63.53133365939394,64.09509886655874,3096800
2020-04-15,62.43696212768555,63.166544298998105,61.956108626460065,63.00901972559708,2660400
2020-04-16,62.33747482299805,62.79345732972895,61.66592705902416,62.65251762720876,2065200
2020-04-17,64.56767272949219,64.75836073669446,63.415271229104675,63.92929454503305,2425800
2020-04-20,63.3157844543457,64.44331492974106,63.24116521134826,63.42356077726115,2595500
2020-04-21,61.59959411621094,62.56959962581416,61.466940546382965,62.038997997042976,2052200
2020-04-22,62.702274322509766,63.11680742180639,62.345775604103736,62.85150649126748,1529000
2020-04-23,62.68568420410156,63.763472593322945,62.594486433077975,62.992440918023824,1937200
2020-04-24,63.498172760009766,63.722024160433236,62.57791516192526,63.03389774472062,1506100
2020-04-27,64.70032501220703,64.9987893410267,63.78835348537936,63.92929321696838,3336200
2020-04-28,64.96561431884766,65.85271471386797,64.79151121237882,65.73664597622209,1826700
2020-04-29,66.06827545166016,66.57400624743997,65.53767368646034,66.20921516188811,1644400
2020-04-30,64.67546081542969,65.48794220935474,64.41844597323929,65.43820025776404,7225200
2020-05-01,62.94269561767578,63.79663267267402,62.66910229172326,63.69714879070747,1774600
2020-05-04,62.892948150634766,62.98414591793922,62.05558970778095,62.59448388041503,2038400
2020-05-05,63.22459030151367,64.01220066287983,63.21629786842166,63.61425242828732,1960000
2020-05-06,62.28773880004883,63.6556992395649,62.262867827102276,63.589372428192185,1397200
2020-05-07,62.635929107666016,63.42353915530336,62.56130989010729,62.98413525555175,1834000
2020-05-08,64.09510803222656,64.16143484850075,63.332368620893526,63.53963517779533,1388100
2020-05-11,63.75518798828125,64.11168668460799,63.28262053736187,63.60595582876604,1563100
2020-05-12,62.586185455322266,64.1779968524698,62.56960691979632,64.01217987085491,1650800
2020-05-13,61.350887298583984,62.453546655934616,60.87831990618685,62.40379839207517,2174300
2020-05-14,62.17167663574219,62.18826150298054,60.132174409299964,60.7456816663744,2213600
2020-05-15,62.130210876464844,62.237987184245654,61.400628715265846,61.79858319639911,1494200
2020-05-18,64.4184341430664,64.7666467160744,63.796634561279,63.92928817485775,2305500
2020-05-19,63.348934173583984,64.23603451365094,63.3406417427596,64.23603451365094,1401700
2020-05-20,64.30236053466797,64.57595384804512,63.92099091235677,64.1614208248453,1130100
2020-05-21,63.85466384887695,64.41014290489481,63.66398220113883,64.17800542489783,1589500
2020-05-22,63.79664611816406,63.87955780430661,63.35724201281232,63.82152341917097,1975500
2020-05-26,65.19776153564453,65.69519996063322,65.05682180819774,65.33870126309132,2067200
2020-05-27,66.58232879638672,66.58232879638672,65.4962537021232,66.25899336641093,1736400
2020-05-28,66.37503051757812,67.13777614340036,66.20092739410083,67.10461274008004,2124200
2020-05-29,66.50768280029297,66.61545911497346,65.34698900839297,66.17605509899693,2467100
2020-06-01,66.5739974975586,66.83929834528976,66.10143016487272,66.30869664982743,1471200
2020-06-02,67.3118896484375,67.3118896484375,66.6983760802978,66.88906409748142,1702900
2020-06-03,68.63008880615234,68.78761338478714,67.92538390612505,67.95854730822037,1779600
2020-06-04,68.91197967529297,68.91197967529297,68.19068985805491,68.32334347628047,1916900
2020-06-05,70.73593139648438,71.49038471157766,70.54524337802201,70.81883675549145,3235500
2020-06-08,71.94635772705078,71.9629425917983,71.00951527753936,71.15874743390401,2064700
2020-06-09,70.84371185302734,71.17533963362635,70.54524748301563,71.10901281245178,1817600
2020-06-10,69.63326263427734,70.81054134856396,69.59181312285361,70.81054134856396,1603800
2020-06-11,65.29727172851562,67.96686656055644,65.18948904785549,67.62694629889704,2943100
2020-06-12,66.11802673339844,67.18752284648866,64.87442748449439,67.15435944081848,2202900
2020-06-15,66.52426147460938,66.89734501130515,64.30236409425005,64.66715519894665,1751300
2020-06-16,67.85076141357422,68.64667037511794,66.73981596042559,68.57205114266677,1750500
2020-06-17,67.16265106201172,68.05803770319608,67.04658230620498,68.04145916319774,1069200
2020-06-18,67.2787094116211,67.40307058082807,66.60716162801212,66.839305428992,1474500
2020-06-19,66.73981475830078,68.14093835930115,66.47451388432214,68.14093835930115,1668800
2020-06-22,66.63678741455078,66.82947255694287,66.0587192039112,66.77082841903245,2170000
2020-06-23,66.68704986572266,67.49131504216095,66.62840572968231,67.37402677008025,1664400
2020-06-24,64.96121215820312,66.12572136873428,64.5255646541064,66.12572136873428,2946900
2020-06-25,65.66496276855469,65.71523373784844,64.38316490686769,64.82718571995073,2301800
2020-06-26,64.19883728027344,65.3047024591248,63.9139962212304,65.3047024591248,2650800
2020-06-29,65.21257019042969,65.27122072690507,64.39155216402783,64.67639332657025,1860500
2020-06-30,66.00005340576172,66.30165355652936,65.07850023029597,65.15389707212312,1661700
2020-07-01,65.75709533691406,66.52785480485223,65.7235834998968,66.20111599186633,1830100
2020-07-02,66.13412475585938,67.07243099496813,66.00845691548392,66.6451692861162,1636400
2020-07-06,66.75405883789062,67.23159138081412,66.4859705048762,67.02214717090504,1590300
2020-07-07,66.0168228149414,66.42733170960383,65.8911550005707,66.25977249319938,1438100
2020-07-08,66.11734771728516,66.39381561284283,65.59793015903394,66.11734771728516,1376700
2020-07-09,64.98633575439453,66.05030930831958,64.51718286658237,66.05030930831958,1623700
2020-07-10,66.29329681396484,66.34356778421326,65.04501077752396,65.04501077752396,1329800
2020-07-13,66.4021987915039,67.29861981759026,66.31004282129341,66.75406355500013,2041000
2020-07-14,67.24835205078125,67.3907789880623,66.00006620191994,66.234642722057,1732600
2020-07-15,68.08611297607422,68.27880443899915,67.75938055819526,68.2117807656575,1966400
2020-07-16,68.1950454711914,68.40448971011293,67.61697732641413,67.81804200609413,1461000
2020-07-17,68.3290786743164,68.64743797190792,68.1531463006775,68.45474648169568,1304800
2020-07-20,67.83480072021484,68.2788214814047,67.70913289926486,68.22855690971706,1486700
2020-07-21,68.73123168945312,69.03283194642893,68.15316346496088,68.29558403305172,1858000
2020-07-22,69.05793762207031,69.10820218161786,68.40447278103485,68.59715785378667,1730900
2020-07-23,69.0076904296875,69.42657890928362,68.74797522596086,69.02444315650972,1957800
2020-07-24,68.30396270751953,68.97418691249086,68.01912157503234,68.8233867859589,1708800
2020-07-27,68.3458251953125,68.37933703055303,67.85991317191836,68.27880152483145,1377400
2020-07-28,68.30396270751953,68.67258665942694,68.21180671954268,68.26207768954116,996300
2020-07-29,68.83174133300781,68.97416184749625,68.11962597710688,68.37934111781276,1451300
2020-07-30,68.28719329833984,68.37096970556449,67.60021653232954,68.29556646485119,1187400
2020-07-31,68.02748107910156,68.15314889125762,67.1310600602597,68.02748107910156,1404900
2020-08-03,68.1950454711914,68.49664568657687,67.86831296981232,68.27044232917231,1242600
2020-08-04,68.63069152832031,68.63069152832031,68.0358706147341,68.06938246233871,1153200
2020-08-05,68.83174133300781,69.14171464198505,68.73120582127689,69.024426407497,1574000
2020-08-06,68.7982406616211,69.00768488458931,68.530152311891,68.78148154441459,1686000
2020-08-07,69.57735443115234,69.57735443115234,68.55526587943491,68.62228954650165,1820200
2020-08-10,70.21408081054688,70.27272493860171,69.62763952999856,69.6862836580534,1866200
2020-08-11,70.18895721435547,71.28644305740573,69.97113340101792,70.91782551760147,1867100
2020-08-12,70.76702117919922,70.94295357465,70.53244465193151,70.81728575169059,1435400
2020-08-13,70.18895721435547,70.40678102769301,69.96276023292403,70.3146250448091,1452600
2020-08-14,70.35652160644531,70.54082719398379,69.82033839778084,69.96276535831907,1458000
2020-08-17,70.12193298339844,70.4151600494601,70.07166840829362,70.4151600494601,1684200
2020-08-18,69.86221313476562,70.23921017203857,69.80356900915137,70.17219287971537,1257000
2020-08-19,69.6611557006836,70.24759701766091,69.52710831867108,69.97112908605833,1446900
2020-08-20,69.29251861572266,69.46007781137646,69.13333897778396,69.30089817343779,1355800
2020-08-21,69.23387145996094,69.2841360205886,68.89875947507439,69.09983050104401,1209900
2020-08-24,70.2727279663086,70.2727279663086,69.32604231785524,69.57737795847939,1199500
2020-08-25,70.14705657958984,70.57431815957327,69.87058869249708,70.54080631946536,1257500
2020-08-26,69.84546661376953,70.03815173287609,69.57737824547236,70.00463988787259,1199500
2020-08-27,70.26435089111328,70.54919196903032,69.95437113714726,69.95437113714726,1640200
2020-08-28,70.73350524902344,70.75863753381783,70.07166071860526,70.50730829414334,1193800
2020-08-31,70.19733428955078,70.70837876137085,70.19733428955078,70.62460234127748,1573400
2020-09-01,70.14705657958984,70.17218886173828,69.78681228809228,70.10516518152247,2038100
2020-09-02,71.36183166503906,71.56289631745665,70.21407509035063,70.34812245311574,2200900
2020-09-03,70.0465316772461,72.04881808716728,69.54386678289112,71.49588222916515,2272800
2020-09-04,70.10517120361328,70.8759244171136,69.28414702976781,70.51568009467076,2209600
2020-09-08,68.67256164550781,69.83707082388197,68.47149701394672,69.79517942943077,2758500
2020-09-09,69.46846771240234,70.0381563314045,69.06633832941922,69.16686747929936,2178900
2020-09-10,68.36259460449219,69.68628365682719,68.23692678959674,69.66115137219421,2690900
2020-09-11,68.86527252197266,69.14174048878584,68.38773984826432,68.54691953674437,2010800
2020-09-14,69.65277862548828,69.99627026034749,69.24226968896367,69.32604610984383,1898700
2020-09-15,69.51874542236328,70.12193955534752,69.41820987099995,70.02978356453079,1616600
2020-09-16,69.9208755493164,70.64136436202136,69.61089572328642,69.82033999693945,1512300
2020-09-17,69.68628692626953,69.86221931868508,68.83175725000389,69.22550704727819,1643600
2020-09-18,69.13335418701172,69.76168692755377,68.78986894588228,69.74493420016769,1698000
2020-09-21,67.71797943115234,68.27567988979473,66.91523580386662,68.20807866205482,2766800
2020-09-22,67.80245208740234,68.27565405572413,67.40530308321308,67.76865148632183,1285000
2020-09-23,66.54344177246094,68.23343394445995,66.50118938943756,67.98838430590307,2087800
2020-09-24,66.7124252319336,67.36307569983033,65.92657876932526,66.44202679570316,2376800
2020-09-25,67.36309051513672,67.51519007189337,66.28149653233774,66.4335960890944,1736900
2020-09-28,68.39398193359375,68.757330490754,68.06443399184471,68.08133107614621,1344600
2020-09-29,67.86163330078125,68.49538036245252,67.59968657826917,68.41088204359139,988700
2020-09-30,68.38553619384766,68.9685855791522,67.94614104840092,68.03908469046124,1208800
2020-10-01,68.36018371582031,68.86718007115424,67.95458276346811,68.63903396763692,1338300
2020-10-02,68.44467163085938,68.81647191010416,67.4391243920696,67.48982853266227,1686000
2020-10-05,69.56008911132812,69.63614212405818,68.87564423080559,68.90944485348454,1386300
2020-10-06,69.0530776977539,70.46421954299011,68.94322408615527,69.80512366063108,1828500
2020-10-07,70.16001892089844,70.32902199397518,69.58542136605365,69.59387313140951,1098600
2020-10-08,71.01347351074219,71.03882236242883,70.39662351686292,70.48957360425307,1388500
2020-10-09,71.05572509765625,71.52047557155971,70.92052906230836,71.40217662307687,1173000
2020-10-12,71.63032531738281,71.8246772807386,71.09798003015342,71.18247836112182,1215300
2020-10-13,70.97967529296875,71.5289240697166,70.73462564036404,71.46132283172724,1230400
2020-10-14,70.67545318603516,71.34300068878164,70.61630373373139,71.03034989985781,1082700
2020-10-15,70.83602142333984,70.85291850798384,69.92342412916328,70.06707191246655,1372300
2020-10-16,71.02190399169922,71.30919948712386,70.81065502854344,70.98810338397749,1086500
2020-10-19,70.01637268066406,71.28386674592328,69.8896219847765,71.08951481932127,1088000
2020-10-20,70.18537139892578,70.77687251506443,70.01637476391953,70.38817509710334,1671800
2020-10-21,69.82201385498047,70.42196021297242,69.82201385498047,70.1346646810358,966800
2020-10-22,70.81910705566406,70.9036118063788,69.86426397257644,69.92341342999237,1774000
2020-10-23,70.8613510131836,71.13174942165024,70.44730486045799,70.97964991396235,1011700
2020-10-26,69.59388732910156,70.1853820885195,68.89253893807073,70.14313614673786,2055600
2020-10-27,68.62212371826172,69.54317270163426,68.62212371826172,69.53472093661034,1673900
2020-10-28,66.65328216552734,67.97148030948283,66.57723561998783,67.52363346092923,4190800
2020-10-29,67.18563842773438,67.76023600548329,65.88434372380866,66.57724023402278,2639700
2020-10-30,67.21099090576172,67.31239275912299,66.32374241757444,66.93214064412473,2482300
2020-11-02,68.50381469726562,68.63056536670928,67.54051992438482,68.14046621649081,2064700
2020-11-03,69.56852722167969,70.05862648409865,69.29812874013962,69.41642767288788,1623600
2020-11-04,69.38261413574219,70.63320446241482,68.98546502970186,69.66146433106503,2678500
2020-11-05,70.52336883544922,71.08951463590367,70.15156851428718,70.15156851428718,2156500
2020-11-06,70.38817596435547,70.8951723224293,70.18537226367917,70.69237506856146,1673700
2020-11-09,73.14285278320312,74.88354895288205,73.10060685066048,73.9118022490899,2672200
2020-11-10,74.17373657226562,74.33428785083636,73.2611394837691,73.616042649389,1992200
2020-11-11,74.06390380859375,74.68074730435997,73.69210348995671,74.68074730435997,1404700
2020-11-12,72.96540832519531,73.59070360306261,72.41615959808655,73.59070360306261,2780100
2020-11-13,74.22443389892578,74.46948347409183,73.36254095076146,73.41323863982792,1466200
2020-11-16,75.54264831542969,75.60179778117956,74.84130004524675,75.49194416849532,1766400
2020-11-17,75.16239166259766,75.43279012487399,74.57934880610647,75.01029212464172,1216000
2020-11-18,74.33429718017578,75.66939237200351,74.31739365041165,75.45814337760575,1526900
2020-11-19,74.51173400878906,74.58778054051353,73.7512364575109,74.23288383218596,1169300
2020-11-20,74.23289489746094,74.64694111889484,74.11459597705125,74.49484803277466,1068200
2020-11-23,75.20464324951172,75.3144904075647,74.58779333907198,74.73144755721239,1309800
2020-11-24,76.9284439086914,76.9453409936983,75.96514889308739,76.01584659491651,1814000
2020-11-25,76.42988586425781,76.70028432724514,76.13413855267918,76.70028432724514,1285400
2020-11-27,76.33694458007812,76.67494430944227,76.14259908728957,76.60734952101633,661600
2020-11-30,75.44969940185547,76.11724706668434,75.30605161806919,76.08344645047434,2492800
2020-12-01,76.18484497070312,76.91153562364106,76.16794143993243,76.37073868152423,1285000
2020-12-02,76.6411361694336,76.68338854901023,76.06653861995436,76.14259161383073,1057500
2020-12-03,76.7002944946289,77.04674599612368,76.42989599579758,76.6918491751842,1271400
2020-12-04,77.79878234863281,77.79878234863281,76.9791351878038,76.98758695300631,1798200
2020-12-07,77.28333282470703,77.51148535326128,77.0213861295893,77.5030335882165,1550600
2020-12-08,77.7734375,77.89173643168792,76.90309259680686,76.9453385313764,1286100
2020-12-09,77.82414245605469,78.20439458348244,77.45234854186101,78.0269397225975,1247000
2020-12-10,77.6128921508789,77.73964285794383,77.29179594688203,77.57909153254101,1443600
2020-12-11,77.31712341308594,77.4269705571939,76.75942303498321,77.1312232870517,1145500
2020-12-14,76.514404296875,78.01004465234007,76.514404296875,77.99314756586192,1742800
2020-12-15,77.55374145507812,77.62979445683888,76.72564888271485,77.07209393328885,1515200
2020-12-16,77.42698669433594,77.66359100656918,77.21573767923394,77.64668747514835,1199000
2020-12-17,77.60443115234375,77.72273652585652,77.39318214796981,77.72273652585652,1617800
2020-12-18,77.36784362792969,77.7396439882436,76.8946478579366,77.7396439882436,2191500
2020-12-21,76.88189697265625,77.11207943024051,75.8503265065371,76.60055779889181,2452300
2020-12-22,76.31070709228516,76.87337900305016,76.2680775744062,76.87337900305016,2576400
2020-12-23,76.89041137695312,77.17174399953669,76.54939484470256,76.68579755499317,1402400
2020-12-24,77.0523910522461,77.0523910522461,76.6176013048528,77.01828874776142,1185600
2020-12-28,77.24846649169922,77.84524047289706,77.12911169545966,77.52127838372517,1514700
2020-12-29,77.1291275024414,77.60654678524284,76.87336345559783,77.60654678524284,1317100
2020-12-30,77.35931396484375,77.58950291984587,77.20585682962576,77.21438403279072,1119200
2020-12-31,78.01576232910156,78.10954203921968,77.12059473410119,77.35078366051816,1063600
2021-01-04,77.06942749023438,78.28002974765211,76.37034667214193,78.25445465133805,3206300
2021-01-05,77.72589874267578,78.06691529112155,76.82221041799174,77.02681774531933,3158500
2021-01-06,79.67820739746094,80.14710593861741,78.11806116526678,78.11806116526678,2007300
2021-01-07,80.14710235595703,80.59041927149336,79.87429044539259,80.09594565098625,1911900
2021-01-08,80.16416931152344,80.37730387057964,79.4565610144127,80.36877666699924,1671600
2021-01-11,80.53074645996094,80.67567637288366,79.67820837780465,79.69526278188343,1986300
2021-01-12,80.98258209228516,81.13603919112033,80.47106059761745,80.65009279553371,2009700
2021-01-13,81.03374481201172,81.2639272251825,80.74387849075497,80.98258810570219,1335300
2021-01-14,81.5281982421875,81.92036490147045,81.08488138953878,81.263913570667,2036600
2021-01-15,80.6842041015625,80.99111833349,80.07890283980255,80.91439302768283,2908100
2021-01-19,81.05078887939453,81.24687548488751,80.82060647710604,81.22982108214089,2186700
2021-01-20,81.06784057617188,81.21277698891362,80.74387845664452,81.21277698891362,2423600
2021-01-21,80.61602020263672,81.02524145177978,80.41141283024075,81.00818704320864,1320200
2021-01-22,80.18973541259766,80.38582204682305,79.67821382917681,79.88282116167518,1693600
2021-01-25,80.36026000976562,80.36878070942404,79.49919452665014,79.86578624683983,1793800
2021-01-26,80.18973541259766,80.67568189249994,80.01923038624065,80.58190217669863,2051000
2021-01-27,78.21184539794922,79.32014755696964,77.94756066183575,79.22636784331331,2003500
2021-01-28,79.02175903320312,79.6696833098662,78.60401067862482,78.72336549297589,1670600
2021-01-29,77.57244110107422,78.9365007813634,77.25700616196494,78.67221604765571,2400900
2021-02-01,78.15217590332031,78.45056297500972,77.58950406875604,78.15217590332031,1716400
2021-02-02,79.05587005615234,79.50771426093183,78.63812165550503,78.78305809264302,1861900
2021-02-03,79.32015228271484,79.4480343093515,78.8683080923687,79.0388131249842,1363900
2021-02-04,80.26646423339844,80.26646423339844,79.22636670010893,79.32014641241206,1176100
2021-02-05,80.59042358398438,80.90586501484594,80.43696646955839,80.76945580008979,1102400
2021-02-08,81.3406753540039,81.3406753540039,80.8462016213372,80.8462016213372,1117600
2021-02-09,81.29801177978516,81.40031866572045,80.89731794030664,81.16160259853811,1147400
2021-02-10,81.34919738769531,81.67316608202991,80.82914854038509,81.63053656824358,1380200
2021-02-11,81.18721008300781,81.49411782996883,80.61600458485438,81.38329021313152,1357900
2021-02-12,81.63052368164062,81.63905088392185,80.88029248963107,80.99112010188887,1126000
2021-02-16,81.86071014404297,82.04826957737913,81.70725301716337,82.01416727092257,4199700
2021-02-17,82.21878814697266,82.25289045634813,81.40887293409382,81.74136232006657,3763500
2021-02-18,81.88629150390625,82.00564632396745,81.52822053937275,81.80103248584835,1135000
2021-02-19,82.125,82.33813453347597,81.99711797904448,82.06532259080072,1080900
2021-02-22,82.43192291259766,82.61095515901276,81.8180943509742,81.86071735953945,2032700
2021-02-23,82.64505004882812,82.86670528390886,81.99711923591167,82.54274312962556,2747200
2021-02-24,83.77037811279297,83.9408830956081,82.5512486230551,82.69617850888278,2574900
2021-02-25,82.34664154052734,83.88973972929182,82.04825454414151,83.77038493073748,2447700
2021-02-26,81.11900329589844,82.44896067969042,80.89734156381655,82.44896067969042,2495400
2021-03-01,82.89228057861328,83.32707031732187,82.05679039630085,82.18467240947666,1743100
2021-03-02,82.56830596923828,83.09688188341583,82.48305346807388,82.90079527682369,1523000
2021-03-03,82.52568817138672,83.31854884044263,82.45748356441754,82.53420886899588,1846700
2021-03-04,81.80955505371094,83.10541660431707,80.83766214293108,82.44043142462867,2911500
2021-03-05,83.65103912353516,83.85564644242814,81.81808094250594,82.59388721649773,2937100
2021-03-08,84.36717987060547,85.28792269178714,83.76187852640741,84.03469049145936,3806400
2021-03-09,84.22222900390625,85.05771259356854,84.14549720237066,84.5376704024882,1664100
2021-03-10,85.45842742919922,85.68861638585737,84.43538418995269,84.43538418995269,2154800
2021-03-11,85.44136810302734,86.08077166815156,85.27085658305124,85.58629801674498,1794500
2021-03-12,86.19159698486328,86.20865138858188,85.68860264910144,85.78238235650606,1686400
2021-03-15,86.45588684082031,86.49850984074446,85.56924648759866,86.25980022725193,2487700
2021-03-16,86.14897918701172,86.27685470087779,85.85058564305852,86.20865659493242,1518200
2021-03-17,86.3536148071289,86.36214201229711,85.6374791730904,86.19163043069186,1351200
2021-03-18,85.82501220703125,86.99299178970438,85.66303438487203,86.25128127312877,1540200
2021-03-19,85.526611328125,85.91025082382107,84.84457833094453,85.70564352640642,2396800
2021-03-22,85.57467651367188,85.76347046738047,85.09411484762211,85.42879265750129,1990500
2021-03-23,84.6993637084961,85.5403532052637,84.4762495243259,85.2400021518331,1621200
2021-03-24,84.77659606933594,85.77204615736242,84.76801274050526,85.02546022813296,1961400
2021-03-25,85.81497192382812,85.96085580477956,84.18448614784283,84.64788778189103,1992700
2021-03-26,87.38536834716797,87.43685522395644,86.14963092695386,86.32984154287486,1705300
2021-03-29,87.21373748779297,87.5226718533854,86.5872919749583,86.86189957246697,1494300
2021-03-30,87.04210662841797,87.26522733824048,86.81040913729707,87.12792027153084,3041000
2021-03-31,86.7503433227539,87.11934792710866,86.67311299836348,86.94772061924408,1464200
2021-04-01,87.1880111694336,87.23092127475488,86.381354876129,86.75893630487225,1412200
2021-04-05,87.83161163330078,88.12338590641836,87.57417067754501,87.79728486310096,1745600
2021-04-06,87.76295471191406,88.07188908464914,87.60848752554651,87.73721127204642,1846800
2021-04-07,87.71146392822266,88.04614172592919,87.44543966521526,87.7801174629218,1158100
2021-04-08,87.61707305908203,87.74579680882074,87.2051649165124,87.74579680882074,1414200
2021-04-09,87.96891021728516,87.9860703271466,87.50550868508982,87.78869960151385,1659600
2021-04-12,88.0118179321289,88.1748684457578,87.78870375756074,87.98607449253733,1206800
2021-04-13,87.63423919677734,87.78012305693878,87.21374118031883,87.74579628740165,1194500
2021-04-14,87.986083984375,88.27785827459974,87.4711954955128,87.56559248230647,1358800
2021-04-15,88.34649658203125,88.39799000886619,87.87451824164937,88.22635616468592,1523100
2021-04-16,88.88713836669922,89.05876567020435,88.67260096373683,88.80132471494666,1228100
2021-04-19,88.5267333984375,88.91289817599633,88.34651618526934,88.83566129218667,3514800
2021-04-20,87.94316101074219,88.34648576406512,87.69429687752533,88.2263453614309,2478500
2021-04-21,88.79273223876953,88.90428931983979,87.84018574396872,87.93458271532097,2064200
2021-04-22,87.88311004638672,88.83565014801603,87.77154640011956,88.83565014801603,2417600
2021-04-23,88.57820129394531,88.90429577957154,87.78012191726373,87.95174921555927,2017500
2021-04-26,88.37225341796875,88.86997523676119,88.30359987497593,88.74125802760241,3646800
2021-04-27,88.50955200195312,88.6382757554311,88.21778427142098,88.44948178995168,2545700
2021-04-28,88.57820129394531,88.79273869039561,88.47522098667093,88.59536140491016,2664500
2021-04-29,89.54791259765625,89.57365603901508,88.89571704553003,89.07593422936607,1222300
2021-04-30,88.96437072753906,89.23897834773645,88.76699997870206,89.22181823585753,1190600
2021-05-03,89.8997573852539,90.20869177690332,89.47068256875883,89.51358612211106,1488600
2021-05-04,90.17435455322266,90.19151466314199,89.3676918966256,89.74527978646445,1873800
2021-05-05,90.7321548461914,90.88662202715267,90.44038059452613,90.44038059452613,761400
2021-05-06,91.67611694335938,91.67611694335938,90.54335981227482,90.87803760915243,1406900
2021-05-07,92.1910171508789,92.30257424838778,91.17840030210783,91.31570738873006,1319500
2021-05-10,92.25967407226562,93.2894510709885,92.2510907422469,92.74881912873337,1810900
2021-05-11,91.22130584716797,91.9850584736602,90.77506438509673,91.7018675320183,2252900
2021-05-12,89.82252502441406,91.31571017475753,89.7109679235016,91.16124297117588,2102000
2021-05-13,91.1697998046875,91.59887454884175,89.70236496533933,89.77960182381082,1544900
2021-05-14,92.18242645263672,92.37122040807004,91.61605113349846,91.65037790241013,1758900
2021-05-17,92.23393249511719,92.46563003300984,91.87350464582707,92.11378551391208,1301300
2021-05-18,91.30712890625,92.24250893166206,91.25563547245191,92.17386193186893,1234000
2021-05-19,90.79222106933594,90.82654128834466,89.5822271137008,90.44037662646517,2387800
2021-05-20,91.28994750976562,91.59888187403514,90.56910502457778,90.84371262091051,1227600
2021-05-21,91.53881072998047,92.03653903922698,91.29852990404395,91.65037436142349,1423200
2021-05-24,91.87348937988281,92.1480969759451,91.6675353196265,91.92498280531804,1099200
2021-05-25,91.1440658569336,92.03654220335278,91.02392543983501,92.03654220335278,1101400
2021-05-26,91.30712890625,91.40152589652348,90.85231061520285,91.25563547245191,912000
2021-05-27,91.5302505493164,92.03655573191685,91.39294345407127,91.78769153215704,976400
2021-05-28,91.65896606445312,91.88208681650033,91.47017208557953,91.88208681650033,1411400
2021-06-01,91.89065551757812,92.49135758457813,91.66753480105177,92.38838382861327,1335600
2021-06-02,92.1052017211914,92.22534214609058,91.64180013351078,92.0451315087418,1091500
2021-06-03,92.24248504638672,92.35404866809213,91.58171283273538,91.72759667186918,1090700
2021-06-04,92.63726806640625,92.68017817516751,92.28543005378474,92.60294783599329,1031300
2021-06-07,92.37122344970703,92.71448460296506,92.19959614665899,92.71448460296506,1352600
2021-06-08,92.20816040039062,92.37121089914581,91.7876689820421,92.37121089914581,1294300
2021-06-09,91.89065551757812,92.30256363576056,91.85632874986933,92.17384644080448,1007300
2021-06-10,92.04512023925781,92.61149552341558,91.95072326737129,92.33688793624427,1071200
2021-06-11,92.1052017211914,92.26824569946194,91.74478044649385,92.2339254756297,1297800
2021-06-14,91.70185852050781,92.09660651529482,91.16980345944988,92.02795298215936,977900
2021-06-15,91.81342315673828,91.95073023430811,91.40151501835244,91.81342315673828,1314700
2021-06-16,91.1612319946289,91.80484417419595,90.75790064788768,91.79626084526313,1583600
2021-06-17,89.8825912475586,91.26421268845998,89.42777298698152,91.21272580527379,2551900
2021-06-18,88.10623168945312,89.09310519378087,88.05474480046377,89.09310519378087,2102300
2021-06-21,89.71587371826172,89.77638714912543,88.64391868776066,88.64391868776066,1842400
2021-06-22,89.83690643310547,90.10490015479323,89.30957224602051,89.77639299829914,1063800
2021-06-23,89.47383117675781,89.9838720727127,89.44789778821368,89.92335863428636,1355900
2021-06-24,90.20000457763672,90.29509807874364,89.75912372210935,89.97524411635763,1370000
2021-06-25,90.73596954345703,90.88292980274068,90.18270195929637,90.36424226702378,1519400
2021-06-28,90.38153839111328,90.77055240609423,90.14812470574866,90.75326567907132,1055400
2021-06-29,90.10489654541016,90.8397043944722,89.99250974565055,90.61493739042245,1411400
2021-06-30,90.57173156738281,90.68411839305637,90.04440387530082,90.04440387530082,2851700
2021-07-01,91.1249771118164,91.21142392282982,90.7359565690527,90.93479017030556,1225700
2021-07-02,91.28923797607422,91.41026484901734,90.93480401830362,91.25465792730905,968200
2021-07-06,90.23457336425781,91.16821493373627,89.66401902433445,91.16821493373627,3012200
2021-07-07,90.48528289794922,90.55444300535319,89.86285512225523,90.08762217358269,1119800
2021-07-08,89.68994903564453,90.01844960714084,89.17126149284563,89.61214887218617,1849300
2021-07-09,90.98668670654297,91.05584681616884,90.29509880122642,90.38155223599429,1565700
2021-07-12,91.32383728027344,91.35841733632974,90.40748887893116,90.73598951825902,1070900
2021-07-13,90.67546081542969,91.26330847855525,90.58901398756684,91.11634821164141,1061200
2021-07-14,90.65817260742188,91.17686016159792,90.26051192937123,90.80513287193557,1072800
2021-07-15,90.71004486083984,90.84835847241813,90.19999734168559,90.21729066530193,955000
2021-07-16,89.98387145996094,91.04718655132042,89.85420451812327,91.02125316295289,929100
2021-07-19,88.46238708496094,89.07616811414809,87.72757918215773,88.85140109365972,2882900
2021-07-20,89.6121597290039,90.04440049961542,88.44510437197624,88.60935797535926,1332500
2021-07-21,90.48528289794922,90.6322431795795,90.12220222728467,90.17406901010223,1836400
2021-07-22,90.04438781738281,90.41610849610208,89.78504075335515,90.4074684306457,700900
2021-07-23,90.61493682861328,90.6754502606204,90.07031594054922,90.38152976100567,1067600
2021-07-26,91.01261138916016,91.08177149216762,90.50257046928861,90.50257046928861,849900
2021-07-27,90.95208740234375,91.00395417585037,90.13083270963047,90.58900679685806,1100500
2021-07-28,90.81377410888672,91.17685471557603,90.44204684142775,90.95208770385278,1186400
2021-07-29,91.48807525634766,91.70419562314684,91.23737483940417,91.36704837857772,1067500
2021-07-30,91.0731201171875,91.67826109397974,90.926159852505,91.22872704316607,781600
2021-08-02,90.90023803710938,91.9808399952408,90.83972459127286,91.41892565791827,885900
2021-08-03,91.85115814208984,91.87709153146648,90.51985585850335,91.07312348343925,1281500
2021-08-04,90.89159393310547,91.56588851868399,90.88294727046517,91.3497681209744,1011400
2021-08-05,91.47942352294922,91.50535691025205,91.18550300622417,91.22007645898138,696700
2021-08-06,92.04999542236328,92.2228890886836,91.7992949893694,91.8252283797704,974600
2021-08-09,91.95490264892578,92.09321626397343,91.66962216133479,91.96354271548019,857700
2021-08-10,92.76750946044922,92.79344285067883,91.89438787718998,92.024054828338,838100
2021-08-11,93.4072265625,93.43315995162762,92.81937889221629,92.94904583785438,903800
2021-08-12,93.51095581054688,93.53688919847963,93.06142836361589,93.41586232448013,785800
2021-08-13,93.5368881225586,93.63198160753151,93.35534781364754,93.55418144462816,803500
2021-08-16,93.67521667480469,93.70115006475288,92.74157506384691,93.21704253113202,774500
2021-08-17,93.23431396484375,93.50230767311038,92.45627941667668,93.22566730445595,1062500
2021-08-18,92.06727600097656,93.2343246593597,91.9808291735908,92.92311080439484,888800
2021-08-19,91.75607299804688,92.09322028155502,91.21145198518087,91.35841226866474,967800
2021-08-20,92.309326171875,92.46493309331589,91.50535817700873,91.7301251958611,817900
2021-08-23,92.81938934326172,93.12195657626877,92.71564917960029,92.71564917960029,796300
2021-08-24,92.83665466308594,93.01819496102388,92.73291452334875,93.00954830051174,758200
2021-08-25,93.15653228759766,93.44180618229201,92.6551314131507,92.91447851247726,733400
2021-08-26,92.58595275878906,93.23431378174342,92.52543932713209,93.22566712137261,655200
2021-08-27,93.31212615966797,93.41585970849405,92.75021192013742,92.80207869455046,592000
2021-08-30,93.0787124633789,93.52824649309231,93.02684568897729,93.45908639691028,587200
2021-08-31,92.97496795654297,93.27753509734154,92.84529444035243,93.03548138470269,731600
2021-09-01,92.62918090820312,93.12193502950606,92.38712717780442,93.12193502950606,974600
2021-09-02,93.30349731445312,93.30349731445312,92.85396979427628,92.85396979427628,848500
2021-09-03,93.00091552734375,93.26025600381642,92.85395526446223,93.16516251713544,566100
2021-09-07,92.11914825439453,92.9144762618447,92.0932148641842,92.90582959995108,880700
2021-09-08,92.1104965209961,92.26610343801907,91.73012259150224,91.95488960397313,766900
2021-09-09,91.62638854980469,92.3611964753286,91.54858838384729,91.94624906594882,746500
2021-09-10,91.15955352783203,92.17964176012782,91.11633341865262,92.06726156169839,896900
2021-09-13,91.79927825927734,92.18829223533695,91.30652414504947,91.7819849385146,1065400
2021-09-14,90.87428283691406,92.07591139834555,90.58900240551739,92.04133135252754,1098000
2021-09-15,91.67826080322266,91.85980111704355,90.79648602698398,90.81377934952125,858500
2021-09-16,91.24602508544922,91.92895966735031,90.77920428336726,91.76471266705012,1106400
2021-09-17,90.6495132446289,91.26329420054114,90.52848638546138,90.97801377730232,1427200
2021-09-20,89.24681854248047,89.67346001012966,88.26292917829223,89.35130501417613,2632900
2021-09-21,89.07270050048828,90.00435015356278,88.95080291170622,89.75184610739413,1525500
2021-09-22,89.86502075195312,90.48321746763939,89.65605443861733,89.80407196710854,1325700
2021-09-23,91.08401489257812,91.5193653101345,90.2046051890966,90.34392051131633,1349100
2021-09-24,91.28426361083984,91.59771641285523,90.90115979731402,90.93598862452902,2141600
2021-09-27,91.87635040283203,92.25946090103919,91.52807537855675,91.52807537855675,902400
2021-09-28,90.9011459350586,91.96340175290544,90.74441955795139,91.75442882148346,1232400
2021-09-29,91.34522247314453,91.73703516892718,90.77926563474307,91.08400958067622,900700
2021-09-30,89.98690795898438,91.7370180692968,89.95207913695265,91.5977027811699,1262300
2021-10-01,91.08401489257812,91.47582761121079,89.70830597879913,90.47452696516727,1172800
2021-10-04,90.84020233154297,91.68478304278653,90.3700231734408,90.96209989368957,1343600
2021-10-05,91.47582244873047,91.946001670307,90.87504342359365,91.19719846293548,897400
2021-10-06,91.6151351928711,91.64125515285038,90.29166631528425,90.87504087413984,1124700
2021-10-07,92.2681655883789,92.8428246667286,92.15497023199065,92.15497023199065,826800
2021-10-08,92.25945281982422,92.51195684035059,92.05919536269896,92.33781934346605,701400
2021-10-11,91.6151351928711,92.77316880002968,91.58901523289181,92.39876720684757,1020400
2021-10-12,91.26686096191406,91.79798900096888,91.04918575387259,91.67609141589926,884900
2021-10-13,91.371337890625,91.58030420845749,90.37003070984342,91.26685141024902,928500
2021-10-14,92.7818603515625,92.82539804179935,91.84150868588391,92.0678860749427,701700
2021-10-15,93.35655212402344,93.74836487421871,93.20853456443152,93.31301442159253,821300
2021-10-18,93.03437805175781,93.50455727535073,92.71222301103441,93.00825809093374,811900
2021-10-19,93.90504455566406,93.90504455566406,93.16495048321268,93.31296796911947,962200
2021-10-20,94.70610809326172,94.76705687389166,93.8092874741702,93.90506507843423,900700
2021-10-21,94.375244140625,94.6625769531355,93.96601376697407,94.6016281725653,932400
2021-10-22,94.61903381347656,94.75834909985277,94.19239237405681,94.39265643749297,845800
2021-10-25,94.81930541992188,94.96732294128272,94.42748612800791,94.80188768628001,740700
2021-10-26,94.87155151367188,95.15888435120466,94.73224285005927,94.89767147291677,806800
2021-10-27,93.65255737304688,94.86283071390146,93.61772855079482,94.86283071390146,1010400
2021-10-28,94.50587463378906,94.50587463378906,93.730951379387,93.77448243778274,792200
2021-10-29,94.41879272460938,94.75836549023927,94.18369979891507,94.41879272460938,742400
2021-11-01,94.83672332763672,94.95862090021593,94.53197939618869,94.793192276241,832100
2021-11-02,95.23725128173828,95.36785773055429,94.7583698266395,94.96733615899315,766900
2021-11-03,95.76836395263672,95.81190164290395,94.89766329064332,94.96732093790332,1006900
2021-11-04,95.48974609375,95.90768536103373,94.98473808330029,95.85543880079871,962200
2021-11-05,96.07310485839844,96.42138644091365,95.76836096479212,95.92508734477804,890600
2021-11-08,96.06441497802734,96.56942300541569,95.82061983181767,96.34303895125548,890900
2021-11-09,95.99475860595703,96.0469985257226,95.59423705427528,95.95122091087266,1283900
2021-11-10,95.97733306884766,96.39526564991151,95.85542886954221,95.88155546841249,959000
2021-11-11,96.08181762695312,96.24725288002341,95.89897128336337,96.10793758419182,779000
2021-11-12,96.22982788085938,96.37785203223378,95.89025517655759,96.24724561298268,708100
2021-11-15,96.395263671875,96.53457895798326,96.20370847493537,96.47363018104052,905500
2021-11-16,96.37786865234375,96.76968133474566,96.3082109976751,96.49105735899063,880200
2021-11-17,95.94249725341797,96.18629234842159,95.72482211246216,96.18629234842159,743000
2021-11-18,95.6464614868164,95.97733197287555,95.18499122249027,95.88155437353406,1046800
2021-11-19,94.78448486328125,95.29819512090242,94.70611834089522,95.29819512090242,1215500
2021-11-22,95.48974609375,96.23854924223218,95.00215581768506,95.11534451950891,2091700
2021-11-23,96.38655853271484,96.46492504491053,95.58551553537403,95.66388204756973,1319800
2021-11-24,96.22114562988281,96.3778720369314,95.99476156571936,96.14277910489862,926900
2021-11-26,94.22724151611328,94.5319854671323,93.66128466826659,94.41879675473092,1520600
2021-11-29,94.45362091064453,95.03698882272103,94.00085279760039,94.95862230038203,1448200
2021-11-30,92.23332977294922,93.73964497797776,92.13755215999205,93.69610728375379,2260100
2021-12-01,91.74573516845703,94.2968884856745,91.71960856739982,93.25204365971794,2566700
2021-12-02,93.41749572753906,93.93120604447303,91.87635149089645,92.15497549936852,1946600
2021-12-03,93.49584197998047,94.13145643565645,92.7644565555067,93.82671250879237,2077200
2021-12-06,94.61903381347656,95.17628167314437,94.22722119565087,94.35782761589893,1531600
2021-12-07,95.5506820678711,95.79447717321818,95.15886945469445,95.24593818618722,1213600
2021-12-08,95.28948974609375,95.872857639235,94.96732808545845,95.68130241631235,1214800
2021-12-09,95.16758728027344,95.48104005749212,94.74964802967551,94.99344315797471,1430300
2021-12-10,95.84674072265625,95.85544294730578,95.19371515628391,95.69872318857922,1300700
2021-12-13,95.44619750976562,95.88154778853918,95.15015586588221,95.74223251073097,1599300
2021-12-14,95.57681274414062,96.02087196035897,94.9847360034892,95.11534243683803,1677200
2021-12-15,96.578125,96.63907378640728,95.33302266946308,95.68130429589877,2374800
2021-12-16,97.2659912109375,97.884188017634,96.91770954215797,97.02219603566792,2433000
2021-12-17,95.71614837646484,96.92642207293932,95.65519958034457,96.85676440796742,1933200
2021-12-20,94.94245147705078,95.06539926341163,94.04668137624816,94.8721936848012,2765900
2021-12-21,95.8996810913086,96.10167055281303,95.32885500040959,95.57475055344017,1677400
2021-12-22,96.47049713134766,96.48806492502871,95.51326008038467,95.83819056183258,1817500
2021-12-23,97.0062255859375,97.36629174624252,96.76033001312034,96.76033001312034,1794600
2021-12-27,98.08641052246094,98.08641052246094,97.02378661399025,97.19064048381532,1635100
2021-12-28,98.30594635009766,98.51671298048268,98.03369913986037,98.05126693414684,1296500
2021-12-29,98.4991683959961,98.6923672644771,98.24448893735793,98.27961783166852,1122400
2021-12-30,98.33229064941406,98.99094222736389,98.2532489759819,98.67478893393594,1038900
2021-12-31,98.45525360107422,98.77140694328936,98.22691914277408,98.26204803637036,1062800
2022-01-03,98.92070007324219,98.92948397171082,98.22691949755045,98.569417836162,2383800
2022-01-04,100.13260650634766,100.41363092721562,99.15780828095464,99.34222992901012,1861300
2022-01-05,99.75499725341797,101.17768740876498,99.70230725882612,100.51025177661,2590000
2022-01-06,100.13260650634766,100.40485372979681,99.62325434987808,100.29068316184531,2723200
2022-01-07,100.59806060791016,100.8527333394429,99.99209897045102,100.11504673744987,1890000
2022-01-10,100.50145721435547,100.7649138419502,99.69350613600635,100.70343995882969,3430600
2022-01-11,100.99324035644531,100.99324035644531,99.84279776251996,100.60682929277259,2930800
2022-01-12,101.00202941894531,101.2567088421047,100.5365833594353,101.04593550560348,1581400
2022-01-13,100.86150360107422,101.57285181413995,100.56291812163049,101.10739910182785,2876200
2022-01-14,100.68588256835938,100.72101146002802,99.81646427505106,100.10626590605317,2053400
2022-01-18,99.34223937988281,100.14139993081758,98.72749379439703,100.14139993081758,3586500
2022-01-19,98.5342788696289,99.72863433351598,98.48158888450617,99.5529965830064,1789500
2022-01-20,97.5506820678711,99.43003385616635,97.43651151708373,98.63965069750253,4421000
2022-01-21,96.47049713134766,97.93709299665892,96.24216271454496,97.53312084394655,4717000
2022-01-24,96.67250061035156,96.85692226990979,93.74808565131865,95.4254550837286,7438900
2022-01-25,96.74275207519531,97.37505199516758,94.41551503730138,95.60987049750014,2762600
2022-01-26,96.30365753173828,97.95467527391925,95.39910362762068,97.23454972997158,3835700
2022-01-27,96.18949127197266,98.02493745667181,95.66257126254254,96.97987463619356,4963300
2022-01-28,97.24333190917969,97.28723799879788,95.0741714175407,95.84698693636125,3206500
2022-01-31,97.93709564208984,98.00735341841154,96.47928363424137,96.67248916905088,2334000
2022-02-01,98.78018188476562,98.92947464389906,97.73511917053004,98.0073596960264,2184300
2022-02-02,99.60567474365234,99.76375138040551,98.44644830751244,98.63086993369949,2055400
2022-02-03,98.67479705810547,99.5266542410804,98.5167203983766,99.30710369702092,2047200
2022-02-04,98.51671600341797,99.19292870088806,97.73511663744644,98.34985545332835,2144100
2022-02-07,98.64844512939453,99.21927784384715,98.13908629495063,98.63966123220746,1518000
2022-02-08,99.24561309814453,99.38612193860021,98.62209046204487,98.74503820999975,1854800
2022-02-09,99.80767059326172,100.00965332536796,99.55299117874269,99.69350003149265,1682700
2022-02-10,98.51671600341797,100.09748253018654,98.10395992697558,99.11389372462492,1814900
2022-02-11,97.82292938232422,99.21049027998204,97.50677609677813,98.55183871845271,2743500
2022-02-14,97.08525848388672,97.89320292143631,96.22461735682651,97.6648684672936,3076100
2022-02-15,97.96346282958984,98.21813558377812,97.48923281462818,97.61218059256439,1628300
2022-02-16,98.11273956298828,98.51671172447189,97.53312296163118,97.67363851352997,1448900
2022-02-17,97.0062255859375,97.67366121226398,96.79545890925877,97.55949062477612,2642400
2022-02-18,96.79544067382812,97.42774728489503,96.35633960504839,96.69005400526677,1943500
2022-02-22,95.8908920288086,96.83056803314156,95.20589544436126,96.66370748559396,2640900
2022-02-23,94.81949615478516,96.49685893548441,94.65263558649181,96.34756616393315,2354400
2022-02-24,94.17839813232422,94.31891369454858,92.16731437400587,93.28263487367168,4312100
2022-02-25,97.01499938964844,97.19063715191191,94.65263329634317,94.65263329634317,2575500
2022-02-28,96.4968490600586,96.69005460354124,95.36396749157906,95.57474083000592,2169200
2022-03-01,95.0478286743164,96.61980474298043,94.38917701308858,96.14558144302944,2436700
2022-03-02,97.01499938964844,97.39262660865094,95.46057772299699,95.61865438909457,1546600
2022-03-03,97.26968383789062,97.82294884761258,96.57590325100986,97.32237382924943,1563200
2022-03-04,97.1818618774414,97.20820687228726,95.94359351847586,96.29487575010695,1738100
2022-03-07,95.53960418701172,96.93594226498287,95.38152754609516,96.74274343732938,2117300
2022-03-08,94.68775177001953,96.72518040878609,94.68775177001953,95.8557621909899,2447000
2022-03-09,95.86453247070312,96.65490890179983,95.69767194850965,95.97869631738057,1738600
2022-03-10,95.72404479980469,95.89968256891808,94.81071366008196,95.17955699531093,1556200
2022-03-11,95.17955017089844,96.54955013232868,95.09173129263839,96.03140736033782,1666000
2022-03-14,95.31128692626953,96.37391082028819,94.93365969945701,95.68891415308205,1741100
2022-03-15,96.3826904296875,96.46172541077833,95.19711881226824,95.65378100336753,1801000
2022-03-16,97.32237243652344,97.32237243652344,95.75917351383495,96.87448741592853,2141600
2022-03-17,98.36741638183594,98.38497747528507,96.98863939089992,97.15549322919209,1616500
2022-03-18,98.52550506591797,98.59575614845117,97.54191620879283,98.15665505690171,1902500
2022-03-21,98.81877899169922,99.5078414498126,98.30639679569492,98.88061775742939,2196600
2022-03-22,99.3841781616211,99.61386792721693,98.88946796488017,99.2781659452105,1740400
2022-03-23,98.39476013183594,99.35768598520752,98.38593083459219,99.1986710158398,1557600
2022-03-24,99.36650085449219,99.36650085449219,98.57142617702705,98.80110917502356,1713600
2022-03-25,100.39127349853516,100.39127349853516,99.47252114980061,99.56086129604176,1698500
2022-03-28,100.16156768798828,100.16156768798828,99.27815288719133,100.0467261902559,1638100
2022-03-29,100.8418197631836,100.88598646755109,99.98490616738275,100.65630342902898,1812900
2022-03-30,100.55028533935547,101.05383157122677,100.1174139182537,100.80647647345432,1347100
2022-03-31,99.16332244873047,100.71813455871245,99.14565711630921,100.24108970428885,1613800
2022-04-01,99.5873794555664,99.6757196107223,98.65095493913296,99.6492182381677,1398700
2022-04-04,99.4548568725586,99.56086235320512,98.56260588423012,99.44602083586432,1372200
2022-04-05,98.87179565429688,100.11741391942093,98.62444055652155,99.23399900455425,1251100
2022-04-06,99.13682556152344,99.35767929633705,98.35058680478066,98.5096017634433,2066600
2022-04-07,99.6138687133789,99.9318986251997,98.46542661625708,99.1633252149793,1824400
2022-04-08,100.17924499511719,100.54144157761894,99.57852262957637,99.74637360727642,1278500
2022-04-11,99.36650085449219,100.3912585299538,99.23398728492798,100.07322865896775,1606600
2022-04-12,99.18981170654297,100.35591896167104,98.87178184242441,99.57851637155898,1663900
2022-04-13,99.66685485839844,99.71985758823709,98.85411488124639,99.14564337519872,1264200
2022-04-14,99.26050567626953,100.15275667512822,99.23400430579512,99.58737163860343,1316700
2022-04-18,99.34884643554688,99.8435566605685,98.97781376678064,99.17216613801666,1653200
2022-04-19,100.38245391845703,100.55914097982625,99.35769592220453,99.39303333447837,2370300
2022-04-20,101.21283721923828,101.628043269431,100.84180460669512,100.88597130442437,1642200
2022-04-21,100.22342681884766,102.06093159544879,100.0467465187566,101.74290166334777,1766100
2022-04-22,97.77635955810547,99.90538592220564,97.67034734573275,99.8965566261151,2428800
2022-04-25,97.78520202636719,97.98838368854588,95.58549396940242,97.22864629970137,2875400
2022-04-26,96.19506072998047,98.05906695636273,96.1685593578392,97.52901929377212,2179000
2022-04-27,96.33639526367188,97.24631151077503,95.8240130162031,96.29222182374777,3419900
2022-04-28,97.82936096191406,98.18272825842298,96.03602985153798,97.01662089788796,1483800
2022-04-29,94.99360656738281,97.53784588530146,94.86109297958771,97.37883092793155,2867300
2022-05-02,95.31165313720703,95.85053687913141,93.61549778881664,95.22331297654712,3082900
2022-05-03,96.08902740478516,96.77809662877905,95.20561258111734,95.62081862662845,2173200
2022-05-04,98.80995178222656,98.95130139647502,96.15970717435323,96.27455542091025,2110000
2022-05-05,96.6544418334961,98.21808347371653,95.77985609955003,98.12974331854915,2341100
2022-05-06,96.75157928466797,96.99894107320978,95.41762788103816,96.19503042526796,2785400
2022-05-09,94.87876892089844,95.95653626035619,94.54306691947441,95.94770022349732,4683200
2022-05-10,94.47238159179688,96.06252420001464,93.62430418609672,95.64731816244975,4216900
2022-05-11,93.99534606933594,96.02719628157811,93.86283248725213,94.5783963946156,2982600
2022-05-12,94.27804565429688,94.38405113599754,92.81157358483922,93.74799802602976,3021500
2022-05-13,95.47064208984375,95.70033183686651,94.56956191293968,94.99359726445205,2121500
2022-05-16,95.88584899902344,96.5395741033767,94.99359810989127,95.36463073074687,1835600
2022-05-17,97.40531921386719,97.40531921386719,96.40705616116394,96.76925946982409,1841200
2022-05-18,94.19853210449219,96.68976195190777,93.88050218865861,96.60142180638091,2119000
2022-05-19,93.1825942993164,94.05717304752386,92.502361141884,93.21792495951557,3076000
2022-05-20,93.47413635253906,94.00419072950204,91.64546762379663,93.69499009629985,2277600
2022-05-23,95.07310485839844,95.5324775968352,94.13668057094173,94.38403564086308,1893900
2022-05-24,95.6473388671875,95.85052728229148,93.8540074996482,94.64024630866867,2003200
2022-05-25,96.43358612060547,96.74278002738392,95.3999854323437,95.3999854323437,2304100
2022-05-26,97.66151428222656,98.01487482999627,96.90177697266493,96.90177697266493,1924700
2022-05-27,99.06613159179688,99.09263295646241,97.80284820335474,97.87352300240936,1790800
2022-05-31,98.33293151855469,99.05733162281253,97.82055588865688,98.42127841949916,2346600
2022-06-01,97.64385986328125,98.79230207091344,96.8134475980727,98.77462999637788,2098400
2022-06-02,98.48310852050781,98.48310852050781,96.60143023106966,97.74103640553909,2007400
2022-06-03,97.82052612304688,98.39474036492597,97.6615111856243,97.96186898968904,1785900
2022-06-06,97.9618911743164,98.80113274859602,97.7852108660223,98.42127075975586,1345000
2022-06-07,99.01314544677734,99.06614818498616,97.36115712675308,97.36999316309486,1333500
2022-06-08,97.79402160644531,98.70394456726925,97.55550256151662,98.55375891980404,1366000
2022-06-09,95.81517791748047,97.83819881923758,95.80634188142508,97.49366755220548,1673400
2022-06-10,93.84516906738281,94.75508534835602,93.71265548259855,94.48122214248964,2339400
2022-06-13,90.94755554199219,92.31685124688543,90.3026664798861,91.98115603235901,3718500
2022-06-14,90.20549011230469,91.7779674536622,89.49875554229395,91.13307839295373,2833100
2022-06-15,90.58538055419922,91.60130921549764,89.30442468041531,90.841571728956,2144000
2022-06-16,88.21781158447266,89.01288633462735,87.61708918879141,88.87153671685729,3042100
2022-06-17,87.63475799560547,88.80970146520056,87.1312117571963,88.27081782094781,2705800
2022-06-21,89.79818725585938,90.10114161477806,88.77349928586297,89.00516946644392,2549500
2022-06-22,89.53087615966797,90.31498167802408,88.5596479854223,88.63093215928185,1765200
2022-06-23,89.6645278930664,90.22588227972561,88.6843942693242,89.73581206883793,5952900
2022-06-24,92.0525131225586,92.0525131225586,90.27936135799087,90.48430170774118,10206900
2022-06-27,92.23069763183594,92.71185558887441,91.88319579586916,92.2663397173239,6716700
2022-06-28,91.39312744140625,93.45140863366552,91.26838353872586,92.80095925512246,4514200
2022-06-29,90.96542358398438,91.76735347882777,90.68920593055093,91.6069674998591,2346800
2022-06-30,90.6179428100586,91.15256739615113,89.65563351076686,89.99422319032932,1738400
2022-07-01,91.53568267822266,91.72279850544811,89.78925469472134,90.54663702143678,1941300
2022-07-05,90.48428344726562,90.49318887082329,88.80913928590161,90.43972913734427,2186100
2022-07-06,90.4931869506836,91.02781146626282,89.70908141815148,90.52882903825774,1414800
2022-07-07,91.50896453857422,91.73172249197681,91.05454320821686,91.13473280838583,1219100
2022-07-08,91.33968353271484,91.78519949032516,91.00999927679098,91.62481347366408,1690600
2022-07-11,90.9297866821289,91.30401836039464,90.68029209858611,90.78721834867588,1254300
2022-07-12,90.43082427978516,91.41095799557064,90.11005225672318,90.58230486703329,1503200
2022-07-13,89.89620208740234,90.55556374770678,89.21011055949596,89.55761243438839,1337100
2022-07-14,89.2368392944336,89.35267098524969,88.01612323784839,88.43490928638613,2330800
2022-07-15,90.84069061279297,90.87633270107565,89.73581306816295,90.27934301791561,1413100
2022-07-18,90.26152038574219,91.69608206920093,90.0120257815483,91.535696079807,1786800
2022-07-19,92.15050506591797,92.30197883700623,90.92088365667846,91.01889769633158,1528700
2022-07-20,92.03467559814453,92.36435981201097,91.5267877431808,91.99012128885363,1546700
2022-07-21,92.2039794921875,92.2039794921875,90.98326340161707,91.5713408918686,1756400
2022-07-22,92.03467559814453,92.72076709420554,91.44659134606383,92.39108967837225,1710500
2022-07-25,92.70294189453125,92.81877357200153,92.02575587708883,92.29306811498343,1701800
2022-07-26,92.266357421875,92.6584068414057,92.07032931309264,92.44456108547676,981700
2022-07-27,93.36231231689453,93.69199653513223,92.03467681842722,92.38217868179763,1529100
2022-07-28,94.10186767578125,94.33353784411361,92.6940358191945,93.46032370072739,1563900
2022-07-29,94.78795623779297,94.94834222660951,93.95039100555795,93.98603309174305,2040000
2022-08-01,94.65431213378906,94.83251577651242,94.05731565479601,94.14642427419092,1906600
2022-08-02,93.85238647460938,94.91270975437956,93.80783216285677,94.55630245249279,1503200
2022-08-03,94.47611999511719,94.75233773425778,93.7098319465002,94.28900409459925,1265400
2022-08-04,93.83455657958984,94.45828291772482,93.7454547592943,94.3424444331108,1195300
2022-08-05,94.09296417236328,94.14643070726027,93.23757439238214,93.30885857355565,1596900
2022-08-08,94.19988250732422,94.81469662158575,94.01276664603442,94.35135628103028,1609500
2022-08-09,94.3513412475586,94.62755888478003,94.05729917036878,94.36916568752696,750700
2022-08-10,95.75028228759766,95.77701215555254,95.25130662435048,95.3314962282151,1082100
2022-08-11,96.2403335571289,96.87296523348718,96.10667744566567,96.22250911664996,1493200
2022-08-12,97.52342224121094,97.55015890403733,96.32053073926818,96.56111311847638,1310700
2022-08-15,97.71945190429688,97.79073607692867,96.60566219954825,96.89970431312977,1517100
2022-08-16,98.24516296386719,98.59266480360486,97.48778733361927,97.48778733361927,1468200
2022-08-17,97.79965209960938,98.2629856436607,97.35413620039218,97.56798192856716,1277100
2022-08-18,98.26298522949219,98.3431816259905,97.7550973784466,97.94221323956518,1070900
2022-08-19,97.56798553466797,98.05805576113308,97.3274099313336,97.89766975956572,1044400
2022-08-22,96.017578125,96.69475732403563,95.79482019946745,96.67693968112728,1546300
2022-08-23,95.875,96.42744204620365,95.76808055740244,96.04429818148841,1320100
2022-08-24,96.017578125,96.19578174621309,95.58096769637287,95.84827992622489,993900
2022-08-25,97.1848373413086,97.1848373413086,96.13341955418042,96.34726528094272,1229500
2022-08-26,94.66323852539062,97.40761873862856,94.64542087638493,97.18486073686643,1422900
2022-08-29,94.28007507324219,94.9483489408961,93.94148542758954,94.12860129476863,1429600
2022-08-30,93.19303131103516,94.37810547324077,92.86335382993467,94.37810547324077,1323000
2022-08-31,92.46236419677734,93.50487653886162,92.43563433124264,93.20192220072471,1125000
2022-09-01,92.87224578857422,92.89897565439487,91.53569811327768,92.07922124704122,1447500
2022-09-02,92.17724609375,94.15533797278175,91.79410210999129,93.74546412006863,1523300
2022-09-06,91.81192016601562,92.60493794730615,91.49114816481571,92.48910625721915,1671900
2022-09-07,93.13064575195312,93.24648424292229,91.45550832518276,91.54461015036661,1170100
2022-09-08,93.79000854492188,93.84346827719415,92.40890654493452,92.76532062216027,1871300
2022-09-09,94.89488220214844,95.10872792056324,94.2176961627966,94.31571019999355,1684100
2022-09-12,95.65226745605469,96.06214129008298,95.31367780134441,95.42950949421105,2092900
2022-09-13,92.3554458618164,94.44045697536616,92.02576165412107,94.21769902914761,1898200
2022-09-14,92.79205322265625,93.11282522180849,92.07922504719943,92.65839709000394,1714200
2022-09-15,92.12377166748047,92.9613436840217,91.86537164539791,92.51582781105853,1874700
2022-09-16,91.73171997070312,91.83864623268944,91.0099863968864,91.47332673412738,1849900
2022-09-19,92.33049011230469,92.33049011230469,90.88516052902547,91.01084076678373,1535300
2022-09-20,91.19041442871094,91.68415640149232,90.55303394446219,91.68415640149232,2533500
2022-09-21,89.8886947631836,92.2048138427955,89.861764260942,91.56743350985913,1612800
2022-09-22,89.45780181884766,90.1221127192973,89.31416332736651,89.96052284091114,2523300
2022-09-23,87.76111602783203,88.66780836789953,86.68384783357455,88.57803773064322,3142600
2022-09-26,86.5042953491211,87.73417415224252,86.10929637750785,87.41996668897214,3034500
2022-09-27,86.09135437011719,87.60849660087406,85.60658472007388,87.15963657480366,2910200
2022-09-28,87.779052734375,88.24587092852816,86.33372311438376,86.5581530945183,2481300
2022-09-29,86.42351531982422,87.33021458374131,85.85795409430467,87.1147636667426,2440000
2022-09-30,85.17566680908203,86.75565584658634,85.10385441801435,86.34270548944335,1958800
2022-10-03,87.50975799560547,87.87781967355454,86.05544897402575,86.3876078752985,2097400
2022-10-04,90.08618927001953,90.10414750322857,88.47029758322489,88.69472755492352,1883100
2022-10-05,89.86177062988281,90.37347075591867,88.79348848724727,89.20643886535868,1614400
2022-10-06,88.73063659667969,89.94256400878567,88.58700496614827,89.46677353099457,1479500
2022-10-07,87.04293823242188,88.3266782222224,86.58509907337199,88.18304657077304,2026300
2022-10-10,86.70179748535156,87.68030897795727,86.25293749445501,87.36610835414167,1350200
2022-10-11,86.58509063720703,87.59951861330444,86.08236963252443,86.19907076602288,1433500
2022-10-12,86.30679321289062,87.12372163381075,86.28884182794117,86.68383393836476,1535500
2022-10-13,88.89222717285156,89.17052501702086,84.91532748739736,85.11282697388533,1786600
2022-10-14,87.48281860351562,89.89768779791432,87.3122564465598,89.23337685989016,2309000
2022-10-17,89.0179214477539,89.43984410857408,88.56008231479208,88.56008231479208,1868100
2022-10-18,90.13108825683594,90.75051039182623,89.26927788936514,90.56199001604136,1471700
2022-10-19,89.64630889892578,90.31959881744422,89.02687998218987,89.79891963668241,1395200
2022-10-20,88.78451538085938,90.29268535693059,88.56906448400936,89.61939531134631,1472500
2022-10-21,91.01982879638672,91.20834917148449,88.69473732112094,88.89222996475198,2229500
2022-10-24,92.14197540283203,92.45617601648429,91.343005192805,91.71107366098313,1926300
2022-10-25,93.0576400756836,93.11150107332774,91.72901172497215,91.85469195218097,2442200
2022-10-26,93.65912628173828,94.3862772670424,93.15639844027656,93.36287704733296,1656600
2022-10-27,93.95537567138672,94.99672727866265,93.82968857401873,94.46707578208692,1842200
2022-10-28,95.88546752929688,95.9662658878765,94.22468695936684,94.25161746254011,1679000
2022-10-31,95.58924102783203,96.08298298251863,95.20322110373694,95.391741506333,2100100
2022-11-01,95.85852813720703,96.35227681313134,95.16728683997219,96.35227681313134,1845500
2022-11-02,94.43116760253906,97.0076195812389,94.38627886357538,95.61615771114448,1823500
2022-11-03,94.27854919433594,94.76331880495174,93.23719758005971,93.784807315252,2022400
2022-11-04,95.72388458251953,96.17274459868844,94.36833226501285,95.28400368441089,1748500
2022-11-07,96.54081726074219,96.66649752276192,95.72388870855335,96.00218658793469,2000200
2022-11-08,97.08840942382812,97.56419987923734,96.19966863260981,96.55875111657645,2016600
2022-11-09,95.42764282226562,96.96274326605399,95.29298344669255,96.56774425745569,1544500
2022-11-10,98.76715087890625,98.87487974401432,97.18716861834811,97.85147949719779,2153300
2022-11-11,99.00054931640625,99.19804878993706,98.20157915462019,99.09031993644955,2001600
2022-11-14,98.4888687133789,99.78158781448295,98.43500770051978,98.79409710072208,2010200
2022-11-15,98.93772888183594,99.71874781462634,98.06693931114174,99.22499903256448,2152100
2022-11-16,98.32727813720703,98.9646585647991,98.21057699380925,98.58761777930417,1762100
2022-11-17,98.39910888671875,98.44399763507371,97.30388917784704,97.56422885037075,1522700
2022-11-18,99.09931182861328,99.27885309184552,98.47091055824028,98.92874283420055,1679200
2022-11-21,99.35966491699219,99.48534518809535,98.65046518773231,98.90182572993862,1620100
2022-11-22,100.616455078125,100.63440646379536,99.78157523872768,99.78157523872768,1524100
2022-11-23,100.66134643554688,100.8229363180192,100.20351414275892,100.37407629438053,1220900
2022-11-25,100.98452758789062,101.13714520331045,100.7960071972596,100.92168745768028,738100
2022-11-28,99.61100769042969,100.54463728712591,99.42248731740352,100.20350616199185,1684500
2022-11-29,99.82646942138672,100.03294805185318,99.29681786563549,99.6738586526849,1558800
2022-11-30,101.57703399658203,101.61294362364012,98.92875550580231,99.79057285707412,9111000
2022-12-01,101.48724365234375,102.14257538402012,101.05633506035761,101.93610362984361,1533800
2022-12-02,101.44235229492188,101.53212291829131,100.29327187805016,100.46384085679377,1548100
2022-12-05,99.66487884521484,100.94861881525082,99.31476856693781,100.85884817834452,5801000
2022-12-06,98.65943145751953,99.87135211335267,98.09386346215325,99.74567185861798,1509900
2022-12-07,98.64148712158203,99.33273546908922,98.4170570852077,98.54273735765243,3465500
2022-12-08,99.16215515136719,99.37760604400128,98.78511437699242,99.09033590413569,1839100
2022-12-09,98.30035400390625,99.4135250447522,98.25546525788737,98.91978308384958,1448600
2022-12-12,99.75465393066406,99.76362619979638,98.2734144856427,98.55170550807361,2030300
2022-12-13,100.11373901367188,101.70270737020253,99.5930665792896,101.61293673317529,1871900
2022-12-14,99.66487884521484,100.88577868451036,99.13522729312518,100.2843078832714,1972700
2022-12-15,97.86046600341797,98.84795670308802,97.35773811068407,98.614547568928,2006900
2022-12-16,96.94478607177734,97.24103533141016,96.2266141427692,96.81012669475693,2343900
2022-12-19,96.60506439208984,97.3841380494019,96.05246547442755,97.00366214554082,2479200
2022-12-20,96.87683868408203,97.30261230854333,96.40576734624628,96.64130301516415,2110900
2022-12-21,98.17227935791016,98.36251732287509,97.5109700317797,97.68309305737414,2516100
2022-12-22,97.34790802001953,97.71932993633203,95.92564683273751,97.60155864020318,2948800
2022-12-23,98.09980773925781,98.09980773925781,97.02178567143768,97.2844972220603,2434400
2022-12-27,98.38967895507812,98.58897781662921,97.80990421863498,98.25379273934239,2141600
2022-12-28,97.33885955810547,98.71583011750032,97.28450782152423,98.48029440654506,1997600
2022-12-29,98.27192687988281,98.52557749487204,97.61061756669443,97.71026700993461,1869000
2022-12-30,98.02733612060547,98.11792464400583,97.23920145295362,97.90957173133113,2233900
2023-01-03,97.855224609375,98.56183176259924,97.11238757169404,98.30817419116735,2377700
2023-01-04,98.68863677978516,99.19593799530836,97.86426539309927,98.12697692584112,7427700
2023-01-05,98.19039154052734,98.51651573172855,97.67402938970223,98.2809800577586,1829800
2023-01-06,100.346435546875,100.60009308857379,98.82452485398879,99.00570881234508,1624000
2023-01-09,99.48583221435547,100.89903250392328,99.43148048366784,100.68161866971158,2572700
2023-01-10,99.95689392089844,99.97501577160268,98.99664317740279,99.48582947450274,1456200
2023-01-11,100.45515441894531,100.46421534549488,99.63984381603181,100.31926816654942,1862100
2023-01-12,100.62726593017578,101.08021544526143,100.04749110378306,100.68161766031851,1609000
2023-01-13,100.95338439941406,101.1255005055762,99.78477388749936,99.91159919160228,1920900
2023-01-17,100.3373794555664,101.09833133052712,100.18337136628621,100.90809336178694,2106100
2023-01-18,98.3262710571289,100.43701723062664,98.29909519496152,100.38265859483151,2035900
2023-01-19,97.66497039794922,98.15415669443513,97.37508299019397,97.88239113736138,1446500
2023-01-20,98.63429260253906,98.77017885132295,97.2845048639323,97.81898893275915,1452700
2023-01-23,99.29560852050781,99.83008571300395,98.64336001264243,98.85171986266805,1831700
2023-01-24,99.404296875,99.6126497673799,98.48933698141776,99.06005084356435,1058400
2023-01-25,99.6217269897461,99.63984193104064,98.38064271148656,98.79735547587853,1517300
2023-01-26,100.27397155761719,100.3283232908475,99.40430926862496,99.82102201680073,1185600
2023-01-27,99.8844223022461,100.37360857510224,99.61264984683913,99.9025372405916,1557100
2023-01-30,99.18688201904297,100.07466610196333,99.11441534996744,99.4767694297282,1866900
2023-01-31,100.346435546875,100.346435546875,98.96947202067382,99.29559623425381,1105900
2023-02-01,100.51856231689453,101.23422342822336,99.07818607957842,99.93878745152007,1455000
2023-02-02,100.40079498291016,100.58197203123575,99.6398361747276,100.40079498291016,2238500
2023-02-03,99.8210220336914,100.37362102649793,99.55831047059803,100.01126001149113,1875900
2023-02-06,99.61265563964844,99.7666568146531,99.0781785341166,99.35900501929699,948000
2023-02-07,100.26490020751953,100.51855081817206,98.94228851521657,99.12346554812244,1759700
2023-02-08,99.50393676757812,100.12900925108364,99.40429424220552,99.65794484088589,997600
2023-02-09,98.59805297851562,100.16526143477469,98.41687592631226,99.98408438257133,1357300
2023-02-10,99.70323181152344,99.7847663073734,98.67050760715843,98.67956853146624,974700
2023-02-13,100.63634490966797,100.63634490966797,99.6579789670845,99.69421576665617,1470800
2023-02-14,100.14712524414062,100.82654941293002,99.54922865810514,100.39171490386238,1428100
2023-02-15,100.11090087890625,100.12901581794556,99.41335477532691,99.54924100823492,1027300
2023-02-16,99.31370544433594,100.08372512786563,99.03287896441296,99.3680640844372,1165000
2023-02-17,99.44053649902344,99.56736872561567,98.67052368245393,98.98758697028123,1104600
2023-02-21,97.855224609375,98.87889508756146,97.69216248347128,98.68865709258414,1267400
2023-02-22,97.59249877929688,98.18132757881922,97.23919182353859,97.94579882359453,973100
2023-02-23,97.78275299072266,98.24475656456578,96.95838147599163,98.14510710868704,1305100
2023-02-24,97.4203872680664,97.57438845192843,96.54166406026557,96.97649865692115,1113800
2023-02-27,97.39320373535156,98.26286594874564,97.15766805939248,98.02733027278656,1302600
2023-02-28,96.82249450683594,97.37509351752726,96.82249450683594,97.37509351752726,965100
2023-03-01,96.76812744140625,97.02177804649749,96.36952968399966,96.65941707716973,1037700
2023-03-02,97.23918914794922,97.43848802108677,96.22458675591866,96.40576377979257,1474600
2023-03-03,98.29910278320312,98.40780624026405,97.18484396810234,97.4656704474576,1146900
2023-03-06,98.28099060058594,98.59805390063788,98.07263767974963,98.34440326059632,1139200
2023-03-07,96.60506439208984,98.22662435735747,96.42388736495424,98.05450134355627,1222600
2023-03-08,96.42389678955078,96.74096007375853,95.85317596651561,96.5688370431338,1612300
2023-03-09,94.54866790771484,96.71376566228888,94.26783455715969,96.54164266467056,1501400
2023-03-10,93.59748077392578,95.14656717447846,93.10829450352063,94.41279122460104,2362100
2023-03-13,92.70065307617188,94.0504407492101,92.04840464286279,92.29299434962302,3620600
2023-03-14,93.7786636352539,94.31314765173119,92.73688529002415,94.06855104558464,1999400
2023-03-15,92.61912536621094,92.69159895555758,91.45957558251219,92.02123553275584,2969800
2023-03-16,93.50690460205078,93.73337937316155,91.61357192160472,91.97593293767426,2088600
2023-03-17,91.96686553955078,93.26230141559796,91.65886319001699,93.26230141559796,1845800
2023-03-20,93.24140167236328,93.48773804783826,92.49328109311276,92.51153184124769,1443700
2023-03-21,94.24497985839844,94.47306547571246,93.73406334239301,94.35445649991196,2537100
2023-03-22,92.43856048583984,94.5187006921415,92.42943511002349,94.30886577272143,1398700
2023-03-23,91.98239135742188,93.38739996019513,91.4167363737737,92.8308703525829,1880300
2023-03-24,92.78524017333984,92.83086008785281,91.12477691014415,91.48058996935596,1962100
2023-03-27,93.6428451538086,94.05339654502556,93.21404301240052,93.60635061404814,1931100
2023-03-28,93.86181640625,94.08990208595469,93.38740125513816,93.47863413489553,805600
2023-03-29,94.94750213623047,94.96574592710039,94.4639616310219,94.55519450661598,1174000
2023-03-30,95.22119140625,95.59524822027286,94.85625300578843,95.4948899861304,1110200
2023-03-31,96.25214385986328,96.288638398971,95.52226699895216,95.56788691299221,1012900
2023-04-03,96.98201751708984,97.22834694715273,96.52584623424487,96.52584623424487,1581200
2023-04-04,96.09705352783203,97.10975443179642,95.64088220030291,97.10975443179642,1028600
2023-04-05,96.64444732666016,96.67181648966657,95.9784341974786,95.99668494656375,1033500
2023-04-06,96.63533782958984,96.90904342586717,96.48936661603175,96.71745229272203,994600
2023-04-10,96.9364013671875,96.94552674217259,96.23390062701176,96.4072409879986,995500
2023-04-11,97.41992950439453,97.71187882137886,97.10973640037027,97.16447472211084,2908400
2023-04-12,97.15535736083984,97.9034779823497,96.97289163290918,97.76663216671237,1936800
2023-04-13,97.71188354492188,97.8122417800449,96.72655194223452,97.17360479346299,1977100
2023-04-14,97.68451690673828,98.29578474692102,97.21922025556545,97.86698263315598,1559400
2023-04-17,98.20455932617188,98.20455932617188,97.59329143966401,97.6389043944146,2097900
2023-04-18,98.21369171142578,98.3687882977671,97.82138407733623,98.25018625420414,2491100
2023-04-19,98.24104309082031,98.35052669933229,97.82136636578929,97.94909376207607,1642000
2023-04-20,97.62977600097656,97.82136709683856,97.3013321336071,97.61152525244431,1853500
2023-04-21,97.60240936279297,97.89435870126883,97.24658936342364,97.89435870126883,1734100
2023-04-24,97.93084716796875,97.97646708027257,97.54766496285356,97.61152866370608,1862300
2023-04-25,96.77217102050781,97.62064984430842,96.69006353463406,97.36519505187314,1800200
2023-04-26,95.50402069091797,96.42548863737589,95.2941788367383,96.15178308159744,1777600
2023-04-27,96.62620544433594,96.72655672379861,95.44928268749422,95.63174841821728,2111000
2023-04-28,97.47468566894531,97.54767475170729,96.39812802100533,96.39812802100533,1120200
2023-05-01,97.42906951904297,98.03121203053645,97.4108187686397,97.47468247380752,1277200
2023-05-02,95.73210906982422,97.09149759163245,94.93836850387923,97.09149759163245,4638900
2023-05-03,94.80152893066406,96.07880308332308,94.72853984747724,95.79597908675174,1844400
2023-05-04,93.85266876220703,94.54604400092346,93.41474133088369,94.39094745757534,1747900
2023-05-05,95.37631225585938,95.6043979441619,94.76504428175808,94.84715178844803,1163100
2023-05-08,95.30330657958984,95.73210871267459,95.01135722779495,95.72298333775616,2154400
2023-05-09,94.9109878540039,95.15732422355858,94.59166937552635,94.81062962353656,1280400
2023-05-10,94.7011489868164,95.47663867631258,93.86178864369703,95.47663867631258,4429500
2023-05-11,94.21762084960938,94.32710447162842,93.69758582610726,94.32710447162842,1395500
2023-05-12,94.24497985839844,94.68290034569378,93.6884503953026,94.55517295684758,1277000
2023-05-15,94.49131774902344,94.66466506114962,93.98040814775206,94.40921026051393,1053500
2023-05-16,93.15930938720703,94.26324316837281,93.13194022116011,94.26324316837281,1307900
2023-05-17,94.34535217285156,94.50956715963953,93.37826427782959,93.58810613976145,1400000
2023-05-18,94.65554809570312,94.78327550736806,93.77970000401992,94.05339861732111,1445600
2023-05-19,94.5916748046875,95.2576879214134,94.28147472163315,94.99310774959743,1363900
2023-05-22,94.41834259033203,95.04786127083891,94.02603495707187,94.64642826174789,1103800
2023-05-23,94.1811294555664,95.0478521394302,94.16287870565803,94.35446981596618,1001300
2023-05-24,93.3782730102539,94.11727532301717,93.25967096627522,94.08078078011087,1126700
2023-05-25,92.76700592041016,93.04071151438173,92.11011806337629,93.04071151438173,2073400
2023-05-26,93.40564727783203,93.51513091252941,92.82174848069143,93.05895954222439,1832300
2023-05-30,93.0589370727539,93.54247749482474,92.78523153240916,93.2870227028342,2426400
2023-05-31,92.47505187988281,92.86735949916113,92.11923880200504,92.6301484603686,2465000
2023-06-01,92.94033813476562,93.18666756075245,92.00974483521252,92.68487637367762,2943800
2023-06-02,94.92925262451172,95.07522382454093,93.49687498607727,93.50599340065159,1719900
2023-06-05,94.44570922851562,95.17558614175357,94.37272710568952,95.0204895598927,1430600
2023-06-06,94.82888793945312,94.94748996646153,94.28147683480796,94.40008582243772,1366900
2023-06-07,95.92369842529297,96.0149312912837,94.64641741955825,94.9018722285809,1174500
2023-06-08,96.0879135131836,96.19739712093455,95.45839494970237,95.87807167181619,1315100
2023-06-09,95.91456604003906,96.32512434792157,95.7412256955127,96.05141880933323,1745200
2023-06-12,96.14266204833984,96.20652575282246,95.71386686716895,95.92370177020253,1151800
2023-06-13,96.8269271850586,97.04589444230935,96.12442637642384,96.18829008629972,1365500
2023-06-14,96.5440902709961,97.34694922504283,96.15178268831636,97.10061979434691,2061600
2023-06-15,97.66627502441406,97.87610991782746,96.45285773425334,96.5897105120481,1334000
2023-06-16,97.71188354492188,98.27753841919522,97.63889447199219,98.0585781610273,922200
2023-06-20,96.71566772460938,97.41477476764115,96.55929064151111,97.33198235900143,1683600
2023-06-21,96.5868911743164,97.04682875133696,96.0625626172366,96.5317009108629,1276200
2023-06-22,96.13614654541016,96.55008752404306,95.88777634375849,96.43969998796567,1448300
2023-06-23,95.24388122558594,95.93378764134373,95.08750412235601,95.70381883609113,1627500
2023-06-26,95.74059295654297,95.97975540669667,95.09667623713302,95.25306032295892,1818600
2023-06-27,96.35692596435547,96.45811279650515,95.57503345800032,95.72220983870577,1253000
2023-06-28,96.05335235595703,96.2373315793378,95.53822456667041,96.20053573466164,1226800
2023-06-29,96.81686401367188,96.85365986354392,95.89698882114293,96.05336591953106,2418100
2023-06-30,97.57115173339844,97.8287156389188,97.14801002888784,97.3595773720981,1503100
2023-07-03,98.0954818725586,98.19666869683158,97.34118455767188,97.50676235938312,673100
2023-07-05,97.63554382324219,97.98509383927903,97.38718063096947,97.65394525561211,1543100
2023-07-06,96.56849670410156,97.03762797936974,96.06256256243141,96.86285647250317,1561100
2023-07-07,96.48571014404297,97.34119436943345,96.2189454911695,96.26494205887181,1265200
2023-07-10,97.0836181640625,97.43316817291412,96.52249379584674,96.58688477163757,1499300
2023-07-11,98.03108215332031,98.12306825315933,97.24918977755438,97.35037659280415,1148700
2023-07-12,98.45423889160156,98.94177161162665,98.32545692850402,98.67500696861298,1367800
2023-07-13,98.7853775024414,98.88656431574653,98.46342265014756,98.62900043391146,1347100
2023-07-14,98.08628845214844,98.79459627474448,97.87472108972467,98.79459627474448,1289600
2023-07-17,98.15986633300781,98.38063438126892,97.5895412720694,97.87470731158346,1109200
2023-07-18,98.80378723144531,99.23612263050069,98.04948291687505,98.14147604076217,1185300
2023-07-19,99.57648468017578,99.70526663933109,98.89577903634198,98.94176858284577,1219300
2023-07-20,100.47795867919922,100.57913848196355,99.65006969861413,99.71446067387687,2107200
2023-07-21,100.79071807861328,101.03908127665355,100.40437220695493,100.72632710000356,2011400
2023-07-24,101.35186004638672,101.62782544147683,100.91031681786085,100.9563133897397,986600
2023-07-25,101.14945983886719,101.4622210058398,100.8826952317137,101.02987860866308,929400
2023-07-26,101.49901580810547,101.7565867329323,101.02988455715933,101.08507481772003,1031700
2023-07-27,100.84590148925781,101.92216065588441,100.70792584310425,101.7749772758675,1234800
2023-07-28,101.3426513671875,101.63701115705014,100.97469987533647,101.54502503861012,957700
2023-07-31,101.48982238769531,101.82097798814557,101.14026535494774,101.51741751805115,974500
2023-08-01,101.23224639892578,101.64618734104273,100.86429499588334,101.37942274928919,778800
2023-08-02,100.56074523925781,100.99308765738083,100.45035770119767,100.57913965322281,848300
2023-08-03,100.30318450927734,100.66193524671283,99.9076379246574,100.2663886620929,1043900
2023-08-04,99.8156509399414,100.95629412028991,99.6960626831187,100.53315240851693,912400
2023-08-07,100.671142578125,100.71713212655983,100.11001815334875,100.11001815334875,858400
2023-08-08,100.19278717041016,100.25717814216392,99.18092603509834,99.90762815522771,1283300
2023-08-09,100.00879669189453,100.63431188235795,99.86161334444984,100.23876540871066,2411500
2023-08-10,99.93522644042969,101.0206792972046,99.73285280335627,100.37676955932533,930100
2023-08-11,100.34916687011719,100.42275855921721,99.66846129116625,99.72365856703615,854400
2023-08-14,100.14681243896484,100.29398881698486,99.84325194805463,100.16520685443336,1146800
2023-08-15,98.77618408203125,99.53968208677786,98.62900771786596,99.46609039565024,1217500
2023-08-16,98.24266052246094,99.24532098251935,98.19666396161301,98.77618273061182,1237600
2023-08-17,98.04948425292969,98.9969615080115,97.97589957814333,98.73019688490187,1246100
2023-08-18,98.30706787109375,98.52783596013792,97.6447565858702,97.65395730319025,916800
2023-08-21,98.03108215332031,98.49101967060494,97.48835925160745,98.31624116824813,1345200
2023-08-22,97.38716888427734,98.28864245514488,97.3043764847793,98.1230646742381,1860400
2023-08-23,97.91150665283203,97.94830249853797,97.31358644176778,97.52515378196453,2061900
2023-08-24,97.33199310302734,98.67501005888377,97.30439796979803,97.75513485475547,981800
2023-08-25,97.84711456298828,98.20586528192302,97.13880682287312,97.69073046599657,1312900
2023-08-28,98.36224365234375,98.71179366002397,98.05868318830858,98.18746513945865,2625000
2023-08-29,99.13493347167969,99.18093003253891,98.36224177949154,98.51861885746916,3002700
2023-08-30,99.25453186035156,99.54889163288239,99.01536235201696,99.22693672825345,855100
2023-08-31,99.06134796142578,99.52128549376694,99.01535140095575,99.502884062343,2453000
2023-09-01,99.37409973144531,99.7972414088802,99.06134558563721,99.55807895082327,2296400
2023-09-05,98.38983917236328,99.49369349557182,98.36224404244882,99.31891498199354,980200
2023-09-06,97.95748901367188,98.2886445826535,97.49755150320735,98.16906335644492,756300
2023-09-07,97.92990112304688,98.30705327818262,97.69993235081971,97.95749625281974,798600
2023-09-08,98.36224365234375,98.47263118965381,97.9391019531235,98.01269364466354,703300
2023-09-11,98.555419921875,98.94176578842932,98.38064140306176,98.70260330994725,837600
2023-09-12,98.88656616210938,99.28211270748139,98.4634244886097,98.54620987299266,953100
2023-09-13,98.7853775024414,99.24531501088674,98.5462080329848,98.98775112905166,805600
2023-09-14,99.9536361694336,100.06401669475332,99.35571592428701,99.4201069034203,1211500
2023-09-15,99.13493347167969,99.92602659544747,99.06134879963071,99.6040717237024,801700
2023-09-18,99.22297668457031,99.46389402159652,98.8152595456251,99.27857190548627,711200
2023-09-19,98.8986587524414,99.26930298206044,98.48167338974172,99.15811254100895,764000
2023-09-20,98.53726196289062,99.61214995111276,98.52800080648477,99.15810585174962,1249800
2023-09-21,97.25853729248047,98.314888989495,97.25853729248047,98.22222792423842,1597600
2023-09-22,96.98055267333984,97.52725789904007,96.9156821520676,97.38826276840214,1257400
2023-09-25,97.25853729248047,97.25853729248047,96.54503931346002,96.67476621873647,921300
2023-09-26,95.99830627441406,96.88786503398667,95.89637700377281,96.6376795048756,1100200
2023-09-27,95.97051239013672,96.33189542930526,95.30334152718406,96.31336604737207,1185800
2023-09-28,96.25776672363281,96.56355455682404,95.87785429084363,96.03537878566877,1112200
2023-09-29,95.73886108398438,96.75814681198995,95.3960074093779,96.75814681198995,1008300
2023-10-02,94.58985137939453,95.60913713878234,94.05240735495146,95.44234440945812,1291500
2023-10-03,93.83001708984375,94.51571737365896,93.50569986571394,94.18213192324393,1463500
2023-10-04,93.75589752197266,93.93195849619364,92.93120201575779,93.86709504299425,3912300
2023-10-05,93.38523864746094,93.81148517257915,92.96826034907602,93.48716793277025,2981100
2023-10-06,93.8763427734375,94.36745271592862,92.18062500531602,92.97751571510386,2962900
2023-10-09,94.84929656982422,94.93268939213652,93.8578085102419,93.90413549944267,1283000
2023-10-10,95.43305969238281,95.91490841365089,95.04387908107076,95.15507657126744,1260600
2023-10-11,95.3218765258789,95.61839611938467,94.76589610216894,95.44233518057086,1059000
2023-10-12,94.74737548828125,95.49793923232694,94.18213385623176,95.44234401264517,1150400
2023-10-13,94.94196319580078,95.7110633714847,94.6547118092911,95.24775103474768,971800
2023-10-16,95.9427261352539,96.23924576836588,95.37748448001146,95.64620650214195,1196200
2023-10-17,96.3411636352539,96.70254667434814,95.46086599753382,95.46086599753382,1436600
2023-10-18,95.4886703491211,96.25776341430229,95.30334118253509,96.04464370970943,947000
2023-10-19,94.70103454589844,95.94271522874405,94.57130766300806,95.45160530500407,1266800
2023-10-20,93.78369140625,94.85857952463233,93.7466255673831,94.67325033029785,1331100
2023-10-23,92.98677825927734,93.8948734882776,92.93118304490876,93.50569284852808,1300700
2023-10-24,93.65396881103516,93.94122023847851,93.27405631695716,93.58910535743227,1228900
2023-10-25,93.172119140625,93.65396088811426,92.97752172669263,93.4593705437675,1221300
2023-10-26,92.88484954833984,93.54275217749121,92.77365911893017,92.96824943998186,1595100
2023-10-27,91.46711730957031,92.78292260085743,91.17986593361488,92.78292260085743,2007300
2023-10-30,92.48641204833984,92.68100239330914,91.80997995433972,91.99530207252413,1266100
2023-10-31,93.07943725585938,93.12577131320226,92.29180776812234,92.59759557958242,1155100
2023-11-01,93.51496124267578,93.77441502259074,92.95898784720296,93.30184152471075,1572700
2023-11-02,95.4238052368164,95.48866867658919,94.01533187377223,94.1079929206498,1319000
2023-11-03,96.2021713256836,96.62841781830713,96.1002420481448,96.2299689341787,1341700
2023-11-06,95.86858367919922,96.40602766302486,95.62765929514207,96.30409838783086,1247100
2023-11-07,95.36820983886719,95.60913423381207,95.21995356707549,95.5164731802441,1714200
2023-11-08,94.9790267944336,95.45160734626045,94.68250718868804,95.38674390342814,1058800
2023-11-09,94.13579559326172,95.24774942438175,94.0894686021224,95.21068358971925,1301200
2023-11-10,95.11803436279297,95.20142719896207,94.08021207197737,94.64545374907678,1267900
2023-11-13,94.98829650878906,95.24775028418364,94.71030628110336,94.90489661264928,1106000
2023-11-14,96.86933898925781,97.1658585859951,96.1095070807695,96.14657291405976,1388300
2023-11-15,97.41604614257812,97.71256574546048,97.02686548934221,97.02686548934221,1133400
2023-11-16,96.98979949951172,97.2955873278138,96.5820894646939,97.11026522740434,1135100
2023-11-17,97.54576873779297,97.65696623507874,97.12879049474449,97.39751247766327,1097900
2023-11-20,97.7589111328125,98.03690138566903,97.17514008531673,97.35119398051246,1943500
2023-11-21,97.56431579589844,97.72184029865736,97.2585279473061,97.6569768522516,1244300
2023-11-22,97.91645050048828,97.9905821884428,97.5365379714984,97.66626489062537,903900
2023-11-24,98.23149871826172,98.37975501262872,97.94424021799877,97.94424021799877,436000
2023-11-27,97.90717315673828,98.15735872524324,97.7311121943475,98.05542943855234,1483700
2023-11-28,97.92569732666016,98.3148779989834,97.63844593560042,97.80523866225114,1196100
2023-11-29,98.06468963623047,98.62993124538713,97.98128974050016,98.28707757553609,1053800
2023-11-30,98.90792083740234,98.97278428515276,98.14808884821792,98.3241498076486,1312400
2023-12-01,99.92720794677734,99.95501262725644,98.64846835858036,98.82452932035291,1367300
2023-12-04,100.01986694335938,100.24225487978683,99.31563023015656,99.31563023015656,1899700
2023-12-05,99.35270690917969,99.88088273433775,99.2878434594089,99.76042406178794,1024300
2023-12-06,99.13958740234375,99.87162185768209,99.02839694860234,99.60289981182981,1056700
2023-12-07,99.45462799072266,99.66774770684694,99.12104254240313,99.45462799072266,963400
2023-12-08,99.70482635498047,99.94575078074631,99.31564563845681,99.4453725439647,1164900
2023-12-11,100.69630432128906,100.69630432128906,100.00133579719325,100.00133579719325,1320500
2023-12-12,100.7333755493164,100.85383422155644,100.17740211419851,100.64071448839438,1070600
2023-12-13,102.47541809082031,102.49395454304853,100.44611488610778,100.60363938212204,1734100
2023-12-14,103.63370513916016,104.11555395182023,103.1981974598518,103.1981974598518,1589600
2023-12-15,103.1333236694336,103.55957014891032,102.87386283578333,103.19818711044995,1410900
2023-12-18,103.35794067382812,103.7603668332776,103.35794067382812,103.65742010829149,1188800
2023-12-19,104.11599731445312,104.14407239602355,103.41409171458041,103.47024187772126,1496000
2023-12-20,102.54373168945312,104.2095865561151,102.54373168945312,103.91010710975063,1691300
2023-12-21,103.36730194091797,103.4140985067109,102.54373522009806,103.18949069924246,2555800
2023-12-22,103.8352279663086,104.3218864941103,103.53574854156628,103.62934166317233,1713400
2023-12-26,104.52778625488281,104.76175479273319,103.90074514692742,103.9288273691981,1021000
2023-12-27,104.64007568359375,104.75238314051863,104.23764955480341,104.50905388725758,1151200
2023-12-28,104.65879821777344,104.84597017438193,104.49034060076481,104.52777642011701,1064600
2023-12-29,104.47161865234375,104.70558716713099,104.11598908032201,104.509054471528,957500
2024-01-02,105.1641845703125,105.46366402342626,104.07856709017926,104.09728857233515,1739500
2024-01-03,104.52778625488281,105.12674514056752,104.4154787862595,105.06123423557554,1607200
2024-01-04,104.43418884277344,105.21096607020291,104.38739942121497,104.6775181113971,1329800
2024-01-05,104.69623565673828,105.16417269565079,104.20957713778384,104.46226713728203,1195800
2024-01-08,105.28583526611328,105.28583526611328,104.13470699220326,104.57456895751723,1233600
2024-01-09,104.61202239990234,104.78048005031096,104.3686930959446,104.77111930857885,1070700
2024-01-10,104.62137603759766,104.75239785233502,104.17215328696001,104.60265455540467,1307100
2024-01-11,104.20957946777344,104.61200561584202,103.56383119493985,104.54649471453563,1755100
2024-01-12,104.34061431884766,105.01444489663886,104.0317812541547,104.76176200004397,809000
2024-01-16,103.54510498046875,104.06919216695893,103.27370064742136,103.96624544959087,1375300
2024-01-17,102.92743682861328,103.48895986150443,102.534364279452,102.85256518685374,1010500
2024-01-18,103.30178833007812,103.39538145921519,102.45014654812647,103.01166962218242,1298000
2024-01-19,104.46226501464844,104.60264041134775,103.15203990428618,103.64805201303025,1537300
2024-01-22,104.62137603759766,104.95829131553755,104.34997166702645,104.4622791397242,1148100
2024-01-23,104.94892120361328,105.03315358565389,104.61200595575636,104.73367415868692,1304500
2024-01-24,104.66816711425781,105.37007276434855,104.64009203067874,105.31392259719041,1301300
2024-01-25,105.81929016113281,105.84736524328956,105.1360988879883,105.51981071787225,1158100
2024-01-26,105.7444076538086,105.95966182848922,105.4355746416528,105.71633257453556,1186300
2024-01-29,106.0532455444336,106.1093957017822,105.35134001696686,105.73505179925509,1078300
2024-01-30,106.44633483886719,106.52120649225309,105.71635406873926,105.81930080710642,1179600
2024-01-31,105.25776672363281,106.53990973859077,105.24840598289609,106.42760941036269,1298400
2024-02-01,106.04390716552734,106.04390716552734,104.7524032931134,105.30456566387792,1527400
2024-02-02,105.87544250488281,106.36210107279477,105.2484085232975,105.71634560928415,1245600
2024-02-05,105.06123352050781,105.49173477040405,104.7336789977773,105.39814878393149,1236600
2024-02-06,105.49172973632812,105.54787989750155,105.1080179279024,105.22968613064847,1382300
2024-02-07,105.6882553100586,105.8754272614438,105.30454352752096,105.83799144313632,968300
2024-02-08,105.7444076538086,105.7912042126986,105.27647062551826,105.6601824159895,877400
2024-02-09,105.64147186279297,105.67890768574645,105.15482044470407,105.67890768574645,1026500
2024-02-12,106.37145233154297,106.6428495338873,105.62275020464418,105.65082528487616,1033600
2024-02-13,104.92084503173828,105.7818474827942,104.1721429020315,105.67890076145571,1509200
2024-02-14,105.43558502197266,105.51981026808389,104.82726539727459,105.4262242812426,1026000
2024-02-15,106.90489959716797,107.0171999173824,105.75377133390171,105.75377133390171,979000
2024-02-16,106.62413024902344,107.16693890884433,106.39952247743118,106.72707696520162,908600
2024-02-20,106.63349914550781,107.0733611227972,106.39953061632434,106.51183094063457,1162800
2024-02-21,107.1762924194336,107.18565315911994,106.37144731021667,106.60541582130884,809700
2024-02-22,107.90629577636719,108.1215428392141,107.1107970114929,107.27925464944644,1419900
2024-02-23,108.14960479736328,108.53331659175058,107.88756120127071,108.00922939956547,773000
2024-02-26,107.72847747802734,108.35551146526419,107.60681640502945,108.1496180031498,969900
2024-02-27,107.8875732421875,107.90629472408497,107.52258288687307,107.85949815949459,1003200
2024-02-28,107.82206726074219,108.18705763272796,107.5787379660338,107.76591709279164,703600
2024-02-29,108.01859283447266,108.43037974591296,107.7659099552772,108.28999719518076,812900
2024-03-01,108.71114349365234,108.79536873895097,107.98115566696566,108.31807092846627,936600
2024-03-04,109.01062774658203,109.25394989273616,108.57076573907929,108.6082015631384,1091400
2024-03-05,108.90766906738281,109.59085314608872,108.57075382796666,108.94510488733489,887200
2024-03-06,109.58148956298828,110.06814806958648,109.21649925311581,109.53470014437656,766600
2024-03-07,110.0775146484375,110.42378349711122,109.9277713645711,110.10558972912426,992200
2024-03-08,109.80610656738281,110.34891524271013,109.74059566795727,110.12430032454898,1506300
2024-03-11,110.3302001953125,110.35827527668135,109.38496532836088,109.67509116286263,1435800
2024-03-12,110.54545593261719,110.8168602899014,110.06815812221024,110.5173737107025,1672500
2024-03-13,110.74198913574219,111.12569382177296,110.4331489546898,110.73262839506249,767300
2024-03-14,110.12429809570312,110.89171453350707,109.51597853326226,110.72325691837194,1150500
2024-03-15,110.03583526611328,110.38405252499554,109.47116425779775,109.53704242243154,1019500
2024-03-18,110.1958236694336,110.50639523594516,109.87584606528087,110.3275871784051,841200
2024-03-19,110.76051330566406,110.77933256307318,110.07349193722558,110.15819654602201,989200
2024-03-20,111.720458984375,111.77692393960818,110.44994723035087,110.62876249549929,1595000
2024-03-21,112.64276123046875,112.9627388854696,112.0216179987388,112.09690939292108,2057200
2024-03-22,112.06867218017578,112.92508841722176,112.04043970359591,112.75568637756027,812800
2024-03-25,111.9463119506836,112.37923382047055,111.8616145284524,112.00278407901932,890200
2024-03-26,111.68280792236328,112.24747898811638,111.63575618865679,112.13454908307506,1020300
2024-03-27,113.47093963623047,113.47093963623047,112.26630610726248,112.28512536482289,1124300
2024-03-28,113.86620330810547,114.1485424195002,113.53681246493286,113.62151707042403,1261900
2024-04-01,113.43328857421875,113.99795961668423,113.26388654346091,113.93208144806628,1190700
2024-04-02,112.99095916748047,113.14154193959176,112.595690160961,112.95331347445266,880500
2024-04-03,112.79332733154297,113.1415446151486,112.45452326646235,112.83097302546103,1124500
2024-04-04,111.68280792236328,113.64034098514406,111.47576018954464,113.39564755725092,945100
2024-04-05,112.23806762695312,112.59569094292844,111.40987673495286,111.70162906289923,1096300
2024-04-08,112.30394744873047,112.59569260079068,112.17219111036896,112.2663017548869,809600
2024-04-09,112.5204086303711,112.8498066781705,111.62634667824175,112.62393250021964,876600
2024-04-10,111.09931945800781,111.67340375218029,110.54405442159636,111.38165140551708,1212600
2024-04-11,110.9581527709961,111.40988677079604,110.25231211364903,111.40988677079604,793200
2024-04-12,109.26412963867188,110.59111348839227,108.97238447178965,110.40288500961157,1239300
2024-04-15,108.72769165039062,110.56288163285716,108.41712004379413,110.14878615739515,1337100
2024-04-16,108.1441879272461,108.83120204811591,107.87126205040006,108.83120204811591,1578400
2024-04-17,107.95597076416016,108.7371027851059,107.63599312484196,108.5771139654468,986600
2024-04-18,108.20066833496094,108.78415868315466,107.871277464177,108.34183790249192,1097400
2024-04-19,109.1135482788086,109.28295031068212,108.27595133792882,108.35123554528668,1043700
2024-04-22,110.0640869140625,110.60993876194046,108.98180361798586,109.42412441176694,933600
2024-04-23,110.7322769165039,110.97696315508676,110.10172052275696,110.23347686051139,751800
2024-04-24,110.99579620361328,111.12755254921593,110.20525094981501,110.52523577498027,708000
2024-04-25,110.6758041381836,111.00519498064192,109.98878997822504,110.6475716631417,828700
2024-04-26,110.4593505859375,110.82638712254295,110.1770114746186,110.29935459342646,552800
2024-04-29,111.04283905029297,111.08989796146251,110.5534594029657,110.64757004512305,694400
2024-04-30,109.61234283447266,110.67580677407503,109.59351639720846,110.65698751699286,836100
2024-05-01,109.16059112548828,110.30875956137518,108.98178306986323,109.30176067058903,780200
2024-05-02,109.61234283447266,109.9135012090616,108.9535539536842,109.85703625763306,682800
2024-05-03,110.23347473144531,110.4969945820464,109.62175196662118,110.35582502855554,933700
2024-05-06,110.90167236328125,110.9581444941806,110.5534622602812,110.7699160248193,626800
2024-05-07,111.24989318847656,111.55105156886113,111.15578254089056,111.22166071221898,826700
2024-05-08,111.6075210571289,111.70163888872204,110.8546286656609,110.98638501367236,726800
2024-05-09,112.44511413574219,112.51099230324158,111.5039933542184,111.62633647095106,829100
2024-05-10,112.81214904785156,112.94390538096035,112.62392058613787,112.78390939345829,720800
2024-05-13,112.80274200439453,113.48975618175628,112.73686383423407,113.09448716079346,653500
2024-05-14,113.21683502197266,113.30153244741796,112.71803496701683,113.00978729730834,880200
2024-05-15,114.12030792236328,114.18618608983056,113.47093228577044,113.70621248103663,705400
2024-05-16,114.06383514404297,114.4496981085715,114.01678341336645,114.3461742488288,756300
2024-05-17,114.3555908203125,114.39323651406661,113.98855428143723,114.18618878850992,712200
2024-05-20,113.74385833740234,114.48734461713404,113.72503190085222,114.35558828201012,555700
2024-05-21,113.88504028320312,114.04502911037969,113.61211436498178,113.72504427584404,555300
2024-05-22,113.48035430908203,113.88503656354683,113.11331775040259,113.65916238883463,535900
2024-05-23,111.96514129638672,113.5838702005642,111.81455852382054,113.5838702005642,708700
2024-05-24,112.35099792480469,112.65215629200429,112.18159589449353,112.35099792480469,501700
2024-05-28,111.7110366821289,112.38864481056227,111.33459410427209,112.38864481056227,742800
2024-05-29,110.49700927734375,111.06168038622258,110.32760722666183,111.06168038622258,654800
2024-05-30,111.1275405883789,111.155773062229,110.47816496910035,110.5440431348111,620000
2024-05-31,112.93450164794922,112.93450164794922,111.13695738356522,111.30635942324443,657000
2024-06-03,112.10631561279297,113.00979074602346,111.27812468886178,113.00979074602346,784500
2024-06-04,111.79574584960938,111.9933803651024,111.21224834183316,111.6075173728192,587300
2024-06-05,112.25688171386719,112.25688171386719,111.42869804018815,112.10630612782622,790000
2024-06-06,112.06867218017578,112.51100012707984,111.78633305401253,112.08749143783496,585900
2024-06-07,111.9180908203125,112.71804211436368,111.61693243266328,111.88044512433356,594800
2024-06-10,112.2004165649414,112.23806225642936,111.46634353138018,111.87102573964874,772600
2024-06-11,111.53221893310547,111.75808589625555,110.8546108634739,111.71102698801619,661600
2024-06-12,111.5040054321289,112.80274966644392,111.24989877269134,112.73687149180871,810600
2024-06-13,111.80514526367188,111.97454728177549,111.11812397353462,111.97454728177549,630900
2024-06-14,111.4475326538086,111.55105652480718,110.68522704025762,111.30636308606665,636000
2024-06-17,112.36040496826172,112.39805065961552,111.14635834778198,111.41928422496098,733000
2024-06-18,112.75568389892578,112.99096410549573,112.398060569805,112.45452552172353,782600
2024-06-20,113.14154052734375,113.31094255376357,112.51099133240731,112.6427476662692,897000
2024-06-21,112.84159851074219,113.21178824461585,112.63277928901506,113.1928073124103,855200
2024-06-24,113.64842987060547,114.11353875138738,113.00296954463877,113.050425496305,1322300
2024-06-25,112.75617218017578,113.53452074541437,112.40496338247227,113.53452074541437,1511400
2024-06-26,112.30055236816406,112.5093788335217,112.00630084436008,112.5093788335217,705200
2024-06-27,112.30055236816406,112.38598466847701,111.70255523343988,112.35750964899489,706900
2024-06-28,112.57582092285156,113.22128123961251,112.17715617358152,112.5568399908291,991600
2024-07-01,112.32902526855469,113.48705765142498,112.15817515488511,112.9934737586911,844800
2024-07-02,112.67073059082031,112.6897187631123,112.09171444763435,112.32901590822316,607900
2024-07-03,112.83210754394531,113.1833090909179,112.6802311243827,112.84159438876827,600200
2024-07-05,112.54734802246094,113.01245690536446,112.14868326568647,113.01245690536446,777600
2024-07-08,112.76566314697266,113.24975293895365,112.55683669151438,112.68972493737577,739300
2024-07-09,112.79415130615234,113.30672341784891,112.47141749869874,112.7182130877083,807700
2024-07-10,113.8477554321289,113.90470546746548,112.84159227603065,112.99346869274969,791400
2024-07-11,114.78746795654297,114.8728930100926,113.99013124741549,114.1135326472532,669400
2024-07-12,115.30953979492188,115.97398105051268,114.90138095452565,115.08172515711941,814300
2024-07-15,115.84109497070312,116.35366705256642,115.51836118203364,115.61328757049722,638200
2024-07-16,117.55915069580078,117.55915069580078,115.90753443744454,116.04042268571077,915000
2024-07-17,117.976806640625,118.42293458919131,117.11302576287036,117.11302576287036,964100
2024-07-18,117.05606079101562,118.68869595116391,116.85672843893227,117.60660190164529,1048900
2024-07-19,116.21127319335938,117.22692316919927,116.08787903920039,117.22692316919927,624000
2024-07-22,116.68588256835938,116.71435758690276,115.75565759203245,116.4485810913426,687000
2024-07-23,116.02144622802734,116.51503013464074,115.9834771210776,116.35366686150431,718100
2024-07-24,115.44243621826172,116.25875395684166,115.33802297901076,115.94551423908881,836000
2024-07-25,115.8505859375,117.0181051687416,115.31902569551484,115.43293301348305,1018200
2024-07-26,117.24591827392578,117.60662117746192,116.4106196270705,116.5719829039857,962200
2024-07-29,117.04658508300781,117.39779389669853,116.60995120866805,117.37881296384323,1241200
2024-07-30,117.22693634033203,117.53068195858373,116.8282715742267,117.13201719247839,707100
2024-07-31,118.01477813720703,118.71718851626774,117.5686501796054,117.93883992275,912300
2024-08-01,116.42009735107422,118.36596497171531,115.93600034650403,117.96730025824144,858400
2024-08-02,114.48371887207031,115.86955855281319,113.43009979255588,115.42343064179245,1166200
2024-08-05,111.911376953125,112.79413872896946,111.37032988030849,112.05375928636435,2093700
2024-08-06,112.6897201538086,114.0375907285392,111.8734025399597,112.11070400347703,1095100
2024-08-07,112.20564270019531,114.40780037584157,112.0727544368098,113.7813281687195,809600
2024-08-08,114.17998504638672,114.26541010612878,112.62328786157549,112.73718794123157,652300
2024-08-09,114.23693084716797,114.5691514702815,113.37315722707277,114.0186175413504,762700
2024-08-12,113.8477554321289,114.48372163294106,113.49654664986575,114.42677159760449,652100
2024-08-13,115.03426361083984,115.0627386287136,113.76232395817105,114.25591507420354,666900
2024-08-14,115.54683685302734,115.86006929474402,115.00578978223238,115.0437516452125,545400
2024-08-15,117.0370864868164,117.16997472906168,116.3916262065396,116.82826003704066,532300
2024-08-16,117.43576049804688,117.48321645010574,116.75233105997278,116.75233105997278,594500
2024-08-19,118.22359466552734,118.22359466552734,117.44524613745489,117.44524613745489,618000
2024-08-20,117.6161117553711,118.09071472639552,117.4927103481101,118.04325153254644,584500
2024-08-21,118.15715789794922,118.23308886888097,117.64458582436043,118.04325057875174,570800
2024-08-22,117.90086364746094,118.59378713898663,117.63508715488658,118.47038573752977,716000
2024-08-23,119.38162994384766,119.45756815840375,118.28055480025115,118.45141216206902,763900
2024-08-26,119.5429916381836,120.14098873948159,119.36264020238916,119.64740486502603,857000
2024-08-27,119.48603820800781,119.54299548748894,119.11584847977942,119.40061315158576,632200
2024-08-28,119.30569458007812,119.82775349173663,118.72667838866552,119.31518142514842,608900
2024-08-29,119.7423324584961,120.31185458210906,118.91652067204392,119.71385743859545,707600
2024-08-30,120.89086151123047,121.02374975514172,119.58096000330545,119.97962473503922,859400
2024-09-03,119.42908477783203,120.50168482634979,119.05889506011943,120.20743331787726,964600
2024-09-04,119.315185546875,120.01760316713104,118.97347082401171,119.33417372140447,837100
2024-09-05,118.49887084960938,119.61893419362828,118.0527501229964,119.5430032191865,898000
2024-09-06,116.82826232910156,118.71718001681774,116.65740497973898,118.28054617775032,853100
2024-09-09,118.12867736816406,118.49886710864853,117.19845959428346,117.37881104185624,631300
2024-09-10,117.91985321044922,118.37546799112684,117.01810325216972,118.37546799112684,610600
2024-09-11,117.89137268066406,118.02426093046802,115.57531515417608,117.6730593739289,872900
2024-09-12,118.52735137939453,118.63176461482584,117.39779396438313,118.07172933007001,691900
2024-09-13,119.61893463134766,119.67589191472105,118.89754329937611,118.89754329937611,662000
2024-09-16,120.5016860961914,120.53965520121156,119.78029482640736,119.9511521780649,658900
2024-09-17,120.58711242675781,121.15663449014973,120.20742863720787,120.7105065805685,781800
2024-09-18,120.28337860107422,121.86855079238833,120.20744038736815,120.68204336023106,806700
2024-09-19,121.5648193359375,121.90651959145083,120.90985763686831,121.73566946369417,759300
2024-09-20,121.35553741455078,121.42242600182831,120.7153170377073,121.16442924813188,818700
2024-09-23,121.90019226074219,121.95752324722216,121.38419151149682,121.66130342999759,939600
2024-09-24,122.0531005859375,122.32064765462978,121.7855389366262,122.08176608292919,1234500
2024-09-25,121.20264434814453,122.24420353293823,121.00197858747255,122.09131116844003,783900
2024-09-26,121.73775482177734,121.92886297843829,121.4702004863285,121.4702004863285,605100
2024-09-27,122.08175659179688,122.73153453756035,121.94797942269635,122.09130689651195,648100
2024-09-30,122.50218963623047,122.57863581183423,121.42241474448446,122.00530407542315,874800
2024-10-01,122.2346420288086,122.54997705277057,121.58486408108797,122.31108820861313,842900
2024-10-02,122.33975219726562,122.63597202747506,121.79508593090472,122.26330601840228,677000
2024-10-03,121.91930389404297,122.17730792172298,121.43197591341854,121.9861997673968,667600
2024-10-04,122.96086120605469,123.04687227285784,122.04353619217879,122.5977600708455,638700
2024-10-07,122.16775512695312,122.92264475972657,121.81420429852757,122.81753308362462,623800
2024-10-08,122.3015365600586,122.46398652261905,121.75687026050943,122.27287106381537,820400
2024-10-09,123.4004135131836,123.49597487748586,121.99574602551911,122.20596936249046,480600
2024-10-10,123.04686737060547,123.36220238800539,122.80797853141927,123.30485681888189,575700
2024-10-11,124.32730865478516,124.45153551756462,123.23797612601555,123.25709131581648,584700
2024-10-14,125.1395492553711,125.16821475267535,124.10754761056019,124.41331777534535,557200
2024-10-15,124.5566635131836,125.53131961149003,124.43243663412471,124.91976468327792,676200
2024-10-16,125.47398376464844,125.60776094437895,124.70953648878023,124.9388750457264,645000
2024-10-17,125.62686920166016,125.98998491829379,125.48354172436702,125.86575805089423,557900
2024-10-18,125.58863830566406,125.72243005808004,125.13954068511431,125.62686868653095,808700
2024-10-21,124.36553192138672,125.64598726381602,124.23175474598288,125.55997619485612,941600
2024-10-22,124.38463592529297,124.51841308866501,123.58197294506078,123.96418924594737,898400
2024-10-23,123.95464324951172,124.41330574263925,123.33353809383105,123.97375843940554,777000
2024-10-24,123.72529602050781,124.05974620737359,123.18063708204888,124.05974620737359,691300
2024-10-25,122.72197723388672,124.2604220638954,122.65509593551353,124.18399046021713,716000
2024-10-28,123.5533218383789,123.66798382587295,122.88443594363201,122.9322020513419,520600
2024-10-29,122.85576629638672,123.40997560429803,122.73153942705221,123.12332064524682,728700
2024-10-30,122.78886413574219,123.39086868018202,122.47352911630313,122.60730628388778,918000
2024-10-31,122.10087585449219,122.89398863818889,122.08176795297486,122.731545959208,879600
2024-11-01,121.86197662353516,123.03730566008453,121.73775704846436,122.69330513955569,700400
2024-11-04,121.63264465332031,122.2441995105719,121.30775203460661,121.9193068918582,1149400
2024-11-05,122.91309356689453,122.91309356689453,121.54664178744095,121.69953414805163,558700
2024-11-06,126.47731018066406,126.71619902472088,125.48353900485961,126.21930614650968,1197100
2024-11-07,125.92308044433594,126.65886213231403,125.67464130711741,126.64929724740205,987500
2024-11-08,126.611083984375,126.94553418941094,125.90396777574185,126.06641043570806,1065300
2024-11-11,126.89775848388672,127.51886365404194,126.81176199828704,126.97420466462582,1012800
2024-11-12,125.89442443847656,127.02197281615472,125.64598528253518,127.01242251114024,876700
2024-11-13,125.98998260498047,126.39131411465063,125.6650826947178,126.09509427993822,685500
2024-11-14,125.30197143554688,126.18108056384257,125.21596037708542,126.13329988261216,712400
2024-11-15,124.8910903930664,125.46442947692451,124.55665474466467,125.0726482556421,851000
2024-11-18,125.52174377441406,125.74151740906106,124.87195859375704,125.12996260523973,773800
2024-11-19,124.96751403808594,125.31151451023574,124.2890779778507,124.79552109231902,885200
2024-11-20,125.0439682006836,125.11084949032954,124.26040584934866,125.11084949032954,779500
2024-11-21,126.611083984375,126.83085763249196,125.06308898183535,125.36885911217838,1206300
2024-11-22,127.68130493164062,127.79598149181102,126.79264542887326,126.79264542887326,1572300
2024-11-25,128.44573974609375,128.98084837315366,128.12085444832402,128.40752395013942,849900
2024-11-26,128.48399353027344,128.5699900223002,127.77687724105306,128.36931696028523,708400
2024-11-27,128.31198120117188,129.04776296041376,128.2259847123383,128.69419753862243,658200
2024-11-29,128.75155639648438,129.06689146869599,128.46488682350835,128.54133301500997,458600
2024-12-02,128.06353759765625,128.84708543643598,127.66220608306887,128.77063925547387,1040100
2024-12-03,127.49018096923828,128.3692900582797,127.44240029014139,128.18773222608118,868200
2024-12-04,126.9551010131836,127.55710562833357,126.44865777779755,127.55710562833357,949600
2024-12-05,127.02197265625,127.53798073874879,127.0028720462451,127.0697533424989,834900
2024-12-06,126.89775848388672,127.38508648290305,126.69708543686934,127.14619763582519,882100
2024-12-09,126.04730987548828,127.23218917937493,125.95174850812175,127.13664239262594,1066500
2024-12-10,125.38797760009766,126.03774825705477,125.01531158669745,126.03774825705477,1140900
2024-12-11,125.32109069824219,125.98999117380365,125.2637597044784,125.96132567692175,1072600
2024-12-12,124.88153076171875,125.47397041167498,124.79553427974784,125.39752423416168,1506400
2024-12-13,126.00910186767578,126.08554805901758,125.48355799570861,125.87532467798266,1413000
2024-12-16,125.97087097167969,126.6970878314997,125.83709379801236,126.1428639461298,1199500
2024-12-17,125.03443145751953,125.41664778996537,124.5853192475555,125.19687412783993,1364500
2024-12-18,121.51797485351562,125.04397650752614,121.4224207744199,125.03442620283282,1804500
2024-12-19,121.04975128173828,122.77931141196261,121.00197059840997,122.31108404433311,2366100
2024-12-20,122.40164184570312,123.32600828348613,120.7358516733304,120.85140023288257,2032000
2024-12-23,123.02751159667969,123.0852895504642,121.70836708235348,122.2668407762639,2564200
2024-12-24,124.20223999023438,124.21186352759199,123.05640727047117,123.35489854521484,1516500
2024-12-26,124.54888153076172,124.68368451934255,123.6630165287462,123.84596659019671,1329900
2024-12-27,123.86522674560547,124.58738875197966,123.25860595867557,124.07706210953579,1454600
2024-12-30,122.59422302246094,123.09491878576453,121.81429039927599,122.8927143036874,1890100
2024-12-31,122.85418701171875,123.29711947095656,122.41126189869216,122.94085026546918,1370900
2025-01-02,122.8060531616211,124.04817265255411,122.22832504510173,123.67264900950593,1654800
2025-01-03,123.65338134765625,123.80744608936263,122.75790023856878,123.30674302502811,1192500
2025-01-06,123.34527587890625,124.51999391146144,123.11417874888073,124.01929080928458,1634800
2025-01-07,123.01789093017578,124.05779862181299,122.68088346778356,123.87484856528076,1119700
2025-01-08,123.21046447753906,123.26824243265,122.13203325207935,122.84457171082445,1097700
2025-01-10,121.42912292480469,122.86381591411322,121.19803316221397,122.5749555474276,1829200
2025-01-13,122.47866821289062,122.53644616640472,121.08249133086034,121.13063840108683,1924600
2025-01-14,123.51858520507812,123.51858520507812,122.46904664243282,122.91197178002537,993000
2025-01-15,125.0688247680664,125.39620133751164,124.64515405823234,125.23251305278902,1038600
2025-01-16,125.8680191040039,126.02208385164028,124.9436453106087,125.11697182480538,1152700
2025-01-17,126.8020248413086,126.99459844240998,126.19540404003645,126.51315709344453,1402600
2025-01-21,128.00559997558594,128.16928823503355,127.1486351511715,127.341208709791,2503000
2025-01-22,127.11013793945312,128.08265885431567,127.10051440187706,128.02488824401172,1920200
2025-01-23,128.0634002685547,128.0634002685547,127.22569701348648,127.23532055130165,1142900
2025-01-24,128.1211700439453,128.48707017247125,127.97674351553984,128.06339943258314,979100
2025-01-27,127.79379272460938,127.82267803012623,126.82128648988632,127.10051600735714,1414400
2025-01-28,126.94644927978516,127.77452897407443,126.59018738898963,127.77452897407443,1068200
2025-01-29,126.98497772216797,128.05377812828212,126.72499527407957,127.03311010419326,1007900
2025-01-30,128.07301330566406,128.41965164010315,127.34122779625838,127.86117795170556,994800
2025-01-31,127.44715118408203,128.6122456830611,127.24493935808866,128.17893672627866,1343200
2025-02-03,127.01384735107422,127.40863274343866,125.41545870815169,125.86801470575533,2331200
2025-02-04,127.24492645263672,127.37972942548576,126.37833801181029,126.71535279014397,2123000
2025-02-05,128.37152099609375,128.48706221165943,127.10050885517886,127.85155614120198,2063700
2025-02-06,128.3426055908203,129.02625864982434,127.67822898866041,128.92034098413137,2913900
2025-02-07,127.40863037109375,128.6025953702654,127.36048330348343,128.5833336047368,833100
2025-02-10,128.10189819335938,128.19819233299992,127.35085091991631,128.05376581596198,1038000
2025-02-11,128.84332275390625,128.8722080574986,127.54344001498191,127.85155481744123,843300
2025-02-12,128.2078094482422,128.3907594889418,127.591565185709,127.70712108597421,902100
2025-02-13,128.97813415527344,129.08405183950129,128.12116914376588,128.46780750192758,2527800
2025-02-14,128.8048095703125,129.5269715206177,128.7085154333028,129.1803331967743,1590000
2025-02-18,129.5077362060547,129.5077362060547,128.3715415578751,128.67965641287657,2414600
2025-02-19,130.04693603515625,130.08545957118739,129.13220040214213,129.21885631957602,2445600
2025-02-20,129.60400390625,129.75805395609126,128.77592428211045,129.61362744298305,1868400
2025-02-21,128.37152099609375,129.6521419817416,128.22707978421354,129.58474783680268,1118700
2025-02-24,128.0634002685547,128.9107417538622,127.97674435094574,128.62187400274155,987200
2025-02-25,128.24632263183594,128.78553448149447,127.60119311939299,128.28483146720257,1049400
2025-02-26,127.97673797607422,128.77593234764754,127.57232902161967,128.4004086976238,866400
2025-02-27,127.2738037109375,128.83368337523333,127.2256713391507,128.053750889296,961800
2025-02-28,129.07443237304688,129.1514647542263,126.97534039007425,127.60122297749805,1152900
2025-03-03,127.77452087402344,129.767694951947,126.96570299852814,129.3825330880758,1500100
2025-03-04,125.16512298583984,127.26420014440446,124.98217292859506,127.25457660702128,1648500
2025-03-05,125.91618347167969,126.35910131645045,124.36594163013197,125.16513608930751,1384000
2025-03-06,124.7510757446289,125.36732006262096,123.96151959927509,124.70292867288725,1052400
2025-03-07,126.35909271240234,126.64796046112784,124.56813030121317,124.74145682741808,1042100
2025-03-10,124.68367767333984,126.36872228429141,123.70153327193535,125.2421513646317,1429100
2025-03-11,123.16232299804688,124.7703352566746,122.66161990734584,124.69330288176496,1300900
2025-03-12,122.50755310058594,123.7304107370158,121.86241619300017,123.56672246255553,1198900
2025-03-13,121.67947387695312,123.05639625564935,121.34245909809846,122.45940641338706,1083100
2025-03-14,123.51858520507812,123.75930586765311,121.89131117528356,122.24758040053072,2300300
2025-03-17,125.01106262207031,125.40584805499306,123.27787082472267,123.27787082472267,1032600
2025-03-18,124.3466567993164,124.97252460441004,123.9422478755359,124.7799510253368,751600
2025-03-19,125.35769653320312,125.85839963298581,124.19260204364454,124.51035508625144,770300
2025-03-20,124.97252655029297,125.59840905755419,124.51034701483634,124.61626468883917,859300
2025-03-21,124.44914245605469,124.6139245922954,123.56714688523655,124.2068349241782,2385800
2025-03-24,125.7479248046875,125.99023234183979,125.16638079981067,125.31175940639068,1074900
2025-03-25,125.20515441894531,125.9902433307885,124.81746824139879,125.95146583946604,1484800
2025-03-26,125.33114624023438,126.15499776970746,125.02100028783104,125.42807516932939,1131600
2025-03-27,124.9046859741211,125.54438142908388,124.56546429172221,125.18577100248893,707800
2025-03-28,123.62531280517578,125.04038059042449,123.32484642007718,124.83685053398135,1045100
2025-03-31,124.99192810058594,125.4377656927596,122.87899865866137,122.87899865866137,1231400
2025-04-01,124.72052764892578,125.18576876564674,123.61561327258968,124.57514904324941,865500
2025-04-02,125.44744873046875,125.60252910082335,123.95484083632057,123.99361092890922,846400
2025-04-03,120.2911605834961,123.0534651715812,120.1942390425288,122.47192853113795,2107500
2025-04-04,113.42900848388672,118.05224065284118,113.12854948986393,117.68392844634663,3536200
2025-04-07,112.61486053466797,116.18162800542257,108.60224805439898,110.5116253577628,4019600
2025-04-08,111.24823760986328,116.34639036908167,109.71685216819611,116.17192864288366,2816700
2025-04-09,118.90515899658203,119.34130962052734,109.4648590965418,109.93008544279822,4595000
2025-04-10,115.50316619873047,117.39316960797574,112.50824829948814,117.02485738333681,1775900
2025-04-11,117.29623413085938,117.88746513727556,114.46608375582286,115.31901105407023,1397700
2025-04-14,118.53685760498047,119.07962415613152,117.42224138488989,118.51746885978812,2951700
2025-04-15,118.18792724609375,119.5254621954238,118.08131133767188,118.78884520850153,3201400
2025-04-16,116.75347137451172,118.58531589812343,115.98777861361289,117.80993615916849,2986300
2025-04-17,117.12176513671875,118.07161391595098,116.5111528180517,116.5111528180517,1159600
2025-04-21,115.04762268066406,116.60808390642241,113.79732222018208,116.38516509967958,2204100
2025-04-22,117.33500671386719,117.61608436178271,115.62916687047868,115.83270432697482,1367500
2025-04-23,118.11038970947266,120.18454169226807,117.68392606621549,119.00207969570184,1093000
2025-04-24,119.62238311767578,119.74838776951249,117.61607700666143,118.14915654603399,782300
2025-04-25,119.50608825683594,119.55454533071676,118.38177765998945,119.38977796917054,756800
2025-04-28,119.9519271850586,120.32992635750392,118.91485120520923,119.65146080581897,988300
2025-04-29,120.48500061035156,120.76607824827722,119.37039182553109,119.47700034164416,1021000
2025-04-30,120.5722427368164,120.8436260195278,118.15886152168741,119.75808549404238,1148600
2025-05-01,120.1457748413086,121.11500504241108,119.73869993155904,120.32993094580273,1109400
2025-05-02,122.02607727050781,122.30715490114933,121.09561721457686,121.61900238253287,864400
2025-05-05,121.46392059326172,122.10361603374156,121.07622705915021,121.45422622138317,935500
2025-05-06,120.71762084960938,121.53177064445444,120.24269274131038,120.72730782718655,1254900
2025-05-07,121.38638305664062,121.87099813619643,120.67884918148714,121.02777263033846,939700
2025-05-08,121.99700164794922,123.1213047767864,121.50269220092845,121.86131001851437,1259500
2025-05-09,121.87100982666016,122.43316514758301,121.62870226363891,122.36531932572267,1196200
2025-05-12,124.80776977539062,124.94346140397028,123.94514814422126,124.56546223940711,1268900
2025-05-13,124.41038513183594,125.02100487110789,124.25530475530994,124.54607676397652,930900
2025-05-14,123.635009765625,124.32316975843393,123.47993676902922,124.30378101220943,998500
2025-05-15,125.1857681274414,125.1857681274414,123.4120752008407,123.47992101469018,879200
2025-05-16,125.95146179199219,125.97085053703036,124.78838850744852,125.0985492709424,855800
2025-05-19,126.20347595214844,126.34885457231495,125.02101387719486,125.08885230351264,1008900
2025-05-20,126.09686279296875,126.44578627828179,125.64132338744116,125.80609075699454,725900
2025-05-21,123.81915283203125,125.46684114473878,123.75130701667598,125.26331109331224,884500
2025-05-22,123.32485961914062,123.99363088330236,122.74332292600184,123.51871011328038,847200
2025-05-23,123.17945861816406,123.4896193710711,122.12300128347202,122.25869291554918,786100
2025-05-27,125.09855651855469,125.10824349699539,123.74162528357361,124.16808896344537,886100
2025-05-28,124.22622680664062,125.31175984430728,124.01299499005918,125.18576998125711,785400
2025-05-29,124.7980728149414,124.88531477110679,123.71253974449907,124.69145690343161,856900
2025-05-30,125.0500717163086,125.38929337794087,124.06145287273127,124.57514364289021,694900
2025-06-02,125.4280776977539,125.4668403966064,123.98391944508413,124.92407387700067,930200
2025-06-03,126.41669464111328,126.46515911155839,125.06946518270706,125.33116149168667,873800
2025-06-04,125.90299224853516,126.88192417822997,125.90299224853516,126.64930361498713,695800
2025-06-05,125.6025390625,126.22284580383749,125.34085755471025,126.22284580383749,886600
2025-06-06,126.42638397216797,126.89161030626063,126.06777354685472,126.24222787616003,807200
2025-06-09,126.4457778930664,126.94976694676771,126.11622838653355,126.53300506129018,788800
2025-06-10,127.10484313964844,127.38591337997948,126.57176359149096,126.57176359149096,757900
2025-06-11,127.2308578491211,127.57007955982871,126.77531845280878,127.2986962755507,766900
2025-06-12,127.79299926757812,127.83176196571154,126.63961304017324,126.94007201586126,728100
2025-06-13,126.5232925415039,127.65730478915468,126.30037375633945,127.16298796600489,731500
2025-06-16,127.21147155761719,127.73484939045672,126.92069952191518,127.18239583297499,963000
2025-06-17,126.06777954101562,127.05638369930801,126.02900205091835,126.85285363877456,755500
2025-06-18,126.27131652832031,126.99823922008879,126.07747343503806,126.33916974507312,1158600
2025-06-20,126.46839141845703,126.92696494558375,126.20496696585721,126.80988741109493,784500
2025-06-23,127.44408416748047,127.48311993962139,125.9708038565374,126.63426310508343,1283400
2025-06-24,128.41976928710938,128.65393925522346,127.81484881254573,127.91242335453948,1545100
2025-06-25,127.80510711669922,128.36124036292395,127.64899379264855,128.36124036292395,992000
2025-06-26,128.9661407470703,129.00517651588092,128.0587601073033,128.11729887273555,936700
2025-06-27,129.2978973388672,129.80524327864586,128.71247985415633,129.1222661383399,1105700
2025-06-30,130.06866455078125,130.21502634550134,129.41495688682392,129.54180079802472,1050100
2025-07-01,131.2882843017578,131.76637572315468,129.92233008031596,129.9515994645051,1278500
2025-07-02,131.72732543945312,131.8151484701292,131.01507902301407,131.44438312753607,916400
2025-07-03,132.5078887939453,132.65425059957357,131.90296834981066,132.02981227046502,860000
2025-07-07,131.45416259765625,132.4591179253688,130.88826296562044,132.29325310201475,1458600
2025-07-08,131.4346466064453,131.87370225872377,131.1516893745032,131.40536233436123,1686300
2025-07-09,131.66879272460938,131.9224805549958,131.0346029242103,131.78588514162752,819600
2025-07-10,132.41033935546875,132.66401232855532,131.49319223216196,131.69807793294353,868200
2025-07-11,131.62001037597656,131.89320121292053,131.24925989028634,131.78589006563485,896100
2025-07-14,131.756591796875,131.8248969427464,131.16142291795157,131.46389799394746,870100
2025-07-15,130.22479248046875,131.97126361327878,130.17600521007842,131.75661153378908,1037100
2025-07-16,130.84922790527344,130.91751817206404,129.50277668910974,130.53700129198964,1153400
2025-07-17,131.7371063232422,131.80539659041392,130.4004065983646,130.4004065983646,1220800
2025-07-18,131.41513061523438,132.06883835365556,131.19072703644136,132.06883835365556,1119800
2025-07-21,131.3370819091797,132.25422905338903,131.30781252268667,131.70784732180533,1151800
2025-07-22,132.16641235351562,132.34202866112565,131.24926526857095,131.24926526857095,1088100
2025-07-23,133.3372344970703,133.3372344970703,132.2834919714909,132.42983889679988,839600
2025-07-24,132.77133178710938,133.30796198027707,132.67375724733907,133.10306140187322,964600
2025-07-25,133.27870178222656,133.34699205454513,132.5371709595445,132.88841848402927,677800
2025-07-28,132.8103485107422,133.2786884216299,132.49813679126774,133.26892203528806,920100
2025-07-29,132.96646118164062,133.220134132993,132.68351884697006,132.96646118164062,946900
2025-07-30,132.3908233642578,133.34699138642569,131.83467525003277,133.01526175045925,892100
2025-07-31,130.86874389648438,132.48837104415398,130.62482244130584,131.82491183220472,1169600
2025-08-01,129.6686553955078,130.3028601888107,128.80029550492404,130.11747747827272,1199000
2025-08-04,131.20046997070312,131.20046997070312,130.11745814335237,130.11745814335237,989200
2025-08-05,131.00535583496094,131.5517375814113,130.43945620105563,131.26878032056564,988900
2025-08-06,131.229736328125,131.62000468179417,130.8589709706909,131.12241029769845,577100
2025-08-07,131.32733154296875,132.23471230765406,130.82972219272193,131.97127293915787,722300
2025-08-08,132.04931640625,132.4005638998887,131.62001225982667,131.62001225982667,780700
2025-08-11,131.80538940429688,132.62496189238053,131.54196496098803,132.32250168042944,898900
2025-08-12,133.30796813964844,133.30796813964844,132.1371331594454,132.27374347654958,815400
2025-08-13,134.23487854003906,134.31293520475546,133.47384466878742,133.6299579982202,1200500
2025-08-14,134.0494842529297,134.14705879735044,133.30796833380163,133.5909106921655,779800
2025-08-15,133.65921020507812,134.43974697633362,133.5421177791621,134.40072609288467,811300
2025-08-18,133.66896057128906,133.88361264790075,133.3860182272743,133.54211664753186,926500
2025-08-19,133.90313720703125,134.4690368110495,133.54212330321818,133.6299463482342,1002500
2025-08-20,134.25439453125,134.45928024642242,133.71776427377358,134.15681997978655,971900
2025-08-21,133.8640899658203,134.1470471874806,133.3957649462597,133.8445720810683,786800
2025-08-22,135.7764434814453,136.2545200092788,134.47877954286938,134.55683619569172,1059900
2025-08-25,134.91783142089844,135.74717030716712,134.86904415327373,135.6105748904882,993300
2025-08-26,135.27882385253906,135.356880499402,134.7031728306808,134.80074736120528,1576500
2025-08-27,135.7178955078125,135.89351179891224,135.03490356389153,135.13247809524688,1071300
2025-08-28,135.87400817871094,136.01060360427783,135.38616524628844,136.00085210523193,1088700
2025-08-29,135.79595947265625,136.08866822680224,135.27884712503877,135.8154773596755,1427500
2025-09-02,135.33740234375,135.33740234375,134.25439036239496,134.9666369250454,3194800
2025-09-03,134.89833068847656,135.28861399131458,134.18608413150255,135.06419550926307,1038100
2025-09-04,135.9032745361328,135.9032745361328,134.84954692682462,135.23006381012604,939600
2025-09-05,136.15695190429688,137.56194179228635,135.64959113634882,137.35704123037817,1437200
2025-09-08,136.25453186035156,136.3618579063442,135.58132108580017,136.3618579063442,1559800
2025-09-09,136.23500061035156,136.55697868156113,136.0301000603882,136.2837729856825,1499500
2025-09-10,137.3570556640625,137.44486381934303,136.3813697935192,136.5960218760615,1146500
2025-09-11,138.57667541503906,138.71327085363907,137.4839119062391,137.55220218164598,1126100
2025-09-12,137.9424591064453,138.68397493300958,137.90342333843577,138.4790743704179,990100
2025-09-15,137.68878173828125,138.21566043195475,137.50339904561037,138.02052624043233,1235700
2025-09-16,137.45462036132812,138.06929229205207,137.17166314197726,137.88392449566476,896600
2025-09-17,137.72781372070312,138.62544288724231,136.99604935678468,137.6692749536351,1083300
2025-09-18,138.07907104492188,138.3620134018299,137.4546326720835,137.83514957291024,1136500
2025-09-19,137.86508178710938,138.26749586979318,137.33504961672045,138.2380513022039,1148900
2025-09-22,137.51174926757812,137.79638511564877,137.2369232843055,137.3743362759418,1325400
2025-09-23,137.96322631835938,138.68956060338712,137.55098739233532,137.63932109572096,1820900
2025-09-24,137.92396545410156,138.38528363056528,137.80617221152357,138.13007741905494,974100
2025-09-25,137.24671936035156,137.69821272598526,136.8541001544839,137.60006915718682,1080100
2025-09-26,138.17916870117188,138.45399466292827,137.67859605159236,137.708040620574,949800
2025-09-29,137.91415405273438,138.63067851052836,137.5117399467926,138.61104380537037,1054700
2025-09-30,138.34603881835938,138.4638320818779,137.29581414986484,137.7963868449163,1164000
2025-10-01,138.47364807128906,138.6306957783311,137.894551500577,138.07121893832903,1278600
2025-10-02,138.30677795410156,138.80735062588937,137.93379342793088,138.65030293309198,1112400
2025-10-03,138.93495178222656,139.59257213750527,138.64049110662168,138.64049110662168,1079400
2025-10-06,138.6503143310547,139.30793474970054,138.4932816022405,139.101822740741,1130500
2025-10-07,138.44419860839844,138.92513660099883,137.9730704808066,138.84662772714447,1161500
2025-10-08,138.64048767089844,138.91531363414782,138.11047044945798,138.68956694509833,1248000
2025-10-09,137.72769165039062,139.02329776982592,137.4823102285308,139.02329776982592,1644300
2025-10-10,134.9303436279297,138.34604898306907,134.88126434593204,138.11049239251096,2055200
2025-10-13,136.97189331054688,137.29579853883084,136.1474154441284,136.5203849683322,1675600
2025-10-14,137.9337921142578,138.4343647812782,135.71554963796743,136.0983440249576,2139800
2025-10-15,138.30677795410156,139.4453512615441,137.34487206838685,138.65030293309198,1662800
2025-10-16,136.9130096435547,138.74845770026468,136.48113598858953,138.67974372020572,2795100
2025-10-17,137.52154541015625,137.7276723654893,136.60871886066892,136.97189349845655,2267500
2025-10-20,138.62086486816406,138.7288332899176,138.05157818772665,138.1693714512988,1443400
2025-10-21,138.37547302246094,138.92512495472226,138.13009162578058,138.64048912440546,1524200
2025-10-22,137.9828643798828,138.5325162946222,137.38413319199353,138.39510331593738,2000500
2025-10-23,138.31658935546875,138.53252619124143,137.7865721075037,138.32639922004296,1380200
2025-10-24,139.00364685058594,139.52385420610563,138.93494784846212,139.2588530847673,1435100
2025-10-27,139.77906799316406,139.8575918404712,139.22941603890666,139.5238617451928,1554500
2025-10-28,139.24903869628906,139.8379600750305,139.0723712688023,139.70054708357654,1656100
2025-10-29,138.7975311279297,139.53367528782013,138.08100669560795,139.07235708280416,2643700
2025-10-30,138.24789428710938,139.23922980546922,138.12029115954783,138.17918030245534,3149800
2025-10-31,137.9828643798828,138.3558488835523,137.21727564479704,137.78656226417468,2164500
2025-11-03,137.1485595703125,137.97305240670835,136.26519257468482,137.9632275660937,1732500
2025-11-04,136.589111328125,137.13876328889933,136.17687235754426,136.45169833793142,1647700
2025-11-05,137.32525634765625,137.85527360520197,136.412429711409,136.412429711409,1333400
2025-11-06,136.9915313720703,137.7080408466191,136.736325137955,137.24672262929397,1821500
2025-11-07,137.67860412597656,137.67860412597656,136.16704627077698,136.91301533377145,1770000
2025-11-10,138.424560546875,138.6601320934086,137.32525661683707,138.15954442913628,1561200
2025-11-11,139.45516967773438,139.86740866393774,138.59142229127406,138.64050157039443,1152900
2025-11-12,140.23056030273438,140.65262410661396,139.769242063953,139.77906690534772,1307100
2025-11-13,138.64048767089844,140.2894434503947,138.44418555099054,140.12258589962843,2011700
2025-11-14,138.40492248535156,138.9349547079804,137.39395229343597,137.9828736570475,1751300
2025-11-17,136.96206665039062,138.75826017779963,136.5890971311415,138.21843311472227,1762000
2025-11-18,136.9326171875,137.85525355430232,136.35352073664,136.67742594904234,2563100
2025-11-19,137.10931396484375,137.62952133660667,136.5007728832099,136.86393256394078,1484200
2025-11-20,135.87258911132812,139.13126147192483,135.79408023866407,138.34603795324793,2707300
2025-11-21,137.51174926757812,138.34603708219402,136.06890536695042,136.45169977057247,2422200
2025-11-24,138.61105346679688,138.98403800633704,137.59025840391624,137.90435380076963,1328200
2025-11-25,140.4661407470703,140.6624428878079,138.76810551319474,139.101820650138,1164400
2025-11-26,141.72247314453125,142.16415664534125,140.5152009151462,140.5348206427262,1171300
2025-11-28,142.75308227539062,142.75308227539062,141.78136656275046,141.83044583696514,625200
2025-12-01,141.3298797607422,142.38010438872377,141.23172120774544,141.92861098948055,1392700
2025-12-02,140.88818359375,141.4869148324522,140.46613475800376,141.4869148324522,1137400
2025-12-03,142.38992309570312,142.51751123683124,141.08449227692765,141.0943021410477,1146900
2025-12-04,142.42918395996094,142.69420007208663,142.01694499492788,142.35066011277954,1740300
2025-12-05,142.52732849121094,143.27328250070812,142.40953524358116,142.49786894663524,1109000
2025-12-08,142.10528564453125,142.89050917778906,141.96787264947812,142.89050917778906,1446900
2025-12-09,142.05621337890625,143.00829452624083,141.9875143664346,142.19362638074352,1795800
2025-12-10,144.07815551757812,144.35299650110355,142.0071356253173,142.13473876300114,1805500
2025-12-11,145.05967712402344,145.14802581977372,143.87203940990136,143.87203940990136,1724200
2025-12-12,143.3125457763672,144.65724601681578,142.89049696224635,144.56889733141838,2153500
2025-12-15,143.20458984375,144.01925795038528,142.72365184870867,143.8720350900447,2043800
2025-12-16,141.7715606689453,143.20457966403788,141.40840098799168,143.01810237982664,1705800
2025-12-17,141.39859008789062,142.35067121599954,140.95690651782516,142.09547992542463,1353300
2025-12-18,141.1531982421875,142.1543585768151,140.8096732583385,141.91878703428728,1563000
2025-12-19,141.61460876464844,142.00981547946904,141.1205928330378,141.189747223855,1532800
2025-12-22,142.5236053466797,142.65205432145342,141.96041991221404,142.049354243457,2189000
2025-12-23,142.67178344726562,142.9187913930373,142.27657676449832,142.37538597327443,1847500
2025-12-24,143.3238983154297,143.5412665293826,142.67179367357096,142.76072799831144,724600
2025-12-26,143.35354614257812,143.47212022352358,142.8891699389822,143.31403149970996,1216500
2025-12-29,142.96820068359375,143.41281198532243,142.80023708410377,143.1756939983573,1416500
2025-12-30,142.82000732421875,143.22510400210987,142.72119810848008,143.04725042901416,1269700
2025-12-31,141.80233764648438,142.81011929508176,141.77269789659445,142.81011929508176,1443900
2026-01-02,143.02748107910156,143.25473925292994,141.59483795289813,142.2864572128409,1955600
2026-01-05,144.07481384277344,144.36133645021195,143.33378994375644,143.5709079426932,2322700
2026-01-06,145.00355529785156,145.2802030220051,143.94636901115837,144.0352882633141,1958200
2026-01-07,143.36343383789062,145.08259968455803,143.2547497265129,145.08259968455803,1476300
2026-01-08,144.5885772705078,144.80594548354094,143.11641946316576,143.17569896196215,1573300
2026-01-09,145.49757385253906,145.78411154951473,144.82571938931568,144.91463864306516,1366400
2026-01-12,145.87301635742188,145.97182556924986,144.84546990478827,145.06283810987463,2123100
2026-01-13,145.8236083984375,146.38679375580293,145.4975560983052,146.1496606985698,1330400
2026-01-14,146.2978973388672,146.32753709112475,145.31974028585446,145.42842440285588,1442600
2026-01-15,146.9302215576172,147.39458265233404,146.4362056376249,146.70296337957873,1964900
2026-01-16,147.0883026123047,147.2661561920798,146.6832209953701,146.98950846902537,1497300
2026-01-20,144.81582641601562,146.12002053667865,144.57869335945477,145.64576949972562,2156200
2026-01-21,146.50537109375,146.94010754837007,145.30986091971542,145.35925045450995,2115300
2026-01-22,146.6634521484375,147.43411579544468,146.52512829067135,146.87093039700187,1413200
2026-01-23,145.92242431640625,146.4855946234933,145.3790037912034,146.3966753765063,1967500
2026-01-26,146.63380432128906,146.88081227342,146.2385825521782,146.25834740967596,1306500
2026-01-27,146.82154846191406,146.9104677158998,146.03111991542048,146.2880027856584,1105600
2026-01-28,146.91046142578125,147.4439920030227,146.39668063113288,147.01914553472284,1362000
2026-01-29,147.6909942626953,148.69879095427763,146.84128628276696,147.76016372760742,1789700
2026-01-30,148.16526794433594,148.30359180503623,146.63381550904475,147.27603020311682,1785500
2026-02-02,149.2224578857422,149.38054660933128,147.700895380666,147.77993974246056,1644500
2026-02-03,150.12156677246094,150.58594296374164,148.66915869780343,149.23232903171976,2166500
2026-02-04,150.9613800048828,151.3467118240428,150.1017971181804,150.45748918787962,2125000
2026-02-05,150.1709747314453,151.31708028383716,149.8646721767835,150.635350933084,2244900
2026-02-06,153.60931396484375,153.81679221209248,151.37636739615772,151.37636739615772,1634100
2026-02-09,153.87608337402344,154.17248086351805,153.07576492387997,153.19433899584718,1573500
2026-02-10,153.7871551513672,154.47878952407498,153.6982359009916,154.03416311985714,1351400
2026-02-11,154.62698364257812,154.95303596035777,153.93536436675896,154.56770414410354,1388800
2026-02-12,152.73983764648438,155.40752058386622,152.5916389018068,154.76530592203758,2209400
2026-02-13,153.510498046875,154.19224241041147,152.02845032655014,152.22606875019534,1672200
2026-02-17,153.27337646484375,154.16259904571143,152.34462416970672,153.67845804100824,1838800
2026-02-18,153.73777770996094,154.2515434699849,153.20423201340455,153.53028436659542,1286500
2026-02-19,153.34254455566406,153.89583999553682,152.78924911579134,153.55991277506695,1281100
2026-02-20,153.6982421875,154.1033388906734,152.54224665682537,152.99674797095147,1532600
2026-02-23,152.45330810546875,154.3898419698581,152.02844659645856,153.32276582826515,1639400
2026-02-24,152.8090057373047,152.94732958981632,151.86048855138972,152.1569011142487,1366800
2026-02-25,153.17459106445312,153.46112877085434,152.26560348515977,153.26351032112757,1071800
2026-02-26,153.07577514648438,153.7278798192596,152.17667757469223,153.23386386888512,1495600
2026-02-27,153.19435119628906,153.32278509324212,151.73206818570478,152.18655442323816,1373700
2026-03-02,153.2042236328125,153.5994454375628,152.0679929810173,152.40392020792734,2054800
2026-03-03,151.44552612304688,151.98894667501776,149.36077824270043,151.13923865089149,2676600
2026-03-04,151.76170349121094,152.08774074606956,150.63534774591628,151.62337963042634,2083200
2026-03-05,150.25001525878906,151.57397435997814,149.21257876934357,151.08983331125822,2288700
2026-03-06,148.93592834472656,149.3805396675103,147.54279980065704,148.6098760210399,1887200
2026-03-09,149.41018676757812,149.8547981122347,146.66345926145826,147.73053553433633,2177500
2026-03-10,148.9062957763672,150.48713778652424,148.6889275500929,149.3212673693898,1476700
2026-03-11,148.49130249023438,148.91616403217293,147.77993341687394,148.63951631581892,1261600
2026-03-12,146.95986938476562,148.18501928494166,146.89069991560328,147.2859217190232,2001100
2026-03-13,146.653564453125,148.3431055984593,146.50536570185446,147.76017040856846,1857900
2026-03-16,147.5922088623047,148.23442356168434,147.31556113861774,147.90837122815967,2494800
2026-03-17,147.77993774414062,148.79760938970713,147.6910034157178,148.64939555978262,1400200
2026-03-18,145.7445831298828,147.60208796434307,145.68530362685462,147.2266310102703,2028900
2026-03-19,145.7445831298828,146.5942911843518,144.84548554033745,145.05296380093614,1838400
2026-03-20,144.2756805419922,146.2136645628712,143.82845579329512,145.74655877773785,2972500
2026-03-23,145.77638244628906,147.17769989489747,145.47824270385198,146.1043513277584,3453300
2026-03-24,146.4521942138672,147.19757386374135,144.7030420948194,144.8819259316911,2513600
2026-03-25,147.17770385742188,147.8237087012681,146.50190020331817,147.3963497842881,1806200
2026-03-26,146.3130645751953,147.58517802784144,146.20374161450908,146.48201548447614,1437400
2026-03-27,144.8024139404297,146.30312130979084,144.48439318211447,146.00496642307894,1650100
2026-03-30,144.58377075195312,146.16398713179018,144.05703701360335,145.9155272489917,1808500
2026-03-31,147.18765258789062,147.4857923396286,145.34904323996523,145.99503292178278,2273500
2026-04-01,147.03855895996094,147.7740056891377,146.81991304492968,147.55535977410645,2067000
2026-04-02,147.19757080078125,147.74418556560562,145.89564346579158,146.06459436313955,1170200
2026-04-06,147.7740020751953,147.79388311192687,146.81990945432045,147.0385553640045,1164800
2026-04-07,148.17153930664062,148.34049021542495,147.41622668534805,147.95289338591067,1122800
2026-04-08,151.15306091308594,151.172941951199,149.86106640193483,150.03996541537487,1185100
2026-04-09,151.72947692871094,152.14688770521838,150.6163815246911,150.66607653339645,937500
2026-04-10,151.1232452392578,152.06738981436496,150.9244803547282,151.99782892893447,755700
2026-04-13,152.2462921142578,152.25622505102282,150.54681971052608,150.67602371241597,1049200
2026-04-14,152.1767120361328,152.4053060587803,151.3021435154944,151.86862419189066,965800
2026-04-15,152.10714721679688,152.60406699524782,151.6400414118699,152.49474403739708,1056300
2026-04-16,152.88233947753906,152.98171433345905,152.05745083298424,152.06738376913984,1055500
2026-04-17,154.15444946289062,154.6414362898861,153.00159197334284,153.0512869825934,1254200
2026-04-20,154.1246337890625,154.5619256019805,153.87617391033976,154.06500584453505,1105800
2026-04-21,153.39913940429688,154.64143883204534,153.15067951874718,154.50230190272904,972600
2026-04-22,153.86624145507812,154.49235003935942,153.51839155786487,154.184262215147,976300
2026-04-23,154.87002563476562,155.2178603935273,153.7867441176805,154.0948319652195,1044500
2026-04-24,153.9954376220703,155.03897219867287,153.60784079816514,154.9594632136682,880700
2026-04-27,153.64759826660156,154.73087972083482,153.48858030135966,153.84636314076002,1058800
2026-04-28,153.33949279785156,154.19419539125045,153.12086205515658,153.84636065828278,1019300
2026-04-29,153.5482177734375,153.74698265992757,152.9022281011476,153.39914789976714,830400
2026-04-30,156.22164916992188,156.38066714549112,153.5879651307189,153.75693120775423,937000
2026-05-01,155.5458221435547,156.50984771795933,155.50607523415536,156.40052476112618,1185300
2026-05-04,154.28366088867188,155.41663739615825,153.92587803552942,154.87995553405037,1107800
2026-05-05,155.366943359375,155.90361006006182,154.3333417039054,154.6513776486002,1057900
2026-05-06,155.98312377929688,156.43034857090433,155.47627103744696,156.0129377544181,914800
2026-05-07,154.2041473388672,155.62533060817077,153.87617846946145,155.50607471558249,1029400
2026-05-08,154.50230407714844,155.03897076498197,154.29359109784264,154.98927575421507,955700
2026-05-11,154.8501434326172,155.18804525223007,154.53212265086052,154.90977138139726,1213300
2026-05-12,154.9992218017578,155.2377335866181,153.79666928219808,154.83025573443118,1134400
2026-05-13,154.68118286132812,154.91970980633852,154.0550591086681,154.601673879658,782200
2026-05-14,156.27133178710938,156.65892859382134,155.29735813759717,155.50607110957483,954200
2026-05-15,154.80044555664062,155.91355618416844,154.7110036351251,155.89367514667998,1078700
2026-05-18,155.66510009765625,155.75454202135822,154.46254751921578,154.82033037881232,1066800
2026-05-19,154.94952392578125,155.6750225326261,154.3830281176398,154.7905059622902,795200
2026-05-20,155.7843475341797,156.14213037434254,154.641438131742,155.0389678809061,965600
2026-05-21,156.28126525878906,156.31107923134698,154.87994788941558,155.4166297250337,1077100
2026-05-22,157.7223358154297,157.9807438076023,156.63905432993323,157.0266511534039,839700
2026-05-26,157.70245361328125,158.69629317020323,157.55338374565824,158.229202530055,1401600
2026-05-27,157.3943634033203,158.0801151136207,157.2751075110204,157.7422133089123,870000
2026-05-28,157.3446807861328,157.84160054834553,156.77818497811222,157.31485164879538,1076100
2026-05-29,158.20932006835938,158.23913404161556,157.6229583746038,157.8714182615973,909900
2026-06-01,158.20932006835938,158.51740790186525,157.21548052038528,157.66270528401603,1189400
2026-06-02,160.1771240234375,160.27651404780875,158.85531555620074,158.9447574792617,1102600
2026-06-03,159.49136352539062,160.2963711183101,159.39198867126507,159.9087743082086,1051500
2026-06-04,159.411865234375,159.54106923466998,158.28883680223356,158.82550351190952,1281700
2026-06-05,157.2651824951172,159.11372474280188,157.08628348286967,159.01433471768783,1454600
2026-06-08,157.14590454101562,158.30869499287454,156.9173256910232,158.01055526018357,1300200
2026-06-09,157.86146545410156,158.52733611161707,155.78434450031307,157.83165148173427,1212600
2026-06-10,156.2415313720703,158.01056466028803,156.14214134540188,157.54345883156648,1383100
2026-06-11,158.0701904296875,158.74599407438504,156.60924501359216,156.80800989939797,1749000
2026-06-12,159.34230041503906,159.7696441519449,158.25901892099606,158.6764297215047,1135900
2026-06-15,159.47149658203125,160.26655606884515,159.242902573024,160.0180961880189,1388800
2026-06-16,159.43174743652344,160.3361451156142,159.26279652363652,159.85910635188708,974000
2026-06-17,158.10000610351562,160.4653492149563,157.63290027621787,159.4218145972743,1632200
2026-06-18,158.2100067138672,159.4499969482422,158.05999755859375,159.41000366210938,2746200
2026-06-22,158.38999938964844,158.97000122070312,158.17999267578125,158.50999450683594,1697500
2026-06-23,158.1300048828125,158.50999450683594,157.02000427246094,157.50999450683594,2372400
2026-06-24,157.99000549316406,158.66000366210938,157.41000366210938,158.2100067138672,2642100
2026-06-25,158.9499969482422,160.42999267578125,158.72000122070312,158.7899932861328,1419600
2026-06-26,158.22000122070312,159.11000061035156,158.0399932861328,158.5399932861328,1256400
2026-06-29,158.4499969482422,159.1699981689453,157.75,158.61000061035156,1420500
2026-06-30,158.02999877929688,158.77000427246094,157.8699951171875,158.44000244140625,1080600
2026-07-01,158.24000549316406,159.10000610351562,157.57000732421875,157.6999969482422,1717700
2026-07-02,159.47999572753906,159.74000549316406,158.27000427246094,159.10000610351562,1496900
2026-07-06,160.13999938964844,160.39999389648438,159.61000061035156,160.13999938964844,1273200
2026-07-07,160.63999938964844,161.32000732421875,160.3800048828125,160.8300018310547,1015600
2026-07-08,159.7899932861328,160.52000427246094,159.74000549316406,160.38999938964844,1281100
2026-07-09,160.5500030517578,161.16000366210938,160.17999267578125,160.38999938964844,934600
2026-07-10,161.05999755859375,161.27999877929688,160.44000244140625,160.8300018310547,1354400
2026-07-13,160.86000061035156,161.6699981689453,160.58999633789062,161.4600067138672,1598900
2026-07-14,160.17999267578125,161.35000610351562,160.16000366210938,161.07000732421875,1441300
2026-07-15,160.10000610351562,160.88999938964844,159.6699981689453,160.42999267578125,1127100
2026-07-16,160.85000610351562,161.07000732421875,160.0500030517578,160.17999267578125,1030700
2026-07-17,160.16000366210938,161.6999969482422,159.9600067138672,160.42999267578125,1196900
2026-07-20,159.41000366210938,160.85000610351562,159.2899932861328,160.50999450683594,1390900
2026-07-21,160.5,160.6300048828125,159.27999877929688,160.07000732421875,848800
2026-07-22,161.64999389648438,161.92999267578125,160.75,160.82000732421875,853300
2026-07-23,161.27999877929688,161.6999969482422,160.64999389648438,160.9199981689453,881400
2026-07-24,162.22999572753906,162.69000244140625,161.3000030517578,161.47999572753906,1424800
2026-07-27,162.72999572753906,163.52999877929688,162.25999450683594,162.9199981689453,1119200
2026-07-28,163.83999633789062,164.39999389648438,163.27000427246094,163.4499969482422,1183400
2026-07-29,161.6699981689453,164.00999450683594,161.60000610351562,163.8000030517578,1159700
2026-07-30,161.9600067138672,162.02999877929688,160.39999389648438,161.80999755859375,1693700
2026-07-31,161.9600067138672,162.4199981689453,160.64999389648438,162.10000610351562,1527400
2026-08-03,162.7899932861328,162.8699951171875,161.75,162.1999969482422,1891700
2026-08-04,165.3000030517578,165.58999633789062,162.94000244140625,163.19000244140625,1678000
2026-08-05,165.1300048828125,166.0399932861328,164.7899932861328,165.85000610351562,1122800
2026-08-06,164.77000427246094,166.05999755859375,164.58999633789062,165.9199981689453,877700
2026-08-07,165.6300048828125,165.6999969482422,164.30999755859375,164.92999267578125,889600
2026-08-10,166.05999755859375,166.22000122070312,165.52000427246094,165.5800018310547,911200
2026-08-11,166.13999938964844,166.75,166.00999450683594,166.13999938964844,876800
2026-08-12,166.6699981689453,166.8300018310547,166.10000610351562,166.66000366210938,815700
2026-08-13,167.02999877929688,167.61000061035156,166.67999267578125,166.8699951171875,885900
2026-08-14,166.52000427246094,166.97999572753906,166.30999755859375,166.89999389648438,766900
2026-08-17,165.67999267578125,166.47999572753906,165.63999938964844,166.1999969482422,1071000
2026-08-18,165.5500030517578,166.2100067138672,165.5,165.9499969482422,876200
2026-08-19,165.33999633789062,166.5500030517578,165.2100067138672,166.16000366210938,821200
2026-08-20,164.0,165.58999633789062,163.92999267578125,165.0,915400
2026-08-21,164.97000122070312,165.39999389648438,164.82000732421875,164.85000610351562,945900
2026-08-24,165.08999633789062,165.47999572753906,164.7100067138672,164.97999572753906,1001100
2026-08-25,164.83999633789062,165.27999877929688,164.3800048828125,165.1199951171875,816700
2026-08-26,164.99000549316406,165.30999755859375,164.5399932861328,164.69000244140625,800100
2026-08-27,164.41000366210938,164.75,163.9199981689453,164.38999938964844,976900
2026-08-31,163.8699951171875,164.32000732421875,163.55999755859375,164.02999877929688,1364200
2026-09-01,163.30999755859375,164.1199951171875,162.97999572753906,163.91000366210938,1754900
2026-09-02,164.2899932861328,164.63999938964844,163.55999755859375,163.72000122070312,1332900
