Date,Close,High,Low,Open,Volume
1991-11-08,1418.800048828125,1418.800048828125,1418.800048828125,1418.800048828125,0
1991-11-11,1416.9000244140625,1416.9000244140625,1416.9000244140625,1416.9000244140625,0
1991-11-12,1445.4000244140625,1445.4000244140625,1445.4000244140625,1445.4000244140625,0
1991-11-13,1453.4000244140625,1453.4000244140625,1453.4000244140625,1453.4000244140625,0
1991-11-14,1459.300048828125,1459.300048828125,1459.300048828125,1459.300048828125,0
1991-11-15,1445.5999755859375,1445.5999755859375,1445.5999755859375,1445.5999755859375,0
1991-11-18,1415.9000244140625,1415.9000244140625,1415.9000244140625,1415.9000244140625,0
1991-11-19,1365.0999755859375,1365.0999755859375,1365.0999755859375,1365.0999755859375,0
1991-11-21,1387.9000244140625,1387.9000244140625,1387.9000244140625,1387.9000244140625,0
1991-11-22,1376.199951171875,1376.199951171875,1376.199951171875,1376.199951171875,0
1991-11-26,1365.199951171875,1365.199951171875,1365.199951171875,1365.199951171875,0
1991-11-27,1371.5999755859375,1371.5999755859375,1371.5999755859375,1371.5999755859375,0
1991-11-28,1377.5999755859375,1377.5999755859375,1377.5999755859375,1377.5999755859375,0
1991-11-29,1384.199951171875,1384.199951171875,1384.199951171875,1384.199951171875,0
1991-12-02,1375.4000244140625,1375.4000244140625,1375.4000244140625,1375.4000244140625,0
1991-12-03,1371.199951171875,1371.199951171875,1371.199951171875,1371.199951171875,0
1991-12-04,1371.300048828125,1371.300048828125,1371.300048828125,1371.300048828125,0
1991-12-05,1361.199951171875,1361.199951171875,1361.199951171875,1361.199951171875,0
1991-12-06,1360.5999755859375,1360.5999755859375,1360.5999755859375,1360.5999755859375,0
1991-12-09,1347.0999755859375,1347.0999755859375,1347.0999755859375,1347.0999755859375,0
1991-12-10,1304.5,1304.5,1304.5,1304.5,0
1991-12-11,1273.199951171875,1273.199951171875,1273.199951171875,1273.199951171875,0
1991-12-13,1325.699951171875,1325.699951171875,1325.699951171875,1325.699951171875,0
1991-12-16,1346.800048828125,1346.800048828125,1346.800048828125,1346.800048828125,0
1991-12-17,1347.4000244140625,1347.4000244140625,1347.4000244140625,1347.4000244140625,0
1991-12-18,1338.4000244140625,1338.4000244140625,1338.4000244140625,1338.4000244140625,0
1991-12-19,1332.9000244140625,1332.9000244140625,1332.9000244140625,1332.9000244140625,0
1991-12-20,1337.300048828125,1337.300048828125,1337.300048828125,1337.300048828125,0
1991-12-23,1364.4000244140625,1364.4000244140625,1364.4000244140625,1364.4000244140625,0
1991-12-30,1431.5,1431.5,1431.5,1431.5,0
1992-01-02,1444.9000244140625,1444.9000244140625,1444.9000244140625,1444.9000244140625,0
1992-01-03,1475.199951171875,1475.199951171875,1475.199951171875,1475.199951171875,0
1992-01-06,1472.5,1472.5,1472.5,1472.5,0
1992-01-07,1485.4000244140625,1485.4000244140625,1485.4000244140625,1485.4000244140625,0
1992-01-08,1515.699951171875,1515.699951171875,1515.699951171875,1515.699951171875,0
1992-01-09,1529.5999755859375,1529.5999755859375,1529.5999755859375,1529.5999755859375,0
1992-01-10,1524.800048828125,1524.800048828125,1524.800048828125,1524.800048828125,0
1992-01-13,1535.0,1535.0,1535.0,1535.0,0
1992-01-14,1564.300048828125,1564.300048828125,1564.300048828125,1564.300048828125,0
1992-01-15,1565.4000244140625,1565.4000244140625,1565.4000244140625,1565.4000244140625,0
1992-01-16,1583.300048828125,1583.300048828125,1583.300048828125,1583.300048828125,0
1992-01-17,1576.0999755859375,1576.0999755859375,1576.0999755859375,1576.0999755859375,0
1992-01-20,1574.800048828125,1574.800048828125,1574.800048828125,1574.800048828125,0
1992-01-21,1557.0999755859375,1557.0999755859375,1557.0999755859375,1557.0999755859375,0
1992-01-22,1564.4000244140625,1564.4000244140625,1564.4000244140625,1564.4000244140625,0
1992-01-23,1594.9000244140625,1594.9000244140625,1594.9000244140625,1594.9000244140625,0
1992-01-24,1603.800048828125,1603.800048828125,1603.800048828125,1603.800048828125,0
1992-01-27,1591.0999755859375,1591.0999755859375,1591.0999755859375,1591.0999755859375,0
1992-01-28,1603.0999755859375,1603.0999755859375,1603.0999755859375,1603.0999755859375,0
1992-01-29,1611.9000244140625,1611.9000244140625,1611.9000244140625,1611.9000244140625,0
1992-01-30,1623.5,1623.5,1623.5,1623.5,0
1992-01-31,1623.5,1623.5,1623.5,1623.5,0
1992-02-03,1624.5,1624.5,1624.5,1624.5,0
1992-02-04,1616.0999755859375,1616.0999755859375,1616.0999755859375,1616.0999755859375,0
1992-02-06,1649.199951171875,1649.199951171875,1649.199951171875,1649.199951171875,0
1992-02-07,1647.0999755859375,1647.0999755859375,1647.0999755859375,1647.0999755859375,0
1992-02-10,1677.4000244140625,1677.4000244140625,1677.4000244140625,1677.4000244140625,0
1992-02-11,1709.5,1709.5,1709.5,1709.5,0
1992-02-12,1739.4000244140625,1739.4000244140625,1739.4000244140625,1739.4000244140625,0
1992-02-13,1725.300048828125,1725.300048828125,1725.300048828125,1725.300048828125,0
1992-02-14,1761.199951171875,1761.199951171875,1761.199951171875,1761.199951171875,0
1992-02-18,1758.0,1758.0,1758.0,1758.0,0
1992-02-19,1762.5,1762.5,1762.5,1762.5,0
1992-02-20,1791.5,1791.5,1791.5,1791.5,0
1992-02-21,1785.5999755859375,1785.5999755859375,1785.5999755859375,1785.5999755859375,0
1992-02-24,1780.699951171875,1780.699951171875,1780.699951171875,1780.699951171875,0
1992-02-25,1777.0999755859375,1777.0999755859375,1777.0999755859375,1777.0999755859375,0
1992-02-26,1825.5,1825.5,1825.5,1825.5,0
1992-02-27,1838.199951171875,1838.199951171875,1838.199951171875,1838.199951171875,0
1992-02-28,1860.5999755859375,1860.5999755859375,1860.5999755859375,1860.5999755859375,0
1992-03-02,1873.9000244140625,1873.9000244140625,1873.9000244140625,1873.9000244140625,0
1992-03-03,1905.0,1905.0,1905.0,1905.0,0
1992-03-04,1836.5999755859375,1836.5999755859375,1836.5999755859375,1836.5999755859375,0
1992-03-05,1861.0999755859375,1861.0999755859375,1861.0999755859375,1861.0999755859375,0
1992-03-06,1792.9000244140625,1792.9000244140625,1792.9000244140625,1792.9000244140625,0
1992-03-09,1784.800048828125,1784.800048828125,1784.800048828125,1784.800048828125,0
1992-03-10,1809.199951171875,1809.199951171875,1809.199951171875,1809.199951171875,0
1992-03-11,1796.5,1796.5,1796.5,1796.5,0
1992-03-12,1762.5999755859375,1762.5999755859375,1762.5999755859375,1762.5999755859375,0
1992-03-13,1758.0,1758.0,1758.0,1758.0,0
1992-03-16,1734.800048828125,1734.800048828125,1734.800048828125,1734.800048828125,0
1992-03-17,1767.9000244140625,1767.9000244140625,1767.9000244140625,1767.9000244140625,0
1992-03-18,1770.0999755859375,1770.0999755859375,1770.0999755859375,1770.0999755859375,0
1992-03-19,1795.5999755859375,1795.5999755859375,1795.5999755859375,1795.5999755859375,0
1992-03-20,1838.9000244140625,1838.9000244140625,1838.9000244140625,1838.9000244140625,0
1992-03-23,1888.4000244140625,1888.4000244140625,1888.4000244140625,1888.4000244140625,0
1992-03-24,1880.0999755859375,1880.0999755859375,1880.0999755859375,1880.0999755859375,0
1992-03-25,1900.5999755859375,1900.5999755859375,1900.5999755859375,1900.5999755859375,0
1992-03-26,1907.300048828125,1907.300048828125,1907.300048828125,1907.300048828125,0
1992-03-27,1881.5999755859375,1881.5999755859375,1881.5999755859375,1881.5999755859375,0
1992-03-30,1868.800048828125,1868.800048828125,1868.800048828125,1868.800048828125,0
1992-03-31,1875.699951171875,1875.699951171875,1875.699951171875,1875.699951171875,0
1992-04-01,1852.5,1852.5,1852.5,1852.5,0
1992-04-02,1842.5,1842.5,1842.5,1842.5,0
1992-04-03,1822.300048828125,1822.300048828125,1822.300048828125,1822.300048828125,0
1992-04-06,1783.4000244140625,1783.4000244140625,1783.4000244140625,1783.4000244140625,0
1992-04-07,1741.4000244140625,1741.4000244140625,1741.4000244140625,1741.4000244140625,0
1992-04-08,1743.699951171875,1743.699951171875,1743.699951171875,1743.699951171875,0
1992-04-09,1764.5,1764.5,1764.5,1764.5,0
1992-04-10,1810.5,1810.5,1810.5,1810.5,0
1992-04-13,1810.199951171875,1810.199951171875,1810.199951171875,1810.199951171875,0
1992-04-14,1838.199951171875,1838.199951171875,1838.199951171875,1838.199951171875,0
1992-04-15,1871.5999755859375,1871.5999755859375,1871.5999755859375,1871.5999755859375,0
1992-04-21,1869.699951171875,1869.699951171875,1869.699951171875,1869.699951171875,0
1992-04-22,1897.0999755859375,1897.0999755859375,1897.0999755859375,1897.0999755859375,0
1992-04-23,1891.699951171875,1891.699951171875,1891.699951171875,1891.699951171875,0
1992-04-24,1882.9000244140625,1882.9000244140625,1882.9000244140625,1882.9000244140625,0
1992-04-27,1863.0,1863.0,1863.0,1863.0,0
1992-04-28,1831.5999755859375,1831.5999755859375,1831.5999755859375,1831.5999755859375,0
1992-04-29,1852.9000244140625,1852.9000244140625,1852.9000244140625,1852.9000244140625,0
1992-04-30,1838.300048828125,1838.300048828125,1838.300048828125,1838.300048828125,0
1992-05-04,1827.5999755859375,1827.5999755859375,1827.5999755859375,1827.5999755859375,0
1992-05-06,1872.0999755859375,1872.0999755859375,1872.0999755859375,1872.0999755859375,0
1992-05-07,1852.5,1852.5,1852.5,1852.5,0
1992-05-11,1845.300048828125,1845.300048828125,1845.300048828125,1845.300048828125,0
1992-05-12,1844.199951171875,1844.199951171875,1844.199951171875,1844.199951171875,0
1992-05-13,1840.9000244140625,1840.9000244140625,1840.9000244140625,1840.9000244140625,0
1992-05-14,1826.9000244140625,1826.9000244140625,1826.9000244140625,1826.9000244140625,0
1992-05-15,1810.199951171875,1810.199951171875,1810.199951171875,1810.199951171875,0
1992-05-18,1785.699951171875,1785.699951171875,1785.699951171875,1785.699951171875,0
1992-05-19,1811.0999755859375,1811.0999755859375,1811.0999755859375,1811.0999755859375,0
1992-05-20,1815.300048828125,1815.300048828125,1815.300048828125,1815.300048828125,0
1992-05-21,1820.9000244140625,1820.9000244140625,1820.9000244140625,1820.9000244140625,0
1992-05-22,1829.5999755859375,1829.5999755859375,1829.5999755859375,1829.5999755859375,0
1992-05-26,1830.300048828125,1830.300048828125,1830.300048828125,1830.300048828125,0
1992-05-27,1833.800048828125,1833.800048828125,1833.800048828125,1833.800048828125,0
1992-05-28,1856.199951171875,1856.199951171875,1856.199951171875,1856.199951171875,0
1992-05-29,1892.300048828125,1892.300048828125,1892.300048828125,1892.300048828125,0
1992-06-01,1907.4000244140625,1907.4000244140625,1907.4000244140625,1907.4000244140625,0
1992-06-02,1894.199951171875,1894.199951171875,1894.199951171875,1894.199951171875,0
1992-06-03,1886.9000244140625,1886.9000244140625,1886.9000244140625,1886.9000244140625,0
1992-06-04,1895.9000244140625,1895.9000244140625,1895.9000244140625,1895.9000244140625,0
1992-06-05,1887.300048828125,1887.300048828125,1887.300048828125,1887.300048828125,0
1992-06-08,1873.0999755859375,1873.0999755859375,1873.0999755859375,1873.0999755859375,0
1992-06-09,1843.699951171875,1843.699951171875,1843.699951171875,1843.699951171875,0
1992-06-10,1796.300048828125,1796.300048828125,1796.300048828125,1796.300048828125,0
1992-06-11,1802.5999755859375,1802.5999755859375,1802.5999755859375,1802.5999755859375,0
1992-06-12,1809.9000244140625,1809.9000244140625,1809.9000244140625,1809.9000244140625,0
1992-06-15,1742.5,1742.5,1742.5,1742.5,0
1992-06-16,1692.9000244140625,1692.9000244140625,1692.9000244140625,1692.9000244140625,0
1992-06-17,1593.300048828125,1593.300048828125,1593.300048828125,1593.300048828125,0
1992-06-18,1634.199951171875,1634.199951171875,1634.199951171875,1634.199951171875,0
1992-06-19,1686.300048828125,1686.300048828125,1686.300048828125,1686.300048828125,0
1992-06-22,1624.300048828125,1624.300048828125,1624.300048828125,1624.300048828125,0
1992-06-24,1562.699951171875,1562.699951171875,1562.699951171875,1562.699951171875,0
1992-06-25,1599.9000244140625,1599.9000244140625,1599.9000244140625,1599.9000244140625,0
1992-06-26,1601.0,1601.0,1601.0,1601.0,0
1992-06-29,1603.4000244140625,1603.4000244140625,1603.4000244140625,1603.4000244140625,0
1992-06-30,1599.300048828125,1599.300048828125,1599.300048828125,1599.300048828125,0
1992-07-01,1658.9000244140625,1658.9000244140625,1658.9000244140625,1658.9000244140625,0
1992-07-02,1676.699951171875,1676.699951171875,1676.699951171875,1676.699951171875,0
1992-07-03,1683.0,1683.0,1683.0,1683.0,0
1992-07-06,1672.9000244140625,1672.9000244140625,1672.9000244140625,1672.9000244140625,0
1992-07-07,1614.199951171875,1614.199951171875,1614.199951171875,1614.199951171875,0
1992-07-08,1582.300048828125,1582.300048828125,1582.300048828125,1582.300048828125,0
1992-07-09,1590.300048828125,1590.300048828125,1590.300048828125,1590.300048828125,0
1992-07-10,1617.4000244140625,1617.4000244140625,1617.4000244140625,1617.4000244140625,0
1992-07-13,1640.5,1640.5,1640.5,1640.5,0
1992-07-14,1636.0,1636.0,1636.0,1636.0,0
1992-07-15,1639.800048828125,1639.800048828125,1639.800048828125,1639.800048828125,0
1992-07-16,1689.199951171875,1689.199951171875,1689.199951171875,1689.199951171875,0
1992-07-17,1674.199951171875,1674.199951171875,1674.199951171875,1674.199951171875,0
1992-07-20,1647.9000244140625,1647.9000244140625,1647.9000244140625,1647.9000244140625,0
1992-07-21,1657.199951171875,1657.199951171875,1657.199951171875,1657.199951171875,0
1992-07-22,1625.199951171875,1625.199951171875,1625.199951171875,1625.199951171875,0
1992-07-23,1584.0999755859375,1584.0999755859375,1584.0999755859375,1584.0999755859375,0
1992-07-24,1522.9000244140625,1522.9000244140625,1522.9000244140625,1522.9000244140625,0
1992-07-27,1466.5999755859375,1466.5999755859375,1466.5999755859375,1466.5999755859375,0
1992-07-28,1537.699951171875,1537.699951171875,1537.699951171875,1537.699951171875,0
1992-07-29,1547.800048828125,1547.800048828125,1547.800048828125,1547.800048828125,0
1992-07-30,1551.199951171875,1551.199951171875,1551.199951171875,1551.199951171875,0
1992-07-31,1569.699951171875,1569.699951171875,1569.699951171875,1569.699951171875,0
1992-08-03,1557.0999755859375,1557.0999755859375,1557.0999755859375,1557.0999755859375,0
1992-08-04,1536.699951171875,1536.699951171875,1536.699951171875,1536.699951171875,0
1992-08-05,1538.0,1538.0,1538.0,1538.0,0
1992-08-06,1552.800048828125,1552.800048828125,1552.800048828125,1552.800048828125,0
1992-08-07,1560.4000244140625,1560.4000244140625,1560.4000244140625,1560.4000244140625,0
1992-08-10,1538.300048828125,1538.300048828125,1538.300048828125,1538.300048828125,0
1992-08-11,1515.5,1515.5,1515.5,1515.5,0
1992-08-12,1525.5999755859375,1525.5999755859375,1525.5999755859375,1525.5999755859375,0
1992-08-13,1518.4000244140625,1518.4000244140625,1518.4000244140625,1518.4000244140625,0
1992-08-14,1516.5999755859375,1516.5999755859375,1516.5999755859375,1516.5999755859375,0
1992-08-17,1510.300048828125,1510.300048828125,1510.300048828125,1510.300048828125,0
1992-08-18,1498.699951171875,1498.699951171875,1498.699951171875,1498.699951171875,0
1992-08-19,1474.0999755859375,1474.0999755859375,1474.0999755859375,1474.0999755859375,0
1992-08-20,1439.0,1439.0,1439.0,1439.0,0
1992-08-21,1424.5999755859375,1424.5999755859375,1424.5999755859375,1424.5999755859375,0
1992-08-24,1366.800048828125,1366.800048828125,1366.800048828125,1366.800048828125,0
1992-08-25,1353.0999755859375,1353.0999755859375,1353.0999755859375,1353.0999755859375,0
1992-08-26,1376.800048828125,1376.800048828125,1376.800048828125,1376.800048828125,0
1992-08-27,1423.199951171875,1423.199951171875,1423.199951171875,1423.199951171875,0
1992-08-28,1409.0,1409.0,1409.0,1409.0,0
1992-08-31,1400.4000244140625,1400.4000244140625,1400.4000244140625,1400.4000244140625,0
1992-09-01,1384.0999755859375,1384.0999755859375,1384.0999755859375,1384.0999755859375,0
1992-09-02,1383.4000244140625,1383.4000244140625,1383.4000244140625,1383.4000244140625,0
1992-09-03,1395.300048828125,1395.300048828125,1395.300048828125,1395.300048828125,0
1992-09-04,1392.5999755859375,1392.5999755859375,1392.5999755859375,1392.5999755859375,0
1992-09-07,1385.300048828125,1385.300048828125,1385.300048828125,1385.300048828125,0
1992-09-08,1369.9000244140625,1369.9000244140625,1369.9000244140625,1369.9000244140625,0
1992-09-09,1326.0,1326.0,1326.0,1326.0,0
1992-09-10,1285.800048828125,1285.800048828125,1285.800048828125,1285.800048828125,0
1992-09-11,1294.0999755859375,1294.0999755859375,1294.0999755859375,1294.0999755859375,0
1992-09-14,1342.800048828125,1342.800048828125,1342.800048828125,1342.800048828125,0
1992-09-15,1328.199951171875,1328.199951171875,1328.199951171875,1328.199951171875,0
1992-09-17,1318.199951171875,1318.199951171875,1318.199951171875,1318.199951171875,0
1992-09-18,1307.699951171875,1307.699951171875,1307.699951171875,1307.699951171875,0
1992-09-21,1295.800048828125,1295.800048828125,1295.800048828125,1295.800048828125,0
1992-09-22,1272.0999755859375,1272.0999755859375,1272.0999755859375,1272.0999755859375,0
1992-09-23,1264.4000244140625,1264.4000244140625,1264.4000244140625,1264.4000244140625,0
1992-09-24,1257.4000244140625,1257.4000244140625,1257.4000244140625,1257.4000244140625,0
1992-09-25,1252.0999755859375,1252.0999755859375,1252.0999755859375,1252.0999755859375,0
1992-09-28,1257.9000244140625,1257.9000244140625,1257.9000244140625,1257.9000244140625,0
1992-09-29,1289.0999755859375,1289.0999755859375,1289.0999755859375,1289.0999755859375,0
1992-09-30,1327.0999755859375,1327.0999755859375,1327.0999755859375,1327.0999755859375,0
1992-10-01,1359.0999755859375,1359.0999755859375,1359.0999755859375,1359.0999755859375,0
1992-10-02,1389.699951171875,1389.699951171875,1389.699951171875,1389.699951171875,0
1992-10-05,1454.4000244140625,1454.4000244140625,1454.4000244140625,1454.4000244140625,0
1992-10-07,1453.4000244140625,1453.4000244140625,1453.4000244140625,1453.4000244140625,0
1992-10-08,1437.9000244140625,1437.9000244140625,1437.9000244140625,1437.9000244140625,0
1992-10-09,1425.0,1425.0,1425.0,1425.0,0
1992-10-13,1428.0,1428.0,1428.0,1428.0,0
1992-10-14,1432.5999755859375,1432.5999755859375,1432.5999755859375,1432.5999755859375,0
1992-10-15,1454.800048828125,1454.800048828125,1454.800048828125,1454.800048828125,0
1992-10-16,1491.699951171875,1491.699951171875,1491.699951171875,1491.699951171875,0
1992-10-19,1509.699951171875,1509.699951171875,1509.699951171875,1509.699951171875,0
1992-10-20,1555.199951171875,1555.199951171875,1555.199951171875,1555.199951171875,0
1992-10-21,1560.4000244140625,1560.4000244140625,1560.4000244140625,1560.4000244140625,0
1992-10-22,1569.800048828125,1569.800048828125,1569.800048828125,1569.800048828125,0
1992-10-23,1565.4000244140625,1565.4000244140625,1565.4000244140625,1565.4000244140625,0
1992-10-26,1557.5,1557.5,1557.5,1557.5,0
1992-10-27,1537.0,1537.0,1537.0,1537.0,0
1992-10-28,1549.199951171875,1549.199951171875,1549.199951171875,1549.199951171875,0
1992-10-29,1565.300048828125,1565.300048828125,1565.300048828125,1565.300048828125,0
1992-10-30,1597.300048828125,1597.300048828125,1597.300048828125,1597.300048828125,0
1992-11-03,1558.4000244140625,1558.4000244140625,1558.4000244140625,1558.4000244140625,0
1992-11-04,1547.800048828125,1547.800048828125,1547.800048828125,1547.800048828125,0
1992-11-05,1568.5999755859375,1568.5999755859375,1568.5999755859375,1568.5999755859375,0
1992-11-06,1609.5999755859375,1609.5999755859375,1609.5999755859375,1609.5999755859375,0
1992-11-09,1642.800048828125,1642.800048828125,1642.800048828125,1642.800048828125,0
1992-11-10,1655.800048828125,1655.800048828125,1655.800048828125,1655.800048828125,0
1992-11-11,1651.9000244140625,1651.9000244140625,1651.9000244140625,1651.9000244140625,0
1992-11-12,1631.5999755859375,1631.5999755859375,1631.5999755859375,1631.5999755859375,0
1992-11-13,1608.0999755859375,1608.0999755859375,1608.0999755859375,1608.0999755859375,0
1992-11-16,1585.699951171875,1585.699951171875,1585.699951171875,1585.699951171875,0
1992-11-17,1608.199951171875,1608.199951171875,1608.199951171875,1608.199951171875,0
1992-11-18,1627.199951171875,1627.199951171875,1627.199951171875,1627.199951171875,0
1992-11-19,1634.550048828125,1634.550048828125,1634.550048828125,1634.550048828125,0
1992-11-23,1679.300048828125,1679.300048828125,1679.300048828125,1679.300048828125,0
1992-11-24,1691.5,1691.5,1691.5,1691.5,0
1992-11-25,1691.5999755859375,1691.5999755859375,1691.5999755859375,1691.5999755859375,0
1992-11-26,1703.5,1703.5,1703.5,1703.5,0
1992-11-27,1727.199951171875,1727.199951171875,1727.199951171875,1727.199951171875,0
1992-11-30,1716.0,1716.0,1716.0,1716.0,0
1992-12-01,1689.0999755859375,1689.0999755859375,1689.0999755859375,1689.0999755859375,0
1992-12-02,1688.0,1688.0,1688.0,1688.0,0
1992-12-03,1699.0,1699.0,1699.0,1699.0,0
1992-12-07,1723.800048828125,1723.800048828125,1723.800048828125,1723.800048828125,0
1992-12-08,1748.300048828125,1748.300048828125,1748.300048828125,1748.300048828125,0
1992-12-09,1742.5999755859375,1742.5999755859375,1742.5999755859375,1742.5999755859375,0
1992-12-10,1731.0,1731.0,1731.0,1731.0,0
1992-12-11,1727.4000244140625,1727.4000244140625,1727.4000244140625,1727.4000244140625,0
1992-12-14,1724.0,1724.0,1724.0,1724.0,0
1992-12-15,1724.0,1724.0,1724.0,1724.0,0
1992-12-16,1713.800048828125,1713.800048828125,1713.800048828125,1713.800048828125,0
1992-12-17,1719.5999755859375,1719.5999755859375,1719.5999755859375,1719.5999755859375,0
1992-12-18,1730.199951171875,1730.199951171875,1730.199951171875,1730.199951171875,0
1992-12-21,1731.699951171875,1731.699951171875,1731.699951171875,1731.699951171875,0
1992-12-22,1752.5,1752.5,1752.5,1752.5,0
1992-12-23,1754.199951171875,1754.199951171875,1754.199951171875,1754.199951171875,0
1992-12-24,1761.0999755859375,1761.0999755859375,1761.0999755859375,1761.0999755859375,0
1992-12-28,1754.9000244140625,1754.9000244140625,1754.9000244140625,1754.9000244140625,0
1992-12-29,1758.0999755859375,1758.0999755859375,1758.0999755859375,1758.0999755859375,0
1992-12-30,1759.4000244140625,1759.4000244140625,1759.4000244140625,1759.4000244140625,0
1993-01-04,1776.699951171875,1776.699951171875,1776.699951171875,1776.699951171875,0
1993-01-05,1817.199951171875,1817.199951171875,1817.199951171875,1817.199951171875,0
1993-01-06,1836.0999755859375,1836.0999755859375,1836.0999755859375,1836.0999755859375,0
1993-01-07,1822.9000244140625,1822.9000244140625,1822.9000244140625,1822.9000244140625,0
1993-01-08,1806.4000244140625,1806.4000244140625,1806.4000244140625,1806.4000244140625,0
1993-01-11,1795.199951171875,1795.199951171875,1795.199951171875,1795.199951171875,0
1993-01-12,1782.0999755859375,1782.0999755859375,1782.0999755859375,1782.0999755859375,0
1993-01-13,1763.800048828125,1763.800048828125,1763.800048828125,1763.800048828125,0
1993-01-14,1763.699951171875,1763.699951171875,1763.699951171875,1763.699951171875,0
1993-01-15,1760.199951171875,1760.199951171875,1760.199951171875,1760.199951171875,0
1993-01-18,1749.0,1749.0,1749.0,1749.0,0
1993-01-19,1764.5999755859375,1764.5999755859375,1764.5999755859375,1764.5999755859375,0
1993-01-20,1771.0,1771.0,1771.0,1771.0,0
1993-01-21,1777.4000244140625,1777.4000244140625,1777.4000244140625,1777.4000244140625,0
1993-01-22,1797.9000244140625,1797.9000244140625,1797.9000244140625,1797.9000244140625,0
1993-01-25,1804.699951171875,1804.699951171875,1804.699951171875,1804.699951171875,0
1993-01-26,1779.300048828125,1779.300048828125,1779.300048828125,1779.300048828125,0
1993-01-27,1740.699951171875,1740.699951171875,1740.699951171875,1740.699951171875,0
1993-01-28,1680.800048828125,1680.800048828125,1680.800048828125,1680.800048828125,0
1993-01-29,1653.199951171875,1653.199951171875,1653.199951171875,1653.199951171875,0
1993-02-01,1664.300048828125,1664.300048828125,1664.300048828125,1664.300048828125,0
1993-02-02,1624.199951171875,1624.199951171875,1624.199951171875,1624.199951171875,0
1993-02-03,1607.5999755859375,1607.5999755859375,1607.5999755859375,1607.5999755859375,0
1993-02-04,1659.699951171875,1659.699951171875,1659.699951171875,1659.699951171875,0
1993-02-08,1640.4000244140625,1640.4000244140625,1640.4000244140625,1640.4000244140625,0
1993-02-09,1625.699951171875,1625.699951171875,1625.699951171875,1625.699951171875,0
1993-02-11,1661.300048828125,1661.300048828125,1661.300048828125,1661.300048828125,0
1993-02-12,1638.800048828125,1638.800048828125,1638.800048828125,1638.800048828125,0
1993-02-15,1628.300048828125,1628.300048828125,1628.300048828125,1628.300048828125,0
1993-02-16,1595.0,1595.0,1595.0,1595.0,0
1993-02-17,1572.9000244140625,1572.9000244140625,1572.9000244140625,1572.9000244140625,0
1993-02-18,1556.699951171875,1556.699951171875,1556.699951171875,1556.699951171875,0
1993-02-19,1574.0999755859375,1574.0999755859375,1574.0999755859375,1574.0999755859375,0
1993-02-22,1573.0,1573.0,1573.0,1573.0,0
1993-02-23,1542.699951171875,1542.699951171875,1542.699951171875,1542.699951171875,0
1993-02-24,1515.699951171875,1515.699951171875,1515.699951171875,1515.699951171875,0
1993-02-25,1504.199951171875,1504.199951171875,1504.199951171875,1504.199951171875,0
1993-02-26,1546.699951171875,1546.699951171875,1546.699951171875,1546.699951171875,0
1993-03-01,1563.5999755859375,1563.5999755859375,1563.5999755859375,1563.5999755859375,0
1993-03-02,1590.4000244140625,1590.4000244140625,1590.4000244140625,1590.4000244140625,0
1993-03-03,1613.0,1613.0,1613.0,1613.0,0
1993-03-04,1604.9000244140625,1604.9000244140625,1604.9000244140625,1604.9000244140625,0
1993-03-05,1637.9000244140625,1637.9000244140625,1637.9000244140625,1637.9000244140625,0
1993-03-08,1650.0,1650.0,1650.0,1650.0,0
1993-03-09,1644.4000244140625,1644.4000244140625,1644.4000244140625,1644.4000244140625,0
1993-03-10,1644.4000244140625,1644.4000244140625,1644.4000244140625,1644.4000244140625,0
1993-03-11,1655.5,1655.5,1655.5,1655.5,0
1993-03-12,1637.800048828125,1637.800048828125,1637.800048828125,1637.800048828125,0
1993-03-15,1642.5999755859375,1642.5999755859375,1642.5999755859375,1642.5999755859375,0
1993-03-16,1663.5999755859375,1663.5999755859375,1663.5999755859375,1663.5999755859375,0
1993-03-17,1658.0,1658.0,1658.0,1658.0,0
1993-03-18,1666.800048828125,1666.800048828125,1666.800048828125,1666.800048828125,0
1993-03-19,1669.4000244140625,1670.800048828125,1657.800048828125,1666.800048828125,0
1993-03-22,1661.5,1670.5,1653.4000244140625,1670.5,0
1993-03-23,1669.0,1669.5,1659.5,1661.5,0
1993-03-24,1702.0999755859375,1702.0999755859375,1669.0999755859375,1669.0999755859375,0
1993-03-25,1735.699951171875,1739.4000244140625,1702.300048828125,1702.300048828125,0
1993-03-26,1732.4000244140625,1739.0,1724.0,1737.5,0
1993-03-29,1767.800048828125,1767.800048828125,1732.5,1732.5,0
1993-03-30,1773.9000244140625,1776.199951171875,1753.9000244140625,1768.300048828125,0
1993-03-31,1771.699951171875,1783.300048828125,1767.4000244140625,1773.9000244140625,0
1993-04-01,1757.5,1772.5999755859375,1753.300048828125,1771.699951171875,0
1993-04-02,1741.699951171875,1756.5999755859375,1739.9000244140625,1756.5999755859375,0
1993-04-05,1742.699951171875,1742.800048828125,1738.4000244140625,1742.0,0
1993-04-06,1764.5,1765.300048828125,1739.0,1744.4000244140625,0
1993-04-07,1783.4000244140625,1783.5,1765.5999755859375,1765.5999755859375,0
1993-04-12,1789.800048828125,1795.300048828125,1787.4000244140625,1787.4000244140625,0
1993-04-13,1782.5999755859375,1799.5999755859375,1782.5999755859375,1791.300048828125,0
1993-04-14,1778.9000244140625,1781.300048828125,1776.9000244140625,1777.4000244140625,0
1993-04-15,1757.5,1778.9000244140625,1757.5,1778.9000244140625,0
1993-04-16,1761.4000244140625,1762.9000244140625,1759.0999755859375,1759.5999755859375,0
1993-04-19,1745.5,1761.4000244140625,1745.5,1761.4000244140625,0
1993-04-20,1720.300048828125,1742.699951171875,1713.0999755859375,1742.699951171875,0
1993-04-21,1736.4000244140625,1739.5,1731.800048828125,1739.5,0
1993-04-22,1742.5,1753.4000244140625,1731.9000244140625,1732.199951171875,0
1993-04-23,1700.9000244140625,1744.699951171875,1700.9000244140625,1744.699951171875,0
1993-04-26,1679.300048828125,1707.5,1674.699951171875,1707.199951171875,0
1993-04-27,1684.4000244140625,1684.4000244140625,1651.5,1681.0,0
1993-04-28,1644.699951171875,1694.5,1644.5999755859375,1694.5,0
1993-04-29,1628.300048828125,1639.0,1610.300048828125,1639.0,0
1993-04-30,1662.800048828125,1664.800048828125,1645.0,1654.5999755859375,0
1993-05-03,1638.0999755859375,1662.0999755859375,1637.699951171875,1662.0999755859375,0
1993-05-04,1641.0999755859375,1642.0,1631.300048828125,1634.300048828125,0
1993-05-06,1670.5,1671.4000244140625,1642.5,1642.5,0
1993-05-07,1660.9000244140625,1666.5999755859375,1660.9000244140625,1666.5999755859375,0
1993-05-10,1653.5999755859375,1664.9000244140625,1653.0999755859375,1664.9000244140625,0
1993-05-11,1634.300048828125,1652.4000244140625,1633.0999755859375,1652.300048828125,0
1993-05-12,1611.9000244140625,1638.0999755859375,1611.9000244140625,1636.4000244140625,0
1993-05-13,1608.300048828125,1609.699951171875,1589.5999755859375,1601.5999755859375,0
1993-05-14,1610.199951171875,1616.800048828125,1605.4000244140625,1607.9000244140625,0
1993-05-17,1629.9000244140625,1630.300048828125,1609.4000244140625,1609.4000244140625,0
1993-05-18,1627.0999755859375,1641.5,1627.0,1632.5999755859375,0
1993-05-19,1637.300048828125,1637.800048828125,1625.0999755859375,1631.800048828125,0
1993-05-20,1638.5,1641.800048828125,1637.4000244140625,1637.4000244140625,0
1993-05-21,1627.9000244140625,1647.699951171875,1626.0,1639.5,0
1993-05-24,1624.9000244140625,1631.800048828125,1624.9000244140625,1627.800048828125,0
1993-05-25,1628.5999755859375,1636.300048828125,1628.0999755859375,1629.199951171875,0
1993-05-26,1621.199951171875,1632.5999755859375,1621.199951171875,1630.5999755859375,0
1993-05-27,1589.4000244140625,1619.0,1589.4000244140625,1619.0,0
1993-05-28,1613.699951171875,1616.199951171875,1609.300048828125,1609.300048828125,0
1993-05-31,1613.0,1613.9000244140625,1608.0999755859375,1613.9000244140625,0
1993-06-01,1605.300048828125,1613.0,1605.300048828125,1613.0,0
1993-06-02,1596.199951171875,1603.199951171875,1587.5999755859375,1603.199951171875,0
1993-06-03,1580.199951171875,1595.5999755859375,1568.5999755859375,1595.5999755859375,0
1993-06-04,1573.4000244140625,1580.800048828125,1573.0999755859375,1577.800048828125,0
1993-06-07,1553.0,1568.5,1553.0,1568.5,0
1993-06-08,1579.5999755859375,1580.699951171875,1554.5999755859375,1554.5999755859375,0
1993-06-09,1589.5,1593.300048828125,1580.5,1580.800048828125,0
1993-06-10,1569.9000244140625,1590.800048828125,1569.800048828125,1590.800048828125,0
1993-06-11,1563.5999755859375,1570.199951171875,1560.5,1570.199951171875,0
1993-06-14,1565.4000244140625,1565.800048828125,1559.800048828125,1563.800048828125,0
1993-06-15,1573.699951171875,1574.0999755859375,1567.5,1567.5,0
1993-06-16,1591.699951171875,1601.800048828125,1590.800048828125,1593.9000244140625,0
1993-06-17,1619.300048828125,1619.300048828125,1594.300048828125,1595.5,0
1993-06-18,1640.300048828125,1650.0999755859375,1632.0999755859375,1632.0999755859375,0
1993-06-21,1652.4000244140625,1657.0999755859375,1647.300048828125,1647.300048828125,0
1993-06-22,1643.800048828125,1655.199951171875,1641.5,1655.199951171875,0
1993-06-23,1649.4000244140625,1653.4000244140625,1646.0999755859375,1646.0999755859375,0
1993-06-24,1646.9000244140625,1655.699951171875,1646.9000244140625,1653.5,0
1993-06-25,1649.4000244140625,1649.4000244140625,1638.800048828125,1638.800048828125,0
1993-06-28,1668.800048828125,1671.4000244140625,1651.0999755859375,1651.0999755859375,0
1993-06-29,1685.5,1685.5,1672.0999755859375,1672.0999755859375,0
1993-06-30,1666.300048828125,1704.4000244140625,1666.300048828125,1701.0999755859375,0
1993-07-01,1662.4000244140625,1670.300048828125,1641.199951171875,1670.300048828125,0
1993-07-02,1662.0,1671.800048828125,1661.9000244140625,1671.800048828125,0
1993-07-05,1660.4000244140625,1662.0,1658.0999755859375,1662.0,0
1993-07-06,1647.199951171875,1660.4000244140625,1647.199951171875,1660.4000244140625,0
1993-07-07,1653.5,1653.800048828125,1642.4000244140625,1644.199951171875,0
1993-07-08,1684.699951171875,1684.800048828125,1657.5999755859375,1657.5999755859375,0
1993-07-09,1703.5,1708.800048828125,1694.699951171875,1694.699951171875,0
1993-07-12,1718.4000244140625,1730.0999755859375,1710.699951171875,1710.699951171875,0
1993-07-13,1727.699951171875,1729.4000244140625,1712.5999755859375,1712.800048828125,0
1993-07-14,1727.5,1738.199951171875,1727.4000244140625,1730.9000244140625,0
1993-07-15,1717.800048828125,1723.4000244140625,1715.5,1721.5,0
1993-07-16,1717.5,1721.5,1717.300048828125,1719.800048828125,0
1993-07-19,1717.0999755859375,1719.300048828125,1715.300048828125,1719.199951171875,0
1993-07-20,1704.800048828125,1722.4000244140625,1704.800048828125,1720.0999755859375,0
1993-07-21,1691.5,1702.9000244140625,1690.5999755859375,1702.9000244140625,0
1993-07-22,1681.4000244140625,1694.5,1679.800048828125,1694.5,0
1993-07-23,1739.5999755859375,1741.800048828125,1680.699951171875,1680.699951171875,0
1993-07-26,1774.0,1776.199951171875,1745.699951171875,1745.699951171875,0
1993-07-27,1765.9000244140625,1776.4000244140625,1761.800048828125,1776.199951171875,0
1993-07-28,1749.699951171875,1771.0999755859375,1749.5999755859375,1771.0999755859375,0
1993-07-29,1762.5999755859375,1767.0,1724.699951171875,1740.0,0
1993-07-30,1773.0,1784.699951171875,1765.199951171875,1765.199951171875,0
1993-08-02,1787.199951171875,1793.4000244140625,1779.800048828125,1779.800048828125,0
1993-08-03,1773.699951171875,1790.800048828125,1771.800048828125,1790.800048828125,0
1993-08-04,1800.5,1800.5,1765.800048828125,1777.0999755859375,0
1993-08-05,1807.0999755859375,1816.0999755859375,1799.300048828125,1804.699951171875,0
1993-08-06,1805.4000244140625,1807.5999755859375,1797.0999755859375,1807.199951171875,0
1993-08-09,1802.0,1805.9000244140625,1798.199951171875,1805.9000244140625,0
1993-08-10,1789.199951171875,1807.0,1787.5999755859375,1807.0,0
1993-08-11,1805.5,1808.199951171875,1778.199951171875,1782.0999755859375,0
1993-08-12,1776.300048828125,1810.0999755859375,1776.300048828125,1810.0999755859375,0
1993-08-13,1831.0,1842.800048828125,1778.9000244140625,1778.9000244140625,0
1993-08-16,1841.699951171875,1845.199951171875,1836.199951171875,1841.800048828125,0
1993-08-17,1869.5,1869.5,1842.5999755859375,1842.5999755859375,0
1993-08-18,1868.199951171875,1881.5999755859375,1866.199951171875,1873.0999755859375,0
1993-08-19,1876.0,1876.9000244140625,1868.800048828125,1868.800048828125,0
1993-08-20,1895.699951171875,1895.699951171875,1874.300048828125,1878.0,0
1993-08-23,1933.4000244140625,1934.0,1904.699951171875,1909.4000244140625,0
1993-08-24,1920.4000244140625,1938.4000244140625,1917.199951171875,1932.5999755859375,0
1993-08-25,1913.800048828125,1931.199951171875,1912.5,1931.0,0
1993-08-26,1933.4000244140625,1933.4000244140625,1912.4000244140625,1916.800048828125,0
1993-08-27,1939.800048828125,1962.0999755859375,1939.800048828125,1941.4000244140625,0
1993-08-30,1914.0999755859375,1931.5,1913.9000244140625,1930.0999755859375,0
1993-08-31,1902.800048828125,1920.300048828125,1901.5999755859375,1908.9000244140625,0
1993-09-01,1916.699951171875,1918.5999755859375,1905.5999755859375,1905.5999755859375,0
1993-09-02,1932.800048828125,1937.699951171875,1916.699951171875,1916.699951171875,0
1993-09-03,1932.199951171875,1936.699951171875,1930.5,1935.0,0
1993-09-06,1929.5999755859375,1933.300048828125,1927.199951171875,1933.300048828125,0
1993-09-07,1949.300048828125,1953.0999755859375,1930.0,1930.0,0
1993-09-08,1937.800048828125,1949.5,1933.699951171875,1949.5,0
1993-09-09,1934.5999755859375,1943.5,1919.199951171875,1943.5,0
1993-09-10,1926.5,1936.4000244140625,1924.5,1936.4000244140625,0
1993-09-13,1889.4000244140625,1922.9000244140625,1888.0999755859375,1922.9000244140625,0
1993-09-14,1858.300048828125,1903.300048828125,1856.300048828125,1892.699951171875,0
1993-09-15,1847.0,1864.9000244140625,1841.5,1864.9000244140625,0
1993-09-17,1827.800048828125,1848.300048828125,1824.5,1848.300048828125,0
1993-09-20,1801.5,1830.199951171875,1801.300048828125,1829.0999755859375,0
1993-09-21,1773.800048828125,1818.300048828125,1773.699951171875,1801.0,0
1993-09-22,1796.300048828125,1796.300048828125,1775.199951171875,1775.199951171875,0
1993-09-23,1827.5,1829.5999755859375,1802.4000244140625,1802.4000244140625,0
1993-09-24,1842.800048828125,1860.9000244140625,1837.4000244140625,1837.4000244140625,0
1993-09-27,1839.699951171875,1841.4000244140625,1835.199951171875,1841.300048828125,0
1993-09-28,1845.9000244140625,1846.199951171875,1831.5,1834.0,0
1993-09-29,1855.300048828125,1856.199951171875,1843.9000244140625,1846.5999755859375,0
1993-09-30,1834.4000244140625,1860.4000244140625,1834.0999755859375,1860.0999755859375,0
1993-10-01,1826.4000244140625,1839.199951171875,1826.199951171875,1839.199951171875,0
1993-10-04,1844.300048828125,1846.300048828125,1834.0,1834.0,0
1993-10-05,1848.199951171875,1848.5999755859375,1843.300048828125,1848.199951171875,0
1993-10-06,1849.0999755859375,1852.5999755859375,1844.699951171875,1848.9000244140625,0
1993-10-07,1849.9000244140625,1853.0,1845.199951171875,1852.199951171875,0
1993-10-08,1861.199951171875,1861.199951171875,1850.0999755859375,1850.0999755859375,0
1993-10-11,1902.699951171875,1902.699951171875,1865.199951171875,1865.5,0
1993-10-13,1942.0999755859375,1947.800048828125,1905.5999755859375,1905.5999755859375,0
1993-10-14,1952.5999755859375,1954.5999755859375,1934.9000244140625,1944.0,0
1993-10-15,1967.9000244140625,1970.0,1950.800048828125,1950.800048828125,0
1993-10-18,1986.5999755859375,1988.0999755859375,1971.0999755859375,1972.300048828125,0
1993-10-19,1959.5,1991.5999755859375,1959.4000244140625,1991.5999755859375,0
1993-10-20,1977.4000244140625,1981.5,1959.199951171875,1960.5999755859375,0
1993-10-21,2005.199951171875,2005.199951171875,1983.0,1983.0,0
1993-10-22,2013.5,2031.4000244140625,2011.4000244140625,2011.4000244140625,0
1993-10-25,2005.300048828125,2027.199951171875,2005.300048828125,2027.199951171875,0
1993-10-26,2031.199951171875,2035.0,1999.5999755859375,2004.5999755859375,0
1993-10-27,2010.4000244140625,2039.0999755859375,1999.699951171875,2029.0999755859375,0
1993-10-28,1979.699951171875,2010.4000244140625,1977.5999755859375,2010.4000244140625,0
1993-10-29,2016.4000244140625,2016.4000244140625,1978.0,1978.0,0
1993-11-01,2020.300048828125,2020.300048828125,2020.300048828125,2020.300048828125,0
1993-11-03,2000.4000244140625,2033.5999755859375,1998.800048828125,2020.300048828125,0
1993-11-04,2012.0,2012.0999755859375,1987.5,2000.0999755859375,0
1993-11-05,1968.0999755859375,2012.0,1950.4000244140625,2012.0,0
1993-11-08,1928.4000244140625,1968.5,1926.5999755859375,1968.0999755859375,0
1993-11-09,1953.0999755859375,1953.300048828125,1927.9000244140625,1927.9000244140625,0
1993-11-10,2036.0999755859375,2041.0999755859375,1953.5999755859375,1953.800048828125,0
1993-11-11,2056.300048828125,2100.300048828125,2035.300048828125,2035.300048828125,0
1993-11-12,2109.199951171875,2109.199951171875,2056.39990234375,2056.39990234375,0
1993-11-15,2123.0,2131.300048828125,2108.39990234375,2108.39990234375,0
1993-11-16,2156.300048828125,2170.800048828125,2123.300048828125,2123.300048828125,0
1993-11-17,2148.39990234375,2177.300048828125,2129.39990234375,2159.39990234375,0
1993-11-18,2165.800048828125,2174.5,2145.60009765625,2148.5,0
1993-11-19,2185.699951171875,2185.699951171875,2143.89990234375,2166.0,0
1993-11-22,2182.800048828125,2188.89990234375,2181.300048828125,2185.699951171875,0
1993-11-23,2168.199951171875,2184.800048828125,2168.199951171875,2182.89990234375,0
1993-11-24,2164.10009765625,2164.10009765625,2148.39990234375,2156.10009765625,0
1993-11-25,2230.800048828125,2231.800048828125,2163.89990234375,2164.10009765625,0
1993-11-26,2259.0,2260.5,2231.10009765625,2231.10009765625,0
1993-11-29,2225.199951171875,2272.39990234375,2223.300048828125,2261.199951171875,0
1993-11-30,2212.800048828125,2243.10009765625,2206.39990234375,2243.10009765625,0
1993-12-01,2231.5,2231.5,2215.699951171875,2215.699951171875,0
1993-12-02,2270.699951171875,2272.60009765625,2230.60009765625,2231.5,0
1993-12-03,2323.89990234375,2324.89990234375,2270.699951171875,2270.800048828125,0
1993-12-06,2383.0,2390.699951171875,2324.10009765625,2324.10009765625,0
1993-12-07,2383.199951171875,2386.300048828125,2361.699951171875,2386.10009765625,0
1993-12-08,2433.199951171875,2433.199951171875,2384.0,2384.10009765625,0
1993-12-09,2398.10009765625,2445.0,2394.10009765625,2433.300048828125,0
1993-12-10,2409.39990234375,2411.60009765625,2391.5,2398.10009765625,0
1993-12-13,2411.10009765625,2419.5,2409.0,2409.39990234375,0
1993-12-14,2366.60009765625,2411.60009765625,2352.699951171875,2411.60009765625,0
1993-12-15,2389.89990234375,2390.89990234375,2354.60009765625,2366.60009765625,0
1993-12-16,2422.89990234375,2426.199951171875,2389.5,2389.89990234375,0
1993-12-17,2454.0,2454.0,2422.699951171875,2422.89990234375,0
1993-12-20,2491.0,2491.0,2454.199951171875,2454.60009765625,0
1993-12-21,2479.699951171875,2510.800048828125,2478.300048828125,2491.0,0
1993-12-22,2505.60009765625,2506.0,2479.699951171875,2479.699951171875,0
1993-12-23,2561.800048828125,2565.10009765625,2505.60009765625,2505.60009765625,0
1993-12-24,2562.5,2562.5,2552.199951171875,2561.800048828125,0
1993-12-27,2593.199951171875,2593.5,2567.10009765625,2567.10009765625,0
1993-12-28,2574.699951171875,2597.699951171875,2568.89990234375,2593.60009765625,0
1993-12-29,2596.699951171875,2596.89990234375,2571.800048828125,2574.699951171875,0
1993-12-30,2603.0,2610.39990234375,2599.39990234375,2599.89990234375,0
1994-01-03,2502.199951171875,2602.60009765625,2499.300048828125,2602.60009765625,0
1994-01-04,2550.300048828125,2552.60009765625,2444.699951171875,2502.199951171875,0
1994-01-05,2658.60009765625,2670.199951171875,2558.89990234375,2558.89990234375,0
1994-01-06,2684.39990234375,2693.0,2654.699951171875,2657.300048828125,0
1994-01-07,2637.39990234375,2684.199951171875,2637.300048828125,2684.199951171875,0
1994-01-10,2457.800048828125,2625.0,2453.199951171875,2625.0,0
1994-01-11,2554.60009765625,2582.89990234375,2459.10009765625,2459.10009765625,0
1994-01-12,2566.199951171875,2582.800048828125,2538.60009765625,2554.60009765625,0
1994-01-13,2535.5,2565.60009765625,2529.10009765625,2565.300048828125,0
1994-01-14,2485.39990234375,2536.5,2480.5,2535.60009765625,0
1994-01-17,2506.199951171875,2506.39990234375,2486.699951171875,2486.699951171875,0
1994-01-18,2556.800048828125,2557.89990234375,2506.199951171875,2506.300048828125,0
1994-01-19,2601.5,2628.199951171875,2556.60009765625,2556.60009765625,0
1994-01-20,2656.800048828125,2657.0,2601.0,2601.5,0
1994-01-21,2683.10009765625,2696.699951171875,2656.10009765625,2656.10009765625,0
1994-01-24,2693.699951171875,2693.699951171875,2665.5,2683.199951171875,0
1994-01-25,2660.39990234375,2693.699951171875,2647.0,2693.699951171875,0
1994-01-26,2659.300048828125,2659.89990234375,2638.300048828125,2659.89990234375,0
1994-01-27,2712.39990234375,2712.39990234375,2659.300048828125,2659.300048828125,0
1994-01-28,2743.300048828125,2752.5,2712.89990234375,2712.89990234375,0
1994-01-31,2783.300048828125,2790.89990234375,2743.199951171875,2743.199951171875,0
1994-02-01,2787.199951171875,2810.5,2767.699951171875,2781.10009765625,0
1994-02-02,2784.89990234375,2788.0,2770.10009765625,2787.300048828125,0
1994-02-03,2816.5,2818.60009765625,2782.39990234375,2784.89990234375,0
1994-02-04,2826.0,2847.800048828125,2804.199951171875,2822.5,0
1994-02-07,2824.60009765625,2824.800048828125,2776.300048828125,2822.60009765625,0
1994-02-08,2881.89990234375,2881.89990234375,2824.39990234375,2824.39990234375,0
1994-02-09,2858.89990234375,2895.89990234375,2837.699951171875,2881.199951171875,0
1994-02-10,2814.0,2860.0,2814.0,2859.60009765625,0
1994-02-11,2797.60009765625,2826.300048828125,2795.10009765625,2818.39990234375,0
1994-02-14,2778.300048828125,2805.60009765625,2772.5,2802.10009765625,0
1994-02-15,2759.699951171875,2778.800048828125,2758.89990234375,2778.800048828125,0
1994-02-16,2780.5,2786.699951171875,2760.60009765625,2760.60009765625,0
1994-02-17,2775.199951171875,2788.0,2771.10009765625,2780.199951171875,0
1994-02-18,2708.89990234375,2776.0,2691.0,2775.5,0
1994-02-21,2684.10009765625,2709.199951171875,2676.0,2709.199951171875,0
1994-02-22,2635.10009765625,2684.89990234375,2633.800048828125,2684.10009765625,0
1994-02-23,2572.39990234375,2643.199951171875,2550.199951171875,2635.10009765625,0
1994-02-24,2588.60009765625,2617.10009765625,2495.60009765625,2572.39990234375,0
1994-02-25,2588.60009765625,2617.10009765625,2495.60009765625,2592.300048828125,0
1994-02-28,2585.39990234375,2612.10009765625,2581.60009765625,2596.39990234375,0
1994-03-01,2514.199951171875,2585.800048828125,2498.89990234375,2585.39990234375,0
1994-03-02,2562.699951171875,2562.89990234375,2470.60009765625,2514.199951171875,0
1994-03-03,2561.89990234375,2592.10009765625,2555.0,2561.39990234375,0
1994-03-04,2569.5,2570.800048828125,2550.10009765625,2561.89990234375,0
1994-03-07,2601.89990234375,2602.10009765625,2569.5,2569.5,0
1994-03-08,2571.39990234375,2618.699951171875,2571.300048828125,2617.89990234375,0
1994-03-09,2533.10009765625,2571.39990234375,2513.5,2571.39990234375,0
1994-03-10,2506.10009765625,2536.699951171875,2498.0,2533.10009765625,0
1994-03-11,2510.89990234375,2514.699951171875,2482.5,2506.10009765625,0
1994-03-14,2429.89990234375,2512.199951171875,2429.89990234375,2510.89990234375,0
1994-03-15,2362.0,2429.89990234375,2362.0,2429.89990234375,0
1994-03-16,2382.199951171875,2426.5,2358.39990234375,2362.0,0
1994-03-17,2396.699951171875,2402.60009765625,2381.89990234375,2382.199951171875,0
1994-03-18,2383.0,2396.699951171875,2376.10009765625,2396.699951171875,0
1994-03-22,2511.89990234375,2511.89990234375,2368.10009765625,2383.0,0
1994-03-23,2543.10009765625,2560.300048828125,2511.89990234375,2511.89990234375,0
1994-03-25,2520.89990234375,2542.89990234375,2436.39990234375,2542.89990234375,0
1994-03-28,2446.199951171875,2510.89990234375,2440.5,2509.60009765625,0
1994-03-29,2457.60009765625,2486.39990234375,2417.39990234375,2446.199951171875,0
1994-03-30,2410.39990234375,2457.60009765625,2392.199951171875,2457.60009765625,0
1994-04-04,2288.10009765625,2400.39990234375,2288.10009765625,2400.39990234375,0
1994-04-05,2231.10009765625,2294.5,2229.39990234375,2265.5,0
1994-04-06,2255.699951171875,2256.199951171875,2201.0,2234.199951171875,0
1994-04-07,2267.300048828125,2279.300048828125,2257.699951171875,2260.199951171875,0
1994-04-08,2222.800048828125,2273.300048828125,2218.39990234375,2273.300048828125,0
1994-04-11,2201.60009765625,2229.39990234375,2201.39990234375,2229.300048828125,0
1994-04-12,2215.39990234375,2215.5,2175.800048828125,2208.5,0
1994-04-13,2196.300048828125,2243.199951171875,2196.300048828125,2243.199951171875,0
1994-04-14,2197.699951171875,2197.699951171875,2187.699951171875,2196.199951171875,0
1994-04-15,2195.89990234375,2216.89990234375,2193.0,2206.5,0
1994-04-18,2136.89990234375,2198.60009765625,2136.699951171875,2198.60009765625,0
1994-04-19,2070.60009765625,2137.60009765625,2069.300048828125,2137.60009765625,0
1994-04-20,1961.0999755859375,2064.89990234375,1959.0999755859375,2064.800048828125,0
1994-04-21,2058.5,2058.800048828125,1935.0,1957.300048828125,0
1994-04-22,2174.0,2174.10009765625,2062.800048828125,2075.300048828125,0
1994-04-25,2224.199951171875,2289.699951171875,2201.0,2209.300048828125,0
1994-04-26,2266.800048828125,2266.800048828125,2191.10009765625,2191.10009765625,0
1994-04-27,2337.89990234375,2363.89990234375,2284.10009765625,2284.10009765625,0
1994-04-28,2311.300048828125,2332.800048828125,2297.0,2332.800048828125,0
1994-04-29,2295.5,2324.5,2295.5,2321.199951171875,0
1994-05-02,2224.39990234375,2294.10009765625,2224.39990234375,2294.10009765625,0
1994-05-03,2227.699951171875,2230.699951171875,2194.0,2230.699951171875,0
1994-05-04,2236.199951171875,2239.199951171875,2225.60009765625,2239.199951171875,0
1994-05-06,2173.60009765625,2239.699951171875,2171.10009765625,2239.699951171875,0
1994-05-09,2146.199951171875,2176.699951171875,2146.10009765625,2176.699951171875,0
1994-05-10,2215.199951171875,2216.10009765625,2147.60009765625,2147.60009765625,0
1994-05-11,2188.199951171875,2230.5,2188.199951171875,2215.60009765625,0
1994-05-12,2222.199951171875,2225.39990234375,2179.60009765625,2179.60009765625,0
1994-05-13,2237.800048828125,2239.300048828125,2232.199951171875,2235.699951171875,0
1994-05-16,2241.5,2257.300048828125,2240.199951171875,2240.199951171875,0
1994-05-17,2276.89990234375,2278.5,2239.800048828125,2239.800048828125,0
1994-05-18,2361.800048828125,2361.800048828125,2288.10009765625,2288.60009765625,0
1994-05-19,2402.60009765625,2416.0,2375.199951171875,2375.199951171875,0
1994-05-20,2413.39990234375,2428.89990234375,2397.800048828125,2404.89990234375,0
1994-05-23,2430.300048828125,2444.39990234375,2417.300048828125,2417.300048828125,0
1994-05-24,2454.10009765625,2460.5,2431.39990234375,2431.39990234375,0
1994-05-25,2474.199951171875,2479.10009765625,2451.39990234375,2468.5,0
1994-05-26,2446.10009765625,2472.5,2442.10009765625,2472.199951171875,0
1994-05-27,2483.699951171875,2483.800048828125,2445.699951171875,2455.5,0
1994-05-30,2478.60009765625,2486.300048828125,2478.10009765625,2485.10009765625,0
1994-05-31,2477.699951171875,2498.699951171875,2477.300048828125,2485.39990234375,0
1994-06-01,2443.39990234375,2483.699951171875,2443.39990234375,2483.699951171875,0
1994-06-02,2441.300048828125,2446.60009765625,2406.0,2439.0,0
1994-06-03,2462.699951171875,2471.300048828125,2445.800048828125,2446.10009765625,0
1994-06-06,2490.699951171875,2493.10009765625,2473.800048828125,2473.800048828125,0
1994-06-07,2459.699951171875,2497.39990234375,2458.0,2494.800048828125,0
1994-06-08,2398.199951171875,2456.89990234375,2395.0,2456.89990234375,0
1994-06-09,2401.89990234375,2410.0,2373.300048828125,2410.0,0
1994-06-10,2387.10009765625,2418.89990234375,2387.10009765625,2413.39990234375,0
1994-06-13,2294.89990234375,2385.300048828125,2294.89990234375,2385.300048828125,0
1994-06-14,2293.0,2302.699951171875,2281.199951171875,2291.10009765625,0
1994-06-15,2298.800048828125,2311.699951171875,2298.800048828125,2304.699951171875,0
1994-06-16,2310.5,2310.5,2293.60009765625,2295.60009765625,0
1994-06-17,2309.199951171875,2326.800048828125,2303.199951171875,2326.800048828125,0
1994-06-20,2281.800048828125,2310.5,2279.39990234375,2310.5,0
1994-06-21,2253.300048828125,2283.699951171875,2248.60009765625,2283.60009765625,0
1994-06-22,2257.60009765625,2276.800048828125,2253.199951171875,2257.699951171875,0
1994-06-23,2238.89990234375,2258.199951171875,2237.199951171875,2257.60009765625,0
1994-06-24,2231.10009765625,2242.89990234375,2223.60009765625,2242.89990234375,0
1994-06-27,2232.0,2232.699951171875,2187.300048828125,2187.300048828125,0
1994-06-28,2227.300048828125,2239.199951171875,2218.39990234375,2239.199951171875,0
1994-06-29,2265.0,2273.5,2232.699951171875,2232.699951171875,0
1994-06-30,2258.199951171875,2263.60009765625,2258.10009765625,2263.39990234375,0
1994-07-01,2256.0,2263.60009765625,2244.39990234375,2262.60009765625,0
1994-07-04,2262.60009765625,2263.5,2261.39990234375,2262.699951171875,0
1994-07-05,2269.300048828125,2270.5,2265.800048828125,2267.5,0
1994-07-06,2291.300048828125,2291.300048828125,2268.10009765625,2276.10009765625,0
1994-07-07,2334.60009765625,2357.300048828125,2310.0,2310.0,0
1994-07-08,2315.60009765625,2334.60009765625,2313.800048828125,2334.39990234375,0
1994-07-11,2292.199951171875,2314.800048828125,2284.10009765625,2314.800048828125,0
1994-07-12,2290.199951171875,2292.0,2282.0,2292.0,0
1994-07-13,2266.5,2288.300048828125,2265.300048828125,2288.300048828125,0
1994-07-14,2277.199951171875,2287.199951171875,2265.0,2265.0,0
1994-07-15,2281.300048828125,2285.60009765625,2281.300048828125,2282.60009765625,0
1994-07-18,2274.300048828125,2281.5,2272.300048828125,2281.199951171875,0
1994-07-19,2256.300048828125,2274.89990234375,2256.300048828125,2274.300048828125,0
1994-07-20,2215.39990234375,2254.10009765625,2215.199951171875,2254.10009765625,0
1994-07-21,2218.699951171875,2219.199951171875,2193.89990234375,2211.0,0
1994-07-22,2281.199951171875,2281.300048828125,2232.60009765625,2232.800048828125,0
1994-07-25,2312.89990234375,2316.60009765625,2298.10009765625,2300.699951171875,0
1994-07-26,2390.199951171875,2391.199951171875,2313.89990234375,2313.89990234375,0
1994-07-27,2429.0,2430.39990234375,2393.39990234375,2393.39990234375,0
1994-07-28,2415.0,2441.0,2412.60009765625,2433.199951171875,0
1994-07-29,2461.0,2487.5,2429.199951171875,2429.199951171875,0
1994-08-01,2461.5,2470.699951171875,2451.800048828125,2462.300048828125,0
1994-08-02,2532.60009765625,2533.5,2473.5,2473.5,0
1994-08-03,2558.0,2561.199951171875,2534.300048828125,2538.5,0
1994-08-04,2571.800048828125,2583.60009765625,2537.39990234375,2567.300048828125,0
1994-08-05,2610.5,2610.5,2556.5,2573.800048828125,0
1994-08-08,2611.5,2715.5,2611.5,2643.0,0
1994-08-09,2591.89990234375,2629.60009765625,2583.0,2603.89990234375,0
1994-08-10,2578.39990234375,2602.89990234375,2578.39990234375,2595.0,0
1994-08-11,2567.699951171875,2574.699951171875,2554.300048828125,2574.699951171875,0
1994-08-12,2638.39990234375,2646.60009765625,2596.89990234375,2596.89990234375,0
1994-08-15,2653.89990234375,2664.89990234375,2637.699951171875,2637.800048828125,0
1994-08-16,2668.89990234375,2673.300048828125,2650.5,2651.5,0
1994-08-17,2701.39990234375,2732.5,2694.60009765625,2694.60009765625,0
1994-08-18,2696.800048828125,2708.60009765625,2681.800048828125,2699.699951171875,0
1994-08-19,2709.89990234375,2710.10009765625,2693.300048828125,2698.199951171875,0
1994-08-22,2767.10009765625,2779.39990234375,2708.199951171875,2708.199951171875,0
1994-08-23,2774.0,2800.89990234375,2757.89990234375,2759.0,0
1994-08-24,2794.39990234375,2794.699951171875,2725.800048828125,2755.5,0
1994-08-25,2782.39990234375,2821.39990234375,2780.5,2798.199951171875,0
1994-08-26,2767.89990234375,2779.10009765625,2747.199951171875,2776.199951171875,0
1994-08-29,2746.0,2773.300048828125,2743.199951171875,2772.199951171875,0
1994-08-30,2743.199951171875,2746.0,2715.5,2746.0,0
1994-08-31,2710.0,2732.800048828125,2707.5,2731.60009765625,0
1994-09-01,2700.199951171875,2735.5,2700.199951171875,2702.699951171875,0
1994-09-02,2670.199951171875,2694.89990234375,2668.39990234375,2692.300048828125,0
1994-09-05,2665.89990234375,2674.800048828125,2662.60009765625,2674.800048828125,0
1994-09-06,2696.300048828125,2696.300048828125,2642.699951171875,2666.0,0
1994-09-07,2742.10009765625,2751.60009765625,2704.10009765625,2704.10009765625,0
1994-09-08,2753.800048828125,2760.39990234375,2738.89990234375,2738.89990234375,0
1994-09-09,2750.89990234375,2762.199951171875,2747.89990234375,2762.199951171875,0
1994-09-12,2710.60009765625,2755.39990234375,2710.60009765625,2755.39990234375,0
1994-09-13,2708.199951171875,2725.300048828125,2704.699951171875,2708.800048828125,0
1994-09-14,2746.699951171875,2747.199951171875,2709.699951171875,2713.300048828125,0
1994-09-15,2790.89990234375,2792.300048828125,2743.199951171875,2743.199951171875,0
1994-09-19,2804.699951171875,2804.800048828125,2784.300048828125,2804.60009765625,0
1994-09-20,2826.60009765625,2827.300048828125,2797.60009765625,2803.60009765625,0
1994-09-21,2787.699951171875,2811.800048828125,2787.300048828125,2810.10009765625,0
1994-09-22,2819.89990234375,2819.89990234375,2792.300048828125,2794.800048828125,0
1994-09-23,2851.300048828125,2863.39990234375,2828.5,2828.5,0
1994-09-26,2835.199951171875,2864.800048828125,2833.10009765625,2857.5,0
1994-09-27,2816.60009765625,2840.10009765625,2814.89990234375,2840.10009765625,0
1994-09-28,2768.699951171875,2822.199951171875,2730.10009765625,2818.39990234375,0
1994-09-29,2714.39990234375,2764.800048828125,2711.800048828125,2764.800048828125,0
1994-09-30,2746.10009765625,2746.60009765625,2717.5,2717.5,0
1994-10-03,2676.39990234375,2746.10009765625,2668.800048828125,2746.10009765625,0
1994-10-04,2669.800048828125,2696.699951171875,2667.199951171875,2686.0,0
1994-10-05,2629.800048828125,2670.0,2591.0,2670.0,0
1994-10-06,2637.699951171875,2657.89990234375,2631.89990234375,2641.39990234375,0
1994-10-07,2674.60009765625,2677.199951171875,2636.89990234375,2636.89990234375,0
1994-10-10,2621.39990234375,2649.699951171875,2618.10009765625,2649.699951171875,0
1994-10-11,2661.300048828125,2662.10009765625,2618.89990234375,2621.60009765625,0
1994-10-12,2733.89990234375,2733.89990234375,2665.60009765625,2665.60009765625,0
1994-10-13,2760.300048828125,2772.39990234375,2740.800048828125,2740.800048828125,0
1994-10-14,2776.0,2776.199951171875,2743.0,2759.60009765625,0
1994-10-17,2756.60009765625,2785.0,2754.800048828125,2777.699951171875,0
1994-10-18,2726.699951171875,2756.0,2719.10009765625,2756.0,0
1994-10-19,2749.39990234375,2753.5,2724.699951171875,2725.10009765625,0
1994-10-20,2731.39990234375,2750.10009765625,2731.10009765625,2750.10009765625,0
1994-10-21,2700.10009765625,2743.199951171875,2699.89990234375,2743.199951171875,0
1994-10-24,2621.800048828125,2686.89990234375,2620.89990234375,2686.89990234375,0
1994-10-25,2558.5,2633.60009765625,2507.699951171875,2633.60009765625,0
1994-10-26,2564.699951171875,2578.39990234375,2543.800048828125,2578.39990234375,0
1994-10-27,2601.300048828125,2621.10009765625,2580.0,2580.0,0
1994-10-28,2564.300048828125,2596.60009765625,2560.300048828125,2592.300048828125,0
1994-10-31,2552.10009765625,2575.39990234375,2543.39990234375,2571.5,0
1994-11-03,2543.10009765625,2562.60009765625,2537.800048828125,2537.800048828125,0
1994-11-04,2581.60009765625,2581.60009765625,2543.10009765625,2543.10009765625,0
1994-11-07,2588.39990234375,2589.699951171875,2580.60009765625,2581.60009765625,0
1994-11-08,2611.89990234375,2616.0,2585.800048828125,2588.39990234375,0
1994-11-09,2618.89990234375,2632.10009765625,2611.800048828125,2611.89990234375,0
1994-11-10,2492.300048828125,2618.89990234375,2492.300048828125,2618.89990234375,0
1994-11-11,2527.0,2531.800048828125,2492.300048828125,2492.300048828125,0
1994-11-14,2486.60009765625,2540.39990234375,2484.89990234375,2527.0,0
1994-11-15,2459.199951171875,2486.60009765625,2450.0,2486.60009765625,0
1994-11-16,2510.39990234375,2510.39990234375,2459.199951171875,2459.199951171875,0
1994-11-17,2465.199951171875,2510.60009765625,2459.5,2510.39990234375,0
1994-11-18,2429.10009765625,2465.39990234375,2422.800048828125,2465.199951171875,0
1994-11-21,2428.199951171875,2429.10009765625,2394.800048828125,2429.10009765625,0
1994-11-22,2451.10009765625,2474.89990234375,2413.300048828125,2428.199951171875,0
1994-11-23,2416.699951171875,2451.199951171875,2371.10009765625,2451.199951171875,0
1994-11-24,2439.0,2439.0,2414.89990234375,2416.699951171875,0
1994-11-25,2480.199951171875,2480.39990234375,2439.0,2439.0,0
1994-11-28,2562.800048828125,2562.800048828125,2484.60009765625,2485.199951171875,0
1994-11-29,2596.199951171875,2608.300048828125,2562.800048828125,2562.800048828125,0
1994-11-30,2591.300048828125,2622.60009765625,2570.300048828125,2596.199951171875,0
1994-12-02,2537.5,2591.300048828125,2522.39990234375,2591.300048828125,0
1994-12-05,2521.39990234375,2547.39990234375,2510.5,2537.5,0
1994-12-06,2514.39990234375,2521.699951171875,2507.39990234375,2521.39990234375,0
1994-12-07,2520.89990234375,2532.0,2514.10009765625,2514.39990234375,0
1994-12-08,2499.89990234375,2528.0,2495.0,2520.89990234375,0
1994-12-09,2467.800048828125,2499.89990234375,2459.300048828125,2499.89990234375,0
1994-12-13,2408.0,2486.10009765625,2399.699951171875,2467.800048828125,0
1994-12-14,2401.60009765625,2437.300048828125,2389.0,2408.0,0
1994-12-15,2378.699951171875,2401.60009765625,2361.39990234375,2401.60009765625,0
1994-12-16,2327.60009765625,2377.5,2319.60009765625,2377.5,0
1994-12-19,2254.800048828125,2327.60009765625,2248.199951171875,2327.60009765625,0
1994-12-20,2231.10009765625,2231.10009765625,2231.10009765625,2231.10009765625,0
1994-12-21,2151.39990234375,2274.199951171875,2021.0,2274.199951171875,0
1994-12-22,2328.10009765625,2329.300048828125,2151.199951171875,2203.699951171875,0
1994-12-23,2331.0,2386.300048828125,2290.10009765625,2306.300048828125,0
1994-12-27,2276.89990234375,2364.60009765625,2272.39990234375,2342.800048828125,0
1994-12-28,2337.699951171875,2337.699951171875,2265.39990234375,2276.89990234375,0
1994-12-29,2411.300048828125,2421.300048828125,2337.699951171875,2337.699951171875,0
1994-12-30,2373.0,2411.10009765625,2359.89990234375,2411.10009765625,0
1995-01-03,2319.5,2378.10009765625,2317.39990234375,2354.199951171875,0
1995-01-04,2241.0,2278.5,2145.199951171875,2278.5,0
1995-01-05,2276.800048828125,2296.5,2255.60009765625,2269.89990234375,0
1995-01-06,2270.199951171875,2276.699951171875,2245.5,2273.10009765625,0
1995-01-09,2112.800048828125,2252.699951171875,2112.800048828125,2252.60009765625,0
1995-01-10,1960.9000244140625,2104.10009765625,1866.5999755859375,2104.10009765625,0
1995-01-11,2026.0,2026.0,1840.4000244140625,1972.300048828125,0
1995-01-12,2107.5,2131.699951171875,2025.699951171875,2027.9000244140625,0
1995-01-13,2222.39990234375,2224.0,2118.800048828125,2118.800048828125,0
1995-01-16,2242.10009765625,2255.0,2173.10009765625,2217.300048828125,0
1995-01-17,2213.800048828125,2265.89990234375,2213.39990234375,2243.0,0
1995-01-18,2160.800048828125,2210.800048828125,2149.39990234375,2210.800048828125,0
1995-01-19,2062.89990234375,2156.10009765625,2062.89990234375,2156.10009765625,0
1995-01-20,2052.699951171875,2054.0,1994.0999755859375,2051.89990234375,0
1995-01-23,2058.89990234375,2065.89990234375,2005.5,2065.89990234375,0
1995-01-24,2094.5,2134.89990234375,2065.89990234375,2068.5,0
1995-01-25,2065.89990234375,2108.199951171875,2062.39990234375,2096.10009765625,0
1995-01-26,2035.5,2060.10009765625,2033.800048828125,2056.60009765625,0
1995-01-27,1952.0,2023.4000244140625,1951.5,2018.5999755859375,0
1995-01-30,1900.300048828125,1957.699951171875,1885.5,1957.699951171875,0
1995-01-31,2067.60009765625,2071.0,1898.9000244140625,1898.9000244140625,0
1995-02-01,2002.5999755859375,2111.60009765625,1995.800048828125,2094.0,0
1995-02-02,1943.300048828125,1998.699951171875,1943.300048828125,1998.699951171875,0
1995-02-03,1963.699951171875,1964.4000244140625,1907.800048828125,1943.9000244140625,0
1995-02-06,1959.199951171875,1960.5999755859375,1926.5,1957.199951171875,0
1995-02-07,1973.699951171875,1993.5,1963.699951171875,1964.0,0
1995-02-08,1961.5,1974.699951171875,1954.9000244140625,1962.300048828125,0
1995-02-09,1932.0,1960.699951171875,1930.699951171875,1960.699951171875,0
1995-02-10,1965.0999755859375,1974.0,1933.5,1933.5,0
1995-02-13,1927.699951171875,1968.300048828125,1927.5,1968.300048828125,0
1995-02-14,1916.5,1947.5999755859375,1916.4000244140625,1930.199951171875,0
1995-02-15,1798.9000244140625,1918.5999755859375,1798.300048828125,1918.5999755859375,0
1995-02-16,1790.800048828125,1798.0999755859375,1734.699951171875,1798.0,0
1995-02-17,1815.0,1848.9000244140625,1768.300048828125,1831.5,0
1995-02-20,1768.4000244140625,1830.5,1762.0,1830.5,0
1995-02-21,1656.5,1771.800048828125,1656.0,1766.0999755859375,0
1995-02-22,1718.5,1724.5999755859375,1637.0,1679.199951171875,0
1995-02-23,1615.4000244140625,1717.4000244140625,1613.0,1708.300048828125,0
1995-02-24,1573.0,1614.699951171875,1554.800048828125,1611.699951171875,0
1995-02-27,1458.699951171875,1553.9000244140625,1458.5999755859375,1553.9000244140625,0
1995-02-28,1533.199951171875,1533.199951171875,1447.5,1447.5,0
1995-03-01,1494.5999755859375,1583.0999755859375,1492.0,1549.9000244140625,0
1995-03-02,1502.0999755859375,1520.800048828125,1478.0999755859375,1518.0,0
1995-03-03,1509.699951171875,1517.0999755859375,1483.5,1517.0999755859375,0
1995-03-06,1525.9000244140625,1559.699951171875,1506.0,1519.5,0
1995-03-07,1522.5,1537.300048828125,1515.199951171875,1522.699951171875,0
1995-03-08,1507.0999755859375,1530.9000244140625,1507.0999755859375,1524.199951171875,0
1995-03-09,1506.5,1515.5,1496.5,1498.5,0
1995-03-10,1603.300048828125,1606.5999755859375,1521.4000244140625,1540.5,0
1995-03-13,1580.0999755859375,1601.5,1561.300048828125,1601.4000244140625,0
1995-03-14,1618.4000244140625,1622.300048828125,1586.0,1586.0,0
1995-03-15,1604.5,1632.0,1585.5,1591.0999755859375,0
1995-03-16,1582.699951171875,1617.4000244140625,1578.0,1611.699951171875,0
1995-03-17,1594.199951171875,1603.5,1582.0,1589.5999755859375,0
1995-03-20,1588.4000244140625,1605.199951171875,1582.0999755859375,1604.199951171875,0
1995-03-22,1586.699951171875,1608.5,1581.199951171875,1581.199951171875,0
1995-03-23,1612.699951171875,1615.5999755859375,1591.0999755859375,1591.199951171875,0
1995-03-24,1714.800048828125,1728.800048828125,1615.699951171875,1615.699951171875,0
1995-03-27,1818.0,1829.0,1723.0,1723.0,0
1995-03-28,1832.5999755859375,1851.4000244140625,1813.0999755859375,1822.5,0
1995-03-29,1810.300048828125,1832.9000244140625,1809.9000244140625,1832.699951171875,0
1995-03-30,1827.699951171875,1832.0,1810.9000244140625,1810.9000244140625,0
1995-03-31,1826.4000244140625,1831.199951171875,1793.199951171875,1823.9000244140625,0
1995-04-03,1895.199951171875,1896.4000244140625,1829.300048828125,1832.800048828125,0
1995-04-04,1940.5999755859375,1984.0999755859375,1923.199951171875,1923.199951171875,0
1995-04-05,1903.4000244140625,1957.4000244140625,1899.5,1906.0,0
1995-04-06,1907.199951171875,1929.5,1900.800048828125,1919.0999755859375,0
1995-04-07,1944.699951171875,1945.699951171875,1913.5,1914.800048828125,0
1995-04-10,1897.300048828125,1952.5999755859375,1895.800048828125,1952.199951171875,0
1995-04-11,1867.300048828125,1895.4000244140625,1858.5,1895.300048828125,0
1995-04-12,1828.699951171875,1865.0,1817.9000244140625,1865.0,0
1995-04-17,1834.5999755859375,1846.5,1828.5,1830.0,0
1995-04-18,1787.0999755859375,1829.9000244140625,1785.300048828125,1827.800048828125,0
1995-04-19,1789.300048828125,1802.300048828125,1788.199951171875,1791.9000244140625,0
1995-04-20,1822.800048828125,1826.4000244140625,1772.0,1792.800048828125,0
1995-04-21,1915.9000244140625,1921.199951171875,1830.5,1830.5,0
1995-04-24,2017.199951171875,2017.199951171875,1919.4000244140625,1919.4000244140625,0
1995-04-25,2004.300048828125,2055.199951171875,2000.5,2017.199951171875,0
1995-04-26,2014.199951171875,2034.300048828125,2000.800048828125,2001.199951171875,0
1995-04-27,1986.0,2024.5999755859375,1971.0,2007.0,0
1995-04-28,1969.5,1985.5999755859375,1956.300048828125,1985.5999755859375,0
1995-05-02,1976.5,1976.5999755859375,1947.4000244140625,1960.5,0
1995-05-03,2020.300048828125,2039.699951171875,1985.0,1985.0,0
1995-05-04,2006.4000244140625,2024.5999755859375,2004.4000244140625,2019.5999755859375,0
1995-05-08,2014.9000244140625,2028.800048828125,1998.199951171875,2005.800048828125,0
1995-05-09,2038.9000244140625,2041.0,2011.4000244140625,2011.4000244140625,0
1995-05-10,2026.300048828125,2053.10009765625,2026.300048828125,2043.0999755859375,0
1995-05-11,2003.699951171875,2024.4000244140625,2000.699951171875,2024.4000244140625,0
1995-05-12,2026.0999755859375,2028.0,2004.800048828125,2008.0999755859375,0
1995-05-15,2045.9000244140625,2046.9000244140625,2027.5999755859375,2027.5999755859375,0
1995-05-16,2070.800048828125,2083.0,2048.0,2048.199951171875,0
1995-05-17,2077.199951171875,2089.300048828125,2071.199951171875,2071.199951171875,0
1995-05-18,2011.699951171875,2065.60009765625,2009.699951171875,2064.800048828125,0
1995-05-19,2012.300048828125,2014.800048828125,1974.0,2014.800048828125,0
1995-05-22,2075.60009765625,2077.60009765625,2012.300048828125,2012.300048828125,0
1995-05-23,2091.199951171875,2116.39990234375,2080.199951171875,2090.89990234375,0
1995-05-24,2046.300048828125,2098.60009765625,2046.300048828125,2096.89990234375,0
1995-05-25,2002.199951171875,2044.800048828125,1990.4000244140625,2044.800048828125,0
1995-05-26,1955.5999755859375,2000.0999755859375,1940.5999755859375,2000.0999755859375,0
1995-05-29,1969.0,1972.699951171875,1959.5,1959.5,0
1995-05-30,1944.0,1973.5,1929.0,1969.699951171875,0
1995-05-31,1934.5,1954.0,1922.800048828125,1938.5,0
1995-06-01,1999.699951171875,1999.699951171875,1937.9000244140625,1945.0999755859375,0
1995-06-02,2032.5,2049.10009765625,2010.5,2011.800048828125,0
1995-06-05,2026.699951171875,2037.4000244140625,2025.9000244140625,2033.4000244140625,0
1995-06-06,2001.0999755859375,2023.9000244140625,1995.9000244140625,2023.9000244140625,0
1995-06-07,1988.0,2006.5999755859375,1986.4000244140625,2001.0,0
1995-06-08,1981.199951171875,1992.9000244140625,1981.199951171875,1989.800048828125,0
1995-06-09,1956.5999755859375,1980.300048828125,1955.5,1980.300048828125,0
1995-06-12,1968.0,1973.199951171875,1958.800048828125,1958.800048828125,0
1995-06-13,1985.5999755859375,2003.800048828125,1975.699951171875,1975.699951171875,0
1995-06-14,1982.199951171875,1985.0,1967.199951171875,1983.4000244140625,0
1995-06-15,1994.5999755859375,2000.800048828125,1984.5999755859375,1985.9000244140625,0
1995-06-16,2035.699951171875,2040.0999755859375,1994.800048828125,1996.199951171875,0
1995-06-19,2022.4000244140625,2047.5,2018.199951171875,2041.9000244140625,0
1995-06-20,2004.5999755859375,2030.0,2002.5999755859375,2022.4000244140625,0
1995-06-21,2015.0,2015.800048828125,1986.699951171875,2002.300048828125,0
1995-06-22,2046.9000244140625,2057.39990234375,2018.5999755859375,2018.5999755859375,0
1995-06-23,2053.39990234375,2074.300048828125,2046.9000244140625,2047.699951171875,0
1995-06-26,2072.5,2073.699951171875,2051.0,2053.199951171875,0
1995-06-27,2108.699951171875,2123.5,2086.199951171875,2086.300048828125,0
1995-06-28,2165.0,2165.0,2113.10009765625,2113.10009765625,0
1995-06-29,2192.5,2205.699951171875,2167.0,2173.699951171875,0
1995-06-30,2195.89990234375,2199.300048828125,2183.60009765625,2187.199951171875,0
1995-07-03,2189.699951171875,2200.10009765625,2188.199951171875,2196.10009765625,0
1995-07-04,2176.89990234375,2194.60009765625,2176.89990234375,2194.39990234375,0
1995-07-05,2290.60009765625,2290.60009765625,2184.5,2184.5,0
1995-07-06,2399.300048828125,2403.800048828125,2306.300048828125,2306.300048828125,0
1995-07-07,2438.5,2467.300048828125,2389.300048828125,2403.0,0
1995-07-10,2544.800048828125,2548.800048828125,2457.199951171875,2457.199951171875,0
1995-07-11,2473.89990234375,2554.300048828125,2472.699951171875,2554.300048828125,0
1995-07-12,2524.800048828125,2527.5,2477.5,2503.0,0
1995-07-13,2586.60009765625,2591.60009765625,2526.0,2526.0,0
1995-07-14,2538.5,2592.39990234375,2529.10009765625,2574.800048828125,0
1995-07-17,2520.89990234375,2558.39990234375,2520.89990234375,2531.5,0
1995-07-18,2483.39990234375,2516.699951171875,2437.199951171875,2516.699951171875,0
1995-07-19,2429.60009765625,2479.60009765625,2369.699951171875,2479.60009765625,0
1995-07-20,2431.699951171875,2440.39990234375,2401.300048828125,2436.5,0
1995-07-21,2480.10009765625,2511.10009765625,2461.60009765625,2461.60009765625,0
1995-07-24,2480.0,2506.699951171875,2470.10009765625,2470.10009765625,0
1995-07-25,2456.89990234375,2487.300048828125,2451.60009765625,2485.300048828125,0
1995-07-26,2390.699951171875,2456.699951171875,2390.699951171875,2455.300048828125,0
1995-07-27,2394.89990234375,2412.5,2360.39990234375,2379.199951171875,0
1995-07-28,2400.89990234375,2413.0,2398.199951171875,2398.800048828125,0
1995-07-31,2369.10009765625,2412.699951171875,2367.800048828125,2404.800048828125,0
1995-08-01,2378.300048828125,2378.300048828125,2354.60009765625,2375.199951171875,0
1995-08-02,2440.60009765625,2469.199951171875,2379.5,2379.5,0
1995-08-03,2492.199951171875,2493.89990234375,2428.39990234375,2440.39990234375,0
1995-08-04,2542.60009765625,2549.0,2500.5,2500.5,0
1995-08-07,2568.800048828125,2588.10009765625,2541.5,2541.5,0
1995-08-08,2534.800048828125,2565.800048828125,2530.60009765625,2565.39990234375,0
1995-08-09,2548.300048828125,2563.300048828125,2527.0,2538.300048828125,0
1995-08-10,2571.10009765625,2583.39990234375,2550.39990234375,2550.699951171875,0
1995-08-11,2526.60009765625,2572.10009765625,2526.0,2570.5,0
1995-08-14,2516.699951171875,2532.699951171875,2504.300048828125,2532.699951171875,0
1995-08-15,2523.39990234375,2526.60009765625,2509.699951171875,2521.800048828125,0
1995-08-16,2500.89990234375,2522.60009765625,2487.0,2522.60009765625,0
1995-08-17,2491.89990234375,2502.60009765625,2474.699951171875,2502.60009765625,0
1995-08-18,2481.60009765625,2492.0,2474.300048828125,2485.39990234375,0
1995-08-21,2484.699951171875,2497.699951171875,2484.699951171875,2487.0,0
1995-08-22,2487.60009765625,2488.5,2480.800048828125,2485.10009765625,0
1995-08-23,2471.699951171875,2511.199951171875,2471.699951171875,2489.5,0
1995-08-24,2432.60009765625,2451.10009765625,2421.800048828125,2443.199951171875,0
1995-08-25,2456.60009765625,2462.10009765625,2447.0,2447.0,0
1995-08-28,2484.300048828125,2487.199951171875,2462.89990234375,2462.89990234375,0
1995-08-29,2486.60009765625,2497.10009765625,2477.0,2493.5,0
1995-08-30,2477.800048828125,2489.60009765625,2475.199951171875,2489.300048828125,0
1995-08-31,2505.199951171875,2505.60009765625,2476.39990234375,2480.10009765625,0
1995-09-04,2570.199951171875,2570.199951171875,2516.800048828125,2517.0,0
1995-09-05,2598.5,2608.5,2583.60009765625,2590.0,0
1995-09-06,2596.39990234375,2598.300048828125,2571.60009765625,2598.300048828125,0
1995-09-07,2607.89990234375,2631.300048828125,2601.10009765625,2601.10009765625,0
1995-09-08,2618.5,2625.0,2610.60009765625,2610.60009765625,0
1995-09-11,2611.10009765625,2629.10009765625,2611.10009765625,2622.199951171875,0
1995-09-12,2583.199951171875,2604.800048828125,2571.300048828125,2603.800048828125,0
1995-09-13,2566.5,2584.699951171875,2563.5,2584.699951171875,0
1995-09-14,2580.10009765625,2586.89990234375,2577.60009765625,2578.800048828125,0
1995-09-15,2566.39990234375,2583.199951171875,2564.800048828125,2583.199951171875,0
1995-09-18,2539.0,2566.10009765625,2535.699951171875,2566.10009765625,0
1995-09-19,2561.10009765625,2563.800048828125,2541.39990234375,2541.89990234375,0
1995-09-20,2552.10009765625,2569.300048828125,2545.699951171875,2561.10009765625,0
1995-09-21,2545.199951171875,2558.0,2541.10009765625,2555.699951171875,0
1995-09-22,2513.699951171875,2557.0,2502.39990234375,2557.0,0
1995-09-25,2457.10009765625,2514.89990234375,2452.199951171875,2514.89990234375,0
1995-09-26,2412.0,2457.300048828125,2401.39990234375,2455.89990234375,0
1995-09-27,2319.800048828125,2412.0,2300.0,2412.0,0
1995-09-28,2377.199951171875,2381.89990234375,2313.699951171875,2342.60009765625,0
1995-09-29,2392.300048828125,2405.89990234375,2376.800048828125,2381.5,0
1995-10-02,2292.0,2392.300048828125,2263.5,2392.300048828125,0
1995-10-03,2275.199951171875,2292.5,2213.800048828125,2291.89990234375,0
1995-10-04,2267.10009765625,2277.10009765625,2228.60009765625,2277.10009765625,0
1995-10-05,2347.699951171875,2355.60009765625,2261.10009765625,2267.10009765625,0
1995-10-06,2410.300048828125,2410.5,2347.699951171875,2347.699951171875,0
1995-10-09,2341.0,2409.199951171875,2341.0,2409.199951171875,0
1995-10-10,2336.10009765625,2336.10009765625,2265.800048828125,2315.800048828125,0
1995-10-11,2357.199951171875,2367.800048828125,2337.800048828125,2337.800048828125,0
1995-10-12,2326.89990234375,2395.199951171875,2326.0,2362.300048828125,0
1995-10-13,2291.60009765625,2338.199951171875,2280.300048828125,2335.800048828125,0
1995-10-16,2331.89990234375,2349.300048828125,2305.60009765625,2310.60009765625,0
1995-10-17,2302.0,2331.0,2285.300048828125,2325.300048828125,0
1995-10-18,2328.5,2339.300048828125,2287.5,2305.199951171875,0
1995-10-19,2352.39990234375,2362.300048828125,2332.39990234375,2332.39990234375,0
1995-10-20,2333.5,2358.89990234375,2333.5,2351.60009765625,0
1995-10-23,2291.60009765625,2327.699951171875,2291.60009765625,2327.5,0
1995-10-24,2293.60009765625,2298.800048828125,2283.800048828125,2285.39990234375,0
1995-10-25,2202.89990234375,2305.60009765625,2202.89990234375,2294.0,0
1995-10-26,2171.0,2215.800048828125,2120.39990234375,2205.89990234375,0
1995-10-27,2244.5,2246.5,2165.10009765625,2186.199951171875,0
1995-10-30,2353.800048828125,2353.89990234375,2245.89990234375,2245.89990234375,0
1995-10-31,2308.10009765625,2358.0,2307.699951171875,2348.60009765625,0
1995-11-01,2299.199951171875,2309.10009765625,2265.5,2302.0,0
1995-11-03,2300.0,2313.39990234375,2289.699951171875,2306.0,0
1995-11-06,2282.39990234375,2311.300048828125,2272.199951171875,2310.800048828125,0
1995-11-07,2255.699951171875,2275.300048828125,2252.5,2275.300048828125,0
1995-11-08,2219.199951171875,2251.10009765625,2210.0,2250.10009765625,0
1995-11-09,2303.10009765625,2324.199951171875,2232.39990234375,2232.39990234375,0
1995-11-10,2315.89990234375,2327.5,2302.300048828125,2311.300048828125,0
1995-11-13,2261.5,2310.10009765625,2261.5,2310.10009765625,0
1995-11-14,2241.5,2267.10009765625,2241.39990234375,2254.10009765625,0
1995-11-15,2260.199951171875,2260.5,2241.10009765625,2241.39990234375,0
1995-11-16,2262.5,2305.199951171875,2246.39990234375,2260.199951171875,0
1995-11-17,2349.5,2351.699951171875,2255.800048828125,2259.699951171875,0
1995-11-21,2448.39990234375,2450.199951171875,2342.800048828125,2349.5,0
1995-11-22,2534.699951171875,2564.39990234375,2448.5,2448.5,0
1995-11-23,2571.39990234375,2576.89990234375,2516.800048828125,2534.699951171875,0
1995-11-24,2576.0,2602.300048828125,2552.199951171875,2570.60009765625,0
1995-11-27,2554.800048828125,2587.300048828125,2550.60009765625,2576.0,0
1995-11-28,2615.5,2615.5,2542.5,2554.800048828125,0
1995-11-29,2724.5,2728.60009765625,2616.60009765625,2618.300048828125,0
1995-11-30,2689.0,2728.89990234375,2675.5,2710.800048828125,0
1995-12-01,2703.39990234375,2731.199951171875,2674.699951171875,2687.60009765625,0
1995-12-04,2689.60009765625,2723.699951171875,2687.39990234375,2703.39990234375,0
1995-12-05,2666.800048828125,2693.800048828125,2659.10009765625,2687.699951171875,0
1995-12-06,2680.89990234375,2701.89990234375,2656.699951171875,2666.800048828125,0
1995-12-07,2667.199951171875,2680.89990234375,2651.39990234375,2680.89990234375,0
1995-12-08,2655.39990234375,2687.89990234375,2651.800048828125,2667.300048828125,0
1995-12-11,2607.800048828125,2655.5,2607.800048828125,2655.39990234375,0
1995-12-13,2586.10009765625,2608.39990234375,2583.699951171875,2607.60009765625,0
1995-12-14,2575.39990234375,2590.39990234375,2561.39990234375,2585.800048828125,0
1995-12-15,2675.699951171875,2675.699951171875,2569.199951171875,2575.39990234375,0
1995-12-18,2656.699951171875,2681.60009765625,2644.699951171875,2675.89990234375,0
1995-12-19,2747.5,2747.5,2652.300048828125,2655.800048828125,0
1995-12-20,2746.5,2800.199951171875,2739.699951171875,2756.39990234375,0
1995-12-21,2834.39990234375,2834.39990234375,2736.0,2747.39990234375,0
1995-12-22,2826.699951171875,2838.199951171875,2807.5,2834.39990234375,0
1995-12-26,2825.199951171875,2830.0,2814.39990234375,2826.699951171875,0
1995-12-27,2806.60009765625,2837.60009765625,2806.60009765625,2825.199951171875,0
1995-12-28,2790.800048828125,2812.60009765625,2779.5,2812.60009765625,0
1995-12-29,2778.5,2790.89990234375,2747.300048828125,2790.800048828125,0
1996-01-02,2929.39990234375,2963.800048828125,2776.60009765625,2777.5,0
1996-01-03,3004.800048828125,3040.5,2929.39990234375,2929.39990234375,0
1996-01-04,3002.60009765625,3018.199951171875,2965.0,3004.10009765625,0
1996-01-05,3011.10009765625,3011.10009765625,2962.300048828125,2993.60009765625,0
1996-01-08,3002.10009765625,3030.5,2994.89990234375,3011.10009765625,0
1996-01-09,2957.5,3028.0,2945.800048828125,3001.89990234375,0
1996-01-10,2974.300048828125,3007.39990234375,2943.199951171875,2955.199951171875,0
1996-01-11,2997.300048828125,3010.800048828125,2979.5,2979.5,0
1996-01-12,2934.10009765625,2997.60009765625,2919.800048828125,2997.60009765625,0
1996-01-15,2908.199951171875,2944.199951171875,2889.0,2932.699951171875,0
1996-01-16,2921.300048828125,2922.0,2867.800048828125,2908.199951171875,0
1996-01-17,2919.0,2942.10009765625,2912.5,2918.300048828125,0
1996-01-18,2983.300048828125,2983.300048828125,2915.699951171875,2919.0,0
1996-01-19,3058.39990234375,3069.199951171875,2985.89990234375,2989.10009765625,0
1996-01-22,3087.5,3102.699951171875,3058.39990234375,3058.39990234375,0
1996-01-23,3074.0,3106.300048828125,3064.39990234375,3094.89990234375,0
1996-01-24,3054.60009765625,3106.5,3039.199951171875,3074.0,0
1996-01-25,3053.199951171875,3065.60009765625,3024.60009765625,3054.60009765625,0
1996-01-26,3079.10009765625,3079.10009765625,3045.10009765625,3053.199951171875,0
1996-01-29,3088.0,3110.10009765625,3078.89990234375,3079.10009765625,0
1996-01-30,3065.10009765625,3099.10009765625,3055.10009765625,3088.0,0
1996-01-31,3034.699951171875,3066.0,3024.10009765625,3065.10009765625,0
1996-02-01,3078.199951171875,3078.199951171875,3004.699951171875,3034.300048828125,0
1996-02-02,3101.89990234375,3113.10009765625,3072.699951171875,3078.300048828125,0
1996-02-06,3048.10009765625,3104.89990234375,3046.60009765625,3101.89990234375,0
1996-02-07,3010.800048828125,3048.10009765625,3008.800048828125,3048.10009765625,0
1996-02-08,3037.5,3041.39990234375,3006.60009765625,3010.800048828125,0
1996-02-09,2985.10009765625,3039.5,2975.10009765625,3037.39990234375,0
1996-02-12,2950.60009765625,2985.10009765625,2910.89990234375,2985.10009765625,0
1996-02-13,2920.699951171875,2950.5,2897.0,2950.5,0
1996-02-14,2971.300048828125,2984.699951171875,2914.199951171875,2920.699951171875,0
1996-02-15,2946.39990234375,2976.10009765625,2937.60009765625,2971.300048828125,0
1996-02-16,2971.300048828125,2971.5,2944.5,2944.5,0
1996-02-19,2971.10009765625,2973.60009765625,2962.10009765625,2971.300048828125,0
1996-02-20,2904.39990234375,2975.39990234375,2892.10009765625,2975.39990234375,0
1996-02-21,2907.800048828125,2916.10009765625,2896.800048828125,2907.699951171875,0
1996-02-22,2981.0,2988.60009765625,2909.300048828125,2909.300048828125,0
1996-02-23,2981.39990234375,3013.800048828125,2970.60009765625,3003.39990234375,0
1996-02-26,2955.39990234375,2981.39990234375,2950.39990234375,2981.39990234375,0
1996-02-27,2939.0,2966.699951171875,2934.300048828125,2955.39990234375,0
1996-02-28,2862.60009765625,2953.300048828125,2861.39990234375,2939.10009765625,0
1996-02-29,2832.5,2862.199951171875,2804.800048828125,2862.199951171875,0
1996-03-01,2892.39990234375,2893.60009765625,2833.10009765625,2833.10009765625,0
1996-03-04,2879.699951171875,2899.0,2879.699951171875,2892.39990234375,0
1996-03-05,2856.699951171875,2880.39990234375,2845.60009765625,2879.699951171875,0
1996-03-06,2820.39990234375,2856.699951171875,2812.5,2856.699951171875,0
1996-03-07,2826.5,2832.300048828125,2799.60009765625,2819.39990234375,0
1996-03-08,2736.39990234375,2825.699951171875,2733.89990234375,2825.699951171875,0
1996-03-11,2778.0,2778.0,2731.10009765625,2736.39990234375,0
1996-03-12,2819.89990234375,2827.89990234375,2767.10009765625,2778.39990234375,0
1996-03-13,2864.89990234375,2876.89990234375,2819.89990234375,2819.89990234375,0
1996-03-14,2853.5,2887.5,2844.89990234375,2864.89990234375,0
1996-03-15,2844.10009765625,2853.5,2828.10009765625,2853.5,0
1996-03-18,2874.300048828125,2874.5,2838.60009765625,2843.89990234375,0
1996-03-19,3003.800048828125,3003.800048828125,2878.39990234375,2878.39990234375,0
1996-03-20,3004.39990234375,3035.39990234375,2983.5,3003.89990234375,0
1996-03-22,3046.800048828125,3064.300048828125,2999.300048828125,3002.199951171875,0
1996-03-25,3068.0,3068.0,3010.699951171875,3046.800048828125,0
1996-03-26,3094.60009765625,3126.39990234375,3054.60009765625,3067.800048828125,0
1996-03-27,3061.800048828125,3095.60009765625,3033.300048828125,3094.60009765625,0
1996-03-28,3080.39990234375,3083.39990234375,3042.800048828125,3061.800048828125,0
1996-03-29,3072.39990234375,3086.10009765625,3065.699951171875,3080.39990234375,0
1996-04-01,3113.300048828125,3114.10009765625,3072.300048828125,3074.39990234375,0
1996-04-02,3077.5,3117.699951171875,3074.199951171875,3113.300048828125,0
1996-04-03,3086.39990234375,3098.199951171875,3074.699951171875,3077.5,0
1996-04-08,3021.0,3090.10009765625,3019.199951171875,3090.10009765625,0
1996-04-09,3009.5,3033.5,3006.39990234375,3022.0,0
1996-04-10,3044.60009765625,3068.199951171875,3008.699951171875,3009.5,0
1996-04-11,3044.0,3069.5,3032.699951171875,3044.60009765625,0
1996-04-12,3174.89990234375,3176.10009765625,3044.0,3044.0,0
1996-04-15,3204.699951171875,3227.89990234375,3159.699951171875,3174.89990234375,0
1996-04-16,3200.89990234375,3208.89990234375,3174.699951171875,3205.0,0
1996-04-17,3234.60009765625,3269.39990234375,3201.800048828125,3201.800048828125,0
1996-04-18,3273.5,3296.800048828125,3220.0,3234.60009765625,0
1996-04-19,3284.5,3330.39990234375,3254.199951171875,3274.89990234375,0
1996-04-22,3251.199951171875,3300.0,3219.800048828125,3284.5,0
1996-04-23,3217.89990234375,3251.199951171875,3201.800048828125,3251.199951171875,0
1996-04-24,3252.300048828125,3253.39990234375,3195.0,3217.699951171875,0
1996-04-25,3239.0,3253.0,3217.10009765625,3252.89990234375,0
1996-04-26,3217.0,3264.10009765625,3211.199951171875,3244.5,0
1996-04-29,3200.0,3221.699951171875,3187.0,3217.0,0
1996-04-30,3187.199951171875,3215.199951171875,3175.60009765625,3200.10009765625,0
1996-05-02,3162.5,3217.5,3153.5,3187.60009765625,0
1996-05-03,3146.0,3166.89990234375,3135.5,3162.5,0
1996-05-06,3152.699951171875,3152.89990234375,3118.10009765625,3145.89990234375,0
1996-05-07,3168.199951171875,3176.5,3145.89990234375,3149.39990234375,0
1996-05-08,3194.39990234375,3201.5,3159.199951171875,3168.199951171875,0
1996-05-09,3182.0,3220.60009765625,3180.39990234375,3195.800048828125,0
1996-05-10,3216.10009765625,3223.800048828125,3182.10009765625,3182.10009765625,0
1996-05-13,3250.800048828125,3251.800048828125,3217.199951171875,3217.199951171875,0
1996-05-14,3250.300048828125,3270.0,3233.5,3250.800048828125,0
1996-05-15,3232.10009765625,3253.199951171875,3214.39990234375,3250.5,0
1996-05-16,3225.89990234375,3232.39990234375,3208.5,3232.39990234375,0
1996-05-17,3259.39990234375,3272.300048828125,3227.300048828125,3227.300048828125,0
1996-05-20,3316.199951171875,3316.699951171875,3259.39990234375,3259.39990234375,0
1996-05-21,3342.699951171875,3371.60009765625,3316.10009765625,3316.199951171875,0
1996-05-22,3352.89990234375,3354.10009765625,3320.0,3342.699951171875,0
1996-05-23,3316.0,3372.5,3308.60009765625,3352.89990234375,0
1996-05-24,3313.199951171875,3316.0,3277.300048828125,3316.0,0
1996-05-27,3321.199951171875,3323.199951171875,3310.300048828125,3313.10009765625,0
1996-05-28,3314.300048828125,3338.300048828125,3313.10009765625,3327.5,0
1996-05-29,3278.5,3316.300048828125,3277.300048828125,3316.300048828125,0
1996-05-30,3260.89990234375,3279.5,3235.300048828125,3279.5,0
1996-05-31,3205.5,3261.199951171875,3203.10009765625,3261.0,0
1996-06-03,3191.800048828125,3213.89990234375,3170.10009765625,3205.5,0
1996-06-04,3228.300048828125,3239.39990234375,3191.89990234375,3191.89990234375,0
1996-06-05,3257.199951171875,3257.199951171875,3226.199951171875,3228.39990234375,0
1996-06-06,3271.89990234375,3283.800048828125,3255.5,3260.5,0
1996-06-07,3262.0,3271.89990234375,3232.5,3271.89990234375,0
1996-06-10,3242.300048828125,3268.60009765625,3237.60009765625,3262.199951171875,0
1996-06-11,3227.300048828125,3244.300048828125,3220.0,3242.300048828125,0
1996-06-12,3216.300048828125,3233.39990234375,3211.699951171875,3227.0,0
1996-06-13,3183.800048828125,3217.5,3164.39990234375,3216.0,0
1996-06-14,3174.89990234375,3186.300048828125,3170.699951171875,3183.800048828125,0
1996-06-17,3190.699951171875,3194.5,3168.60009765625,3172.699951171875,0
1996-06-18,3202.199951171875,3235.89990234375,3189.800048828125,3191.5,0
1996-06-19,3210.800048828125,3210.800048828125,3190.199951171875,3202.300048828125,0
1996-06-20,3181.0,3216.89990234375,3174.0,3210.800048828125,0
1996-06-21,3136.10009765625,3182.10009765625,3127.89990234375,3181.0,0
1996-06-24,3132.199951171875,3136.10009765625,3092.699951171875,3136.10009765625,0
1996-06-25,3160.0,3179.89990234375,3132.89990234375,3132.89990234375,0
1996-06-26,3177.89990234375,3195.0,3159.60009765625,3161.10009765625,0
1996-06-27,3183.60009765625,3202.10009765625,3179.300048828125,3179.300048828125,0
1996-06-28,3210.800048828125,3219.199951171875,3183.800048828125,3183.800048828125,0
1996-07-01,3177.699951171875,3210.699951171875,3166.699951171875,3210.699951171875,0
1996-07-02,3198.89990234375,3199.5,3173.0,3177.699951171875,0
1996-07-03,3181.800048828125,3198.199951171875,3181.60009765625,3197.60009765625,0
1996-07-04,3174.89990234375,3181.800048828125,3166.699951171875,3181.800048828125,0
1996-07-05,3105.89990234375,3174.60009765625,3098.89990234375,3174.60009765625,0
1996-07-08,3034.89990234375,3105.89990234375,3025.5,3105.89990234375,0
1996-07-09,3085.699951171875,3086.199951171875,3034.199951171875,3034.89990234375,0
1996-07-10,3087.5,3113.300048828125,3076.5,3085.699951171875,0
1996-07-11,3056.300048828125,3088.60009765625,3036.5,3087.699951171875,0
1996-07-12,3010.0,3055.39990234375,2996.10009765625,3055.199951171875,0
1996-07-15,2916.60009765625,3009.10009765625,2913.10009765625,3009.10009765625,0
1996-07-16,2944.39990234375,2944.39990234375,2808.89990234375,2916.60009765625,0
1996-07-17,2990.300048828125,2992.800048828125,2934.199951171875,2944.5,0
1996-07-18,3064.199951171875,3064.199951171875,2983.10009765625,2990.10009765625,0
1996-07-19,3060.10009765625,3070.89990234375,3049.39990234375,3064.300048828125,0
1996-07-22,3014.89990234375,3061.39990234375,3014.10009765625,3061.39990234375,0
1996-07-23,3003.10009765625,3031.5,2983.10009765625,3015.0,0
1996-07-24,2943.0,3002.0,2930.39990234375,3002.0,0
1996-07-25,2938.0,2957.0,2912.5,2943.699951171875,0
1996-07-26,2990.89990234375,3012.39990234375,2938.0,2938.0,0
1996-07-29,2969.89990234375,2992.199951171875,2962.800048828125,2991.199951171875,0
1996-07-30,2986.89990234375,2988.199951171875,2959.5,2970.300048828125,0
1996-07-31,3007.199951171875,3018.800048828125,2985.89990234375,2987.300048828125,0
1996-08-01,3118.39990234375,3119.60009765625,3007.0,3007.199951171875,0
1996-08-02,3188.199951171875,3188.199951171875,3114.800048828125,3114.800048828125,0
1996-08-05,3177.89990234375,3201.199951171875,3167.699951171875,3185.800048828125,0
1996-08-06,3206.800048828125,3210.60009765625,3167.0,3177.89990234375,0
1996-08-07,3189.0,3235.39990234375,3186.699951171875,3207.0,0
1996-08-08,3185.39990234375,3186.699951171875,3170.89990234375,3186.699951171875,0
1996-08-09,3219.0,3238.300048828125,3185.5,3185.5,0
1996-08-12,3256.0,3259.300048828125,3214.10009765625,3219.0,0
1996-08-13,3235.699951171875,3257.800048828125,3226.0,3255.800048828125,0
1996-08-14,3265.199951171875,3265.5,3218.199951171875,3235.699951171875,0
1996-08-15,3311.699951171875,3311.699951171875,3252.0,3265.199951171875,0
1996-08-16,3361.39990234375,3366.800048828125,3310.60009765625,3311.699951171875,0
1996-08-19,3324.699951171875,3379.300048828125,3322.89990234375,3361.39990234375,0
1996-08-20,3401.800048828125,3401.800048828125,3323.89990234375,3324.5,0
1996-08-21,3412.39990234375,3432.10009765625,3402.0,3402.0,0
1996-08-22,3389.300048828125,3428.39990234375,3376.199951171875,3412.39990234375,0
1996-08-23,3364.39990234375,3389.300048828125,3332.5,3389.300048828125,0
1996-08-26,3357.199951171875,3365.5,3349.89990234375,3363.199951171875,0
1996-08-27,3433.800048828125,3434.10009765625,3357.199951171875,3357.199951171875,0
1996-08-28,3410.800048828125,3454.300048828125,3399.10009765625,3433.800048828125,0
1996-08-29,3334.89990234375,3410.5,3318.89990234375,3410.5,0
1996-08-30,3305.5,3335.89990234375,3268.0,3335.300048828125,0
1996-09-02,3309.60009765625,3311.89990234375,3298.800048828125,3305.5,0
1996-09-03,3267.0,3306.0,3259.800048828125,3306.0,0
1996-09-04,3330.0,3330.39990234375,3265.39990234375,3266.699951171875,0
1996-09-05,3306.699951171875,3364.300048828125,3303.800048828125,3330.0,0
1996-09-06,3340.89990234375,3352.60009765625,3309.39990234375,3309.39990234375,0
1996-09-09,3341.199951171875,3345.300048828125,3331.300048828125,3340.89990234375,0
1996-09-10,3309.300048828125,3347.89990234375,3308.60009765625,3341.199951171875,0
1996-09-11,3303.0,3324.800048828125,3298.5,3309.300048828125,0
1996-09-12,3319.0,3326.300048828125,3303.0,3303.0,0
1996-09-13,3311.699951171875,3348.5,3305.699951171875,3319.699951171875,0
1996-09-17,3353.800048828125,3353.89990234375,3318.10009765625,3322.60009765625,0
1996-09-18,3369.0,3380.60009765625,3346.89990234375,3353.800048828125,0
1996-09-19,3348.39990234375,3376.89990234375,3347.39990234375,3369.300048828125,0
1996-09-20,3318.199951171875,3351.5,3316.199951171875,3350.10009765625,0
1996-09-23,3300.39990234375,3318.199951171875,3289.89990234375,3318.199951171875,0
1996-09-24,3293.60009765625,3331.800048828125,3291.89990234375,3300.39990234375,0
1996-09-25,3274.5,3302.89990234375,3269.699951171875,3293.60009765625,0
1996-09-26,3239.5,3278.0,3213.60009765625,3274.5,0
1996-09-27,3236.800048828125,3241.199951171875,3203.199951171875,3241.199951171875,0
1996-09-30,3236.300048828125,3241.5,3229.699951171875,3236.800048828125,0
1996-10-01,3286.5,3286.5,3229.89990234375,3236.300048828125,0
1996-10-02,3358.300048828125,3358.300048828125,3286.60009765625,3286.60009765625,0
1996-10-03,3373.39990234375,3391.5,3346.60009765625,3358.300048828125,0
1996-10-04,3376.10009765625,3396.699951171875,3370.5,3376.39990234375,0
1996-10-07,3345.5,3380.800048828125,3339.199951171875,3375.89990234375,0
1996-10-08,3340.10009765625,3346.60009765625,3321.199951171875,3343.5,0
1996-10-09,3372.800048828125,3373.10009765625,3333.10009765625,3340.199951171875,0
1996-10-10,3365.39990234375,3392.60009765625,3360.199951171875,3373.0,0
1996-10-11,3335.199951171875,3377.39990234375,3328.300048828125,3365.39990234375,0
1996-10-14,3287.39990234375,3335.699951171875,3279.800048828125,3335.300048828125,0
1996-10-15,3251.199951171875,3288.10009765625,3243.300048828125,3287.39990234375,0
1996-10-16,3263.0,3274.199951171875,3212.10009765625,3240.89990234375,0
1996-10-17,3288.5,3298.60009765625,3263.0,3263.0,0
1996-10-18,3319.60009765625,3325.5,3277.60009765625,3288.5,0
1996-10-21,3286.0,3327.0,3274.0,3320.699951171875,0
1996-10-22,3247.800048828125,3289.0,3232.300048828125,3286.0,0
1996-10-23,3264.5,3274.10009765625,3220.60009765625,3247.89990234375,0
1996-10-24,3279.199951171875,3279.60009765625,3262.0,3264.39990234375,0
1996-10-25,3233.300048828125,3279.10009765625,3223.89990234375,3279.10009765625,0
1996-10-28,3216.5,3243.10009765625,3208.800048828125,3233.300048828125,0
1996-10-29,3199.10009765625,3217.89990234375,3179.800048828125,3217.300048828125,0
1996-10-30,3162.5,3200.10009765625,3155.199951171875,3199.10009765625,0
1996-10-31,3213.300048828125,3215.60009765625,3134.699951171875,3162.300048828125,0
1996-11-01,3255.800048828125,3271.5,3212.800048828125,3213.300048828125,0
1996-11-04,3247.699951171875,3256.800048828125,3229.5,3255.800048828125,0
1996-11-05,3286.0,3287.10009765625,3247.699951171875,3247.699951171875,0
1996-11-06,3290.39990234375,3293.699951171875,3273.699951171875,3286.199951171875,0
1996-11-07,3293.199951171875,3297.0,3264.0,3289.199951171875,0
1996-11-08,3347.699951171875,3347.699951171875,3285.39990234375,3293.10009765625,0
1996-11-11,3369.699951171875,3385.39990234375,3347.10009765625,3349.800048828125,0
1996-11-12,3374.39990234375,3375.39990234375,3353.800048828125,3369.60009765625,0
1996-11-13,3401.0,3412.39990234375,3362.5,3375.10009765625,0
1996-11-14,3392.199951171875,3423.800048828125,3378.60009765625,3401.0,0
1996-11-15,3385.10009765625,3392.39990234375,3366.39990234375,3392.39990234375,0
1996-11-18,3366.199951171875,3392.10009765625,3351.89990234375,3392.10009765625,0
1996-11-19,3358.199951171875,3365.89990234375,3353.199951171875,3364.199951171875,0
1996-11-21,3320.0,3358.39990234375,3308.699951171875,3358.199951171875,0
1996-11-22,3288.300048828125,3318.800048828125,3280.89990234375,3318.800048828125,0
1996-11-25,3246.699951171875,3288.300048828125,3242.89990234375,3288.300048828125,0
1996-11-26,3271.5,3292.199951171875,3246.60009765625,3246.60009765625,0
1996-11-27,3268.800048828125,3283.800048828125,3263.39990234375,3271.5,0
1996-11-28,3273.10009765625,3273.10009765625,3262.199951171875,3269.199951171875,0
1996-11-29,3277.39990234375,3286.10009765625,3273.10009765625,3273.10009765625,0
1996-12-02,3311.10009765625,3327.39990234375,3286.199951171875,3292.300048828125,0
1996-12-03,3396.39990234375,3404.0,3311.39990234375,3311.39990234375,0
1996-12-04,3390.5,3421.199951171875,3380.39990234375,3396.39990234375,0
1996-12-05,3376.60009765625,3390.5,3365.699951171875,3390.5,0
1996-12-06,3333.10009765625,3374.89990234375,3325.800048828125,3374.89990234375,0
1996-12-09,3335.10009765625,3364.39990234375,3322.39990234375,3332.89990234375,0
1996-12-10,3307.10009765625,3338.199951171875,3300.5,3335.10009765625,0
1996-12-11,3241.800048828125,3307.10009765625,3235.0,3307.10009765625,0
1996-12-13,3205.199951171875,3241.800048828125,3193.89990234375,3241.800048828125,0
1996-12-16,3175.10009765625,3206.199951171875,3166.699951171875,3205.199951171875,0
1996-12-17,3254.0,3257.0,3169.800048828125,3174.5,0
1996-12-18,3273.199951171875,3289.0,3252.300048828125,3254.0,0
1996-12-19,3330.10009765625,3330.10009765625,3273.199951171875,3273.199951171875,0
1996-12-20,3311.39990234375,3350.300048828125,3310.699951171875,3330.10009765625,0
1996-12-23,3299.199951171875,3313.5,3295.60009765625,3311.39990234375,0
1996-12-24,3298.5,3299.199951171875,3286.800048828125,3299.199951171875,0
1996-12-26,3310.89990234375,3310.89990234375,3290.60009765625,3298.5,0
1996-12-27,3327.199951171875,3333.800048828125,3310.800048828125,3310.89990234375,0
1996-12-30,3347.0,3347.0,3327.0,3327.0,0
1996-12-31,3361.0,3361.0,3329.39990234375,3347.5,0
1997-01-02,3359.5,3361.0,3335.5,3361.0,0
1997-01-03,3397.0,3404.89990234375,3357.60009765625,3359.5,0
1997-01-06,3492.199951171875,3501.89990234375,3397.0,3397.0,0
1997-01-07,3516.10009765625,3524.89990234375,3490.60009765625,3492.199951171875,0
1997-01-08,3558.0,3558.300048828125,3516.5,3516.5,0
1997-01-09,3578.300048828125,3579.10009765625,3529.199951171875,3558.0,0
1997-01-10,3596.10009765625,3598.89990234375,3545.800048828125,3577.10009765625,0
1997-01-13,3561.60009765625,3597.39990234375,3557.5,3594.10009765625,0
1997-01-14,3631.39990234375,3634.199951171875,3561.800048828125,3561.800048828125,0
1997-01-15,3728.0,3728.199951171875,3631.60009765625,3631.60009765625,0
1997-01-16,3701.800048828125,3753.199951171875,3692.0,3728.0,0
1997-01-17,3733.199951171875,3753.5,3700.699951171875,3701.800048828125,0
1997-01-20,3739.60009765625,3740.300048828125,3708.800048828125,3733.199951171875,0
1997-01-21,3717.300048828125,3758.300048828125,3709.10009765625,3739.60009765625,0
1997-01-22,3708.0,3718.39990234375,3689.0,3717.5,0
1997-01-23,3695.199951171875,3763.800048828125,3690.199951171875,3708.0,0
1997-01-24,3680.60009765625,3695.0,3663.300048828125,3695.0,0
1997-01-27,3685.199951171875,3685.199951171875,3666.10009765625,3680.60009765625,0
1997-01-28,3676.800048828125,3716.199951171875,3667.5,3685.39990234375,0
1997-01-29,3631.60009765625,3673.300048828125,3627.39990234375,3672.89990234375,0
1997-01-30,3672.89990234375,3679.89990234375,3631.300048828125,3631.60009765625,0
1997-01-31,3647.10009765625,3691.39990234375,3634.89990234375,3672.89990234375,0
1997-02-03,3636.5,3647.199951171875,3615.5,3647.199951171875,0
1997-02-04,3653.0,3653.0,3610.89990234375,3636.5,0
1997-02-06,3654.699951171875,3662.699951171875,3632.0,3652.699951171875,0
1997-02-07,3654.300048828125,3669.699951171875,3646.300048828125,3655.5,0
1997-02-10,3679.10009765625,3688.199951171875,3639.39990234375,3654.300048828125,0
1997-02-11,3750.0,3754.39990234375,3660.10009765625,3664.699951171875,0
1997-02-12,3802.60009765625,3818.5,3750.300048828125,3750.300048828125,0
1997-02-13,3778.5,3832.199951171875,3765.300048828125,3806.5,0
1997-02-14,3826.800048828125,3829.300048828125,3772.89990234375,3778.5,0
1997-02-17,3850.39990234375,3851.300048828125,3819.699951171875,3823.300048828125,0
1997-02-18,3842.699951171875,3866.199951171875,3835.60009765625,3850.39990234375,0
1997-02-19,3875.0,3912.699951171875,3845.199951171875,3845.199951171875,0
1997-02-20,3839.699951171875,3876.699951171875,3839.300048828125,3875.0,0
1997-02-21,3880.0,3880.0,3835.300048828125,3839.699951171875,0
1997-02-24,3889.800048828125,3908.5,3874.0,3880.0,0
1997-02-25,3938.699951171875,3960.10009765625,3890.10009765625,3890.10009765625,0
1997-02-26,3890.199951171875,3957.89990234375,3867.39990234375,3939.0,0
1997-02-27,3851.89990234375,3892.199951171875,3835.39990234375,3890.39990234375,0
1997-02-28,3841.0,3865.5,3814.199951171875,3851.89990234375,0
1997-03-03,3795.89990234375,3840.89990234375,3774.0,3840.89990234375,0
1997-03-04,3755.699951171875,3825.0,3746.10009765625,3795.89990234375,0
1997-03-05,3762.5,3776.300048828125,3743.800048828125,3756.800048828125,0
1997-03-06,3807.0,3808.10009765625,3763.699951171875,3763.699951171875,0
1997-03-07,3809.800048828125,3848.10009765625,3787.39990234375,3807.199951171875,0
1997-03-10,3844.800048828125,3847.39990234375,3805.199951171875,3809.800048828125,0
1997-03-11,3804.10009765625,3850.39990234375,3800.60009765625,3844.89990234375,0
1997-03-12,3758.10009765625,3804.10009765625,3747.800048828125,3804.10009765625,0
1997-03-13,3745.39990234375,3758.10009765625,3727.39990234375,3758.10009765625,0
1997-03-14,3775.699951171875,3776.300048828125,3745.39990234375,3745.39990234375,0
1997-03-17,3760.60009765625,3775.699951171875,3736.0,3775.699951171875,0
1997-03-18,3797.10009765625,3797.10009765625,3756.60009765625,3760.60009765625,0
1997-03-19,3867.199951171875,3867.199951171875,3793.0,3797.10009765625,0
1997-03-20,3809.89990234375,3869.5,3807.89990234375,3867.39990234375,0
1997-03-24,3828.0,3829.89990234375,3786.699951171875,3809.89990234375,0
1997-03-25,3837.5,3860.89990234375,3826.5,3828.0,0
1997-03-26,3842.89990234375,3842.89990234375,3819.199951171875,3837.5,0
1997-03-31,3748.0,3843.89990234375,3731.0,3842.89990234375,0
1997-04-01,3714.300048828125,3748.0,3684.300048828125,3748.0,0
1997-04-02,3716.199951171875,3717.800048828125,3688.0,3714.300048828125,0
1997-04-03,3741.300048828125,3752.89990234375,3717.0,3717.199951171875,0
1997-04-04,3752.5,3768.89990234375,3734.10009765625,3741.300048828125,0
1997-04-07,3792.800048828125,3793.39990234375,3752.199951171875,3752.5,0
1997-04-08,3784.300048828125,3792.800048828125,3764.60009765625,3792.800048828125,0
1997-04-09,3797.300048828125,3810.0,3784.699951171875,3784.699951171875,0
1997-04-10,3821.800048828125,3821.89990234375,3764.800048828125,3797.300048828125,0
1997-04-11,3764.5,3821.800048828125,3751.60009765625,3821.800048828125,0
1997-04-14,3798.699951171875,3798.699951171875,3707.0,3764.5,0
1997-04-15,3805.10009765625,3807.5,3774.10009765625,3805.800048828125,0
1997-04-16,3834.60009765625,3871.699951171875,3795.5,3805.10009765625,0
1997-04-17,3798.39990234375,3851.199951171875,3792.10009765625,3834.60009765625,0
1997-04-18,3788.39990234375,3807.5,3783.5,3798.39990234375,0
1997-04-21,3758.5,3788.39990234375,3751.0,3788.39990234375,0
1997-04-22,3815.5,3815.5,3753.199951171875,3758.5,0
1997-04-23,3827.0,3833.699951171875,3797.10009765625,3815.89990234375,0
1997-04-24,3773.699951171875,3827.0,3770.5,3827.0,0
1997-04-25,3782.60009765625,3788.10009765625,3760.10009765625,3773.699951171875,0
1997-04-28,3756.199951171875,3782.60009765625,3741.699951171875,3782.60009765625,0
1997-04-29,3757.300048828125,3777.800048828125,3744.60009765625,3756.199951171875,0
1997-04-30,3756.60009765625,3758.60009765625,3741.0,3757.199951171875,0
1997-05-02,3764.89990234375,3764.89990234375,3737.300048828125,3756.60009765625,0
1997-05-06,3798.199951171875,3805.0,3764.89990234375,3764.89990234375,0
1997-05-07,3774.0,3798.199951171875,3772.199951171875,3798.199951171875,0
1997-05-08,3821.89990234375,3823.10009765625,3772.39990234375,3774.0,0
1997-05-09,3873.39990234375,3873.60009765625,3823.10009765625,3823.10009765625,0
1997-05-12,3930.10009765625,3931.199951171875,3867.300048828125,3873.300048828125,0
1997-05-13,3930.699951171875,3954.0,3912.300048828125,3930.10009765625,0
1997-05-14,3894.199951171875,3945.800048828125,3879.699951171875,3930.699951171875,0
1997-05-15,3887.199951171875,3902.39990234375,3870.10009765625,3894.199951171875,0
1997-05-16,3890.39990234375,3901.5,3882.699951171875,3887.199951171875,0
1997-05-19,3921.39990234375,3921.800048828125,3886.300048828125,3889.39990234375,0
1997-05-20,3952.60009765625,3957.10009765625,3915.60009765625,3921.39990234375,0
1997-05-21,3974.39990234375,3984.300048828125,3952.60009765625,3952.60009765625,0
1997-05-22,3999.5,4001.800048828125,3973.0,3974.39990234375,0
1997-05-23,3988.300048828125,4014.0,3980.10009765625,3999.5,0
1997-05-26,3985.0,3995.800048828125,3977.39990234375,3988.39990234375,0
1997-05-27,3960.89990234375,3985.10009765625,3956.60009765625,3985.0,0
1997-05-28,3906.300048828125,3960.800048828125,3895.800048828125,3960.800048828125,0
1997-05-29,3936.10009765625,3940.0,3903.89990234375,3906.300048828125,0
1997-05-30,3968.800048828125,3970.89990234375,3927.0,3937.0,0
1997-06-02,4002.800048828125,4006.300048828125,3964.60009765625,3968.800048828125,0
1997-06-03,4060.10009765625,4071.89990234375,4004.39990234375,4004.39990234375,0
1997-06-04,4121.60009765625,4122.10009765625,4059.5,4060.10009765625,0
1997-06-05,4119.5,4136.7998046875,4101.0,4121.60009765625,0
1997-06-06,4160.89990234375,4160.89990234375,4117.39990234375,4119.5,0
1997-06-09,4126.2998046875,4164.2001953125,4116.39990234375,4160.89990234375,0
1997-06-10,4142.89990234375,4144.0,4118.89990234375,4126.2998046875,0
1997-06-11,4194.39990234375,4197.39990234375,4134.7001953125,4142.2998046875,0
1997-06-12,4240.0,4243.10009765625,4198.10009765625,4198.10009765625,0
1997-06-13,4244.60009765625,4291.10009765625,4238.60009765625,4238.60009765625,0
1997-06-16,4259.7998046875,4260.10009765625,4232.7001953125,4244.60009765625,0
1997-06-17,4276.7998046875,4287.39990234375,4239.39990234375,4259.7998046875,0
1997-06-18,4281.5,4282.5,4257.39990234375,4276.7998046875,0
1997-06-19,4353.7001953125,4354.0,4282.10009765625,4282.10009765625,0
1997-06-20,4439.10009765625,4474.0,4353.7001953125,4353.7001953125,0
1997-06-23,4436.7998046875,4444.5,4415.10009765625,4439.10009765625,0
1997-06-24,4403.5,4454.7998046875,4397.2998046875,4436.7998046875,0
1997-06-25,4397.7998046875,4415.0,4375.10009765625,4404.89990234375,0
1997-06-26,4465.0,4465.89990234375,4396.5,4397.7998046875,0
1997-06-27,4481.10009765625,4505.39990234375,4464.89990234375,4465.0,0
1997-06-30,4458.0,4482.10009765625,4416.10009765625,4481.10009765625,0
1997-07-01,4508.7998046875,4515.10009765625,4453.0,4458.0,0
1997-07-02,4559.2001953125,4579.0,4508.60009765625,4508.7998046875,0
1997-07-03,4591.60009765625,4622.39990234375,4559.5,4559.5,0
1997-07-04,4644.60009765625,4644.7001953125,4579.10009765625,4591.60009765625,0
1997-07-07,4741.2001953125,4741.39990234375,4641.5,4644.60009765625,0
1997-07-08,4821.10009765625,4859.2001953125,4736.0,4741.39990234375,0
1997-07-09,4836.5,4869.10009765625,4768.7001953125,4821.10009765625,0
1997-07-10,4862.39990234375,4880.7998046875,4794.0,4836.5,0
1997-07-11,4821.60009765625,4871.10009765625,4809.5,4862.39990234375,0
1997-07-14,4777.10009765625,4824.0,4773.60009765625,4821.60009765625,0
1997-07-15,4694.39990234375,4777.10009765625,4656.39990234375,4777.10009765625,0
1997-07-16,4787.39990234375,4791.2001953125,4694.39990234375,4694.39990234375,0
1997-07-17,4816.39990234375,4878.60009765625,4787.39990234375,4787.39990234375,0
1997-07-18,4720.5,4814.89990234375,4712.2998046875,4814.89990234375,0
1997-07-21,4590.2001953125,4720.60009765625,4567.60009765625,4720.60009765625,0
1997-07-22,4652.2001953125,4670.89990234375,4587.2998046875,4589.2001953125,0
1997-07-23,4742.10009765625,4742.10009765625,4651.7001953125,4652.2001953125,0
1997-07-24,4762.7001953125,4807.60009765625,4745.2998046875,4745.2998046875,0
1997-07-25,4722.39990234375,4832.10009765625,4715.7001953125,4765.2001953125,0
1997-07-28,4712.2001953125,4755.89990234375,4702.2001953125,4722.39990234375,0
1997-07-29,4797.5,4799.7998046875,4707.60009765625,4712.2001953125,0
1997-07-30,4974.2001953125,4974.60009765625,4797.5,4797.5,0
1997-07-31,5067.7998046875,5127.7001953125,4979.2998046875,4979.2998046875,0
1997-08-01,5067.0,5073.2001953125,4981.89990234375,5058.39990234375,0
1997-08-04,5135.2001953125,5135.2001953125,5023.2001953125,5067.0,0
1997-08-05,5183.0,5183.0,5135.39990234375,5135.39990234375,0
1997-08-06,5212.89990234375,5235.5,5161.7001953125,5183.2998046875,0
1997-08-07,5195.2998046875,5272.89990234375,5176.39990234375,5212.89990234375,0
1997-08-08,5075.10009765625,5194.2998046875,5073.60009765625,5194.2998046875,0
1997-08-11,5043.7001953125,5082.10009765625,5002.89990234375,5075.10009765625,0
1997-08-12,5002.89990234375,5086.10009765625,4999.2001953125,5043.7001953125,0
1997-08-13,5016.60009765625,5087.2998046875,4969.10009765625,5009.39990234375,0
1997-08-14,5014.60009765625,5048.89990234375,4997.7001953125,5016.60009765625,0
1997-08-15,4956.60009765625,5017.5,4952.7998046875,5014.60009765625,0
1997-08-18,4952.89990234375,4959.7001953125,4863.39990234375,4956.60009765625,0
1997-08-19,5041.5,5041.5,4952.7001953125,4952.89990234375,0
1997-08-20,5124.2001953125,5128.5,5034.7001953125,5040.89990234375,0
1997-08-21,5070.5,5126.7001953125,5060.2998046875,5124.2001953125,0
1997-08-22,5023.39990234375,5069.39990234375,4971.2998046875,5069.39990234375,0
1997-08-25,4996.2001953125,5025.7001953125,4968.10009765625,5023.5,0
1997-08-26,4916.5,4996.2001953125,4897.0,4996.2001953125,0
1997-08-27,4912.89990234375,4919.7998046875,4841.7001953125,4916.89990234375,0
1997-08-28,4789.39990234375,4912.89990234375,4779.89990234375,4912.89990234375,0
1997-08-29,4648.39990234375,4789.5,4618.0,4789.39990234375,0
1997-09-02,4780.2001953125,4801.5,4649.5,4649.5,0
1997-09-03,4888.7998046875,4901.2998046875,4781.2998046875,4781.2998046875,0
1997-09-04,4891.5,4903.5,4854.89990234375,4888.7998046875,0
1997-09-05,4927.39990234375,4945.7998046875,4888.7998046875,4891.7001953125,0
1997-09-08,4933.39990234375,4981.7001953125,4913.39990234375,4927.5,0
1997-09-09,4938.0,4940.60009765625,4917.60009765625,4933.39990234375,0
1997-09-10,4822.10009765625,4937.7001953125,4815.89990234375,4937.7001953125,0
1997-09-11,4720.60009765625,4832.7001953125,4698.7998046875,4822.10009765625,0
1997-09-12,4848.5,4853.2001953125,4720.60009765625,4720.60009765625,0
1997-09-15,4833.10009765625,4880.39990234375,4833.10009765625,4848.5,0
1997-09-17,5009.60009765625,5009.7998046875,4833.2998046875,4833.2998046875,0
1997-09-18,5074.89990234375,5104.60009765625,5014.2998046875,5014.2998046875,0
1997-09-19,5118.10009765625,5149.0,5074.5,5074.89990234375,0
1997-09-22,5278.7001953125,5278.7001953125,5117.0,5118.10009765625,0
1997-09-23,5258.5,5329.89990234375,5244.10009765625,5279.5,0
1997-09-24,5210.60009765625,5295.5,5210.2998046875,5258.5,0
1997-09-25,5228.7001953125,5242.10009765625,5173.39990234375,5210.60009765625,0
1997-09-26,5250.0,5284.0,5228.7001953125,5228.7001953125,0
1997-09-29,5269.7001953125,5273.39990234375,5238.7998046875,5250.0,0
1997-09-30,5321.5,5324.10009765625,5258.7001953125,5269.39990234375,0
1997-10-01,5354.39990234375,5371.2001953125,5320.5,5320.60009765625,0
1997-10-02,5325.5,5363.5,5315.39990234375,5355.2998046875,0
1997-10-03,5314.2001953125,5394.60009765625,5285.7998046875,5325.5,0
1997-10-06,5316.0,5353.2001953125,5301.10009765625,5314.2001953125,0
1997-10-07,5360.7001953125,5367.0,5278.60009765625,5314.7998046875,0
1997-10-08,5300.7998046875,5374.2998046875,5261.2998046875,5361.2001953125,0
1997-10-09,5257.2998046875,5300.7998046875,5220.60009765625,5300.7998046875,0
1997-10-10,5267.2998046875,5267.7998046875,5219.0,5255.39990234375,0
1997-10-13,5252.10009765625,5269.2998046875,5240.5,5267.2998046875,0
1997-10-14,5324.0,5324.60009765625,5251.89990234375,5252.10009765625,0
1997-10-15,5345.2001953125,5366.60009765625,5296.39990234375,5324.0,0
1997-10-16,5341.7998046875,5396.10009765625,5341.7998046875,5345.2001953125,0
1997-10-17,5275.60009765625,5341.7998046875,5220.2998046875,5341.7998046875,0
1997-10-20,5312.60009765625,5312.60009765625,5260.2998046875,5275.60009765625,0
1997-10-21,5369.5,5370.2998046875,5312.60009765625,5312.60009765625,0
1997-10-22,5299.2001953125,5376.0,5285.5,5369.5,0
1997-10-23,5058.7001953125,5299.2001953125,4984.7998046875,5299.2001953125,0
1997-10-24,4920.10009765625,5144.10009765625,4854.2001953125,5058.7001953125,0
1997-10-27,4263.89990234375,4920.10009765625,4254.60009765625,4920.10009765625,0
1997-10-28,4762.2998046875,4762.7001953125,3858.10009765625,4263.89990234375,0
1997-10-29,4795.0,4907.7001953125,4691.2998046875,4762.2998046875,0
1997-10-30,4629.5,4795.0,4514.0,4795.0,0
1997-10-31,4647.7998046875,4708.60009765625,4523.0,4631.7998046875,0
1997-11-03,4849.7001953125,4858.89990234375,4649.2998046875,4649.2998046875,0
1997-11-04,4853.5,4855.39990234375,4784.10009765625,4846.7998046875,0
1997-11-05,4823.7001953125,4868.39990234375,4804.2998046875,4853.5,0
1997-11-06,4780.2001953125,4823.7001953125,4756.39990234375,4823.7001953125,0
1997-11-07,4664.5,4780.2001953125,4569.39990234375,4780.2001953125,0
1997-11-10,4545.5,4693.60009765625,4514.5,4664.5,0
1997-11-11,4527.10009765625,4564.7998046875,4501.39990234375,4544.39990234375,0
1997-11-12,4334.7998046875,4527.10009765625,4306.2001953125,4527.10009765625,0
1997-11-13,4448.7998046875,4448.7998046875,4234.39990234375,4334.7998046875,0
1997-11-14,4532.7001953125,4535.2001953125,4431.2998046875,4449.60009765625,0
1997-11-17,4588.10009765625,4642.7998046875,4532.7001953125,4532.7001953125,0
1997-11-18,4595.89990234375,4609.10009765625,4524.10009765625,4588.10009765625,0
1997-11-19,4679.2001953125,4680.60009765625,4583.7998046875,4594.89990234375,0
1997-11-21,4832.2001953125,4863.60009765625,4679.2001953125,4679.2001953125,0
1997-11-24,4720.89990234375,4829.2001953125,4689.5,4829.2001953125,0
1997-11-25,4787.10009765625,4792.39990234375,4702.0,4720.89990234375,0
1997-11-26,4897.0,4897.7998046875,4786.10009765625,4787.10009765625,0
1997-11-27,4957.10009765625,4957.39990234375,4897.0,4897.0,0
1997-11-28,4974.60009765625,4974.60009765625,4924.89990234375,4957.10009765625,0
1997-12-01,5118.2001953125,5120.89990234375,4972.5,4974.60009765625,0
1997-12-02,5126.7001953125,5136.7998046875,5082.10009765625,5118.2001953125,0
1997-12-03,5127.89990234375,5140.2998046875,5088.2998046875,5126.7001953125,0
1997-12-04,5131.10009765625,5185.39990234375,5105.5,5128.2998046875,0
1997-12-05,5110.2001953125,5131.39990234375,5064.10009765625,5130.60009765625,0
1997-12-08,5110.39990234375,5122.39990234375,5105.2998046875,5110.2001953125,0
1997-12-09,5111.89990234375,5112.7998046875,5073.0,5110.7998046875,0
1997-12-10,5045.39990234375,5111.89990234375,5015.39990234375,5111.89990234375,0
1997-12-11,4953.0,5045.39990234375,4889.7998046875,5045.39990234375,0
1997-12-15,5008.10009765625,5009.10009765625,4915.0,4952.5,0
1997-12-16,5087.2998046875,5102.39990234375,5004.0,5009.0,0
1997-12-17,5112.0,5133.0,5066.5,5087.2998046875,0
1997-12-18,5040.89990234375,5119.0,5028.5,5111.7001953125,0
1997-12-19,4946.5,5040.89990234375,4862.0,5040.89990234375,0
1997-12-22,4931.60009765625,4953.2001953125,4903.89990234375,4946.5,0
1997-12-23,4925.89990234375,4935.39990234375,4891.39990234375,4931.60009765625,0
1997-12-24,4912.7001953125,4928.5,4901.39990234375,4925.89990234375,0
1997-12-26,5034.0,5035.10009765625,4945.0,4952.89990234375,0
1997-12-29,5120.60009765625,5122.60009765625,5034.0,5034.0,0
1997-12-30,5206.39990234375,5207.5,5122.2001953125,5122.2001953125,0
1997-12-31,5229.39990234375,5229.39990234375,5193.60009765625,5206.39990234375,0
1998-01-02,5204.0,5229.39990234375,5179.7001953125,5229.39990234375,0
1998-01-05,5199.60009765625,5220.7001953125,5152.2998046875,5204.0,0
1998-01-06,5033.39990234375,5199.60009765625,5024.60009765625,5199.60009765625,0
1998-01-07,4942.89990234375,5033.39990234375,4874.7001953125,5033.39990234375,0
1998-01-08,4837.2001953125,4936.39990234375,4825.5,4936.39990234375,0
1998-01-09,4547.7001953125,4837.10009765625,4530.7998046875,4837.10009765625,0
1998-01-12,4686.89990234375,4687.39990234375,4461.89990234375,4547.7001953125,0
1998-01-13,4673.60009765625,4753.2001953125,4658.39990234375,4687.5,0
1998-01-14,4650.10009765625,4716.5,4607.10009765625,4673.60009765625,0
1998-01-15,4589.10009765625,4650.10009765625,4520.2998046875,4650.10009765625,0
1998-01-16,4671.2001953125,4676.5,4591.2998046875,4591.2998046875,0
1998-01-19,4773.39990234375,4776.89990234375,4676.7001953125,4676.7001953125,0
1998-01-20,4691.7001953125,4773.39990234375,4680.2001953125,4773.39990234375,0
1998-01-21,4617.7001953125,4691.7001953125,4584.2001953125,4691.7001953125,0
1998-01-22,4549.89990234375,4608.7001953125,4516.39990234375,4608.7001953125,0
1998-01-23,4542.89990234375,4571.5,4482.2998046875,4549.89990234375,0
1998-01-26,4526.60009765625,4549.2998046875,4509.10009765625,4542.89990234375,0
1998-01-27,4583.5,4594.2001953125,4514.7998046875,4526.60009765625,0
1998-01-28,4546.2998046875,4632.2001953125,4525.2998046875,4584.7001953125,0
1998-01-29,4477.60009765625,4546.10009765625,4466.7998046875,4545.7998046875,0
1998-01-30,4569.39990234375,4577.10009765625,4472.2998046875,4481.5,0
1998-02-02,4673.10009765625,4673.10009765625,4569.39990234375,4569.39990234375,0
1998-02-03,4765.39990234375,4765.39990234375,4658.5,4673.10009765625,0
1998-02-04,4787.39990234375,4825.89990234375,4724.7001953125,4765.39990234375,0
1998-02-06,4751.5,4830.2998046875,4750.2998046875,4787.39990234375,0
1998-02-09,4697.5,4756.0,4689.39990234375,4751.5,0
1998-02-10,4722.0,4727.5,4687.10009765625,4697.5,0
1998-02-11,4729.2998046875,4736.2998046875,4689.2998046875,4722.0,0
1998-02-12,4682.60009765625,4728.7998046875,4650.39990234375,4728.7998046875,0
1998-02-13,4615.7998046875,4682.60009765625,4606.39990234375,4682.60009765625,0
1998-02-16,4588.0,4611.89990234375,4576.39990234375,4611.7001953125,0
1998-02-17,4513.89990234375,4617.5,4489.5,4594.10009765625,0
1998-02-18,4550.2001953125,4550.2001953125,4447.60009765625,4513.89990234375,0
1998-02-19,4606.60009765625,4622.60009765625,4537.0,4548.89990234375,0
1998-02-20,4597.7001953125,4619.7001953125,4567.89990234375,4606.60009765625,0
1998-02-23,4561.0,4609.2001953125,4558.2998046875,4597.7001953125,0
1998-02-24,4599.0,4623.10009765625,4535.5,4561.0,0
1998-02-25,4740.2001953125,4741.89990234375,4599.0,4599.0,0
1998-02-26,4775.0,4806.0,4740.2001953125,4740.2001953125,0
1998-02-27,4784.5,4799.7001953125,4751.7998046875,4775.0,0
1998-03-02,4850.7001953125,4857.5,4784.5,4784.5,0
1998-03-03,4841.2998046875,4882.10009765625,4830.7998046875,4850.7001953125,0
1998-03-04,4804.10009765625,4843.60009765625,4776.0,4841.2998046875,0
1998-03-05,4757.0,4804.0,4746.10009765625,4804.0,0
1998-03-06,4855.7998046875,4855.7998046875,4757.7998046875,4784.39990234375,0
1998-03-09,4812.2001953125,4855.7998046875,4795.60009765625,4855.7998046875,0
1998-03-10,4710.2998046875,4818.5,4699.5,4812.39990234375,0
1998-03-11,4742.2998046875,4816.7998046875,4666.5,4710.2998046875,0
1998-03-12,4758.39990234375,4763.2001953125,4711.7001953125,4742.2001953125,0
1998-03-13,4785.39990234375,4822.2001953125,4758.39990234375,4758.39990234375,0
1998-03-16,4723.7998046875,4794.10009765625,4721.89990234375,4785.39990234375,0
1998-03-17,4784.2998046875,4785.39990234375,4690.39990234375,4725.2001953125,0
1998-03-18,4844.39990234375,4854.7998046875,4774.89990234375,4784.2998046875,0
1998-03-19,4852.2998046875,4883.39990234375,4844.39990234375,4844.39990234375,0
1998-03-20,4917.10009765625,4925.89990234375,4852.2998046875,4852.2998046875,0
1998-03-23,5042.10009765625,5052.2001953125,4917.5,4917.5,0
1998-03-24,5004.60009765625,5118.89990234375,5004.0,5041.39990234375,0
1998-03-25,4997.10009765625,5058.5,4962.2001953125,5004.7001953125,0
1998-03-26,4986.2001953125,4997.10009765625,4965.0,4997.10009765625,0
1998-03-27,5043.10009765625,5051.89990234375,4986.2001953125,4986.2001953125,0
1998-03-30,5038.5,5043.10009765625,5007.10009765625,5043.10009765625,0
1998-03-31,5016.2001953125,5065.5,4985.39990234375,5038.5,0
1998-04-01,4999.10009765625,5016.2998046875,4978.10009765625,5016.2001953125,0
1998-04-02,4984.10009765625,5001.2998046875,4979.7001953125,4999.10009765625,0
1998-04-03,4927.89990234375,4990.39990234375,4907.7001953125,4984.10009765625,0
1998-04-06,4924.60009765625,4953.60009765625,4915.2001953125,4927.89990234375,0
1998-04-07,4866.7001953125,4924.7998046875,4854.7998046875,4924.5,0
1998-04-08,4921.2001953125,4921.2001953125,4861.7998046875,4866.7001953125,0
1998-04-13,4919.10009765625,4952.2998046875,4898.89990234375,4925.2001953125,0
1998-04-14,4961.2998046875,4961.2998046875,4919.10009765625,4919.10009765625,0
1998-04-15,4991.0,4992.39990234375,4948.5,4961.2998046875,0
1998-04-16,5001.60009765625,5001.89990234375,4965.7998046875,4991.0,0
1998-04-17,5083.7001953125,5083.7001953125,4995.2998046875,5001.60009765625,0
1998-04-20,5166.39990234375,5167.89990234375,5083.2998046875,5083.7001953125,0
1998-04-21,5185.5,5238.7998046875,5166.10009765625,5166.39990234375,0
1998-04-22,5164.7001953125,5196.60009765625,5155.0,5185.5,0
1998-04-23,5151.60009765625,5204.60009765625,5144.7001953125,5165.0,0
1998-04-24,5086.2001953125,5155.89990234375,5066.60009765625,5151.60009765625,0
1998-04-27,4909.7998046875,5086.2001953125,4893.7998046875,5086.2001953125,0
1998-04-28,5035.18017578125,5036.39990234375,4909.77001953125,4909.77001953125,0
1998-04-29,5028.64990234375,5035.27978515625,4980.3701171875,5035.18017578125,0
1998-04-30,5098.52978515625,5099.6298828125,5028.64990234375,5028.64990234375,0
1998-05-04,5041.3798828125,5103.52978515625,5030.259765625,5098.52978515625,0
1998-05-06,4927.93017578125,5041.66015625,4906.06005859375,5041.14990234375,0
1998-05-07,4927.009765625,4935.72998046875,4881.02978515625,4927.93017578125,0
1998-05-08,4937.64990234375,4961.43994140625,4904.6298828125,4927.009765625,0
1998-05-11,4843.5400390625,4962.7998046875,4829.22998046875,4937.64990234375,0
1998-05-12,4812.14013671875,4843.5400390625,4749.10986328125,4843.5400390625,0
1998-05-13,4756.60009765625,4812.14013671875,4746.7001953125,4812.14013671875,0
1998-05-14,4739.18017578125,4834.72998046875,4735.8701171875,4756.2900390625,0
1998-05-15,4786.18017578125,4802.5498046875,4731.52001953125,4739.18017578125,0
1998-05-18,4646.509765625,4786.58984375,4609.56005859375,4786.18017578125,0
1998-05-19,4624.4501953125,4680.2001953125,4601.97998046875,4646.22998046875,0
1998-05-20,4607.33984375,4650.81005859375,4542.58984375,4626.8798828125,0
1998-05-21,4660.43994140625,4660.8701171875,4593.72998046875,4608.22021484375,0
1998-05-22,4648.43017578125,4681.4501953125,4616.66015625,4660.43994140625,0
1998-05-25,4612.2900390625,4648.43017578125,4605.0498046875,4648.43017578125,0
1998-05-26,4453.580078125,4612.2900390625,4448.31982421875,4612.2900390625,0
1998-05-27,4480.35986328125,4492.14013671875,4326.56005859375,4453.580078125,0
1998-05-28,4468.22021484375,4548.740234375,4453.6298828125,4486.7001953125,0
1998-05-29,4530.009765625,4530.009765625,4469.39990234375,4469.39990234375,0
1998-06-01,4413.52001953125,4527.3701171875,4399.02978515625,4527.3701171875,0
1998-06-02,4480.009765625,4488.33984375,4414.2900390625,4414.2900390625,0
1998-06-03,4455.240234375,4509.2099609375,4454.0400390625,4480.18994140625,0
1998-06-04,4592.009765625,4592.009765625,4455.7900390625,4455.85009765625,0
1998-06-05,4601.259765625,4669.22021484375,4590.60986328125,4591.83984375,0
1998-06-08,4598.08984375,4609.97998046875,4562.35986328125,4602.080078125,0
1998-06-09,4559.4501953125,4597.81982421875,4544.669921875,4597.81982421875,0
1998-06-10,4396.7998046875,4559.2998046875,4384.10986328125,4559.2998046875,0
1998-06-11,4289.31005859375,4396.58984375,4283.93994140625,4396.58984375,0
1998-06-12,4215.68017578125,4289.47998046875,4097.169921875,4289.47998046875,0
1998-06-15,4048.989990234375,4186.25,4046.590087890625,4186.25,0
1998-06-16,4125.97021484375,4146.8701171875,4049.949951171875,4049.949951171875,0
1998-06-17,4340.97998046875,4345.47998046875,4126.06982421875,4126.06982421875,0
1998-06-18,4268.72998046875,4342.8701171875,4257.330078125,4341.2998046875,0
1998-06-19,4353.740234375,4354.2001953125,4268.4599609375,4268.4599609375,0
1998-06-22,4320.35986328125,4353.06005859375,4276.9501953125,4353.06005859375,0
1998-06-23,4387.85986328125,4391.47998046875,4323.14013671875,4323.14013671875,0
1998-06-24,4378.259765625,4403.169921875,4356.89990234375,4387.169921875,0
1998-06-25,4233.919921875,4387.919921875,4215.58984375,4380.33984375,0
1998-06-26,4157.81005859375,4233.3701171875,4117.56005859375,4233.3701171875,0
1998-06-29,4184.56005859375,4194.52978515625,4159.43017578125,4159.43017578125,0
1998-06-30,4282.6201171875,4286.89990234375,4185.77978515625,4185.77978515625,0
1998-07-01,4422.08984375,4427.56005859375,4286.47021484375,4287.0,0
1998-07-02,4431.7998046875,4442.2900390625,4394.6201171875,4421.72998046875,0
1998-07-03,4483.75,4483.75,4425.27001953125,4430.39990234375,0
1998-07-06,4411.8798828125,4485.68017578125,4407.2099609375,4481.580078125,0
1998-07-07,4510.60986328125,4530.06982421875,4402.72998046875,4405.35986328125,0
1998-07-08,4573.27978515625,4592.58984375,4510.97021484375,4510.97021484375,0
1998-07-09,4532.58984375,4611.4501953125,4519.7099609375,4573.41015625,0
1998-07-10,4566.8798828125,4609.56982421875,4517.56005859375,4532.43994140625,0
1998-07-13,4625.3798828125,4665.14013671875,4567.18017578125,4567.18017578125,0
1998-07-14,4665.7900390625,4727.89990234375,4630.7900390625,4630.7900390625,0
1998-07-15,4593.77978515625,4679.169921875,4588.52978515625,4670.14013671875,0
1998-07-16,4655.419921875,4697.509765625,4594.3798828125,4594.3798828125,0
1998-07-17,4674.52978515625,4688.39990234375,4639.7900390625,4656.419921875,0
1998-07-20,4602.68994140625,4681.06005859375,4591.7099609375,4678.8798828125,0
1998-07-21,4552.740234375,4606.35986328125,4551.27978515625,4602.41015625,0
1998-07-22,4564.75,4570.080078125,4509.080078125,4552.22998046875,0
1998-07-23,4484.5,4573.35009765625,4478.56005859375,4565.68994140625,0
1998-07-24,4495.10009765625,4524.68017578125,4446.83984375,4484.759765625,0
1998-07-27,4473.0400390625,4486.39013671875,4415.080078125,4484.22021484375,0
1998-07-28,4343.97998046875,4474.7099609375,4298.7001953125,4474.7099609375,0
1998-07-29,4340.33984375,4412.3701171875,4301.41015625,4344.14990234375,0
1998-07-30,4351.3701171875,4380.0498046875,4335.990234375,4335.990234375,0
1998-07-31,4244.9599609375,4354.419921875,4242.41015625,4351.16015625,0
1998-08-03,4174.33984375,4244.18994140625,4165.2099609375,4244.18994140625,0
1998-08-04,4071.949951171875,4187.35009765625,4063.840087890625,4176.14013671875,0
1998-08-05,4055.320068359375,4099.39013671875,4007.280029296875,4072.669921875,0
1998-08-06,3981.72998046875,4047.0400390625,3977.02001953125,4047.0400390625,0
1998-08-07,3844.929931640625,4012.949951171875,3831.8798828125,3981.6298828125,0
1998-08-10,3731.489990234375,3844.929931640625,3730.4599609375,3829.77001953125,0
1998-08-11,3628.449951171875,3729.89990234375,3508.8701171875,3729.89990234375,0
1998-08-12,3561.5,3703.830078125,3518.489990234375,3629.169921875,0
1998-08-13,3580.550048828125,3631.360107421875,3548.669921875,3560.679931640625,0
1998-08-14,3583.719970703125,3672.10009765625,3573.719970703125,3581.81005859375,0
1998-08-17,3533.139892578125,3575.449951171875,3523.739990234375,3575.449951171875,0
1998-08-18,3648.840087890625,3655.8798828125,3518.489990234375,3533.860107421875,0
1998-08-19,3604.360107421875,3716.6298828125,3596.47998046875,3650.280029296875,0
1998-08-20,3498.81005859375,3603.949951171875,3482.5,3603.949951171875,0
1998-08-21,3413.14990234375,3495.550048828125,3225.22998046875,3495.550048828125,0
1998-08-24,3413.010009765625,3420.360107421875,3333.06005859375,3410.5400390625,0
1998-08-25,3368.7900390625,3471.25,3327.14990234375,3413.550048828125,0
1998-08-26,3254.43994140625,3368.169921875,3213.1298828125,3368.169921875,0
1998-08-27,3055.7099609375,3250.469970703125,3010.6298828125,3250.469970703125,0
1998-08-28,3154.139892578125,3155.81005859375,2964.64990234375,3054.989990234375,0
1998-08-31,2991.929931640625,3152.60009765625,2987.72998046875,3147.169921875,0
1998-09-02,3178.56005859375,3266.85009765625,2993.929931640625,2993.929931640625,0
1998-09-03,3102.389892578125,3174.010009765625,3088.530029296875,3172.179931640625,0
1998-09-04,3045.169921875,3121.510009765625,2968.820068359375,3102.929931640625,0
1998-09-07,3194.5400390625,3225.050048828125,3049.75,3049.75,0
1998-09-08,3237.239990234375,3263.070068359375,3140.659912109375,3194.949951171875,0
1998-09-09,3167.260009765625,3234.35009765625,3157.7099609375,3234.35009765625,0
1998-09-10,2856.10009765625,3166.639892578125,2844.719970703125,3166.639892578125,0
1998-09-11,2917.780029296875,2943.5,2859.2900390625,2859.2900390625,0
1998-09-14,3023.89990234375,3037.219970703125,2919.02001953125,2919.02001953125,0
1998-09-15,3414.679931640625,3417.93994140625,3008.429931640625,3022.9599609375,0
1998-09-17,3395.47998046875,3417.239990234375,3219.489990234375,3413.070068359375,0
1998-09-18,3475.89990234375,3497.050048828125,3377.800048828125,3395.580078125,0
1998-09-21,3494.39990234375,3506.02001953125,3369.4599609375,3406.3701171875,0
1998-09-22,3577.360107421875,3643.590087890625,3494.780029296875,3494.780029296875,0
1998-09-23,3902.18994140625,3902.18994140625,3579.429931640625,3579.429931640625,0
1998-09-24,3690.47998046875,3989.860107421875,3666.760009765625,3901.360107421875,0
1998-09-25,3703.68994140625,3710.43994140625,3541.080078125,3688.919921875,0
1998-09-28,3717.179931640625,3844.070068359375,3705.77001953125,3705.77001953125,0
1998-09-29,3679.909912109375,3736.75,3628.8701171875,3734.580078125,0
1998-09-30,3569.8798828125,3678.72998046875,3487.830078125,3678.72998046875,0
1998-10-01,3390.22998046875,3568.719970703125,3372.610107421875,3568.719970703125,0
1998-10-02,3528.64990234375,3536.97998046875,3361.18994140625,3390.469970703125,0
1998-10-05,3427.97998046875,3524.320068359375,3362.9599609375,3524.320068359375,0
1998-10-06,3434.820068359375,3533.840087890625,3415.280029296875,3428.2900390625,0
1998-10-07,3375.43994140625,3456.06005859375,3345.7900390625,3435.860107421875,0
1998-10-08,3387.4599609375,3388.5,3270.760009765625,3375.050048828125,0
1998-10-09,3444.06005859375,3452.300048828125,3354.090087890625,3387.760009765625,0
1998-10-12,3560.610107421875,3578.739990234375,3444.52001953125,3444.52001953125,0
1998-10-13,3577.239990234375,3582.60009765625,3536.2099609375,3560.39990234375,0
1998-10-14,3595.419921875,3635.179931640625,3551.360107421875,3577.030029296875,0
1998-10-15,3831.02001953125,3838.159912109375,3574.18994140625,3594.9599609375,0
1998-10-16,3831.330078125,3902.469970703125,3791.409912109375,3831.590087890625,0
1998-10-19,3812.9599609375,3888.679931640625,3808.9599609375,3829.169921875,0
1998-10-20,3820.489990234375,3886.169921875,3812.659912109375,3815.239990234375,0
1998-10-21,3850.449951171875,3850.969970703125,3737.14990234375,3795.1201171875,0
1998-10-22,4025.989990234375,4044.39990234375,3819.5,3850.56005859375,0
1998-10-23,3993.22998046875,4097.9599609375,3972.699951171875,4025.409912109375,0
1998-10-26,3994.510009765625,4026.31005859375,3975.8701171875,3993.75,0
1998-10-27,3917.4599609375,4037.169921875,3904.25,3994.820068359375,0
1998-10-28,3843.679931640625,3951.260009765625,3843.679931640625,3917.22998046875,0
1998-10-29,3907.72998046875,3907.72998046875,3788.9599609375,3842.68994140625,0
1998-10-30,4074.860107421875,4076.639892578125,3910.06005859375,3910.06005859375,0
1998-11-03,4127.85009765625,4161.22998046875,4076.300048828125,4076.300048828125,0
1998-11-04,4267.72998046875,4293.0,4128.009765625,4128.009765625,0
1998-11-05,4260.97998046875,4299.43994140625,4216.2099609375,4266.81005859375,0
1998-11-06,4286.93994140625,4288.2900390625,4244.169921875,4261.22998046875,0
1998-11-09,4201.240234375,4285.47998046875,4176.75,4285.47998046875,0
1998-11-10,4142.77001953125,4200.2001953125,4133.89990234375,4200.2001953125,0
1998-11-11,4117.68994140625,4188.68994140625,4105.080078125,4143.9599609375,0
1998-11-12,4028.699951171875,4129.580078125,4017.18994140625,4117.47998046875,0
1998-11-13,4007.6201171875,4052.719970703125,3999.550048828125,4031.2099609375,0
1998-11-16,3971.5,4030.389892578125,3961.679931640625,4008.669921875,0
1998-11-17,3954.199951171875,4015.22998046875,3938.280029296875,3971.75,0
1998-11-18,4059.239990234375,4064.679931640625,3952.7900390625,3956.449951171875,0
1998-11-19,3995.6201171875,4105.0498046875,3993.159912109375,4059.449951171875,0
1998-11-23,4131.4501953125,4131.47998046875,3995.739990234375,3995.739990234375,0
1998-11-24,4032.179931640625,4131.02978515625,4023.81005859375,4131.02978515625,0
1998-11-25,4007.919921875,4016.510009765625,3977.840087890625,4016.510009765625,0
1998-11-26,4025.659912109375,4025.949951171875,4001.89990234375,4007.72998046875,0
1998-11-27,3992.300048828125,4031.47998046875,3987.030029296875,4026.1298828125,0
1998-11-30,3769.8798828125,3993.47998046875,3762.68994140625,3992.47998046875,0
1998-12-01,3749.3798828125,3805.68994140625,3685.52001953125,3769.360107421875,0
1998-12-02,3815.389892578125,3826.68994140625,3725.139892578125,3750.6298828125,0
1998-12-03,3700.18994140625,3813.110107421875,3686.219970703125,3813.110107421875,0
1998-12-04,3759.830078125,3759.830078125,3702.280029296875,3702.489990234375,0
1998-12-07,3806.9599609375,3810.989990234375,3729.6298828125,3759.4599609375,0
1998-12-08,3779.530029296875,3860.300048828125,3778.97998046875,3807.1298828125,0
1998-12-09,3805.52001953125,3805.52001953125,3727.449951171875,3779.320068359375,0
1998-12-10,3798.8701171875,3816.22998046875,3780.510009765625,3805.889892578125,0
1998-12-11,3881.43994140625,3881.43994140625,3775.830078125,3800.1201171875,0
1998-12-14,3828.320068359375,3915.159912109375,3774.409912109375,3885.52001953125,0
1998-12-15,3753.0400390625,3822.7900390625,3735.81005859375,3813.22998046875,0
1998-12-16,3741.25,3767.820068359375,3713.1201171875,3753.6201171875,0
1998-12-17,3790.85009765625,3797.919921875,3736.110107421875,3741.81005859375,0
1998-12-18,3841.239990234375,3843.139892578125,3783.31005859375,3792.1298828125,0
1998-12-21,3909.570068359375,3909.570068359375,3841.280029296875,3841.280029296875,0
1998-12-22,3899.110107421875,3906.570068359375,3873.64990234375,3905.239990234375,0
1998-12-23,3930.2900390625,3953.260009765625,3900.260009765625,3900.260009765625,0
1998-12-24,4001.35009765625,4001.35009765625,3932.919921875,3932.919921875,0
1998-12-28,3942.669921875,4003.52001953125,3939.989990234375,4003.52001953125,0
1998-12-29,3916.800048828125,3942.469970703125,3899.409912109375,3942.469970703125,0
1998-12-30,3960.780029296875,3967.330078125,3912.85009765625,3916.429931640625,0
1998-12-31,3959.659912109375,3960.0400390625,3916.27001953125,3960.0400390625,0
1999-01-04,3835.72998046875,3960.260009765625,3832.139892578125,3959.489990234375,0
1999-01-05,3759.8701171875,3843.97998046875,3756.35009765625,3835.469970703125,0
1999-01-06,3745.14990234375,3801.699951171875,3718.469970703125,3754.27001953125,0
1999-01-07,3665.25,3742.909912109375,3664.639892578125,3742.909912109375,0
1999-01-08,3638.550048828125,3691.659912109375,3628.1201171875,3665.070068359375,0
1999-01-11,3592.199951171875,3638.2900390625,3530.449951171875,3638.2900390625,0
1999-01-12,3459.639892578125,3591.360107421875,3453.8798828125,3591.360107421875,0
1999-01-13,3300.419921875,3457.010009765625,3272.429931640625,3457.010009765625,0
1999-01-14,3356.590087890625,3359.31005859375,3267.969970703125,3300.35009765625,0
1999-01-15,3617.77001953125,3637.0400390625,3358.47998046875,3358.47998046875,0
1999-01-18,3637.77001953125,3695.110107421875,3555.8701171875,3622.590087890625,0
1999-01-19,3603.429931640625,3642.0400390625,3526.449951171875,3637.909912109375,0
1999-01-20,3775.409912109375,3783.699951171875,3605.010009765625,3605.010009765625,0
1999-01-21,3734.199951171875,3780.75,3717.389892578125,3774.1298828125,0
1999-01-22,3697.030029296875,3733.610107421875,3673.8798828125,3733.610107421875,0
1999-01-25,3707.800048828125,3707.800048828125,3657.889892578125,3697.590087890625,0
1999-01-26,3765.969970703125,3770.610107421875,3702.64990234375,3708.5400390625,0
1999-01-27,3815.35009765625,3848.590087890625,3766.010009765625,3766.010009765625,0
1999-01-28,3992.909912109375,3993.02001953125,3815.93994140625,3815.93994140625,0
1999-01-29,3957.929931640625,4040.14990234375,3957.929931640625,3993.93994140625,0
1999-02-01,4030.239990234375,4036.3798828125,3946.030029296875,3960.2099609375,0
1999-02-02,4014.580078125,4083.550048828125,4004.110107421875,4030.5400390625,0
1999-02-03,4060.56005859375,4073.219970703125,4009.830078125,4016.659912109375,0
1999-02-04,4013.550048828125,4085.27001953125,4013.280029296875,4060.610107421875,0
1999-02-08,4016.800048828125,4043.2900390625,4000.699951171875,4013.8798828125,0
1999-02-09,3946.93994140625,4016.699951171875,3941.6201171875,4016.699951171875,0
1999-02-10,3941.489990234375,3947.169921875,3911.27001953125,3947.169921875,0
1999-02-11,4107.740234375,4110.52978515625,3941.6298828125,3941.6298828125,0
1999-02-12,4101.18017578125,4120.1298828125,4067.340087890625,4106.7998046875,0
1999-02-15,4103.60009765625,4109.41015625,4088.699951171875,4102.1201171875,0
1999-02-16,4159.0400390625,4170.39990234375,4103.77978515625,4103.77978515625,0
1999-02-17,4076.340087890625,4189.10009765625,4073.570068359375,4158.2001953125,0
1999-02-18,4112.64990234375,4126.27001953125,4077.820068359375,4077.820068359375,0
1999-02-19,4200.1201171875,4210.35009765625,4109.47998046875,4110.68017578125,0
1999-02-22,4243.18017578125,4277.64990234375,4190.97021484375,4202.169921875,0
1999-02-23,4231.669921875,4262.5400390625,4228.68994140625,4244.81005859375,0
1999-02-24,4269.1201171875,4322.330078125,4231.2001953125,4231.2001953125,0
1999-02-25,4292.85986328125,4302.75,4259.5,4270.02978515625,0
1999-02-26,4260.7998046875,4310.47021484375,4245.14013671875,4292.18994140625,0
1999-03-01,4217.740234375,4261.33984375,4217.740234375,4260.330078125,0
1999-03-02,4186.64990234375,4237.9599609375,4185.6201171875,4217.830078125,0
1999-03-03,4127.3798828125,4190.169921875,4115.89013671875,4186.75,0
1999-03-04,4218.02001953125,4374.72021484375,4128.35986328125,4128.35986328125,0
1999-03-05,4327.7998046875,4330.580078125,4218.9599609375,4218.9599609375,0
1999-03-08,4460.85009765625,4461.5400390625,4326.18017578125,4328.5,0
1999-03-09,4568.10009765625,4583.7099609375,4460.52001953125,4460.75,0
1999-03-10,4728.27001953125,4730.89990234375,4568.330078125,4568.330078125,0
1999-03-11,4679.7998046875,4874.41015625,4675.33984375,4729.06982421875,0
1999-03-12,4697.72998046875,4714.43017578125,4653.64013671875,4680.2900390625,0
1999-03-15,4769.89990234375,4793.85009765625,4698.16015625,4698.33984375,0
1999-03-16,4890.39013671875,4895.2900390625,4769.3798828125,4770.52001953125,0
1999-03-17,4855.169921875,4905.39990234375,4823.7001953125,4891.16015625,0
1999-03-18,4864.7998046875,4872.580078125,4815.1298828125,4855.2099609375,0
1999-03-19,4784.330078125,4933.39990234375,4783.39013671875,4865.1298828125,0
1999-03-22,4715.2998046875,4784.240234375,4696.85986328125,4779.06982421875,0
1999-03-23,4632.06982421875,4715.02001953125,4618.77978515625,4715.02001953125,0
1999-03-24,4819.490234375,4820.009765625,4630.83984375,4631.7998046875,0
1999-03-25,4829.2001953125,4923.3798828125,4819.91015625,4821.41015625,0
1999-03-26,4736.580078125,4828.97021484375,4736.08984375,4828.97021484375,0
1999-03-29,4845.43017578125,4846.47998046875,4736.18994140625,4736.18994140625,0
1999-03-30,4882.0,4910.02001953125,4807.72998046875,4839.91015625,0
1999-03-31,4930.3701171875,4943.91015625,4882.56005859375,4882.56005859375,0
1999-04-05,5101.93994140625,5108.39990234375,4931.0498046875,4931.0498046875,0
1999-04-06,5146.7900390625,5174.43017578125,5102.169921875,5102.169921875,0
1999-04-07,5123.1298828125,5182.64990234375,5061.77001953125,5147.830078125,0
1999-04-08,5175.39013671875,5189.64013671875,5097.56005859375,5123.8701171875,0
1999-04-09,5204.8798828125,5204.8798828125,5153.68994140625,5175.240234375,0
1999-04-12,5303.27978515625,5310.830078125,5153.8701171875,5204.830078125,0
1999-04-13,5296.31005859375,5389.240234375,5270.240234375,5303.3701171875,0
1999-04-14,5297.35009765625,5333.8798828125,5266.509765625,5293.1298828125,0
1999-04-15,5490.6201171875,5538.27001953125,5298.27001953125,5298.27001953125,0
1999-04-16,5556.43994140625,5599.759765625,5490.06005859375,5490.06005859375,0
1999-04-19,5464.169921875,5686.97998046875,5460.4501953125,5557.22998046875,0
1999-04-20,5337.64013671875,5479.68017578125,5336.89013671875,5462.330078125,0
1999-04-21,5284.47021484375,5411.1201171875,5270.39990234375,5337.41015625,0
1999-04-22,5475.669921875,5475.669921875,5290.0400390625,5290.0400390625,0
1999-04-23,5481.77978515625,5529.06982421875,5440.43994140625,5476.0,0
1999-04-26,5405.14990234375,5497.14990234375,5404.52978515625,5483.4501953125,0
1999-04-27,5382.39013671875,5433.35009765625,5346.68017578125,5405.41015625,0
1999-04-28,5458.16015625,5502.2998046875,5378.1201171875,5382.06005859375,0
1999-04-29,5517.31005859375,5554.6298828125,5458.60986328125,5458.60986328125,0
1999-04-30,5414.4501953125,5651.9599609375,5413.5498046875,5518.330078125,0
1999-05-03,5579.14013671875,5584.06005859375,5414.7001953125,5414.75,0
1999-05-04,5560.6298828125,5608.580078125,5513.16015625,5579.330078125,0
1999-05-06,5802.47021484375,5803.27001953125,5565.4599609375,5565.4599609375,0
1999-05-07,5964.3701171875,5969.93994140625,5803.10009765625,5803.14990234375,0
1999-05-10,6080.47021484375,6192.85986328125,5964.7099609375,5964.7099609375,0
1999-05-11,5981.08984375,6103.509765625,5953.259765625,6080.52001953125,0
1999-05-12,5877.27978515625,5980.31005859375,5872.66015625,5980.31005859375,0
1999-05-13,6022.85986328125,6035.3701171875,5877.1201171875,5877.3701171875,0
1999-05-14,5913.2001953125,6021.14990234375,5890.81005859375,6021.14990234375,0
1999-05-17,5851.5,5912.75,5784.85009765625,5912.75,0
1999-05-18,5856.14990234375,5924.3701171875,5830.77978515625,5851.68994140625,0
1999-05-19,5731.2001953125,5877.5498046875,5711.91015625,5856.2998046875,0
1999-05-20,5799.490234375,5802.60986328125,5723.9501953125,5731.25,0
1999-05-21,5639.5,5809.68017578125,5615.97998046875,5799.830078125,0
1999-05-24,5498.7900390625,5666.1201171875,5493.509765625,5640.18017578125,0
1999-05-25,5441.06005859375,5537.419921875,5373.52978515625,5493.7900390625,0
1999-05-26,5618.35009765625,5619.7001953125,5442.06982421875,5442.06982421875,0
1999-05-27,5498.85009765625,5654.490234375,5495.1298828125,5620.89990234375,0
1999-05-28,5423.56982421875,5549.52978515625,5423.56982421875,5498.2900390625,0
1999-05-31,5477.64990234375,5477.64990234375,5423.81005859375,5423.81005859375,0
1999-06-01,5436.419921875,5484.43994140625,5342.830078125,5479.490234375,0
1999-06-02,5400.2001953125,5455.75,5366.4599609375,5435.740234375,0
1999-06-03,5363.6201171875,5407.27978515625,5348.8701171875,5400.43017578125,0
1999-06-04,5371.259765625,5371.9599609375,5331.18994140625,5363.93994140625,0
1999-06-07,5421.93994140625,5430.490234375,5367.580078125,5367.580078125,0
1999-06-08,5428.8798828125,5498.33984375,5415.919921875,5421.759765625,0
1999-06-09,5398.419921875,5443.06005859375,5397.4501953125,5429.56982421875,0
1999-06-10,5366.58984375,5397.89990234375,5338.52978515625,5397.89990234375,0
1999-06-11,5234.64990234375,5371.7001953125,5223.39013671875,5366.740234375,0
1999-06-14,5117.85009765625,5249.52001953125,5106.75,5236.39013671875,0
1999-06-15,5299.93017578125,5335.66015625,5117.52978515625,5117.52978515625,0
1999-06-16,5628.52978515625,5634.81982421875,5300.18017578125,5300.18017578125,0
1999-06-17,5660.66015625,5717.31982421875,5588.240234375,5628.2998046875,0
1999-06-18,5716.64990234375,5721.580078125,5612.919921875,5659.35009765625,0
1999-06-21,5823.7099609375,5825.7099609375,5720.31982421875,5723.990234375,0
1999-06-22,5773.52978515625,5866.66015625,5771.169921875,5814.52001953125,0
1999-06-23,5637.35009765625,5772.5,5621.64013671875,5772.5,0
1999-06-24,5549.18017578125,5636.68017578125,5522.7998046875,5636.68017578125,0
1999-06-25,5515.240234375,5586.60009765625,5515.240234375,5549.52978515625,0
1999-06-28,5574.5400390625,5618.52001953125,5516.240234375,5516.240234375,0
1999-06-29,5645.06982421875,5661.14990234375,5574.7001953125,5574.8798828125,0
1999-06-30,5829.509765625,5829.509765625,5630.85986328125,5645.31005859375,0
1999-07-01,5854.60009765625,5935.75,5824.93994140625,5828.52001953125,0
1999-07-02,5887.60986328125,5913.60009765625,5811.509765625,5855.64013671875,0
1999-07-05,5955.52978515625,5959.93017578125,5886.72021484375,5887.7001953125,0
1999-07-06,5918.72021484375,6003.9501953125,5917.91015625,5955.06982421875,0
1999-07-07,5931.240234375,5966.22021484375,5906.91015625,5918.5400390625,0
1999-07-08,5890.47998046875,6027.580078125,5886.85009765625,5931.18994140625,0
1999-07-09,5888.8701171875,5907.5498046875,5873.4501953125,5890.18017578125,0
1999-07-12,5769.3701171875,5896.93017578125,5768.31005859375,5890.35986328125,0
1999-07-13,5844.60009765625,5844.60009765625,5685.6201171875,5768.43994140625,0
1999-07-14,5834.89013671875,5890.759765625,5834.2001953125,5845.5,0
1999-07-15,5875.97021484375,5907.02001953125,5836.27001953125,5836.60986328125,0
1999-07-16,5886.41015625,5895.740234375,5835.7001953125,5875.18994140625,0
1999-07-19,5912.2900390625,5918.6298828125,5866.8798828125,5886.75,0
1999-07-20,5814.97021484375,5913.5498046875,5812.2001953125,5911.7900390625,0
1999-07-21,5857.6298828125,5874.0498046875,5816.830078125,5816.830078125,0
1999-07-22,5784.68994140625,5881.08984375,5778.7099609375,5863.14013671875,0
1999-07-23,5613.18994140625,5791.56982421875,5546.2998046875,5785.35986328125,0
1999-07-26,5427.60986328125,5605.83984375,5423.7998046875,5605.83984375,0
1999-07-27,5406.64990234375,5482.64013671875,5338.47021484375,5430.3701171875,0
1999-07-28,5483.75,5506.490234375,5401.3701171875,5417.66015625,0
1999-07-29,5267.68017578125,5483.009765625,5260.419921875,5483.009765625,0
1999-07-30,5260.35009765625,5311.08984375,5237.31982421875,5268.330078125,0
1999-08-02,5106.77001953125,5306.10986328125,5101.31982421875,5258.35986328125,0
1999-08-03,5178.08984375,5178.08984375,5077.3798828125,5108.330078125,0
1999-08-04,5142.91015625,5265.60009765625,5135.83984375,5178.16015625,0
1999-08-05,5150.7900390625,5151.52001953125,5016.56982421875,5144.009765625,0
1999-08-06,5029.66015625,5160.39990234375,5021.60009765625,5147.85009765625,0
1999-08-09,5071.7001953125,5083.89013671875,5028.2099609375,5030.919921875,0
1999-08-10,5058.31005859375,5072.6201171875,4940.22998046875,5072.41015625,0
1999-08-11,5180.8798828125,5199.5,5026.6298828125,5060.009765625,0
1999-08-12,5217.52001953125,5325.68994140625,5181.89990234375,5181.89990234375,0
1999-08-13,5369.02001953125,5370.22998046875,5218.06982421875,5218.06982421875,0
1999-08-16,5300.4599609375,5370.5400390625,5273.490234375,5369.6298828125,0
1999-08-17,5279.89013671875,5320.97021484375,5225.4599609375,5301.47998046875,0
1999-08-18,5167.72021484375,5280.08984375,5167.66015625,5280.08984375,0
1999-08-19,5148.419921875,5175.7900390625,5096.2099609375,5166.02001953125,0
1999-08-20,5099.259765625,5195.5,5075.85009765625,5148.6201171875,0
1999-08-23,5215.14990234375,5215.14990234375,5099.490234375,5099.490234375,0
1999-08-24,5244.10986328125,5317.72998046875,5204.35986328125,5214.66015625,0
1999-08-25,5379.85009765625,5381.27978515625,5209.080078125,5245.97998046875,0
1999-08-26,5349.93994140625,5468.06982421875,5349.93994140625,5380.64013671875,0
1999-08-27,5252.330078125,5352.0,5249.89013671875,5349.60986328125,0
1999-08-30,5174.7998046875,5253.35009765625,5169.58984375,5253.009765625,0
1999-08-31,5086.8701171875,5180.669921875,5086.3798828125,5174.56982421875,0
1999-09-02,5019.35009765625,5085.52001953125,4990.22021484375,5085.52001953125,0
1999-09-03,5026.56982421875,5113.72998046875,5016.06005859375,5022.06982421875,0
1999-09-06,5051.0,5053.02001953125,5026.39990234375,5029.2900390625,0
1999-09-07,4910.06005859375,5051.0,4893.66015625,5050.66015625,0
1999-09-08,4854.27978515625,4962.25,4838.43017578125,4908.7001953125,0
1999-09-09,4828.919921875,4881.7001953125,4813.77001953125,4854.25,0
1999-09-10,4979.93017578125,4983.18017578125,4829.60009765625,4829.60009765625,0
1999-09-13,5016.1201171875,5016.14990234375,4930.81982421875,4978.490234375,0
1999-09-14,4969.85009765625,5017.97998046875,4966.7900390625,5015.669921875,0
1999-09-15,4970.240234375,5040.18017578125,4957.330078125,4972.25,0
1999-09-17,4951.68017578125,4981.81982421875,4949.4599609375,4971.259765625,0
1999-09-20,4998.830078125,4998.830078125,4946.580078125,4950.81982421875,0
1999-09-21,4919.7900390625,4998.7001953125,4911.56982421875,4998.7001953125,0
1999-09-22,4991.759765625,4993.16015625,4895.7900390625,4919.75,0
1999-09-23,4973.93017578125,5123.97998046875,4969.4501953125,4994.10986328125,0
1999-09-24,4980.8798828125,5030.35986328125,4943.08984375,4973.60009765625,0
1999-09-27,5055.759765625,5064.60009765625,4980.47998046875,4981.08984375,0
1999-09-28,5091.68994140625,5131.97021484375,5033.85986328125,5055.2099609375,0
1999-09-29,5079.75,5119.5,5076.56005859375,5092.14013671875,0
1999-09-30,5050.4599609375,5103.02001953125,5048.52978515625,5081.56005859375,0
1999-10-01,4985.2099609375,5055.56982421875,4966.5400390625,5039.7001953125,0
1999-10-04,5044.60986328125,5047.52001953125,4987.5,4987.5,0
1999-10-05,4989.66015625,5074.240234375,4961.18017578125,5044.14990234375,0
1999-10-06,5116.25,5119.330078125,4987.68994140625,4987.68994140625,0
1999-10-07,5183.68017578125,5239.97021484375,5116.58984375,5116.58984375,0
1999-10-08,5282.9599609375,5306.7099609375,5181.39990234375,5185.08984375,0
1999-10-11,5331.02001953125,5334.56005859375,5281.52001953125,5284.75,0
1999-10-12,5202.81982421875,5331.7001953125,5202.81982421875,5331.7001953125,0
1999-10-13,5076.14013671875,5209.81982421875,5075.669921875,5203.02001953125,0
1999-10-14,5030.60986328125,5107.669921875,5013.77001953125,5075.7998046875,0
1999-10-15,4825.0498046875,5029.35009765625,4805.93994140625,5029.35009765625,0
1999-10-18,4907.47021484375,4907.47021484375,4749.64990234375,4832.22021484375,0
1999-10-19,5050.47998046875,5057.06982421875,4908.83984375,4908.83984375,0
1999-10-20,5122.39013671875,5124.259765625,5055.52978515625,5055.52978515625,0
1999-10-21,5105.27001953125,5170.77001953125,5061.580078125,5121.7099609375,0
1999-10-22,5156.06005859375,5165.27978515625,5108.85009765625,5108.85009765625,0
1999-10-25,5131.580078125,5155.3798828125,5119.16015625,5155.3798828125,0
1999-10-26,5134.9599609375,5177.10009765625,5123.41015625,5131.1201171875,0
1999-10-27,5142.22021484375,5146.41015625,5102.77978515625,5135.509765625,0
1999-10-28,5328.52001953125,5348.7900390625,5142.27001953125,5142.27001953125,0
1999-10-29,5450.3701171875,5509.16015625,5329.2001953125,5329.2001953125,0
1999-11-01,5479.7900390625,5504.169921875,5449.830078125,5451.75,0
1999-11-03,5793.85009765625,5813.06982421875,5482.490234375,5482.490234375,0
1999-11-04,5817.0400390625,5907.58984375,5777.72021484375,5793.97998046875,0
1999-11-05,5919.97021484375,5920.10986328125,5818.919921875,5818.919921875,0
1999-11-08,5943.9599609375,5990.7900390625,5885.169921875,5919.47998046875,0
1999-11-09,5867.3798828125,5953.10986328125,5830.330078125,5946.89990234375,0
1999-11-10,5863.83984375,5968.39013671875,5840.60009765625,5866.7001953125,0
1999-11-11,6086.2998046875,6095.56982421875,5965.31005859375,5965.31005859375,0
1999-11-12,6034.759765625,6118.16015625,5992.22021484375,6088.47998046875,0
1999-11-15,6115.10009765625,6135.06982421875,6027.56005859375,6035.31005859375,0
1999-11-16,6101.85986328125,6139.169921875,6062.66015625,6115.31005859375,0
1999-11-17,6103.6201171875,6172.2001953125,6079.9599609375,6101.58984375,0
1999-11-18,6195.02978515625,6197.35986328125,6103.18017578125,6103.39990234375,0
1999-11-19,6286.68017578125,6318.72998046875,6187.52001953125,6194.68994140625,0
1999-11-22,6092.259765625,6295.97021484375,6090.490234375,6295.97021484375,0
1999-11-23,6110.75,6120.990234375,6018.85009765625,6091.27978515625,0
1999-11-24,6182.0400390625,6186.0498046875,6070.669921875,6109.72998046875,0
1999-11-25,6326.490234375,6332.31005859375,6182.64013671875,6182.72021484375,0
1999-11-26,6337.4501953125,6338.52978515625,6262.22998046875,6327.93017578125,0
1999-11-29,6303.10009765625,6335.08984375,6289.33984375,6305.27001953125,0
1999-11-30,6136.47021484375,6303.43994140625,6116.080078125,6302.759765625,0
1999-12-01,6201.14013671875,6214.97021484375,6129.2001953125,6136.419921875,0
1999-12-02,6370.5,6411.169921875,6204.2900390625,6204.2900390625,0
1999-12-03,6470.41015625,6508.06005859375,6373.31005859375,6373.31005859375,0
1999-12-06,6425.7001953125,6528.5400390625,6425.7001953125,6469.72998046875,0
1999-12-07,6397.83984375,6487.97021484375,6384.72998046875,6428.5,0
1999-12-08,6665.02978515625,6667.7099609375,6398.18017578125,6398.18017578125,0
1999-12-09,6718.330078125,6894.080078125,6666.009765625,6666.009765625,0
1999-12-10,6781.39013671875,6797.58984375,6718.759765625,6718.759765625,0
1999-12-13,6725.5498046875,6783.72998046875,6673.41015625,6783.72998046875,0
1999-12-14,6654.22021484375,6725.2099609375,6643.43994140625,6725.2099609375,0
1999-12-15,6772.14990234375,6816.97998046875,6633.009765625,6653.5400390625,0
1999-12-16,6859.02978515625,6874.58984375,6773.509765625,6773.509765625,0
1999-12-17,6959.35009765625,6997.1298828125,6859.580078125,6859.580078125,0
1999-12-20,6943.10009765625,6981.1298828125,6910.22021484375,6960.2900390625,0
1999-12-21,6976.75,6978.7099609375,6921.97021484375,6943.33984375,0
1999-12-22,6835.27978515625,7004.2900390625,6835.27978515625,6977.080078125,0
1999-12-23,6933.77978515625,6933.77978515625,6835.27978515625,6835.490234375,0
1999-12-24,6937.14990234375,6950.2099609375,6930.3798828125,6934.1298828125,0
1999-12-27,6986.3798828125,6995.25,6767.22021484375,6925.16015625,0
1999-12-28,7007.75,7017.509765625,6968.8798828125,6986.2001953125,0
1999-12-29,7121.7900390625,7180.330078125,7011.669921875,7011.669921875,0
1999-12-30,7129.8798828125,7147.3701171875,7089.68994140625,7120.14990234375,0
2000-01-03,7077.7099609375,7278.77001953125,7059.4501953125,7185.7099609375,0
2000-01-04,6675.27001953125,7074.7099609375,6673.35986328125,7074.7099609375,0
2000-01-05,6764.31005859375,6781.02978515625,6524.27978515625,6674.93017578125,0
2000-01-06,6751.64990234375,6822.4599609375,6742.91015625,6784.0,0
2000-01-07,7047.08984375,7054.2900390625,6768.85986328125,6768.85986328125,0
2000-01-10,7333.7001953125,7337.43017578125,7047.919921875,7047.919921875,0
2000-01-11,7143.1298828125,7363.10986328125,7077.89013671875,7332.33984375,0
2000-01-12,7174.10009765625,7174.47998046875,7091.06982421875,7153.85986328125,0
2000-01-13,7274.52001953125,7426.41015625,7174.330078125,7174.330078125,0
2000-01-14,7381.490234375,7394.22021484375,7278.60986328125,7278.60986328125,0
2000-01-17,7447.1201171875,7447.4599609375,7370.64013671875,7380.6201171875,0
2000-01-18,7303.31982421875,7446.89013671875,7302.4501953125,7446.89013671875,0
2000-01-19,7171.2001953125,7310.97998046875,7170.85009765625,7303.009765625,0
2000-01-20,7036.7900390625,7192.66015625,6991.47998046875,7172.2900390625,0
2000-01-21,6890.77978515625,7083.2900390625,6862.669921875,7037.259765625,0
2000-01-24,6855.35009765625,7098.2001953125,6855.35009765625,6890.830078125,0
2000-01-25,6885.8798828125,6911.669921875,6784.39013671875,6855.83984375,0
2000-01-26,6918.93994140625,6976.1201171875,6862.31982421875,6885.39013671875,0
2000-01-27,6854.39013671875,7010.77978515625,6839.18017578125,6920.75,0
2000-01-28,6648.47998046875,6853.7099609375,6627.669921875,6853.7099609375,0
2000-01-31,6585.669921875,6649.97998046875,6510.83984375,6649.97998046875,0
2000-02-01,6740.52001953125,6747.35986328125,6566.509765625,6585.759765625,0
2000-02-02,6769.81005859375,6809.669921875,6688.83984375,6733.77001953125,0
2000-02-03,7043.10009765625,7095.93017578125,6771.419921875,6771.419921875,0
2000-02-04,7236.5400390625,7372.16015625,7043.740234375,7043.740234375,0
2000-02-07,7592.56982421875,7594.22998046875,7237.60986328125,7237.60986328125,0
2000-02-08,7583.509765625,7802.1201171875,7433.58984375,7594.8798828125,0
2000-02-09,7469.16015625,7643.85009765625,7448.490234375,7583.830078125,0
2000-02-10,7723.85986328125,7738.43994140625,7471.14013671875,7471.14013671875,0
2000-02-11,7623.47021484375,7818.009765625,7550.43994140625,7726.3798828125,0
2000-02-14,7558.22998046875,7644.490234375,7526.06982421875,7623.740234375,0
2000-02-15,7574.64013671875,7614.3701171875,7403.9501953125,7557.0400390625,0
2000-02-16,7600.72021484375,7642.35009765625,7513.91015625,7513.91015625,0
2000-02-17,7538.18994140625,7681.919921875,7521.89990234375,7603.22021484375,0
2000-02-18,7345.56982421875,7548.31005859375,7314.89990234375,7538.81005859375,0
2000-02-21,7314.97021484375,7351.22021484375,7296.31982421875,7345.89013671875,0
2000-02-22,7234.759765625,7353.6201171875,7180.02001953125,7315.93017578125,0
2000-02-23,7462.1201171875,7487.1201171875,7235.68017578125,7235.68017578125,0
2000-02-24,7410.81982421875,7514.990234375,7334.89990234375,7462.31005859375,0
2000-02-25,7304.35009765625,7467.9501953125,7302.669921875,7410.97021484375,0
2000-02-28,7336.64990234375,7376.06005859375,7283.009765625,7304.669921875,0
2000-02-29,7368.5498046875,7411.490234375,7329.81005859375,7339.22021484375,0
2000-03-01,7614.830078125,7620.85986328125,7368.66015625,7368.66015625,0
2000-03-02,8007.759765625,8008.68017578125,7618.0498046875,7618.0498046875,0
2000-03-03,8131.27001953125,8207.080078125,8008.39013671875,8008.39013671875,0
2000-03-06,7964.8701171875,8114.830078125,7957.3701171875,8114.39013671875,0
2000-03-07,8005.9501953125,8307.4599609375,7895.259765625,7966.83984375,0
2000-03-08,8295.2001953125,8295.3896484375,8006.22998046875,8006.22998046875,0
2000-03-09,8319.669921875,8399.51953125,8269.080078125,8296.490234375,0
2000-03-10,8177.419921875,8417.330078125,8161.7900390625,8320.9501953125,0
2000-03-13,8003.72021484375,8173.47021484375,7929.169921875,8173.47021484375,0
2000-03-14,7835.6298828125,8126.259765625,7805.580078125,8008.85986328125,0
2000-03-15,7987.85009765625,7990.47021484375,7744.830078125,7835.68994140625,0
2000-03-16,7982.419921875,8120.0498046875,7916.93994140625,7988.16015625,0
2000-03-17,7985.33984375,8081.81982421875,7962.39013671875,7980.10986328125,0
2000-03-20,7906.39013671875,8062.6201171875,7906.39013671875,7986.22998046875,0
2000-03-22,7782.60986328125,7998.31005859375,7733.41015625,7930.02001953125,0
2000-03-23,7943.509765625,7990.0400390625,7754.08984375,7782.39013671875,0
2000-03-24,8093.580078125,8109.35009765625,7944.06982421875,7944.06982421875,0
2000-03-27,8139.5,8222.9296875,8077.259765625,8094.8701171875,0
2000-03-28,7952.2001953125,8137.56982421875,7950.58984375,8137.56982421875,0
2000-03-29,7885.22998046875,7997.27001953125,7798.6298828125,7947.2099609375,0
2000-03-30,7604.490234375,7883.4501953125,7529.16015625,7883.4501953125,0
2000-03-31,7473.25,7662.47021484375,7473.25,7624.740234375,0
2000-04-03,7378.81982421875,7459.75,7272.64990234375,7459.75,0
2000-04-04,7194.830078125,7428.81982421875,6932.4599609375,7386.31005859375,0
2000-04-05,7272.83984375,7328.419921875,7092.60986328125,7192.259765625,0
2000-04-06,7462.93017578125,7462.93017578125,7273.10009765625,7273.10009765625,0
2000-04-07,7540.08984375,7639.3798828125,7467.919921875,7467.919921875,0
2000-04-10,7375.5400390625,7566.9501953125,7375.22021484375,7547.81005859375,0
2000-04-11,7234.7099609375,7371.81982421875,7219.58984375,7371.81982421875,0
2000-04-12,7016.68994140625,7263.68017578125,7016.68994140625,7233.419921875,0
2000-04-13,6860.259765625,7024.27001953125,6854.85986328125,7017.1201171875,0
2000-04-14,6315.91015625,6859.8701171875,6273.22998046875,6859.8701171875,0
2000-04-17,6308.259765625,6412.8798828125,6120.97021484375,6329.419921875,0
2000-04-18,6684.0,6684.0,6305.83984375,6318.39013671875,0
2000-04-19,6446.669921875,6688.83984375,6396.64013671875,6680.6201171875,0
2000-04-24,6444.1298828125,6463.93994140625,6367.009765625,6443.4501953125,0
2000-04-25,6756.9501953125,6756.9501953125,6448.2900390625,6448.2900390625,0
2000-04-26,6751.06982421875,6955.669921875,6717.490234375,6790.740234375,0
2000-04-27,6844.77978515625,6848.22021484375,6570.4501953125,6747.93994140625,0
2000-04-28,6640.68017578125,6865.52001953125,6640.1201171875,6849.25,0
2000-05-02,6612.5,6789.759765625,6594.10009765625,6641.97021484375,0
2000-05-03,6415.509765625,6611.43017578125,6324.93017578125,6611.43017578125,0
2000-05-04,6504.419921875,6523.1201171875,6415.72998046875,6430.330078125,0
2000-05-08,6324.419921875,6504.47998046875,6301.0,6504.47998046875,0
2000-05-09,6196.08984375,6345.669921875,6156.56005859375,6323.10009765625,0
2000-05-10,6083.97998046875,6194.9599609375,6046.6298828125,6192.330078125,0
2000-05-11,6104.830078125,6215.06982421875,6085.5498046875,6085.5498046875,0
2000-05-12,6255.35009765625,6259.60986328125,6119.35986328125,6119.35986328125,0
2000-05-15,6343.2900390625,6368.89013671875,6238.9599609375,6259.009765625,0
2000-05-16,6366.68994140625,6458.77001953125,6305.22998046875,6345.02978515625,0
2000-05-17,6189.08984375,6365.43994140625,6162.60009765625,6365.43994140625,0
2000-05-18,6113.0498046875,6225.14990234375,6086.009765625,6185.4599609375,0
2000-05-19,5863.68017578125,6111.52001953125,5810.97021484375,6111.330078125,0
2000-05-22,5656.4501953125,5863.64013671875,5628.89013671875,5863.64013671875,0
2000-05-23,5593.580078125,5771.2001953125,5591.2998046875,5655.9501953125,0
2000-05-24,5800.02978515625,5802.35009765625,5516.77001953125,5590.8701171875,0
2000-05-25,5664.25,5898.6201171875,5663.66015625,5801.330078125,0
2000-05-26,5652.2900390625,5670.39990234375,5548.83984375,5666.2001953125,0
2000-05-29,5728.0,5729.669921875,5652.60986328125,5652.60986328125,0
2000-05-30,5998.47998046875,5998.77978515625,5730.509765625,5730.509765625,0
2000-05-31,5961.14013671875,6060.9501953125,5901.490234375,5998.77978515625,0
2000-06-01,6178.06005859375,6178.990234375,5960.85986328125,5961.240234375,0
2000-06-02,6627.33984375,6639.83984375,6178.31982421875,6178.31982421875,0
2000-06-05,6554.89013671875,6661.7099609375,6554.7099609375,6626.0400390625,0
2000-06-06,6250.68994140625,6554.68994140625,6247.2900390625,6554.68994140625,0
2000-06-07,6238.41015625,6323.06005859375,6102.08984375,6249.330078125,0
2000-06-08,6364.91015625,6396.1201171875,6235.81982421875,6239.1298828125,0
2000-06-09,6398.72998046875,6493.2900390625,6365.47021484375,6365.47021484375,0
2000-06-12,6405.0,6447.02978515625,6344.8798828125,6399.18017578125,0
2000-06-13,6539.2001953125,6547.2099609375,6382.77978515625,6405.60009765625,0
2000-06-14,6667.2001953125,6729.81005859375,6540.33984375,6540.33984375,0
2000-06-15,6563.60986328125,6705.56982421875,6562.52001953125,6669.4599609375,0
2000-06-16,6452.89990234375,6580.8701171875,6434.10986328125,6563.2099609375,0
2000-06-19,6551.25,6553.08984375,6377.2998046875,6453.06982421875,0
2000-06-20,6521.22021484375,6584.240234375,6485.240234375,6552.47021484375,0
2000-06-21,6687.0,6727.06982421875,6506.259765625,6520.759765625,0
2000-06-22,6570.669921875,6784.5,6552.3798828125,6686.68017578125,0
2000-06-23,6425.56982421875,6576.72998046875,6396.4501953125,6576.14990234375,0
2000-06-26,6599.33984375,6599.33984375,6443.259765625,6443.4501953125,0
2000-06-27,6747.31982421875,6797.18017578125,6598.33984375,6598.8798828125,0
2000-06-28,6676.64013671875,6806.919921875,6674.5,6747.52001953125,0
2000-06-29,6834.080078125,6838.18017578125,6577.16015625,6676.31982421875,0
2000-06-30,6948.330078125,7035.77001953125,6834.6201171875,6835.02978515625,0
2000-07-03,7373.3701171875,7394.47021484375,6953.72998046875,6953.72998046875,0
2000-07-04,7520.0400390625,7548.56982421875,7343.31982421875,7372.91015625,0
2000-07-05,7372.58984375,7518.68994140625,7327.10009765625,7518.68994140625,0
2000-07-06,7306.14013671875,7376.08984375,7249.080078125,7372.60009765625,0
2000-07-07,7370.3798828125,7409.0498046875,7274.56005859375,7306.56005859375,0
2000-07-10,7398.7001953125,7410.68017578125,7307.490234375,7356.080078125,0
2000-07-11,7266.0,7398.8701171875,7266.0,7397.85986328125,0
2000-07-12,7416.33984375,7416.33984375,7268.22998046875,7271.81982421875,0
2000-07-13,7428.1298828125,7486.9501953125,7408.7900390625,7417.10986328125,0
2000-07-14,7435.990234375,7490.97021484375,7412.97021484375,7428.990234375,0
2000-07-17,7291.740234375,7436.4501953125,7258.3798828125,7435.60009765625,0
2000-07-18,7216.580078125,7284.5,7194.64990234375,7284.5,0
2000-07-19,6863.27001953125,7195.16015625,6749.22021484375,7195.16015625,0
2000-07-20,6765.27978515625,6964.490234375,6713.97021484375,6870.41015625,0
2000-07-21,6718.72998046875,6790.16015625,6656.759765625,6764.89013671875,0
2000-07-24,6658.169921875,6721.39013671875,6626.6201171875,6720.919921875,0
2000-07-25,6715.60009765625,6766.56982421875,6629.27978515625,6659.85986328125,0
2000-07-26,6748.47998046875,6748.47998046875,6684.7001953125,6716.18017578125,0
2000-07-27,6607.490234375,6750.669921875,6607.06982421875,6750.669921875,0
2000-07-28,6344.02978515625,6613.72021484375,6324.68994140625,6607.259765625,0
2000-07-31,6514.2099609375,6520.81005859375,6303.52001953125,6344.8701171875,0
2000-08-01,6507.77001953125,6602.5498046875,6471.47998046875,6511.2900390625,0
2000-08-02,6543.93017578125,6593.5498046875,6504.2099609375,6504.2099609375,0
2000-08-03,6509.169921875,6532.83984375,6452.60986328125,6532.52978515625,0
2000-08-04,6582.669921875,6594.33984375,6509.169921875,6511.35986328125,0
2000-08-07,6635.0,6636.330078125,6565.1298828125,6581.259765625,0
2000-08-08,6669.85009765625,6694.93994140625,6636.22998046875,6636.22998046875,0
2000-08-09,6519.0,6714.22998046875,6507.68017578125,6674.759765625,0
2000-08-10,6474.81005859375,6542.18017578125,6432.27978515625,6518.81982421875,0
2000-08-11,6501.2998046875,6608.27001953125,6415.4599609375,6475.02001953125,0
2000-08-14,6506.31982421875,6530.72998046875,6481.64990234375,6501.759765625,0
2000-08-15,6501.669921875,6523.990234375,6459.43994140625,6507.5498046875,0
2000-08-16,6477.97998046875,6583.919921875,6457.6201171875,6500.39990234375,0
2000-08-17,6536.8701171875,6552.16015625,6476.85009765625,6477.759765625,0
2000-08-18,6386.66015625,6558.8798828125,6383.7099609375,6536.68994140625,0
2000-08-21,6345.1298828125,6436.919921875,6342.7900390625,6386.85986328125,0
2000-08-22,6341.2998046875,6384.22998046875,6309.89013671875,6348.7001953125,0
2000-08-23,6367.0,6384.52001953125,6313.7099609375,6355.56005859375,0
2000-08-24,6293.5498046875,6370.18017578125,6291.68994140625,6367.72998046875,0
2000-08-25,6181.14990234375,6321.18994140625,6178.31005859375,6293.9599609375,0
2000-08-28,6226.3701171875,6242.8798828125,6171.9501953125,6181.35986328125,0
2000-08-29,6331.27978515625,6344.25,6212.7001953125,6226.669921875,0
2000-08-30,6572.91015625,6574.669921875,6331.85009765625,6331.85009765625,0
2000-08-31,6664.81982421875,6730.56982421875,6573.2099609375,6573.2099609375,0
2000-09-01,6722.41015625,6775.0498046875,6633.8701171875,6663.56982421875,0
2000-09-04,6775.97021484375,6818.85009765625,6724.7099609375,6726.2998046875,0
2000-09-05,6824.97021484375,6834.009765625,6687.10009765625,6747.91015625,0
2000-09-06,6789.72998046875,6975.7900390625,6732.64013671875,6825.0498046875,0
2000-09-07,6953.31005859375,7025.5498046875,6810.77978515625,6810.77978515625,0
2000-09-08,6903.47998046875,6953.10009765625,6872.22021484375,6953.10009765625,0
2000-09-11,6801.39990234375,6930.740234375,6796.81005859375,6902.4599609375,0
2000-09-12,6702.259765625,6794.39013671875,6664.9501953125,6794.39013671875,0
2000-09-13,6833.0400390625,6833.0400390625,6663.6298828125,6703.14990234375,0
2000-09-14,6878.89013671875,6904.240234375,6800.14990234375,6837.1201171875,0
2000-09-15,6835.43017578125,6879.31982421875,6795.8701171875,6875.39013671875,0
2000-09-18,6599.009765625,6837.330078125,6598.52978515625,6835.990234375,0
2000-09-19,6634.52978515625,6644.93017578125,6531.419921875,6601.8701171875,0
2000-09-20,6752.47021484375,6755.16015625,6631.31982421875,6645.02978515625,0
2000-09-21,6558.89990234375,6752.41015625,6533.18994140625,6752.41015625,0
2000-09-22,6549.6201171875,6554.06005859375,6382.60986328125,6554.06005859375,0
2000-09-25,6533.580078125,6659.68017578125,6526.66015625,6570.5400390625,0
2000-09-26,6459.14990234375,6596.72998046875,6456.81005859375,6529.31982421875,0
2000-09-27,6368.5400390625,6492.9599609375,6353.56982421875,6461.2998046875,0
2000-09-28,6475.4599609375,6477.3701171875,6330.25,6365.06005859375,0
2000-09-29,6334.56005859375,6475.91015625,6332.89013671875,6474.10009765625,0
2000-10-02,6244.64990234375,6400.75,6238.169921875,6334.64013671875,0
2000-10-03,6230.89013671875,6308.93994140625,6219.77978515625,6246.47021484375,0
2000-10-04,6345.52978515625,6345.85009765625,6207.1298828125,6230.81005859375,0
2000-10-05,6368.669921875,6378.47021484375,6323.31982421875,6343.3798828125,0
2000-10-06,6166.8798828125,6385.68994140625,6144.93994140625,6368.85009765625,0
2000-10-09,6141.52978515625,6164.009765625,6061.669921875,6164.009765625,0
2000-10-10,6095.490234375,6142.740234375,6085.3701171875,6142.740234375,0
2000-10-11,5946.93017578125,6094.72021484375,5908.830078125,6094.72021484375,0
2000-10-12,5751.66015625,5963.52978515625,5704.7998046875,5946.97021484375,0
2000-10-13,5853.9501953125,5871.4599609375,5738.2900390625,5750.77978515625,0
2000-10-16,5789.02978515625,5856.830078125,5789.02978515625,5852.509765625,0
2000-10-17,5709.669921875,5775.18994140625,5564.0400390625,5775.18994140625,0
2000-10-18,5769.02001953125,5879.1298828125,5538.2998046875,5701.43017578125,0
2000-10-19,5991.25,6007.3701171875,5769.06982421875,5769.06982421875,0
2000-10-20,5943.330078125,6023.9599609375,5910.4501953125,5992.16015625,0
2000-10-23,5908.2900390625,5959.7001953125,5865.77001953125,5942.080078125,0
2000-10-24,6081.66015625,6081.66015625,5911.68017578125,5911.68017578125,0
2000-10-25,6003.68017578125,6144.52001953125,6001.669921875,6079.990234375,0
2000-10-26,6123.509765625,6182.85009765625,6014.77978515625,6014.77978515625,0
2000-10-27,6206.3701171875,6265.56005859375,6123.75,6123.75,0
2000-10-30,6282.580078125,6312.81005859375,6200.22021484375,6208.91015625,0
2000-10-31,6394.240234375,6424.85986328125,6288.5400390625,6288.5400390625,0
2000-11-01,6409.0400390625,6413.39990234375,6261.56005859375,6394.7998046875,0
2000-11-03,6319.580078125,6415.8798828125,6290.2998046875,6409.8701171875,0
2000-11-06,6359.91015625,6385.7099609375,6306.5,6320.02978515625,0
2000-11-07,6478.64013671875,6478.64013671875,6326.1298828125,6353.9599609375,0
2000-11-08,6376.75,6502.60009765625,6376.14990234375,6478.919921875,0
2000-11-09,6216.4599609375,6374.93017578125,6152.77001953125,6374.93017578125,0
2000-11-10,6107.75,6227.16015625,6098.0498046875,6227.16015625,0
2000-11-13,5914.83984375,6103.43994140625,5862.81982421875,6103.43994140625,0
2000-11-14,6075.2001953125,6083.43017578125,5915.02978515625,5915.02978515625,0
2000-11-15,6153.330078125,6198.06005859375,6065.02001953125,6065.02001953125,0
2000-11-16,6146.10009765625,6180.5400390625,6094.580078125,6153.10009765625,0
2000-11-17,6303.47021484375,6307.009765625,6146.0498046875,6146.0498046875,0
2000-11-21,6135.4501953125,6303.2900390625,6135.4501953125,6303.2900390625,0
2000-11-22,5923.919921875,6134.33984375,5923.919921875,6134.33984375,0
2000-11-23,5998.14013671875,5998.14013671875,5926.10986328125,5926.10986328125,0
2000-11-24,6062.740234375,6062.740234375,5998.81982421875,5999.25,0
2000-11-27,6032.27001953125,6106.43994140625,6012.72021484375,6067.490234375,0
2000-11-28,5934.93017578125,6029.39013671875,5934.93017578125,6029.39013671875,0
2000-11-29,5907.240234375,6017.580078125,5886.93017578125,5935.18994140625,0
2000-11-30,5652.6298828125,5904.35986328125,5650.3701171875,5904.35986328125,0
2000-12-04,5532.64013671875,5652.35009765625,5527.64990234375,5652.35009765625,0
2000-12-05,5793.77001953125,5794.60986328125,5533.669921875,5533.669921875,0
2000-12-06,5787.35009765625,5859.91015625,5759.7001953125,5794.0498046875,0
2000-12-07,5785.35986328125,5820.47998046875,5741.919921875,5784.25,0
2000-12-08,5795.08984375,5886.64013671875,5774.66015625,5790.39013671875,0
2000-12-11,5828.1201171875,5850.1201171875,5798.18994140625,5798.18994140625,0
2000-12-13,5699.759765625,5834.85986328125,5699.64990234375,5830.72998046875,0
2000-12-14,5645.58984375,5709.5498046875,5628.22021484375,5686.22998046875,0
2000-12-15,5531.39013671875,5643.93017578125,5469.0400390625,5643.93017578125,0
2000-12-18,5547.169921875,5558.81982421875,5498.18994140625,5530.77001953125,0
2000-12-19,5506.5498046875,5631.6298828125,5499.3798828125,5539.93017578125,0
2000-12-20,5231.85009765625,5505.330078125,5148.02001953125,5505.330078125,0
2000-12-21,5342.31005859375,5342.31005859375,5220.5498046875,5245.35986328125,0
2000-12-22,5492.31005859375,5492.31005859375,5342.52001953125,5342.52001953125,0
2000-12-26,5499.39990234375,5500.7900390625,5439.77001953125,5488.93994140625,0
2000-12-27,5568.27001953125,5590.02978515625,5488.10009765625,5504.8798828125,0
2000-12-28,5591.990234375,5610.56005859375,5568.68017578125,5568.68017578125,0
2000-12-29,5652.18994140625,5652.18994140625,5583.97998046875,5592.06982421875,0
2001-01-02,5556.7099609375,5651.35009765625,5546.9501953125,5651.35009765625,0
2001-01-03,5857.4501953125,5860.18994140625,5515.830078125,5560.06982421875,0
2001-01-04,6048.33984375,6049.77001953125,5857.22021484375,5858.490234375,0
2001-01-05,5924.330078125,6047.240234375,5917.89013671875,6047.240234375,0
2001-01-08,5916.06005859375,5929.06005859375,5865.18017578125,5923.72021484375,0
2001-01-09,5909.52978515625,6030.4501953125,5902.60009765625,5915.43994140625,0
2001-01-10,5814.97998046875,5908.81005859375,5808.60009765625,5908.81005859375,0
2001-01-11,5966.7998046875,5982.509765625,5782.7998046875,5804.89990234375,0
2001-01-12,5966.60009765625,6072.5400390625,5963.39013671875,5966.85009765625,0
2001-01-15,5998.02001953125,6001.43017578125,5964.39013671875,5964.39013671875,0
2001-01-16,6002.64990234375,6020.8798828125,5954.72021484375,5988.25,0
2001-01-17,6078.25,6168.83984375,6003.009765625,6003.009765625,0
2001-01-18,6194.2998046875,6207.509765625,6080.7099609375,6080.7099609375,0
2001-01-19,6267.490234375,6325.39990234375,6197.990234375,6197.990234375,0
2001-01-22,6271.06982421875,6286.68017578125,6236.9501953125,6266.91015625,0
2001-01-23,6377.93994140625,6384.72021484375,6252.3798828125,6271.259765625,0
2001-01-24,6311.85009765625,6440.33984375,6301.18994140625,6377.97998046875,0
2001-01-25,6281.0,6345.64990234375,6263.5400390625,6311.990234375,0
2001-01-26,6418.64013671875,6424.240234375,6269.85986328125,6280.68994140625,0
2001-01-29,6419.77978515625,6513.27978515625,6415.2998046875,6418.60986328125,0
2001-01-30,6518.580078125,6576.43017578125,6418.5400390625,6418.5400390625,0
2001-01-31,6496.89013671875,6615.830078125,6476.64990234375,6518.06982421875,0
2001-02-01,6540.8798828125,6559.75,6465.52978515625,6496.89990234375,0
2001-02-02,6522.22998046875,6548.66015625,6505.3798828125,6540.740234375,0
2001-02-06,6447.10009765625,6507.60009765625,6443.93994140625,6502.419921875,0
2001-02-07,6350.35009765625,6508.06005859375,6340.06982421875,6468.10009765625,0
2001-02-08,6330.97021484375,6406.18994140625,6321.1201171875,6350.490234375,0
2001-02-09,6344.16015625,6344.16015625,6311.2900390625,6320.81005859375,0
2001-02-12,6430.72998046875,6452.64013671875,6341.02001953125,6345.43017578125,0
2001-02-13,6361.31982421875,6428.89990234375,6351.0,6423.740234375,0
2001-02-14,6360.08984375,6364.14990234375,6238.490234375,6358.14013671875,0
2001-02-15,6395.18994140625,6434.22021484375,6361.9501953125,6362.0,0
2001-02-16,6368.490234375,6394.759765625,6279.830078125,6394.759765625,0
2001-02-19,6369.509765625,6374.60009765625,6335.41015625,6367.66015625,0
2001-02-20,6246.35986328125,6361.1298828125,6244.02001953125,6357.56982421875,0
2001-02-21,6007.669921875,6241.77001953125,5964.18994140625,6241.77001953125,0
2001-02-22,6030.759765625,6040.68017578125,5930.93994140625,6008.83984375,0
2001-02-23,5998.68994140625,6040.2001953125,5934.16015625,6026.93017578125,0
2001-02-26,6058.02001953125,6079.22998046875,6001.31982421875,6001.31982421875,0
2001-02-27,6065.14990234375,6126.72021484375,6023.93994140625,6058.3798828125,0
2001-02-28,6032.10009765625,6100.2099609375,6016.0498046875,6065.43017578125,0
2001-03-01,6080.64990234375,6080.68994140625,5983.10986328125,6030.259765625,0
2001-03-02,6133.33984375,6142.7099609375,6038.3798828125,6076.81982421875,0
2001-03-05,6110.14013671875,6183.68994140625,6101.7001953125,6133.39990234375,0
2001-03-06,6252.9501953125,6273.14013671875,6110.56982421875,6110.56982421875,0
2001-03-07,6331.31982421875,6333.2998046875,6253.33984375,6253.33984375,0
2001-03-08,6361.06982421875,6365.740234375,6319.0,6331.2900390625,0
2001-03-09,6270.9599609375,6360.47998046875,6252.330078125,6360.47998046875,0
2001-03-12,5963.3701171875,6258.81005859375,5958.490234375,6258.81005859375,0
2001-03-13,5991.9501953125,6004.06005859375,5906.93017578125,5974.35009765625,0
2001-03-14,5813.83984375,5991.81005859375,5809.5498046875,5991.81005859375,0
2001-03-15,5792.7099609375,5883.9599609375,5788.919921875,5817.68017578125,0
2001-03-16,5878.56982421875,5893.9501953125,5770.06005859375,5792.56982421875,0
2001-03-19,5935.22021484375,5955.22021484375,5817.91015625,5878.8798828125,0
2001-03-20,5769.669921875,5983.81005859375,5768.419921875,5935.75,0
2001-03-22,5636.47998046875,5769.43017578125,5512.77001953125,5769.43017578125,0
2001-03-23,5618.669921875,5669.27978515625,5556.240234375,5642.89013671875,0
2001-03-26,5647.18017578125,5684.0400390625,5618.240234375,5618.240234375,0
2001-03-27,5787.47998046875,5788.72021484375,5629.7900390625,5647.08984375,0
2001-03-28,5700.3701171875,5787.259765625,5683.740234375,5787.259765625,0
2001-03-29,5648.6201171875,5715.25,5622.56982421875,5703.22998046875,0
2001-03-30,5727.89013671875,5758.009765625,5638.5498046875,5649.85986328125,0
2001-04-02,5694.06982421875,5799.5400390625,5694.06982421875,5733.669921875,0
2001-04-03,5575.0498046875,5698.419921875,5552.81005859375,5696.56982421875,0
2001-04-04,5573.72021484375,5618.8701171875,5541.68017578125,5576.7998046875,0
2001-04-05,5699.33984375,5737.02001953125,5581.18017578125,5581.18017578125,0
2001-04-06,5695.259765625,5729.509765625,5641.2099609375,5691.64990234375,0
2001-04-09,5756.35986328125,5758.919921875,5694.68994140625,5694.68994140625,0
2001-04-10,5968.66015625,5971.43994140625,5759.2998046875,5759.2998046875,0
2001-04-11,6002.89990234375,6044.830078125,5960.02001953125,5969.509765625,0
2001-04-16,5951.7001953125,6020.18017578125,5950.60986328125,6005.35009765625,0
2001-04-17,6068.89990234375,6070.7998046875,5949.25,5951.56005859375,0
2001-04-18,6143.85986328125,6257.8701171875,6073.22998046875,6073.22998046875,0
2001-04-19,6029.06005859375,6163.52978515625,6026.4501953125,6146.35986328125,0
2001-04-20,5950.7900390625,6036.35009765625,5941.33984375,6029.2001953125,0
2001-04-23,5885.60009765625,5950.93017578125,5844.81005859375,5950.64013671875,0
2001-04-24,5887.0400390625,5949.85986328125,5859.68017578125,5895.0498046875,0
2001-04-25,5933.7099609375,5939.85009765625,5891.89990234375,5893.9599609375,0
2001-04-26,6007.10009765625,6048.4501953125,5936.8701171875,5936.8701171875,0
2001-04-27,6008.02978515625,6069.16015625,6004.0400390625,6007.72998046875,0
2001-04-30,5987.25,6064.2001953125,5983.60009765625,6009.27978515625,0
2001-05-02,6109.2001953125,6122.169921875,5992.759765625,5993.5,0
2001-05-03,6139.6201171875,6140.14013671875,6029.52978515625,6097.10986328125,0
2001-05-04,6129.509765625,6139.490234375,6079.0,6139.490234375,101114800
2001-05-07,6065.580078125,6137.43017578125,6065.4501953125,6120.77001953125,52010600
2001-05-08,6010.52001953125,6084.77978515625,6008.0498046875,6066.77001953125,82828600
2001-05-09,6106.419921875,6108.81005859375,5957.91015625,6010.490234375,116296800
2001-05-10,6092.06982421875,6167.5498046875,6084.990234375,6106.47021484375,114647600
2001-05-11,6110.35986328125,6137.47021484375,6081.68017578125,6095.7099609375,66924600
2001-05-14,6042.02978515625,6109.7099609375,6028.89990234375,6109.7099609375,62199000
2001-05-15,5987.0,6053.72021484375,5985.81005859375,6041.89013671875,93496600
2001-05-16,6033.97021484375,6043.41015625,5948.93017578125,5986.91015625,90649200
2001-05-17,6392.77001953125,6417.009765625,6051.02001953125,6051.02001953125,537892600
2001-05-18,6527.60009765625,6564.2001953125,6388.169921875,6393.39013671875,256638800
2001-05-21,6571.080078125,6588.91015625,6507.91015625,6530.52978515625,159352800
2001-05-22,6651.27001953125,6664.75,6573.31005859375,6573.31005859375,162248800
2001-05-23,6782.509765625,6831.9501953125,6614.43994140625,6643.81982421875,197182000
2001-05-24,6714.47021484375,6813.85986328125,6679.22021484375,6782.580078125,140626400
2001-05-25,6711.33984375,6741.41015625,6672.77001953125,6714.669921875,64021000
2001-05-28,6700.330078125,6731.18994140625,6687.14013671875,6710.8701171875,14540400
2001-05-29,6665.5400390625,6720.97021484375,6635.66015625,6702.2900390625,96416400
2001-05-30,6586.93017578125,6666.47021484375,6578.06982421875,6666.47021484375,75607200
2001-05-31,6595.39013671875,6613.8798828125,6576.93994140625,6587.5498046875,115038800
2001-06-01,6619.66015625,6629.97998046875,6573.60009765625,6592.91015625,103425200
2001-06-04,6631.75,6640.60986328125,6570.75,6621.52978515625,76991000
2001-06-05,6672.35009765625,6674.759765625,6621.77978515625,6632.3701171875,124940600
2001-06-06,6790.97998046875,6802.58984375,6658.22998046875,6671.77001953125,129449800
2001-06-07,6840.6298828125,6895.7001953125,6765.7998046875,6784.06982421875,127670000
2001-06-08,6783.72021484375,6837.31982421875,6754.8798828125,6836.60986328125,82023800
2001-06-11,6731.2900390625,6783.2900390625,6715.56005859375,6783.2900390625,60222200
2001-06-12,6796.81982421875,6797.14990234375,6660.97021484375,6726.9501953125,81571000
2001-06-13,6802.3701171875,6863.25,6770.47998046875,6796.22998046875,110223000
2001-06-14,6749.7998046875,6799.89990234375,6741.81005859375,6799.89990234375,74941800
2001-06-15,6670.72021484375,6740.52001953125,6646.7900390625,6740.52001953125,129340600
2001-06-18,6489.56005859375,6676.22998046875,6489.56005859375,6667.93994140625,118130800
2001-06-19,6359.06005859375,6558.33984375,6354.0400390625,6492.35009765625,150451000
2001-06-20,6455.14990234375,6469.64990234375,6364.64990234375,6364.64990234375,130202400
2001-06-21,6543.39013671875,6547.10009765625,6443.56005859375,6450.43994140625,146002400
2001-06-22,6539.64990234375,6594.47021484375,6526.31982421875,6543.47998046875,125533600
2001-06-25,6562.66015625,6566.009765625,6536.8701171875,6539.91015625,77193600
2001-06-26,6582.169921875,6591.35009765625,6540.919921875,6562.64990234375,92482000
2001-06-27,6587.68017578125,6616.3701171875,6557.1201171875,6582.60986328125,103990400
2001-06-28,6607.2001953125,6659.27978515625,6588.97998046875,6589.240234375,122497200
2001-06-29,6666.169921875,6688.3798828125,6600.81005859375,6608.58984375,121409200
2001-07-02,6797.10986328125,6797.27978515625,6658.41015625,6666.2001953125,104686400
2001-07-03,6840.740234375,6841.330078125,6788.85986328125,6797.18017578125,61748400
2001-07-04,6868.89013671875,6868.89013671875,6831.830078125,6838.8701171875,27247000
2001-07-05,6814.6201171875,6868.77001953125,6814.56982421875,6868.77001953125,134719000
2001-07-06,6715.81005859375,6822.3798828125,6710.9501953125,6816.10986328125,103098400
2001-07-09,6709.1298828125,6723.18994140625,6661.18017578125,6692.39990234375,53366800
2001-07-10,6713.0400390625,6777.58984375,6708.43994140625,6709.16015625,84213800
2001-07-11,6564.14013671875,6720.669921875,6535.97998046875,6713.5400390625,136839800
2001-07-12,6470.8798828125,6596.10009765625,6385.83984375,6564.33984375,154534000
2001-07-13,6452.1201171875,6491.580078125,6416.27001953125,6471.35009765625,91792400
2001-07-16,6377.31005859375,6463.77978515625,6374.02978515625,6453.06005859375,75575800
2001-07-17,6395.43017578125,6421.009765625,6378.60009765625,6378.60009765625,148223400
2001-07-18,6388.259765625,6395.31982421875,6352.1298828125,6395.31982421875,110234000
2001-07-19,6418.83984375,6432.8798828125,6387.75,6388.330078125,113914400
2001-07-20,6389.27001953125,6418.419921875,6378.68017578125,6418.419921875,60320200
2001-07-23,6422.7099609375,6424.16015625,6380.89990234375,6389.85009765625,75241400
2001-07-24,6377.81005859375,6422.85986328125,6367.33984375,6422.85986328125,145026200
2001-07-25,6411.52978515625,6421.52001953125,6382.77001953125,6382.77001953125,111652400
2001-07-26,6502.68994140625,6502.68994140625,6405.509765625,6411.72021484375,108102000
2001-07-27,6522.2001953125,6535.18994140625,6495.3701171875,6501.64990234375,85191000
2001-07-30,6538.27978515625,6575.9501953125,6513.81982421875,6523.14013671875,81214000
2001-07-31,6474.39990234375,6539.89990234375,6474.240234375,6538.85986328125,97545600
2001-08-01,6573.10009765625,6593.1201171875,6475.6298828125,6475.6298828125,73462400
2001-08-02,6707.91015625,6733.31005859375,6573.35009765625,6573.35009765625,114947400
2001-08-03,6702.93017578125,6708.580078125,6670.68017578125,6707.97021484375,76618800
2001-08-06,6633.93994140625,6704.52001953125,6604.27001953125,6703.08984375,54985000
2001-08-07,6638.83984375,6670.490234375,6600.56982421875,6633.77001953125,0
2001-08-08,6651.43994140625,6652.3798828125,6610.7900390625,6637.5,76253400
2001-08-09,6599.60986328125,6650.6298828125,6592.490234375,6650.6298828125,59841000
2001-08-10,6628.490234375,6642.8701171875,6586.85986328125,6599.66015625,55133800
2001-08-13,6655.10986328125,6656.72021484375,6612.18017578125,6625.77978515625,36741800
2001-08-14,6671.240234375,6700.18994140625,6655.7998046875,6655.7998046875,43403200
2001-08-15,6542.14990234375,6679.52978515625,6533.89013671875,6671.14013671875,58239200
2001-08-16,6445.14990234375,6542.0,6356.169921875,6542.0,113973400
2001-08-17,6218.4599609375,6443.81982421875,6189.60986328125,6443.81982421875,121089000
2001-08-20,6245.419921875,6273.97998046875,6214.81005859375,6217.10009765625,67768000
2001-08-21,6276.08984375,6367.56982421875,6245.66015625,6245.7099609375,74821400
2001-08-22,6333.14013671875,6346.89990234375,6288.35986328125,6288.35986328125,62179400
2001-08-23,6294.2900390625,6352.35009765625,6290.8701171875,6332.14013671875,37030600
2001-08-24,6416.77001953125,6417.35009765625,6292.60009765625,6294.5498046875,54775400
2001-08-27,6399.93017578125,6435.60009765625,6399.93017578125,6415.8798828125,45735800
2001-08-28,6302.68994140625,6400.16015625,6302.22998046875,6399.97998046875,64707400
2001-08-29,6324.91015625,6352.93994140625,6302.419921875,6302.419921875,66636400
2001-08-30,6310.169921875,6352.06005859375,6278.7900390625,6324.06982421875,67532600
2001-08-31,6310.7001953125,6347.7099609375,6283.39990234375,6312.759765625,37610000
2001-09-03,6233.2900390625,6312.7900390625,6230.02001953125,6312.7900390625,7073400
2001-09-04,6172.25,6293.35986328125,6172.25,6234.7099609375,70408200
2001-09-05,6088.4501953125,6179.240234375,6045.56982421875,6172.08984375,119687000
2001-09-06,5875.85986328125,6088.93994140625,5857.72021484375,6088.77978515625,134340000
2001-09-07,5844.60009765625,5922.52001953125,5794.91015625,5875.52978515625,109050000
2001-09-10,5856.18994140625,5908.56005859375,5816.06982421875,5839.7900390625,50032200
2001-09-13,5531.02001953125,5531.02001953125,5531.02001953125,5531.02001953125,0
2001-09-17,5316.77001953125,5501.91015625,5290.0498046875,5501.91015625,0
2001-09-18,5297.85986328125,5377.7998046875,5256.31982421875,5317.77001953125,95216200
2001-09-19,5256.0,5350.4599609375,5198.7998046875,5297.3701171875,112909000
2001-09-20,5081.919921875,5255.89013671875,5076.77001953125,5254.669921875,78515600
2001-09-21,5087.93994140625,5109.39990234375,4950.7099609375,5077.39013671875,109951800
2001-09-24,5325.10986328125,5350.9599609375,5101.5400390625,5101.5400390625,82079400
2001-09-25,5304.3798828125,5338.56005859375,5249.89013671875,5325.9599609375,71800400
2001-09-26,5324.83984375,5350.1298828125,5292.0,5307.1201171875,73178000
2001-09-27,5306.080078125,5340.85009765625,5251.169921875,5326.58984375,100641000
2001-09-28,5403.52978515625,5403.97998046875,5308.1298828125,5308.1298828125,124401400
2001-10-01,5385.5,5436.97998046875,5360.240234375,5404.419921875,51768600
2001-10-02,5361.7998046875,5425.419921875,5352.93994140625,5389.39013671875,67593000
2001-10-03,5407.5400390625,5428.60986328125,5316.25,5361.22021484375,103897400
2001-10-04,5499.31005859375,5540.9501953125,5410.4599609375,5410.4599609375,108239000
2001-10-05,5528.5498046875,5550.72021484375,5460.10009765625,5500.68017578125,63282000
2001-10-08,5527.10986328125,5554.77001953125,5490.990234375,5526.89013671875,47485600
2001-10-09,5558.85986328125,5614.580078125,5522.35986328125,5529.7001953125,69508400
2001-10-10,5684.89990234375,5687.10009765625,5523.580078125,5556.1201171875,119273000
2001-10-11,5808.22021484375,5853.3701171875,5688.08984375,5688.14013671875,123473000
2001-10-12,5671.10009765625,5801.3798828125,5643.830078125,5801.3798828125,67934000
2001-10-15,5500.10009765625,5670.43994140625,5499.2998046875,5670.43994140625,61000400
2001-10-16,5542.60986328125,5556.56982421875,5485.64990234375,5500.66015625,57138800
2001-10-17,5541.8798828125,5617.7900390625,5535.240234375,5548.1201171875,62671400
2001-10-18,5529.75,5561.64990234375,5520.72998046875,5543.39013671875,50400000
2001-10-19,5588.22998046875,5590.56005859375,5487.16015625,5532.08984375,64187400
2001-10-22,5539.27978515625,5596.10986328125,5520.740234375,5584.1201171875,36764200
2001-10-23,5571.27001953125,5584.7900390625,5525.580078125,5539.47021484375,54561000
2001-10-24,5708.27978515625,5708.27978515625,5573.60986328125,5573.60986328125,114515200
2001-10-25,5729.1298828125,5740.27001953125,5650.740234375,5708.1201171875,54625400
2001-10-26,5693.1201171875,5754.7998046875,5693.1201171875,5728.64013671875,59667400
2001-10-29,5599.1298828125,5693.60986328125,5596.5,5693.08984375,48029200
2001-10-30,5529.18017578125,5596.39990234375,5511.93994140625,5596.39990234375,75572200
2001-10-31,5537.0400390625,5597.080078125,5525.89013671875,5530.52001953125,77789400
2001-11-01,5610.77001953125,5612.919921875,5538.83984375,5542.5,78276800
2001-11-02,5632.759765625,5636.77978515625,5600.52001953125,5610.64990234375,46288000
2001-11-05,5681.06982421875,5691.08984375,5634.1298828125,5634.1298828125,74095800
2001-11-06,5677.7900390625,5688.06005859375,5647.9501953125,5681.02001953125,74761400
2001-11-07,5638.0400390625,5679.0498046875,5637.89990234375,5677.2998046875,81849800
2001-11-08,5649.8701171875,5670.93017578125,5636.509765625,5640.08984375,64621000
2001-11-09,5596.3798828125,5649.919921875,5565.0498046875,5649.919921875,86354200
2001-11-12,5524.56982421875,5588.35986328125,5514.41015625,5588.18994140625,83516000
2001-11-13,5663.35009765625,5663.91015625,5530.7001953125,5530.7001953125,109933600
2001-11-14,5751.72021484375,5767.47998046875,5663.83984375,5663.83984375,105139200
2001-11-15,5778.64990234375,5786.830078125,5735.2998046875,5751.85009765625,73463600
2001-11-16,5712.4599609375,5781.4501953125,5712.4599609375,5772.2099609375,55221800
2001-11-19,5699.18994140625,5741.27978515625,5698.10986328125,5711.81982421875,39710000
2001-11-21,5674.41015625,5690.06005859375,5635.27001953125,5689.669921875,72253800
2001-11-22,5685.39013671875,5685.39013671875,5666.85986328125,5674.22021484375,15920000
2001-11-23,5734.89990234375,5735.18017578125,5674.490234375,5685.2900390625,44168000
2001-11-26,5759.490234375,5761.85986328125,5721.2900390625,5735.1201171875,74840400
2001-11-27,5860.43994140625,5865.8701171875,5749.25,5759.330078125,116155200
2001-11-28,5848.2099609375,5907.35009765625,5840.93017578125,5861.1201171875,108032200
2001-11-29,5841.33984375,5856.60009765625,5812.06982421875,5847.35986328125,68471200
2001-11-30,5832.830078125,5850.0400390625,5817.16015625,5841.0,49232400
2001-12-03,5870.93017578125,5871.7900390625,5800.06005859375,5833.0498046875,45163000
2001-12-04,5931.43017578125,5931.43017578125,5872.31005859375,5872.31005859375,84118200
2001-12-05,6099.27978515625,6111.35986328125,5931.66015625,5931.66015625,166463600
2001-12-06,6101.72021484375,6176.6201171875,6084.9599609375,6099.56005859375,122803600
2001-12-07,6141.18994140625,6157.77001953125,6081.02978515625,6101.58984375,69933800
2001-12-10,6126.3798828125,6162.240234375,6117.1201171875,6139.259765625,52561600
2001-12-11,6150.259765625,6200.5498046875,6134.7998046875,6136.02978515625,95167400
2001-12-13,6075.06005859375,6150.4599609375,6057.169921875,6150.08984375,110528600
2001-12-14,6139.06982421875,6139.33984375,6069.25,6074.18017578125,70246200
2001-12-17,6271.490234375,6271.9599609375,6133.5498046875,6133.5498046875,81921600
2001-12-18,6268.97021484375,6326.35986328125,6247.08984375,6271.5400390625,94824600
2001-12-19,6250.740234375,6271.56005859375,6208.009765625,6268.5400390625,98320400
2001-12-20,6263.2900390625,6268.8798828125,6225.43994140625,6252.56005859375,80332200
2001-12-21,6380.60009765625,6381.509765625,6252.5400390625,6263.259765625,79569200
2001-12-24,6374.490234375,6384.31005859375,6368.9501953125,6380.39013671875,17999000
2001-12-26,6371.83984375,6397.43017578125,6368.2998046875,6374.77978515625,30796400
2001-12-27,6419.18994140625,6422.169921875,6369.419921875,6371.93017578125,44561200
2001-12-28,6467.08984375,6490.10009765625,6419.259765625,6419.259765625,47260200
2001-12-31,6372.27978515625,6466.06005859375,6372.25,6466.02001953125,27719200
2002-01-02,6410.0498046875,6415.85009765625,6382.02001953125,6386.18017578125,51760600
2002-01-03,6603.75,6603.75,6410.08984375,6410.08984375,96944600
2002-01-04,6612.080078125,6655.68994140625,6604.06982421875,6604.06982421875,81359000
2002-01-07,6565.43994140625,6635.9501953125,6556.31005859375,6615.8701171875,69113000
2002-01-08,6641.14013671875,6642.31005859375,6561.85009765625,6566.08984375,101847600
2002-01-09,6560.580078125,6674.0400390625,6557.93017578125,6641.4599609375,132861400
2002-01-10,6453.009765625,6560.259765625,6452.85986328125,6560.259765625,98285600
2002-01-11,6420.14990234375,6518.93017578125,6420.080078125,6453.10986328125,85923800
2002-01-14,6388.27001953125,6420.56005859375,6365.72021484375,6420.56005859375,51303400
2002-01-15,6573.18994140625,6600.009765625,6390.31982421875,6390.31982421875,164219800
2002-01-16,6579.35009765625,6620.60009765625,6538.33984375,6572.89990234375,107376800
2002-01-17,6604.66015625,6620.080078125,6579.27978515625,6579.27978515625,88007000
2002-01-18,6600.72998046875,6614.85986328125,6570.2099609375,6592.990234375,68262600
2002-01-21,6607.7998046875,6615.47021484375,6586.740234375,6600.7900390625,15389800
2002-01-22,6590.0400390625,6646.5498046875,6579.16015625,6608.27978515625,75112800
2002-01-23,6782.77978515625,6784.2900390625,6586.68994140625,6589.89013671875,134204400
2002-01-24,6768.2998046875,6889.39013671875,6766.759765625,6786.8701171875,142801600
2002-01-25,6831.43017578125,6833.08984375,6708.60986328125,6771.77001953125,120757200
2002-01-28,6872.43994140625,6894.27978515625,6831.18994140625,6831.18994140625,120589200
2002-01-29,6793.3798828125,6910.919921875,6772.47998046875,6872.64013671875,94102400
2002-01-30,6750.7998046875,6793.919921875,6730.5,6789.490234375,113321000
2002-01-31,6927.8701171875,6927.8701171875,6751.77001953125,6751.77001953125,112491800
2002-02-01,6901.81005859375,7011.02978515625,6871.47998046875,6925.18994140625,142422600
2002-02-04,6865.1298828125,6914.9501953125,6838.56982421875,6901.14013671875,61501400
2002-02-06,6786.740234375,6857.10009765625,6703.14013671875,6857.10009765625,165265000
2002-02-07,6780.93994140625,6929.1201171875,6755.4501953125,6784.08984375,133454600
2002-02-08,6681.4501953125,6800.4501953125,6650.2001953125,6780.64990234375,87171600
2002-02-11,6589.83984375,6686.06982421875,6575.31982421875,6681.580078125,74548600
2002-02-12,6673.35986328125,6673.990234375,6559.0400390625,6589.7900390625,86962200
2002-02-13,6715.5498046875,6728.66015625,6676.60986328125,6678.14013671875,80857000
2002-02-14,6717.60986328125,6785.10986328125,6716.0400390625,6716.0400390625,83573200
2002-02-15,6697.669921875,6736.1298828125,6696.740234375,6718.5,52402400
2002-02-18,6679.7099609375,6701.27978515625,6668.39013671875,6697.6298828125,6559600
2002-02-19,6609.2998046875,6679.35009765625,6609.2998046875,6679.35009765625,0
2002-02-20,6583.990234375,6609.97021484375,6512.419921875,6609.97021484375,102029600
2002-02-21,6533.64013671875,6582.080078125,6513.27978515625,6581.10009765625,103010400
2002-02-22,6473.1201171875,6542.02001953125,6450.2099609375,6533.7998046875,72358000
2002-02-25,6562.93994140625,6567.35009765625,6470.77001953125,6473.3798828125,63529600
2002-02-26,6637.9599609375,6651.240234375,6562.64013671875,6565.08984375,95510400
2002-02-27,6795.89990234375,6795.89990234375,6641.72021484375,6641.72021484375,128986200
2002-02-28,6734.43994140625,6869.990234375,6734.43994140625,6796.22021484375,0
2002-03-01,6898.0,6898.0,6726.7998046875,6736.06005859375,94186000
2002-03-04,7029.60009765625,7042.0498046875,6898.41015625,6898.41015625,116397400
2002-03-05,7053.5400390625,7113.89990234375,7021.72998046875,7029.02001953125,143532400
2002-03-06,7154.14013671875,7200.31982421875,7052.58984375,7053.56982421875,171938400
2002-03-07,7061.0,7210.6201171875,7060.66015625,7155.009765625,125799000
2002-03-08,7192.22021484375,7210.9501953125,7061.06005859375,7061.06005859375,109362000
2002-03-11,7161.39990234375,7213.06005859375,7159.580078125,7192.5498046875,86939800
2002-03-12,7278.06005859375,7278.06005859375,7113.5498046875,7161.080078125,85746800
2002-03-13,7218.509765625,7328.52978515625,7218.35009765625,7278.5498046875,110427800
2002-03-14,7188.77001953125,7252.89990234375,7165.6298828125,7214.169921875,70800600
2002-03-15,7273.080078125,7273.2998046875,7172.47021484375,7188.330078125,60889000
2002-03-18,7344.56982421875,7352.56005859375,7274.41015625,7274.41015625,94455000
2002-03-19,7427.919921875,7438.5400390625,7345.89990234375,7345.89990234375,128914000
2002-03-20,7384.1298828125,7450.43994140625,7369.14013671875,7428.14990234375,79535000
2002-03-22,7439.5,7445.5498046875,7339.43994140625,7384.43994140625,79625800
2002-03-25,7381.56982421875,7440.14990234375,7368.39013671875,7439.31005859375,61425800
2002-03-26,7351.18994140625,7427.2998046875,7329.89990234375,7381.740234375,87950600
2002-03-27,7361.85986328125,7366.2099609375,7316.66015625,7350.52001953125,59793400
2002-04-01,7371.89013671875,7427.16015625,7341.35009765625,7362.14013671875,64898400
2002-04-02,7316.68994140625,7387.31005859375,7316.68994140625,7370.14990234375,90064800
2002-04-03,7191.93994140625,7319.60009765625,7191.75,7316.58984375,122552000
2002-04-04,7253.5,7260.8798828125,7169.60986328125,7190.60986328125,97729000
2002-04-05,7335.759765625,7357.009765625,7254.18017578125,7254.18017578125,102533000
2002-04-08,7271.77001953125,7325.06982421875,7270.580078125,7325.06982421875,57730800
2002-04-09,7271.22021484375,7294.72998046875,7235.669921875,7272.10009765625,96562400
2002-04-10,7517.68017578125,7518.06982421875,7277.89013671875,7277.89013671875,132125800
2002-04-11,7441.52001953125,7611.1201171875,7441.52001953125,7517.7900390625,155587200
2002-04-12,7391.25,7505.10009765625,7389.830078125,7441.85009765625,112111600
2002-04-15,7396.72021484375,7426.97998046875,7383.8798828125,7391.919921875,53810600
2002-04-16,7535.06982421875,7536.009765625,7400.14013671875,7400.14013671875,113047400
2002-04-17,7574.35009765625,7583.39013671875,7535.919921875,7537.740234375,108244000
2002-04-18,7532.14013671875,7589.5498046875,7445.25,7574.68017578125,103307600
2002-04-19,7509.22021484375,7546.7900390625,7474.8798828125,7532.2001953125,70285600
2002-04-22,7435.1298828125,7512.5498046875,7429.5400390625,7512.5498046875,64672600
2002-04-23,7403.3798828125,7449.2900390625,7383.7998046875,7433.68994140625,76632400
2002-04-24,7504.72998046875,7512.81005859375,7402.97998046875,7416.06005859375,80134800
2002-04-25,7476.3701171875,7535.7900390625,7440.68017578125,7504.08984375,93387600
2002-04-26,7491.77978515625,7518.35986328125,7476.43994140625,7476.580078125,79977200
2002-04-29,7434.18994140625,7516.240234375,7434.14990234375,7491.81005859375,54864800
2002-04-30,7480.740234375,7481.31005859375,7434.31005859375,7434.43017578125,58269800
2002-05-02,7486.85986328125,7526.080078125,7468.4501953125,7480.3701171875,108095400
2002-05-03,7521.9501953125,7529.7998046875,7429.77978515625,7486.93017578125,82334600
2002-05-06,7542.47998046875,7588.68994140625,7519.9501953125,7522.1201171875,61065800
2002-05-07,7431.89013671875,7544.43017578125,7422.14990234375,7543.64990234375,93702400
2002-05-08,7517.83984375,7517.89013671875,7410.990234375,7433.2900390625,110833000
2002-05-09,7351.080078125,7502.68017578125,7349.81982421875,7502.68017578125,87051000
2002-05-10,7303.56982421875,7373.2099609375,7293.68017578125,7352.97998046875,78856400
2002-05-13,7307.16015625,7364.9599609375,7275.77001953125,7303.77978515625,47938800
2002-05-14,7361.93994140625,7374.68017578125,7307.41015625,7307.41015625,62533400
2002-05-15,7402.7998046875,7422.330078125,7316.509765625,7360.56982421875,72893600
2002-05-16,7514.89990234375,7514.990234375,7401.259765625,7402.89013671875,147077400
2002-05-17,7537.81982421875,7580.5498046875,7514.06982421875,7515.77978515625,111057000
2002-05-20,7469.68017578125,7544.1201171875,7443.9599609375,7540.60986328125,57627200
2002-05-21,7385.919921875,7480.35986328125,7375.490234375,7473.580078125,64296000
2002-05-22,7385.14990234375,7386.14990234375,7310.2998046875,7386.14990234375,59834800
2002-05-23,7398.5,7399.43994140625,7352.2998046875,7385.18017578125,55579200
2002-05-24,7366.43017578125,7429.669921875,7366.43017578125,7397.1298828125,50575200
2002-05-27,7357.240234375,7377.56982421875,7343.06005859375,7366.509765625,14459000
2002-05-28,7303.56982421875,7360.27978515625,7229.009765625,7359.14013671875,115782200
2002-05-29,7130.7099609375,7305.0400390625,7104.6201171875,7304.259765625,109063400
2002-05-30,7061.39990234375,7145.93017578125,7039.7001953125,7130.60009765625,89595800
2002-05-31,7031.64013671875,7141.1201171875,7030.33984375,7062.3701171875,64678400
2002-06-03,6997.0498046875,7070.47021484375,6995.83984375,7034.22021484375,46562600
2002-06-04,7016.14013671875,7016.41015625,6948.14013671875,7000.25,67456000
2002-06-05,6974.919921875,7030.64990234375,6925.64013671875,7016.830078125,74243800
2002-06-06,6791.91015625,6975.0,6769.580078125,6975.0,109955000
2002-06-07,6857.419921875,6882.33984375,6735.77978515625,6789.16015625,91623800
2002-06-10,6835.0,6941.89013671875,6834.9501953125,6859.990234375,59121200
2002-06-11,6862.89013671875,6916.35009765625,6835.669921875,6835.669921875,84615800
2002-06-12,6801.64990234375,6863.56005859375,6789.7001953125,6863.56005859375,80922800
2002-06-14,6720.3701171875,6760.35009765625,6660.33984375,6760.35009765625,76157000
2002-06-17,6788.93994140625,6810.83984375,6722.10986328125,6722.10986328125,67680000
2002-06-18,6765.18994140625,6791.47021484375,6713.259765625,6789.22998046875,141168800
2002-06-19,6691.0400390625,6791.02978515625,6675.9599609375,6764.91015625,91899600
2002-06-20,6580.81005859375,6685.259765625,6572.22998046875,6679.33984375,149607200
2002-06-21,6502.97021484375,6580.68017578125,6494.830078125,6580.68017578125,103763600
2002-06-24,6331.31982421875,6498.9501953125,6330.58984375,6498.9501953125,92066800
2002-06-25,6354.259765625,6449.72998046875,6331.25,6331.25,141187000
2002-06-26,6171.6298828125,6353.52978515625,6104.56005859375,6353.52978515625,136714200
2002-06-27,6400.89013671875,6401.4501953125,6171.72021484375,6171.72021484375,121243400
2002-06-28,6460.9501953125,6541.25,6400.919921875,6400.919921875,101732400
2002-07-01,6363.0498046875,6468.169921875,6362.759765625,6461.56982421875,50672200
2002-07-02,6306.52001953125,6364.2001953125,6279.02978515625,6363.35986328125,87330400
2002-07-03,6326.490234375,6337.5400390625,6216.18994140625,6306.6201171875,61312800
2002-07-04,6352.89013671875,6362.18017578125,6326.52978515625,6326.52978515625,13310000
2002-07-05,6462.830078125,6495.64990234375,6356.22998046875,6356.22998046875,65670200
2002-07-08,6488.919921875,6504.2001953125,6448.27978515625,6472.81005859375,66159800
2002-07-09,6460.9501953125,6561.75,6457.27978515625,6488.02978515625,72666800
2002-07-10,6371.27001953125,6504.509765625,6366.83984375,6461.18017578125,54769200
2002-07-11,6390.169921875,6415.85009765625,6317.080078125,6369.3701171875,71061400
2002-07-12,6400.419921875,6444.009765625,6366.85986328125,6390.85986328125,70469600
2002-07-15,6372.080078125,6400.669921875,6255.16015625,6400.669921875,52169000
2002-07-16,6316.16015625,6378.89013671875,6293.3798828125,6371.5,71876200
2002-07-17,6403.27978515625,6403.27978515625,6316.7099609375,6316.7099609375,72998200
2002-07-18,6433.830078125,6460.08984375,6385.22021484375,6401.16015625,61903600
2002-07-19,6336.9501953125,6433.47998046875,6336.60986328125,6433.47998046875,52481400
2002-07-22,6113.830078125,6338.8798828125,6095.39990234375,6334.66015625,79729200
2002-07-23,5892.41015625,6133.72998046875,5891.91015625,6115.5,93902000
2002-07-24,6010.419921875,6021.330078125,5763.58984375,5892.1298828125,99544400
2002-07-25,5922.33984375,6026.740234375,5868.02978515625,6004.83984375,82190400
2002-07-26,5900.43994140625,5937.0498046875,5811.7900390625,5933.25,67538600
2002-07-29,6103.8798828125,6114.14990234375,5900.740234375,5900.740234375,75401000
2002-07-30,6014.68017578125,6118.2099609375,6012.7998046875,6106.669921875,67250400
2002-07-31,6021.83984375,6034.81982421875,5957.68017578125,6014.43994140625,86650800
2002-08-01,5755.990234375,6021.68994140625,5754.64013671875,6017.66015625,115326800
2002-08-02,5644.7001953125,5780.669921875,5621.669921875,5756.27978515625,90589000
2002-08-05,5534.47021484375,5644.8798828125,5500.759765625,5644.8798828125,63378000
2002-08-06,5747.43994140625,5777.1201171875,5535.169921875,5535.169921875,85663600
2002-08-07,5855.89990234375,5879.72998046875,5755.08984375,5755.08984375,76644400
2002-08-08,6029.77001953125,6045.58984375,5854.83984375,5854.83984375,92845600
2002-08-09,5913.2099609375,6026.35986328125,5908.7998046875,6025.72021484375,81035600
2002-08-12,5901.830078125,5926.18994140625,5883.06005859375,5909.2001953125,54416400
2002-08-13,5841.89990234375,5954.6298828125,5841.89990234375,5901.47998046875,57470200
2002-08-14,6053.60009765625,6055.830078125,5825.06005859375,5843.259765625,69410800
2002-08-15,6146.10986328125,6147.22021484375,6056.89990234375,6056.89990234375,95135000
2002-08-16,6190.60009765625,6254.81982421875,6136.56005859375,6145.22998046875,95933000
2002-08-19,6200.8701171875,6286.16015625,6190.72998046875,6190.72998046875,69856800
2002-08-20,6192.91015625,6207.83984375,6136.68994140625,6200.31982421875,61473600
2002-08-21,6267.8798828125,6270.27001953125,6193.0498046875,6193.0498046875,76332600
2002-08-22,6239.490234375,6304.509765625,6216.77978515625,6268.93994140625,68512000
2002-08-23,6148.89013671875,6238.080078125,6139.9599609375,6238.080078125,45809000
2002-08-26,6262.43994140625,6269.43994140625,6143.6201171875,6150.97998046875,49356200
2002-08-27,6157.419921875,6298.60009765625,6156.77978515625,6262.47998046875,71237600
2002-08-28,6115.56005859375,6156.22021484375,6074.93017578125,6156.22021484375,67408400
2002-08-29,6181.669921875,6188.0498046875,6047.3798828125,6111.669921875,87223200
2002-08-30,6216.43017578125,6251.43994140625,6166.89013671875,6181.31982421875,73172200
2002-09-02,6165.93017578125,6217.18017578125,6156.4599609375,6212.9501953125,9424200
2002-09-03,6094.2900390625,6222.89990234375,6085.2900390625,6166.2900390625,66157400
2002-09-04,6114.35009765625,6122.5400390625,6061.64013671875,6094.06005859375,64680400
2002-09-05,6067.25,6110.8798828125,6056.7099609375,6110.8798828125,51160600
2002-09-06,6113.31982421875,6119.43994140625,6060.08984375,6065.259765625,50910000
2002-09-09,6159.89990234375,6194.9501953125,6101.3798828125,6113.27001953125,56726000
2002-09-10,6225.16015625,6230.22021484375,6167.14990234375,6167.14990234375,62472400
2002-09-11,6260.60986328125,6305.1201171875,6225.0498046875,6225.2900390625,64473600
2002-09-12,6219.93017578125,6262.830078125,6219.93017578125,6260.419921875,58498800
2002-09-13,6190.52001953125,6224.7099609375,6190.06982421875,6219.7900390625,46738400
2002-09-17,6079.9501953125,6204.14013671875,6078.22998046875,6195.08984375,47877800
2002-09-18,5960.3798828125,6078.3701171875,5943.759765625,6078.3701171875,79796400
2002-09-19,5645.0,5960.0400390625,5641.169921875,5960.0400390625,103022400
2002-09-20,5788.77978515625,5791.47021484375,5645.68994140625,5645.68994140625,63538800
2002-09-23,5741.72998046875,5789.1298828125,5683.60009765625,5789.1298828125,51195400
2002-09-24,5705.669921875,5770.10009765625,5701.39013671875,5740.85009765625,84063000
2002-09-25,5808.43994140625,5838.259765625,5706.6298828125,5706.6298828125,90815000
2002-09-26,5956.93017578125,6003.56982421875,5810.5,5810.5,102063600
2002-09-27,5801.1201171875,5957.169921875,5788.169921875,5957.169921875,81619400
2002-09-30,5728.4599609375,5794.93994140625,5685.52001953125,5794.93994140625,0
2002-10-01,5926.66015625,5944.39990234375,5734.2998046875,5748.3701171875,76790200
2002-10-02,5827.7099609375,5985.2001953125,5827.009765625,5926.490234375,79975000
2002-10-03,5898.3798828125,5925.89013671875,5829.52978515625,5829.52978515625,76822600
2002-10-04,5869.22021484375,5918.97998046875,5859.7099609375,5900.2001953125,48036200
2002-10-07,5853.5498046875,5897.2900390625,5789.06005859375,5874.7001953125,36526600
2002-10-08,5849.419921875,5875.330078125,5820.7900390625,5855.31005859375,54193000
2002-10-09,5762.39990234375,5848.72998046875,5761.89013671875,5848.72998046875,50359200
2002-10-10,5762.14990234375,5803.64990234375,5747.66015625,5762.4501953125,54426000
2002-10-11,5845.330078125,5864.35986328125,5766.259765625,5766.259765625,58199400
2002-10-14,5865.18017578125,5885.8701171875,5825.85009765625,5841.22021484375,22740800
2002-10-15,6040.31982421875,6040.31982421875,5865.43017578125,5865.43017578125,103006000
2002-10-16,5924.93994140625,6039.97021484375,5924.93994140625,6039.97021484375,55911400
2002-10-17,5985.77001953125,6001.5,5926.31005859375,5926.31005859375,85365400
2002-10-18,5973.2099609375,5990.2001953125,5957.56982421875,5986.919921875,52193000
2002-10-21,6017.3701171875,6035.7900390625,5945.18994140625,5975.9501953125,62834400
2002-10-22,5979.56982421875,6015.5400390625,5952.2900390625,6013.93994140625,52181800
2002-10-23,6000.6201171875,6016.18994140625,5960.919921875,5979.4501953125,50619600
2002-10-24,5908.06982421875,6014.68017578125,5908.06982421875,6000.759765625,42635800
2002-10-25,5905.580078125,5929.9501953125,5903.64990234375,5907.72998046875,31829200
2002-10-28,5887.2900390625,5940.7001953125,5887.2900390625,5906.64013671875,53331400
2002-10-29,5893.759765625,5901.6201171875,5832.580078125,5876.60986328125,63284800
2002-10-30,5963.830078125,5988.89013671875,5894.2900390625,5894.2900390625,48401400
2002-10-31,5967.72998046875,5988.47998046875,5946.66015625,5966.56982421875,79131400
2002-11-01,6045.16015625,6054.22021484375,5965.2099609375,5967.52978515625,59028200
2002-11-04,6058.89990234375,6150.43017578125,6046.740234375,6046.740234375,92843200
2002-11-05,6040.169921875,6073.9599609375,6011.14990234375,6058.6298828125,0
2002-11-06,6064.0,6064.27001953125,6017.6298828125,6041.93017578125,56273200
2002-11-07,6009.93017578125,6064.0400390625,5999.2001953125,6064.0400390625,51371200
2002-11-08,5988.52978515625,6031.77978515625,5973.66015625,6009.83984375,37376600
2002-11-11,5891.7900390625,5984.6298828125,5891.0,5984.6298828125,44073000
2002-11-12,5865.10986328125,5915.2099609375,5864.4599609375,5891.740234375,55136200
2002-11-13,5813.35986328125,5864.0498046875,5788.27001953125,5864.0498046875,59581000
2002-11-14,5898.06005859375,5915.66015625,5816.7099609375,5816.7099609375,52778200
2002-11-15,5819.08984375,5903.81005859375,5819.08984375,5898.18017578125,53298800
2002-11-18,5726.0,5825.14990234375,5725.60986328125,5819.43994140625,42777200
2002-11-19,5641.740234375,5724.0498046875,5625.0400390625,5724.0498046875,60571000
2002-11-21,5859.0498046875,5859.7900390625,5643.06005859375,5643.14990234375,92791000
2002-11-22,5818.43017578125,5876.2099609375,5803.830078125,5858.33984375,52392000
2002-11-25,5861.81982421875,5875.14013671875,5815.669921875,5817.75,24347800
2002-11-26,5922.41015625,5940.52978515625,5842.509765625,5861.68017578125,56936000
2002-11-27,6129.25,6132.1298828125,5922.75,5922.75,104740400
2002-11-28,6158.490234375,6178.7998046875,6115.72021484375,6129.93994140625,23908000
2002-11-29,6156.830078125,6158.97021484375,6125.490234375,6158.75,45663600
2002-12-02,6223.58984375,6263.759765625,6160.35986328125,6160.35986328125,81629600
2002-12-03,6221.68017578125,6248.06005859375,6167.7900390625,6223.52001953125,49735800
2002-12-04,6187.669921875,6220.31005859375,6156.4599609375,6220.31005859375,49046600
2002-12-05,6152.009765625,6200.10009765625,6148.990234375,6190.39990234375,34074200
2002-12-06,6126.22998046875,6154.97021484375,6116.56005859375,6146.52001953125,42236400
2002-12-09,6053.75,6130.2099609375,6018.080078125,6126.35986328125,34255000
2002-12-10,6081.52001953125,6093.419921875,6053.39990234375,6053.39990234375,42920000
2002-12-11,6135.39013671875,6173.6298828125,6080.77978515625,6082.22998046875,49175400
2002-12-13,6114.2001953125,6153.22998046875,6113.33984375,6135.7001953125,49390600
2002-12-16,6185.9501953125,6191.27001953125,6115.68994140625,6115.68994140625,56482200
2002-12-17,6168.4599609375,6197.68994140625,6146.240234375,6183.4599609375,41336600
2002-12-18,6089.66015625,6167.81982421875,6073.080078125,6142.97021484375,46549600
2002-12-19,6120.4599609375,6130.83984375,6082.490234375,6089.490234375,0
2002-12-20,6130.830078125,6154.14013671875,6118.4599609375,6119.0400390625,124753400
2002-12-23,6153.22021484375,6160.509765625,6137.1298828125,6137.1298828125,14814200
2002-12-24,6151.47998046875,6158.2099609375,6113.81005859375,6153.4501953125,5767000
2002-12-26,6182.91015625,6194.6298828125,6151.169921875,6153.31982421875,11294200
2002-12-27,6126.240234375,6190.77978515625,6118.740234375,6182.85986328125,12421400
2002-12-30,6124.509765625,6131.93017578125,6089.740234375,6126.1298828125,20230400
2002-12-31,6127.08984375,6133.740234375,6098.83984375,6127.0,19741200
2003-01-02,6225.39990234375,6231.75,6120.81005859375,6131.66015625,17226400
2003-01-03,6253.33984375,6264.85009765625,6219.89990234375,6225.27978515625,29917400
2003-01-06,6333.4599609375,6363.740234375,6256.3701171875,6256.3701171875,76741000
2003-01-07,6279.27978515625,6332.89990234375,6278.7001953125,6331.68017578125,52682200
2003-01-08,6266.47998046875,6299.75,6262.33984375,6279.81005859375,47375200
2003-01-09,6329.9599609375,6333.0,6271.009765625,6271.009765625,44728200
2003-01-10,6353.02978515625,6383.47998046875,6315.6298828125,6328.35986328125,48821400
2003-01-13,6364.64013671875,6396.91015625,6347.18994140625,6352.89990234375,31325800
2003-01-14,6407.0,6407.0,6361.52978515625,6365.7099609375,65750200
2003-01-15,6398.89990234375,6415.85009765625,6378.91015625,6404.759765625,76527800
2003-01-16,6331.990234375,6404.18017578125,6324.240234375,6399.72021484375,67639400
2003-01-17,6204.4599609375,6331.56982421875,6204.4599609375,6330.919921875,86215400
2003-01-20,6161.1201171875,6203.60986328125,6160.72998046875,6203.14990234375,20846000
2003-01-21,6092.1298828125,6170.52001953125,6087.31005859375,6161.47998046875,70584600
2003-01-22,6024.08984375,6091.6201171875,6009.259765625,6091.6201171875,59733000
2003-01-23,6054.43994140625,6064.97998046875,6021.580078125,6024.1298828125,39030600
2003-01-24,6012.56005859375,6057.7001953125,5984.35009765625,6056.39990234375,38200600
2003-01-27,5923.330078125,6009.5400390625,5903.56982421875,6009.5400390625,41689800
2003-01-28,5919.7001953125,5929.77001953125,5860.16015625,5919.330078125,68146200
2003-01-29,5937.97021484375,5950.14013671875,5874.0498046875,5918.31982421875,60833600
2003-01-30,5870.509765625,5953.1201171875,5870.509765625,5940.740234375,58760800
2003-01-31,5954.35009765625,5955.06982421875,5867.85009765625,5870.330078125,48041800
2003-02-03,6031.81005859375,6059.5498046875,5949.93017578125,5954.08984375,39921000
2003-02-04,5968.4599609375,6032.0,5955.0,6030.52978515625,42085000
2003-02-06,5894.27001953125,5967.72998046875,5881.7900390625,5967.72998046875,50534600
2003-02-07,5866.02978515625,5914.83984375,5838.4599609375,5898.97021484375,69819200
2003-02-10,5837.89013671875,5877.990234375,5837.7900390625,5866.22021484375,83299200
2003-02-11,5779.4501953125,5850.75,5778.419921875,5834.33984375,56102800
2003-02-12,5763.8701171875,5789.669921875,5753.81982421875,5779.259765625,66217000
2003-02-13,5791.39013671875,5791.580078125,5718.2099609375,5764.0498046875,52902000
2003-02-14,5774.39013671875,5796.64990234375,5749.16015625,5790.68017578125,66070800
2003-02-17,5829.8701171875,5833.10986328125,5773.14013671875,5773.14013671875,18239600
2003-02-18,5880.009765625,5897.31005859375,5813.33984375,5831.68994140625,71613600
2003-02-19,5857.35009765625,5882.14013671875,5845.330078125,5880.18994140625,48268200
2003-02-20,5880.89990234375,5896.7900390625,5853.56982421875,5856.93994140625,46547200
2003-02-21,5956.97021484375,5958.10986328125,5876.8798828125,5882.1298828125,38371600
2003-02-24,5913.68017578125,5956.2998046875,5911.93994140625,5956.2998046875,32499800
2003-02-25,5869.2099609375,5910.83984375,5816.81005859375,5910.83984375,68199600
2003-02-26,5869.7900390625,5889.1201171875,5853.52978515625,5871.02978515625,56797800
2003-02-27,5900.02001953125,5901.52001953125,5866.1201171875,5869.740234375,47488600
2003-02-28,5927.06005859375,5934.75,5902.14990234375,5902.14990234375,58529800
2003-03-03,5926.64990234375,5941.18994140625,5920.4501953125,5925.169921875,58249400
2003-03-04,5911.240234375,5926.2900390625,5892.66015625,5926.2900390625,40439000
2003-03-05,5914.41015625,5930.009765625,5909.009765625,5910.580078125,52767200
2003-03-06,5913.919921875,5928.43017578125,5893.5,5914.47021484375,44486200
2003-03-07,5907.93017578125,5913.60986328125,5878.0400390625,5913.60986328125,41863800
2003-03-10,5859.77001953125,5908.22998046875,5859.77001953125,5908.18017578125,74209400
2003-03-11,5821.10009765625,5865.759765625,5821.10009765625,5859.9501953125,53012400
2003-03-12,5809.97021484375,5821.14990234375,5764.77001953125,5821.14990234375,55280400
2003-03-13,5931.9599609375,5936.0400390625,5810.43017578125,5810.43017578125,74800400
2003-03-14,5993.009765625,5993.2998046875,5918.919921875,5932.509765625,64558600
2003-03-17,6009.919921875,6014.16015625,5968.85986328125,5991.58984375,73244200
2003-03-18,6042.759765625,6048.89990234375,6011.93994140625,6011.93994140625,72161000
2003-03-19,6017.43017578125,6054.18017578125,5995.2099609375,6044.18017578125,51586400
2003-03-20,6048.41015625,6050.58984375,5984.7001953125,6013.93017578125,54776800
2003-03-24,5924.33984375,6058.22021484375,5923.759765625,6049.1201171875,58956600
2003-03-25,5937.990234375,5955.68017578125,5894.669921875,5922.919921875,67531000
2003-03-26,5952.3798828125,5974.7099609375,5923.85986328125,5931.35986328125,48593000
2003-03-27,5951.33984375,5975.2001953125,5933.0400390625,5952.68017578125,56542200
2003-03-28,5947.47998046875,5962.919921875,5938.2001953125,5951.2001953125,41961000
2003-03-31,5914.02978515625,5947.009765625,5895.72021484375,5947.009765625,52620000
2003-04-01,5895.759765625,5916.3701171875,5881.97998046875,5914.68994140625,51801400
2003-04-02,6008.509765625,6030.58984375,5899.009765625,5899.009765625,67511400
2003-04-03,6034.740234375,6072.52001953125,6007.7998046875,6009.93017578125,66493000
2003-04-04,6158.97021484375,6176.990234375,6035.68994140625,6035.68994140625,86367400
2003-04-07,6257.1298828125,6292.35009765625,6168.22998046875,6168.22998046875,108733000
2003-04-08,6259.4599609375,6277.22021484375,6220.56982421875,6258.5498046875,54594600
2003-04-09,6212.14013671875,6262.330078125,6212.14013671875,6260.18994140625,44270200
2003-04-10,6154.02001953125,6212.68994140625,6135.259765625,6212.68994140625,67218600
2003-04-11,6175.22021484375,6190.02978515625,6154.02001953125,6154.06982421875,45029800
2003-04-14,6232.740234375,6232.740234375,6167.08984375,6175.0498046875,28881400
2003-04-15,6333.58984375,6335.22021484375,6232.75,6232.75,69248200
2003-04-16,6306.60009765625,6349.52978515625,6304.10009765625,6328.669921875,49235600
2003-04-21,6326.64990234375,6336.5,6302.0,6306.35009765625,36347200
2003-04-22,6373.91015625,6390.8701171875,6299.830078125,6327.740234375,59696200
2003-04-23,6385.10986328125,6402.5,6360.830078125,6373.3798828125,63023400
2003-04-24,6379.43994140625,6390.669921875,6331.60986328125,6384.3798828125,82569600
2003-04-25,6333.0,6387.8798828125,6328.93017578125,6378.39990234375,55289600
2003-04-28,6428.2001953125,6430.8798828125,6332.919921875,6333.35009765625,63942400
2003-04-29,6499.68994140625,6533.9501953125,6428.669921875,6428.669921875,78425400
2003-04-30,6509.8798828125,6549.0498046875,6484.990234375,6502.06005859375,75227400
2003-05-02,6590.919921875,6591.0498046875,6485.830078125,6509.91015625,82059900
2003-05-05,6608.18017578125,6611.89013671875,6570.1201171875,6588.9501953125,57384400
2003-05-06,6614.68017578125,6651.22021484375,6600.06005859375,6604.14990234375,72420400
2003-05-07,6575.2900390625,6610.39990234375,6551.14990234375,6610.39990234375,78677200
2003-05-08,6408.6201171875,6575.85986328125,6404.14990234375,6575.85986328125,94256000
2003-05-09,6488.490234375,6494.31005859375,6408.56005859375,6408.56005859375,64939400
2003-05-12,6496.43017578125,6516.25,6475.97998046875,6488.83984375,47962400
2003-05-13,6491.89013671875,6517.89990234375,6478.330078125,6491.18994140625,88080200
2003-05-14,6549.7900390625,6550.68994140625,6486.5400390625,6492.259765625,76939200
2003-05-15,6633.509765625,6643.10986328125,6547.5498046875,6550.419921875,68363800
2003-05-16,6556.91015625,6633.56005859375,6552.85986328125,6633.56005859375,43047400
2003-05-19,6469.18017578125,6556.9501953125,6469.18017578125,6556.9501953125,43252400
2003-05-20,6388.490234375,6480.93994140625,6380.39990234375,6468.8798828125,79739800
2003-05-21,6410.81982421875,6457.330078125,6356.7001953125,6385.8701171875,64063200
2003-05-22,6510.89013671875,6528.2001953125,6411.47021484375,6411.47021484375,64249600
2003-05-23,6586.919921875,6590.2998046875,6510.72998046875,6510.72998046875,56902400
2003-05-26,6545.77978515625,6595.08984375,6544.7001953125,6587.27978515625,8740800
2003-05-27,6650.31005859375,6662.64013671875,6532.759765625,6546.4501953125,104067800
2003-05-28,6667.35009765625,6738.27978515625,6652.52001953125,6652.52001953125,100138600
2003-05-29,6647.7099609375,6720.56005859375,6641.18017578125,6667.89990234375,64295400
2003-05-30,6699.18017578125,6728.64990234375,6647.740234375,6647.83984375,90090000
2003-06-02,6722.240234375,6793.47998046875,6699.25,6699.64013671875,85395200
2003-06-03,6738.97021484375,6746.18994140625,6712.83984375,6722.27001953125,54616400
2003-06-04,6889.759765625,6895.0498046875,6738.89990234375,6738.89990234375,107623800
2003-06-05,6873.39013671875,6903.66015625,6849.33984375,6889.10986328125,101653800
2003-06-06,6870.60009765625,6962.81982421875,6870.60009765625,6877.68017578125,97260600
2003-06-09,6801.58984375,6881.83984375,6792.7900390625,6871.31005859375,52548800
2003-06-10,6924.990234375,6925.18994140625,6804.27978515625,6804.27978515625,78140200
2003-06-11,6979.68017578125,6982.02001953125,6899.240234375,6924.4599609375,69325800
2003-06-12,7060.5,7060.5,6976.259765625,6979.85986328125,80758800
2003-06-13,6984.6298828125,7058.2001953125,6984.2001953125,7058.2001953125,134018000
2003-06-16,7019.490234375,7029.16015625,6978.31982421875,6984.68017578125,0
2003-06-17,7130.22998046875,7130.3798828125,7020.72998046875,7020.72998046875,119234400
2003-06-18,7125.41015625,7184.18017578125,7094.9599609375,7129.58984375,99230400
2003-06-19,7084.009765625,7134.56982421875,7067.1201171875,7127.9599609375,68801200
2003-06-20,7080.68994140625,7100.4501953125,7053.31005859375,7086.58984375,76058200
2003-06-23,7015.080078125,7082.97021484375,6987.33984375,7082.81982421875,73494800
2003-06-24,7114.39990234375,7115.16015625,7012.97021484375,7014.81005859375,85278000
2003-06-25,7078.35986328125,7178.330078125,7078.35986328125,7114.72998046875,85169200
2003-06-26,7118.47021484375,7119.1201171875,7075.91015625,7078.5400390625,60067400
2003-06-27,7083.4501953125,7125.759765625,7080.22998046875,7118.509765625,65347800
2003-06-30,7054.990234375,7093.85009765625,7047.75,7083.759765625,63679800
2003-07-01,7123.5400390625,7140.8798828125,7017.5498046875,7054.759765625,87139800
2003-07-02,7164.02001953125,7179.990234375,7123.7900390625,7123.7900390625,67779800
2003-07-03,7127.419921875,7163.2900390625,7119.97998046875,7163.2900390625,40595800
2003-07-04,7142.85009765625,7142.85009765625,7117.58984375,7127.6201171875,7838600
2003-07-07,7215.02978515625,7222.43017578125,7130.18017578125,7143.02978515625,86435600
2003-07-08,7234.93994140625,7234.93994140625,7189.10009765625,7215.080078125,111894400
2003-07-09,7171.89013671875,7235.009765625,7147.7998046875,7234.97998046875,85030200
2003-07-10,7096.0400390625,7171.52001953125,7055.4599609375,7171.52001953125,78455200
2003-07-11,7083.81982421875,7108.2998046875,7075.47998046875,7096.93994140625,40668000
2003-07-14,7167.5400390625,7168.08984375,7085.18994140625,7085.18994140625,55785200
2003-07-15,7120.31005859375,7192.35009765625,7119.6298828125,7170.3798828125,59489400
2003-07-16,7023.93994140625,7128.64013671875,7023.2900390625,7122.43994140625,75677800
2003-07-17,6999.06982421875,7023.7900390625,6991.39013671875,7023.41015625,89130000
2003-07-18,7030.759765625,7044.330078125,6980.31982421875,6999.0400390625,50208800
2003-07-21,7024.72998046875,7035.759765625,7001.02001953125,7032.1298828125,44594400
2003-07-22,7164.2900390625,7169.39990234375,7025.41015625,7025.41015625,96276200
2003-07-23,7280.64990234375,7280.91015625,7164.93017578125,7164.93017578125,111538000
2003-07-24,7309.41015625,7357.52978515625,7280.14990234375,7280.830078125,139990000
2003-07-25,7349.9599609375,7355.75,7274.43017578125,7309.60986328125,58668000
2003-07-28,7314.22021484375,7354.75,7312.8701171875,7350.02001953125,63012800
2003-07-29,7233.2001953125,7316.35986328125,7226.18994140625,7314.93017578125,70274400
2003-07-30,7260.2001953125,7271.27978515625,7235.1201171875,7240.97998046875,52710600
2003-07-31,7355.06982421875,7369.22998046875,7262.66015625,7262.66015625,80611800
2003-08-01,7320.41015625,7354.97998046875,7306.89013671875,7354.97998046875,37292400
2003-08-04,7344.43017578125,7348.81005859375,7275.5,7319.22998046875,40675000
2003-08-05,7273.4501953125,7357.35986328125,7273.4501953125,7344.58984375,49757600
2003-08-06,7230.06982421875,7272.77001953125,7218.7998046875,7272.77001953125,46536400
2003-08-07,7304.669921875,7306.35009765625,7230.06005859375,7230.06005859375,56988200
2003-08-08,7316.68994140625,7346.6201171875,7306.77978515625,7306.77978515625,39802600
2003-08-11,7356.6201171875,7363.9501953125,7308.25,7316.759765625,29378600
2003-08-12,7358.3701171875,7364.33984375,7328.6201171875,7356.68017578125,42913200
2003-08-13,7368.919921875,7394.35009765625,7325.10009765625,7359.009765625,59381800
2003-08-14,7421.740234375,7470.25,7364.56982421875,7368.89013671875,72243000
2003-08-15,7418.43017578125,7458.97021484375,7407.10009765625,7421.77001953125,0
2003-08-18,7500.009765625,7501.830078125,7420.0498046875,7420.259765625,0
2003-08-19,7487.56982421875,7524.3798828125,7465.5498046875,7499.990234375,91021000
2003-08-20,7460.14990234375,7489.2998046875,7426.8701171875,7486.89990234375,95411600
2003-08-21,7498.31005859375,7517.080078125,7460.27978515625,7460.27978515625,77198400
2003-08-22,7493.72998046875,7541.02001953125,7481.7900390625,7498.4599609375,68784800
2003-08-25,7435.330078125,7494.990234375,7412.97998046875,7494.990234375,40689800
2003-08-26,7437.72021484375,7449.35986328125,7400.5400390625,7435.39990234375,47849400
2003-08-27,7502.080078125,7515.169921875,7436.64990234375,7439.0,58925600
2003-08-28,7563.490234375,7566.6201171875,7501.81005859375,7501.81005859375,79088600
2003-08-29,7591.419921875,7596.68994140625,7563.10009765625,7568.47998046875,58074600
2003-09-01,7631.81982421875,7634.72021484375,7592.1201171875,7593.25,16766600
2003-09-02,7671.740234375,7672.85986328125,7596.2099609375,7631.85009765625,90706800
2003-09-03,7719.1201171875,7780.41015625,7670.39990234375,7671.77978515625,103441600
2003-09-04,7719.47998046875,7746.64990234375,7692.60009765625,7717.64990234375,63804200
2003-09-05,7775.33984375,7778.8798828125,7720.1201171875,7720.1201171875,70814200
2003-09-08,7814.6298828125,7833.0400390625,7775.5400390625,7775.5400390625,75571400
2003-09-09,7732.89990234375,7817.3701171875,7731.81005859375,7815.31005859375,64204600
2003-09-10,7734.72021484375,7752.77001953125,7690.56982421875,7732.169921875,68462600
2003-09-11,7741.8701171875,7748.93994140625,7720.10986328125,7734.7998046875,75470800
2003-09-12,7712.75,7741.81982421875,7704.669921875,7741.72021484375,53859800
2003-09-15,7729.14013671875,7740.009765625,7697.02978515625,7714.77001953125,44432200
2003-09-17,7746.5400390625,7746.56982421875,7698.02001953125,7729.77001953125,80226600
2003-09-18,7868.27978515625,7869.10986328125,7745.72998046875,7746.4501953125,69871000
2003-09-19,7891.669921875,7902.08984375,7833.39013671875,7868.18017578125,64311400
2003-09-22,7815.47021484375,7891.81005859375,7791.77001953125,7891.6298828125,48886600
2003-09-23,7834.47021484375,7837.5400390625,7794.56005859375,7815.56982421875,51017800
2003-09-24,7788.080078125,7861.4599609375,7787.47998046875,7835.0498046875,61942600
2003-09-25,7771.93017578125,7793.60009765625,7764.47998046875,7788.85009765625,136972600
2003-09-26,7786.22021484375,7800.2099609375,7760.1201171875,7771.7900390625,50282200
2003-09-29,7836.35986328125,7836.35986328125,7783.5400390625,7795.10986328125,37678400
2003-09-30,7822.47998046875,7852.22998046875,7795.02001953125,7836.89990234375,76826400
2003-10-01,7937.18017578125,7948.330078125,7822.60986328125,7825.41015625,0
2003-10-02,7775.7998046875,7937.89013671875,7775.7998046875,7933.18017578125,79460600
2003-10-03,7838.77001953125,7876.02978515625,7776.4599609375,7776.509765625,66968200
2003-10-06,7816.31005859375,7839.47998046875,7792.2998046875,7839.47998046875,43087400
2003-10-07,7825.009765625,7834.2099609375,7784.31005859375,7813.080078125,55686400
2003-10-08,7812.06982421875,7852.669921875,7809.14013671875,7825.0498046875,61218600
2003-10-09,7937.0,7999.16015625,7812.22021484375,7812.22021484375,98903400
2003-10-10,7949.02978515625,7962.759765625,7918.02001953125,7937.0498046875,59042200
2003-10-13,7960.419921875,7970.85986328125,7939.58984375,7949.66015625,47453600
2003-10-14,7886.72021484375,7962.31005859375,7883.2099609375,7962.31005859375,70490800
2003-10-15,7843.7001953125,7912.39013671875,7839.330078125,7886.89990234375,65156200
2003-10-16,7838.14013671875,7862.7099609375,7823.5498046875,7842.080078125,59776800
2003-10-17,7859.81982421875,7885.240234375,7838.35009765625,7838.35009765625,63587200
2003-10-20,7875.77001953125,7880.31005859375,7836.9599609375,7859.919921875,49406600
2003-10-21,7936.68017578125,7943.240234375,7874.02978515625,7877.66015625,80269600
2003-10-22,7914.14013671875,7938.81005859375,7874.6201171875,7938.81005859375,82402400
2003-10-23,7874.0498046875,7912.009765625,7871.27001953125,7912.009765625,61494600
2003-10-24,7842.85986328125,7872.9501953125,7819.77978515625,7872.9501953125,94511200
2003-10-27,7905.2099609375,7912.85009765625,7842.2900390625,7842.91015625,0
2003-10-28,7928.72021484375,7931.0400390625,7891.0,7905.18994140625,96813000
2003-10-29,7925.2001953125,7959.85986328125,7907.18017578125,7929.0,90069600
2003-10-30,8022.93994140625,8054.02001953125,7927.10009765625,7927.10009765625,85966800
2003-10-31,8064.830078125,8064.990234375,8019.4501953125,8023.18994140625,104473000
2003-11-03,8237.16015625,8243.5,8064.8798828125,8064.8798828125,133653000
2003-11-04,8265.849609375,8324.6298828125,8235.7197265625,8237.240234375,139762400
2003-11-05,8232.0595703125,8282.26953125,8218.650390625,8265.7802734375,92869400
2003-11-06,8342.6298828125,8347.580078125,8228.169921875,8231.6904296875,100100600
2003-11-07,8430.599609375,8455.8095703125,8343.3203125,8343.3203125,122613600
2003-11-10,8372.099609375,8434.0595703125,8372.099609375,8430.669921875,55613400
2003-11-11,8365.509765625,8371.5595703125,8323.3798828125,8371.5595703125,68420400
2003-11-12,8539.3095703125,8542.8896484375,8365.48046875,8365.6298828125,106206800
2003-11-13,8643.9296875,8652.26953125,8539.58984375,8540.01953125,102857800
2003-11-14,8606.0302734375,8660.2099609375,8605.98046875,8644.349609375,72761800
2003-11-17,8488.650390625,8606.75,8473.7099609375,8606.75,56702200
2003-11-18,8542.0,8548.0,8488.0,8489.0,64345400
2003-11-19,8351.2900390625,8536.1904296875,8330.7802734375,8535.41015625,101967400
2003-11-21,8335.1201171875,8347.73046875,8298.4501953125,8347.73046875,45345000
2003-11-24,8164.72998046875,8381.009765625,8164.72998046875,8334.01953125,103448800
2003-11-25,8288.8095703125,8309.2900390625,8172.919921875,8172.919921875,99065600
2003-11-26,8385.400390625,8404.7998046875,8288.4296875,8291.7099609375,69468800
2003-11-27,8455.98046875,8459.4404296875,8375.599609375,8385.2802734375,13322200
2003-11-28,8554.48046875,8589.6103515625,8443.759765625,8455.6796875,69003400
2003-12-01,8621.1103515625,8659.08984375,8553.33984375,8553.33984375,73742000
2003-12-02,8635.4404296875,8668.0302734375,8541.0400390625,8621.3798828125,65050600
2003-12-03,8553.740234375,8642.669921875,8543.3095703125,8635.580078125,61471200
2003-12-04,8528.8095703125,8569.16015625,8515.2900390625,8553.599609375,47054600
2003-12-05,8489.5400390625,8530.3095703125,8444.9404296875,8527.3701171875,52248800
2003-12-08,8509.3798828125,8510.3701171875,8456.080078125,8489.759765625,33663600
2003-12-09,8429.0302734375,8509.5302734375,8427.91015625,8509.4599609375,66922000
2003-12-10,8342.1103515625,8428.9599609375,8333.83984375,8428.9599609375,66339400
2003-12-11,8441.08984375,8441.259765625,8340.1298828125,8342.1103515625,83448800
2003-12-15,8337.9697265625,8441.4296875,8323.240234375,8440.490234375,86955400
2003-12-16,8348.33984375,8366.5595703125,8300.9501953125,8337.9697265625,70671200
2003-12-17,8416.0703125,8416.9296875,8343.599609375,8348.33984375,71747200
2003-12-18,8519.7001953125,8541.0400390625,8416.0703125,8416.0703125,91105800
2003-12-19,8564.900390625,8573.83984375,8517.3798828125,8520.0302734375,66489000
2003-12-22,8564.900390625,8598.2197265625,8540.1396484375,8564.919921875,42767200
2003-12-23,8607.9599609375,8610.4296875,8554.580078125,8564.759765625,45739000
2003-12-24,8636.0498046875,8641.3896484375,8583.5595703125,8607.9599609375,27448200
2003-12-26,8632.1298828125,8635.150390625,8599.8896484375,8635.150390625,18236000
2003-12-29,8729.5302734375,8731.51953125,8632.1298828125,8632.1298828125,41626400
2003-12-30,8771.4296875,8785.7998046875,8728.7802734375,8729.5302734375,33939000
2003-12-31,8795.2802734375,8805.3701171875,8771.73046875,8771.83984375,20643800
2004-01-02,8818.1904296875,8823.580078125,8776.9697265625,8795.2802734375,36236400
2004-01-05,9054.1103515625,9056.240234375,8820.6298828125,8820.6298828125,117640400
2004-01-06,9038.4599609375,9060.4501953125,9015.259765625,9054.25,100755400
2004-01-07,9098.2197265625,9116.3095703125,9034.7099609375,9038.4599609375,148977000
2004-01-08,9169.8095703125,9193.5595703125,9100.0498046875,9100.1396484375,141707400
2004-01-09,9102.8203125,9216.7099609375,9051.23046875,9166.7099609375,114263000
2004-01-12,9129.0498046875,9152.8203125,9104.5703125,9110.8701171875,81220600
2004-01-13,9141.580078125,9156.5302734375,9117.1201171875,9129.0498046875,80263000
2004-01-14,9171.66015625,9202.3095703125,9107.099609375,9142.1201171875,95568200
2004-01-15,9135.16015625,9178.1103515625,9110.2099609375,9172.919921875,104308400
2004-01-16,9193.8095703125,9216.5595703125,9134.2900390625,9137.7197265625,104352600
2004-01-19,9242.5703125,9243.650390625,9185.3603515625,9193.900390625,27308800
2004-01-20,9322.8203125,9371.669921875,9243.2001953125,9243.2001953125,126998200
2004-01-21,9427.7998046875,9458.240234375,9322.8203125,9322.8203125,153101800
2004-01-22,9497.009765625,9504.5498046875,9401.669921875,9427.7998046875,103723000
2004-01-23,9480.240234375,9639.259765625,9464.3701171875,9498.0400390625,178694600
2004-01-26,9563.91015625,9574.8798828125,9473.75,9480.240234375,83836800
2004-01-27,9612.1396484375,9612.5595703125,9525.0302734375,9563.599609375,133192600
2004-01-28,9551.1298828125,9690.1298828125,9549.759765625,9612.4599609375,154516000
2004-01-29,9444.23046875,9564.0,9362.4501953125,9546.1904296875,117369000
2004-01-30,9428.76953125,9453.3701171875,9369.83984375,9444.23046875,93671400
2004-02-02,9633.8603515625,9650.9501953125,9429.98046875,9429.98046875,348235600
2004-02-03,9702.849609375,9738.83984375,9640.7001953125,9640.7001953125,288586200
2004-02-04,9674.1796875,9748.6103515625,9658.2099609375,9702.7998046875,211944000
2004-02-06,9810.76953125,9843.2001953125,9674.2998046875,9674.2998046875,145574200
2004-02-09,9882.349609375,9893.08984375,9810.9697265625,9810.9697265625,113568000
2004-02-10,9804.9404296875,9912.5498046875,9802.349609375,9882.349609375,110326600
2004-02-11,9875.3203125,9876.1103515625,9759.9501953125,9807.0302734375,159038400
2004-02-12,9960.0498046875,9996.73046875,9862.2998046875,9874.6396484375,137527200
2004-02-13,9982.8701171875,9987.990234375,9911.5,9960.0498046875,148405800
2004-02-16,10004.6904296875,10031.25,9976.76953125,9981.51953125,27608800
2004-02-17,10100.0498046875,10192.9404296875,10007.8603515625,10007.8603515625,201751400
2004-02-18,10125.0400390625,10156.6796875,10090.990234375,10110.98046875,181321800
2004-02-19,10072.23046875,10142.66015625,10060.48046875,10125.5,247233200
2004-02-20,9888.73046875,10072.5400390625,9803.900390625,10072.23046875,173057200
2004-02-23,9764.3896484375,9896.4697265625,9712.7802734375,9890.7802734375,159143200
2004-02-24,9855.0302734375,9887.23046875,9699.9697265625,9764.3896484375,155731200
2004-02-25,9926.669921875,9926.8798828125,9854.01953125,9854.08984375,115601800
2004-02-26,10003.5703125,10011.2802734375,9918.98046875,9928.150390625,129083400
2004-02-27,9991.7998046875,10023.599609375,9964.8798828125,10003.830078125,187710400
2004-03-01,10157.1298828125,10174.01953125,9992.48046875,9992.48046875,149985800
2004-03-02,10106.4404296875,10229.01953125,10097.9599609375,10157.1298828125,128899200
2004-03-03,10053.1796875,10111.41015625,9968.3603515625,10106.080078125,131371800
2004-03-04,10196.169921875,10196.6298828125,10052.8203125,10053.2998046875,142481800
2004-03-05,10195.0302734375,10239.8798828125,10146.9697265625,10196.169921875,162616800
2004-03-08,10095.8701171875,10201.740234375,10086.2001953125,10195.2900390625,106670600
2004-03-09,10079.2001953125,10105.5703125,10038.580078125,10095.4697265625,114955000
2004-03-10,9978.7099609375,10095.849609375,9975.9697265625,10079.0498046875,117228400
2004-03-11,9725.830078125,9978.580078125,9725.5,9978.580078125,148449800
2004-03-12,9837.330078125,9837.919921875,9723.8701171875,9724.4697265625,97401400
2004-03-15,9791.349609375,9838.900390625,9766.7001953125,9837.330078125,54206000
2004-03-16,9877.2900390625,9890.8701171875,9794.1298828125,9794.1298828125,85004000
2004-03-17,9959.41015625,9980.150390625,9867.3701171875,9867.669921875,116580400
2004-03-18,9952.009765625,9959.4404296875,9874.490234375,9959.41015625,67726200
2004-03-19,10039.6796875,10061.01953125,9953.400390625,9953.400390625,78669000
2004-03-22,9928.3203125,10032.6103515625,9866.259765625,10032.6103515625,80441600
2004-03-23,10053.8896484375,10063.23046875,9928.01953125,9928.01953125,93718800
2004-03-24,10161.650390625,10163.009765625,10053.8896484375,10053.8896484375,91623000
2004-03-25,10344.7900390625,10372.1103515625,10161.900390625,10161.900390625,142041800
2004-03-26,10432.0,10494.349609375,10334.23046875,10347.7998046875,93152800
2004-03-29,10455.509765625,10555.0,10428.150390625,10428.150390625,83018600
2004-03-30,10468.75,10470.099609375,10414.6396484375,10455.8798828125,59968200
2004-03-31,10517.5,10517.5,10442.83984375,10469.48046875,140339800
2004-04-01,10611.8701171875,10672.91015625,10517.5,10517.5,127376800
2004-04-02,10713.5400390625,10776.919921875,10612.009765625,10612.009765625,119179600
2004-04-05,10749.23046875,10749.23046875,10683.9404296875,10714.099609375,43986900
2004-04-06,10714.2802734375,10749.23046875,10699.759765625,10749.23046875,48189600
2004-04-07,10746.580078125,10780.9501953125,10674.6103515625,10714.2802734375,53650600
2004-04-12,10844.0302734375,10851.1796875,10742.1103515625,10742.1103515625,79604000
2004-04-13,10686.58984375,10894.3203125,10685.400390625,10844.23046875,90436800
2004-04-14,10609.919921875,10702.8798828125,10609.91015625,10685.2802734375,76757200
2004-04-15,10610.419921875,10610.419921875,10550.0,10609.9697265625,91615200
2004-04-16,10677.1396484375,10678.48046875,10589.7998046875,10610.419921875,84649400
2004-04-19,10646.8095703125,10701.1201171875,10582.669921875,10677.259765625,82451600
2004-04-20,10663.4404296875,10722.0498046875,10647.009765625,10647.009765625,86466000
2004-04-21,10539.400390625,10661.6298828125,10520.009765625,10661.259765625,86872200
2004-04-22,10645.150390625,10645.75,10532.0302734375,10543.330078125,85110400
2004-04-23,10721.6201171875,10765.4697265625,10645.51953125,10645.51953125,80533600
2004-04-26,10648.76953125,10740.2802734375,10627.4296875,10722.8896484375,53749800
2004-04-27,10606.6298828125,10677.0498046875,10569.7802734375,10648.76953125,69808200
2004-04-28,10240.91015625,10606.1904296875,10237.98046875,10606.1904296875,148286000
2004-04-29,9980.509765625,10253.48046875,9959.16015625,10240.4404296875,143886000
2004-04-30,9948.1298828125,10103.75,9948.1298828125,9982.580078125,96399000
2004-05-03,10191.51953125,10291.8798828125,9948.1298828125,9948.1298828125,102267800
2004-05-04,10333.169921875,10351.3203125,10187.9404296875,10191.759765625,86749200
2004-05-05,10114.490234375,10346.169921875,10113.919921875,10333.1796875,67632600
2004-05-06,9852.41015625,10114.2099609375,9839.9501953125,10114.2099609375,130252000
2004-05-07,9790.990234375,9852.490234375,9709.8798828125,9852.490234375,97285800
2004-05-10,9440.5703125,9776.5595703125,9423.990234375,9776.5595703125,133019400
2004-05-11,9648.099609375,9740.91015625,9440.5703125,9440.5703125,106413400
2004-05-12,9690.669921875,9717.1103515625,9579.1298828125,9647.7197265625,88194800
2004-05-13,9784.08984375,9829.9404296875,9672.25,9690.580078125,83225000
2004-05-14,9786.3203125,9856.2900390625,9762.599609375,9775.4404296875,81081200
2004-05-17,9605.6201171875,9778.8701171875,9589.7001953125,9778.8701171875,88120200
2004-05-18,9730.16015625,9749.2998046875,9605.8701171875,9605.8701171875,95781400
2004-05-19,9767.6298828125,9961.9697265625,9729.91015625,9743.1298828125,106441200
2004-05-20,9810.7802734375,9827.1298828125,9753.1298828125,9760.919921875,68158400
2004-05-21,9822.3896484375,9861.990234375,9820.8798828125,9827.349609375,50507800
2004-05-24,9891.490234375,9908.849609375,9823.8896484375,9824.2197265625,53540800
2004-05-25,9991.2001953125,9991.2099609375,9883.3095703125,9896.5498046875,68228000
2004-05-26,10062.580078125,10069.259765625,9975.5595703125,9991.0400390625,80802000
2004-05-27,10153.6103515625,10162.1904296875,10062.73046875,10062.73046875,83710400
2004-05-28,10028.419921875,10202.580078125,10024.3896484375,10153.7900390625,74818000
2004-05-31,10036.2900390625,10054.2001953125,9993.8798828125,10028.419921875,11846800
2004-06-01,10043.3203125,10066.2900390625,10027.6201171875,10036.2900390625,38796600
2004-06-02,9981.8896484375,10053.73046875,9981.8896484375,10043.4501953125,50202200
2004-06-03,9907.58984375,9983.1298828125,9900.3896484375,9981.150390625,58291200
2004-06-04,10057.58984375,10063.8095703125,9908.0400390625,9908.0400390625,56983200
2004-06-07,10368.6201171875,10369.0302734375,10057.58984375,10057.58984375,92744400
2004-06-08,10336.1201171875,10368.259765625,10276.0595703125,10368.259765625,90511800
2004-06-09,10219.0302734375,10336.900390625,10205.490234375,10336.25,50743200
2004-06-10,10230.5,10253.01953125,10203.830078125,10219.0302734375,64806400
2004-06-11,10214.509765625,10231.6298828125,10206.73046875,10230.330078125,6813000
2004-06-14,10093.01953125,10214.509765625,10082.849609375,10214.509765625,38198200
2004-06-15,10220.6904296875,10226.9501953125,10093.6201171875,10093.6201171875,70228800
2004-06-16,10151.599609375,10236.41015625,10145.25,10236.41015625,40924000
2004-06-17,10175.330078125,10186.7900390625,10105.509765625,10151.599609375,36492000
2004-06-18,10224.3896484375,10234.2001953125,10158.4296875,10175.330078125,43508200
2004-06-21,10187.919921875,10285.75,10185.9404296875,10217.259765625,45441400
2004-06-22,10140.25,10191.400390625,10139.400390625,10187.919921875,69228200
2004-06-23,10137.8798828125,10147.0595703125,10065.990234375,10140.08984375,57742000
2004-06-24,10182.5400390625,10184.099609375,10137.2001953125,10137.8798828125,67551400
2004-06-25,10128.7900390625,10199.1201171875,10119.3603515625,10182.5400390625,62222600
2004-06-28,10137.0302734375,10204.5302734375,10129.5498046875,10144.83984375,61043400
2004-06-29,10137.419921875,10187.58984375,10114.2802734375,10136.240234375,54784400
2004-06-30,10281.8203125,10281.9697265625,10137.419921875,10137.419921875,72581600
2004-07-01,10260.9599609375,10297.91015625,10231.9404296875,10281.9501953125,62861000
2004-07-02,10240.83984375,10262.759765625,10193.8095703125,10262.759765625,36329200
2004-07-05,10222.4501953125,10248.5302734375,10222.4501953125,10235.6298828125,5828400
2004-07-06,10121.1201171875,10227.6904296875,10118.150390625,10221.9296875,57272200
2004-07-07,10042.01953125,10139.5498046875,10037.9501953125,10121.1201171875,61959400
2004-07-08,9975.1201171875,10043.3798828125,9975.1201171875,10030.900390625,76381000
2004-07-09,10042.33984375,10044.650390625,9988.8798828125,9988.8798828125,42041800
2004-07-12,10090.419921875,10101.0400390625,10032.01953125,10043.4296875,49500200
2004-07-13,10033.900390625,10096.9296875,10024.83984375,10089.7900390625,46482400
2004-07-14,9843.01953125,10030.9296875,9837.6396484375,10030.9296875,64967800
2004-07-15,9875.5703125,9876.1201171875,9816.6201171875,9843.01953125,76614000
2004-07-16,9923.919921875,9988.25,9880.830078125,9880.830078125,70666800
2004-07-19,9921.16015625,9964.73046875,9910.0703125,9919.259765625,63765000
2004-07-20,10025.1298828125,10025.3701171875,9901.4697265625,9922.150390625,104999000
2004-07-21,9987.0595703125,10103.4296875,9981.849609375,10020.6904296875,74639000
2004-07-22,9987.330078125,10003.919921875,9951.83984375,9987.6396484375,59781400
2004-07-23,9907.669921875,9989.259765625,9907.669921875,9988.7099609375,40246800
2004-07-26,9921.400390625,9931.5703125,9902.349609375,9907.669921875,24215800
2004-07-27,10119.9599609375,10120.5,9928.1298828125,9928.1298828125,77451400
2004-07-28,10090.5595703125,10129.51953125,9966.26953125,10119.9599609375,80415400
2004-07-29,10060.2900390625,10137.3203125,10056.599609375,10092.51953125,77404000
2004-07-30,10116.3896484375,10117.7900390625,10039.4296875,10060.2900390625,67048600
2004-08-02,10173.900390625,10188.9404296875,10096.849609375,10115.9599609375,50977800
2004-08-03,10205.6103515625,10220.099609375,10115.3896484375,10174.2099609375,69710400
2004-08-04,10075.7998046875,10204.419921875,10016.400390625,10203.5,105370600
2004-08-05,10066.900390625,10125.5302734375,10065.740234375,10075.7998046875,55551600
2004-08-06,9866.1298828125,10066.58984375,9864.1103515625,10066.58984375,80199800
2004-08-09,9814.0595703125,9874.1201171875,9809.4501953125,9866.1298828125,40080200
2004-08-10,9910.83984375,9914.9501953125,9814.4404296875,9814.4404296875,67198000
2004-08-11,9849.9296875,9910.599609375,9815.2900390625,9910.599609375,57948600
2004-08-12,9812.66015625,9850.6298828125,9807.7099609375,9847.1103515625,49765400
2004-08-13,9790.6201171875,9826.2197265625,9789.4296875,9814.76953125,27921400
2004-08-16,9899.51953125,9925.8896484375,9789.419921875,9789.919921875,51009400
2004-08-17,9997.0302734375,10044.2998046875,9903.1201171875,9903.1201171875,79085000
2004-08-18,10080.5498046875,10080.650390625,9974.2802734375,9993.509765625,66958000
2004-08-19,10099.6103515625,10134.5703125,10070.9697265625,10080.5498046875,67882400
2004-08-20,10143.4296875,10149.66015625,10089.66015625,10098.259765625,60159200
2004-08-23,10169.1904296875,10206.76953125,10143.4296875,10143.4296875,49205000
2004-08-24,10222.6796875,10238.1904296875,10169.9697265625,10169.9697265625,59782600
2004-08-25,10237.8896484375,10243.6201171875,10173.150390625,10222.919921875,48307400
2004-08-26,10198.3798828125,10240.3798828125,10196.8896484375,10235.4599609375,45818600
2004-08-27,10225.0595703125,10229.1201171875,10194.240234375,10198.6796875,43119200
2004-08-30,10199.5400390625,10225.1396484375,10171.330078125,10225.0595703125,36681600
2004-08-31,10264.3203125,10265.080078125,10181.98046875,10199.5400390625,60682600
2004-09-01,10329.75,10372.740234375,10261.2197265625,10264.169921875,78170600
2004-09-02,10422.6298828125,10432.400390625,10311.900390625,10329.75,67301800
2004-09-03,10335.009765625,10437.4501953125,10334.66015625,10422.990234375,48313800
2004-09-06,10376.1103515625,10378.0498046875,10335.009765625,10335.009765625,7211200
2004-09-07,10486.7998046875,10518.400390625,10377.91015625,10377.91015625,101592400
2004-09-08,10537.9599609375,10560.7802734375,10486.9599609375,10486.9599609375,123521200
2004-09-09,10553.41015625,10590.080078125,10518.240234375,10539.3603515625,84176000
2004-09-10,10661.5302734375,10723.2197265625,10553.3203125,10553.41015625,82177200
2004-09-13,10620.3798828125,10748.580078125,10616.3701171875,10661.5302734375,67324600
2004-09-14,10701.0498046875,10702.3203125,10601.9599609375,10620.3798828125,69725600
2004-09-15,10660.91015625,10701.1396484375,10647.98046875,10701.1396484375,66775800
2004-09-17,10790.5302734375,10850.7001953125,10661.3798828125,10661.3798828125,112635400
2004-09-20,10803.6796875,10860.3603515625,10748.98046875,10790.5302734375,97967600
2004-09-21,10850.3603515625,10882.73046875,10800.669921875,10802.830078125,117452200
2004-09-22,10777.23046875,10850.16015625,10732.1201171875,10850.16015625,92313200
2004-09-23,10811.3603515625,10821.6796875,10772.0400390625,10777.91015625,87934600
2004-09-24,10856.4404296875,10873.1904296875,10810.419921875,10814.8896484375,86477400
2004-09-27,10687.599609375,10853.1298828125,10648.3203125,10853.1298828125,89950800
2004-09-28,10843.419921875,10845.2802734375,10659.5595703125,10684.58984375,124343400
2004-09-29,10980.3203125,11020.080078125,10844.150390625,10844.2998046875,137108400
2004-09-30,10957.3701171875,11038.2900390625,10941.66015625,10979.58984375,89856200
2004-10-01,11078.259765625,11094.5400390625,10961.6103515625,10962.259765625,87245600
2004-10-04,11181.6298828125,11199.080078125,11078.259765625,11078.259765625,87959000
2004-10-05,11117.33984375,11196.8095703125,11112.0302734375,11183.6904296875,92033400
2004-10-06,11090.919921875,11118.2099609375,10961.0498046875,11117.33984375,110221800
2004-10-07,11097.9599609375,11133.3203125,11083.5302734375,11090.919921875,77975200
2004-10-08,10920.9697265625,11098.330078125,10917.23046875,11097.9599609375,91815800
2004-10-11,10975.2900390625,10984.849609375,10919.580078125,10919.580078125,32932600
2004-10-12,11023.16015625,11023.16015625,10885.099609375,10972.5,74908200
2004-10-13,10942.3603515625,11070.1103515625,10890.0,11023.2802734375,99085000
2004-10-14,10876.0,10945.9296875,10862.25,10942.3603515625,60752600
2004-10-15,10991.4296875,11009.6396484375,10876.0,10876.0,66658000
2004-10-18,11055.759765625,11056.0595703125,10961.9296875,10991.4296875,52721600
2004-10-19,11023.7900390625,11159.900390625,10986.740234375,11055.759765625,75544600
2004-10-20,11076.849609375,11077.080078125,10986.83984375,11023.7900390625,60288200
2004-10-21,11166.8896484375,11168.08984375,11076.849609375,11076.849609375,113071200
2004-10-22,11226.080078125,11252.0,11167.76953125,11167.76953125,79440800
2004-10-25,11178.009765625,11229.650390625,11160.16015625,11226.080078125,57326600
2004-10-26,11341.580078125,11373.2197265625,11178.83984375,11178.83984375,0
2004-10-27,11517.7099609375,11540.83984375,11341.580078125,11341.580078125,135090800
2004-10-28,11442.4501953125,11525.83984375,11433.8095703125,11521.8798828125,94480400
2004-10-29,11564.349609375,11564.4501953125,11439.919921875,11440.3798828125,101486200
2004-11-01,11622.41015625,11640.3896484375,11558.9599609375,11564.6298828125,0
2004-11-02,11610.41015625,11681.26953125,11593.26953125,11678.25,92516600
2004-11-03,11765.76953125,11765.8203125,11610.5400390625,11610.5400390625,104432200
2004-11-04,11864.419921875,11867.490234375,11701.08984375,11765.849609375,102624200
2004-11-05,11793.8701171875,11905.5703125,11784.58984375,11864.759765625,79991800
2004-11-08,11760.0,11805.91015625,11732.990234375,11793.240234375,52661200
2004-11-09,11786.91015625,11796.9501953125,11706.0,11760.0,55034000
2004-11-10,11794.01953125,11878.6103515625,11791.75,11791.76953125,79164200
2004-11-11,11971.9501953125,11984.9599609375,11807.2197265625,11807.2197265625,92626800
2004-11-12,11957.3203125,12044.7197265625,11920.66015625,11972.1103515625,76905800
2004-11-15,11955.3896484375,11976.48046875,11933.98046875,11957.3203125,39577600
2004-11-16,11951.16015625,11958.5498046875,11889.490234375,11949.830078125,45757200
2004-11-17,12020.3798828125,12068.2001953125,11951.16015625,11951.16015625,81889800
2004-11-18,12038.9404296875,12056.9501953125,11991.2900390625,12020.3798828125,57537800
2004-11-19,11839.2099609375,12040.8203125,11833.4501953125,12038.9404296875,85789800
2004-11-22,11879.8203125,11882.580078125,11834.8701171875,11838.8896484375,46259400
2004-11-23,11876.580078125,11912.6396484375,11862.3701171875,11879.73046875,54716600
2004-11-24,11907.3203125,11917.5,11840.5,11876.66015625,73250600
2004-11-25,11997.6396484375,11997.9501953125,11908.650390625,11908.650390625,36468200
2004-11-26,12076.080078125,12078.8798828125,11983.25,11998.2802734375,47025200
2004-11-29,12196.3896484375,12236.6298828125,12079.5498046875,12079.5498046875,75165400
2004-11-30,12102.5498046875,12261.01953125,12101.349609375,12196.3896484375,96454400
2004-12-01,12233.91015625,12268.849609375,12101.01953125,12102.7001953125,105637000
2004-12-02,12116.1298828125,12249.2802734375,12074.6201171875,12233.58984375,94628400
2004-12-03,12109.4697265625,12186.8798828125,12100.3798828125,12116.169921875,55512800
2004-12-06,12190.259765625,12195.4697265625,12109.3095703125,12109.3095703125,39467800
2004-12-07,12118.3095703125,12257.73046875,12100.419921875,12195.8095703125,86672200
2004-12-08,12113.580078125,12137.990234375,12044.7998046875,12114.3603515625,65062200
2004-12-09,12124.8203125,12126.9599609375,12051.8603515625,12113.2099609375,40857000
2004-12-10,12260.8603515625,12262.990234375,12123.8203125,12126.0302734375,50150600
2004-12-13,12290.16015625,12337.58984375,12260.8603515625,12260.8603515625,43286600
2004-12-14,12430.8603515625,12469.3203125,12290.33984375,12290.33984375,73106200
2004-12-15,12493.849609375,12500.150390625,12427.7998046875,12430.8603515625,70886800
2004-12-16,12505.4501953125,12515.8896484375,12467.16015625,12495.169921875,56396600
2004-12-17,12519.7900390625,12530.9599609375,12488.330078125,12505.4501953125,46590000
2004-12-20,12514.0703125,12539.25,12483.830078125,12519.7900390625,188686200
2004-12-21,12651.73046875,12657.150390625,12514.900390625,12515.099609375,60605600
2004-12-22,12712.2001953125,12741.58984375,12655.6103515625,12656.8203125,58151600
2004-12-23,12748.4501953125,12769.849609375,12711.7802734375,12712.2001953125,69198200
2004-12-24,12802.76953125,12804.0400390625,12745.259765625,12748.4501953125,15111000
2004-12-27,12819.6103515625,12819.6103515625,12749.4296875,12803.08984375,35829000
2004-12-28,12912.6904296875,12914.669921875,12817.83984375,12819.6103515625,42630400
2004-12-29,13031.5703125,13032.7001953125,12905.01953125,12912.8896484375,43484200
2004-12-30,12968.740234375,13031.5703125,12944.3896484375,13031.5703125,21450800
2004-12-31,12917.8798828125,12971.7802734375,12911.58984375,12968.740234375,13224800
2005-01-03,13022.8203125,13067.080078125,12917.8798828125,12917.8798828125,44432200
2005-01-04,12777.1298828125,13052.759765625,12768.0498046875,13050.9501953125,86978200
2005-01-05,12591.330078125,12779.150390625,12589.3203125,12772.9697265625,94758800
2005-01-06,12703.4697265625,12703.4697265625,12463.4697265625,12590.9501953125,114575000
2005-01-07,12453.330078125,12727.6904296875,12449.6103515625,12713.8701171875,58496800
2005-01-10,12446.099609375,12559.1298828125,12407.650390625,12453.330078125,50723000
2005-01-11,12216.7998046875,12447.75,12207.1103515625,12445.9599609375,90828000
2005-01-12,12329.16015625,12329.16015625,12192.3203125,12220.1904296875,67754800
2005-01-13,12462.900390625,12528.48046875,12310.5302734375,12310.5302734375,0
2005-01-14,12694.740234375,12702.9697265625,12462.4599609375,12462.4599609375,70935400
2005-01-17,12817.8896484375,12863.6796875,12694.0400390625,12694.740234375,50812600
2005-01-18,13029.7001953125,13029.75,12712.98046875,12817.8896484375,111548000
2005-01-19,13035.8095703125,13145.4404296875,12949.2197265625,13029.7998046875,106730000
2005-01-20,12769.990234375,13035.8095703125,12769.3798828125,13035.8095703125,76917800
2005-01-21,12673.6201171875,12788.4404296875,12633.669921875,12769.990234375,64560200
2005-01-24,12743.580078125,12798.650390625,12657.8701171875,12673.6201171875,49234200
2005-01-25,12866.7802734375,12893.4599609375,12743.580078125,12743.580078125,64266000
2005-01-26,13045.0498046875,13047.1103515625,12869.349609375,12869.349609375,87792600
2005-01-27,12986.400390625,13163.8603515625,12968.7099609375,13045.349609375,95702200
2005-01-28,13040.5302734375,13042.7197265625,12895.75,12986.400390625,82964200
2005-01-31,13097.1201171875,13167.080078125,13040.2099609375,13040.2099609375,76139800
2005-02-01,13340.51953125,13358.1298828125,13094.6298828125,13097.1904296875,118572200
2005-02-02,13339.41015625,13400.669921875,13337.4599609375,13340.51953125,140109400
2005-02-03,13440.830078125,13445.759765625,13284.150390625,13338.740234375,105022000
2005-02-04,13446.9501953125,13625.6904296875,13437.2001953125,13441.330078125,102612000
2005-02-07,13476.76953125,13507.08984375,13428.25,13446.9501953125,52025000
2005-02-08,13508.5,13586.919921875,13477.400390625,13496.669921875,85385800
2005-02-09,13662.3798828125,13673.0595703125,13508.5,13508.5,100118600
2005-02-10,13708.919921875,13725.4296875,13644.9697265625,13662.66015625,93199400
2005-02-11,13714.6298828125,13792.8603515625,13654.75,13710.2900390625,68768800
2005-02-14,13564.9599609375,13760.490234375,13564.8701171875,13714.6298828125,49890600
2005-02-15,13695.91015625,13704.1103515625,13564.76953125,13564.9599609375,76493200
2005-02-16,13640.759765625,13698.2001953125,13601.2001953125,13696.2197265625,59008000
2005-02-17,13592.0302734375,13649.009765625,13555.2099609375,13640.759765625,63236200
2005-02-18,13580.259765625,13593.2998046875,13501.4697265625,13591.6103515625,59942000
2005-02-21,13600.4697265625,13613.5400390625,13580.5,13580.5,10704000
2005-02-22,13520.58984375,13610.330078125,13479.400390625,13600.759765625,72192000
2005-02-23,13541.9599609375,13553.8603515625,13496.330078125,13536.1396484375,61884800
2005-02-24,13684.5595703125,13698.849609375,13538.4697265625,13541.9599609375,92531600
2005-02-25,13870.2001953125,13889.8701171875,13685.91015625,13685.91015625,134609000
2005-02-28,13789.4599609375,13893.099609375,13717.6904296875,13870.240234375,67958000
2005-03-01,13804.76953125,13864.8896484375,13784.1103515625,13789.4599609375,97591400
2005-03-02,13770.259765625,13851.669921875,13749.4697265625,13804.76953125,74428600
2005-03-03,13782.9501953125,13829.6201171875,13748.5302734375,13770.51953125,61073800
2005-03-04,13862.759765625,13863.5400390625,13783.7197265625,13783.7197265625,77941800
2005-03-07,13877.6904296875,13931.3203125,13862.759765625,13862.759765625,57465000
2005-03-08,13752.7998046875,13878.4599609375,13733.830078125,13878.4599609375,67426200
2005-03-09,13671.400390625,13779.25,13663.4296875,13743.33984375,51546800
2005-03-10,13421.3896484375,13706.6298828125,13400.1103515625,13682.8896484375,82467000
2005-03-11,13532.349609375,13537.0400390625,13417.2802734375,13421.3896484375,68954800
2005-03-14,13238.5400390625,13555.0400390625,13235.9501953125,13535.830078125,69771600
2005-03-15,13184.26953125,13343.08984375,13183.0595703125,13238.2900390625,74948400
2005-03-16,13096.5498046875,13184.4404296875,12963.41015625,13184.26953125,87131800
2005-03-17,13138.759765625,13237.740234375,13036.259765625,13096.5498046875,68605200
2005-03-18,13094.400390625,13139.599609375,13046.9697265625,13139.599609375,47609000
2005-03-22,13062.4501953125,13164.9296875,13029.5595703125,13094.5302734375,40958400
2005-03-23,12852.8095703125,13059.75,12805.33984375,13059.75,61028600
2005-03-28,12828.91015625,13000.759765625,12809.6904296875,12889.990234375,43339000
2005-03-29,12581.7998046875,12852.4599609375,12550.7802734375,12828.91015625,77836400
2005-03-30,12653.419921875,12654.169921875,12465.7197265625,12581.7998046875,60803400
2005-03-31,12676.900390625,12743.0498046875,12639.669921875,12653.419921875,63802000
2005-04-01,12714.1904296875,12848.599609375,12676.900390625,12676.900390625,48830600
2005-04-04,12593.3798828125,12727.25,12574.2900390625,12714.1904296875,56853400
2005-04-05,12300.7001953125,12676.7802734375,12294.4404296875,12593.3798828125,88993000
2005-04-06,12170.8701171875,12377.0302734375,12170.8701171875,12307.5302734375,81099200
2005-04-07,12471.009765625,12482.990234375,12169.2998046875,12170.7802734375,85958600
2005-04-08,12531.6298828125,12573.01953125,12425.1396484375,12471.5703125,57492000
2005-04-11,12425.41015625,12543.4404296875,12422.25,12527.51953125,30578200
2005-04-12,12522.240234375,12522.2900390625,12265.3798828125,12425.41015625,62255200
2005-04-13,12424.3701171875,12557.2099609375,12391.66015625,12522.330078125,71935600
2005-04-14,12233.2099609375,12453.9296875,12233.0595703125,12421.0703125,58029800
2005-04-15,11942.7001953125,12236.7998046875,11941.759765625,12236.7998046875,94724000
2005-04-18,11739.990234375,11949.240234375,11727.509765625,11942.7001953125,76728400
2005-04-19,12011.5302734375,12051.4404296875,11754.169921875,11754.169921875,73143600
2005-04-20,11842.7197265625,12040.8896484375,11838.9501953125,12011.5302734375,56663400
2005-04-21,12063.6201171875,12066.0703125,11846.5302734375,11846.5302734375,51050600
2005-04-22,11995.3203125,12100.2900390625,11963.240234375,12063.6201171875,50488600
2005-04-25,12377.099609375,12377.9697265625,11995.259765625,11996.0302734375,73217800
2005-04-26,12577.7197265625,12578.4599609375,12317.91015625,12378.0302734375,101689200
2005-04-27,12454.6904296875,12578.2099609375,12345.650390625,12577.7197265625,69200000
2005-04-28,12255.91015625,12473.58984375,12255.91015625,12457.3896484375,53298600
2005-04-29,12322.990234375,12323.419921875,12205.4404296875,12255.91015625,62176800
2005-05-02,12424.9501953125,12440.4501953125,12321.7802734375,12322.990234375,39249400
2005-05-03,12357.8798828125,12440.009765625,12331.8603515625,12422.919921875,152339200
2005-05-04,12643.0400390625,12644.0400390625,12357.8798828125,12357.8798828125,129386400
2005-05-05,12619.91015625,12787.580078125,12567.66015625,12643.7802734375,140148400
2005-05-06,12615.830078125,12667.7998046875,12589.91015625,12609.66015625,80992600
2005-05-09,12563.01953125,12623.7001953125,12535.919921875,12615.830078125,42630800
2005-05-10,12497.4296875,12604.400390625,12497.4296875,12557.6298828125,41890800
2005-05-11,12464.83984375,12513.0498046875,12366.3603515625,12497.4296875,57016000
2005-05-12,12448.73046875,12580.73046875,12448.73046875,12464.83984375,69914800
2005-05-13,12347.7197265625,12473.9404296875,12334.91015625,12448.6904296875,46689400
2005-05-16,12442.26953125,12444.6904296875,12347.2197265625,12347.7197265625,28062800
2005-05-17,12439.4599609375,12458.6796875,12401.3798828125,12443.0400390625,50466400
2005-05-18,12727.740234375,12770.9697265625,12442.0595703125,12442.0595703125,94837800
2005-05-19,12795.330078125,12819.8701171875,12724.490234375,12738.4296875,73316800
2005-05-20,12883.4599609375,12891.8203125,12731.6298828125,12795.4404296875,53612800
2005-05-23,13029.580078125,13033.849609375,12822.580078125,12883.4599609375,70695800
2005-05-24,13020.7197265625,13048.16015625,12898.8701171875,13031.7998046875,84742600
2005-05-25,13057.83984375,13113.580078125,12995.349609375,13020.5595703125,83584800
2005-05-26,13152.6396484375,13202.0400390625,13059.1904296875,13059.1904296875,112581400
2005-05-27,13131.3896484375,13136.6103515625,13070.8701171875,13125.6103515625,64744800
2005-05-30,13161.7802734375,13162.91015625,13124.5,13131.3896484375,9685400
2005-05-31,12964.3896484375,13177.900390625,12960.759765625,13157.3603515625,82347200
2005-06-01,13143.6201171875,13182.66015625,12959.6103515625,12964.3896484375,79006000
2005-06-02,13284.8896484375,13343.3203125,13143.9599609375,13143.9599609375,91784800
2005-06-03,13204.3896484375,13290.0400390625,13164.990234375,13290.0400390625,49936200
2005-06-06,13208.4296875,13256.16015625,13199.0302734375,13205.740234375,45202400
2005-06-07,13148.0302734375,13252.73046875,13137.76953125,13207.2998046875,62359000
2005-06-08,13102.66015625,13176.650390625,13101.5498046875,13150.0400390625,60406400
2005-06-09,13225.2802734375,13287.7900390625,13094.150390625,13104.3603515625,61520200
2005-06-10,13214.599609375,13275.7900390625,13174.7197265625,13225.2802734375,49179200
2005-06-13,13299.58984375,13300.6298828125,13194.2802734375,13215.3798828125,32196600
2005-06-14,13343.099609375,13383.9296875,13297.099609375,13305.0,71141600
2005-06-15,13501.509765625,13501.599609375,13343.099609375,13343.099609375,107083400
2005-06-16,13537.2802734375,13558.330078125,13480.599609375,13501.509765625,93987000
2005-06-17,13645.9599609375,13647.3896484375,13539.7001953125,13540.490234375,71854600
2005-06-20,13709.3603515625,13725.7900390625,13584.2998046875,13645.98046875,65182800
2005-06-21,13547.990234375,13711.6201171875,13516.7197265625,13707.8896484375,91014200
2005-06-22,13441.650390625,13552.0,13400.33984375,13547.990234375,90546800
2005-06-23,13389.66015625,13443.5595703125,13331.2802734375,13441.33984375,85115400
2005-06-24,13299.2802734375,13393.58984375,13281.6201171875,13390.580078125,77369000
2005-06-27,13454.73046875,13495.580078125,13300.9404296875,13300.9404296875,77073000
2005-06-28,13523.0703125,13643.2001953125,13454.66015625,13454.73046875,108779600
2005-06-29,13550.1396484375,13559.0400390625,13475.6298828125,13523.259765625,56935800
2005-06-30,13486.1298828125,13593.6103515625,13479.91015625,13550.75,68321800
2005-07-01,13509.1298828125,13526.080078125,13451.75,13486.1298828125,48677600
2005-07-04,13500.830078125,13514.9501953125,13484.91015625,13509.849609375,6238200
2005-07-05,13648.4697265625,13649.66015625,13478.2900390625,13500.830078125,66756600
2005-07-06,13790.150390625,13850.400390625,13648.7998046875,13648.7998046875,92988000
2005-07-07,13850.3603515625,13851.099609375,13654.08984375,13789.080078125,66411600
2005-07-08,13871.259765625,13885.8095703125,13792.919921875,13850.3603515625,59741400
2005-07-11,13807.2998046875,14118.0,13804.6298828125,13869.7802734375,61152200
2005-07-12,13971.669921875,13994.5498046875,13807.4599609375,13807.4599609375,97526200
2005-07-13,14005.23046875,14013.6298828125,13937.7998046875,13971.669921875,93436200
2005-07-14,14085.0595703125,14088.9501953125,14007.669921875,14007.669921875,99515200
2005-07-15,13952.599609375,14088.3203125,13944.98046875,14085.8095703125,63975200
2005-07-18,13972.6103515625,13982.2099609375,13912.6298828125,13964.8603515625,51908600
2005-07-19,14167.509765625,14169.83984375,13974.9599609375,13974.9599609375,115489800
2005-07-20,14306.0595703125,14315.5,14143.2802734375,14166.33984375,157879400
2005-07-21,14271.8896484375,14344.5302734375,14229.5595703125,14306.0595703125,133168400
2005-07-22,14318.4697265625,14364.1103515625,14282.9404296875,14296.650390625,93923200
2005-07-25,14135.240234375,14367.2001953125,14135.240234375,14319.3896484375,84176600
2005-07-26,14067.73046875,14240.3798828125,14067.3896484375,14135.240234375,92743400
2005-07-27,14173.3798828125,14205.01953125,14018.4296875,14067.1396484375,118086200
2005-07-28,14256.83984375,14353.33984375,14173.400390625,14173.400390625,120712200
2005-07-29,14409.66015625,14453.83984375,14256.83984375,14256.83984375,142602600
2005-08-01,14582.5,14667.8896484375,14409.66015625,14409.66015625,150196800
2005-08-02,14677.66015625,14777.3603515625,14582.5,14582.5,128149200
2005-08-03,14615.9599609375,14703.5302734375,14548.51953125,14691.9599609375,112679800
2005-08-04,14612.2197265625,14665.58984375,14520.25,14609.830078125,83620800
2005-08-05,14463.1396484375,14612.1201171875,14398.580078125,14612.1201171875,85418800
2005-08-08,14596.76953125,14619.6298828125,14462.990234375,14462.990234375,93612000
2005-08-09,14673.33984375,14730.08984375,14596.490234375,14597.080078125,94569800
2005-08-10,14702.580078125,14897.080078125,14672.73046875,14673.33984375,199007000
2005-08-11,14768.9501953125,14778.9296875,14683.33984375,14694.4697265625,112542800
2005-08-12,14673.2197265625,14770.7802734375,14629.4501953125,14768.8701171875,81336200
2005-08-15,14842.7001953125,14854.98046875,14611.4296875,14673.4296875,94231400
2005-08-16,14559.1904296875,14842.7998046875,14555.9599609375,14842.7001953125,108083200
2005-08-17,14560.330078125,14578.5595703125,14516.16015625,14555.1396484375,100644600
2005-08-18,14619.98046875,14715.5302734375,14531.3603515625,14562.150390625,96119400
2005-08-19,14678.16015625,14745.330078125,14599.2099609375,14619.98046875,67018400
2005-08-22,14770.26953125,14786.1796875,14679.2197265625,14681.16015625,62748800
2005-08-23,14717.91015625,14780.76953125,14669.1201171875,14770.3701171875,83769400
2005-08-24,14603.0,14738.6796875,14598.7998046875,14716.6298828125,101350200
2005-08-25,14604.6103515625,14641.1904296875,14574.5703125,14604.0498046875,77990600
2005-08-26,14444.83984375,14613.4599609375,14441.900390625,14605.2802734375,98868200
2005-08-29,14327.2001953125,14511.51953125,14326.919921875,14444.83984375,100490200
2005-08-30,14008.2001953125,14332.25,14000.1396484375,14327.2001953125,172138400
2005-08-31,14243.1904296875,14245.8603515625,14008.0703125,14010.919921875,136587200
2005-09-01,14486.58984375,14526.8095703125,14256.080078125,14256.080078125,136426800
2005-09-02,14772.7001953125,14784.5498046875,14488.490234375,14488.58984375,92797600
2005-09-05,14857.3095703125,14866.599609375,14758.6298828125,14774.6298828125,17837800
2005-09-06,15030.6201171875,15181.91015625,14857.3095703125,14857.3095703125,117626000
2005-09-07,15246.23046875,15252.4404296875,14976.1796875,15030.6201171875,96752000
2005-09-08,15055.919921875,15247.1201171875,14969.330078125,15247.1201171875,75739400
2005-09-09,15212.8798828125,15250.2802734375,15056.2802734375,15056.2802734375,63965800
2005-09-12,15190.169921875,15257.599609375,15187.6904296875,15214.419921875,58906600
2005-09-13,15087.2900390625,15195.3798828125,15015.8798828125,15182.7998046875,69052000
2005-09-14,15221.3896484375,15248.51953125,15087.599609375,15087.599609375,79947400
2005-09-15,15428.7802734375,15430.66015625,15165.6396484375,15222.25,125929600
2005-09-19,15656.83984375,15756.6796875,15483.9501953125,15483.9501953125,138527400
2005-09-20,15563.4697265625,15822.419921875,15538.7001953125,15656.83984375,144740600
2005-09-21,15734.41015625,15805.919921875,15526.7001953125,15558.58984375,126375200
2005-09-22,15661.1298828125,15780.400390625,15628.3203125,15733.580078125,122805600
2005-09-23,15649.330078125,15675.400390625,15560.4697265625,15672.5,137930000
2005-09-26,15765.5302734375,15788.2001953125,15648.7802734375,15650.1201171875,131708200
2005-09-27,15801.8095703125,15815.419921875,15627.3203125,15764.4599609375,157182400
2005-09-28,15869.330078125,15979.1396484375,15799.8798828125,15801.8095703125,133363800
2005-09-29,15841.83984375,15939.3798828125,15773.900390625,15869.9697265625,93728400
2005-09-30,16120.080078125,16130.490234375,15806.8203125,15841.6396484375,137299400
2005-10-03,16051.01953125,16186.349609375,15954.3203125,16120.080078125,98508400
2005-10-04,15933.41015625,16118.0595703125,15932.4697265625,16051.01953125,114370200
2005-10-05,15720.349609375,15934.3603515625,15720.349609375,15933.2099609375,120104800
2005-10-06,15247.599609375,15723.240234375,15217.1201171875,15722.3896484375,133378800
2005-10-07,15447.58984375,15472.2802734375,15092.400390625,15247.599609375,156193600
2005-10-10,15466.41015625,15580.9296875,15447.0302734375,15447.58984375,157280600
2005-10-11,15445.3701171875,15554.0302734375,15429.0,15468.33984375,90304000
2005-10-12,15103.16015625,15473.2099609375,15035.0,15445.3701171875,132855200
2005-10-13,14924.73046875,15103.16015625,14866.1904296875,15103.16015625,109533200
2005-10-14,14892.8798828125,14999.0400390625,14699.2998046875,14924.73046875,115111800
2005-10-17,15282.73046875,15282.76953125,14889.169921875,14892.8798828125,114744000
2005-10-18,15084.83984375,15283.5302734375,15071.4501953125,15282.73046875,86776800
2005-10-19,15111.9501953125,15113.1904296875,14714.73046875,15068.509765625,151060400
2005-10-20,14821.099609375,15183.759765625,14821.099609375,15112.150390625,82416600
2005-10-21,14903.3603515625,14960.08984375,14764.400390625,14844.0595703125,109045000
2005-10-24,15356.3203125,15357.08984375,14903.3603515625,14903.3603515625,141061200
2005-10-25,15367.8701171875,15539.6904296875,15296.8896484375,15358.3603515625,133676400
2005-10-26,15666.2197265625,15668.669921875,15388.2998046875,15388.2998046875,181423400
2005-10-27,15437.6298828125,15666.419921875,15382.900390625,15666.419921875,95071000
2005-10-28,15579.6796875,15587.9404296875,15422.099609375,15451.9296875,112274800
2005-10-31,15759.73046875,15811.3896484375,15580.759765625,15580.759765625,156414800
2005-11-01,15922.51953125,15938.740234375,15745.740234375,15759.9296875,161487800
2005-11-02,15896.48046875,16023.240234375,15886.7197265625,15922.51953125,107390000
2005-11-03,15798.0400390625,16056.33984375,15725.4404296875,15896.33984375,109823400
2005-11-04,15900.5302734375,15908.75,15764.990234375,15798.0400390625,77832400
2005-11-07,15944.150390625,16004.6904296875,15817.4404296875,15899.990234375,80647600
2005-11-08,15930.7099609375,15988.7802734375,15825.76953125,15944.0498046875,65793200
2005-11-09,15981.1796875,15983.9501953125,15910.240234375,15930.2802734375,64586400
2005-11-10,16153.080078125,16157.8798828125,15956.650390625,15985.1298828125,100253800
2005-11-11,16137.0703125,16275.849609375,16100.76953125,16155.1201171875,100247800
2005-11-14,16293.5302734375,16293.6796875,16058.5400390625,16135.0302734375,81446200
2005-11-15,16193.580078125,16346.6298828125,16188.0498046875,16293.759765625,91624800
2005-11-16,16310.6796875,16330.0302734375,16187.01953125,16218.8701171875,96424800
2005-11-17,16455.390625,16496.5703125,16310.6796875,16310.6796875,155642200
2005-11-18,16545.439453125,16594.970703125,16455.390625,16455.390625,102926000
2005-11-21,16767.0703125,16817.419921875,16545.439453125,16545.439453125,115542200
2005-11-22,16866.83984375,16890.2890625,16665.369140625,16787.5,112709000
2005-11-23,16713.91015625,17014.7890625,16706.48046875,16865.69921875,147079800
2005-11-24,16750.439453125,16782.189453125,16666.890625,16713.91015625,17066200
2005-11-25,16879.369140625,16921.2890625,16750.439453125,16750.439453125,45301000
2005-11-28,16836.109375,16955.759765625,16815.970703125,16879.369140625,104915600
2005-11-29,16694.94921875,16888.5,16672.94921875,16830.0703125,89162000
2005-11-30,16830.9609375,16842.830078125,16601.169921875,16696.33984375,148894000
2005-12-01,17133.830078125,17142.150390625,16831.83984375,16831.83984375,154314800
2005-12-02,17150.990234375,17323.16015625,17039.7109375,17133.830078125,116107600
2005-12-05,17271.060546875,17293.279296875,17090.599609375,17150.990234375,96089400
2005-12-06,17424.4296875,17465.75,17274.759765625,17274.759765625,150496600
2005-12-07,17244.189453125,17470.48046875,17240.91015625,17424.630859375,104757400
2005-12-08,17211.01953125,17298.26953125,17129.220703125,17233.970703125,94862400
2005-12-09,17554.48046875,17576.94921875,17202.5390625,17208.859375,97528000
2005-12-13,17819.6796875,17868.3203125,17583.08984375,17583.08984375,112062400
2005-12-14,18054.029296875,18078.509765625,17821.220703125,17821.220703125,116515600
2005-12-15,17922.470703125,18179.580078125,17841.0703125,18055.0390625,122501000
2005-12-16,17737.58984375,17961.5390625,17630.30078125,17922.470703125,148264200
2005-12-19,17666.41015625,17835.689453125,17664.6796875,17740.830078125,77905800
2005-12-20,17680.94921875,17689.51953125,17514.609375,17668.44921875,76110600
2005-12-21,17781.509765625,17887.380859375,17625.640625,17678.69921875,87708400
2005-12-22,17768.900390625,17831.25,17661.23046875,17781.509765625,74038500
2005-12-23,17802.279296875,17816.310546875,17764.75,17768.900390625,33867800
2005-12-26,17776.880859375,17813.91015625,17772.08984375,17802.279296875,4037500
2005-12-27,17832.640625,17848.4609375,17777.490234375,17777.880859375,30370600
2005-12-28,17690.69921875,17834.419921875,17639.4609375,17832.740234375,43125800
2005-12-29,17832.80078125,17849.640625,17670.30078125,17685.44921875,46264400
2005-12-30,17802.7109375,17832.529296875,17687.9296875,17832.529296875,47645000
2006-01-02,17925.69921875,17926.970703125,17786.240234375,17802.7109375,8889000
2006-01-03,18500.689453125,18503.189453125,17925.44921875,17925.44921875,127472400
2006-01-04,18669.23046875,18687.83984375,18501.94921875,18501.94921875,132986000
2006-01-05,18608.33984375,18768.740234375,18592.689453125,18669.23046875,103485400
2006-01-06,18736.779296875,18786.26953125,18575.75,18608.33984375,63643200
2006-01-09,18998.830078125,18999.029296875,18677.400390625,18736.779296875,90734000
2006-01-10,18912.380859375,18998.830078125,18815.740234375,18998.830078125,102574400
2006-01-11,19160.439453125,19168.119140625,18914.310546875,18914.310546875,115791600
2006-01-12,18925.009765625,19168.5703125,18842.25,19152.400390625,120563400
2006-01-13,18889.19921875,18924.509765625,18750.91015625,18924.509765625,158500800
2006-01-16,18958.2890625,18993.330078125,18858.51953125,18889.19921875,15792400
2006-01-17,18489.630859375,18955.919921875,18472.640625,18955.919921875,128290400
2006-01-18,18265.9609375,18413.98046875,18118.6796875,18413.98046875,121578200
2006-01-19,18521.44921875,18587.779296875,18276.7890625,18276.7890625,106138000
2006-01-20,18346.23046875,18612.150390625,18346.23046875,18514.609375,86117200
2006-01-23,18447.109375,18448.4296875,18208.4609375,18346.16015625,90520800
2006-01-24,18875.41015625,18909.2890625,18447.109375,18447.109375,170623200
2006-01-25,18866.369140625,19022.5390625,18866.369140625,18875.859375,137402000
2006-01-26,19216.75,19248.0,18880.6796875,18880.6796875,129824800
2006-01-27,18956.5,19447.619140625,18943.73046875,19222.880859375,126660000
2006-01-30,18849.240234375,18985.05078125,18761.369140625,18967.640625,105771400
2006-01-31,18907.099609375,18957.9296875,18751.4296875,18850.7890625,116017000
2006-02-01,19162.380859375,19162.380859375,18868.330078125,18907.099609375,148685000
2006-02-02,19060.380859375,19211.220703125,18961.240234375,19162.380859375,128529000
2006-02-03,18862.1796875,19070.740234375,18709.859375,19061.029296875,113146000
2006-02-07,18665.060546875,18885.630859375,18625.30078125,18885.630859375,111377400
2006-02-08,18410.240234375,18993.5,18410.240234375,18669.44921875,192142400
2006-02-09,18518.330078125,18639.990234375,18380.859375,18410.240234375,105795400
2006-02-10,18298.580078125,18535.330078125,18166.140625,18529.099609375,125403200
2006-02-13,17883.630859375,18298.720703125,17817.73046875,18292.5390625,138785400
2006-02-14,18023.009765625,18076.330078125,17789.330078125,17927.08984375,119135400
2006-02-15,18169.16015625,18266.69921875,17999.48046875,18018.5,132958000
2006-02-16,18457.240234375,18519.990234375,18169.16015625,18169.16015625,172319800
2006-02-17,18480.779296875,18507.30078125,18407.349609375,18457.650390625,98501200
2006-02-20,18542.580078125,18574.26953125,18437.970703125,18480.779296875,7561400
2006-02-21,18497.380859375,18693.30078125,18493.0703125,18562.9609375,103781400
2006-02-22,18780.4609375,18780.4609375,18495.220703125,18495.220703125,129935000
2006-02-23,19117.720703125,19117.720703125,18727.4609375,18781.109375,144549200
2006-02-24,19100.890625,19165.990234375,18883.19921875,19115.5390625,83674200
2006-02-27,18854.669921875,19134.859375,18831.970703125,19117.23046875,70305600
2006-02-28,18706.3203125,18860.109375,18519.130859375,18860.109375,145803800
2006-03-01,19058.740234375,19151.509765625,18704.599609375,18706.3203125,145031000
2006-03-02,19102.330078125,19182.099609375,18982.6796875,19078.150390625,103681000
2006-03-03,19189.25,19210.140625,19022.189453125,19113.189453125,81249200
2006-03-06,18991.4609375,19446.400390625,18969.80078125,19190.08984375,130002800
2006-03-07,18551.0703125,18992.390625,18364.130859375,18992.390625,187596800
2006-03-08,18398.8203125,18589.23046875,18190.939453125,18553.109375,159568600
2006-03-09,18310.5703125,18652.970703125,18252.259765625,18414.580078125,126631400
2006-03-10,18420.169921875,18493.0,18228.599609375,18316.25,133213200
2006-03-13,18706.189453125,18719.849609375,18419.490234375,18420.169921875,93983000
2006-03-14,18941.0390625,18967.51953125,18668.939453125,18707.630859375,117776000
2006-03-15,18999.640625,19210.349609375,18941.0390625,18941.0390625,152092800
2006-03-16,19166.4296875,19235.01953125,18920.060546875,19003.970703125,132688000
2006-03-17,19345.80078125,19429.7890625,19148.859375,19176.19921875,129877300
2006-03-20,19581.119140625,19604.439453125,19345.599609375,19345.599609375,86306200
2006-03-22,19598.109375,19600.220703125,19310.439453125,19530.140625,110281200
2006-03-23,19255.869140625,19675.66015625,19253.560546875,19598.109375,94159200
2006-03-24,19339.30078125,19371.029296875,19110.720703125,19261.619140625,80787200
2006-03-27,19226.3203125,19359.6796875,19226.3203125,19339.30078125,60664800
2006-03-28,18929.98046875,19241.859375,18928.30078125,19212.669921875,102567000
2006-03-29,19132.33984375,19135.779296875,18900.0703125,18934.060546875,143204600
2006-03-30,19214.0,19337.060546875,19133.91015625,19133.91015625,105421600
2006-03-31,19272.630859375,19300.240234375,19094.740234375,19214.330078125,114175800
2006-04-03,19634.2109375,19687.01953125,19284.869140625,19284.869140625,137277000
2006-04-04,19764.080078125,19805.080078125,19602.240234375,19624.009765625,121702200
2006-04-05,19930.630859375,19930.669921875,19679.080078125,19764.080078125,129665800
2006-04-06,19869.7109375,20069.560546875,19791.740234375,19930.630859375,144802200
2006-04-07,19472.359375,19945.349609375,19426.33984375,19869.7109375,116425200
2006-04-10,19548.349609375,19646.55078125,19473.439453125,19473.439453125,72954000
2006-04-11,19465.150390625,19552.669921875,19355.2890625,19546.4296875,94122400
2006-04-12,19322.619140625,19502.220703125,19322.619140625,19470.390625,69035400
2006-04-17,19632.33984375,19670.259765625,19343.9296875,19350.330078125,128655200
2006-04-18,19820.0703125,19887.7890625,19632.33984375,19632.33984375,152545400
2006-04-19,19933.08984375,19966.9296875,19774.640625,19820.119140625,109698200
2006-04-20,19979.5390625,20081.490234375,19913.9609375,19937.3203125,127692200
2006-04-21,20174.640625,20287.55078125,19963.23046875,19979.5390625,126541800
2006-04-24,20198.7109375,20238.880859375,19944.619140625,20174.640625,82111400
2006-04-25,20360.609375,20387.83984375,20183.650390625,20201.900390625,174112000
2006-04-26,20566.91015625,20702.560546875,20383.05078125,20383.05078125,143368600
2006-04-27,20390.619140625,20599.599609375,20357.51953125,20566.91015625,106922400
2006-04-28,20646.189453125,20682.029296875,20391.619140625,20391.619140625,118963600
2006-05-02,21079.869140625,21081.7890625,20667.849609375,20667.849609375,163188400
2006-05-03,21159.16015625,21289.609375,20804.650390625,21081.419921875,154746600
2006-05-04,21293.66015625,21372.1796875,21153.80078125,21153.80078125,188202400
2006-05-05,21237.44921875,21523.55078125,21237.44921875,21309.98046875,137623200
2006-05-08,21608.669921875,21608.669921875,21221.80078125,21237.44921875,113136800
2006-05-09,21822.9296875,21824.33984375,21537.240234375,21608.669921875,138866200
2006-05-10,21781.0703125,21917.509765625,21674.669921875,21822.9296875,110335400
2006-05-11,21435.26953125,21828.810546875,21357.98046875,21789.23046875,126549800
2006-05-12,21154.900390625,21427.109375,20862.9609375,21427.109375,119523400
2006-05-15,20722.130859375,21041.490234375,20719.0,20931.76953125,100816200
2006-05-16,20851.060546875,20925.150390625,20666.8203125,20723.369140625,112356600
2006-05-17,20261.859375,20828.599609375,20217.33984375,20828.599609375,164236000
2006-05-18,20217.01953125,20388.330078125,20137.30078125,20277.779296875,151631800
2006-05-19,20182.140625,20269.390625,19703.0,20217.08984375,167397000
2006-05-22,19369.2890625,20133.119140625,19234.939453125,20133.119140625,203655000
2006-05-23,19084.830078125,19730.669921875,19082.94921875,19395.009765625,183031000
2006-05-24,18805.5703125,19127.9609375,18545.2109375,19085.69921875,183273800
2006-05-25,19405.7109375,19405.7109375,18850.529296875,18850.529296875,130064000
2006-05-26,19585.2109375,19778.560546875,19424.779296875,19440.44921875,120942800
2006-05-29,19500.5390625,19642.650390625,19461.5,19585.2109375,18907200
2006-05-30,18841.33984375,19512.630859375,18799.640625,19512.630859375,136522400
2006-05-31,18677.919921875,19005.759765625,18466.55078125,18841.33984375,296954000
2006-06-01,19128.630859375,19147.060546875,18615.9609375,18703.900390625,180971200
2006-06-02,19421.73046875,19466.3203125,19129.5,19129.5,157335200
2006-06-05,18954.919921875,19509.6796875,18950.8203125,19439.310546875,98493000
2006-06-06,18798.279296875,18954.919921875,18501.4609375,18954.919921875,120491000
2006-06-07,18413.439453125,18827.859375,18413.439453125,18809.4296875,127386200
2006-06-08,18257.640625,18413.439453125,17827.0703125,18413.439453125,205148000
2006-06-09,17748.740234375,18466.98046875,17747.169921875,18257.849609375,114121200
2006-06-12,16986.26953125,17766.4296875,16969.7890625,17758.30078125,128378400
2006-06-13,16653.150390625,17019.5390625,16546.859375,16957.580078125,210439000
2006-06-14,16802.099609375,16870.41015625,16464.619140625,16674.220703125,209503000
2006-06-15,17932.330078125,17952.599609375,16804.140625,16804.140625,192512800
2006-06-16,18041.7890625,18179.140625,17655.73046875,17926.7890625,144605800
2006-06-19,17581.880859375,18132.5,17581.880859375,18041.91015625,85406000
2006-06-20,17781.279296875,17928.240234375,17561.439453125,17588.259765625,91252000
2006-06-21,18156.2109375,18359.439453125,17772.529296875,17781.279296875,119337400
2006-06-22,18188.400390625,18268.169921875,18060.599609375,18156.2109375,75901000
2006-06-23,18545.73046875,18610.220703125,18092.099609375,18188.400390625,88962600
2006-06-26,18491.400390625,18603.080078125,18349.44921875,18546.900390625,76147600
2006-06-27,18021.470703125,18548.060546875,18020.16015625,18491.400390625,82427200
2006-06-28,18101.830078125,18125.640625,17837.919921875,18022.58984375,70658600
2006-06-29,18908.330078125,18975.7890625,18133.6796875,18133.6796875,140748000
2006-06-30,19147.169921875,19244.9296875,18908.029296875,18909.109375,135331300
2006-07-03,20060.8203125,20061.44921875,19134.19921875,19147.169921875,153643500
2006-07-04,20329.490234375,20532.30078125,20060.8203125,20060.8203125,77964200
2006-07-05,19514.619140625,20287.509765625,19501.439453125,20287.509765625,151064100
2006-07-06,20047.619140625,20248.439453125,19515.94921875,19515.94921875,129716000
2006-07-07,19829.599609375,20049.220703125,19764.369140625,20047.619140625,82683400
2006-07-10,19700.150390625,19899.890625,19545.83984375,19829.640625,71777000
2006-07-11,19570.2109375,19698.849609375,19217.76953125,19682.650390625,103478800
2006-07-12,19419.439453125,19664.0390625,19338.51953125,19570.25,70149200
2006-07-13,18725.259765625,19388.55078125,18712.689453125,19388.55078125,99299000
2006-07-14,18328.66015625,18747.130859375,18326.2109375,18710.6796875,92818000
2006-07-17,18437.98046875,18559.890625,18244.279296875,18325.48046875,70155200
2006-07-18,18885.669921875,18889.880859375,18437.98046875,18437.98046875,102250700
2006-07-19,19871.779296875,19871.779296875,18901.509765625,18901.640625,166219900
2006-07-20,19510.51953125,19992.08984375,19504.9296875,19878.720703125,104483000
2006-07-21,19527.369140625,19527.580078125,19197.80078125,19510.51953125,83525800
2006-07-24,19938.69921875,19938.849609375,19548.849609375,19568.720703125,95209400
2006-07-25,20082.0,20082.05078125,19800.029296875,19967.330078125,114031600
2006-07-26,19913.189453125,20090.119140625,19884.009765625,20082.689453125,123588800
2006-07-27,20138.7890625,20302.080078125,19947.33984375,19947.33984375,172493900
2006-07-28,20252.330078125,20374.4609375,20071.439453125,20138.7890625,139056500
2006-07-31,20095.9296875,20253.919921875,20007.529296875,20252.330078125,89155400
2006-08-01,19973.19921875,20096.609375,19889.33984375,20093.73046875,90256800
2006-08-02,20145.099609375,20214.73046875,19960.380859375,19984.330078125,78077200
2006-08-03,20261.810546875,20358.41015625,20024.029296875,20132.380859375,80727000
2006-08-04,20354.990234375,20712.91015625,20268.23046875,20269.560546875,96772400
2006-08-07,20412.490234375,20414.080078125,20170.9609375,20351.509765625,64819000
2006-08-08,20342.779296875,20582.869140625,20306.900390625,20417.259765625,102169200
2006-08-09,20062.369140625,20538.349609375,20062.369140625,20342.4609375,97814200
2006-08-10,20048.1796875,20052.98046875,19868.470703125,20051.939453125,93523000
2006-08-11,20273.859375,20273.859375,19955.599609375,20048.1796875,78144600
2006-08-14,20290.490234375,20379.75,20197.380859375,20274.900390625,72874400
2006-08-15,20544.439453125,20544.439453125,20314.330078125,20314.330078125,91317600
2006-08-16,20900.0,20900.25,20547.4609375,20547.4609375,127905600
2006-08-17,20971.779296875,21017.16015625,20778.130859375,20904.69921875,134818300
2006-08-18,21046.630859375,21053.7109375,20760.529296875,20974.2109375,103099100
2006-08-21,20861.560546875,21046.990234375,20744.439453125,21046.630859375,67183600
2006-08-22,20986.890625,20999.630859375,20776.55078125,20856.7890625,86946400
2006-08-23,20742.439453125,21019.869140625,20630.599609375,20987.25,133314100
2006-08-24,20751.44921875,20809.9296875,20558.5390625,20742.990234375,95773000
2006-08-25,20994.939453125,21042.3203125,20712.16015625,20751.44921875,93668200
2006-08-28,21228.869140625,21261.94921875,20922.19921875,20994.939453125,96971800
2006-08-29,21282.080078125,21301.609375,21155.16015625,21230.9609375,122586300
2006-08-30,21331.08984375,21423.01953125,21258.419921875,21285.359375,126797300
2006-08-31,21049.349609375,21352.380859375,21047.759765625,21344.970703125,139463600
2006-09-01,21192.259765625,21306.150390625,21049.509765625,21057.30078125,91418800
2006-09-04,21385.630859375,21387.470703125,21164.240234375,21192.259765625,19592000
2006-09-05,21256.109375,21493.220703125,21166.939453125,21404.69921875,112871900
2006-09-06,20965.240234375,21256.109375,20963.380859375,21256.109375,105093200
2006-09-07,20833.23046875,20993.060546875,20590.41015625,20960.470703125,119312500
2006-09-08,20795.8203125,20902.869140625,20732.48046875,20844.359375,75636800
2006-09-11,20612.890625,20804.19921875,20481.69921875,20791.05078125,97878800
2006-09-12,21102.76953125,21105.16015625,20598.490234375,20612.890625,125199500
2006-09-13,21320.2109375,21365.58984375,21078.8203125,21102.720703125,107080100
2006-09-14,21334.01953125,21441.30078125,21195.26953125,21320.119140625,148214500
2006-09-15,21548.869140625,21637.01953125,21328.7890625,21328.7890625,144380500
2006-09-18,21666.0703125,21812.98046875,21525.439453125,21549.140625,128752900
2006-09-19,21659.01953125,21729.720703125,21376.8203125,21666.0703125,117126400
2006-09-20,21841.44921875,21932.0,21660.9296875,21660.9296875,144814400
2006-09-21,21498.08984375,21892.94921875,21465.8203125,21847.720703125,115319600
2006-09-22,21390.4296875,21498.08984375,21105.130859375,21498.08984375,120820700
2006-09-25,21674.740234375,21674.919921875,21155.259765625,21390.4296875,108586600
2006-09-26,21792.30078125,21846.48046875,21674.240234375,21674.740234375,106621800
2006-09-27,21748.5703125,21946.4296875,21692.9296875,21793.890625,122870100
2006-09-28,21854.48046875,21872.509765625,21717.609375,21748.5703125,109770400
2006-09-29,21937.109375,21937.509765625,21795.119140625,21857.779296875,98624400
2006-10-02,21619.9609375,21934.5,21618.48046875,21933.9296875,116355300
2006-10-03,21631.0,21700.490234375,21479.0703125,21619.9609375,98010200
2006-10-04,22105.970703125,22106.650390625,21621.240234375,21621.240234375,171129800
2006-10-05,22326.859375,22391.0390625,22105.189453125,22105.8203125,171421700
2006-10-06,22350.05078125,22525.439453125,22198.970703125,22333.560546875,94248600
2006-10-09,22313.419921875,22480.279296875,22313.419921875,22350.05078125,76823600
2006-10-10,22523.560546875,22528.8203125,22302.279296875,22313.419921875,102388400
2006-10-11,22387.080078125,22640.0390625,22386.859375,22524.109375,135377200
2006-10-12,22661.8203125,22710.779296875,22387.169921875,22387.169921875,171289900
2006-10-13,22848.3203125,23000.560546875,22660.830078125,22662.419921875,163374000
2006-10-16,22950.1796875,23047.98046875,22827.41015625,22847.689453125,94348200
2006-10-17,22799.419921875,22950.1796875,22606.6796875,22950.1796875,124462000
2006-10-18,23012.869140625,23048.939453125,22811.26953125,22811.26953125,114529600
2006-10-19,23168.51953125,23168.55078125,22905.7109375,23012.869140625,129892200
2006-10-20,23233.48046875,23282.919921875,22974.490234375,23157.380859375,94449600
2006-10-23,23321.41015625,23322.580078125,23208.599609375,23233.880859375,85172800
2006-10-24,23279.76953125,23379.16015625,23196.740234375,23321.41015625,93508000
2006-10-25,23397.689453125,23414.470703125,23269.259765625,23279.76953125,107807600
2006-10-26,23361.419921875,23461.490234375,23277.08984375,23397.689453125,116102200
2006-10-27,22762.859375,23361.419921875,22759.5703125,23361.419921875,146948600
2006-10-30,22370.08984375,22788.009765625,22339.279296875,22762.859375,144556200
2006-10-31,23046.94921875,23047.650390625,22370.08984375,22370.08984375,170365200
2006-11-01,23042.279296875,23363.119140625,23040.2109375,23046.94921875,127381700
2006-11-03,23169.869140625,23180.150390625,22880.130859375,23042.279296875,108475300
2006-11-06,23733.0703125,23733.0703125,23169.869140625,23169.869140625,119474200
2006-11-07,23585.140625,24101.720703125,23472.73046875,23733.0703125,142274000
2006-11-08,23930.640625,23931.26953125,23560.970703125,23585.140625,117018900
2006-11-09,23941.80078125,24077.580078125,23872.490234375,23930.640625,135418600
2006-11-10,23951.630859375,23985.48046875,23808.33984375,23941.80078125,145787800
2006-11-13,24188.58984375,24191.359375,23922.01953125,23951.630859375,91457800
2006-11-14,24288.060546875,24458.759765625,24151.9296875,24188.58984375,154824100
2006-11-15,24315.599609375,24316.119140625,24079.94921875,24288.060546875,106539700
2006-11-16,24266.029296875,24400.990234375,24265.5703125,24315.599609375,107629500
2006-11-17,24196.05078125,24268.8203125,24052.099609375,24266.029296875,97518000
2006-11-21,24585.6796875,24617.369140625,24196.05078125,24196.05078125,155179000
2006-11-22,24674.75,24725.9609375,24585.640625,24585.6796875,107323900
2006-11-23,24730.009765625,24730.009765625,24656.16015625,24674.890625,12896000
2006-11-24,24792.890625,24857.94921875,24663.25,24725.240234375,56737800
2006-11-27,24442.7890625,24830.859375,24333.880859375,24792.890625,92877800
2006-11-28,24344.94921875,24446.94921875,24017.2109375,24446.94921875,125332700
2006-11-29,24776.08984375,24782.76953125,24353.3203125,24353.3203125,132626100
2006-11-30,24962.009765625,25006.359375,24636.7890625,24776.08984375,135667800
2006-12-04,25207.48046875,25207.669921875,24878.189453125,24962.009765625,124257400
2006-12-05,25593.919921875,25605.189453125,25207.48046875,25207.48046875,160592000
2006-12-06,25615.849609375,25634.630859375,25328.009765625,25587.560546875,146582500
2006-12-07,25639.310546875,25891.16015625,25585.66015625,25614.650390625,140974500
2006-12-08,25756.810546875,25776.69921875,25555.369140625,25634.5390625,95071600
2006-12-11,25828.48046875,25847.419921875,25649.359375,25756.810546875,83340800
2006-12-13,25690.390625,25948.919921875,25663.5390625,25828.48046875,131396300
2006-12-14,25863.390625,25935.310546875,25660.16015625,25690.390625,120841600
2006-12-15,25757.6796875,26091.130859375,25756.58984375,25871.759765625,173955400
2006-12-18,25857.439453125,26035.859375,25757.970703125,25757.970703125,97986200
2006-12-19,25621.5,25857.189453125,25397.939453125,25857.189453125,117563100
2006-12-20,25394.689453125,25683.23046875,25377.529296875,25621.5,142515800
2006-12-21,25546.8203125,25549.259765625,25336.05078125,25389.810546875,191899400
2006-12-22,25432.640625,25563.83984375,25265.099609375,25546.8203125,48394600
2006-12-26,25705.0390625,25720.259765625,25423.880859375,25432.640625,35469000
2006-12-27,26196.66015625,26204.880859375,25706.630859375,25706.630859375,68134200
2006-12-28,26295.2109375,26424.2109375,26188.69921875,26196.66015625,57063600
2006-12-29,26448.3203125,26450.44921875,26284.66015625,26295.2109375,50410600
2007-01-02,26664.44921875,26666.919921875,26448.3203125,26448.3203125,37688400
2007-01-03,26619.369140625,26699.099609375,26319.5,26666.83984375,134658000
2007-01-04,26566.279296875,26623.060546875,26335.419921875,26622.109375,103649000
2007-01-05,26135.599609375,26566.279296875,26112.76953125,26566.279296875,105575400
2007-01-08,26281.640625,26282.390625,26071.66015625,26135.599609375,122179800
2007-01-09,25783.0390625,26342.470703125,25627.9296875,26287.220703125,180993900
2007-01-10,25885.80078125,25954.130859375,25400.330078125,25780.83984375,138084700
2007-01-11,26247.900390625,26290.69921875,25851.150390625,25882.740234375,140544800
2007-01-12,26324.380859375,26335.2890625,26091.359375,26247.900390625,100066800
2007-01-15,26480.029296875,26484.060546875,26313.01953125,26324.380859375,27718800
2007-01-16,26480.330078125,26487.169921875,26333.560546875,26479.830078125,91066000
2007-01-17,26558.5,26610.609375,26381.939453125,26480.330078125,133658200
2007-01-18,26112.869140625,26594.599609375,26112.80078125,26556.66015625,155636700
2007-01-19,26213.380859375,26304.509765625,25939.439453125,26112.869140625,137020400
2007-01-22,26432.25,26432.25,26042.060546875,26213.26953125,124941800
2007-01-23,26810.0,26811.119140625,26419.220703125,26432.630859375,164098900
2007-01-24,27338.30078125,27338.369140625,26813.689453125,26813.689453125,249127300
2007-01-25,26899.33984375,27453.919921875,26793.69921875,27341.48046875,153883400
2007-01-26,27045.7109375,27049.720703125,26595.69921875,26899.33984375,174052300
2007-01-29,26834.05078125,27036.859375,26721.5,27036.859375,137731600
2007-01-30,27135.369140625,27154.1796875,26823.619140625,26838.1796875,145672800
2007-01-31,27561.490234375,27621.98046875,27074.0,27136.720703125,180003800
2007-02-01,27842.759765625,27945.30078125,27561.490234375,27561.490234375,181712800
2007-02-02,27933.0703125,28005.94921875,27818.0390625,27842.619140625,128897300
2007-02-07,28123.759765625,28293.439453125,28012.259765625,28067.2890625,157970100
2007-02-08,28197.259765625,28291.490234375,27921.279296875,28225.33984375,276774100
2007-02-09,27906.890625,28346.009765625,27862.630859375,28228.7109375,164346500
2007-02-12,27972.23046875,27975.73046875,27624.970703125,27906.890625,119112200
2007-02-13,28262.650390625,28278.970703125,27866.4296875,27972.689453125,176896000
2007-02-14,28539.689453125,28678.310546875,28256.41015625,28262.650390625,187197700
2007-02-15,28498.75,28619.23046875,28388.849609375,28539.689453125,145614300
2007-02-16,28491.0703125,28525.990234375,28301.3203125,28500.19921875,102281600
2007-02-19,28590.169921875,28601.23046875,28491.0703125,28491.0703125,211632000
2007-02-20,28589.66015625,28646.16015625,28355.919921875,28590.4609375,130141100
2007-02-21,28715.9609375,28715.9609375,28425.650390625,28594.01953125,189293700
2007-02-22,28676.48046875,28940.109375,28505.580078125,28715.9609375,129334600
2007-02-23,28505.720703125,28691.4609375,28353.48046875,28676.509765625,114420200
2007-02-26,28046.16015625,28639.130859375,28029.1796875,28505.720703125,134842200
2007-02-27,26418.8203125,28040.66015625,26418.8203125,28040.66015625,332633900
2007-02-28,26638.94921875,26804.7890625,26320.259765625,26420.640625,225400400
2007-03-01,26647.650390625,26689.80078125,25691.580078125,26581.58984375,196228400
2007-03-02,26321.119140625,26801.48046875,26320.970703125,26642.25,125166200
2007-03-05,25788.369140625,26352.849609375,25780.580078125,26319.73046875,135085500
2007-03-06,26355.640625,26432.390625,25806.26953125,25806.26953125,116339200
2007-03-07,26184.390625,26566.279296875,26184.390625,26355.640625,98693200
2007-03-08,26773.7890625,26776.19921875,26207.5,26207.5,126534400
2007-03-09,27106.529296875,27118.05078125,26752.630859375,26773.619140625,119177200
2007-03-12,27261.169921875,27261.279296875,26927.310546875,27105.130859375,74253800
2007-03-13,26589.19921875,27259.55078125,26568.630859375,27259.55078125,131984800
2007-03-14,26719.3203125,26745.3203125,26295.330078125,26588.5703125,136174800
2007-03-15,26883.529296875,26998.509765625,26685.029296875,26718.439453125,81389600
2007-03-16,26901.419921875,26944.970703125,26657.08984375,26883.529296875,86824000
2007-03-20,27407.4609375,27409.740234375,26901.419921875,26901.419921875,122848500
2007-03-21,28219.55078125,28229.73046875,27408.720703125,27408.720703125,220316400
2007-03-22,28258.80078125,28390.73046875,28134.76953125,28231.650390625,156877800
2007-03-23,28272.029296875,28391.51953125,28212.69921875,28283.0,95159800
2007-03-26,28158.970703125,28325.509765625,28020.619140625,28272.029296875,71195600
2007-03-27,28124.330078125,28164.41015625,27853.66015625,28158.970703125,121930400
2007-03-28,28098.279296875,28161.33984375,27811.0390625,28107.919921875,110999400
2007-03-29,28704.240234375,28704.240234375,28099.470703125,28099.470703125,167303900
2007-03-30,28747.689453125,28756.470703125,28487.58984375,28704.240234375,142322600
2007-04-02,29171.51953125,29268.400390625,28746.75,28749.4609375,131640900
2007-04-03,29348.08984375,29516.609375,29171.51953125,29171.51953125,117003200
2007-04-04,29370.939453125,29427.609375,29203.05078125,29348.08984375,70744600
2007-04-09,29632.19921875,29726.23046875,29366.509765625,29366.509765625,78483000
2007-04-10,29515.640625,29938.6796875,29515.640625,29668.759765625,147400500
2007-04-11,29278.75,29572.94921875,29248.01953125,29506.6796875,96812400
2007-04-12,29606.970703125,29664.16015625,28990.490234375,29278.75,153650400
2007-04-13,29762.220703125,29771.66015625,29556.66015625,29606.970703125,86409200
2007-04-16,29718.66015625,30057.740234375,29606.55078125,29811.5,92298800
2007-04-17,29598.990234375,29852.9296875,29383.130859375,29717.640625,91090600
2007-04-18,29559.51953125,29597.83984375,29408.98046875,29597.83984375,63680400
2007-04-19,29614.05078125,29615.779296875,29117.0390625,29558.75,92968600
2007-04-20,29832.48046875,29970.5,29614.259765625,29614.259765625,83544400
2007-04-23,29593.849609375,29835.390625,29527.08984375,29832.48046875,71264400
2007-04-24,29544.1796875,29677.25,29447.91015625,29593.849609375,121479400
2007-04-25,29444.150390625,29545.939453125,29346.630859375,29545.939453125,136940200
2007-04-26,29342.69921875,29839.2109375,29281.75,29652.3203125,184025200
2007-04-27,29372.9296875,29376.220703125,28738.220703125,29352.740234375,165218100
2007-04-30,28996.7109375,29413.51953125,28988.80078125,29363.98046875,90074000
2007-05-02,29259.919921875,29310.26953125,28921.1796875,28996.7109375,128393200
2007-05-03,29752.94921875,29755.4609375,29267.91015625,29267.91015625,144567600
2007-05-04,30013.849609375,30053.919921875,29741.009765625,29752.94921875,139624200
2007-05-07,29776.5703125,30159.130859375,29776.5703125,30013.849609375,78632200
2007-05-08,29572.400390625,29759.41015625,29296.099609375,29759.41015625,95791000
2007-05-09,29992.830078125,29992.869140625,29551.759765625,29572.69921875,93486600
2007-05-10,29653.8203125,29993.150390625,29637.599609375,29992.080078125,128558300
2007-05-11,30058.75,30125.30078125,29653.8203125,29653.8203125,90473200
2007-05-14,29766.330078125,30172.810546875,29665.990234375,30058.75,91215400
2007-05-15,29619.91015625,29927.349609375,29619.23046875,29766.859375,122696900
2007-05-16,30341.25,30341.25,29611.310546875,29618.580078125,160769600
2007-05-17,30478.369140625,30535.890625,30102.83984375,30341.25,140742900
2007-05-18,30676.33984375,30879.140625,30490.310546875,30490.310546875,125242800
2007-05-21,30708.73046875,30894.26953125,30677.1796875,30677.1796875,86548200
2007-05-22,30802.25,30802.439453125,30566.23046875,30707.26953125,104796200
2007-05-23,30869.83984375,31171.599609375,30691.259765625,30801.029296875,185620600
2007-05-24,30338.580078125,30978.009765625,30299.470703125,30869.83984375,105354600
2007-05-25,30700.009765625,30700.349609375,30338.580078125,30338.580078125,135084500
2007-05-28,30928.4296875,30928.4296875,30625.609375,30687.560546875,26107000
2007-05-29,30664.73046875,31053.33984375,30492.58984375,30932.16015625,180394300
2007-05-30,31380.0,31383.9609375,30324.369140625,30575.220703125,183613600
2007-05-31,31398.9609375,32029.44921875,31376.650390625,31376.650390625,231538800
2007-06-01,31946.400390625,31950.439453125,31380.58984375,31402.970703125,205132500
2007-06-04,32096.2109375,32096.2109375,31822.26953125,31946.400390625,81201800
2007-06-05,32271.380859375,32274.509765625,31816.650390625,32096.2109375,113046200
2007-06-06,31681.759765625,32273.810546875,31588.44921875,32271.380859375,124936200
2007-06-07,31184.490234375,31870.859375,30647.240234375,31669.55078125,155096700
2007-06-08,31466.599609375,31479.5,31020.7109375,31184.490234375,125946600
2007-06-11,31833.439453125,31916.759765625,31444.990234375,31466.599609375,97858400
2007-06-12,31608.58984375,31885.0390625,31448.060546875,31831.76953125,116788700
2007-06-13,31884.060546875,31888.529296875,31513.369140625,31638.369140625,115976400
2007-06-14,32114.08984375,32216.609375,31884.060546875,31884.060546875,145288500
2007-06-15,32128.970703125,32564.349609375,32124.01953125,32129.080078125,183445800
2007-06-18,32218.169921875,32382.349609375,32109.05078125,32128.970703125,89658600
2007-06-19,32064.990234375,32156.609375,31913.630859375,32156.3203125,121020600
2007-06-20,31550.759765625,32256.439453125,31505.48046875,32134.16015625,150530000
2007-06-21,31830.83984375,31831.51953125,31248.2890625,31533.9609375,125661000
2007-06-22,31642.259765625,31873.859375,31565.599609375,31830.080078125,95325200
2007-06-25,31296.009765625,31655.5390625,31235.48046875,31643.7890625,79390800
2007-06-26,30744.7109375,31394.619140625,30744.640625,31298.08984375,117668500
2007-06-27,30804.2109375,30892.439453125,30267.0,30646.94921875,177508100
2007-06-28,31079.240234375,31112.349609375,30792.0390625,30801.919921875,124544100
2007-06-29,31151.05078125,31377.779296875,30927.580078125,31037.23046875,119476000
2007-07-02,31420.689453125,31434.400390625,31151.05078125,31151.05078125,138462500
2007-07-03,32117.830078125,32117.849609375,31410.740234375,31420.94921875,142022000
2007-07-04,32201.630859375,32407.169921875,32115.08984375,32115.08984375,63752600
2007-07-05,32177.830078125,32311.349609375,32016.58984375,32183.75,111582000
2007-07-06,32411.83984375,32555.359375,32146.2109375,32177.7890625,142534400
2007-07-09,32088.25,32538.08984375,32064.740234375,32411.83984375,143479400
2007-07-10,31743.01953125,32081.4296875,31680.619140625,32080.4296875,138539400
2007-07-11,31916.26953125,31987.869140625,31571.33984375,31738.380859375,179097400
2007-07-12,32261.099609375,32311.400390625,31920.0703125,31920.369140625,127425800
2007-07-13,32386.509765625,32421.41015625,32166.83984375,32261.099609375,91819400
2007-07-16,32265.9296875,32552.779296875,32119.7890625,32388.380859375,71607200
2007-07-17,31979.140625,32378.720703125,31861.0390625,32252.9296875,120581100
2007-07-18,31886.740234375,31979.140625,31671.880859375,31979.140625,137178500
2007-07-19,32150.650390625,32187.98046875,31894.919921875,31905.08984375,126705100
2007-07-20,31922.619140625,32150.650390625,31792.619140625,32150.650390625,155851800
2007-07-23,32168.4296875,32243.099609375,31916.73046875,31916.73046875,123971100
2007-07-24,31462.150390625,32156.9609375,31449.330078125,32156.9609375,205748900
2007-07-25,31103.529296875,31814.150390625,30811.25,31472.859375,194330900
2007-07-26,29996.599609375,31085.009765625,29348.73046875,31085.009765625,288139600
2007-07-27,30235.169921875,30402.44921875,29815.0390625,29996.599609375,183625900
2007-07-30,30900.6796875,31103.630859375,30234.0703125,30234.0703125,158962000
2007-07-31,30659.66015625,31368.580078125,30658.9609375,30917.509765625,167344400
2007-08-01,30048.369140625,30672.580078125,29763.5703125,30639.009765625,168242700
2007-08-02,30394.810546875,30569.0703125,30062.140625,30062.140625,148285000
2007-08-03,29671.76953125,30411.490234375,29671.76953125,30372.619140625,97263000
2007-08-06,29721.630859375,29722.310546875,29152.970703125,29671.76953125,123952500
2007-08-07,30239.919921875,30308.470703125,29665.310546875,29721.630859375,139162500
2007-08-08,30661.869140625,30982.44921875,30242.98046875,30242.98046875,148900900
2007-08-09,29883.9609375,30621.599609375,29883.7109375,30621.599609375,132610900
2007-08-10,29420.470703125,29883.169921875,28868.220703125,29883.169921875,165978900
2007-08-13,29607.19921875,29884.640625,29449.55078125,29449.55078125,102825200
2007-08-14,28895.73046875,29748.060546875,28847.9296875,29638.580078125,111142300
2007-08-15,28140.73046875,29030.30078125,27987.310546875,28885.830078125,154231300
2007-08-16,27793.16015625,28137.23046875,26445.83984375,28137.23046875,259586700
2007-08-17,28510.66015625,28783.7890625,27859.740234375,27859.740234375,217556300
2007-08-20,28453.55078125,28749.259765625,28241.7109375,28511.919921875,99913000
2007-08-21,28568.4296875,28724.2109375,28241.44921875,28453.55078125,99531800
2007-08-22,29269.33984375,29269.6796875,28568.4296875,28568.4296875,124979000
2007-08-23,29459.8203125,29609.810546875,29270.109375,29270.109375,122398900
2007-08-24,30041.5390625,30102.3203125,29445.08984375,29457.330078125,152736900
2007-08-27,30275.83984375,30278.5,29868.150390625,30050.4609375,84798200
2007-08-28,29326.759765625,30264.19921875,29240.7890625,30264.19921875,150259000
2007-08-29,29710.779296875,29732.759765625,29286.0,29376.640625,114861200
2007-08-30,29744.0703125,29970.48046875,29488.470703125,29710.779296875,120369400
2007-08-31,30347.859375,30347.859375,29749.390625,29749.390625,138088300
2007-09-03,30797.599609375,30799.130859375,30347.859375,30347.859375,36499000
2007-09-04,30932.7109375,31015.76953125,30587.390625,30802.58984375,162376100
2007-09-05,30809.55078125,30903.609375,30635.529296875,30903.609375,95805400
2007-09-06,30816.94921875,30977.150390625,30757.01953125,30809.55078125,90418000
2007-09-07,30252.76953125,30816.19921875,30064.140625,30816.19921875,110884600
2007-09-10,29893.1796875,30265.5390625,29683.259765625,30252.76953125,94633800
2007-09-11,30191.140625,30307.359375,29892.439453125,29893.1796875,110137700
2007-09-12,30076.330078125,30317.5,30025.619140625,30191.140625,91296200
2007-09-13,30302.23046875,30513.48046875,30063.779296875,30076.330078125,97280400
2007-09-14,30096.029296875,30389.01953125,30091.490234375,30291.509765625,87969400
2007-09-17,29794.490234375,30222.130859375,29573.58984375,30080.419921875,79726600
2007-09-18,30603.419921875,30741.44921875,29795.869140625,29795.869140625,186831600
2007-09-19,30512.640625,31090.48046875,30512.640625,30607.099609375,204986700
2007-09-20,30485.75,30697.26953125,30248.91015625,30512.640625,106047900
2007-09-21,30583.0703125,30722.939453125,30356.580078125,30485.75,121562700
2007-09-24,30543.44921875,30753.880859375,30417.69921875,30585.599609375,96493600
2007-09-25,30294.76953125,30539.619140625,30269.919921875,30539.619140625,111282700
2007-09-26,30303.1796875,30524.619140625,30175.349609375,30305.900390625,142272100
2007-09-27,30528.0,30591.33984375,30303.1796875,30303.1796875,137181400
2007-09-28,30296.189453125,30551.990234375,30248.150390625,30528.0,134169600
2007-10-01,30855.6796875,30887.73046875,30266.58984375,30298.41015625,126508100
2007-10-02,31451.7890625,31531.849609375,30864.859375,30864.859375,216543100
2007-10-03,31178.83984375,31588.759765625,31177.490234375,31427.3203125,158740800
2007-10-04,31078.330078125,31369.169921875,30833.5,31178.83984375,158142400
2007-10-05,31540.939453125,31708.140625,31078.330078125,31078.330078125,138860400
2007-10-08,31825.509765625,31828.890625,31422.669921875,31530.23046875,103456500
2007-10-09,31801.689453125,32096.720703125,31758.919921875,31825.98046875,135631900
2007-10-10,32129.400390625,32238.880859375,31881.48046875,31886.25,187619900
2007-10-11,31980.94921875,32757.259765625,31867.369140625,32129.400390625,249969900
2007-10-12,32473.470703125,32501.990234375,31991.73046875,31991.73046875,125891200
2007-10-15,32335.859375,32654.7109375,32217.25,32473.470703125,117585300
2007-10-16,32230.8203125,32335.859375,31973.189453125,32335.859375,113380500
2007-10-17,32721.8203125,32721.8203125,32232.419921875,32232.419921875,141438700
2007-10-18,32836.12109375,32851.140625,32523.8203125,32721.720703125,136513900
2007-10-19,31823.400390625,32836.12109375,31814.439453125,32836.12109375,160447100
2007-10-22,31969.48046875,31976.009765625,31378.259765625,31817.33984375,97478200
2007-10-23,32229.439453125,32386.1796875,31969.48046875,31969.48046875,115284100
2007-10-24,32048.1796875,32232.189453125,31660.9296875,32232.189453125,136789500
2007-10-25,31886.099609375,32087.1796875,31557.380859375,32050.48046875,175930100
2007-10-26,32136.759765625,32150.849609375,31781.73046875,31896.150390625,143574600
2007-10-29,32100.759765625,32419.169921875,32027.919921875,32137.169921875,89089600
2007-10-30,31783.619140625,31965.1796875,31634.599609375,31965.1796875,96602600
2007-10-31,31458.669921875,31791.869140625,31413.220703125,31787.0,163963200
2007-11-01,30806.30078125,31411.98046875,30743.890625,31411.98046875,120008600
2007-11-05,30157.689453125,30815.2109375,29832.9609375,30806.30078125,163035700
2007-11-06,30430.5,30499.849609375,30158.01953125,30163.810546875,145394700
2007-11-07,29582.2109375,30428.55078125,29574.0703125,30428.55078125,126476100
2007-11-08,29289.720703125,29834.330078125,28813.509765625,29586.759765625,197755700
2007-11-09,29158.859375,29299.669921875,28790.140625,29287.880859375,176494300
2007-11-12,28185.900390625,29158.7109375,28167.73046875,29158.7109375,134013500
2007-11-13,29484.779296875,29499.2109375,28177.73046875,28187.830078125,166169000
2007-11-14,29655.6796875,30196.890625,29484.779296875,29484.779296875,183482800
2007-11-15,29170.900390625,29775.0,29013.4609375,29639.599609375,132069500
2007-11-16,29631.5703125,29631.5703125,29022.060546875,29172.83984375,100685800
2007-11-21,28446.44921875,29057.9296875,28374.8203125,29057.9296875,105890700
2007-11-22,28520.16015625,28619.25,28417.73046875,28417.73046875,12445600
2007-11-23,28710.869140625,28736.609375,28393.2109375,28520.16015625,56789800
2007-11-26,27883.009765625,28941.390625,27882.580078125,28709.2109375,101299900
2007-11-27,28124.650390625,28213.30078125,27647.470703125,27888.830078125,102407300
2007-11-28,29276.390625,29425.779296875,28126.2109375,28126.2109375,173167600
2007-11-29,29399.919921875,29740.810546875,29195.859375,29276.390625,112281400
2007-11-30,29770.51953125,30047.990234375,29432.830078125,29432.830078125,197682200
2007-12-03,29968.529296875,29971.580078125,29580.76953125,29770.51953125,88112600
2007-12-04,29998.7890625,30154.310546875,29765.419921875,29969.16015625,97022000
2007-12-05,30761.640625,30790.509765625,30025.580078125,30025.580078125,187169800
2007-12-06,31257.30078125,31261.880859375,30772.099609375,30776.859375,141177900
2007-12-07,31268.359375,31408.240234375,31128.720703125,31257.23046875,135086100
2007-12-10,31182.75,31452.970703125,31097.48046875,31269.83984375,108306400
2007-12-11,30327.359375,31426.390625,30319.830078125,31184.279296875,126872500
2007-12-13,30088.0390625,30303.509765625,29686.939453125,30303.509765625,124462400
2007-12-14,29994.900390625,30164.650390625,29768.849609375,30084.970703125,69386200
2007-12-17,28968.19921875,29994.16015625,28895.58984375,29994.16015625,123391100
2007-12-18,29254.98046875,29424.98046875,28839.75,28993.48046875,123505900
2007-12-19,29074.119140625,29527.240234375,29025.900390625,29254.98046875,117367600
2007-12-20,29148.44921875,29200.919921875,29011.650390625,29074.119140625,104751600
2007-12-21,29638.400390625,29736.109375,29148.44921875,29148.44921875,95666600
2007-12-24,29853.76953125,29871.470703125,29639.169921875,29639.169921875,27122800
2007-12-26,30002.4609375,30041.44921875,29838.119140625,29857.599609375,47889000
2007-12-27,29642.119140625,29969.25,29640.76953125,29969.25,39607000
2007-12-28,29700.189453125,29820.310546875,29588.2109375,29642.859375,46800600
2007-12-31,29536.830078125,29738.029296875,29241.939453125,29700.189453125,32672400
2008-01-02,28699.119140625,29733.560546875,28684.330078125,29536.830078125,101740500
2008-01-03,28860.779296875,29046.609375,28666.94921875,28687.849609375,78935800
2008-01-04,28317.919921875,28860.779296875,28226.4609375,28860.779296875,93434400
2008-01-07,28152.560546875,28420.5,27811.599609375,28327.890625,104241300
2008-01-08,28267.779296875,28698.859375,28158.119140625,28158.119140625,147153700
2008-01-09,28401.609375,28404.900390625,27748.740234375,28260.16015625,163572400
2008-01-10,29069.560546875,29093.48046875,28174.9609375,28399.279296875,176867400
2008-01-11,28723.8203125,29240.599609375,28574.609375,29069.560546875,106765600
2008-01-14,28607.44921875,28959.9609375,28440.83984375,28725.349609375,107568000
2008-01-15,27961.849609375,28603.66015625,27901.5,28603.66015625,160136000
2008-01-16,27343.5703125,27954.1796875,26982.26953125,27954.1796875,212490500
2008-01-17,26698.66015625,27604.8203125,26560.859375,27343.5703125,182094200
2008-01-18,26713.830078125,27144.66015625,26325.4609375,26698.66015625,163589000
2008-01-21,25284.880859375,26692.859375,25282.310546875,26692.859375,82536400
2008-01-22,26892.740234375,27019.7890625,25298.970703125,25298.970703125,215089300
2008-01-23,27620.330078125,27620.330078125,25833.3203125,26888.869140625,190439100
2008-01-24,27905.130859375,28323.150390625,27626.470703125,27626.470703125,186883700
2008-01-25,27379.919921875,28419.66015625,27379.919921875,27922.009765625,122925100
2008-01-28,27758.9296875,27764.359375,26991.630859375,27379.919921875,103723100
2008-01-29,28263.94921875,28326.619140625,27828.0,27828.0,130366500
2008-01-30,28296.80078125,28782.51953125,28104.099609375,28262.849609375,144325400
2008-01-31,28793.640625,28802.5703125,27656.630859375,28295.23046875,243839600
2008-02-01,29429.9296875,29494.5390625,28746.029296875,28793.33984375,173546800
2008-02-05,28086.970703125,29404.83984375,28086.150390625,29404.83984375,163168500
2008-02-06,27929.2890625,28552.580078125,27918.810546875,28091.529296875,144956500
2008-02-07,28088.3203125,28276.779296875,27472.26953125,27929.720703125,149717300
2008-02-08,28185.259765625,28210.529296875,27963.029296875,28087.890625,123837400
2008-02-11,28789.55078125,28823.94921875,27952.98046875,28159.130859375,137057400
2008-02-12,28869.9609375,29296.630859375,28868.390625,28916.4609375,189625600
2008-02-13,29306.759765625,29316.859375,28871.880859375,28871.880859375,168112000
2008-02-14,29138.919921875,29375.5390625,29051.80078125,29306.759765625,134397500
2008-02-15,28744.810546875,29139.009765625,28576.119140625,29139.009765625,104607200
2008-02-18,29172.2109375,29178.130859375,28707.859375,28744.810546875,28032000
2008-02-19,28899.970703125,29423.0703125,28891.119140625,29172.439453125,146877700
2008-02-20,29224.439453125,29225.26953125,28651.130859375,28874.130859375,114691700
2008-02-21,29361.3203125,29495.919921875,29219.359375,29246.30078125,122940400
2008-02-22,29528.7890625,29528.7890625,29044.8203125,29355.759765625,114595100
2008-02-25,29962.880859375,29970.83984375,29425.73046875,29537.25,122389000
2008-02-26,30228.080078125,30353.359375,29779.580078125,29962.880859375,211038900
2008-02-27,30424.759765625,30633.7109375,30095.150390625,30228.080078125,153453400
2008-02-28,30130.470703125,30597.5,30128.849609375,30425.470703125,146328900
2008-02-29,28918.51953125,30129.2109375,28916.98046875,30129.2109375,203444800
2008-03-03,29526.69921875,29546.599609375,28710.390625,28904.7109375,140738000
2008-03-04,29261.109375,29534.310546875,28863.060546875,29534.310546875,155506400
2008-03-05,29277.349609375,29490.900390625,29093.330078125,29261.109375,145494800
2008-03-06,28717.0390625,29276.330078125,28716.8203125,29276.330078125,136271200
2008-03-07,28612.75,28907.759765625,28388.1796875,28717.140625,143365000
2008-03-10,28207.2890625,28710.349609375,28080.630859375,28611.720703125,240998500
2008-03-11,29466.169921875,29466.169921875,28233.900390625,28233.900390625,202437700
2008-03-12,29283.400390625,29886.080078125,29282.349609375,29463.990234375,159787000
2008-03-13,29703.08984375,29758.0,28799.119140625,29281.689453125,127929400
2008-03-14,29048.509765625,29783.75,28593.94921875,29703.08984375,132334200
2008-03-18,29515.55078125,29573.0703125,28953.060546875,29048.509765625,116291800
2008-03-19,29071.33984375,29588.83984375,28903.009765625,29517.0703125,126425600
2008-03-24,29634.16015625,29930.9296875,29055.849609375,29074.580078125,132521800
2008-03-25,29981.080078125,30144.509765625,29611.419921875,29636.33984375,115395700
2008-03-26,30057.259765625,30057.900390625,29750.1796875,29981.01953125,132391000
2008-03-27,29987.05078125,30320.98046875,29985.4609375,30058.44921875,116581500
2008-03-28,30089.900390625,30181.58984375,29916.529296875,29996.9609375,85730600
2008-03-31,30912.990234375,31109.169921875,30002.91015625,30083.349609375,361514400
2008-04-01,31787.6796875,32079.890625,30916.0390625,30916.0390625,362679500
2008-04-02,31467.869140625,32232.73046875,31467.869140625,31788.439453125,205242300
2008-04-03,31689.609375,31849.19921875,31216.619140625,31463.98046875,149274000
2008-04-04,31545.369140625,31798.169921875,31490.490234375,31653.009765625,106897200
2008-04-07,31715.439453125,31941.0390625,31517.44921875,31550.7109375,110300500
2008-04-08,31726.859375,31754.08984375,31467.1796875,31680.359375,114474200
2008-04-09,31417.830078125,31795.75,31341.220703125,31726.720703125,131151000
2008-04-10,31649.05078125,31710.9296875,31115.7109375,31418.669921875,136507700
2008-04-11,31302.5703125,31647.859375,31239.98046875,31647.859375,138265300
2008-04-14,31192.48046875,31507.51953125,31149.26953125,31302.5703125,107344600
2008-04-15,31375.94921875,31455.75,31159.05078125,31193.240234375,86685200
2008-04-16,31910.2109375,31910.2109375,31382.05078125,31382.05078125,153079100
2008-04-17,31785.990234375,31989.73046875,31580.7890625,31910.140625,131549800
2008-04-18,31795.6796875,32191.19921875,31649.109375,31788.5703125,159416200
2008-04-21,32095.0390625,32098.2890625,31762.5390625,31795.6796875,122282500
2008-04-22,32039.720703125,32292.919921875,31805.7890625,32095.240234375,146719700
2008-04-23,31847.98046875,32097.880859375,31743.859375,32039.720703125,146612900
2008-04-24,31746.23046875,32047.580078125,31410.69921875,31847.98046875,139709100
2008-04-25,31009.01953125,31743.23046875,30862.529296875,31743.23046875,434799100
2008-04-28,30623.390625,31246.69921875,30623.349609375,31008.919921875,150779600
2008-04-29,30270.640625,30720.4296875,30244.91015625,30620.919921875,169772000
2008-04-30,30281.41015625,30578.19921875,30247.30078125,30271.400390625,174060600
2008-05-02,30551.470703125,30581.259765625,30238.41015625,30289.91015625,147625800
2008-05-05,30958.890625,30981.0390625,30523.349609375,30532.91015625,98088200
2008-05-06,31223.419921875,31239.970703125,30878.9296875,30958.939453125,153053700
2008-05-07,30762.16015625,31379.69921875,30700.009765625,31228.759765625,161426900
2008-05-08,30751.970703125,30802.419921875,30586.91015625,30762.16015625,157063200
2008-05-09,30674.359375,30774.5703125,30454.48046875,30751.970703125,120458200
2008-05-12,30637.359375,30754.5703125,30419.16015625,30674.359375,135730600
2008-05-13,30887.400390625,30975.529296875,30578.2890625,30640.359375,126102600
2008-05-14,31336.5703125,31541.8203125,30876.310546875,30887.400390625,197494800
2008-05-15,31542.970703125,31548.509765625,31240.890625,31337.669921875,119455900
2008-05-16,31486.94921875,31717.05078125,31486.94921875,31543.689453125,173136600
2008-05-19,31796.41015625,32024.48046875,31483.130859375,31483.130859375,152153400
2008-05-20,31526.169921875,31794.109375,31436.66015625,31794.109375,122828500
2008-05-21,31126.0703125,31611.5390625,31116.099609375,31526.169921875,122010900
2008-05-22,31245.6796875,31339.880859375,31126.0703125,31126.0703125,143709900
2008-05-23,31068.69921875,31255.330078125,31004.0,31253.310546875,103283200
2008-05-26,31314.55078125,31355.1796875,31068.640625,31068.69921875,32507600
2008-05-27,31414.2109375,31508.619140625,31247.830078125,31314.55078125,131717800
2008-05-28,31647.029296875,31647.080078125,31297.810546875,31414.3203125,125642300
2008-05-29,31837.26953125,31925.689453125,31523.880859375,31647.029296875,131849400
2008-05-30,31975.470703125,32211.48046875,31805.16015625,31835.580078125,276935800
2008-06-02,31636.2109375,32001.130859375,31594.890625,31968.599609375,85291800
2008-06-03,31492.640625,31729.109375,31215.58984375,31636.2109375,121221800
2008-06-04,31448.109375,31593.859375,31325.16015625,31488.8203125,120475300
2008-06-05,31726.009765625,31726.060546875,31446.19921875,31447.6796875,109032000
2008-06-06,31149.060546875,31694.240234375,31108.609375,31692.849609375,144939800
2008-06-09,30933.439453125,31232.109375,30695.689453125,31149.060546875,94709400
2008-06-10,30898.869140625,30905.08984375,30651.30078125,30905.08984375,164126700
2008-06-11,30446.240234375,31070.580078125,30446.240234375,30898.23046875,218040000
2008-06-12,30475.439453125,30955.390625,30435.669921875,30461.529296875,244010200
2008-06-13,30413.48046875,30715.609375,30253.810546875,30475.439453125,117938900
2008-06-16,30354.1796875,30567.91015625,30342.240234375,30411.3203125,99324600
2008-06-17,29925.26953125,30409.75,29862.580078125,30353.01953125,143734600
2008-06-18,29618.109375,29916.580078125,29406.390625,29916.580078125,242131000
2008-06-19,29847.849609375,29852.599609375,29304.689453125,29618.109375,178893100
2008-06-20,29533.439453125,29848.939453125,29179.759765625,29848.939453125,187416400
2008-06-23,29464.5390625,29594.609375,29352.849609375,29533.439453125,113904300
2008-06-24,29291.609375,29566.150390625,29114.599609375,29465.5703125,162416800
2008-06-25,29569.439453125,29818.310546875,29278.330078125,29298.08984375,121611300
2008-06-26,29199.939453125,29541.7890625,29098.150390625,29541.7890625,148277900
2008-06-27,29295.0,29414.609375,29148.66015625,29194.16015625,101171100
2008-06-30,29395.490234375,29477.310546875,29213.189453125,29295.0,106729500
2008-07-01,29221.109375,29395.490234375,28763.259765625,29395.490234375,181056400
2008-07-02,28680.830078125,29288.939453125,28655.029296875,29223.48046875,170904100
2008-07-03,28465.55078125,28809.560546875,28459.669921875,28676.779296875,107777900
2008-07-04,28338.119140625,28558.76953125,28337.859375,28465.55078125,23838400
2008-07-07,28383.529296875,28708.919921875,28076.3203125,28348.01953125,110006500
2008-07-08,28551.25,28585.4609375,28091.509765625,28383.529296875,150752100
2008-07-09,28095.7890625,28764.720703125,28095.369140625,28551.2109375,191802700
2008-07-10,27877.330078125,28101.939453125,27499.560546875,28092.630859375,177596100
2008-07-11,27614.5390625,27876.26953125,27274.890625,27876.26953125,144967300
2008-07-14,27517.109375,27862.830078125,27427.26953125,27655.66015625,108358800
2008-07-15,27435.80078125,27704.939453125,26877.80078125,27499.7109375,201285800
2008-07-16,27968.8203125,27978.169921875,27312.1796875,27429.80078125,170970500
2008-07-17,28215.859375,28383.240234375,27970.330078125,27970.330078125,174104100
2008-07-18,28169.76953125,28320.189453125,27993.55078125,28222.599609375,131485700
2008-07-21,27988.470703125,28418.029296875,27971.83984375,28169.76953125,96207400
2008-07-22,27592.240234375,27991.529296875,27419.76953125,27988.33984375,264017500
2008-07-23,27644.75,27848.240234375,27432.75,27592.240234375,200624200
2008-07-24,27644.75,27726.41015625,27205.060546875,27640.7890625,200624200
2008-07-25,27084.76953125,27207.080078125,26876.169921875,26878.91015625,155935100
2008-07-28,26732.83984375,27177.439453125,26732.560546875,27085.869140625,137241300
2008-07-29,27318.640625,27370.580078125,26647.55078125,26732.83984375,159659100
2008-07-30,27474.0390625,27648.140625,27340.94921875,27343.3203125,160933400
2008-07-31,27501.01953125,27600.33984375,27340.75,27473.810546875,149093300
2008-08-01,26959.1796875,27502.650390625,26892.310546875,27500.26953125,128046200
2008-08-04,26487.759765625,27028.720703125,26463.810546875,26978.990234375,122683700
2008-08-05,26990.189453125,26990.189453125,26502.720703125,26502.720703125,156835200
2008-08-06,27342.390625,27344.150390625,26909.140625,26990.189453125,154895300
2008-08-07,26986.98046875,27342.390625,26949.0,27342.390625,135773300
2008-08-08,27132.7890625,27262.369140625,26893.6796875,26982.490234375,115178100
2008-08-11,26943.689453125,27262.5390625,26929.390625,27073.310546875,155475300
2008-08-12,26636.55078125,26976.849609375,26593.08984375,26943.44921875,152061100
2008-08-13,26877.0703125,26914.939453125,26519.869140625,26643.55078125,125333600
2008-08-14,27247.44921875,27267.740234375,26782.98046875,26875.48046875,174043900
2008-08-15,27340.830078125,27446.619140625,27150.630859375,27261.509765625,127894800
2008-08-18,26777.48046875,27356.0,26735.470703125,27341.0703125,110044500
2008-08-19,26732.109375,26895.580078125,26454.0703125,26776.009765625,136870300
2008-08-20,26865.0390625,27042.099609375,26729.119140625,26732.109375,148111800
2008-08-21,26534.970703125,26961.720703125,26522.359375,26862.91015625,104828800
2008-08-22,26875.44921875,26877.0,26560.5,26560.5,124177100
2008-08-25,26416.619140625,26873.0703125,26416.009765625,26873.0703125,93978600
2008-08-26,26071.4609375,26447.869140625,25872.25,26415.580078125,148863300
2008-08-27,26131.349609375,26383.08984375,26061.580078125,26071.4609375,129256500
2008-08-28,26444.119140625,26480.310546875,26131.349609375,26131.349609375,118621800
2008-08-29,26290.990234375,26459.970703125,26222.529296875,26444.119140625,87632200
2008-09-01,26424.69921875,26443.189453125,26274.26953125,26320.73046875,17653200
2008-09-02,26522.759765625,26753.7109375,26382.279296875,26425.119140625,159102200
2008-09-03,26467.7890625,26592.060546875,26282.990234375,26525.01953125,141765700
2008-09-04,26151.630859375,26467.7890625,25891.080078125,26467.7890625,147457000
2008-09-05,25904.1796875,26151.630859375,25676.9609375,26151.630859375,154593100
2008-09-08,26232.560546875,26489.359375,25939.94921875,25955.859375,154665300
2008-09-09,25629.7890625,26283.8203125,25625.939453125,26232.439453125,192486100
2008-09-10,25622.91015625,25776.1796875,25411.5390625,25634.560546875,217075200
2008-09-11,25552.490234375,25637.470703125,25180.08984375,25599.83984375,191323100
2008-09-12,25588.41015625,25599.599609375,25174.029296875,25488.029296875,169976800
2008-09-15,24618.150390625,25427.69921875,24610.5390625,25427.69921875,125304000
2008-09-17,23456.83984375,24722.69921875,23383.6796875,24618.150390625,280231000
2008-09-18,24577.900390625,24596.990234375,23181.740234375,23457.8203125,282824600
2008-09-19,25701.029296875,26114.58984375,24640.01953125,24640.01953125,284691900
2008-09-22,25131.91015625,25731.16015625,25131.609375,25702.5390625,165723400
2008-09-23,24969.169921875,25223.009765625,24834.8203125,25131.869140625,148066400
2008-09-24,24944.25,25165.5,24766.73046875,24969.169921875,137172200
2008-09-25,25645.5,25657.009765625,24839.970703125,24946.5,228067600
2008-09-26,25593.76953125,25644.33984375,25264.849609375,25644.33984375,189939100
2008-09-29,23955.669921875,25577.1796875,23789.830078125,25577.1796875,234109200
2008-09-30,24888.900390625,24888.900390625,23980.099609375,23980.099609375,244103900
2008-10-01,25117.3203125,25220.720703125,24482.029296875,24898.470703125,183110300
2008-10-02,24027.349609375,25117.48046875,23874.3203125,25117.48046875,227691800
2008-10-03,22989.5,24271.380859375,22989.5,24033.73046875,239791000
2008-10-06,21749.130859375,22969.560546875,20693.830078125,22969.560546875,239129100
2008-10-07,20884.740234375,22567.890625,20864.51953125,21766.6796875,236341900
2008-10-08,20678.970703125,21383.689453125,20145.55078125,20868.5703125,362334800
2008-10-09,20310.19921875,21473.7109375,20309.529296875,20690.44921875,208223800
2008-10-10,19905.26953125,20268.7890625,19230.75,20268.7890625,427580700
2008-10-13,22095.890625,22095.890625,20005.029296875,20005.029296875,347370200
2008-10-14,22244.609375,23398.7890625,21899.80078125,22186.80078125,350346500
2008-10-15,21135.419921875,22224.650390625,20830.939453125,22224.650390625,207434100
2008-10-16,20457.9296875,21347.9296875,20032.25,21137.7890625,289201200
2008-10-17,20312.830078125,20945.5,20118.51953125,20464.19921875,220388500
2008-10-20,20786.2109375,20950.259765625,20312.830078125,20312.830078125,203623800
2008-10-21,20203.26953125,20794.759765625,20101.720703125,20759.2890625,203150000
2008-10-22,18787.33984375,20166.619140625,18613.44921875,20166.619140625,271645700
2008-10-23,17798.990234375,19009.970703125,17537.8203125,18787.33984375,283895300
2008-10-24,16978.83984375,17795.150390625,16616.939453125,17795.150390625,232867600
2008-10-27,16891.029296875,17596.029296875,16480.009765625,16955.849609375,203062400
2008-10-28,18632.529296875,18832.73046875,16867.390625,16867.390625,291780300
2008-10-29,19157.330078125,19666.919921875,18320.830078125,18665.4609375,326481900
2008-10-30,20207.01953125,20242.720703125,19157.91015625,19157.91015625,297175900
2008-10-31,20445.3203125,20454.609375,20016.240234375,20207.01953125,259049700
2008-11-03,20612.6796875,20696.41015625,20224.869140625,20445.3203125,174720500
2008-11-04,21535.26953125,21538.05078125,20632.880859375,20632.880859375,235156000
2008-11-05,20446.76953125,21538.349609375,20427.330078125,21535.26953125,183589200
2008-11-06,19650.859375,20446.76953125,19602.419921875,20446.76953125,181085900
2008-11-07,19865.220703125,20186.2890625,19658.330078125,19658.330078125,146691100
2008-11-10,20020.529296875,20381.189453125,19745.23046875,19865.48046875,136696800
2008-11-11,19795.25,20020.529296875,19540.669921875,20020.529296875,165859600
2008-11-12,18804.94921875,19781.80078125,18804.94921875,19781.80078125,161141700
2008-11-13,19710.099609375,19710.83984375,18220.66015625,18804.94921875,257765100
2008-11-14,19562.140625,19918.490234375,19292.25,19710.849609375,205168800
2008-11-18,19036.23046875,19562.140625,18833.4296875,19562.140625,220406600
2008-11-19,18578.380859375,19039.0703125,18558.369140625,19035.9296875,165005200
2008-11-20,18190.69921875,18745.599609375,18012.359375,18578.380859375,157979000
2008-11-21,18251.41015625,18453.30078125,17942.970703125,18190.69921875,141270600
2008-11-24,19529.25,19573.009765625,18251.41015625,18251.41015625,215589700
2008-11-25,19297.630859375,19709.44921875,18982.83984375,19545.6796875,258173400
2008-11-26,20025.7890625,20062.470703125,19028.189453125,19297.2109375,192476700
2008-11-27,20201.8203125,20223.029296875,19888.640625,20026.2109375,54814600
2008-11-28,20534.720703125,20549.55078125,20021.150390625,20202.19921875,135157600
2008-12-01,19533.080078125,20514.560546875,19532.400390625,20514.560546875,159841000
2008-12-02,19802.26953125,19819.630859375,19499.75,19547.580078125,134698700
2008-12-03,20147.009765625,20277.099609375,19493.859375,19801.94921875,148344200
2008-12-04,19916.2109375,20266.349609375,19901.650390625,20147.009765625,176713300
2008-12-05,20081.830078125,20082.58984375,19440.5390625,19915.849609375,157880000
2008-12-08,21168.720703125,21192.390625,20083.869140625,20083.869140625,279845300
2008-12-09,21439.650390625,21632.2890625,20978.369140625,21164.740234375,242536200
2008-12-10,21689.83984375,21991.009765625,21424.759765625,21459.80078125,238217700
2008-12-11,21408.349609375,21831.16015625,21305.630859375,21639.630859375,176931400
2008-12-15,21050.55078125,21476.9609375,21039.109375,21374.869140625,184485100
2008-12-16,22032.5390625,22095.140625,21017.869140625,21050.55078125,289314700
2008-12-17,22572.5,22583.849609375,21904.890625,22032.779296875,245711100
2008-12-18,22347.169921875,23098.150390625,22334.75,22572.5,200045000
2008-12-19,22221.640625,22545.16015625,21979.5390625,22308.91015625,225725200
2008-12-22,22059.1796875,22282.9296875,21923.099609375,22221.640625,93403400
2008-12-23,22174.259765625,22393.869140625,22053.94921875,22059.1796875,109505000
2008-12-24,22340.69921875,22453.509765625,22141.349609375,22167.080078125,31613800
2008-12-26,22515.33984375,22543.33984375,22249.279296875,22339.0390625,36655600
2008-12-29,22392.380859375,22571.029296875,22290.880859375,22515.33984375,69370400
2008-12-30,22420.009765625,22516.740234375,22128.650390625,22398.759765625,70999200
2008-12-31,22380.3203125,22660.58984375,22368.0,22419.7109375,64369400
2009-01-02,23250.9609375,23302.060546875,22331.400390625,22380.3203125,107065400
2009-01-05,23238.859375,23483.5390625,23190.259765625,23250.9609375,190380500
2009-01-06,23005.41015625,23489.76953125,22886.2109375,23238.859375,213101600
2009-01-07,22117.509765625,22992.7109375,22107.599609375,22992.7109375,144398800
2009-01-08,21955.400390625,22116.80078125,21660.109375,22116.80078125,168764000
2009-01-09,21741.2890625,22040.19921875,21654.900390625,21962.119140625,127101200
2009-01-12,21162.26953125,21744.48046875,21019.23046875,21741.2890625,143957200
2009-01-13,21047.30078125,21285.58984375,20866.060546875,21161.69921875,133309900
2009-01-14,20369.23046875,21047.30078125,20303.2890625,21047.30078125,159748100
2009-01-15,20280.490234375,20494.029296875,19716.76953125,20369.23046875,224767800
2009-01-16,20325.390625,20683.169921875,19860.810546875,20280.98046875,154477500
2009-01-19,20393.41015625,20473.880859375,20281.7109375,20325.189453125,23764400
2009-01-20,19213.01953125,20391.470703125,19212.890625,20386.6796875,171800600
2009-01-21,19497.099609375,19580.830078125,18997.109375,19221.26953125,176710900
2009-01-22,19306.73046875,19616.30078125,19038.849609375,19469.9609375,173302400
2009-01-23,19348.810546875,19572.650390625,18963.69921875,19211.939453125,167630900
2009-01-26,19583.080078125,19764.7109375,19291.759765625,19348.810546875,115346700
2009-01-27,19616.150390625,19864.400390625,19540.150390625,19586.8203125,111633100
2009-01-28,20145.220703125,20148.640625,19613.990234375,19613.990234375,222974300
2009-01-29,19537.05078125,20120.3203125,19537.05078125,20112.2890625,163286200
2009-01-30,19565.140625,19752.609375,19320.98046875,19501.109375,223409900
2009-02-03,19630.4609375,19777.869140625,19519.359375,19563.970703125,172960200
2009-02-04,19622.599609375,19958.419921875,19543.150390625,19630.4609375,181935300
2009-02-05,19736.9609375,19771.859375,19328.740234375,19622.599609375,147148800
2009-02-06,20438.130859375,20459.16015625,19736.9609375,19736.9609375,211926200
2009-02-09,20537.099609375,20537.099609375,20327.939453125,20437.80078125,124175700
2009-02-10,19825.720703125,20708.05078125,19678.939453125,20537.099609375,199243200
2009-02-11,19446.650390625,20053.16015625,19364.4296875,19825.23046875,129679900
2009-02-12,19358.25,19485.240234375,19165.369140625,19438.55078125,162651800
2009-02-13,19368.099609375,19515.01953125,19214.990234375,19362.650390625,124482200
2009-02-16,19520.869140625,19520.869140625,19306.66015625,19376.6796875,20536200
2009-02-17,18853.9296875,19489.5,18785.51953125,19489.5,149582000
2009-02-18,18741.26953125,18913.5703125,18531.41015625,18853.9296875,137636800
2009-02-19,18682.470703125,18975.390625,18593.380859375,18741.26953125,127616700
2009-02-20,18324.23046875,18686.55078125,18283.529296875,18686.55078125,149973600
2009-02-23,17956.400390625,18457.41015625,17956.23046875,18323.740234375,117136700
2009-02-24,18296.109375,18334.1796875,17708.1796875,17958.279296875,180856500
2009-02-25,18200.69921875,18300.939453125,17858.849609375,18300.939453125,210144900
2009-02-26,18047.16015625,18399.6796875,17924.609375,18200.060546875,178988200
2009-02-27,17752.1796875,18066.529296875,17620.69921875,18062.1796875,226388200
2009-03-02,16929.80078125,17748.1796875,16875.599609375,17748.1796875,152330900
2009-03-03,17093.25,17203.44921875,16756.650390625,16929.80078125,163130900
2009-03-04,17824.9609375,17840.390625,17113.599609375,17113.599609375,163352900
2009-03-05,17365.01953125,17806.109375,17210.05078125,17806.109375,211647700
2009-03-06,17043.439453125,17439.529296875,16922.310546875,17378.380859375,136829900
2009-03-09,16964.359375,17277.140625,16802.140625,17039.41015625,127063500
2009-03-10,17543.51953125,17657.189453125,16964.359375,16964.359375,216456000
2009-03-11,17790.689453125,17839.2109375,17522.8203125,17543.51953125,172724100
2009-03-12,18864.869140625,18883.01953125,17703.80078125,17789.880859375,235874400
2009-03-13,19437.009765625,19683.0390625,18847.369140625,18864.869140625,215405500
2009-03-17,19325.05078125,19450.9296875,19030.51953125,19437.009765625,186394200
2009-03-18,19620.48046875,19781.0,19066.380859375,19325.05078125,228632400
2009-03-19,19596.509765625,19839.16015625,19576.44921875,19620.23046875,228216900
2009-03-20,19363.30078125,19669.2890625,19304.73046875,19596.509765625,230963400
2009-03-23,20346.4296875,20349.560546875,19369.98046875,19369.98046875,224080200
2009-03-24,20242.609375,20469.640625,20052.380859375,20336.759765625,211904400
2009-03-25,20272.76953125,20693.41015625,20084.869140625,20242.609375,214070700
2009-03-26,20542.25,20730.939453125,20223.669921875,20288.0703125,189582300
2009-03-27,20315.169921875,20541.279296875,20253.419921875,20541.279296875,188352300
2009-03-30,19530.150390625,20314.419921875,19461.490234375,20314.419921875,217474900
2009-03-31,19626.75,19955.55078125,19459.130859375,19531.75,241774300
2009-04-01,19880.369140625,19980.509765625,19288.390625,19626.98046875,167143600
2009-04-02,20562.58984375,20844.80078125,19877.439453125,19877.439453125,310203000
2009-04-03,20933.779296875,20933.990234375,20463.98046875,20562.58984375,236140000
2009-04-06,20807.2109375,20928.140625,20535.109375,20928.140625,133722100
2009-04-07,20623.419921875,20800.48046875,20458.2109375,20799.279296875,170164100
2009-04-08,20530.630859375,20877.83984375,20519.109375,20628.259765625,142477700
2009-04-13,21838.9609375,21865.08984375,20534.830078125,20534.830078125,250985600
2009-04-14,21918.599609375,21961.900390625,21472.359375,21835.880859375,275947500
2009-04-15,21861.359375,22000.419921875,21755.66015625,21920.0703125,158298200
2009-04-16,22189.19921875,22292.119140625,21859.140625,21859.140625,212464200
2009-04-17,22234.83984375,22406.25,22076.3203125,22189.19921875,193354900
2009-04-20,21587.490234375,22233.48046875,21516.75,22233.48046875,158109400
2009-04-21,21216.939453125,21878.41015625,21159.5,21580.69921875,208890800
2009-04-22,21480.009765625,21834.76953125,21237.30078125,21237.30078125,178718200
2009-04-23,21829.330078125,21971.75,21482.4296875,21482.4296875,175363500
2009-04-24,22582.169921875,22711.669921875,21824.619140625,21829.330078125,273633900
2009-04-27,21827.109375,22578.83984375,21430.109375,22578.83984375,231181100
2009-04-28,21662.529296875,21884.349609375,21468.919921875,21802.44921875,159187800
2009-04-29,22079.33984375,22526.330078125,21654.470703125,21654.470703125,310851700
2009-04-30,21898.849609375,22576.330078125,21895.08984375,22079.98046875,255178900
2009-05-04,23014.05078125,23193.2890625,21976.900390625,21976.900390625,245237200
2009-05-05,23430.240234375,23456.609375,22941.150390625,23014.5390625,261591200
2009-05-06,23906.130859375,23985.919921875,23430.240234375,23430.240234375,283836700
2009-05-07,23589.400390625,24317.509765625,23518.94921875,23935.880859375,232618900
2009-05-08,24085.580078125,24094.2890625,23589.51953125,23589.51953125,217089100
2009-05-11,23943.01953125,24072.0390625,23726.240234375,24071.19921875,125778200
2009-05-12,23696.490234375,24021.080078125,23565.419921875,23951.080078125,208661300
2009-05-13,23155.009765625,23686.810546875,23142.439453125,23686.810546875,161476700
2009-05-14,23405.9296875,23420.919921875,23085.7890625,23155.009765625,150638900
2009-05-15,23341.720703125,23453.7109375,23171.75,23405.08984375,142720800
2009-05-18,23935.490234375,23940.69921875,23345.830078125,23345.830078125,156017200
2009-05-19,24344.619140625,24683.73046875,23911.330078125,23956.849609375,230674400
2009-05-20,24399.599609375,24799.5390625,24328.060546875,24383.609375,205337800
2009-05-21,23821.259765625,24374.419921875,23806.650390625,24374.419921875,161088100
2009-05-22,24093.240234375,24214.0390625,23833.470703125,23833.470703125,114183100
2009-05-25,24198.9609375,24246.279296875,24021.830078125,24095.529296875,31922800
2009-05-26,24640.080078125,24687.189453125,24045.900390625,24198.7109375,184148300
2009-05-27,24507.810546875,24922.099609375,24407.169921875,24640.369140625,196596600
2009-05-28,24659.240234375,24685.5,24286.619140625,24507.810546875,164277800
2009-05-29,24331.7109375,24993.779296875,24328.8203125,24683.849609375,270084400
2009-06-01,25105.630859375,25116.359375,24331.7109375,24331.7109375,206412500
2009-06-02,25183.830078125,25416.029296875,24958.109375,25106.119140625,206917200
2009-06-03,24651.3203125,25183.099609375,24515.91015625,25183.05078125,176736900
2009-06-04,24748.029296875,24803.310546875,24530.69921875,24651.359375,150974600
2009-06-05,24913.009765625,25045.939453125,24676.140625,24750.029296875,122116600
2009-06-08,24932.880859375,24949.33984375,24584.05078125,24913.009765625,109181900
2009-06-09,25107.4296875,25188.76953125,24847.05078125,24932.880859375,151848600
2009-06-10,25183.720703125,25372.220703125,25047.9609375,25107.4296875,202528000
2009-06-11,25372.849609375,25446.310546875,25183.380859375,25183.94921875,164651300
2009-06-12,25460.01953125,25554.16015625,25168.5703125,25365.2890625,139077600
2009-06-15,24899.689453125,25460.25,24790.349609375,25460.25,204609700
2009-06-16,24224.830078125,25002.19921875,24219.05078125,24899.689453125,172220700
2009-06-17,24150.939453125,24279.08984375,23690.580078125,24224.830078125,189867700
2009-06-18,24340.650390625,24464.08984375,24085.4296875,24181.330078125,119173400
2009-06-19,24274.720703125,24637.990234375,24274.720703125,24355.759765625,135760000
2009-06-22,23314.6796875,24274.720703125,23310.4609375,24274.720703125,141146700
2009-06-23,23496.390625,23496.91015625,22955.98046875,23315.009765625,155296600
2009-06-24,23711.240234375,24075.51953125,23506.48046875,23506.48046875,153541300
2009-06-25,24245.7109375,24268.3203125,23574.650390625,23710.080078125,137272700
2009-06-26,24458.23046875,24499.58984375,24170.140625,24245.869140625,97903200
2009-06-29,24473.529296875,24614.9296875,24404.810546875,24462.05078125,90991000
2009-06-30,24368.380859375,24634.41015625,24306.580078125,24475.19921875,114791700
2009-07-01,24524.009765625,24690.330078125,24406.220703125,24406.220703125,119185900
2009-07-02,24051.4609375,24506.349609375,23956.849609375,24506.349609375,125206400
2009-07-03,24045.390625,24099.19921875,23951.830078125,24051.66015625,34703000
2009-07-06,23742.490234375,24045.390625,23617.5703125,24045.390625,104251700
2009-07-07,23359.939453125,23761.7109375,23347.919921875,23744.169921875,120984300
2009-07-08,23468.98046875,23537.810546875,23033.939453125,23359.099609375,146884100
2009-07-09,23634.26953125,23725.189453125,23432.419921875,23502.41015625,119856400
2009-07-10,23656.259765625,23665.630859375,23331.16015625,23634.26953125,131724800
2009-07-13,23951.9609375,23952.76953125,23534.080078125,23656.259765625,124812900
2009-07-14,24340.650390625,24410.859375,23953.779296875,23953.779296875,140769500
2009-07-15,25336.330078125,25336.390625,24340.7890625,24340.7890625,218028000
2009-07-16,25735.560546875,25737.58984375,25290.4609375,25336.4609375,140645400
2009-07-17,25741.9609375,25881.169921875,25564.5,25733.69921875,153809500
2009-07-20,26284.060546875,26407.189453125,25754.6796875,25758.2890625,190451500
2009-07-21,26004.01953125,26450.330078125,25804.099609375,26282.060546875,139020400
2009-07-22,26288.2109375,26378.740234375,25917.119140625,26004.080078125,173120300
2009-07-23,26805.419921875,26896.76953125,26287.44921875,26287.44921875,192373800
2009-07-24,26646.369140625,26851.150390625,26510.6796875,26805.76953125,138510000
2009-07-27,26815.30078125,26855.69921875,26439.779296875,26647.560546875,123884600
2009-07-28,26850.75,26918.01953125,26598.66015625,26815.30078125,140706200
2009-07-29,26516.5,26838.140625,26449.220703125,26838.140625,149124400
2009-07-30,26810.26953125,26914.9609375,26524.119140625,26524.119140625,133046400
2009-07-31,27043.5,27156.05078125,26807.919921875,26807.98046875,158987500
2009-08-03,27692.48046875,27803.150390625,27074.0,27074.060546875,146920300
2009-08-04,27869.919921875,28015.189453125,27586.44921875,27692.48046875,183437700
2009-08-05,28082.630859375,28169.640625,27646.890625,27876.650390625,170777700
2009-08-06,27802.41015625,28275.310546875,27786.330078125,28086.640625,197996300
2009-08-07,28179.55078125,28306.0,27803.369140625,27803.369140625,190108500
2009-08-10,28305.3203125,28364.55078125,28034.630859375,28179.80078125,132510800
2009-08-11,27800.80078125,28378.7890625,27738.380859375,28305.3203125,169969900
2009-08-12,28096.01953125,28121.119140625,27762.939453125,27800.80078125,136708400
2009-08-13,28155.490234375,28216.529296875,27921.599609375,28096.66015625,176599900
2009-08-14,27855.4296875,28201.859375,27595.5,28155.970703125,141276600
2009-08-17,27299.580078125,27848.099609375,27069.669921875,27848.099609375,171287500
2009-08-18,27544.3203125,27599.69921875,27299.580078125,27299.580078125,169366200
2009-08-19,27598.369140625,27655.23046875,27314.01953125,27543.970703125,207640100
2009-08-20,27944.240234375,27944.740234375,27598.890625,27598.890625,189847000
2009-08-21,28308.9609375,28390.189453125,27945.130859375,27945.130859375,206511000
2009-08-24,28004.26953125,28607.609375,27952.830078125,28306.51953125,214635900
2009-08-25,28005.4609375,28257.900390625,27960.630859375,28004.919921875,197865500
2009-08-26,28212.849609375,28216.189453125,27912.51953125,28005.4609375,209486500
2009-08-27,28437.259765625,28572.400390625,27935.6796875,28224.619140625,237378500
2009-08-28,28599.919921875,28708.439453125,28415.509765625,28437.359375,201946600
2009-08-31,28129.94921875,28600.5703125,28116.470703125,28600.5703125,161924700
2009-09-01,27749.16015625,28643.150390625,27706.779296875,28129.94921875,256872800
2009-09-02,27953.33984375,28026.470703125,27705.94921875,27746.55078125,157490100
2009-09-03,28150.08984375,28288.890625,27957.400390625,27957.400390625,135276400
2009-09-04,28309.55078125,28326.0390625,28098.9296875,28150.08984375,136937800
2009-09-07,28585.25,28599.369140625,28303.83984375,28309.55078125,35117600
2009-09-08,29190.8203125,29190.8203125,28585.130859375,28586.240234375,196983600
2009-09-09,29100.05078125,29337.359375,28912.16015625,29191.150390625,182678300
2009-09-10,29318.419921875,29350.0390625,28978.19921875,29107.619140625,131175900
2009-09-11,29448.7890625,29516.76953125,29255.849609375,29318.609375,157170100
2009-09-14,29383.189453125,29464.810546875,29118.25,29451.109375,127989100
2009-09-15,29625.01953125,29686.0,29275.8203125,29383.189453125,181426700
2009-09-17,30017.720703125,30227.140625,29665.55078125,29665.55078125,253537600
2009-09-18,29942.0,30136.66015625,29681.509765625,30015.689453125,336085800
2009-09-21,29607.16015625,29952.630859375,29390.51953125,29936.939453125,156762400
2009-09-22,29513.6796875,29862.5703125,29458.4296875,29613.900390625,213517900
2009-09-23,28959.669921875,29774.23046875,28951.4609375,29513.6796875,348603400
2009-09-24,28465.109375,29048.359375,28357.359375,29010.029296875,221559600
2009-09-25,28759.98046875,28984.720703125,28346.390625,28465.109375,245037400
2009-09-28,29401.990234375,29436.859375,28760.099609375,28760.099609375,155587100
2009-09-29,29432.009765625,29808.3203125,29363.1796875,29401.880859375,162660000
2009-09-30,29232.240234375,29760.470703125,29213.58984375,29432.05078125,195187900
2009-10-01,28588.259765625,29236.580078125,28248.919921875,29232.240234375,191137900
2009-10-02,28678.66015625,28723.619140625,28063.720703125,28586.48046875,240458800
2009-10-05,29214.400390625,29235.83984375,28676.669921875,28700.80078125,159056300
2009-10-06,29690.48046875,29767.400390625,29226.4609375,29226.4609375,192418900
2009-10-07,29763.369140625,29801.69921875,29528.990234375,29690.48046875,132129600
2009-10-08,29898.849609375,30122.08984375,29817.6796875,29817.6796875,209416100
2009-10-09,30039.7109375,30049.439453125,29833.869140625,29897.130859375,113200300
2009-10-12,30475.4296875,30475.44921875,30033.939453125,30038.740234375,133227600
2009-10-13,30611.099609375,30635.0703125,30306.900390625,30475.490234375,185372000
2009-10-14,30881.099609375,31108.630859375,30614.19921875,30614.19921875,216945600
2009-10-15,31017.73046875,31091.150390625,30666.380859375,30881.099609375,165873700
2009-10-16,30726.30078125,31017.73046875,30662.16015625,31017.73046875,126961100
2009-10-19,30927.109375,31035.01953125,30718.0703125,30727.919921875,138456800
2009-10-20,31000.939453125,31031.3203125,30612.640625,30928.869140625,155063500
2009-10-21,30889.05078125,31216.44921875,30889.05078125,30999.880859375,185883700
2009-10-22,30761.759765625,30889.05078125,30682.140625,30889.05078125,153755100
2009-10-23,30617.6796875,30955.900390625,30597.51953125,30761.759765625,157480500
2009-10-26,30280.080078125,31077.650390625,30258.390625,30618.580078125,214770400
2009-10-27,29312.83984375,30289.150390625,29312.25,30286.080078125,265149100
2009-10-28,28670.900390625,29312.609375,28591.2109375,29312.609375,270904400
2009-10-29,29247.830078125,29482.880859375,28681.220703125,28681.220703125,203678300
2009-10-30,28646.029296875,29157.529296875,28262.970703125,29157.529296875,227685500
2009-11-03,28886.529296875,29055.8203125,28531.1796875,28646.7109375,156737700
2009-11-04,29430.509765625,29598.310546875,28935.33984375,28935.33984375,177574000
2009-11-05,29735.33984375,29859.970703125,29428.25,29432.30078125,152041500
2009-11-06,29868.619140625,29884.919921875,29611.640625,29734.80078125,113081300
2009-11-09,30646.240234375,30646.4296875,29898.44921875,29898.44921875,183126700
2009-11-10,30788.19921875,30953.869140625,30525.9296875,30640.890625,171878400
2009-11-11,31097.640625,31212.6796875,30772.599609375,30777.9296875,186647100
2009-11-12,30759.849609375,31195.970703125,30724.890625,31093.560546875,138559500
2009-11-13,31002.08984375,31002.140625,30651.83984375,30761.25,141102300
2009-11-17,31400.19921875,31510.509765625,31111.109375,31111.80078125,187584900
2009-11-18,31056.619140625,31410.4609375,30949.4609375,31392.859375,156085800
2009-11-19,30817.669921875,31055.529296875,30570.400390625,31055.529296875,153176600
2009-11-20,30666.509765625,30905.4609375,30566.5703125,30819.08984375,171071800
2009-11-23,31126.169921875,31244.759765625,30666.5390625,30666.5390625,167338600
2009-11-24,30961.990234375,31144.810546875,30776.8203125,31125.400390625,144656700
2009-11-25,31364.0390625,31371.150390625,30925.83984375,30963.080078125,150576700
2009-11-26,30447.830078125,31361.130859375,30447.830078125,31361.130859375,64119800
2009-11-27,30775.44921875,31124.2890625,30359.009765625,30448.369140625,118878600
2009-11-30,30957.109375,31043.5390625,30767.169921875,30775.900390625,247129200
2009-12-01,31750.580078125,32045.970703125,31002.419921875,31002.419921875,252564500
2009-12-02,32111.7890625,32297.009765625,31671.650390625,31751.8203125,237542100
2009-12-03,31967.4296875,32296.23046875,31964.48046875,32163.259765625,161147400
2009-12-04,32105.390625,32377.23046875,31767.01953125,31967.640625,133663700
2009-12-07,32085.169921875,32225.16015625,32068.83984375,32105.01953125,93790200
2009-12-08,31710.390625,32118.73046875,31710.359375,32085.83984375,158884300
2009-12-09,31670.2109375,31861.2890625,31507.66015625,31722.509765625,149638800
2009-12-10,31916.599609375,31954.099609375,31668.2109375,31668.2109375,168604600
2009-12-11,31901.689453125,32188.109375,31828.19921875,31916.9296875,144571500
2009-12-14,32009.880859375,32011.41015625,31731.1796875,31900.779296875,137502100
2009-12-15,31902.599609375,32277.19921875,31707.099609375,32009.119140625,176031800
2009-12-16,31956.25,32224.609375,31885.4296875,31902.66015625,215466300
2009-12-17,31948.41015625,31958.279296875,31808.44921875,31956.130859375,140486100
2009-12-18,31834.0703125,32012.2109375,31664.08984375,31946.859375,237514100
2009-12-21,31799.23046875,32118.380859375,31718.830078125,31825.83984375,126379200
2009-12-22,32240.3203125,32240.3203125,31800.30078125,31802.2890625,126726700
2009-12-23,32450.23046875,32529.6796875,32221.0,32241.529296875,91752200
2009-12-24,32548.529296875,32597.029296875,32453.150390625,32453.150390625,27257400
2009-12-28,32610.509765625,32724.76953125,32442.869140625,32549.4296875,52419400
2009-12-29,32626.2890625,32787.33984375,32611.7109375,32611.7109375,119575100
2009-12-30,32448.740234375,32628.5703125,32330.5,32627.900390625,80359400
2009-12-31,32120.470703125,32519.640625,32100.849609375,32432.7890625,63823600
2010-01-04,32758.529296875,32758.529296875,32120.740234375,32120.740234375,136257800
2010-01-05,32732.759765625,33073.7109375,32628.240234375,32729.30078125,165541900
2010-01-06,32830.16015625,32922.12109375,32639.439453125,32730.419921875,126000100
2010-01-07,33064.5703125,33069.78125,32670.98046875,32830.21875,123563200
2010-01-08,32892.0390625,33080.05078125,32779.66015625,33067.5703125,109516900
2010-01-11,32935.37890625,33047.23046875,32711.0390625,32892.109375,150332200
2010-01-12,32792.66015625,32976.609375,32719.619140625,32950.33984375,139205800
2010-01-13,32836.078125,32929.3203125,32607.939453125,32792.87109375,143683200
2010-01-14,32729.580078125,32847.9296875,32429.669921875,32843.55859375,447963200
2010-01-15,32262.30078125,32728.41015625,32262.099609375,32725.41015625,318270300
2010-01-18,32482.73046875,32491.48046875,32262.529296875,32262.529296875,32108200
2010-01-19,32473.05078125,32618.009765625,32367.859375,32493.359375,213255300
2010-01-20,32025.33984375,32466.0390625,31946.76953125,32466.0390625,215329000
2010-01-21,31205.30078125,32151.80078125,31181.720703125,32033.849609375,243330800
2010-01-22,30830.91015625,31212.55078125,30612.060546875,31203.099609375,210227600
2010-01-25,30465.060546875,31080.98046875,30465.060546875,30831.400390625,196961600
2010-01-26,30651.560546875,30764.759765625,30209.08984375,30461.859375,183139500
2010-01-27,30610.830078125,30677.0390625,30082.76953125,30629.7890625,306309200
2010-01-28,30811.349609375,30926.05078125,30334.669921875,30620.58984375,202374700
2010-01-29,30391.609375,31002.7890625,30343.05078125,30811.470703125,241668900
2010-02-02,30876.650390625,30922.029296875,30416.640625,30416.640625,183848300
2010-02-03,31287.0390625,31396.900390625,30763.640625,30869.990234375,212362200
2010-02-04,30603.7109375,31285.529296875,30530.41015625,31285.529296875,182901900
2010-02-05,30630.73046875,30630.73046875,29926.060546875,30603.880859375,202078000
2010-02-08,30649.439453125,30778.01953125,30528.9609375,30633.380859375,147957200
2010-02-09,30818.48046875,30998.1796875,30649.55078125,30649.55078125,184952300
2010-02-10,30746.05078125,30897.94921875,30460.30078125,30836.609375,157155400
2010-02-11,30845.630859375,30994.33984375,30686.830078125,30746.5390625,144841900
2010-02-12,31005.740234375,31005.740234375,30641.0390625,30845.75,125680300
2010-02-15,31038.3203125,31120.720703125,30896.109375,31006.5390625,33729400
2010-02-16,31644.76953125,31644.76953125,31071.640625,31071.640625,167793000
2010-02-17,31892.119140625,31892.119140625,31641.189453125,31644.91015625,163983200
2010-02-18,32170.7890625,32216.939453125,31695.630859375,31889.0703125,193725100
2010-02-19,32172.109375,32283.140625,31890.73046875,32160.220703125,198987100
2010-02-22,32034.33984375,32272.16015625,32023.5390625,32172.220703125,183649600
2010-02-23,31850.240234375,32020.94921875,31598.060546875,32020.94921875,156648200
2010-02-24,31788.5390625,31990.359375,31777.490234375,31850.7890625,141239700
2010-02-25,31649.099609375,31777.380859375,31396.779296875,31777.380859375,124758900
2010-02-26,31634.5390625,31866.4296875,31548.400390625,31682.98046875,190955900
2010-03-01,31765.140625,31888.30078125,31637.890625,31637.890625,147752900
2010-03-02,32055.0390625,32148.919921875,31763.44921875,31765.330078125,156406700
2010-03-03,32353.5390625,32431.2109375,31998.119140625,32055.119140625,205110200
2010-03-04,32202.0,32508.26953125,32085.060546875,32353.849609375,137551500
2010-03-05,32436.529296875,32529.599609375,32208.990234375,32208.990234375,153270100
2010-03-08,32520.26953125,32535.9609375,32399.109375,32415.150390625,154426300
2010-03-09,32514.169921875,32631.009765625,32419.169921875,32520.650390625,161540500
2010-03-10,32505.759765625,32718.400390625,32500.9296875,32514.330078125,171740700
2010-03-11,32602.939453125,32631.060546875,32353.919921875,32506.33984375,126743000
2010-03-12,32578.05078125,32725.259765625,32521.359375,32598.279296875,102685700
2010-03-16,32723.900390625,32774.328125,32503.33984375,32581.900390625,137764000
2010-03-17,32798.30078125,33000.0,32723.58984375,32724.19921875,207372200
2010-03-18,32969.828125,32977.3515625,32634.55078125,32800.1015625,198763700
2010-03-19,33022.83984375,33025.828125,32780.2890625,32968.890625,254168700
2010-03-22,33142.01953125,33193.83984375,32876.71875,33022.69921875,156847200
2010-03-23,33361.26953125,33410.23828125,33122.0703125,33142.73046875,181161200
2010-03-24,33160.96875,33474.8984375,33159.51953125,33361.33984375,199658400
2010-03-25,33164.328125,33366.359375,33125.23046875,33156.87890625,168436000
2010-03-26,33147.80859375,33336.80078125,33082.58984375,33165.4296875,151328000
2010-03-29,33416.1015625,33448.48046875,33144.69921875,33147.0390625,124009200
2010-03-30,33399.4609375,33589.08984375,33288.94921875,33420.76171875,139166200
2010-03-31,33266.4296875,33429.671875,33214.46875,33399.87109375,239511300
2010-04-05,33648.890625,33779.3515625,33266.671875,33267.46875,222997300
2010-04-06,33801.2109375,33821.71875,33611.671875,33649.94140625,162046700
2010-04-07,33632.3515625,33802.58984375,33589.37890625,33801.2890625,208564400
2010-04-08,33567.3515625,33667.25,33314.9296875,33630.83984375,190739600
2010-04-09,33840.8515625,33841.0703125,33524.421875,33569.578125,137222200
2010-04-12,33852.390625,33925.05078125,33681.23046875,33831.921875,94528800
2010-04-13,33819.0390625,33877.80078125,33727.19921875,33805.23046875,138260600
2010-04-14,34113.9296875,34113.9609375,33822.03125,33822.03125,213715700
2010-04-15,34134.23046875,34223.87109375,34003.9609375,34108.69140625,145624200
2010-04-16,33621.390625,34163.26953125,33484.33984375,34162.671875,201060900
2010-04-19,33439.76953125,33700.33984375,33212.3515625,33588.6484375,138270800
2010-04-20,33813.16015625,33823.37890625,33439.01953125,33439.01953125,140801000
2010-04-21,33517.1796875,33822.3203125,33480.8515625,33814.578125,153202500
2010-04-22,33658.37109375,33674.21875,33210.078125,33509.69921875,210836600
2010-04-23,33853.69140625,33954.08984375,33617.69140625,33676.23046875,234711000
2010-04-26,33771.55078125,33999.921875,33746.9296875,33856.37890625,186455300
2010-04-27,32679.359375,33722.51171875,32679.359375,33722.51171875,236783400
2010-04-28,32952.859375,32955.078125,32385.08984375,32679.169921875,218786300
2010-04-29,32861.0,33228.01953125,32850.19921875,32953.76953125,215587000
2010-04-30,32687.3203125,33246.25,32653.80078125,32861.16015625,287810400
2010-05-04,32120.650390625,32809.55859375,31913.419921875,32803.8984375,269130400
2010-05-05,31995.279296875,32258.30078125,31574.529296875,32112.900390625,239897000
2010-05-06,31398.970703125,32258.060546875,30649.66015625,31997.98046875,287186800
2010-05-07,31488.8203125,31602.189453125,30981.2109375,31404.130859375,246336700
2010-05-10,32276.919921875,32696.490234375,31538.48046875,31538.48046875,215496400
2010-05-11,32119.109375,32360.509765625,32038.849609375,32277.109375,189247300
2010-05-12,32379.630859375,32395.650390625,32140.630859375,32140.630859375,205184700
2010-05-13,32342.4296875,32493.73046875,32263.580078125,32381.029296875,124886900
2010-05-14,31812.73046875,32339.580078125,31721.529296875,32339.580078125,141704600
2010-05-17,31580.630859375,31947.4296875,31338.869140625,31804.029296875,155416600
2010-05-18,31136.349609375,31919.140625,31136.349609375,31580.490234375,157100700
2010-05-19,30992.759765625,31142.5,30834.619140625,31136.150390625,229155900
2010-05-20,30368.080078125,30976.859375,30255.359375,30976.859375,277577500
2010-05-21,30629.150390625,30809.470703125,30074.060546875,30376.640625,255529600
2010-05-24,30759.48046875,30938.150390625,30563.509765625,30629.1796875,136201500
2010-05-25,30634.169921875,30756.75,30102.08984375,30756.75,318166000
2010-05-26,31328.490234375,31478.189453125,30667.73046875,30667.73046875,325023200
2010-05-27,32056.16015625,32056.349609375,31329.130859375,31329.130859375,259211800
2010-05-28,31547.55078125,32071.919921875,31419.279296875,32056.109375,201026400
2010-05-31,32038.529296875,32126.220703125,31547.330078125,31547.330078125,216497400
2010-06-01,31245.830078125,31988.630859375,31245.2890625,31988.630859375,251248000
2010-06-02,31411.91015625,31544.66015625,31227.830078125,31245.919921875,175993300
2010-06-03,31331.859375,31667.8203125,31240.900390625,31420.69921875,153007800
2010-06-04,30992.650390625,31312.23046875,30973.029296875,31312.23046875,159165700
2010-06-07,30739.009765625,31137.609375,30690.5390625,31014.990234375,101899000
2010-06-08,31059.830078125,31073.970703125,30739.310546875,30739.310546875,152759400
2010-06-09,31209.330078125,31508.630859375,31060.560546875,31060.560546875,170444800
2010-06-10,31910.220703125,31916.55078125,31231.9609375,31231.9609375,223473400
2010-06-11,32124.279296875,32246.890625,31670.279296875,31904.369140625,152371900
2010-06-14,32238.41015625,32511.650390625,32129.94921875,32129.94921875,145984100
2010-06-15,32685.400390625,32749.08984375,32238.970703125,32238.970703125,179968600
2010-06-16,32805.62890625,32870.28125,32596.900390625,32669.689453125,142010000
2010-06-17,32775.33984375,32854.76171875,32630.330078125,32804.05859375,134987100
2010-06-18,32814.62109375,32946.890625,32629.91015625,32771.48828125,165006200
2010-06-21,32882.0,33290.91015625,32816.5,32816.5,122782400
2010-06-22,32470.69921875,32984.91015625,32470.69921875,32878.578125,124243300
2010-06-23,32663.2890625,32663.2890625,32180.3203125,32470.76953125,158766800
2010-06-24,32312.759765625,32663.009765625,32276.69921875,32663.009765625,119407600
2010-06-25,32607.130859375,32659.5703125,32254.439453125,32310.0390625,119346800
2010-06-28,32568.189453125,32693.029296875,32417.810546875,32609.990234375,106385300
2010-06-29,31473.19921875,32535.51953125,31440.279296875,32535.51953125,202152300
2010-06-30,31156.970703125,31793.6796875,31151.099609375,31490.330078125,363224800
2010-07-01,31197.0390625,31261.169921875,30542.529296875,31153.51953125,246699400
2010-07-02,31379.669921875,31435.51953125,31075.130859375,31212.75,126017200
2010-07-05,31391.44921875,31477.51953125,31336.310546875,31453.310546875,15294200
2010-07-06,31533.580078125,31989.80078125,31343.009765625,31396.2109375,158454100
2010-07-07,32035.189453125,32042.23046875,31502.830078125,31519.810546875,149317900
2010-07-08,31960.640625,32171.5703125,31733.609375,32035.169921875,141505100
2010-07-09,32004.310546875,32107.560546875,31784.0703125,31961.220703125,104119400
2010-07-12,31870.55078125,32116.41015625,31788.23046875,32037.439453125,84430000
2010-07-13,32185.19921875,32251.05078125,31871.560546875,31871.560546875,143620800
2010-07-14,32305.7109375,32385.009765625,32101.490234375,32185.400390625,143231900
2010-07-15,32381.060546875,32387.169921875,32114.609375,32305.30078125,120083700
2010-07-16,31783.390625,32383.75,31736.130859375,32382.490234375,122753500
2010-07-19,31845.880859375,32005.669921875,31785.220703125,31803.8203125,85016600
2010-07-20,32024.26953125,32025.1796875,31613.55078125,31843.33984375,109342000
2010-07-21,32108.990234375,32318.330078125,32001.94921875,32024.619140625,151882000
2010-07-22,32720.759765625,32720.759765625,32135.189453125,32135.189453125,166472600
2010-07-23,32806.03125,32818.48046875,32510.490234375,32721.01953125,164283600
2010-07-26,32958.890625,33041.37890625,32803.62109375,32814.98046875,146615700
2010-07-27,32695.310546875,33043.5703125,32643.19921875,32959.890625,170666900
2010-07-28,32665.560546875,32744.619140625,32500.029296875,32694.640625,177610400
2010-07-29,32463.720703125,32802.30078125,32408.119140625,32666.16015625,178377600
2010-07-30,32308.740234375,32454.9296875,32198.33984375,32450.4609375,342781000
2010-08-02,32816.51953125,32819.73046875,32308.880859375,32308.880859375,205933500
2010-08-03,32768.078125,32862.05859375,32613.650390625,32808.80859375,143955600
2010-08-04,32900.48046875,32975.6796875,32749.109375,32767.220703125,144999700
2010-08-05,32907.19140625,32961.921875,32793.640625,32900.19140625,132091400
2010-08-06,32917.921875,32956.62109375,32753.30078125,32900.48046875,129098200
2010-08-09,32837.5703125,33022.08984375,32802.51171875,32918.359375,101037500
2010-08-10,32685.51953125,32837.3203125,32518.69921875,32837.3203125,149397800
2010-08-11,32058.5703125,32684.869140625,32055.349609375,32684.869140625,162204300
2010-08-12,32041.130859375,32106.98046875,31830.650390625,32058.0390625,132257400
2010-08-13,32099.75,32154.220703125,32025.630859375,32044.75,98486800
2010-08-16,32119.880859375,32135.55078125,31785.060546875,32091.69921875,101139600
2010-08-17,32286.080078125,32435.109375,32119.099609375,32122.390625,149561000
2010-08-18,32408.30078125,32414.630859375,32164.240234375,32288.0390625,165011300
2010-08-19,32153.630859375,32421.19921875,31972.119140625,32408.44921875,137762500
2010-08-20,32291.669921875,32291.830078125,32016.66015625,32132.220703125,82794800
2010-08-23,32142.669921875,32404.51953125,32105.9296875,32295.5703125,113470800
2010-08-24,31364.890625,32136.369140625,31361.330078125,32136.369140625,239867000
2010-08-25,31453.720703125,31463.5,30916.05078125,31366.630859375,232616300
2010-08-26,31217.990234375,31633.7890625,31172.720703125,31472.2109375,162801900
2010-08-27,31755.349609375,31757.029296875,31237.80078125,31238.609375,153247800
2010-08-30,31382.669921875,31815.7890625,31374.0703125,31746.759765625,109679400
2010-08-31,31679.849609375,31692.099609375,31361.9296875,31381.390625,414447100
2010-09-01,32339.23046875,32385.509765625,31680.58984375,31680.58984375,231942400
2010-09-02,32417.330078125,32538.529296875,32270.23046875,32339.91015625,132121800
2010-09-03,32592.869140625,32871.37109375,32420.310546875,32420.33984375,136547200
2010-09-06,32746.669921875,32754.060546875,32549.689453125,32592.970703125,45257000
2010-09-07,32448.400390625,32744.08984375,32418.7890625,32744.08984375,141376800
2010-09-08,32409.599609375,32561.380859375,32409.599609375,32452.220703125,188211500
2010-09-09,32518.98046875,32606.900390625,32409.529296875,32409.529296875,143405500
2010-09-10,32626.869140625,32631.390625,32451.169921875,32519.30078125,106885500
2010-09-13,32921.62890625,33098.87890625,32628.279296875,32628.279296875,144499300
2010-09-14,33058.0,33097.03125,32771.01953125,32921.53125,147295900
2010-09-15,33046.69140625,33059.87890625,32887.421875,33054.62109375,178080500
2010-09-20,33273.53125,33288.421875,32973.05078125,33057.01171875,198838700
2010-09-21,33296.69140625,33396.2109375,33199.30859375,33273.91015625,169355600
2010-09-22,33207.2109375,33301.171875,33126.6484375,33296.62890625,146618700
2010-09-23,33091.12890625,33338.328125,32885.01953125,33205.5,136437900
2010-09-24,33280.75,33439.51171875,33097.0,33097.0,184276400
2010-09-27,33122.44140625,33305.37109375,33111.671875,33279.8203125,129270700
2010-09-28,33258.53125,33275.4609375,32969.96875,33124.69140625,140590400
2010-09-29,33186.76171875,33334.87890625,33128.98046875,33259.87109375,133945500
2010-09-30,33330.33984375,33530.828125,33052.48828125,33187.51171875,219404500
2010-10-01,33807.48046875,33812.30859375,33332.05078125,33332.2109375,203298200
2010-10-04,34040.171875,34156.76171875,33791.16015625,33807.71875,288198900
2010-10-05,34257.3984375,34364.44921875,34004.62890625,34040.5390625,215039400
2010-10-06,34370.640625,34415.80078125,34217.96875,34258.26171875,144740900
2010-10-07,34257.80859375,34442.96875,34214.23828125,34371.2890625,157288300
2010-10-08,34464.8203125,34472.828125,34153.75,34258.5703125,128116300
2010-10-11,34465.41015625,34650.58984375,34255.23046875,34465.078125,149256500
2010-10-12,34437.390625,34464.171875,34186.08984375,34464.171875,169334700
2010-10-13,34798.6484375,34902.94140625,34444.828125,34444.828125,227711800
2010-10-14,34836.5,34992.51953125,34756.6796875,34796.94921875,186540400
2010-10-15,34741.5390625,34931.69921875,34545.8984375,34838.98828125,181975800
2010-10-18,34919.30859375,34920.609375,34680.76171875,34748.30859375,145266500
2010-10-19,34452.2109375,34918.9296875,34452.01171875,34918.9296875,131788000
2010-10-20,34880.46875,34901.30078125,34449.7890625,34462.12890625,200409200
2010-10-21,34965.25,35236.359375,34835.69921875,34894.01953125,187301900
2010-10-22,35120.87890625,35166.26171875,34864.640625,34966.4609375,126190100
2010-10-25,35262.890625,35429.23046875,35073.19140625,35123.33984375,120323400
2010-10-26,35373.390625,35401.1484375,35132.6484375,35264.26171875,225974300
2010-10-27,35262.8984375,35384.12890625,35021.98046875,35380.75,165440900
2010-10-28,35376.71875,35547.421875,35229.30078125,35259.921875,266584100
2010-10-29,35568.21875,35630.1015625,35304.23046875,35400.359375,229229300
2010-11-01,35722.7109375,35885.6484375,35551.28125,35573.71875,132328100
2010-11-03,35843.80859375,35998.01171875,35716.71875,35722.828125,215073000
2010-11-04,36198.6015625,36322.51953125,35844.66015625,35844.66015625,246338500
2010-11-05,36317.51171875,36376.0703125,36133.078125,36198.6015625,122468300
2010-11-08,36543.390625,36543.390625,36130.1484375,36317.51171875,135850400
2010-11-09,36198.03125,36813.98828125,36188.6796875,36543.390625,194750200
2010-11-10,36417.46875,36534.53125,36003.390625,36198.03125,191718400
2010-11-11,36304.5390625,36421.9609375,36219.76953125,36417.140625,123063000
2010-11-12,36057.390625,36307.0703125,35966.44921875,36304.671875,134918600
2010-11-16,35648.2109375,36057.328125,35606.28125,36057.328125,164076000
2010-11-17,35842.48046875,35867.0703125,35620.48828125,35645.44140625,252577600
2010-11-18,36322.12109375,36322.12109375,35844.671875,35844.671875,155870700
2010-11-19,36601.3984375,36601.46875,36185.12890625,36321.2109375,141508400
2010-11-22,36710.4609375,36710.73828125,36411.96875,36601.94921875,164020700
2010-11-23,36271.828125,36675.58984375,36150.75,36674.5,191201100
2010-11-24,37079.28125,37085.94140625,36271.828125,36271.828125,223098200
2010-11-25,36969.19921875,37153.94140625,36921.91015625,37078.96875,54316800
2010-11-26,36904.53125,37035.0,36642.73046875,36944.2109375,84608200
2010-11-29,36890.609375,36916.4609375,36498.62109375,36904.53125,129439600
2010-11-30,36817.3203125,36946.1484375,36694.71875,36882.890625,310921600
2010-12-01,37277.55859375,37302.98046875,36817.3203125,36817.3203125,157946000
2010-12-02,37399.46875,37736.25,37255.3203125,37279.0703125,202823000
2010-12-03,37385.91015625,37527.0,37259.078125,37399.46875,143746800
2010-12-06,37737.12890625,37758.2890625,37358.0390625,37387.6796875,176284400
2010-12-07,37880.12890625,38119.078125,37737.23828125,37737.23828125,219801800
2010-12-08,37617.76953125,37884.0,37520.3203125,37881.16015625,139888600
2010-12-09,37567.390625,37739.73828125,37445.640625,37621.140625,155964200
2010-12-10,37677.78125,37677.94921875,37368.08984375,37567.390625,167268800
2010-12-13,37894.33984375,38006.44140625,37677.78125,37677.78125,114444000
2010-12-14,37901.0390625,38000.87109375,37826.73046875,37889.83984375,164355600
2010-12-15,37676.55078125,37921.359375,37531.5703125,37906.1015625,160733000
2010-12-16,37832.859375,37843.55078125,37638.69140625,37731.328125,117490800
2010-12-17,37997.33984375,38532.421875,37627.5390625,37832.859375,278649600
2010-12-20,37975.48046875,38139.1796875,37865.98046875,37997.1796875,105789800
2010-12-21,38230.859375,38311.109375,37981.78125,37981.78125,220662200
2010-12-22,38172.91015625,38243.01171875,37991.3984375,38237.5,90583200
2010-12-23,38131.46875,38199.140625,38039.78125,38172.91015625,81629200
2010-12-27,38132.8515625,38139.83984375,37833.51953125,38081.0703125,50938200
2010-12-28,38147.51171875,38218.6484375,38113.01171875,38132.87109375,76702600
2010-12-29,38230.19921875,38271.44140625,38111.01171875,38147.51171875,67122200
2010-12-30,38243.140625,38383.76953125,38183.62890625,38230.8203125,68096000
2011-01-03,38605.80078125,38876.76171875,38536.7109375,38552.87109375,124185400
2011-01-04,38542.16015625,38720.828125,38454.94140625,38605.80078125,131448400
2011-01-05,38696.23828125,38699.1015625,38322.140625,38542.16015625,144782600
2011-01-06,38589.671875,38772.8984375,38516.30078125,38696.23828125,145696400
2011-01-07,38600.859375,38711.73828125,38346.37890625,38597.8984375,144050600
2011-01-10,38378.16015625,38633.828125,38184.1015625,38608.6796875,155053400
2011-01-11,38028.80859375,38562.69921875,38005.9609375,38380.76953125,188106000
2011-01-12,37963.30859375,38347.3984375,37874.76171875,38028.80859375,172640200
2011-01-13,38070.19140625,38070.19140625,37896.51953125,37963.30859375,161397200
2011-01-14,37994.71875,38158.26953125,37841.5703125,38070.19140625,136612400
2011-01-17,38096.91015625,38213.05078125,37984.55078125,37996.16015625,52440600
2011-01-18,38151.30078125,38247.0703125,37953.859375,38095.6796875,195686400
2011-01-19,37810.16015625,38357.66015625,37766.1796875,38160.390625,144684600
2011-01-20,37584.6796875,37815.140625,37361.3203125,37815.140625,180803800
2011-01-21,37321.109375,37731.05078125,37321.109375,37584.6796875,148830800
2011-01-24,37667.8984375,37667.98828125,37214.6796875,37322.3203125,156290400
2011-01-25,37470.76171875,37816.140625,37358.71875,37673.78125,149678400
2011-01-26,37585.3984375,37647.9296875,37330.1015625,37485.5703125,166526200
2011-01-27,37447.69921875,37709.921875,37437.94140625,37585.3984375,157778200
2011-01-28,36839.71875,37473.78125,36634.19921875,37445.7109375,257168600
2011-01-31,36982.23828125,36982.23828125,36622.5703125,36843.08984375,183413000
2011-02-01,37618.1015625,37618.1015625,36983.5703125,36983.5703125,210831400
2011-02-02,37948.75,38014.87890625,37539.98046875,37619.1796875,199702200
2011-02-03,37739.078125,37904.6484375,37667.44140625,37901.4609375,200455400
2011-02-04,37451.83984375,37764.30078125,37451.83984375,37754.26953125,108142400
2011-02-08,37565.6484375,37566.05078125,37301.1484375,37457.421875,153034600
2011-02-09,36986.94140625,37570.359375,36910.76171875,37567.0,191621800
2011-02-10,36652.12890625,37018.1796875,36614.9609375,36986.94140625,226111400
2011-02-11,37011.48828125,37034.25,36523.73828125,36648.44140625,181228200
2011-02-14,36998.9296875,37082.8984375,36900.33984375,37018.55859375,154647400
2011-02-15,36951.25,37177.0,36835.1796875,37000.1796875,133573400
2011-02-16,37074.9296875,37179.5,36946.5,36946.5,153520600
2011-02-17,37226.4296875,37290.6484375,37024.53125,37074.9296875,154638200
2011-02-18,37522.30078125,37664.78125,37191.21875,37228.26171875,171699600
2011-02-21,37242.05078125,37550.37890625,37170.03125,37522.30078125,47497800
2011-02-22,36781.55078125,37253.01953125,36763.91015625,37241.1484375,226412800
2011-02-23,36464.0703125,36865.16015625,36325.94140625,36808.12109375,230524200
2011-02-24,36446.55859375,36633.0703125,36318.55078125,36464.0703125,187165600
2011-02-25,36880.19921875,36888.51171875,36445.1796875,36449.98046875,160198800
2011-02-28,37019.69921875,37199.62890625,36880.19921875,36880.19921875,249417400
2011-03-01,36768.08984375,37172.890625,36768.08984375,37019.69921875,152837400
2011-03-02,36863.53125,36912.3515625,36689.83984375,36768.08984375,151720600
2011-03-03,37132.98046875,37217.2109375,36889.46875,36889.46875,167830800
2011-03-04,36900.83984375,37231.98046875,36760.73046875,37132.98046875,117055800
2011-03-07,36603.30078125,36945.26171875,36572.98046875,36901.78125,132905800
2011-03-08,36688.12109375,36825.6796875,36557.75,36603.30078125,139264600
2011-03-09,36450.19140625,36690.55859375,36430.140625,36690.55859375,170581200
2011-03-10,35891.41015625,36440.140625,35770.08984375,36440.140625,166296200
2011-03-11,36091.21875,36092.53125,35671.9296875,35888.4609375,119473400
2011-03-14,36205.76171875,36205.87890625,35809.3515625,36088.890625,111235200
2011-03-15,36012.171875,36203.78125,35538.421875,36203.78125,145341200
2011-03-16,35655.30859375,36058.5390625,35559.94921875,36010.8515625,176076600
2011-03-17,35621.6796875,36057.0390625,35540.58984375,35657.640625,145754200
2011-03-18,35418.5,35827.05859375,35418.5,35621.6796875,295064200
2011-03-22,35925.3515625,35925.6484375,35358.87109375,35445.30859375,144543800
2011-03-23,36546.62109375,36546.62109375,35933.73046875,35933.73046875,172984200
2011-03-24,36872.37890625,36883.26171875,36539.12890625,36544.76953125,219732000
2011-03-25,36784.26953125,36949.73828125,36719.53125,36874.44140625,123681400
2011-03-28,36767.859375,36900.98828125,36728.87890625,36784.26953125,85112200
2011-03-29,36795.890625,36875.12109375,36656.41015625,36770.53125,134332800
2011-03-30,37210.26953125,37233.94921875,36795.890625,36795.890625,156871600
2011-03-31,37440.51171875,37563.98828125,37128.37109375,37210.078125,238495600
2011-04-01,37775.0703125,37931.37890625,37440.1015625,37440.1015625,180171800
2011-04-04,37903.578125,37978.87890625,37765.8203125,37767.0,107315600
2011-04-05,37832.9609375,38014.53125,37799.1015625,37903.578125,176870400
2011-04-06,37861.80859375,38091.1796875,37777.421875,37833.94921875,171500600
2011-04-07,37471.5390625,37951.23828125,37338.94140625,37862.96875,230639000
2011-04-08,37471.71875,37655.80078125,37334.5,37471.5390625,164439000
2011-04-11,37590.671875,37762.44921875,37466.83984375,37473.3984375,152470000
2011-04-12,37321.80078125,37590.4296875,37277.83984375,37590.4296875,151611600
2011-04-13,37347.69140625,37496.37890625,37200.7890625,37339.23828125,144497600
2011-04-14,37069.9609375,37400.62109375,37037.96875,37347.69140625,139796400
2011-04-15,36988.37890625,37135.109375,36955.921875,37080.46875,145864400
2011-04-18,36332.1015625,36990.91015625,36255.78125,36990.91015625,137088000
2011-04-19,36440.21875,36442.03125,36090.6484375,36333.19921875,129226800
2011-04-20,36816.30859375,36818.62109375,36443.671875,36443.671875,117067000
2011-04-25,36860.6796875,36977.03125,36791.30859375,36816.6484375,99696400
2011-04-26,36892.23828125,36913.23828125,36753.5703125,36861.5,148498800
2011-04-27,36826.9296875,36895.7109375,36719.30078125,36889.2890625,152208200
2011-04-28,36722.640625,36870.44140625,36575.7890625,36826.26171875,154305400
2011-04-29,36962.62109375,36963.91015625,36684.1015625,36709.23046875,188644000
2011-05-02,36592.609375,37056.8515625,36588.41015625,36970.4609375,167207800
2011-05-03,35873.2109375,36614.4296875,35873.2109375,36592.8515625,167246200
2011-05-04,35531.21875,36002.5703125,35418.8515625,35880.1484375,193868200
2011-05-05,35325.08984375,35577.26953125,35231.390625,35531.19140625,210390800
2011-05-06,35212.23046875,35515.859375,35118.3984375,35325.08984375,171867400
2011-05-09,35467.01171875,35477.8984375,35050.28125,35216.44921875,127244400
2011-05-10,35678.921875,35785.609375,35469.58984375,35469.58984375,195686200
2011-05-11,35380.53125,35690.58984375,35378.66015625,35679.890625,146936400
2011-05-12,35161.26171875,35373.6484375,35038.25,35369.28125,227978000
2011-05-13,35045.140625,35270.609375,34964.7109375,35161.26171875,153313800
2011-05-16,35130.6015625,35142.48828125,34911.76171875,35046.87109375,171967800
2011-05-17,34819.5703125,35156.26171875,34811.6796875,35128.96875,208410400
2011-05-18,35364.328125,35364.859375,34819.5703125,34819.5703125,187267600
2011-05-19,35276.46875,35460.26171875,35164.76171875,35388.19140625,160727200
2011-05-20,35298.671875,35370.3984375,35141.0390625,35276.46875,151472800
2011-05-23,35215.01953125,35215.3203125,34890.55078125,35168.859375,147180800
2011-05-24,35382.55859375,35440.12109375,35215.01953125,35215.01953125,182325000
2011-05-25,35498.421875,35542.1015625,35332.12109375,35381.91015625,140256400
2011-05-26,35742.2109375,35744.828125,35446.01953125,35498.7890625,165315400
2011-05-27,35819.19921875,35904.7890625,35679.5390625,35745.640625,146893400
2011-05-30,35639.37890625,35840.26953125,35574.7109375,35826.12890625,40453400
2011-05-31,35832.7890625,35844.41015625,35616.6796875,35639.19921875,451392400
2011-06-01,35410.51171875,35889.6796875,35409.98046875,35838.609375,161441200
2011-06-02,35416.25,35454.73046875,35141.6015625,35408.48828125,136010600
2011-06-03,35123.890625,35423.8984375,35123.890625,35422.6484375,160384000
2011-06-06,34673.48046875,35116.859375,34573.390625,35103.46875,151166200
2011-06-07,34895.828125,34947.828125,34638.640625,34673.7109375,188449000
2011-06-08,34879.0703125,34886.7109375,34679.55078125,34886.390625,176004400
2011-06-09,35233.3984375,35235.80078125,34854.828125,34885.01953125,188418800
2011-06-10,34963.78125,35235.21875,34834.9296875,35235.21875,137353200
2011-06-13,34997.96875,35116.66015625,34854.21875,34963.78125,150568000
2011-06-14,35445.6484375,35464.671875,34997.80859375,34997.80859375,227918600
2011-06-15,35318.390625,35433.421875,35143.55859375,35423.421875,215517000
2011-06-16,35220.98828125,35451.66015625,35212.859375,35318.30078125,171344600
2011-06-17,35025.73828125,35345.75,34998.01171875,35223.3984375,235899800
2011-06-20,35109.96875,35111.16015625,34920.37890625,35025.12890625,123935600
2011-06-21,35276.6015625,35432.1796875,35109.96875,35109.96875,185428000
2011-06-22,35399.44140625,35550.87109375,35226.94921875,35276.6015625,169696600
2011-06-23,35326.66015625,35392.69140625,35026.98046875,35392.69140625,174975000
2011-06-24,35347.8515625,35464.48046875,35307.2890625,35326.69140625,240190800
2011-06-27,35601.73046875,35606.94921875,35308.46875,35347.8515625,128066600
2011-06-28,36188.91015625,36189.76171875,35595.671875,35601.98828125,301659600
2011-06-29,36579.58984375,36750.109375,36182.30859375,36182.8203125,308309600
2011-06-30,36558.0703125,36823.05859375,36502.1796875,36579.58984375,365478400
2011-07-01,36800.71875,36861.48828125,36430.58984375,36556.3984375,201063800
2011-07-04,36847.1015625,36917.51953125,36791.5390625,36807.2890625,31536200
2011-07-05,36640.9296875,36848.671875,36470.078125,36847.1015625,243154000
2011-07-06,36468.01171875,36641.73828125,36386.55078125,36641.73828125,206939000
2011-07-07,36583.2890625,36716.640625,36463.41015625,36466.8203125,220366200
2011-07-08,36499.8515625,36583.2890625,36261.6484375,36583.2890625,193907600
2011-07-11,36359.48828125,36506.921875,36162.23828125,36499.8515625,149971400
2011-07-12,36178.58984375,36385.328125,36176.48828125,36326.87890625,197312000
2011-07-13,36254.69921875,36424.94140625,36159.33984375,36178.80078125,221681000
2011-07-14,36164.609375,36406.87890625,36148.30859375,36238.30859375,166979000
2011-07-15,36155.859375,36286.7890625,35994.421875,36166.53125,177804600
2011-07-18,35781.4296875,36172.7890625,35759.609375,36155.859375,208366400
2011-07-19,35752.01953125,35979.6015625,35572.66015625,35784.19921875,247055400
2011-07-20,35341.671875,35771.76171875,35332.6015625,35752.94921875,273255200
2011-07-21,35555.828125,35557.140625,35163.46875,35341.671875,279323600
2011-07-22,35755.48046875,35780.328125,35403.55078125,35560.73828125,285399800
2011-07-25,35479.671875,35737.05078125,35370.94921875,35737.05078125,200373400
2011-07-26,35341.26953125,35548.2890625,35316.7890625,35480.23828125,195298200
2011-07-27,35597.62890625,35709.51953125,34923.46875,35348.05078125,390595600
2011-07-28,35917.80078125,36282.48828125,35567.3515625,35592.30078125,324549400
2011-07-29,35999.33984375,36200.19921875,35649.71875,35914.26171875,201397200
2011-08-01,35730.7109375,36299.4296875,35689.3203125,35993.62109375,164842400
2011-08-02,34814.94140625,35777.0390625,34789.41015625,35730.7109375,440441800
2011-08-03,34484.37109375,34907.5390625,34091.328125,34814.94140625,329103000
2011-08-04,33322.62890625,34484.37109375,33136.03125,34484.37109375,368567400
2011-08-05,33697.87109375,33835.51953125,32688.259765625,33322.44921875,335037600
2011-08-08,31740.130859375,33690.91015625,31716.26953125,33690.91015625,278564800
2011-08-09,32381.55078125,32631.25,31719.490234375,31719.490234375,335495600
2011-08-10,32219.330078125,32517.470703125,31659.30078125,32380.009765625,293788600
2011-08-11,33590.328125,33682.73046875,32212.30078125,32229.83984375,271006800
2011-08-12,33361.5,33904.5,33224.578125,33590.328125,180877400
2011-08-15,33901.078125,33901.078125,33359.71875,33359.71875,190388600
2011-08-16,33948.48046875,33952.87890625,33457.73046875,33901.078125,241898000
2011-08-17,34049.578125,34182.9609375,33749.48828125,33950.8515625,200160400
2011-08-18,33246.62890625,34005.19921875,32929.890625,34005.19921875,263288600
2011-08-19,33136.890625,33403.828125,32870.30859375,33206.921875,168874600
2011-08-22,33593.6484375,33626.4609375,33137.3984375,33137.3984375,195017400
2011-08-23,34675.53125,34681.1796875,33554.80078125,33596.37109375,245525200
2011-08-24,34644.921875,34963.640625,34317.609375,34656.3515625,210662800
2011-08-25,33904.37890625,34759.1796875,33887.48046875,34629.94140625,183444200
2011-08-26,34042.21875,34240.0,33229.98828125,33903.3984375,194670600
2011-08-29,35016.0390625,35036.46875,34063.30078125,34063.41015625,206651000
2011-08-30,35148.91015625,35201.33984375,34769.21875,35017.75,191656600
2011-08-31,35721.1015625,35721.33984375,35161.05078125,35161.05078125,971239200
2011-09-01,35637.859375,36143.53125,35625.37109375,35727.2109375,250607600
2011-09-02,35134.4296875,35637.3515625,34947.01171875,35637.3515625,134322800
2011-09-05,33880.01953125,35134.23828125,33711.08984375,35134.23828125,69797000
2011-09-06,34439.33984375,34466.109375,33805.0390625,33880.01953125,201605400
2011-09-07,35179.58984375,35193.390625,34442.12109375,34442.12109375,207611200
2011-09-08,34712.37890625,35322.87890625,34652.48828125,35184.87109375,148035400
2011-09-09,33812.62109375,34693.55859375,33659.7890625,34693.55859375,173225200
2011-09-12,33792.55859375,33796.71875,33193.48828125,33796.71875,129632400
2011-09-13,33947.62109375,34114.87109375,33443.44921875,33792.55859375,167711800
2011-09-14,34661.78125,34749.2109375,33803.01171875,33947.87890625,178736000
2011-09-15,35181.44140625,35188.078125,34673.7109375,34673.7109375,285059200
2011-09-19,35076.9609375,35183.12890625,34681.03125,35183.12890625,246549000
2011-09-20,34337.96875,35269.3515625,34337.7890625,35079.75,228400400
2011-09-21,34019.21875,34758.69921875,34018.37109375,34361.26171875,229279800
2011-09-22,32381.060546875,33994.01953125,32077.900390625,33994.01953125,346705400
2011-09-23,32588.4296875,32655.810546875,32108.650390625,32380.05078125,280487000
2011-09-26,33385.94140625,33526.87890625,32568.73046875,32599.9609375,454237200
2011-09-27,33783.6796875,34490.80859375,33391.21875,33391.21875,304890600
2011-09-28,33438.16015625,34077.5703125,33338.25,33784.12890625,251182200
2011-09-29,33686.16015625,34182.8203125,33471.01171875,33471.01171875,277333400
2011-09-30,33503.28125,33759.421875,32895.96875,33686.16015625,324165800
2011-10-03,33133.87890625,33574.7890625,32876.671875,33504.6015625,295803600
2011-10-04,32966.23046875,33132.5,32258.390625,33132.5,478428800
2011-10-05,33000.2890625,33288.8515625,32820.78125,33023.828125,315104400
2011-10-06,33279.71875,33433.25,32754.6796875,33000.2890625,295096200
2011-10-07,33005.08984375,33617.76953125,32811.3515625,33296.1484375,294795200
2011-10-10,33547.23828125,33735.078125,33026.96875,33035.6796875,160623000
2011-10-11,33681.80078125,33892.44921875,33364.890625,33547.37109375,171610800
2011-10-12,34470.359375,34585.5703125,33684.41015625,33685.6796875,361344000
2011-10-13,34584.75,34648.359375,34152.3515625,34449.23828125,302297600
2011-10-14,34848.421875,35047.421875,34585.05078125,34585.05078125,269946400
2011-10-17,34125.69921875,34848.859375,34056.390625,34848.421875,221052600
2011-10-18,35011.7109375,35052.3984375,34012.25,34126.578125,273721000
2011-10-19,34523.26953125,35089.23828125,34407.5703125,35012.37109375,223573800
2011-10-20,34395.5,34736.16015625,34210.7890625,34523.26953125,239422800
2011-10-21,35020.73828125,35111.3515625,34392.30859375,34393.78125,207993000
2011-10-24,35265.55859375,35583.4609375,34883.98828125,35024.55859375,201861800
2011-10-25,35290.1484375,35373.48828125,35027.078125,35266.19140625,206840600
2011-10-26,35818.578125,36012.4296875,35238.80078125,35290.5390625,265403200
2011-10-27,36727.2109375,37010.96875,35844.8515625,35844.8515625,389285400
2011-10-28,36708.640625,37169.73046875,36360.921875,36727.2109375,312206400
2011-10-31,36159.98828125,37334.1484375,36159.98828125,36707.48046875,248382400
2011-11-01,35742.5703125,36162.2109375,35174.1015625,36162.2109375,245573400
2011-11-03,36579.0703125,36686.859375,35756.23046875,35756.23046875,288832600
2011-11-04,36689.37890625,36714.671875,36389.23828125,36579.0703125,243881600
2011-11-07,37024.609375,37137.51171875,36514.01953125,36711.25,218819600
2011-11-08,37351.80859375,37352.1015625,36948.16015625,37044.78125,210905200
2011-11-09,36553.8515625,37342.12890625,36552.140625,37342.12890625,246665000
2011-11-10,36615.0703125,36951.9609375,36542.37890625,36542.37890625,385610400
2011-11-11,37555.6484375,37555.6484375,36626.8984375,36626.8984375,448236600
2011-11-14,37069.8984375,37560.80078125,36936.9609375,37553.46875,159764400
2011-11-15,37293.37890625,37377.328125,36893.30859375,37071.8984375,262590400
2011-11-16,36708.41015625,37291.7890625,36678.87890625,37291.7890625,210794200
2011-11-17,36110.6796875,36954.25,36082.51171875,36708.41015625,210637800
2011-11-18,36284.19921875,36556.33984375,36016.30078125,36116.921875,148378000
2011-11-22,35969.609375,36286.8203125,35601.46875,36286.8203125,179855000
2011-11-23,35375.609375,35969.609375,35287.7890625,35969.609375,185674000
2011-11-24,35323.6015625,35649.37109375,35280.58984375,35375.51953125,46874000
2011-11-25,34573.0390625,35688.87109375,34573.0390625,35335.75,154283600
2011-11-28,35558.1796875,35960.71875,34574.5390625,34574.5390625,220604600
2011-11-29,35708.7109375,36260.1484375,35457.05078125,35558.3203125,247153400
2011-11-30,36829.1484375,36843.55859375,35741.87109375,35741.87109375,740007400
2011-12-01,36567.62890625,37148.109375,36546.46875,36828.94921875,250881400
2011-12-02,36756.05859375,36978.328125,36614.76953125,36614.76953125,137589000
2011-12-05,37103.171875,37248.73046875,36565.30078125,36756.109375,223510000
2011-12-06,37071.171875,37136.921875,36854.87890625,37093.96875,172400800
2011-12-07,37054.55859375,37155.4609375,36932.25,37088.37890625,200964000
2011-12-08,36641.30859375,37041.51171875,36545.078125,37041.51171875,223661600
2011-12-09,37227.2109375,37227.23046875,36622.19140625,36629.171875,260527400
2011-12-13,36471.44140625,37510.78125,36272.171875,37228.26953125,203730600
2011-12-14,36012.671875,36508.19921875,35939.44140625,36471.44140625,149844200
2011-12-15,36006.8984375,36393.359375,35890.44921875,36012.859375,196700600
2011-12-16,36054.62890625,36289.3515625,35783.87109375,36008.21875,435964600
2011-12-19,35587.78125,36440.640625,35567.33984375,36062.578125,117844800
2011-12-20,36239.390625,36373.19921875,35620.28125,35620.28125,189240200
2011-12-21,36628.05859375,36629.7109375,36042.8515625,36239.390625,104261200
2011-12-22,37066.76953125,37066.76953125,36629.71875,36629.71875,148271600
2011-12-23,37041.421875,37231.08984375,36957.55078125,37077.69921875,92490600
2011-12-27,37091.421875,37215.87890625,37014.140625,37215.87890625,75065400
2011-12-28,36644.859375,37159.0390625,36509.03125,37095.44921875,75657400
2011-12-29,37185.73046875,37185.73046875,36622.05078125,36646.640625,84181400
2011-12-30,37077.51953125,37379.01171875,37054.078125,37187.25,112190000
2012-01-03,37384.33984375,37696.1484375,37334.66015625,37334.66015625,140639000
2012-01-04,37387.62890625,37521.5390625,37306.9296875,37382.16015625,150435200
2012-01-05,37017.94921875,37377.30078125,36991.5703125,37376.73828125,187662600
2012-01-09,36785.33984375,36938.23828125,36591.9296875,36809.3515625,150829600
2012-01-10,37190.8984375,37347.44921875,36805.6796875,36805.6796875,178880000
2012-01-11,37307.640625,37366.51171875,37096.87890625,37178.55078125,177335000
2012-01-12,37320.96875,37490.41015625,37225.87890625,37308.609375,189118400
2012-01-13,36548.55859375,37314.4609375,36428.421875,37297.0,170237000
2012-01-16,36916.16015625,36916.359375,36543.5390625,36560.5390625,35664200
2012-01-17,36601.19921875,37105.01953125,36533.25,36917.78125,220691400
2012-01-18,37506.76171875,37508.76953125,36541.1015625,36601.3203125,307469000
2012-01-19,37680.05859375,38128.3984375,37524.19921875,37524.19921875,285559000
2012-01-20,37384.2109375,37673.140625,37233.578125,37673.140625,192269400
2012-01-23,37195.73046875,37459.0703125,37105.171875,37397.91015625,108783400
2012-01-24,36853.30078125,37201.828125,36735.828125,37185.1015625,195788200
2012-01-25,37212.859375,37217.4296875,36756.5703125,36853.8984375,191269400
2012-01-26,37240.78125,37628.55859375,37207.94921875,37216.48828125,300167000
2012-01-27,37184.7109375,37266.609375,37082.44140625,37240.9296875,128489000
2012-01-30,37241.609375,37298.73828125,36737.26953125,37173.3515625,153454400
2012-01-31,37422.6796875,37685.3984375,37217.80078125,37259.05078125,367430800
2012-02-01,37709.6484375,37877.53125,37425.19140625,37425.19140625,274897200
2012-02-02,37711.16015625,37853.69921875,37607.51953125,37709.4609375,359909200
2012-02-03,38092.80859375,38229.8984375,37711.41015625,37712.078125,310275400
2012-02-07,38062.421875,38220.9296875,37892.30859375,38092.48046875,226463400
2012-02-08,38140.55078125,38188.0,37890.859375,38062.7109375,265555400
2012-02-09,38242.28125,38305.3203125,38105.0,38139.8203125,245793800
2012-02-10,38149.21875,38238.3984375,37814.66015625,38238.3984375,215069600
2012-02-13,38204.328125,38412.58984375,38150.12109375,38150.12109375,224590600
2012-02-14,37831.87109375,38241.5,37738.05859375,38197.328125,292509800
2012-02-15,37864.55078125,38112.73828125,37797.16015625,37841.0,254955400
2012-02-16,38212.23828125,38212.23828125,37854.8515625,37868.91015625,205713200
2012-02-17,37914.69921875,38413.19140625,37913.01171875,38238.3984375,211698800
2012-02-20,38296.6796875,38296.6796875,37915.3515625,37915.3515625,41189200
2012-02-21,37859.48046875,38317.21875,37834.359375,38309.03125,217190400
2012-02-22,37912.55078125,37946.98046875,37695.421875,37865.98046875,208728400
2012-02-23,38027.83984375,38094.25,37738.0390625,37915.6796875,247188400
2012-02-24,37945.21875,38102.71875,37830.921875,38034.55859375,270916400
2012-02-27,37785.71875,37940.7890625,37639.05859375,37940.7890625,244458600
2012-02-28,38021.421875,38116.0703125,37766.609375,37786.12109375,225456200
2012-02-29,37816.69140625,38282.1796875,37800.98828125,38017.37890625,801549400
2012-03-01,38033.44921875,38063.71875,37706.48046875,37816.23828125,205402800
2012-03-02,38327.4296875,38332.359375,37914.87890625,38046.76953125,202636800
2012-03-05,38155.26953125,38332.73828125,38019.05859375,38328.73046875,162850000
2012-03-06,37487.62890625,38155.21875,37380.62890625,38155.21875,230605200
2012-03-07,37548.5390625,37674.7109375,37472.21875,37488.9609375,151659000
2012-03-08,37815.4296875,37823.671875,37561.62109375,37561.62109375,201516200
2012-03-09,37691.01171875,37938.1015625,37682.05859375,37815.48046875,193782000
2012-03-12,37590.171875,37742.30078125,37501.1796875,37690.37109375,130058000
2012-03-13,38019.76171875,38048.62109375,37549.46875,37589.37890625,145923600
2012-03-14,37971.44140625,38082.75,37898.671875,38023.62890625,188924400
2012-03-15,38134.5703125,38142.87890625,37919.37890625,37971.44140625,169135400
2012-03-16,38258.44921875,38310.55859375,38057.30859375,38137.76171875,380644200
2012-03-20,38055.26953125,38275.6484375,37979.87109375,38256.01953125,123220400
2012-03-21,38434.51171875,38443.5390625,38050.30078125,38066.83984375,230338600
2012-03-22,38323.51171875,38446.01953125,38256.609375,38446.01953125,136087800
2012-03-23,38334.8984375,38422.73828125,38262.48828125,38330.5703125,197751600
2012-03-26,38863.1484375,38942.41015625,38325.3984375,38335.48046875,202243000
2012-03-27,38956.3203125,39134.87890625,38818.6796875,38864.7109375,243439400
2012-03-28,38910.6796875,39033.328125,38685.98828125,38963.69921875,164199800
2012-03-29,39125.3515625,39199.6796875,38655.5703125,38907.23828125,262923400
2012-03-30,39521.23828125,39567.98828125,39100.66015625,39117.73046875,262347200
2012-04-02,39908.5390625,39963.640625,39391.6796875,39523.3203125,153968600
2012-04-03,39924.9296875,39942.71875,39756.12890625,39911.3515625,126231200
2012-04-04,39398.87890625,39914.23828125,39379.9609375,39914.23828125,106768600
2012-04-09,39432.1484375,39432.1484375,39097.0703125,39382.03125,150208000
2012-04-10,39035.171875,39654.76953125,38913.328125,39431.8984375,167517600
2012-04-11,39167.140625,39377.7109375,39047.94140625,39047.94140625,161234400
2012-04-12,39357.80859375,39357.80859375,39110.5,39175.73828125,174754000
2012-04-13,38444.01171875,39354.7890625,38320.578125,39354.37109375,189156200
2012-04-16,39054.83984375,39510.26953125,38693.0390625,39140.98046875,140784200
2012-04-17,39355.171875,39442.55078125,39055.01953125,39055.01953125,193151400
2012-04-18,39330.12109375,39399.12109375,39132.671875,39354.890625,167020600
2012-04-19,39395.640625,39613.51171875,39296.359375,39330.12109375,206730000
2012-04-20,39354.859375,39606.80078125,39315.51953125,39396.44140625,112365200
2012-04-23,38961.7890625,39335.8203125,38062.140625,39335.8203125,347764000
2012-04-24,38849.078125,39066.19140625,38705.98046875,38967.640625,226713800
2012-04-25,39066.01171875,39067.76953125,38728.578125,38850.76953125,259278200
2012-04-26,39212.16015625,39234.9609375,38927.421875,39065.5390625,177451600
2012-04-27,39324.140625,39383.7890625,38921.0390625,39205.66015625,220714600
2012-04-30,39461.0,39465.98828125,39130.609375,39315.171875,161809200
2012-05-02,39597.421875,39603.5390625,39307.390625,39459.3984375,257144600
2012-05-03,39580.05078125,39843.6015625,39362.51953125,39603.9609375,264934000
2012-05-04,39408.609375,39584.94921875,39324.078125,39580.76953125,223984000
2012-05-07,40045.51171875,40045.578125,39260.94921875,39406.5703125,251409800
2012-05-08,39214.640625,40050.2109375,38967.640625,40047.19921875,439689800
2012-05-09,39122.8203125,39219.7109375,38874.828125,39209.55078125,264871200
2012-05-10,39170.8984375,39369.80859375,39045.4609375,39122.8203125,212817000
2012-05-11,38888.7890625,39203.08984375,38831.37890625,39170.8984375,174087200
2012-05-14,38352.109375,38818.80859375,38319.66015625,38818.6015625,168399000
2012-05-15,37939.62890625,38548.30078125,37810.3515625,38353.1484375,230226800
2012-05-16,37511.078125,38092.12109375,37406.23046875,37920.41015625,250484600
2012-05-17,37261.23828125,37741.1484375,37212.30078125,37508.96875,195868000
2012-05-18,36875.328125,37443.94921875,36756.078125,37261.05859375,178622800
2012-05-21,37512.41015625,37541.12890625,36844.01171875,36876.12890625,173312000
2012-05-22,37481.19140625,37706.37890625,37394.37890625,37521.37890625,194263400
2012-05-23,37422.37890625,37480.6796875,36941.12890625,37480.6796875,201552400
2012-05-24,37553.2109375,37728.109375,37366.05859375,37422.73828125,196244600
2012-05-25,37486.25,37682.078125,37422.51953125,37546.51171875,131510400
2012-05-28,37642.80078125,37857.76953125,37486.25,37486.25,31668400
2012-05-29,38126.8515625,38143.73828125,37623.921875,37640.21875,176402600
2012-05-30,38070.671875,38126.3203125,37812.98828125,38126.3203125,225851400
2012-05-31,37872.94921875,38211.26171875,37655.08984375,38070.94140625,912819400
2012-06-01,37182.37109375,37870.26171875,37138.76953125,37870.26171875,342354200
2012-06-04,37059.78125,37293.7890625,36981.51953125,37182.37109375,215556400
2012-06-05,37089.359375,37162.94140625,36933.19921875,37057.58984375,139177800
2012-06-06,37274.7890625,37611.98046875,37089.359375,37089.359375,213693000
2012-06-07,37247.33984375,37606.4296875,37155.6015625,37277.3515625,179570800
2012-06-08,37323.91015625,37355.94140625,37123.2890625,37249.48046875,137523400
2012-06-11,37035.75,37682.1015625,37023.62109375,37326.1015625,157652400
2012-06-12,37271.0,37271.0,36898.51953125,37097.3203125,176581400
2012-06-13,37142.1484375,37288.48046875,37110.62890625,37266.69921875,221401200
2012-06-14,37440.48046875,37537.26171875,37092.73828125,37144.8984375,199795400
2012-06-15,37738.578125,37894.3515625,37365.0390625,37440.69140625,415060000
2012-06-18,38060.8203125,38060.8203125,37636.48046875,37743.0390625,156614200
2012-06-19,38688.6484375,38760.26953125,37985.890625,38060.8203125,243869600
2012-06-20,38973.640625,39023.05078125,38655.3203125,38689.69140625,213396800
2012-06-21,38515.94140625,38977.859375,38512.58984375,38974.08984375,231964800
2012-06-22,39071.5,39128.37890625,38522.62890625,38522.62890625,194105600
2012-06-25,39157.51171875,39222.69921875,38964.578125,39070.94140625,201301600
2012-06-26,39339.1484375,39513.3203125,39104.6015625,39159.71875,287021000
2012-06-27,39490.6796875,39908.41015625,39220.078125,39339.33984375,275045600
2012-06-28,39637.66015625,39729.359375,39357.859375,39490.6796875,154836200
2012-06-29,40199.55078125,40248.421875,39638.21875,39638.21875,348380800
2012-07-03,40434.7109375,40550.23046875,40087.26953125,40108.921875,149448000
2012-07-04,40353.4296875,40509.73828125,40322.87890625,40439.21875,48215600
2012-07-05,40040.69140625,40400.5703125,39949.62890625,40348.1796875,174588600
2012-07-06,39831.6484375,40057.4609375,39822.96875,40048.08984375,123211800
2012-07-09,39963.26171875,39970.5390625,39692.4296875,39831.30078125,139973800
2012-07-10,40049.58984375,40195.4609375,39931.078125,40007.5390625,165805400
2012-07-11,40221.80078125,40286.08984375,39913.33984375,40048.671875,193389200
2012-07-12,40268.41015625,40283.78125,39813.390625,40221.55078125,185157200
2012-07-13,40498.46875,40582.5703125,40211.12109375,40267.69140625,145145200
2012-07-16,40910.80078125,40933.69140625,40406.25,40498.46875,138286000
2012-07-17,41273.01953125,41296.58984375,40885.6015625,40910.8515625,212000400
2012-07-18,40747.46875,41346.078125,40737.9296875,41224.94140625,160594800
2012-07-19,40752.53125,40801.109375,40476.87109375,40747.5390625,154882400
2012-07-20,40808.73046875,40841.5,40638.30859375,40754.69921875,185224400
2012-07-23,40947.55078125,40963.51953125,40365.30859375,40806.23828125,136237000
2012-07-24,40697.87109375,41013.921875,40566.78125,40948.12890625,159961400
2012-07-25,40435.1015625,40890.828125,40434.1015625,40697.87109375,140994200
2012-07-26,40977.3203125,40983.44921875,40442.69921875,40442.69921875,174592400
2012-07-27,41476.48046875,41600.58984375,40789.98828125,40978.9296875,272049400
2012-07-30,41333.109375,41525.23046875,41187.71875,41472.5,180439000
2012-07-31,40704.28125,41486.2890625,40704.23046875,41333.1796875,261559400
2012-08-01,40805.3984375,41078.859375,40600.83984375,40698.55859375,139275600
2012-08-02,40759.0,40868.55078125,40630.46875,40804.48828125,167643200
2012-08-03,40998.3984375,41163.1015625,40758.62109375,40759.51953125,121473400
2012-08-06,41096.44140625,41153.6484375,40934.94921875,40999.0390625,152137800
2012-08-07,41070.23828125,41383.7890625,41058.7890625,41096.44140625,145141800
2012-08-08,40851.1796875,41090.01171875,40762.94140625,41069.859375,157632000
2012-08-09,40677.48046875,40991.2109375,40676.75,40836.109375,158944000
2012-08-10,40850.0,40853.87890625,40546.16015625,40677.48046875,162371200
2012-08-13,40366.26953125,40931.53125,40360.94140625,40852.80078125,121431000
2012-08-14,40644.96875,40729.55078125,40368.55859375,40368.55859375,157388000
2012-08-15,40792.58984375,40805.140625,40228.37890625,40644.73046875,179690800
2012-08-16,40714.87109375,40861.890625,40485.359375,40797.28125,233547400
2012-08-17,40547.48828125,40809.26171875,40547.41015625,40706.44140625,191584400
2012-08-20,40350.0,40618.0390625,40347.80078125,40549.83984375,105449600
2012-08-21,40096.640625,40639.55859375,39965.03125,40338.8203125,184962200
2012-08-22,40027.12890625,40233.73828125,39759.28125,40096.828125,225597800
2012-08-23,39879.01171875,40110.23828125,39753.12109375,40027.03125,178543600
2012-08-24,40211.41015625,40239.28125,39766.80859375,39877.98828125,149959800
2012-08-27,39972.8515625,40317.30078125,39951.6796875,40216.9609375,98252800
2012-08-28,39950.8984375,40045.26953125,39736.98828125,39965.8515625,141457200
2012-08-29,39908.8984375,40130.48828125,39893.62109375,39950.6484375,170575000
2012-08-30,39925.69140625,39950.58984375,39740.05078125,39910.171875,80252600
2012-08-31,39421.6484375,40166.58984375,39390.578125,39885.390625,919109400
2012-09-03,39802.94140625,39807.37890625,39409.4296875,39409.4296875,58421800
2012-09-04,39549.4296875,39803.46875,39487.53125,39803.46875,155210000
2012-09-05,39573.921875,39705.0703125,39524.44921875,39550.08984375,100835600
2012-09-06,39987.05859375,40056.4609375,39572.51953125,39572.51953125,193597400
2012-09-07,40043.87109375,40216.890625,39970.8515625,39990.44140625,151910000
2012-09-10,39991.19140625,40168.53125,39822.421875,40045.23046875,166905600
2012-09-11,39998.96875,40165.3515625,39952.16015625,39988.21875,186773800
2012-09-12,40248.37890625,40299.6796875,40006.48046875,40006.48046875,223067800
2012-09-14,40693.46875,41155.359375,40504.37109375,40651.9296875,248140400
2012-09-17,40621.4609375,40831.21875,40456.94140625,40700.4296875,155743400
2012-09-18,40590.9609375,40700.3984375,40498.05078125,40621.4609375,157762400
2012-09-19,40941.30859375,40945.03125,40591.53125,40602.37109375,190858400
2012-09-20,40500.3515625,40934.0703125,40500.05078125,40934.0703125,229653800
2012-09-21,40338.69921875,40637.03125,40286.640625,40497.51171875,366635800
2012-09-24,40561.21875,40574.23828125,40171.53125,40338.6796875,157469800
2012-09-25,40215.3515625,40655.19140625,40213.671875,40560.3515625,166184600
2012-09-26,40332.98046875,40333.28125,39758.23828125,40216.87109375,298427400
2012-09-27,40729.69921875,40829.01953125,40330.37890625,40335.26953125,232780200
2012-09-28,40799.23828125,40867.62109375,40535.140625,40729.69921875,144234800
2012-10-01,41124.55859375,41162.328125,40876.96875,40876.96875,164113600
2012-10-02,41199.2890625,41287.66015625,41069.51953125,41128.91015625,169622400
2012-10-03,41004.83984375,41250.23046875,40978.19921875,41199.2890625,123544200
2012-10-04,41421.73828125,41489.3515625,40996.7109375,41005.140625,230228000
2012-10-05,41934.078125,42030.6015625,41421.73828125,41421.73828125,275760400
2012-10-08,41756.9609375,42046.44921875,41754.140625,41946.30859375,199266200
2012-10-09,41755.16015625,41992.8203125,41655.640625,41760.9609375,292517400
2012-10-10,41470.05078125,41770.3515625,41468.6796875,41762.96875,189250800
2012-10-11,41745.390625,41745.390625,41482.66015625,41482.66015625,188274000
2012-10-12,41665.48046875,41841.55859375,41635.05078125,41750.73046875,181423000
2012-10-15,42008.55078125,42008.55078125,41634.55859375,41671.62890625,167333600
2012-10-16,42518.3515625,42521.8984375,42003.3984375,42008.71875,297097400
2012-10-17,42559.98046875,42750.98828125,42428.51171875,42526.0390625,310769600
2012-10-18,42592.78125,42699.7890625,42420.73828125,42561.6796875,309468400
2012-10-19,42386.828125,42704.8203125,42223.19140625,42592.44140625,195664800
2012-10-22,42122.25,42404.71875,41905.6015625,42384.3984375,153310800
2012-10-23,42041.140625,42159.76171875,41743.109375,42112.0703125,151400800
2012-10-24,42095.16015625,42175.21875,41981.76953125,42041.21875,176972000
2012-10-25,41877.26953125,42266.87109375,41794.859375,42096.1484375,185341600
2012-10-26,41836.921875,42023.359375,41738.80078125,41877.96875,129823400
2012-10-29,41817.109375,41876.76953125,41681.48828125,41836.921875,79486000
2012-10-30,41599.0,42020.1484375,41427.12890625,41817.30859375,76184000
2012-10-31,41619.9609375,41863.23046875,41430.75,41583.3515625,275833600
2012-11-05,41722.140625,41871.359375,41638.19921875,41770.8515625,178651600
2012-11-06,41720.62109375,41835.421875,41549.23046875,41722.48828125,209251600
2012-11-07,41010.98046875,41752.51171875,40950.328125,41717.01171875,225520400
2012-11-08,40830.6484375,41179.5390625,40597.078125,41026.140625,260992400
2012-11-09,40677.0703125,40877.0,40425.140625,40802.94921875,232963600
2012-11-12,40859.8984375,40864.37890625,40568.83984375,40696.48828125,100396400
2012-11-13,41078.5,41127.30859375,40603.55859375,40860.23046875,235631800
2012-11-14,40750.421875,41124.140625,40722.73828125,41069.5390625,166499400
2012-11-15,40573.66015625,40835.328125,40494.41015625,40749.28125,195823000
2012-11-16,40830.6015625,40830.6015625,40247.62109375,40595.6796875,188164400
2012-11-20,41184.0,41221.44921875,40843.21875,40843.21875,240599000
2012-11-21,41668.05859375,41668.05859375,41082.640625,41183.640625,263733200
2012-11-22,42032.3515625,42093.671875,41678.359375,41678.359375,92391200
2012-11-23,41919.55078125,42049.671875,41841.80859375,42033.76953125,107970800
2012-11-26,41878.26953125,42138.76953125,41774.37109375,41919.55078125,189190200
2012-11-27,41769.37890625,42017.25,41737.69921875,41877.75,265033200
2012-11-28,41912.94921875,41921.44921875,41540.2890625,41768.53125,230226000
2012-11-29,42090.69140625,42161.1015625,41914.48828125,41914.48828125,252501200
2012-11-30,41833.51953125,42206.140625,41743.46875,42065.23046875,813537200
2012-12-03,42323.83984375,42326.55078125,41820.3203125,41822.5390625,218535600
2012-12-04,42337.8203125,42376.1015625,42152.0390625,42317.828125,220397000
2012-12-05,42416.2890625,42591.140625,42297.23828125,42347.19921875,224407800
2012-12-06,42589.6796875,42673.9609375,42284.140625,42416.98046875,208010200
2012-12-07,42797.671875,42809.16015625,42577.4296875,42588.30078125,170844000
2012-12-10,43134.51171875,43173.9609375,42670.01171875,42796.80859375,226577000
2012-12-11,43183.28125,43373.5703125,42972.73828125,43135.171875,279997600
2012-12-13,43006.30859375,43271.390625,42954.46875,43182.3515625,229433600
2012-12-14,43050.921875,43142.55859375,42896.83984375,43006.30859375,154811800
2012-12-17,43338.328125,43430.41015625,43030.73828125,43049.9296875,270197600
2012-12-18,43825.96875,44000.1796875,43205.9296875,43209.69140625,261224800
2012-12-19,43647.98828125,43866.8515625,43591.46875,43825.91015625,254592400
2012-12-20,43637.6796875,43809.51953125,43511.109375,43646.1015625,230490000
2012-12-21,43621.62109375,43913.03125,43302.6015625,43637.62109375,435131200
2012-12-24,43533.44921875,43649.05859375,43483.16015625,43633.859375,33358400
2012-12-26,43495.73828125,43683.48828125,43434.828125,43483.87109375,78832800
2012-12-27,43469.890625,43733.8515625,43330.9296875,43511.41015625,129127200
2012-12-28,43721.9296875,43729.41015625,43451.80859375,43487.2109375,95272400
2012-12-31,43705.828125,43706.30078125,43505.12890625,43690.05859375,77058400
2013-01-02,44304.171875,44336.0390625,43703.98046875,43703.98046875,176170000
2013-01-03,44370.640625,44655.890625,44190.37109375,44304.2109375,231461200
2013-01-04,44562.328125,44611.58984375,44277.6796875,44374.96875,250730800
2013-01-07,44625.9296875,44725.76953125,44317.2109375,44572.671875,181764600
2013-01-08,44571.19921875,44638.69140625,44409.94140625,44631.9296875,255033400
2013-01-09,44862.5390625,44863.2890625,44570.921875,44576.859375,251507600
2013-01-10,44859.80078125,45013.6484375,44658.71875,44871.87109375,247356200
2013-01-11,44888.12890625,44946.37109375,44779.1796875,44864.44921875,198227800
2013-01-14,44862.921875,45241.73828125,44734.890625,44900.12109375,207813600
2013-01-15,44748.05859375,44919.05859375,44662.12890625,44864.30078125,216237800
2013-01-16,44865.30078125,44927.87109375,44703.12890625,44751.1484375,217858600
2013-01-17,44943.33984375,45143.6796875,44851.21875,44867.83984375,203413600
2013-01-18,45212.53125,45220.12890625,44903.69921875,44941.94921875,179962000
2013-01-21,45223.8515625,45281.359375,45130.98046875,45239.671875,45313200
2013-01-22,45320.30078125,45347.66015625,45052.6796875,45218.109375,223063800
2013-01-23,45442.98046875,45443.44921875,45116.12109375,45321.30078125,163637800
2013-01-24,45428.69921875,45547.78125,45285.08984375,45453.140625,173884400
2013-01-25,45575.859375,45624.6015625,45304.109375,45431.78125,146382200
2013-01-28,45912.51171875,45959.9296875,45422.4296875,45584.1796875,213097200
2013-01-29,45907.98046875,46075.0390625,45669.69140625,45912.51171875,245427200
2013-01-30,45753.1796875,46051.890625,45751.7890625,45910.78125,169869600
2013-01-31,45278.05859375,45811.51171875,45270.75,45732.640625,262038800
2013-02-01,45768.48828125,45775.16015625,45278.71875,45278.71875,187792600
2013-02-05,45688.12109375,45785.9609375,45385.421875,45768.8203125,266373500
2013-02-06,45570.7109375,45727.01171875,45518.2109375,45680.328125,177635600
2013-02-07,45019.2109375,45574.328125,44815.5390625,45571.94921875,299712100
2013-02-08,45089.359375,45191.71875,44996.1484375,45025.19921875,180183600
2013-02-11,45063.87890625,45249.91015625,44935.98828125,45084.6484375,166535700
2013-02-12,44873.44140625,45079.359375,44852.87109375,45076.19921875,171110200
2013-02-13,44096.26953125,44876.5390625,44001.51953125,44876.5390625,494545800
2013-02-14,43878.28125,44184.30859375,43705.4609375,44096.26953125,432920000
2013-02-15,44152.9609375,44219.2890625,43816.37890625,43878.94921875,256174600
2013-02-18,44141.921875,44226.44140625,44020.08984375,44158.2890625,42082400
2013-02-19,44639.76171875,44783.359375,44146.8984375,44146.8984375,291076000
2013-02-20,44299.55859375,44641.08984375,44263.19921875,44641.08984375,273447800
2013-02-21,44136.6015625,44313.48828125,43874.19140625,44292.23046875,366254800
2013-02-22,43875.73046875,44145.9609375,43769.23828125,44135.921875,275683200
2013-02-25,43497.19921875,43943.30859375,43467.16015625,43867.46875,230532600
2013-02-26,43489.19921875,43593.0390625,43294.71875,43498.53125,256603600
2013-02-27,43772.890625,43782.41015625,43465.1796875,43490.1796875,288684400
2013-02-28,44120.98828125,44193.98828125,43615.33984375,43774.890625,353080200
2013-03-01,43995.71875,44100.921875,43771.91015625,44100.921875,289317400
2013-03-04,43871.30859375,44019.109375,43715.4296875,43995.71875,246771800
2013-03-05,44017.12109375,44226.0703125,43875.96875,43875.96875,361234600
2013-03-06,44159.6484375,44257.1796875,44007.25,44017.98046875,304597000
2013-03-07,43968.6015625,44261.078125,43949.328125,44169.44140625,253003400
2013-03-08,44322.51171875,44323.62109375,43802.78125,43978.9296875,319998400
2013-03-11,44013.30078125,44322.8515625,43794.109375,44322.8515625,321011000
2013-03-12,43965.41015625,44019.5390625,43731.69140625,44019.26171875,359055200
2013-03-13,43278.109375,43976.76171875,43274.98828125,43972.75,467366400
2013-03-14,43348.51953125,43644.2109375,43035.03125,43278.109375,454178800
2013-03-15,42605.05078125,43389.30078125,42604.98828125,43348.51953125,659465400
2013-03-19,42060.609375,42885.41015625,41881.30859375,42632.4609375,335554200
2013-03-20,42497.96875,42509.8515625,41974.8515625,42047.26953125,387862800
2013-03-21,42531.0703125,42564.62890625,42292.6484375,42487.51953125,400790800
2013-03-22,42686.6796875,42726.33984375,42454.421875,42560.6484375,387736800
2013-03-25,42900.828125,42902.76953125,42591.46875,42686.01953125,291253600
2013-03-26,43664.73046875,43666.44921875,42904.828125,42904.828125,421084400
2013-03-27,44077.08984375,44087.33984375,43408.3515625,43665.71875,325048200
2013-04-01,43932.51953125,44263.359375,43913.12109375,44052.26171875,160765600
2013-04-02,44113.5,44246.0703125,43923.8515625,43932.5,240602800
2013-04-03,43717.5703125,44241.44921875,43634.19921875,44113.578125,254672000
2013-04-04,43566.69140625,43812.94921875,43371.828125,43697.51171875,191626600
2013-04-05,43244.25,43587.2890625,42955.0,43564.078125,224572800
2013-04-08,43430.98828125,43456.37109375,43174.30859375,43247.58984375,261603800
2013-04-09,43973.1796875,43991.94140625,43345.58984375,43432.98828125,311133000
2013-04-10,44380.828125,44466.73828125,43979.53125,43979.53125,291611200
2013-04-11,44408.4296875,44422.66015625,44178.51953125,44400.44140625,278139600
2013-04-12,44004.26953125,44401.2109375,43860.0703125,44401.2109375,194226400
2013-04-15,42984.37890625,44034.23046875,42983.6484375,43987.51953125,272928800
2013-04-16,43223.69140625,43311.3984375,43006.19921875,43006.19921875,222348600
2013-04-17,42610.91015625,43232.25,42418.83984375,43232.25,365442600
2013-04-18,42460.2109375,42615.5,42162.94140625,42610.98828125,277203000
2013-04-19,42808.171875,42811.91015625,42289.94921875,42460.2109375,350494000
2013-04-22,42914.19921875,42967.078125,42678.76953125,42820.03125,228217600
2013-04-23,43113.609375,43296.1484375,42920.83984375,42922.23828125,198267800
2013-04-24,42294.9296875,43112.76953125,42202.69921875,43112.76953125,257314800
2013-04-25,42547.46875,42633.37890625,42124.98828125,42289.41015625,339225600
2013-04-26,41897.0,42544.12109375,41896.921875,42544.12109375,268203600
2013-04-29,41910.53125,42092.80078125,41624.48828125,41897.3515625,179840800
2013-04-30,42263.48046875,42278.078125,41842.8984375,41918.23046875,282710800
2013-05-02,42090.01171875,42387.078125,42013.98046875,42266.94140625,281120400
2013-05-03,42602.0703125,42851.6796875,42099.7890625,42100.73046875,293620000
2013-05-06,42197.98828125,42624.80078125,42178.578125,42606.08984375,152316400
2013-05-07,42406.671875,42498.98828125,42085.51953125,42198.16015625,247639000
2013-05-08,42102.140625,42609.578125,42102.140625,42401.73828125,236607800
2013-05-09,41682.640625,42238.19140625,41615.0,42102.66015625,218126600
2013-05-10,41741.5390625,41921.1484375,41534.69140625,41688.578125,219501200
2013-05-13,41766.91015625,41945.25,41619.62109375,41743.96875,211805000
2013-05-14,41925.140625,42040.609375,41659.48046875,41775.46875,201471000
2013-05-15,41905.23046875,42409.2109375,41828.1484375,41930.83984375,340588600
2013-05-16,41761.109375,41951.609375,41755.6484375,41912.1484375,228691600
2013-05-17,41806.73046875,42036.33984375,41747.640625,41767.8203125,230054600
2013-05-20,41080.4296875,41901.4609375,40934.3203125,41810.01171875,236854000
2013-05-21,40548.44140625,41204.98828125,40199.69921875,41085.05078125,243698800
2013-05-22,40119.01953125,40969.5390625,39973.421875,40533.6796875,305848000
2013-05-23,40505.26953125,40508.80078125,39468.12890625,40119.359375,247613200
2013-05-24,40521.26953125,40561.51171875,39979.98046875,40505.609375,208165200
2013-05-27,40144.6484375,40571.87109375,39972.83984375,40521.94140625,64929800
2013-05-28,40764.0390625,40769.03125,40147.25,40147.25,223127400
2013-05-29,40638.96875,40927.26171875,40410.01171875,40762.28125,275880600
2013-05-30,40984.5,41250.80078125,40648.359375,40648.359375,253153000
2013-05-31,41588.3203125,41590.26171875,40740.83984375,40990.87890625,847647400
2013-06-03,41094.8203125,41590.171875,40849.921875,41587.62890625,449256000
2013-06-04,40750.3984375,41238.53125,40750.3984375,41090.1484375,223890000
2013-06-05,40226.328125,40834.109375,40090.80078125,40750.3984375,221025000
2013-06-06,40579.078125,40621.171875,40038.6484375,40226.328125,213605400
2013-06-07,40232.6796875,41331.55078125,40222.390625,40580.05859375,253175600
2013-06-10,40721.3515625,40751.5,40236.109375,40238.359375,188476600
2013-06-11,39890.23828125,40745.8203125,39889.87109375,40722.2890625,370886000
2013-06-12,39480.3515625,39984.05859375,38886.76953125,39888.78125,252074800
2013-06-13,39481.46875,39772.05859375,39402.96875,39483.421875,214691200
2013-06-14,39269.30078125,39609.83984375,39266.76953125,39487.078125,203730000
2013-06-17,39549.4609375,39767.390625,39252.19140625,39264.4296875,159262800
2013-06-18,39459.98046875,39861.51953125,39454.28125,39559.66015625,234999600
2013-06-19,39044.94921875,39603.109375,38801.19140625,39460.01171875,288693800
2013-06-20,37517.23046875,39035.28125,37380.7890625,39035.28125,363996800
2013-06-21,38036.4609375,38159.30859375,37256.21875,37518.26171875,781831200
2013-06-24,37517.359375,38037.83984375,37034.30078125,38037.83984375,260307800
2013-06-25,37901.76953125,38071.76171875,37485.640625,37517.359375,334307800
2013-06-26,38805.26953125,39002.73828125,37913.3984375,37919.5,379067200
2013-06-27,39650.75,39789.0703125,38808.609375,38808.609375,391843000
2013-06-28,40623.30078125,40624.01953125,39614.19140625,39651.26953125,513333200
2013-07-01,41176.80078125,41185.23828125,40401.078125,40624.33984375,258805000
2013-07-02,40832.48046875,41219.55859375,40617.1796875,41176.80078125,331651000
2013-07-03,40828.8515625,40957.16015625,40522.96875,40834.41015625,255468400
2013-07-04,41200.3984375,41269.23828125,40829.37109375,40829.37109375,93641200
2013-07-05,40623.08984375,41285.19921875,40107.08984375,41201.609375,202348200
2013-07-08,40071.640625,40771.83984375,40071.640625,40634.140625,215239200
2013-07-09,40221.0,40422.66015625,40073.01953125,40073.01953125,192435600
2013-07-10,39999.01953125,40241.109375,39915.12890625,40221.3515625,160826800
2013-07-11,40479.828125,40575.48828125,39996.0,39996.0,245685200
2013-07-12,40329.80859375,40558.55078125,40071.53125,40475.6015625,254041400
2013-07-15,40322.3203125,40556.6015625,40143.140625,40332.48828125,199166200
2013-07-16,39659.51171875,40377.4296875,39290.25,40320.98046875,218562600
2013-07-17,40240.19140625,40246.078125,39657.51171875,39657.6484375,348704200
2013-07-18,40245.30859375,40346.01171875,40091.4609375,40227.28125,241552400
2013-07-19,39891.671875,40244.078125,39843.328125,40242.71875,132454800
2013-07-22,40117.671875,40245.8515625,39775.41015625,39885.62890625,247268800
2013-07-23,40790.16015625,40790.2109375,40054.3515625,40117.671875,239445200
2013-07-24,40839.0390625,40922.69140625,40665.05859375,40766.16015625,167041800
2013-07-25,40752.08984375,40988.171875,40692.01953125,40844.73828125,231567600
2013-07-26,41064.578125,41241.33984375,40748.7109375,40762.109375,245115400
2013-07-29,40341.859375,41135.5390625,40341.62109375,41059.078125,196555600
2013-07-30,40236.55078125,40524.140625,40142.5,40341.859375,196265300
2013-07-31,40837.87890625,41108.69921875,40081.75,40247.28125,289151600
2013-08-01,41863.76171875,42003.171875,40838.73828125,40838.73828125,253153400
2013-08-02,42051.6015625,42280.19921875,41660.5703125,41866.859375,214941300
2013-08-05,41918.41015625,42143.55859375,41801.859375,42052.80859375,134463600
2013-08-06,41914.8203125,42048.44921875,41413.640625,41903.359375,210337400
2013-08-07,42246.5,42305.01953125,41717.0,41914.98046875,231666800
2013-08-08,42712.05078125,42713.48046875,42224.328125,42244.48046875,266772700
2013-08-09,42648.73828125,42737.30078125,42147.94140625,42712.5703125,360228100
2013-08-12,42124.83984375,42781.83984375,42094.19140625,42649.78125,208348200
2013-08-13,42366.44921875,42441.4609375,41987.37890625,42145.0,220783900
2013-08-14,42430.109375,42723.87109375,42280.6796875,42369.80078125,203868700
2013-08-15,42155.33984375,42432.171875,41890.3984375,42430.109375,177656700
2013-08-16,42049.69921875,42217.28125,41963.73046875,42149.96875,120487300
2013-08-19,41484.25,42078.71875,41319.859375,42049.69921875,237526300
2013-08-20,41825.3984375,41865.5390625,41288.94140625,41494.98828125,214389200
2013-08-21,41458.16015625,41858.609375,41262.328125,41824.7109375,239753800
2013-08-22,41007.4296875,41711.01953125,40770.8203125,41465.48828125,226841100
2013-08-23,40925.12890625,41129.48828125,40681.26953125,41004.51171875,199654800
2013-08-26,40419.9296875,41054.0,40368.5703125,40925.12890625,236052100
2013-08-27,39656.0,40427.6796875,39525.03125,40419.578125,267803800
2013-08-28,39248.0703125,39833.69140625,39244.58984375,39653.75,230740700
2013-08-29,39162.48828125,39527.5390625,38953.08984375,39248.7109375,275476200
2013-08-30,39492.37109375,39687.6015625,39148.078125,39157.328125,1759968000
2013-09-02,40129.0390625,40176.91015625,39491.12890625,39491.12890625,91782800
2013-09-03,39541.51171875,40377.859375,39352.71875,40132.8515625,231366600
2013-09-04,39773.53125,39986.0,39403.73046875,39541.83984375,216586600
2013-09-05,39686.44921875,39863.2890625,39558.83984375,39725.98046875,158842600
2013-09-06,39915.05859375,40216.55859375,39580.73046875,39690.80078125,213433800
2013-09-09,40953.8515625,41019.26171875,39846.109375,39916.21875,225738000
2013-09-10,41732.98046875,41732.98046875,40822.03125,40958.98828125,266476200
2013-09-11,41640.53125,42158.140625,41403.44140625,41744.12890625,226635400
2013-09-12,40785.6796875,41656.390625,40692.94140625,41637.5390625,150264200
2013-09-13,41122.46875,41183.0390625,40745.03125,40797.640625,147325800
2013-09-17,41137.671875,41385.12890625,40799.91015625,41122.46875,197425200
2013-09-18,41902.19921875,41987.8515625,40857.83984375,41136.859375,221658300
2013-09-19,41752.26171875,42195.12109375,41733.0390625,41903.37109375,273393900
2013-09-20,41225.98046875,41799.73828125,41224.3984375,41749.421875,410669100
2013-09-23,41314.6796875,41314.80859375,40934.01171875,41222.23046875,238922700
2013-09-24,41209.94921875,41387.12109375,41104.91015625,41331.8203125,211279500
2013-09-25,41724.03125,41799.8515625,41020.12890625,41203.140625,271351300
2013-09-26,41327.578125,41835.01953125,41317.25,41724.83984375,227139200
2013-09-27,40903.6484375,41408.30078125,40887.171875,41316.69140625,186593600
2013-09-30,40185.23046875,40903.609375,40182.9296875,40900.109375,262402400
2013-10-01,41335.26953125,41369.51171875,40126.94921875,40185.51171875,199679800
2013-10-02,41300.66015625,41324.05078125,40987.62890625,41321.94140625,172601400
2013-10-03,40841.12890625,41458.8984375,40648.19921875,41295.76171875,123690200
2013-10-04,40909.5390625,41150.30859375,40766.16015625,40847.44140625,171161200
2013-10-07,40451.16015625,40911.26171875,40306.421875,40909.4609375,129615900
2013-10-08,39916.83984375,40561.28125,39678.5390625,40455.51953125,200897400
2013-10-09,39866.171875,39974.25,39648.109375,39916.83984375,175506800
2013-10-10,40489.94921875,40701.3515625,39863.87109375,39863.87109375,179935200
2013-10-11,40975.37109375,41083.62890625,40331.4296875,40484.2109375,196210500
2013-10-14,40882.08984375,41034.609375,40651.08984375,40971.828125,153722400
2013-10-15,40218.3203125,40919.828125,40071.4609375,40882.28125,187210700
2013-10-16,40355.26953125,40536.2890625,40004.0,40227.01953125,234781300
2013-10-17,40199.46875,40451.5,40081.671875,40354.94140625,133470300
2013-10-18,40412.69140625,40572.16015625,40199.46875,40199.46875,164602700
2013-10-21,40345.78125,40622.80078125,40120.5390625,40414.859375,236422900
2013-10-22,40813.48046875,40889.421875,40301.51953125,40351.44140625,181235100
2013-10-23,40552.58984375,40826.1015625,40385.96875,40818.109375,184005300
2013-10-24,40246.73046875,40689.8515625,40165.078125,40554.03125,225168000
2013-10-25,40671.609375,40679.8515625,39870.5703125,40281.87109375,289192300
2013-10-28,41125.01953125,41152.91015625,40648.41015625,40671.609375,220149100
2013-10-29,41284.37890625,41329.19140625,41091.1015625,41125.01953125,225528200
2013-10-30,41050.08984375,41370.58984375,40833.08984375,41288.62890625,191371900
2013-10-31,41038.6484375,41077.609375,40636.328125,41047.91015625,251515700
2013-11-01,41079.609375,41111.5703125,40821.71875,41028.83984375,147524800
2013-11-04,41013.71875,41338.44140625,40918.76171875,41084.7109375,118322100
2013-11-05,40304.44921875,41039.2890625,40231.328125,41014.5390625,248550400
2013-11-06,40280.08984375,40491.859375,40179.80859375,40294.94140625,262125600
2013-11-07,40009.8984375,40515.19140625,40002.37109375,40282.69921875,231898800
2013-11-08,39864.16015625,40013.46875,39432.171875,40003.08984375,302113400
2013-11-11,39686.828125,40038.5703125,39647.69921875,39863.44921875,185506400
2013-11-12,39594.640625,39757.91015625,39311.08984375,39688.19140625,231543600
2013-11-13,39765.921875,39793.48046875,39136.1484375,39594.08984375,266106000
2013-11-14,40306.69921875,40393.78125,39662.96875,39765.921875,211574300
2013-11-15,41034.109375,41281.1015625,40294.8203125,40306.05078125,248740800
2013-11-19,40643.25,41028.37890625,40481.3515625,41028.37890625,128962800
2013-11-20,40795.55859375,40946.83984375,40594.98046875,40641.30859375,260299800
2013-11-21,40998.37109375,41157.87109375,40714.671875,40797.73828125,305459600
2013-11-22,41199.01953125,41253.23828125,40919.5390625,40998.80859375,228088000
2013-11-25,40948.359375,41280.7890625,40947.9296875,41203.37890625,165286800
2013-11-26,41002.6796875,41044.9296875,40666.30859375,40949.3515625,476615300
2013-11-27,41872.58984375,41874.26953125,40988.390625,40998.58984375,230624100
2013-11-28,42160.421875,42193.62109375,41806.6015625,41873.140625,63042600
2013-11-29,42499.12890625,42575.62109375,42002.7109375,42160.9609375,230934600
2013-12-02,42138.55078125,42665.37109375,42135.828125,42493.55859375,129380700
2013-12-03,41876.859375,42139.109375,41678.1015625,42138.55078125,158724400
2013-12-04,42003.6484375,42137.9296875,41542.80859375,41865.6796875,230315600
2013-12-05,41910.078125,42441.76171875,41779.23828125,41992.19921875,238964200
2013-12-06,41925.5390625,42574.1015625,41910.98828125,41910.98828125,287526300
2013-12-09,42289.23046875,42513.94921875,41847.83984375,41942.171875,217924700
2013-12-10,42490.1015625,42539.5703125,42211.23046875,42302.6015625,283747100
2013-12-11,42304.55078125,42643.328125,42262.53125,42490.78125,297986400
2013-12-13,41884.828125,42307.30078125,41715.671875,42307.30078125,265220700
2013-12-16,42054.01953125,42380.03125,41801.98828125,41884.83984375,202822100
2013-12-17,41758.55078125,42245.21875,41757.91015625,42044.71875,213530800
2013-12-18,42079.87109375,42407.171875,41409.25,41758.55859375,343004400
2013-12-19,42198.3203125,42250.6015625,41789.69140625,42079.4609375,213707300
2013-12-20,42183.76953125,42600.578125,42181.98828125,42198.3203125,593966800
2013-12-23,42508.03125,42508.109375,42119.03125,42214.83984375,235435100
2013-12-26,42540.3203125,42668.890625,42482.4296875,42589.76171875,139436700
2013-12-27,42753.21875,42789.3203125,42523.7109375,42545.51953125,154856000
2013-12-30,42958.8203125,43086.73828125,42704.828125,42753.48046875,175830000
2014-01-02,42188.44921875,42841.9609375,42115.359375,42725.53125,139707400
2014-01-03,42064.96875,42274.609375,41842.9609375,42191.109375,141022700
2014-01-06,41525.94921875,42143.16015625,41522.48828125,42093.55859375,157899200
2014-01-07,41778.6015625,41883.37109375,41522.171875,41532.87890625,174828600
2014-01-08,41515.48828125,41915.359375,41389.3984375,41783.80078125,208777500
2014-01-09,41585.5390625,41585.62109375,41220.66015625,41554.328125,225768400
2014-01-10,42458.51171875,42526.12890625,41585.55078125,41586.8515625,274141700
2014-01-13,42158.62109375,42463.421875,42046.23828125,42455.96875,202066300
2014-01-14,42439.7890625,42501.0,42055.87890625,42151.46875,171344100
2014-01-15,42511.25,42731.76171875,42359.6484375,42434.87109375,157753900
2014-01-16,42172.73046875,42608.8203125,42167.76953125,42508.96875,154928100
2014-01-17,41911.30859375,42246.01953125,41721.0390625,42172.859375,141246000
2014-01-20,41976.37109375,42111.78125,41909.109375,41911.30859375,37915600
2014-01-21,41838.62890625,42277.1015625,41602.28125,41976.62890625,194541100
2014-01-22,42062.8203125,42062.8203125,41699.71875,41849.01953125,254645000
2014-01-23,41531.80078125,42082.75,41402.37890625,42058.171875,165958700
2014-01-24,40979.80078125,41556.171875,40814.51171875,41532.78125,333731700
2014-01-27,40863.41015625,41010.55859375,40316.66015625,40980.33984375,232123000
2014-01-28,40660.9296875,41217.62109375,40660.48828125,40873.53125,230936300
2014-01-29,40689.8984375,40978.44921875,40228.2890625,40656.28125,230428900
2014-01-30,41008.30078125,41096.7890625,40572.23046875,40692.9296875,172219800
2014-01-31,40879.75,41008.62890625,40579.109375,41008.62890625,227508000
2014-02-04,40085.51953125,40881.12109375,40031.6484375,40881.12109375,235269700
2014-02-05,39880.87109375,40438.26953125,39733.30078125,40099.390625,256301000
2014-02-06,40288.78125,40464.390625,39866.359375,39881.51953125,255165600
2014-02-07,40525.73828125,40576.73828125,40075.390625,40272.30859375,240161700
2014-02-10,40116.359375,40545.078125,40074.671875,40533.859375,159727800
2014-02-11,40759.62109375,40939.640625,40116.62890625,40116.62890625,201556500
2014-02-12,40690.05859375,40958.6484375,40436.8203125,40765.359375,208818000
2014-02-13,40308.9609375,40703.7890625,40263.16015625,40690.05859375,171797000
2014-02-14,40710.890625,40896.5,40199.609375,40316.890625,176100900
2014-02-17,40735.48046875,40803.75,40687.078125,40710.890625,40886800
2014-02-18,40421.859375,40830.98828125,40421.69140625,40733.6015625,179831300
2014-02-19,40006.421875,40518.109375,39755.44140625,40426.23828125,222345600
2014-02-20,39654.23046875,40013.41015625,39566.62109375,39993.30859375,224907800
2014-02-21,39724.578125,39975.62890625,39650.0,39672.55859375,155521300
2014-02-24,39792.7109375,40163.3203125,39707.62890625,39726.41015625,191064700
2014-02-25,39023.6484375,39858.4296875,38883.4609375,39793.9609375,210401000
2014-02-26,38605.62109375,39286.078125,38497.62109375,39034.05859375,218801700
2014-02-27,38912.9296875,39121.87109375,38469.6015625,38617.80859375,223907500
2014-02-28,38782.890625,39109.48046875,38645.4296875,38927.7109375,260949100
2014-03-03,38534.8203125,38784.33984375,38302.859375,38780.4296875,164838600
2014-03-04,39084.359375,39137.03125,38536.16015625,38539.46875,171537200
2014-03-05,39021.0703125,39219.62890625,39003.4296875,39088.3984375,196895200
2014-03-06,39176.30078125,39591.7890625,39023.26171875,39023.26171875,294386900
2014-03-07,38913.0390625,39217.33984375,38722.671875,39176.5,232376800
2014-03-10,38671.01171875,38920.3203125,38480.25,38914.3984375,204221200
2014-03-11,38689.5703125,38982.3203125,38566.05078125,38671.01171875,216592100
2014-03-12,38634.828125,38777.37890625,38535.87109375,38689.51171875,216638400
2014-03-13,38037.5,38715.05078125,37850.1796875,38634.0,240589700
2014-03-14,37950.96875,38037.5,37751.640625,38037.5,266890200
2014-03-18,38814.69140625,38863.0390625,37950.1796875,37950.96875,213805400
2014-03-19,38811.94140625,39339.6796875,38653.33984375,38804.75,259455700
2014-03-20,39616.19140625,39770.6484375,38543.03125,38817.421875,244920700
2014-03-21,40021.73046875,40098.37109375,39553.44140625,39628.328125,584082400
2014-03-24,39821.7109375,40357.0,39790.23046875,40017.3515625,165056400
2014-03-25,39793.01953125,40134.12890625,39614.73828125,39829.1015625,277311200
2014-03-26,39761.30078125,40081.140625,39674.6796875,39792.87890625,206222200
2014-03-27,39911.01171875,39973.7890625,39703.01953125,39759.51171875,200015300
2014-03-28,40048.19921875,40299.3515625,39896.58984375,39896.58984375,174814600
2014-03-31,40461.6015625,40461.6015625,40051.12109375,40052.5390625,271755600
2014-04-01,40470.01171875,40781.1015625,40299.48046875,40465.98046875,282276200
2014-04-02,40900.53125,40900.53125,40478.30078125,40478.30078125,281456700
2014-04-03,40563.05859375,41087.5390625,40249.01171875,40898.3203125,240573700
2014-04-04,40598.33984375,41167.30078125,40542.12109375,40568.390625,296784100
2014-04-07,40595.69921875,40875.609375,40347.1484375,40580.55078125,171352100
2014-04-08,40906.828125,41004.87890625,40541.44921875,40592.9609375,247610300
2014-04-09,40937.76953125,41075.421875,40662.5703125,40895.55859375,170132700
2014-04-10,40447.9609375,41089.7890625,40381.26171875,40925.62890625,193618700
2014-04-11,40380.7890625,40455.859375,40020.578125,40447.08984375,176577600
2014-04-14,40530.69140625,40615.33984375,40349.98828125,40385.44140625,124937600
2014-04-15,40481.80078125,40571.23046875,40105.2890625,40536.171875,163304700
2014-04-16,40890.53125,40891.08984375,40481.80078125,40481.80078125,181153500
2014-04-21,40654.0703125,41003.640625,40650.078125,40885.69921875,145667700
2014-04-22,40468.19921875,40762.76171875,40438.80078125,40655.359375,210715100
2014-04-23,40296.98046875,40496.23046875,40168.5,40466.8515625,182696100
2014-04-24,40407.9296875,40443.80078125,40150.3984375,40298.62109375,171353500
2014-04-25,40198.3984375,40423.9609375,39979.53125,40409.51953125,182921400
2014-04-28,40136.5703125,40314.19140625,40038.671875,40198.16015625,130568700
2014-04-29,40702.671875,40702.76171875,40095.5390625,40145.30859375,153259400
2014-04-30,40711.55859375,40798.4296875,40433.66015625,40702.80859375,298205400
2014-05-02,40967.94921875,41053.9296875,40729.0390625,40729.0390625,166721600
2014-05-05,41047.87890625,41053.9296875,40736.8984375,40968.9609375,99503900
2014-05-06,41470.8203125,41623.69140625,40883.390625,41047.328125,148157700
2014-05-07,41803.12890625,41826.4609375,41368.671875,41471.359375,201117400
2014-05-08,41659.91015625,42093.91015625,41592.19921875,41806.12890625,152828600
2014-05-09,41641.109375,41780.6484375,41528.76171875,41670.5703125,171858400
2014-05-12,42086.171875,42086.73046875,41591.98046875,41641.76171875,133906100
2014-05-13,42236.828125,42492.609375,41926.62109375,42086.05859375,258902900
2014-05-14,42144.51171875,42231.78125,42017.98828125,42231.78125,208381500
2014-05-15,41561.828125,42200.109375,41531.609375,42143.9609375,178484200
2014-05-16,41898.83984375,42031.48046875,41543.859375,41564.30859375,181652000
2014-05-19,41840.05078125,41903.01953125,41463.08984375,41894.71875,295391700
2014-05-20,41805.1015625,42001.6796875,41668.828125,41836.48046875,212326200
2014-05-21,41828.98046875,42056.8984375,41764.8984375,41805.1015625,215028900
2014-05-22,41943.9609375,42090.28125,41813.1484375,41827.6015625,195695000
2014-05-23,41917.921875,42035.69921875,41818.41015625,41946.94921875,174316800
2014-05-26,42004.578125,42138.328125,41896.1484375,41918.5703125,35873900
2014-05-27,41958.96875,42144.25,41836.80078125,42005.2890625,188542600
2014-05-28,41960.44921875,42022.16015625,41862.4296875,41958.26953125,159257800
2014-05-29,42009.921875,42095.80078125,41884.12109375,41960.66015625,159646100
2014-05-30,41362.51171875,42026.55859375,41360.80859375,42011.66015625,607473700
2014-06-02,41936.7109375,41953.98828125,41375.41015625,41375.41015625,159929000
2014-06-03,42126.08984375,42135.53125,41807.6796875,41938.828125,175304800
2014-06-04,41953.30078125,42127.8984375,41855.05078125,42127.8984375,136508900
2014-06-05,42173.03125,42276.6796875,41949.23046875,41956.6796875,209660500
2014-06-06,42778.26171875,42840.41015625,42164.3515625,42173.03125,249983700
2014-06-09,43009.98828125,43175.76953125,42729.66015625,42780.8515625,144386200
2014-06-10,43045.26953125,43049.0390625,42821.6796875,43009.19140625,217772200
2014-06-11,42944.80859375,43079.0703125,42759.37890625,43044.890625,161829300
2014-06-12,42617.62109375,43016.48046875,42551.9296875,42946.3203125,123698100
2014-06-13,42485.66015625,42874.359375,42485.62890625,42602.921875,169407800
2014-06-16,42596.25,42641.109375,42321.37109375,42523.328125,131363600
2014-06-17,42612.640625,42657.3515625,42446.46875,42593.23046875,93662700
2014-06-18,42802.6015625,42821.25,42525.5703125,42612.78125,175284800
2014-06-19,42957.359375,43007.7109375,42787.109375,42800.6484375,97277000
2014-06-20,42865.71875,43038.578125,42787.640625,42959.828125,447349100
2014-06-23,42916.73046875,42948.6484375,42691.3515625,42865.71875,114987000
2014-06-24,42884.76171875,43016.76171875,42785.62109375,42915.0390625,132851000
2014-06-25,42854.19140625,42930.01171875,42786.37109375,42885.66015625,176349900
2014-06-26,42613.80078125,42916.5390625,42613.390625,42864.8515625,153736000
2014-06-27,42493.859375,42933.69921875,42481.30078125,42613.25,229603000
2014-06-30,42737.171875,42795.1484375,42487.46875,42508.078125,258968700
2014-07-01,42872.83984375,42944.62109375,42602.1796875,42744.94921875,165060900
2014-07-02,43279.48046875,43279.48046875,42817.9609375,42870.8984375,150896500
2014-07-03,43660.69921875,43721.76953125,43228.21875,43286.30859375,173032900
2014-07-04,43518.05859375,43669.7890625,43485.1796875,43660.9609375,32528400
2014-07-07,43452.55078125,43705.9609375,43433.19921875,43517.94921875,182477800
2014-07-08,43403.4296875,43495.390625,43147.671875,43451.96875,153392100
2014-07-09,43686.75,43821.53125,43353.7890625,43394.41015625,334296000
2014-07-10,43474.2890625,43690.98046875,43316.19921875,43688.62890625,251864400
2014-07-11,43481.828125,43694.109375,43437.66015625,43471.578125,198570300
2014-07-14,43967.44140625,44001.19140625,43474.73046875,43474.73046875,139888700
2014-07-15,43960.4296875,44077.5,43862.83984375,43967.359375,206277600
2014-07-16,44009.23046875,44133.23046875,43809.01171875,43968.46875,149554900
2014-07-17,43920.76171875,44083.91015625,43837.25,44011.69140625,156451400
2014-07-18,44278.8984375,44312.87109375,43822.578125,43920.76171875,143160800
2014-07-21,44125.73046875,44275.80078125,44023.69140625,44275.80078125,155490700
2014-07-22,44257.08984375,44512.390625,44123.55859375,44123.55859375,181490400
2014-07-23,44199.01171875,44371.25,44156.26953125,44258.91015625,149310000
2014-07-24,44420.37890625,44564.171875,44201.1796875,44206.3984375,167457000
2014-07-25,44386.62109375,44559.78125,44272.390625,44426.671875,132525400
2014-07-28,44544.96875,44559.2890625,44336.94140625,44394.55078125,153573800
2014-07-29,44481.2890625,44684.55859375,44452.87890625,44550.44140625,129225700
2014-07-30,44311.05859375,44714.41015625,44271.25,44479.1015625,144478500
2014-07-31,43817.69140625,44349.80078125,43546.01953125,44311.87890625,211241000
2014-08-01,43986.109375,44094.828125,43706.8203125,43819.4296875,162671200
2014-08-04,44594.66015625,44676.109375,43982.94921875,43983.78125,193884900
2014-08-05,44481.6796875,44674.94921875,44310.12109375,44605.609375,168380800
2014-08-06,44425.76953125,44550.2890625,44251.3203125,44481.53125,158810800
2014-08-07,44116.1484375,44541.12890625,44064.19140625,44435.33984375,175936400
2014-08-08,44105.94921875,44271.0703125,43885.4296875,44124.08984375,144991500
2014-08-11,44679.16015625,44720.41015625,44121.0,44121.0,165075800
2014-08-12,44734.0390625,44869.23828125,44609.5390625,44673.109375,131497700
2014-08-13,44723.9609375,44974.9609375,44713.46875,44739.23828125,154181600
2014-08-14,44793.01953125,44878.69921875,44665.9609375,44740.6484375,137006200
2014-08-15,44629.328125,44863.8203125,44474.46875,44793.8203125,98928500
2014-08-18,44854.80859375,44871.23828125,44637.26953125,44637.26953125,101365800
2014-08-19,44962.87890625,45000.62109375,44717.87890625,44852.7890625,176305100
2014-08-20,45248.05078125,45250.05859375,44808.109375,44970.26953125,197824200
2014-08-21,45410.359375,45429.5390625,45160.3984375,45242.30078125,187453700
2014-08-22,45374.98828125,45517.140625,45172.44140625,45420.48828125,156941500
2014-08-25,45504.33984375,45575.26953125,45351.4609375,45380.51171875,133092200
2014-08-26,45464.75,45657.5703125,45416.12890625,45510.078125,210556300
2014-08-27,45601.0,45619.37890625,45417.48828125,45469.6796875,149838600
2014-08-28,45501.28125,45598.3203125,45348.41015625,45596.62109375,137467600
2014-08-29,45628.08984375,45762.37109375,45397.19140625,45485.73046875,511058900
2014-09-01,45438.0390625,45664.0,45317.76953125,45630.71875,65827300
2014-09-02,45825.05859375,45830.5390625,45409.58984375,45438.109375,187242000
2014-09-03,46049.328125,46065.421875,45819.69140625,45819.69140625,158939500
2014-09-04,46313.3984375,46331.8984375,46042.55078125,46049.328125,182073200
2014-09-05,46231.44140625,46406.5,46224.69140625,46322.0,133181100
2014-09-08,46357.23828125,46554.28125,46199.1015625,46232.16015625,122720300
2014-09-09,45915.171875,46427.8984375,45887.19921875,46354.8203125,177599500
2014-09-10,45894.05078125,46109.1015625,45745.23828125,45906.5703125,133893900
2014-09-11,45672.6015625,45908.16015625,45625.76171875,45889.51171875,116511000
2014-09-12,45799.69921875,45861.62109375,45434.1484375,45654.48828125,129739800
2014-09-15,45861.83984375,46133.37890625,45661.21875,45797.8203125,126415500
2014-09-17,46043.62109375,46147.3984375,45859.01953125,45861.5703125,187870100
2014-09-18,46168.640625,46170.37890625,46025.80078125,46048.98828125,138941100
2014-09-19,45761.8984375,46230.1015625,45646.01953125,46169.921875,411628000
2014-09-22,45302.0,45767.671875,45060.30078125,45760.96875,181252000
2014-09-23,45015.171875,45406.98046875,44834.21875,45302.80859375,217685100
2014-09-24,45116.94140625,45266.46875,44991.12109375,45016.66015625,195335500
2014-09-25,44781.12109375,45150.69921875,44624.05859375,45119.48046875,174746900
2014-09-26,44884.328125,44986.921875,44695.12890625,44788.37890625,136101400
2014-09-29,44898.19140625,44918.3984375,44426.6015625,44884.328125,164377500
2014-09-30,44985.66015625,45051.91015625,44769.30078125,44902.8203125,184943600
2014-10-01,44364.9609375,45058.05078125,44364.9609375,44985.390625,182309600
2014-10-02,44254.4296875,44374.578125,43941.6484375,44370.0390625,199890200
2014-10-03,44678.140625,44719.87109375,44255.23046875,44255.23046875,184680800
2014-10-06,44820.8515625,45223.0,44645.62109375,44678.328125,152368400
2014-10-07,44536.62109375,44845.9296875,44466.76171875,44826.21875,163625500
2014-10-08,44487.96875,44717.05078125,44123.96875,44562.7890625,185072300
2014-10-09,44082.171875,44609.62109375,44049.48828125,44494.71875,167642700
2014-10-10,43435.73046875,44082.12109375,43435.33984375,44082.12109375,180788600
2014-10-13,43088.671875,43560.7890625,43088.671875,43430.359375,188993600
2014-10-14,43179.8515625,43338.7109375,43068.05859375,43090.8203125,197148900
2014-10-15,42984.94921875,43174.73828125,42431.140625,43174.73828125,465175000
2014-10-16,42907.62109375,43144.921875,42524.390625,42964.01171875,186232000
2014-10-17,43273.5,43580.7890625,42916.76171875,42916.76171875,204759700
2014-10-20,43213.8984375,43373.5,42995.98046875,43262.48046875,184620200
2014-10-21,43630.578125,43725.23828125,43117.26953125,43212.28125,180107000
2014-10-22,43450.75,43806.16015625,43434.890625,43631.921875,206111700
2014-10-23,43691.05859375,43869.1796875,43456.55078125,43456.55078125,176696200
2014-10-24,43665.5390625,43822.12109375,43543.69140625,43684.28125,177782600
2014-10-27,43810.51171875,43813.46875,43393.05078125,43663.25,116605300
2014-10-28,44039.640625,44202.19140625,43774.76171875,43808.80078125,206876200
2014-10-29,44238.94140625,44308.05859375,43938.26953125,44033.73046875,163865000
2014-10-30,44599.26953125,44599.26953125,44067.9609375,44244.859375,187862100
2014-10-31,45027.51953125,45159.48828125,44598.6796875,44599.05859375,312581200
2014-11-03,45184.76171875,45211.73828125,44913.96875,45029.4609375,134935800
2014-11-04,44884.4296875,45202.01953125,44855.2890625,45181.71875,148163200
2014-11-05,45071.98046875,45151.8203125,44818.578125,44888.73828125,143917900
2014-11-06,44849.859375,45199.140625,44849.5703125,45080.76171875,157967000
2014-11-07,44614.66015625,44878.28125,44614.44921875,44841.7890625,143709100
2014-11-10,44523.0,44727.55859375,44450.58984375,44615.26953125,161192900
2014-11-11,44300.828125,44637.0703125,44177.3203125,44523.0,122409600
2014-11-12,43744.5703125,44363.73046875,43606.0,44300.5390625,192225700
2014-11-13,43743.80078125,43888.26171875,43524.62109375,43744.69921875,238746000
2014-11-14,43372.01171875,43762.12890625,43296.640625,43759.671875,215759800
2014-11-18,43491.44921875,43569.328125,43336.109375,43366.08984375,277098700
2014-11-19,44118.12890625,44122.171875,43491.44921875,43491.44921875,219553400
2014-11-20,44209.421875,44209.9296875,43955.7890625,44114.8984375,203865800
2014-11-21,44633.28125,44910.0390625,44206.23046875,44206.23046875,302698400
2014-11-24,44621.0703125,44755.73046875,44563.1484375,44638.66015625,167348900
2014-11-25,44441.01953125,44768.37890625,44436.8515625,44621.48046875,365852700
2014-11-26,44672.19921875,44713.421875,44422.828125,44438.05859375,143538500
2014-11-27,44689.2109375,44732.05078125,44608.62109375,44667.62109375,37612700
2014-11-28,44190.46875,44725.6484375,44138.28125,44688.9609375,185316700
2014-12-01,43392.0703125,44248.109375,43389.83984375,44179.2109375,261268300
2014-12-02,43008.0703125,43550.23828125,42902.4609375,43403.890625,195864500
2014-12-03,43112.2890625,43317.8984375,42628.16015625,43017.46875,210827900
2014-12-04,42816.1484375,43142.2109375,42728.05078125,43112.55859375,224128200
2014-12-05,43230.33984375,43293.53125,42799.140625,42821.25,174680100
2014-12-08,42941.828125,43399.44140625,42746.671875,43253.1796875,167383900
2014-12-09,42339.62890625,42940.76171875,42137.41015625,42940.76171875,222989600
2014-12-10,41372.66015625,42379.80078125,41295.26953125,42339.890625,219005800
2014-12-11,41714.5703125,42025.5,41345.48828125,41372.921875,221477500
2014-12-15,40334.58984375,41718.48828125,40125.53125,41718.328125,378131200
2014-12-16,40225.078125,40844.359375,39580.78125,40337.26953125,294258200
2014-12-17,41004.44140625,41354.62890625,40176.01953125,40225.51171875,354708300
2014-12-18,42475.671875,42721.33984375,41011.69921875,41011.69921875,277257500
2014-12-19,42529.890625,42810.1796875,42403.671875,42483.4609375,306781800
2014-12-22,42873.01171875,42873.01171875,42536.9609375,42537.69140625,0
2014-12-23,43122.73046875,43124.8515625,42853.12109375,42874.33984375,0
2014-12-24,43002.87109375,43120.51953125,42942.80078125,43118.96875,0
2014-12-29,43187.640625,43320.12890625,43004.05859375,43005.671875,0
2014-12-30,43018.75,43340.55859375,42872.171875,43179.5703125,0
2014-12-31,43145.66015625,43191.69921875,42877.55078125,43015.25,71249200
2015-01-02,42115.46875,43325.4296875,41989.6484375,43146.51953125,111168800
2015-01-05,41099.37109375,42147.9609375,40824.9296875,42134.66015625,219712500
2015-01-06,41329.41015625,41456.62109375,40723.66015625,41101.01171875,212475500
2015-01-07,41813.9296875,41963.94921875,41331.12109375,41331.12109375,184571000
2015-01-08,42402.30859375,42554.41015625,41814.2109375,41819.0390625,193292300
2015-01-09,42382.41015625,42504.41015625,41940.48828125,42393.171875,151921000
2015-01-12,41780.78125,42408.6484375,41773.37890625,42373.80859375,175242100
2015-01-13,41478.26171875,42211.08984375,41313.3515625,41781.0390625,190474300
2015-01-14,40984.21875,41479.78125,40907.48046875,41478.37890625,309314400
2015-01-15,40998.76953125,41260.4609375,40817.87109375,40991.48046875,234733800
2015-01-16,41402.01171875,41402.078125,40859.69140625,40999.05859375,192275600
2015-01-19,41285.578125,41566.9296875,41210.05859375,41412.1796875,46253900
2015-01-20,41752.671875,41974.0,41129.12109375,41286.578125,210067800
2015-01-21,42488.73046875,42491.1015625,41594.08984375,41753.48046875,241140400
2015-01-22,43121.28125,43165.55859375,42488.8203125,42489.37890625,269586300
2015-01-23,42649.71875,43124.44140625,42618.03125,43123.171875,177289400
2015-01-26,42737.8515625,42831.75,42360.73046875,42649.1015625,182968600
2015-01-27,42627.8203125,42737.8515625,42128.23046875,42737.8515625,166083900
2015-01-28,42158.0703125,42743.46875,42158.0703125,42627.8203125,171120600
2015-01-29,41862.328125,42157.1796875,41762.421875,42150.80859375,182630600
2015-01-30,40950.578125,41864.21875,40886.859375,41862.62890625,242054000
2015-02-03,41572.23828125,41868.37890625,40944.80859375,40954.62109375,230362500
2015-02-04,41710.8203125,42055.25,41553.109375,41572.23828125,203348500
2015-02-05,42453.640625,42469.16015625,41708.578125,41709.6796875,328441800
2015-02-06,42715.4296875,42880.3515625,42447.44921875,42447.44921875,231657000
2015-02-09,42810.2890625,42876.94921875,42474.828125,42705.26171875,182064400
2015-02-10,42635.19140625,43159.08984375,42635.1484375,42811.359375,244737400
2015-02-11,41933.26171875,42630.44921875,41901.109375,42630.0703125,220150900
2015-02-12,43045.51171875,43046.87890625,41897.3203125,41925.71875,180138000
2015-02-13,43072.421875,43250.390625,42954.94140625,43032.078125,148371900
2015-02-16,42959.55859375,43141.890625,42886.1484375,43074.03125,25467400
2015-02-17,43251.7890625,43264.390625,42613.6796875,42959.55859375,148126500
2015-02-18,43053.6484375,43484.76953125,42823.8515625,43246.3984375,278075700
2015-02-19,43231.421875,43310.87109375,42865.19921875,43043.1484375,149976900
2015-02-20,43551.26171875,43569.55078125,43080.62109375,43223.87890625,157812500
2015-02-23,43675.87109375,43680.421875,43446.6484375,43536.83984375,157766100
2015-02-24,43921.55078125,44033.671875,43629.30859375,43672.1015625,247357200
2015-02-25,43802.0703125,44008.94140625,43635.0390625,43915.359375,234987800
2015-02-26,44416.48828125,44417.2890625,43723.6015625,43798.73046875,192596800
2015-02-27,44190.171875,44439.98828125,43983.140625,44408.328125,373527000
2015-03-02,43882.7109375,44279.328125,43560.8515625,44179.9296875,238489100
2015-03-03,43600.37109375,43906.16015625,43519.6796875,43875.73828125,222689700
2015-03-04,43296.55078125,43605.140625,43130.51953125,43598.2109375,190139000
2015-03-05,43517.7890625,43783.0,43155.8515625,43284.4296875,253013200
2015-03-06,43280.80859375,43517.171875,43129.8203125,43510.23828125,202066800
2015-03-09,43251.3984375,43350.2890625,43003.98828125,43280.80859375,145265100
2015-03-10,42972.1484375,43246.5703125,42674.25,43246.5703125,177428000
2015-03-11,43227.19921875,43310.37890625,42929.51953125,42978.6015625,223614100
2015-03-12,44055.890625,44056.109375,43176.51171875,43228.08984375,178847500
2015-03-13,44002.2890625,44140.26171875,43703.96875,44055.890625,179720700
2015-03-17,43761.359375,43998.71875,43761.359375,43997.44921875,171895000
2015-03-18,44360.87109375,44360.87109375,43490.08984375,43756.78125,267505600
2015-03-19,44118.171875,44441.1484375,43920.28125,44354.94140625,204850800
2015-03-20,43968.1484375,44325.94140625,43739.46875,44117.94140625,407713600
2015-03-23,43952.7109375,44056.98046875,43840.671875,43968.1484375,139263300
2015-03-24,44051.2109375,44242.5703125,43943.3203125,43947.3203125,161948600
2015-03-25,43630.9609375,44212.28125,43630.58984375,44040.96875,153901700
2015-03-26,43229.16015625,43610.58984375,43099.48046875,43610.58984375,203462600
2015-03-27,43637.96875,43656.37890625,43096.73046875,43231.44921875,182587500
2015-03-30,43922.828125,44015.94140625,43571.3515625,43631.23046875,145908900
2015-03-31,43724.78125,43916.1015625,43596.87109375,43916.1015625,184966800
2015-04-01,44202.94140625,44216.75,43697.44921875,43709.48828125,185105000
2015-04-06,44850.05859375,44897.03125,43833.890625,44202.87109375,174250100
2015-04-07,44987.87109375,45181.421875,44674.94921875,44857.0703125,239494000
2015-04-08,44980.55859375,45333.96875,44902.48046875,44994.30078125,252657800
2015-04-09,44913.26953125,45218.75,44891.7890625,44980.55859375,190713500
2015-04-10,44882.01171875,45009.609375,44745.03125,44913.94140625,168054800
2015-04-13,44994.55859375,45061.6796875,44864.37890625,44881.37109375,151535400
2015-04-14,45004.51953125,45072.8984375,44773.55859375,44989.171875,183195900
2015-04-15,45262.94140625,45443.01953125,45001.1796875,45003.46875,235294000
2015-04-16,45480.23046875,45483.26171875,45094.05078125,45256.46875,181652800
2015-04-17,45012.37109375,45485.73828125,45012.30078125,45482.23828125,158198200
2015-04-20,45077.80859375,45206.28125,44958.69140625,45019.62109375,152786300
2015-04-21,45296.91015625,45433.171875,45077.44140625,45077.44140625,182895100
2015-04-22,45232.0390625,45294.25,45077.5703125,45294.25,219745700
2015-04-23,45418.828125,45473.83984375,45027.5,45226.109375,177848700
2015-04-24,45773.30859375,45773.30859375,45248.98046875,45418.578125,200794300
2015-04-27,45512.37890625,46078.0703125,45490.25,45767.078125,190305000
2015-04-28,45338.359375,45594.140625,45216.0390625,45514.0390625,176189800
2015-04-29,44942.23046875,45378.671875,44895.8515625,45338.359375,176865800
2015-04-30,44582.390625,45129.46875,44581.69921875,44950.3203125,302264200
2015-05-04,45238.46875,45264.5390625,44586.94140625,44589.1015625,179275000
2015-05-05,45091.328125,45479.16015625,45061.328125,45237.12109375,241196400
2015-05-06,44853.26171875,45112.08984375,44655.109375,45078.578125,205151800
2015-05-07,44768.80078125,45010.76953125,44704.28125,44848.4609375,178415900
2015-05-08,45125.94921875,45126.0390625,44770.078125,44770.078125,247350800
2015-05-11,45179.96875,45245.7109375,44950.62109375,45125.48046875,136610400
2015-05-12,44950.48828125,45180.23828125,44849.8515625,45180.23828125,173771800
2015-05-13,45038.140625,45120.69921875,44885.91015625,44939.5703125,145028600
2015-05-14,45271.4609375,45350.23828125,44980.2109375,45048.94140625,143034100
2015-05-15,45332.80078125,45357.44140625,45147.91015625,45272.390625,120620500
2015-05-18,45408.33984375,45413.48828125,45134.21875,45330.1015625,122937500
2015-05-19,45311.75,45540.6796875,45245.87109375,45410.23046875,189714200
2015-05-20,45283.46875,45474.1796875,45191.6015625,45313.671875,143379300
2015-05-21,45097.390625,45300.078125,45075.76953125,45284.609375,150476600
2015-05-22,44874.0390625,45192.8984375,44807.73046875,45097.390625,144970200
2015-05-25,44852.2890625,44949.98828125,44732.96875,44874.12109375,26652400
2015-05-26,44401.3984375,44858.890625,44383.5390625,44855.0,217242100
2015-05-27,44682.58984375,44684.19140625,44124.58984375,44397.078125,200161500
2015-05-28,44807.30859375,44817.640625,44508.76953125,44668.98046875,173377700
2015-05-29,44703.62109375,44845.12890625,44603.62109375,44801.359375,590615000
2015-06-01,44760.1015625,44788.58984375,44570.01171875,44699.55859375,188341900
2015-06-02,44931.48046875,45053.51171875,44572.87890625,44752.53125,230453700
2015-06-03,44732.71875,45208.48046875,44732.55859375,44932.2890625,191223400
2015-06-04,44561.109375,44844.73828125,44478.2890625,44729.2109375,194532200
2015-06-05,44561.94140625,44847.9609375,44481.94140625,44559.48046875,138407100
2015-06-08,44544.05078125,44596.19140625,44338.21875,44559.78125,105183100
2015-06-09,44519.2109375,44686.0703125,44385.76953125,44544.3515625,166116800
2015-06-10,44578.28125,44758.41015625,44528.671875,44528.671875,228614500
2015-06-11,44624.73828125,44753.9609375,44527.1796875,44579.359375,172318600
2015-06-12,44692.5,44796.83984375,44469.48046875,44626.8984375,150515800
2015-06-15,44395.76171875,44698.05859375,44217.0390625,44697.359375,142785700
2015-06-16,44722.28125,44812.640625,44139.71875,44389.5390625,150911600
2015-06-17,44792.0390625,44889.609375,44666.41015625,44719.578125,204730000
2015-06-18,45120.7890625,45159.37890625,44732.26953125,44788.7890625,148018000
2015-06-19,44973.41015625,45177.078125,44933.8203125,45120.76953125,414665100
2015-06-22,45224.98046875,45272.1484375,44969.03125,44971.25,138550300
2015-06-23,45454.1484375,45512.62890625,45224.51171875,45225.71875,155117900
2015-06-24,45424.94140625,45514.01171875,45280.28125,45453.33984375,169504800
2015-06-25,45377.12109375,45532.80859375,45232.4609375,45420.0703125,173807400
2015-06-26,45566.328125,45630.19140625,45332.44140625,45381.37890625,142329400
2015-06-29,44710.3515625,45556.87109375,44710.3515625,45556.87109375,191532900
2015-06-30,45053.69921875,45054.078125,44585.58984375,44711.4296875,268951400
2015-07-01,44928.51953125,45298.55078125,44928.48828125,45052.890625,175618300
2015-07-02,45175.578125,45342.0,44917.8203125,44928.51953125,209841400
2015-07-03,45065.46875,45174.390625,44982.3203125,45174.390625,37465200
2015-07-06,44794.01171875,45062.1796875,44635.8203125,45062.1796875,149404700
2015-07-07,45017.75,45027.609375,44196.33984375,44792.8515625,224739200
2015-07-08,44497.73828125,45009.53125,44441.37109375,45004.76953125,210280200
2015-07-09,44564.3203125,44922.609375,44499.73828125,44499.73828125,180658800
2015-07-10,44915.98046875,44980.2890625,44558.1015625,44558.1015625,165229000
2015-07-13,44990.390625,45184.80078125,44916.48046875,44933.859375,131537200
2015-07-14,45136.69140625,45194.69140625,44747.3203125,44990.4609375,139386600
2015-07-15,45107.12890625,45179.51953125,45018.7890625,45136.16015625,139905400
2015-07-16,45344.8984375,45461.94140625,45111.73046875,45111.73046875,124663500
2015-07-17,45325.37890625,45387.69140625,45087.48828125,45347.80859375,136764800
2015-07-20,45567.98828125,45655.73046875,45228.19140625,45325.578125,107843000
2015-07-21,45401.23046875,45664.76953125,45387.80859375,45568.62109375,199521500
2015-07-22,44670.421875,45447.078125,44660.359375,45394.19921875,306545700
2015-07-23,44836.328125,44894.73828125,44599.53125,44671.2890625,245301700
2015-07-24,44249.48828125,44898.12890625,44209.53125,44840.25,261013500
2015-07-27,43713.71875,44246.8984375,43713.71875,44243.0,181344400
2015-07-28,44222.96875,44241.51953125,43715.62109375,43715.62109375,286919400
2015-07-29,44471.2890625,44566.87890625,44058.890625,44215.3984375,197220000
2015-07-30,44373.30859375,44470.66015625,44177.87109375,44470.66015625,163071200
2015-07-31,44752.9296875,44793.1796875,44322.7890625,44374.4609375,271503100
2015-08-03,44903.94921875,44913.62890625,44436.12109375,44737.51171875,159378700
2015-08-04,45177.98046875,45206.87890625,44869.1015625,44901.21875,183225200
2015-08-05,44937.609375,45388.640625,44863.921875,45180.359375,166445000
2015-08-06,44921.21875,45062.33984375,44824.46875,44938.5,126793400
2015-08-07,44862.140625,44919.12109375,44661.2109375,44919.12109375,114223700
2015-08-10,45320.69140625,45320.75,44785.08984375,44856.19140625,110434500
2015-08-11,44379.7890625,45333.3515625,44376.53125,45321.578125,205684100
2015-08-12,44032.37890625,44402.578125,43640.05859375,44379.03125,220518900
2015-08-13,43870.53125,44287.12109375,43785.4296875,44083.48046875,211386800
2015-08-14,43746.71875,44069.859375,43746.30859375,43870.3984375,127753600
2015-08-17,43953.48046875,43990.05078125,43574.12109375,43762.8984375,150771400
2015-08-18,43872.12109375,43960.87890625,43730.55859375,43958.078125,169745300
2015-08-19,43473.73828125,43906.55859375,43307.53125,43868.6015625,184950500
2015-08-20,43036.58984375,43470.48828125,42995.26953125,43470.48828125,176469900
2015-08-21,42163.8203125,43033.01171875,42098.73046875,43033.01171875,270541800
2015-08-24,41471.46875,42139.1796875,39256.578125,42139.1796875,280957600
2015-08-25,42010.890625,42393.7890625,41484.5,41484.5,249142300
2015-08-26,42323.0390625,42427.48828125,41669.2109375,42012.1484375,205330000
2015-08-27,43452.359375,43480.83984375,42324.3203125,42324.3203125,266368500
2015-08-28,43290.859375,43534.828125,43161.37109375,43459.3984375,176441400
2015-08-31,43721.9609375,43722.23046875,42775.28125,43288.421875,532669500
2015-09-01,42911.51171875,43707.01953125,42839.140625,43707.01953125,234860200
2015-09-02,42969.9296875,43194.96875,42772.05859375,42908.23828125,173690400
2015-09-03,43283.46875,43663.80078125,42971.12109375,42971.12109375,162994900
2015-09-04,42742.859375,43283.3203125,42555.859375,43283.3203125,167537500
2015-09-07,42756.26171875,42853.8984375,42326.1015625,42729.26953125,25362600
2015-09-08,43083.94140625,43180.171875,42755.171875,42755.171875,147590400
2015-09-09,42754.6796875,43523.53125,42754.05078125,43085.71875,156444000
2015-09-10,42888.51171875,42926.5390625,42621.44140625,42749.7890625,170822500
2015-09-11,42780.73046875,42991.80078125,42761.75,42888.51171875,113801800
2015-09-14,42827.3515625,42909.0390625,42661.828125,42775.609375,127513800
2015-09-15,43269.62109375,43273.0703125,42813.08984375,42829.671875,149337800
2015-09-17,43790.9296875,44075.51953125,43263.421875,43279.140625,233017500
2015-09-18,43565.05078125,43788.5390625,43177.08984375,43788.5390625,384522000
2015-09-21,43618.140625,43722.078125,43458.58984375,43568.46875,118597800
2015-09-22,43232.05859375,43621.21875,43047.87109375,43621.21875,176568600
2015-09-23,43042.359375,43285.3984375,43042.359375,43236.41015625,199408400
2015-09-24,42596.55859375,43085.03125,42459.76171875,43042.30859375,266340600
2015-09-25,42435.23046875,42912.21875,42326.421875,42595.19921875,161155100
2015-09-28,41893.51171875,42453.12890625,41791.6015625,42430.609375,202235000
2015-09-29,42121.51171875,42254.0,41861.7890625,41894.109375,188484800
2015-09-30,42632.5390625,42703.0703125,42113.8515625,42113.8515625,323525300
2015-10-01,42695.73828125,42752.01171875,42418.5390625,42627.421875,171675100
2015-10-02,42735.1484375,42769.23046875,42203.8203125,42695.140625,153996600
2015-10-05,43566.3203125,43614.171875,42740.859375,42740.859375,208146800
2015-10-06,43561.421875,43743.83984375,43435.0390625,43566.390625,158825700
2015-10-07,43832.03125,44166.3984375,43562.91015625,43562.91015625,222875200
2015-10-08,44076.94140625,44172.328125,43654.76171875,43838.55078125,196553100
2015-10-09,44375.62109375,44477.5,44080.1484375,44080.1484375,159232400
2015-10-12,44314.25,44619.609375,44142.171875,44370.71875,146650400
2015-10-13,44318.19140625,44442.5390625,44125.140625,44318.48046875,189124600
2015-10-14,44064.4296875,44416.140625,44058.87109375,44313.62890625,129215100
2015-10-15,44087.58984375,44255.37890625,43811.48828125,44065.05859375,167836200
2015-10-16,44364.16015625,44432.37109375,44062.55859375,44090.4609375,161056300
2015-10-19,44523.01171875,44523.69921875,44116.078125,44371.76953125,148353900
2015-10-20,44653.859375,44653.859375,44191.5703125,44517.30859375,193739600
2015-10-21,44426.0703125,44938.12109375,44309.76171875,44657.12109375,182024400
2015-10-22,44627.96875,44989.25,44321.2890625,44426.30859375,320641000
2015-10-23,45010.23828125,45094.1015625,44628.421875,44628.421875,238526000
2015-10-26,45036.51953125,45102.578125,44787.08984375,45022.4609375,168306800
2015-10-27,44698.01171875,45036.890625,44570.87890625,45036.30078125,296427200
2015-10-28,44741.6796875,44933.140625,44585.5,44683.6015625,181760000
2015-10-29,44634.80859375,44860.4296875,44477.921875,44738.26171875,164202500
2015-10-30,44542.76171875,44648.83984375,44238.69140625,44635.80078125,247491400
2015-11-03,45354.58984375,45540.9296875,44336.73828125,44543.83984375,257221400
2015-11-04,45373.171875,45680.109375,45322.87890625,45356.1796875,206307000
2015-11-05,45195.6484375,45546.55078125,45190.26171875,45373.890625,224209000
2015-11-06,45243.8515625,45388.2109375,44923.4609375,45195.71875,211544700
2015-11-09,44479.23046875,45302.5390625,44187.55859375,45238.140625,233520700
2015-11-10,44359.890625,44474.7890625,43772.75,44474.33984375,229700800
2015-11-11,44347.91015625,44646.578125,44219.87109375,44353.62890625,157905500
2015-11-12,44120.51953125,44351.171875,44083.62109375,44351.171875,153942200
2015-11-13,43617.73046875,44266.21875,43458.109375,44120.8203125,223292300
2015-11-17,44184.6484375,44219.7890625,43614.390625,43614.390625,269603700
2015-11-18,44505.58984375,44505.58984375,44118.98046875,44182.25,244379200
2015-11-19,44620.6015625,44762.53125,44460.7890625,44519.8515625,241733800
2015-11-20,44895.01953125,44997.69140625,44587.6484375,44621.41015625,177951600
2015-11-23,44779.140625,44925.33984375,44743.19921875,44878.78125,133476000
2015-11-24,44576.23046875,44777.7109375,44421.171875,44777.7109375,161909400
2015-11-25,44138.75,44649.109375,44040.078125,44576.23046875,174932800
2015-11-26,44374.51953125,44377.58984375,44053.23046875,44137.19140625,64404900
2015-11-27,44247.98046875,44420.6484375,43895.8203125,44387.1015625,125063100
2015-11-30,43418.55078125,44412.0703125,43382.12890625,44241.2890625,668266200
2015-12-01,43984.8984375,43984.8984375,43368.83984375,43418.55078125,253723300
2015-12-02,43417.05078125,44024.94921875,43386.1796875,43984.390625,169361300
2015-12-03,43027.30078125,43496.23828125,42756.46875,43423.01953125,165729100
2015-12-04,42994.23046875,43220.69140625,42810.46875,43033.01171875,186087500
2015-12-07,42655.23828125,43103.58984375,42648.05859375,42997.578125,175873500
2015-12-08,42236.73828125,42710.62109375,42214.73828125,42653.078125,239321300
2015-12-09,42398.05859375,42796.078125,42260.37109375,42260.37109375,246253700
2015-12-10,42447.76953125,42508.3203125,42358.69921875,42376.5390625,192538300
2015-12-11,42000.62890625,42494.73828125,41907.7890625,42447.58984375,210483900
2015-12-14,41901.9609375,42057.30859375,41514.76953125,41997.26953125,191485500
2015-12-15,42905.19921875,43156.19140625,41902.76953125,41902.76953125,283527200
2015-12-16,43429.71875,43497.62109375,42909.01953125,42909.01953125,213875200
2015-12-17,43503.51953125,43780.26171875,43361.4609375,43435.94140625,268394700
2015-12-18,42936.62890625,43507.83984375,42863.98828125,43504.421875,402961300
2015-12-21,43160.609375,43392.71875,42958.01171875,42958.01171875,292688500
2015-12-22,43328.71875,43619.7109375,43152.5703125,43158.55859375,221025400
2015-12-23,43579.671875,43787.30078125,43241.5390625,43329.4296875,194470500
2015-12-24,43528.26953125,43774.69140625,43527.23828125,43579.078125,46487200
2015-12-28,43396.16015625,43535.5,43347.28125,43528.41015625,134864000
2015-12-29,43391.78125,43643.078125,43298.890625,43410.69140625,115704000
2015-12-30,43012.37109375,43520.78125,43010.55078125,43376.5390625,98029600
2015-12-31,42977.5,43030.12890625,42690.62109375,43007.73828125,68463600
2016-01-04,42113.69921875,42963.8984375,41897.48046875,42963.8984375,122098600
2016-01-05,42041.6796875,42346.140625,41859.26953125,42118.6015625,186120200
2016-01-06,41691.19140625,42039.23046875,41627.98046875,42039.23046875,185518000
2016-01-07,40661.5703125,41688.75,40611.30078125,41688.75,263904200
2016-01-08,40265.37109375,41242.55859375,40154.94140625,40661.80859375,373461300
2016-01-11,40706.890625,40749.6796875,40128.46875,40254.5,220635600
2016-01-12,41022.73828125,41070.9296875,40717.98828125,40717.98828125,217279500
2016-01-13,41008.78125,41270.94140625,40463.640625,41026.55078125,207644900
2016-01-14,41352.75,41385.53125,40731.80078125,41026.55078125,162045600
2016-01-15,40847.69921875,41350.30078125,40298.01953125,41350.30078125,258729300
2016-01-18,40604.7890625,40854.640625,40440.359375,40842.8203125,36417700
2016-01-19,40809.25,41136.48828125,40494.05859375,40611.8515625,220643500
2016-01-20,40844.41015625,40845.03125,39924.08984375,40807.21875,239363100
2016-01-21,41166.87890625,41339.48828125,40557.328125,40833.26953125,252258400
2016-01-22,41621.30859375,41744.421875,41207.98046875,41207.98046875,252181900
2016-01-25,41476.3515625,41678.3515625,41344.25,41623.23046875,142720900
2016-01-26,41932.390625,42037.55859375,41451.19921875,41474.44921875,189517800
2016-01-27,42109.890625,42394.08984375,41823.87890625,41923.4296875,356684100
2016-01-28,42393.01953125,42445.44921875,42055.26953125,42101.078125,247397500
2016-01-29,43630.76953125,43631.1796875,42370.98046875,42386.23046875,376037300
2016-02-02,43092.48828125,43639.921875,42884.51171875,43639.921875,341856100
2016-02-03,43257.5390625,43306.37890625,42916.01171875,43120.671875,264681900
2016-02-04,43751.9296875,44260.23046875,43255.1015625,43255.1015625,359740800
2016-02-05,43229.671875,43833.76171875,43215.96875,43759.0,221241100
2016-02-08,42774.8515625,43229.7890625,42546.62890625,43229.7890625,201984900
2016-02-09,42399.19140625,42887.390625,42192.7890625,42775.69140625,325409400
2016-02-10,42535.73828125,42936.859375,42268.859375,42401.91015625,243093300
2016-02-11,42359.26171875,42540.4609375,41757.3984375,42540.4609375,221208600
2016-02-12,42416.44140625,42635.6484375,42275.7890625,42351.12109375,186017400
2016-02-15,43205.91015625,43223.9609375,42414.80859375,42414.80859375,59431500
2016-02-16,43100.3203125,43352.37890625,42847.5,43205.4296875,181206800
2016-02-17,43585.23046875,43585.30859375,43019.6484375,43103.30859375,408303000
2016-02-18,43516.66015625,43731.671875,43278.80078125,43561.05859375,280000800
2016-02-19,43375.30859375,43618.6015625,43219.328125,43517.16015625,176837500
2016-02-22,43546.71875,43882.23046875,43379.171875,43379.171875,252292800
2016-02-23,43216.578125,43672.96875,43143.58984375,43550.7890625,180166200
2016-02-24,42744.91015625,43234.37109375,42364.890625,43221.05859375,119479000
2016-02-25,43434.55078125,43445.1484375,42938.98828125,43177.53125,169139700
2016-02-26,43473.37109375,43611.69921875,43239.3984375,43449.91015625,109647900
2016-02-29,43714.9296875,43723.859375,43326.94140625,43475.0,329045100
2016-03-01,44214.5,44280.1796875,43715.98828125,43717.6484375,278917500
2016-03-02,44615.75,44739.01171875,44165.6015625,44198.390625,276951200
2016-03-03,44742.21875,44869.96875,44561.0390625,44616.4609375,220570800
2016-03-04,44849.01953125,45255.921875,44740.53125,44740.53125,277745000
2016-03-07,44967.16015625,45146.328125,44850.96875,44855.25,231035400
2016-03-08,44504.2890625,45017.62890625,44335.390625,44967.21875,255965700
2016-03-09,44492.5,44668.3984375,44189.55859375,44507.48828125,250427200
2016-03-10,44337.0390625,44779.08984375,43965.23046875,44499.48828125,200516900
2016-03-11,44617.73828125,45007.26953125,44338.94140625,44338.94140625,157398300
2016-03-14,44691.80078125,44873.25,44548.55078125,44746.328125,183846000
2016-03-15,44210.44140625,44694.30859375,44139.5390625,44691.01171875,194115100
2016-03-16,44751.3984375,44751.62109375,44026.1796875,44207.5390625,223581100
2016-03-17,45435.08984375,45507.87109375,44644.33984375,44751.3984375,336601600
2016-03-18,45482.390625,46129.66015625,45203.171875,45436.1796875,616315100
2016-03-22,45632.28125,45632.28125,45308.30078125,45464.53125,208791200
2016-03-23,45647.5703125,45713.75,45365.5390625,45632.62890625,199402700
2016-03-28,45623.48046875,45847.26171875,45458.58984375,45652.44140625,160121800
2016-03-29,45897.6484375,45910.80859375,45456.140625,45623.2109375,247041200
2016-03-30,46191.51171875,46307.609375,45808.55078125,45894.3984375,274078600
2016-03-31,45881.078125,46276.98828125,45663.62890625,46188.1015625,289894600
2016-04-01,46062.921875,46068.30859375,45509.08984375,45877.390625,152704400
2016-04-04,45678.1796875,46077.1015625,45454.1015625,46067.25,158253200
2016-04-05,45186.01171875,45678.33984375,45183.7109375,45678.33984375,173672700
2016-04-06,45281.96875,45370.7890625,45023.51171875,45183.30078125,180774900
2016-04-07,45052.16015625,45290.03125,44834.23828125,45278.80859375,209972000
2016-04-08,44859.48828125,45382.66015625,44797.16015625,45074.30859375,189312000
2016-04-11,44760.53125,45112.55859375,44745.109375,44864.8515625,168199500
2016-04-12,45090.671875,45126.921875,44708.62890625,44765.3515625,181345900
2016-04-13,45411.30078125,45483.21875,45076.98828125,45095.26953125,213032800
2016-04-14,45403.5390625,45624.53125,45363.828125,45411.5390625,179087100
2016-04-15,45536.51953125,45636.171875,45390.828125,45401.58984375,172203600
2016-04-18,45022.62890625,45561.44140625,44956.23046875,45518.62109375,169798500
2016-04-19,45780.1796875,45881.66015625,45027.0390625,45027.0390625,225798400
2016-04-20,45650.3515625,45834.5703125,45507.41015625,45780.51171875,189085300
2016-04-21,45556.6484375,45860.01171875,45539.359375,45653.2109375,210756800
2016-04-22,45613.2109375,45825.3203125,45556.109375,45556.109375,177836100
2016-04-25,45581.19921875,45804.94140625,45383.078125,45608.328125,172066100
2016-04-26,45416.8984375,45691.80078125,45279.55078125,45584.0,198851900
2016-04-27,45941.51953125,45965.44140625,45566.890625,45566.890625,242688300
2016-04-28,45528.9296875,45982.83984375,45189.62890625,45940.98046875,378055500
2016-04-29,45784.76953125,45784.80078125,45416.05859375,45534.26171875,243404200
2016-05-02,45707.87109375,45847.4296875,45502.51953125,45785.9609375,170577900
2016-05-03,45647.8203125,45706.44921875,45238.3203125,45706.44921875,280555100
2016-05-04,45349.0,45649.140625,45060.0703125,45649.140625,370291800
2016-05-05,45147.96875,45440.46875,45066.91015625,45350.28125,202128500
2016-05-06,45209.8515625,45243.19140625,44925.46875,45142.8203125,165377400
2016-05-09,45250.33984375,45320.3515625,44823.2109375,45209.03125,187012200
2016-05-10,45676.41015625,45684.6796875,45143.01953125,45257.109375,195378000
2016-05-11,45506.87109375,45733.171875,45461.4296875,45663.609375,228305200
2016-05-12,45685.8203125,45838.171875,45437.48046875,45514.6484375,174676000
2016-05-13,45402.46875,45736.98046875,45373.2109375,45684.46875,171890900
2016-05-16,45843.140625,45863.76171875,45381.83984375,45402.73828125,144549200
2016-05-17,45872.1796875,45912.0390625,45621.80078125,45846.98828125,180429800
2016-05-18,45551.19921875,45887.76953125,45395.05859375,45871.03125,181326400
2016-05-19,45051.26953125,45555.3515625,44898.4296875,45551.08984375,184254800
2016-05-20,45155.91015625,45321.48828125,45042.3515625,45053.5703125,152138300
2016-05-23,45236.16015625,45349.828125,45046.30078125,45159.328125,159540800
2016-05-24,45497.4609375,45523.8984375,45226.69921875,45233.98828125,205438600
2016-05-25,45710.94140625,45882.73046875,45494.9296875,45496.640625,261125100
2016-05-26,46039.69140625,46080.8203125,45688.640625,45705.51953125,297591200
2016-05-27,46124.1484375,46220.62890625,45996.73828125,46040.23046875,184564700
2016-05-30,46017.2109375,46204.44921875,45936.23046875,46119.5390625,50463900
2016-05-31,45459.44921875,46069.12890625,45371.73046875,46026.1484375,645087400
2016-06-01,45557.609375,45612.44140625,45268.83984375,45468.5390625,208113200
2016-06-02,45508.30859375,45745.80859375,45458.8515625,45549.58984375,185821800
2016-06-03,45928.23046875,45933.51171875,45450.46875,45508.4609375,188390700
2016-06-06,45857.73046875,46114.94921875,45821.3984375,45929.30859375,205844900
2016-06-07,46124.62890625,46277.140625,45852.28125,45852.28125,314238600
2016-06-08,46263.83984375,46545.3203125,46015.859375,46127.62109375,306667900
2016-06-09,45662.7109375,46308.05078125,45660.3515625,46266.26953125,242848000
2016-06-10,45177.5,45655.94140625,45163.44921875,45655.94140625,188095800
2016-06-13,44930.25,45180.640625,44709.1796875,45170.4609375,166801300
2016-06-14,44570.58984375,44968.5390625,44389.23828125,44935.03125,186815300
2016-06-15,45011.21875,45107.05078125,44491.12109375,44562.73046875,207926700
2016-06-16,45225.3984375,45225.3984375,44580.69921875,45017.44921875,157370200
2016-06-17,45306.21875,45394.87890625,45106.7109375,45227.69921875,281640500
2016-06-20,45779.66015625,45978.859375,45306.359375,45306.359375,174117300
2016-06-21,45705.421875,45843.0703125,45421.44140625,45781.98828125,174634600
2016-06-22,45806.16015625,45809.08984375,45612.421875,45706.19140625,141267100
2016-06-23,46145.921875,46145.921875,45820.69921875,45820.69921875,154551700
2016-06-24,44885.8203125,46153.6796875,44501.0,46119.921875,323558900
2016-06-27,44282.03125,44888.94921875,43902.25,44888.94921875,277445800
2016-06-28,44714.5390625,44960.890625,44297.58984375,44297.58984375,240293700
2016-06-29,45466.37109375,45584.7890625,44700.4296875,44725.80859375,217069200
2016-06-30,45966.48828125,45967.21875,45419.73046875,45466.37109375,271556400
2016-07-01,46213.26953125,46251.80859375,45831.328125,45973.19921875,134616100
2016-07-04,46201.328125,46429.05078125,46135.08984375,46213.26953125,29013300
2016-07-05,45819.6015625,46341.23828125,45669.66015625,46200.21875,198145900
2016-07-06,45304.75,45820.2109375,45104.87109375,45819.62109375,186619900
2016-07-07,45394.37109375,45655.76171875,45215.140625,45300.23046875,207536400
2016-07-08,45744.2890625,45744.62109375,45344.01953125,45393.28125,163032200
2016-07-11,46177.609375,46218.51171875,45743.48828125,45743.48828125,176525200
2016-07-12,46432.69921875,46520.05078125,46183.78125,46183.78125,231131900
2016-07-13,46271.96875,46614.19140625,46187.6484375,46432.69921875,190507900
2016-07-14,46498.51171875,46765.2109375,46273.6015625,46273.6015625,241847800
2016-07-15,46713.4296875,46767.30859375,46500.390625,46503.0703125,198810600
2016-07-18,46961.25,47108.6484375,46611.55859375,46711.94140625,195195200
2016-07-19,47060.5703125,47134.26953125,46826.87109375,46966.609375,188935000
2016-07-20,47505.25,47505.25,46936.51171875,47054.671875,189237500
2016-07-21,47364.80859375,47648.41015625,47313.30859375,47503.6015625,166222500
2016-07-22,47537.28125,47589.44921875,47359.53125,47363.078125,113132900
2016-07-25,47130.41015625,47785.2890625,46971.69921875,47524.390625,156491900
2016-07-26,46927.0,47343.05078125,46921.3984375,47129.48046875,219741400
2016-07-27,46812.0703125,47575.26171875,46664.16015625,46933.76171875,344547900
2016-07-28,46833.87109375,46872.12109375,46402.51171875,46818.859375,305668500
2016-07-29,46660.671875,46824.73828125,46304.19140625,46820.1796875,347960700
2016-08-01,46807.23828125,46887.921875,46638.44140625,46654.5,159960500
2016-08-02,46558.359375,46806.078125,46143.80859375,46806.078125,214453300
2016-08-03,46844.53125,46888.4296875,46311.28125,46556.21875,214305900
2016-08-04,46941.4609375,47102.2109375,46678.609375,46839.19140625,149832400
2016-08-05,47194.1484375,47197.109375,46931.25,46940.23046875,180708100
2016-08-08,47368.6484375,47539.21875,47012.01171875,47207.75,176551200
2016-08-09,47630.37109375,47801.76953125,47363.26171875,47375.58984375,257905900
2016-08-10,47797.69921875,47902.8203125,47565.3203125,47635.44140625,220397200
2016-08-11,48341.94921875,48434.76953125,47713.83984375,47833.87890625,315230500
2016-08-12,48363.890625,48570.98828125,48096.1015625,48348.26953125,233046100
2016-08-15,48694.8984375,48956.05859375,48361.0,48366.890625,271663300
2016-08-16,48351.9609375,48800.23828125,48334.96875,48699.171875,204458300
2016-08-17,48258.9296875,48556.078125,48100.140625,48351.16015625,209872300
2016-08-18,48437.1015625,48492.8515625,47930.87109375,48253.0390625,185065000
2016-08-19,48297.4609375,48557.78125,48167.921875,48432.05078125,127776500
2016-08-22,48293.4609375,48367.05078125,47899.01171875,48289.30078125,146537800
2016-08-23,47666.01953125,48494.359375,47665.94140625,48290.08984375,209827500
2016-08-24,47743.609375,47925.51171875,47480.578125,47660.98046875,163366300
2016-08-25,47734.19921875,47867.8984375,47642.25,47741.55078125,231256400
2016-08-26,47369.5703125,48002.4609375,47095.08984375,47729.55859375,286852200
2016-08-29,47599.12109375,47646.2109375,47310.12890625,47357.7890625,151480600
2016-08-30,47650.5703125,47832.3984375,47445.87890625,47610.05859375,155374200
2016-08-31,47541.3203125,47768.96875,47341.8984375,47649.69140625,439097000
2016-09-01,47563.33984375,47655.609375,47314.8203125,47544.0390625,193508900
2016-09-02,47787.98828125,48096.3203125,47204.05859375,47551.109375,140465700
2016-09-05,47842.23046875,47968.16015625,47786.5,47786.98046875,19169100
2016-09-06,47626.98046875,47868.76953125,47304.828125,47839.8984375,186221600
2016-09-07,47398.69921875,47676.6015625,47178.76171875,47623.23046875,177870300
2016-09-08,47416.96875,47492.98046875,47250.03125,47397.890625,180546300
2016-09-09,46459.171875,47421.140625,46459.171875,47419.69140625,256925800
2016-09-12,46720.9609375,46782.05859375,45934.01953125,46456.87890625,268039400
2016-09-13,46154.19921875,46719.23046875,46012.23828125,46719.23046875,270198400
2016-09-14,45767.5703125,46408.0390625,45700.69921875,46137.73828125,249860800
2016-09-15,45922.91015625,45975.78125,45679.5703125,45767.37109375,477097000
2016-09-19,45871.0390625,46131.4296875,45737.4296875,45927.48828125,191987000
2016-09-20,46341.328125,46421.6796875,45869.69140625,45869.69140625,156466200
2016-09-21,46929.19140625,46943.69921875,46344.0390625,46345.37890625,255440800
2016-09-22,47975.05078125,47975.55859375,46930.33984375,46930.33984375,258041400
2016-09-23,47778.48046875,47967.2109375,47435.8203125,47967.171875,223268400
2016-09-26,47252.5390625,47776.94140625,47094.48828125,47776.94140625,232475400
2016-09-27,47731.83984375,47731.859375,46971.640625,47257.30078125,249363300
2016-09-28,48046.55859375,48175.26953125,47639.19140625,47734.2890625,203341900
2016-09-29,47672.0703125,48488.3515625,47511.48046875,48045.2109375,217104400
2016-09-30,47245.80078125,47961.390625,47245.08984375,47673.6015625,210376900
2016-10-03,47601.9296875,47607.28125,47080.01953125,47250.55078125,139095500
2016-10-04,47909.26953125,47986.2890625,47495.23828125,47602.2890625,178107800
2016-10-05,48141.421875,48226.08984375,47904.94140625,47909.171875,160516000
2016-10-06,47944.76953125,48132.62890625,47832.609375,48124.28125,143658400
2016-10-07,47596.6015625,47946.30078125,47460.33984375,47946.30078125,134403200
2016-10-10,48264.9609375,48413.66015625,47555.21875,47597.91015625,193082400
2016-10-11,48014.3984375,48272.1015625,47990.7890625,48265.55859375,202811100
2016-10-12,47915.12109375,48069.91015625,47740.03125,48015.0703125,145549600
2016-10-13,47741.5390625,47913.76953125,47429.171875,47913.76953125,199956500
2016-10-14,47701.44921875,48041.05078125,47645.48828125,47746.33984375,249710700
2016-10-17,47657.328125,47918.6015625,47637.4296875,47699.75,157917600
2016-10-18,48106.12109375,48129.94921875,47661.46875,47661.46875,253865900
2016-10-19,48492.609375,48572.640625,48006.08984375,48107.66015625,186797100
2016-10-20,48274.25,48563.62109375,48188.05859375,48479.66015625,133216400
2016-10-21,48418.3984375,48533.94140625,48123.91015625,48273.8515625,158116200
2016-10-24,48431.25,48619.44140625,48299.30078125,48423.19921875,132462100
2016-10-25,48093.53125,48432.96875,48057.0390625,48423.0703125,171587700
2016-10-26,47805.44140625,48122.671875,47726.859375,48095.05859375,186391500
2016-10-27,48114.671875,48115.48828125,47770.578125,47804.62890625,156791200
2016-10-28,48007.19921875,48371.51171875,47534.05859375,48113.87109375,416532800
2016-10-31,48009.28125,48245.1484375,47818.33984375,48002.2109375,218268600
2016-11-01,47303.30859375,48157.12890625,47061.8984375,48021.2890625,244594200
2016-11-03,46683.80078125,47480.66015625,46683.80078125,47286.16015625,325313500
2016-11-04,46694.80859375,47369.78125,46441.4609375,46684.3984375,291450100
2016-11-07,48050.25,48373.19140625,46695.01171875,46695.01171875,326662300
2016-11-08,48470.98828125,48672.94140625,48049.75,48049.75,262930600
2016-11-09,47390.66015625,48450.37890625,46354.69140625,48450.37890625,511336300
2016-11-10,45224.37890625,48124.51171875,45209.8984375,47389.75,603648700
2016-11-11,44978.25,45743.48828125,44737.96875,45229.1796875,465050100
2016-11-14,45306.48046875,45956.25,44995.87890625,44995.96875,320482300
2016-11-15,45023.6484375,46142.19921875,45023.6484375,45305.96875,317715500
2016-11-16,44901.5703125,45406.2109375,44788.12890625,45039.078125,363921900
2016-11-17,44919.69140625,45315.109375,44843.55859375,44901.671875,251604800
2016-11-18,44364.171875,44940.890625,43998.98046875,44921.0390625,290536200
2016-11-22,44838.76171875,44966.62109375,44367.05078125,44367.05078125,220572200
2016-11-23,45184.078125,45197.3203125,44555.80078125,44874.48828125,238095600
2016-11-24,45265.8984375,45421.75,45201.5703125,45250.3984375,43678400
2016-11-25,45357.8515625,45509.94140625,45107.328125,45268.390625,118200300
2016-11-28,45470.609375,45514.12890625,45127.7109375,45360.0703125,176602800
2016-11-29,45372.19140625,45504.7109375,45268.87890625,45480.96875,209025300
2016-11-30,45315.9609375,45654.53125,45027.0703125,45373.53125,617292700
2016-12-01,44884.859375,45567.44140625,44865.98046875,45314.0390625,238173300
2016-12-02,44555.26171875,45018.28125,44471.83984375,44885.75,208623900
2016-12-05,44937.30078125,45085.28125,44555.26171875,44555.26171875,245242600
2016-12-06,45103.21875,45153.05859375,44850.87109375,44938.1015625,253429500
2016-12-07,45609.8984375,45644.4296875,45111.859375,45116.3515625,210228800
2016-12-08,46360.23046875,46365.671875,45532.41015625,45611.05078125,219310900
2016-12-09,46913.46875,46955.51171875,46166.7890625,46359.12109375,242023400
2016-12-13,46870.23828125,47241.12890625,46370.03125,46916.19140625,256757500
2016-12-14,46220.5390625,46901.53125,45962.66015625,46870.640625,246953200
2016-12-15,45871.9609375,46235.1796875,45863.96875,46220.23828125,200804200
2016-12-16,45121.390625,45937.109375,45099.73046875,45871.76953125,377753600
2016-12-19,44895.2890625,45265.78125,44875.6796875,45121.19140625,134561800
2016-12-20,44930.26953125,45266.421875,44761.96875,44894.69140625,194329900
2016-12-21,44983.03125,45110.80859375,44817.30078125,44936.7890625,138917900
2016-12-22,45008.078125,45041.421875,44568.26953125,44982.4296875,130553400
2016-12-23,45173.5390625,45263.23046875,44922.28125,45016.6484375,62035500
2016-12-26,44989.578125,45219.3515625,44862.44921875,45219.3515625,11005500
2016-12-27,45299.671875,45329.26171875,44938.73828125,44989.578125,88289700
2016-12-28,45563.1796875,45619.83984375,45257.71875,45301.19921875,85768300
2016-12-29,45909.30859375,46025.6484375,45549.390625,45564.51953125,95022800
2016-12-30,45642.8984375,45986.2890625,45374.41015625,45910.44140625,81280000
2017-01-02,45695.1015625,45792.4609375,45593.26171875,45642.80078125,6765800
2017-01-03,46123.359375,46444.71875,45690.4609375,45698.9296875,164938800
2017-01-04,46587.73828125,46587.73828125,46068.828125,46123.359375,215385900
2017-01-05,46719.98828125,46767.37109375,46285.87890625,46586.03125,237288300
2017-01-06,46071.5703125,46731.8984375,46027.1015625,46721.69921875,201371200
2017-01-09,45553.51171875,46153.03125,45314.578125,46072.37890625,166659200
2017-01-10,45886.26953125,45924.51171875,45531.0390625,45585.48828125,214548500
2017-01-11,45933.6484375,46085.78125,45550.1015625,45886.1796875,171732400
2017-01-12,46060.98046875,46265.1484375,45805.5,45935.55078125,169284400
2017-01-13,46182.4296875,46438.80078125,46039.78125,46070.69140625,191700300
2017-01-16,45740.37890625,46229.62890625,45714.58984375,46184.12890625,31053900
2017-01-17,46002.55859375,46159.01171875,45720.671875,45721.0,232426300
2017-01-18,46360.62890625,46390.21875,46006.6015625,46006.6015625,225709700
2017-01-19,46265.26171875,46423.58984375,46059.30859375,46360.828125,156992500
2017-01-20,46331.6015625,46396.21875,46021.578125,46262.5390625,183672000
2017-01-23,47116.23828125,47141.0,46170.87109375,46325.0703125,152887800
2017-01-24,48149.609375,48220.0390625,47118.1484375,47121.1796875,312544300
2017-01-25,48275.828125,48632.51171875,47870.87109375,48152.62890625,216645400
2017-01-26,47611.44140625,48284.30859375,47372.48046875,48280.46875,188538300
2017-01-27,47421.12109375,47695.48046875,47192.03125,47632.578125,144332700
2017-01-30,47091.8203125,47611.44140625,46761.5,47611.44140625,157388900
2017-01-31,47001.05859375,47243.0703125,46928.48046875,47131.23046875,215251100
2017-02-01,47009.51171875,47225.23046875,46780.03125,47001.96875,170788000
2017-02-02,47095.0703125,47111.78125,46909.30859375,47019.8515625,205641600
2017-02-03,47225.1015625,47228.6484375,46801.76953125,47097.51171875,249033100
2017-02-07,46728.94921875,47258.2890625,46614.37890625,47228.0390625,301439900
2017-02-08,46921.7109375,46985.23046875,46639.2109375,46767.21875,209949100
2017-02-09,47232.171875,47461.6015625,46850.08984375,46907.01171875,221049300
2017-02-10,47797.0390625,48115.98046875,47123.03125,47222.94140625,185209300
2017-02-13,47661.69140625,47904.73046875,47391.48046875,47798.37890625,174042300
2017-02-14,47391.23828125,47687.12890625,47279.4296875,47650.23828125,176260000
2017-02-15,47161.73828125,47467.140625,47059.6796875,47392.44140625,191221800
2017-02-16,47293.8515625,47444.26953125,47121.1796875,47165.6796875,181649900
2017-02-17,47164.7109375,47386.171875,47005.421875,47303.05078125,134640300
2017-02-20,47083.80859375,47612.2890625,47046.3984375,47159.16015625,32289600
2017-02-21,47614.98828125,47638.51953125,47089.12109375,47089.12109375,207680600
2017-02-22,47195.6796875,47654.640625,47194.578125,47614.69140625,171101300
2017-02-23,47206.359375,47482.609375,46842.4609375,47197.19140625,231075800
2017-02-24,47047.671875,47215.55859375,46587.9296875,47215.55859375,183014900
2017-02-27,47349.19921875,47464.25,46859.5703125,47040.94921875,181160700
2017-02-28,46856.7890625,47378.08984375,46692.46875,47352.44921875,252313600
2017-03-01,47467.94921875,47564.3515625,46853.671875,46853.671875,103945000
2017-03-02,47288.66015625,47513.8984375,46960.25,47458.69140625,179056300
2017-03-03,47414.5703125,47574.46875,47001.98828125,47292.30078125,117699900
2017-03-06,47883.58984375,47891.328125,46995.609375,47407.2890625,144357200
2017-03-07,47419.16015625,47886.23828125,47406.2890625,47883.98828125,170254200
2017-03-08,47539.21875,47688.76953125,47298.71875,47410.19140625,132044700
2017-03-09,47263.921875,47563.37109375,47072.5703125,47538.8203125,158224100
2017-03-10,47102.30859375,47481.69140625,47026.37109375,47262.91015625,135301800
2017-03-13,47101.140625,47288.75,46965.87890625,47093.30859375,131668800
2017-03-14,47087.96875,47181.23046875,46597.578125,47095.78125,197609500
2017-03-15,47470.30859375,47583.6015625,46905.53125,47087.76953125,177679600
2017-03-16,48056.55859375,48333.609375,47333.7890625,47496.0,234060900
2017-03-17,48593.44140625,48626.12109375,47924.890625,48066.8203125,462274100
2017-03-21,48589.05078125,49240.08984375,48422.83984375,48593.640625,249738100
2017-03-22,48487.30078125,48612.609375,48201.80859375,48592.26171875,185331900
2017-03-23,48676.91015625,48898.3203125,48437.0,48481.1484375,173728800
2017-03-24,49083.8515625,49105.30859375,48595.078125,48675.19140625,179849100
2017-03-27,49312.98828125,49312.98828125,48743.80859375,49082.890625,175804400
2017-03-28,49339.23828125,49523.94140625,49194.71875,49310.76953125,162489000
2017-03-29,49036.51953125,49335.80859375,48941.48046875,49335.80859375,183677000
2017-03-30,48863.30078125,49068.48046875,48719.62890625,49032.08984375,141769700
2017-03-31,48541.55859375,48925.44140625,48541.55859375,48863.12890625,242628600
2017-04-03,48819.0703125,49008.80859375,48461.26953125,48549.23046875,109546900
2017-04-04,49342.76953125,49342.80078125,48791.4296875,48799.08984375,188628300
2017-04-05,49207.609375,49560.8984375,49118.2109375,49339.23828125,214897000
2017-04-06,49012.421875,49313.73046875,48838.8515625,49207.76953125,132479200
2017-04-07,49343.640625,49393.25,48887.078125,49012.21875,116844000
2017-04-10,49540.26171875,49590.8515625,49163.30859375,49339.6484375,81926600
2017-04-11,49637.9296875,49753.5703125,49102.80078125,49540.76171875,112015500
2017-04-12,48955.8203125,49661.078125,48871.890625,49607.2890625,126062800
2017-04-17,49011.55859375,49222.9609375,48844.01171875,48969.0390625,112262300
2017-04-18,48762.53125,49012.58984375,48335.98046875,49010.21875,121096300
2017-04-19,48873.83984375,48975.44140625,48727.6796875,48765.55078125,163694400
2017-04-20,49144.9609375,49145.91015625,48741.05078125,48882.26953125,166674700
2017-04-21,48967.828125,49131.73828125,48727.73828125,49131.73828125,106781600
2017-04-24,49413.26171875,49504.58984375,48969.69140625,48969.69140625,123272600
2017-04-25,49808.05078125,49821.46875,49411.33984375,49411.33984375,226004300
2017-04-26,49565.16015625,50147.0390625,49130.5,49807.8515625,246934400
2017-04-27,49440.9609375,49649.46875,49184.12109375,49552.3203125,235220900
2017-04-28,49261.328125,49478.26171875,49151.8984375,49444.98046875,136204200
2017-05-02,49588.83984375,49646.609375,49220.76953125,49260.12109375,182421900
2017-05-03,49099.98046875,49757.9609375,49070.30859375,49540.30078125,146088900
2017-05-04,48998.109375,49312.0703125,48867.37109375,49098.05859375,157693300
2017-05-05,49485.671875,49485.73828125,48963.87890625,48994.6796875,150140300
2017-05-08,49505.859375,49582.48828125,49346.08984375,49491.421875,108643700
2017-05-09,49939.46875,50026.55859375,49503.0390625,49503.0390625,163963400
2017-05-10,49930.5390625,50154.328125,49850.1015625,49941.48828125,177816000
2017-05-11,49530.53125,49937.0703125,49458.05859375,49930.73046875,183473200
2017-05-12,49426.078125,49566.94921875,49228.5390625,49531.87109375,156644800
2017-05-15,49678.9609375,49733.5,49338.73046875,49433.94921875,161443500
2017-05-16,49459.62109375,49817.30859375,49404.62890625,49680.1015625,224573600
2017-05-17,48747.94921875,49460.96875,48731.5390625,49457.8984375,210945200
2017-05-18,48322.23828125,48759.26171875,48146.0,48759.26171875,182504900
2017-05-19,49067.46875,49172.6484375,48274.62109375,48322.23828125,201004300
2017-05-22,48943.4609375,49415.890625,48793.23828125,49056.73046875,160767200
2017-05-23,49042.51953125,49119.8984375,48771.76953125,48945.98046875,141986200
2017-05-24,49494.3984375,49581.98828125,49045.140625,49045.140625,153607000
2017-05-25,49410.921875,49696.98828125,49319.91015625,49502.26171875,132232600
2017-05-26,49688.26953125,49741.80859375,49195.26953125,49411.73046875,136585500
2017-05-29,49450.48046875,49701.28125,49332.55078125,49676.03125,29819000
2017-05-30,49277.94921875,49634.109375,49089.08984375,49452.19921875,100187200
2017-05-31,48788.44140625,49423.41015625,48749.9609375,49275.62890625,326841000
2017-06-01,49101.640625,49224.4609375,48774.91015625,48795.890625,153846600
2017-06-02,49317.37890625,49323.71875,48979.58984375,49100.8203125,124812800
2017-06-05,49592.48828125,49627.76171875,49120.671875,49244.26953125,127704500
2017-06-06,49218.62109375,49566.328125,49177.5390625,49566.328125,136711500
2017-06-07,49274.96875,49352.78125,49030.23828125,49194.21875,164520000
2017-06-08,49087.4609375,49327.41015625,49018.9609375,49302.66015625,144318700
2017-06-09,49081.73046875,49277.3203125,48993.26171875,49046.859375,151815100
2017-06-12,49128.76171875,49241.30078125,48952.75,49073.66015625,133197100
2017-06-13,49026.828125,49203.359375,48978.171875,49183.46875,131764600
2017-06-14,49291.03125,49378.69140625,49022.5390625,49121.19921875,164855600
2017-06-15,49139.69921875,49233.8515625,48861.25,49233.2109375,133082700
2017-06-16,49221.03125,49348.76953125,48870.1015625,49134.1015625,593987200
2017-06-19,49169.5703125,49473.671875,48935.1484375,49231.609375,191879900
2017-06-20,49033.05078125,49226.76171875,48937.66015625,49209.62109375,143138700
2017-06-21,48983.44921875,49203.640625,48895.359375,48958.7109375,166623100
2017-06-22,49017.4296875,49053.0,48827.55859375,48933.078125,103695200
2017-06-23,48980.78125,49139.05859375,48873.8515625,48938.37890625,143601700
2017-06-26,49165.671875,49267.6796875,48770.98046875,48806.0390625,131662800
2017-06-27,49087.73828125,49207.87109375,48944.08984375,49179.01171875,145364500
2017-06-28,49340.109375,49391.37890625,49067.78125,49129.55859375,137700100
2017-06-29,49198.12109375,49428.55078125,49001.78125,49380.5,120393200
2017-06-30,49857.48828125,49901.51171875,49204.76171875,49255.078125,155618300
2017-07-03,50109.16015625,50312.01953125,49790.53125,49831.53125,0
2017-07-04,50041.578125,50236.44140625,49925.30859375,49999.0703125,34976100
2017-07-05,50300.80859375,50339.62890625,50022.1484375,50065.51953125,145164100
2017-07-06,50015.671875,50274.91015625,49884.1796875,50268.94921875,172669200
2017-07-07,50059.01953125,50141.1796875,49696.96875,50042.53125,146952700
2017-07-10,50616.80859375,50661.75,49975.73046875,50058.69921875,240466000
2017-07-11,50510.23046875,50869.1015625,50344.78125,50545.51171875,235508600
2017-07-12,50809.76953125,51103.8515625,50440.69921875,50847.94921875,305419100
2017-07-13,50968.76171875,51014.140625,50704.19921875,50820.8515625,251189500
2017-07-14,51162.23046875,51298.1015625,50824.12890625,50966.87109375,152130500
2017-07-17,51332.2890625,51364.19140625,50950.62109375,51141.62890625,133054500
2017-07-18,51099.7109375,51230.69921875,50990.671875,51228.359375,151362300
2017-07-19,51086.9296875,51363.98828125,50890.25,51172.91015625,167862000
2017-07-20,51144.140625,51264.51171875,51082.6796875,51163.2109375,100472900
2017-07-21,51564.62109375,51641.37890625,51165.609375,51180.0390625,149084000
2017-07-24,51665.6484375,51743.62109375,51205.5390625,51526.390625,125005500
2017-07-25,51713.37890625,51772.37109375,51524.23046875,51590.48046875,143946000
2017-07-26,51600.26171875,51765.94140625,51476.44921875,51537.30078125,192256600
2017-07-27,51257.359375,51660.78125,51172.83984375,51545.921875,153929200
2017-07-28,51213.6015625,51320.51171875,50895.5390625,51228.421875,165951000
2017-07-31,51011.87109375,51335.98828125,50926.12890625,51219.578125,213736100
2017-08-01,51195.01171875,51432.76953125,51141.26953125,51282.19140625,629598700
2017-08-02,51200.12890625,51484.76953125,51105.46875,51153.859375,179747000
2017-08-03,51293.0703125,51343.28125,51088.96875,51198.140625,175285500
2017-08-04,51328.2890625,51415.609375,51181.7109375,51240.671875,155322100
2017-08-07,51389.26953125,51572.55078125,51300.21875,51300.21875,133153500
2017-08-08,51328.76171875,51722.05859375,51305.76953125,51331.7890625,146993500
2017-08-09,51237.5,51395.0390625,51081.05859375,51263.01171875,125019700
2017-08-10,50906.83984375,51248.01171875,50618.23046875,51235.26953125,179396000
2017-08-11,50645.1015625,50912.76171875,50605.87890625,50895.921875,199106900
2017-08-14,51167.46875,51231.328125,50680.4296875,50680.4296875,139978700
2017-08-15,51339.2890625,51362.078125,51151.87109375,51225.5390625,134147000
2017-08-16,51156.671875,51431.91015625,50983.44140625,51331.8984375,198658100
2017-08-17,50994.1796875,51203.359375,50889.5,51176.66015625,136171100
2017-08-18,51075.4609375,51254.2890625,50836.421875,50930.5,135822600
2017-08-21,51241.109375,51277.6796875,50985.51171875,51131.55078125,109529300
2017-08-22,51332.98046875,51448.640625,51194.23828125,51194.23828125,152329200
2017-08-23,51280.171875,51332.44140625,51160.921875,51276.140625,138524100
2017-08-24,51470.05859375,51558.55859375,51205.23828125,51205.23828125,180319600
2017-08-25,51373.23046875,51620.83984375,51331.44140625,51521.1796875,128086300
2017-08-28,51266.71875,51588.71875,51025.19921875,51429.62109375,122653200
2017-08-29,51313.66015625,51345.8984375,51054.5703125,51200.62109375,141063100
2017-08-30,51193.51953125,51350.078125,51003.9296875,51312.8984375,199725700
2017-08-31,51210.48046875,51232.48828125,51034.26953125,51155.58984375,224059000
2017-09-01,51080.8515625,51370.8203125,51001.30078125,51271.3203125,118139900
2017-09-04,50825.76953125,51041.890625,50771.578125,51015.91015625,16093200
2017-09-05,50301.390625,50969.73828125,50257.73828125,50947.671875,149343800
2017-09-06,50515.6015625,50664.66015625,50232.91015625,50341.859375,177044400
2017-09-07,50249.12109375,50700.96875,50094.94921875,50533.5390625,149093400
2017-09-08,50083.80078125,50308.5390625,49865.7890625,50192.73046875,133848000
2017-09-11,50359.3203125,50443.46875,50133.5390625,50135.921875,127838400
2017-09-12,50480.9609375,50699.5,50385.5,50385.80078125,140528800
2017-09-13,50164.87890625,50542.44921875,50121.640625,50519.9296875,194843900
2017-09-14,50107.859375,50225.12109375,50017.37109375,50094.8984375,150641300
2017-09-15,49921.83984375,50134.44140625,49779.08984375,50058.62109375,499430300
2017-09-18,50258.421875,50326.55859375,49953.140625,49953.140625,144074900
2017-09-19,50265.4609375,50364.828125,50117.7109375,50327.3203125,99938300
2017-09-20,50363.94921875,50430.37890625,50173.51953125,50312.7890625,116644300
2017-09-21,50545.75,50636.328125,50156.76171875,50385.33984375,134819900
2017-09-22,50313.51171875,50541.5,50282.19140625,50487.9296875,93499900
2017-09-25,50368.171875,50436.0703125,50161.2890625,50302.12890625,120287900
2017-09-26,50359.46875,50472.37890625,50261.26953125,50462.578125,155382100
2017-09-27,50169.12890625,50549.7890625,49778.80078125,50336.3203125,167806500
2017-09-28,50137.0,50228.12890625,49920.2109375,50063.828125,155395900
2017-09-29,50346.05859375,50605.6015625,50064.8203125,50064.8203125,149603900
2017-10-02,50501.16015625,50629.16015625,50350.87109375,50499.171875,123720100
2017-10-03,50615.2890625,50741.48828125,50453.76171875,50593.5390625,123088100
2017-10-04,50565.2890625,50750.30078125,50511.0390625,50653.53125,114875900
2017-10-05,50480.921875,50909.48046875,50425.08984375,50631.359375,144114000
2017-10-06,50302.9609375,50616.6484375,50257.55078125,50513.171875,129524300
2017-10-09,50071.94140625,50584.26953125,49980.51171875,50584.26953125,132773400
2017-10-10,49982.94140625,50230.44140625,49888.3984375,50141.12109375,175413500
2017-10-11,50139.6796875,50257.6484375,49904.87890625,50011.5,207912300
2017-10-12,49962.7890625,50306.078125,49858.26171875,50148.62109375,216997100
2017-10-13,49981.94140625,50224.98046875,49914.9609375,50040.3984375,212377900
2017-10-16,49721.01171875,50230.0390625,49673.21875,50029.8203125,198365500
2017-10-17,50140.51953125,50208.421875,49544.890625,49760.7890625,301873400
2017-10-18,49938.98046875,50135.8203125,49887.1796875,50112.5,194501600
2017-10-19,50000.25,50057.01171875,49760.76171875,49914.1484375,157806100
2017-10-20,49988.7109375,50582.62109375,49896.62890625,50207.87109375,233690000
2017-10-23,49548.12890625,50109.7109375,49509.55859375,50033.55078125,144763200
2017-10-24,50157.21875,50194.73828125,49612.8515625,49612.8515625,186209300
2017-10-25,48876.4609375,50166.46875,48804.03125,50166.46875,278608900
2017-10-26,48986.83984375,49388.76171875,48954.30078125,49004.30078125,229442800
2017-10-27,49209.578125,49327.3203125,48829.73828125,49011.640625,208165100
2017-10-30,48855.26953125,49252.55078125,48779.0390625,49250.7890625,119903600
2017-10-31,48625.53125,48958.83984375,48579.6796875,48929.26171875,164308100
2017-11-01,48334.44921875,48829.828125,48261.078125,48700.16015625,193082500
2017-11-03,48534.83984375,48584.21875,47824.96875,48334.87109375,222776400
2017-11-06,48967.01171875,49061.4296875,48281.12109375,48623.41015625,218478100
2017-11-07,49004.51953125,49276.46875,48879.48828125,48946.12890625,202635000
2017-11-08,48835.69140625,49058.83984375,48806.55859375,49001.94140625,119182000
2017-11-09,48713.51171875,48927.44921875,48633.76953125,48731.87890625,178080300
2017-11-10,48028.30078125,48717.359375,47972.7890625,48659.328125,201937200
2017-11-13,48002.4296875,48103.078125,47662.37890625,48013.1015625,236423700
2017-11-14,47873.6484375,48044.6015625,47659.140625,47999.609375,157546600
2017-11-15,47690.80078125,47958.12109375,47471.12890625,47853.828125,167190500
2017-11-16,47747.69140625,48025.859375,47711.51953125,47736.58984375,140725300
2017-11-17,47857.140625,48107.71875,47597.76953125,47780.359375,145768900
2017-11-21,48185.7109375,48258.828125,47750.73046875,47831.62109375,189565500
2017-11-22,48196.890625,48453.19140625,47933.19140625,48263.12890625,174291000
2017-11-23,48136.23828125,48246.94140625,48036.390625,48208.921875,23136100
2017-11-24,47941.87890625,48210.9609375,47662.33984375,48199.8203125,63562100
2017-11-27,47275.3203125,47887.12109375,47221.46875,47874.69921875,166142700
2017-11-28,47229.16015625,47494.19921875,47108.76953125,47312.30859375,191636500
2017-11-29,47622.9296875,47681.890625,46960.890625,47298.30859375,208686500
2017-11-30,47092.44140625,47639.87890625,47003.0703125,47618.328125,361497100
2017-12-01,47265.30859375,47401.51171875,46936.6015625,47098.359375,181459100
2017-12-04,47161.3203125,47514.91015625,46993.75,47289.46875,144122800
2017-12-05,47462.7890625,47525.640625,47014.109375,47228.1015625,128582500
2017-12-06,46973.30078125,47465.41015625,46933.2890625,47465.41015625,190466400
2017-12-07,46987.01171875,47276.87109375,46949.80078125,47016.28125,194477400
2017-12-08,47572.859375,47632.9609375,47012.03125,47012.03125,174013700
2017-12-11,47699.0390625,47843.55078125,47407.73046875,47407.73046875,136680600
2017-12-13,48276.71875,48316.96875,47826.1484375,47831.578125,324446200
2017-12-14,48222.37890625,48537.01953125,48091.3984375,48297.30078125,291390000
2017-12-15,48081.55078125,48360.421875,47930.80859375,48244.5,465940300
2017-12-18,48634.5390625,48733.578125,48071.01953125,48082.8203125,251441800
2017-12-19,48403.03125,48792.23828125,48368.8984375,48636.51953125,227430800
2017-12-20,48390.390625,48536.73046875,48191.28125,48449.23828125,181091900
2017-12-21,48503.30859375,48767.23828125,48402.3203125,48418.08984375,128519800
2017-12-22,48387.9296875,48590.5703125,48232.83984375,48429.96875,100387900
2017-12-26,48451.328125,48801.28125,48198.171875,48473.30859375,67864400
2017-12-27,48652.55859375,48810.87109375,48425.7109375,48470.87109375,66501800
2017-12-28,48861.94140625,48999.5,48640.109375,48659.4296875,65258400
2017-12-29,49354.421875,49388.98046875,48874.16015625,48880.390625,85909000
2018-01-02,50033.94921875,50083.01953125,49328.6015625,49376.26171875,103387800
2018-01-03,49782.23046875,50093.30859375,49735.91015625,50093.30859375,140912700
2018-01-04,49744.62109375,50128.46875,49704.25,49800.359375,177259000
2018-01-05,49887.73828125,50079.03125,49712.5390625,49929.51953125,151467900
2018-01-08,49995.5703125,50233.62109375,49891.0703125,49916.5703125,145968200
2018-01-09,49701.37109375,50162.75,49543.2109375,50002.03125,203050800
2018-01-10,48785.25,49741.01953125,48722.26953125,49666.23046875,173520200
2018-01-11,48799.390625,49026.05078125,48408.75,48840.16015625,197594600
2018-01-12,49135.91015625,49429.03125,48521.609375,48764.91015625,170141300
2018-01-15,49387.28125,49455.30859375,49121.8515625,49183.58984375,26871200
2018-01-16,49491.71875,49612.21875,49290.12109375,49292.37890625,156009100
2018-01-17,49732.30078125,49804.9609375,49450.8515625,49499.23046875,164355000
2018-01-18,49911.96875,49958.328125,49620.16015625,49681.1796875,128052800
2018-01-19,49695.55859375,49987.73046875,49660.01171875,49883.640625,165177900
2018-01-22,49974.48046875,50034.5,49709.19921875,49711.51171875,155881700
2018-01-23,50260.25,50306.87890625,49884.91015625,50030.55859375,164040100
2018-01-24,50746.9296875,50879.609375,50145.41015625,50178.1796875,203081600
2018-01-25,50777.8984375,51100.03125,50625.55859375,50821.828125,211170500
2018-01-26,51065.48828125,51107.51171875,50340.12890625,50772.37109375,201663100
2018-01-29,50636.3203125,51121.23046875,50520.28125,51081.46875,153099700
2018-01-30,50382.859375,50556.41015625,49928.62109375,50461.5390625,131191800
2018-01-31,50456.171875,50566.66015625,50127.01171875,50385.94921875,193869800
2018-02-01,50591.1484375,50926.9609375,50420.76171875,50425.83984375,173045000
2018-02-02,50395.828125,50513.30859375,49900.46875,50388.0,137153500
2018-02-06,49304.94140625,49709.921875,48681.9609375,49023.328125,241970300
2018-02-07,48976.44921875,49504.98046875,48853.69140625,49247.640625,185614500
2018-02-08,47862.1015625,49054.75,47726.12890625,49054.75,253048900
2018-02-09,47799.08984375,48139.8515625,46985.80859375,47998.80078125,181847500
2018-02-12,47830.48828125,48234.73828125,47504.6015625,47950.62890625,136157700
2018-02-13,47926.73046875,47995.859375,47675.48046875,47892.46875,132844000
2018-02-14,48400.75,48560.26171875,47758.9609375,47871.58984375,151998500
2018-02-15,48808.390625,48984.21875,48378.01953125,48547.8515625,190985100
2018-02-16,48882.78125,49378.25,48621.12109375,48831.25,131791700
2018-02-19,48928.48046875,49198.140625,48820.53125,48886.96875,16629600
2018-02-20,48685.19140625,48955.16015625,48492.19140625,48913.12109375,140908500
2018-02-21,48535.58984375,48930.69921875,48431.96875,48749.05078125,148051100
2018-02-22,48969.640625,49086.62890625,48538.8984375,48552.2890625,174797900
2018-02-23,48643.4296875,49176.30859375,48488.1796875,49176.30859375,118771200
2018-02-26,48463.44140625,48713.98828125,48240.3203125,48662.2890625,142142400
2018-02-27,47970.19140625,48532.55078125,47886.359375,48481.8984375,162311300
2018-02-28,47437.9296875,48062.12890625,47231.7890625,48055.390625,268429100
2018-03-01,47599.421875,47800.55859375,47157.109375,47470.671875,180647800
2018-03-02,47548.1015625,47683.48828125,47034.8203125,47513.44140625,135948400
2018-03-05,47720.91015625,47827.3984375,47217.98046875,47628.80859375,148487500
2018-03-06,47884.62890625,48233.3515625,47617.75,47825.46875,170956000
2018-03-07,47662.12109375,47831.921875,47529.76953125,47815.69921875,167836000
2018-03-08,48240.0,48285.76953125,47696.3203125,47710.2109375,161788800
2018-03-09,48556.44921875,48809.3203125,48208.75,48242.62109375,157745200
2018-03-12,48671.2890625,48983.9296875,48521.98046875,48592.8515625,155969600
2018-03-13,48557.01171875,48896.671875,48471.26171875,48652.98828125,181292600
2018-03-14,48156.44140625,48608.30078125,48096.80859375,48572.48828125,130466800
2018-03-15,47817.05078125,48508.26171875,47778.921875,48107.859375,144253200
2018-03-16,47477.578125,47920.37890625,47365.19921875,47833.390625,626242600
2018-03-20,47076.51171875,47360.51171875,46987.30859375,47342.37890625,204182100
2018-03-21,47521.83984375,47606.37890625,46896.78125,47078.859375,243628900
2018-03-22,47361.0390625,47566.48828125,47152.4609375,47457.9296875,174611400
2018-03-23,46515.9296875,47638.5,46450.6796875,47510.58984375,219398300
2018-03-26,46858.4609375,46938.9296875,45895.1015625,46621.05078125,147884800
2018-03-27,46793.578125,47045.19140625,46727.21875,46876.46875,136838600
2018-03-28,46124.8515625,46876.609375,46041.390625,46860.83984375,222370200
2018-04-02,45826.640625,46589.62890625,45785.41015625,46124.8515625,123635900
2018-04-03,46684.05859375,46753.390625,45868.0390625,45940.640625,179119300
2018-04-04,47457.4609375,47521.73046875,46320.05078125,46541.1015625,204725400
2018-04-05,47951.75,48172.94140625,47418.44921875,47438.26171875,171675100
2018-04-06,47926.109375,48091.19921875,47655.4296875,47863.6015625,141523700
2018-04-09,48058.9609375,48307.359375,48000.921875,48008.8984375,163936300
2018-04-10,48331.51171875,48490.7890625,48099.328125,48099.87890625,197041800
2018-04-11,48532.140625,48571.41015625,48186.51953125,48253.83984375,158662900
2018-04-12,48782.55859375,48828.05078125,48335.53125,48550.01171875,153658600
2018-04-13,48768.30078125,48828.8984375,48560.26171875,48817.171875,135504800
2018-04-16,48434.390625,48840.3515625,48378.3515625,48750.48828125,135388400
2018-04-17,48933.609375,48965.94140625,48340.0390625,48420.51171875,191182900
2018-04-18,49090.73828125,49187.55859375,48964.328125,49032.921875,185636800
2018-04-19,48745.28125,49193.05078125,48574.25,48881.6796875,186815800
2018-04-20,48431.578125,48958.390625,48209.5390625,48815.328125,145440100
2018-04-23,48442.21875,48995.80078125,48350.3984375,48366.078125,154739600
2018-04-24,48046.80078125,48597.30859375,47915.94140625,48458.51953125,138630000
2018-04-25,48058.2109375,48252.921875,47884.640625,48028.859375,148755800
2018-04-26,48297.7109375,48407.8203125,47907.55078125,48012.6796875,199167500
2018-04-27,48284.609375,48466.01171875,48140.55859375,48222.0390625,181149200
2018-04-30,48358.16015625,48504.44140625,48236.6484375,48275.640625,158828400
2018-05-02,47809.98046875,48496.08984375,47781.0390625,48318.03125,224921700
2018-05-03,47094.12890625,47833.23828125,47030.859375,47833.23828125,227437900
2018-05-04,46992.171875,47164.87109375,46741.71875,47090.76171875,143106300
2018-05-07,46474.69921875,47078.9296875,46424.26171875,47013.55078125,130076500
2018-05-08,46719.51171875,46747.8203125,46311.48828125,46458.0,151576700
2018-05-09,46294.4296875,46815.26171875,46162.23046875,46747.828125,149268500
2018-05-10,46551.55078125,46931.48828125,46280.05078125,46280.05078125,162391500
2018-05-11,46728.921875,46876.9609375,46255.19140625,46634.69921875,112927100
2018-05-14,46519.2890625,46842.51953125,46488.71875,46724.69140625,147800800
2018-05-15,46258.9609375,46537.51953125,45959.12109375,46463.859375,209492200
2018-05-16,46419.76953125,46507.2109375,46197.3203125,46267.01953125,130694200
2018-05-17,45787.8984375,46433.140625,45746.8984375,46422.3515625,141663500
2018-05-18,45666.76953125,45810.87890625,45364.91015625,45731.62890625,261968200
2018-05-21,45305.01953125,45999.58984375,45289.41015625,45707.30859375,139278500
2018-05-22,45600.87109375,45640.2890625,45104.80859375,45384.83984375,145395600
2018-05-23,45776.69140625,45985.828125,45226.5703125,45530.26953125,137643600
2018-05-24,45433.08984375,45799.05078125,45363.98046875,45743.1484375,113011500
2018-05-25,45091.98828125,45775.078125,45055.921875,45503.4609375,154111900
2018-05-28,44851.05078125,45322.48828125,44795.359375,45071.1484375,33191800
2018-05-29,44647.37109375,45157.1484375,44582.94140625,44866.19921875,169415800
2018-05-30,44715.87890625,44956.37890625,44436.140625,44635.28125,195730500
2018-05-31,44662.55078125,44843.41015625,44429.359375,44666.91015625,696609200
2018-06-01,45013.12109375,45155.62109375,44531.80078125,44692.7890625,115933300
2018-06-04,45243.98046875,45344.16015625,45016.3203125,45024.9609375,136759300
2018-06-05,45130.69921875,45555.51953125,45073.7109375,45206.78125,174165900
2018-06-06,45181.8203125,45295.98046875,45115.5390625,45192.48828125,132366900
2018-06-07,45476.5703125,45508.44140625,44977.828125,45095.44921875,155293500
2018-06-08,45939.5390625,45990.1484375,45281.078125,45479.94921875,110956600
2018-06-11,46301.140625,46402.41015625,45888.23828125,45903.890625,159921600
2018-06-12,46660.75,46838.25,46274.19921875,46385.890625,157456500
2018-06-13,46760.578125,47170.578125,46579.73046875,46579.73046875,185514000
2018-06-14,47197.23828125,47282.8515625,46601.3515625,46620.44921875,195121600
2018-06-15,46938.8203125,47202.359375,46584.44921875,47139.26953125,611452000
2018-06-18,46660.87109375,46917.48046875,46267.75,46917.48046875,123654900
2018-06-19,46488.37890625,46601.4609375,46238.76953125,46389.41015625,149355700
2018-06-20,46759.41015625,46883.8515625,46515.87109375,46518.2890625,164021300
2018-06-21,46456.91015625,46753.19140625,46419.390625,46627.76171875,157877500
2018-06-22,46737.640625,46777.66015625,46285.0390625,46472.62890625,126571900
2018-06-25,46747.8515625,47059.921875,46501.23828125,46832.58984375,143640500
2018-06-26,46908.94140625,46961.46875,46569.01171875,46818.8984375,145397600
2018-06-27,46874.4296875,47026.359375,46690.390625,46874.3515625,155250800
2018-06-28,47031.26953125,47250.55078125,46649.9296875,46849.80078125,164828300
2018-06-29,47663.19921875,47705.5703125,47021.7109375,47025.69921875,186005000
2018-07-02,46653.51953125,47695.640625,46566.2890625,47684.4296875,130376900
2018-07-03,47053.890625,47248.73046875,46652.8203125,46732.80859375,123660200
2018-07-04,47318.51953125,47384.7109375,46877.328125,46904.83984375,27786300
2018-07-05,48562.6484375,48617.25,47008.0,47319.7109375,195996000
2018-07-06,48981.41015625,49277.7890625,48398.05859375,48539.5703125,186006200
2018-07-09,49235.80859375,49477.30859375,48848.96875,49036.5703125,110589400
2018-07-10,48990.921875,49427.53125,48747.328125,49277.01171875,199193400
2018-07-11,49025.1484375,49058.25,48689.109375,48890.48828125,153113200
2018-07-12,48696.30078125,49081.37890625,48663.62890625,49081.37890625,167303600
2018-07-13,48406.01171875,48700.76953125,48327.3203125,48692.859375,157090100
2018-07-16,48454.2109375,48555.26171875,48052.87890625,48187.578125,104742500
2018-07-17,48704.62890625,48744.671875,48264.8515625,48459.23828125,136881700
2018-07-18,49002.76953125,49119.671875,48659.7890625,48710.8984375,119118000
2018-07-19,48747.7890625,49028.48828125,48607.5390625,48893.12109375,125988900
2018-07-20,48908.23828125,48945.98828125,48397.25,48826.1015625,133637800
2018-07-23,48850.9296875,49023.7109375,48691.25,48909.48828125,93642900
2018-07-24,49462.76953125,49576.87890625,48896.53125,48905.01171875,160356400
2018-07-25,49603.6484375,49993.69140625,49305.25,49621.80859375,152352300
2018-07-26,49438.23828125,50037.44140625,49322.87109375,49637.30078125,209954900
2018-07-27,49643.94140625,49825.37109375,49281.828125,49475.5703125,145631700
2018-07-30,49705.28125,49954.859375,49542.91015625,49635.8515625,141630900
2018-07-31,49698.01171875,50080.80078125,49582.4609375,49732.23828125,162236700
2018-08-01,49449.44140625,49786.71875,49394.66015625,49742.05859375,118712500
2018-08-02,49056.0390625,49364.140625,48880.2109375,49364.140625,116198200
2018-08-03,49302.5703125,49439.7109375,49183.73828125,49237.26953125,139429600
2018-08-06,49320.2109375,49403.58984375,49072.4296875,49373.6484375,75684900
2018-08-07,49963.87109375,50071.98828125,49411.37890625,49411.37890625,167824600
2018-08-08,49894.55859375,49987.171875,49670.48828125,49979.44921875,107393100
2018-08-09,49244.3984375,49957.0,49218.8515625,49931.51953125,126922900
2018-08-10,48383.58984375,49240.19140625,48109.0390625,49193.3515625,178191700
2018-08-13,48767.01953125,48902.12890625,48365.05078125,48383.73046875,96122300
2018-08-14,49096.12890625,49267.671875,48789.859375,48815.7109375,131514600
2018-08-15,48556.69140625,49054.23828125,48468.53125,49033.171875,112472600
2018-08-16,48059.05859375,48681.69140625,47970.0703125,48666.80078125,142089600
2018-08-17,48264.62890625,48308.98046875,47879.078125,48065.21875,128370700
2018-08-20,48785.48046875,48875.3984375,48245.83984375,48277.94140625,77718200
2018-08-21,49344.05078125,49430.03125,48731.37890625,48791.83984375,138129900
2018-08-22,49880.33984375,49910.87109375,49142.5390625,49282.859375,146164100
2018-08-23,49749.55859375,50093.359375,49636.91015625,49895.30859375,101141300
2018-08-24,49633.76953125,50088.671875,49519.96875,49719.87890625,59196300
2018-08-27,50416.26953125,50485.51171875,49789.19140625,49789.19140625,114161400
2018-08-28,50023.98046875,50603.390625,49810.0,50518.28125,134515200
2018-08-29,50187.48046875,50238.08984375,49927.8984375,50048.83984375,119419000
2018-08-30,49653.140625,50199.30078125,49280.91015625,50178.5703125,112498700
2018-08-31,49547.6796875,49900.1484375,49297.55859375,49540.08984375,161152700
2018-09-03,49488.48046875,49727.2109375,49421.05859375,49574.12109375,14746800
2018-09-04,48884.171875,49541.30078125,48805.16015625,49491.41015625,129616800
2018-09-05,48595.37109375,48944.6484375,48478.30078125,48757.87109375,138797600
2018-09-06,48711.8515625,48904.7109375,48553.05859375,48631.30078125,113931800
2018-09-07,48971.140625,48999.96875,48198.73828125,48602.26953125,112060300
2018-09-10,48848.73828125,49044.80859375,48571.69921875,49027.3984375,79593200
2018-09-11,48895.80078125,48918.30859375,48483.671875,48739.76171875,114311200
2018-09-12,49254.98046875,49347.359375,48687.80078125,48886.87890625,165457100
2018-09-13,49693.2109375,49761.890625,49133.37109375,49219.44921875,187567300
2018-09-14,49611.9296875,49841.5703125,49342.46875,49460.30859375,136086200
2018-09-17,49398.5703125,49810.05078125,49373.5390625,49553.87890625,75804000
2018-09-18,49661.828125,49843.58984375,49395.51171875,49412.0,104226700
2018-09-19,49590.7890625,49887.7890625,49536.3203125,49623.98046875,129421200
2018-09-20,49510.78125,49812.140625,49315.390625,49590.98046875,94879400
2018-09-21,49344.2890625,49732.3515625,49296.5703125,49483.0390625,543954900
2018-09-24,49417.21875,49486.71875,49032.76953125,49304.87890625,93047500
2018-09-25,49651.55078125,49721.19921875,49447.98046875,49447.98046875,88477300
2018-09-26,49606.0703125,49944.2890625,49555.12890625,49675.7109375,97265900
2018-09-27,49646.91015625,49964.96875,49492.69140625,49641.671875,105511000
2018-09-28,49504.16015625,49644.23828125,49347.51953125,49542.51171875,133890700
2018-10-01,49841.46875,50041.6015625,49547.8515625,49547.8515625,92809700
2018-10-02,49376.5,49924.62109375,49290.421875,49821.5703125,95809500
2018-10-03,49005.3515625,49487.5390625,48926.41015625,49442.98828125,172821200
2018-10-04,48683.26171875,49001.3984375,48461.21875,49001.3984375,139178200
2018-10-05,48052.8515625,48735.109375,48004.921875,48717.80078125,128342300
2018-10-08,48093.1015625,48183.28125,47869.23828125,48018.3515625,145536700
2018-10-09,48505.21875,48552.078125,47673.37890625,48040.87890625,115835800
2018-10-10,48136.1796875,48525.109375,48025.26953125,48506.9609375,147682600
2018-10-11,47558.23046875,48205.01171875,47478.58984375,48123.58984375,183060400
2018-10-12,47444.05078125,48078.44140625,47071.23828125,47656.859375,151846700
2018-10-15,47739.08984375,47963.48828125,47204.890625,47447.6015625,107365800
2018-10-16,48191.5703125,48299.23046875,47794.30859375,47830.80859375,120949800
2018-10-17,47887.94921875,48221.01171875,47778.828125,48221.01171875,130687000
2018-10-18,47024.4609375,48026.19140625,46929.421875,47823.33984375,158751900
2018-10-19,47437.44921875,47568.87890625,47103.4609375,47151.30078125,174772800
2018-10-22,46962.73828125,47672.921875,46657.8203125,47485.73828125,126751100
2018-10-23,46449.03125,46843.828125,46279.390625,46771.4609375,159801500
2018-10-24,45959.0390625,46640.171875,45898.37890625,46537.1796875,177518200
2018-10-25,46275.7109375,46626.078125,46019.26171875,46102.1484375,160539500
2018-10-26,45803.328125,46118.4609375,45677.26953125,46107.96875,210198000
2018-10-29,43879.12890625,45823.44921875,43779.5,45763.08984375,283226200
2018-10-30,43538.12109375,43932.87890625,43407.48828125,43849.51953125,265281800
2018-10-31,43942.55078125,44300.66015625,43604.78125,43626.6015625,350723200
2018-11-01,45446.828125,45585.01171875,43964.828125,43993.3515625,251785000
2018-11-05,46817.359375,46865.73828125,45432.98828125,45449.05078125,263564600
2018-11-06,46328.3515625,46975.1796875,46120.48828125,46797.87109375,198618300
2018-11-07,46917.3984375,46957.609375,46423.80078125,46423.80078125,207466200
2018-11-08,44190.25,46815.62109375,44019.7890625,46808.51953125,266730400
2018-11-09,44263.73828125,44539.87109375,42816.75,44277.30078125,293645100
2018-11-12,43310.01171875,44253.109375,43172.16015625,44098.9296875,175353100
2018-11-13,42421.328125,43308.76953125,42396.62109375,43212.69921875,210180300
2018-11-14,42343.9609375,43220.578125,42141.94140625,42474.8203125,243201200
2018-11-15,41450.6484375,42457.6796875,41284.0390625,42323.8203125,163402200
2018-11-16,42319.26953125,42460.859375,41368.58984375,41368.58984375,220705500
2018-11-20,41797.37109375,42505.140625,41705.71875,41885.62109375,196342700
2018-11-21,41499.9296875,42216.0390625,41456.66015625,41893.44140625,199105900
2018-11-22,41271.12109375,41542.71875,41055.80859375,41520.25,61405500
2018-11-23,41144.328125,41557.2109375,41084.44140625,41342.37109375,101392600
2018-11-26,39427.28125,41463.3515625,39271.55859375,41275.8203125,278486700
2018-11-27,39807.28125,40150.0,39470.0,39557.8984375,230570200
2018-11-28,40989.48046875,41040.58984375,39901.73046875,39939.80078125,296334900
2018-11-29,41913.44921875,41973.80078125,40985.26171875,41038.8515625,236661100
2018-11-30,41732.78125,41984.578125,41416.1484375,41976.33984375,407747600
2018-12-03,42081.78125,42947.19921875,41844.05859375,41976.609375,241424900
2018-12-04,41865.0703125,42267.66015625,41713.2890625,42127.33984375,245386100
2018-12-05,41895.26953125,41992.359375,41748.421875,41929.94140625,55449000
2018-12-06,41987.0,42035.98828125,41175.9609375,41641.23828125,210015100
2018-12-07,41870.12890625,42315.83984375,41781.6015625,42031.5390625,145493500
2018-12-10,41356.0390625,41934.5390625,41194.578125,41892.6796875,161393200
2018-12-11,40897.8515625,41665.1796875,40799.3203125,41512.109375,163015000
2018-12-13,41512.51171875,41841.6484375,41118.62890625,41118.62890625,207793600
2018-12-14,41312.171875,41744.73828125,41243.7890625,41539.55078125,136776200
2018-12-17,40340.51171875,41596.05078125,40278.16015625,41307.51953125,136795100
2018-12-18,40917.5703125,41148.3984375,40419.19921875,40480.75,185471300
2018-12-19,41388.28125,42032.26171875,40950.3203125,40950.3203125,222583500
2018-12-20,41683.26953125,41751.8984375,41309.3984375,41562.23828125,161386700
2018-12-21,41468.55859375,41799.390625,41135.140625,41676.140625,432960100
2018-12-24,41380.109375,41698.25,41182.609375,41421.55859375,33657800
2018-12-26,41573.609375,41702.859375,41177.80078125,41364.16015625,79376300
2018-12-27,41417.8515625,41584.640625,40978.921875,41444.23828125,91005300
2018-12-28,41459.1484375,41621.37890625,41216.03125,41422.48046875,68151300
2018-12-31,41640.26953125,41723.69140625,41421.0703125,41461.69140625,65622100
2019-01-02,42271.140625,42328.55078125,41436.48828125,41550.75,68115200
2019-01-03,42044.3203125,42292.390625,41699.78125,42172.26171875,113098700
2019-01-04,42455.12890625,42661.83984375,42024.76953125,42024.76953125,110987200
2019-01-07,42834.19921875,42896.109375,42313.05859375,42489.05078125,142739600
2019-01-08,43542.87109375,43582.19140625,43024.51953125,43264.19140625,174362500
2019-01-09,43648.0703125,44046.76953125,43552.609375,43563.71875,222062800
2019-01-10,43668.94921875,43792.1796875,43481.83984375,43669.03125,189110700
2019-01-11,43556.109375,43761.19140625,43372.6015625,43707.26953125,157125500
2019-01-14,43397.98046875,43681.328125,43171.01953125,43548.55859375,118296200
2019-01-15,43603.62109375,43747.98828125,43387.75,43387.75,180731700
2019-01-16,43819.53125,43984.6015625,43602.94140625,43640.609375,181390300
2019-01-17,43932.078125,44070.83984375,43843.0703125,43845.4609375,222954400
2019-01-18,44241.5390625,44507.3984375,43995.48046875,44024.91015625,191426300
2019-01-21,44028.9609375,44541.41015625,43797.1015625,44273.359375,51613300
2019-01-22,43768.078125,44073.23828125,43602.828125,44066.30078125,180533500
2019-01-23,43679.671875,44104.5703125,43382.3515625,43831.7890625,226028900
2019-01-24,43566.109375,43856.2890625,43420.37890625,43738.640625,167624100
2019-01-25,43638.62109375,44051.76171875,43436.94921875,43603.12109375,165295800
2019-01-28,43626.1484375,43959.87109375,43468.171875,43590.30078125,213910000
2019-01-29,43700.1015625,43902.078125,43607.140625,43671.46875,216394800
2019-01-30,43631.359375,43915.1484375,43084.44921875,43734.328125,175070700
2019-01-31,43987.94140625,44190.28125,43600.01171875,43668.5390625,184179100
2019-02-01,43738.26953125,44226.171875,43679.30078125,44095.44140625,145312800
2019-02-05,44337.1015625,44491.75,43830.46875,43898.109375,143140100
2019-02-06,43855.7890625,44495.01953125,43808.828125,44391.7109375,184307300
2019-02-07,43624.55078125,44090.48828125,43586.87109375,43808.78125,156102100
2019-02-08,43180.44921875,43620.2890625,43116.55859375,43576.69921875,111612400
2019-02-11,43285.171875,43471.87109375,43108.5,43126.0390625,100496900
2019-02-12,43113.7890625,43616.03125,42970.12109375,43328.48046875,169619700
2019-02-13,42284.05859375,43194.25,42202.9609375,43138.51171875,195295700
2019-02-14,42725.21875,42780.890625,42066.078125,42364.98828125,184916300
2019-02-15,42988.71875,43035.53125,42677.390625,42810.12890625,132320000
2019-02-18,42981.30859375,43119.5703125,42856.23046875,43022.66015625,24585100
2019-02-19,42949.5,43320.51953125,42803.87890625,43003.41015625,129307600
2019-02-20,43178.0,43345.859375,42997.0390625,42997.0390625,170892600
2019-02-21,43577.640625,43633.48046875,43003.390625,43161.0390625,152692500
2019-02-22,43738.66015625,44001.21875,43571.76953125,43583.28125,137297100
2019-02-25,43664.328125,44070.12890625,43634.640625,43805.26953125,152162100
2019-02-26,43623.328125,43724.33984375,43445.91015625,43647.421875,175194100
2019-02-27,43311.1796875,43662.12109375,43184.859375,43662.12109375,157917600
2019-02-28,42823.80859375,43355.390625,42550.08984375,43267.73828125,294808900
2019-03-01,42619.23046875,43021.91015625,42291.94140625,42947.7109375,125346700
2019-03-04,42418.48828125,42648.69921875,42197.87109375,42598.19140625,110675000
2019-03-05,42128.91015625,42425.08984375,42099.859375,42367.921875,126793500
2019-03-06,41908.1484375,42419.23046875,41859.21875,42134.4609375,146751000
2019-03-07,41641.83984375,42008.46875,41523.921875,41911.53125,143660500
2019-03-08,41586.69921875,41674.73046875,41140.3203125,41583.9296875,140494000
2019-03-11,41876.171875,41985.08984375,41490.62109375,41631.19140625,101281000
2019-03-12,41740.62109375,42174.26171875,41558.16015625,41878.37109375,128527300
2019-03-13,41932.55859375,42026.640625,41795.01171875,41836.30859375,150059300
2019-03-14,41777.80859375,41982.01953125,41469.921875,41935.91015625,133351200
2019-03-15,42210.4609375,42309.96875,41798.94921875,41810.08984375,571444500
2019-03-19,42378.609375,42745.48828125,42217.08984375,42431.76171875,208786400
2019-03-20,43156.2109375,43250.609375,42231.19140625,42389.6015625,214931900
2019-03-21,43251.19140625,43362.91015625,42851.91015625,43121.8984375,150021700
2019-03-22,42259.12109375,43076.12109375,42132.30078125,43052.28125,148439300
2019-03-25,42703.37890625,42757.7890625,42276.0390625,42292.69140625,142967200
2019-03-26,42826.16015625,43013.8203125,42679.421875,42695.75,147062600
2019-03-27,42947.55078125,43116.5,42809.76953125,42893.37890625,166516700
2019-03-28,42942.23046875,43069.9296875,42539.44140625,42982.98046875,155395000
2019-03-29,43281.28125,43316.671875,42960.1484375,43046.921875,201679200
2019-04-01,43672.05859375,43838.19140625,43302.44921875,43302.44921875,130210300
2019-04-02,43324.58984375,43672.05859375,43168.05859375,43672.05859375,115672300
2019-04-03,43339.75,43658.9609375,43298.19921875,43391.9296875,139044600
2019-04-04,43937.390625,43990.1796875,43252.28125,43341.19140625,130329800
2019-04-05,44989.859375,45023.5390625,44007.73046875,44007.73046875,217740400
2019-04-08,45436.28125,45513.8984375,44725.21875,44970.1796875,162478900
2019-04-09,45151.62890625,45346.828125,44854.53125,45346.828125,191575000
2019-04-10,44909.140625,45219.41015625,44850.109375,45204.75,145314900
2019-04-11,44580.05859375,44966.5,44373.48828125,44872.53125,109090000
2019-04-12,44686.05859375,44888.69921875,44534.37890625,44767.671875,143662400
2019-04-15,44625.78125,44900.9296875,44347.53125,44649.73828125,108627100
2019-04-16,45009.359375,45061.7890625,44644.05859375,44665.2890625,136771900
2019-04-17,45525.2890625,45599.5703125,44922.6015625,45038.3515625,110086300
2019-04-22,45381.21875,45590.44140625,45321.21875,45507.78125,86717900
2019-04-23,45148.3203125,45424.421875,44948.69140625,45355.9296875,132582400
2019-04-24,45045.328125,45186.26953125,44666.25,45112.12890625,131485100
2019-04-25,45026.6796875,45064.9296875,44712.30078125,45005.0390625,125639200
2019-04-26,44974.96875,45208.37109375,44769.3515625,45074.69921875,109775400
2019-04-29,44956.73046875,45211.1484375,44686.53125,44987.05078125,99063800
2019-04-30,44597.3203125,44904.05078125,44338.51953125,44900.01953125,182198500
2019-05-02,44312.4296875,44577.0,44236.359375,44513.05078125,152299700
2019-05-03,44277.23828125,44517.609375,44187.46875,44207.359375,131697100
2019-05-06,44116.69921875,44175.94140625,43733.51171875,44083.671875,112770300
2019-05-07,43583.6015625,44047.7109375,43408.96875,44041.78125,124978400
2019-05-08,43410.73828125,43629.98046875,43265.58984375,43550.73046875,137524600
2019-05-09,43193.359375,43292.3203125,42634.8515625,43249.80859375,213444900
2019-05-10,43382.3515625,43496.53125,42591.9296875,43082.87890625,176698300
2019-05-13,43142.4609375,43210.140625,42524.2109375,43172.2890625,158579700
2019-05-14,43431.53125,43555.609375,43065.05859375,43115.828125,178927100
2019-05-15,43338.8203125,43389.5390625,42976.44921875,43235.359375,168554600
2019-05-16,43442.48828125,43696.328125,43259.37109375,43357.078125,224795700
2019-05-17,43445.62109375,43612.890625,43289.2890625,43355.2890625,145460800
2019-05-20,43519.21875,43802.25,43240.01171875,43513.640625,128816700
2019-05-21,43190.1015625,43657.8203125,42951.12109375,43559.12890625,158536500
2019-05-22,42942.23046875,43151.23828125,42716.51171875,43145.109375,112411600
2019-05-23,42812.5703125,42863.41015625,42505.328125,42834.26171875,130074300
2019-05-24,42617.6015625,42957.6796875,42299.23046875,42878.9296875,109779100
2019-05-27,42491.4296875,42613.87109375,42454.19140625,42605.7890625,55464400
2019-05-28,42207.7109375,42601.98828125,42103.1015625,42497.48046875,517663300
2019-05-29,42854.75,42889.55859375,42050.421875,42108.98046875,160494600
2019-05-30,43345.8203125,43464.23828125,42818.1796875,42861.3984375,147956400
2019-05-31,42749.16015625,42867.1015625,42304.9296875,42693.109375,237096200
2019-06-03,43108.421875,43319.16015625,42748.73828125,42857.7890625,206974600
2019-06-04,43241.8203125,43583.98828125,43058.0,43220.28125,148735300
2019-06-05,43420.37890625,43466.2890625,43011.46875,43171.73046875,130411000
2019-06-06,43147.828125,43485.109375,42850.109375,43417.9609375,118390100
2019-06-07,43291.328125,43496.69921875,43080.28125,43174.9296875,78236900
2019-06-10,43609.171875,43892.48046875,43337.8203125,43431.890625,179083300
2019-06-11,43713.66015625,43884.03125,43569.83984375,43758.87109375,146543700
2019-06-12,43800.16015625,43958.3984375,43593.25,43770.8984375,150009000
2019-06-13,43483.19921875,43848.390625,43326.578125,43772.05078125,149333100
2019-06-14,43130.6484375,43503.16015625,42971.76171875,43496.78125,92577500
2019-06-17,42964.7109375,43529.87109375,42908.7890625,43088.23046875,95463400
2019-06-18,43161.05078125,43495.5390625,42987.46875,42990.859375,122872600
2019-06-19,43375.671875,43479.26171875,43208.171875,43215.5390625,100286700
2019-06-20,43645.109375,43920.7890625,43470.19140625,43552.48046875,127724600
2019-06-21,43526.73046875,43828.0703125,43347.66015625,43623.2890625,476630200
2019-06-24,43743.71875,43790.28125,43546.6484375,43568.21875,98815300
2019-06-25,43792.171875,43926.4296875,43623.01953125,43637.44921875,142482300
2019-06-26,43792.078125,43899.23046875,43682.21875,43813.37890625,103345700
2019-06-27,43316.55859375,43872.26953125,43278.55859375,43872.26953125,118861200
2019-06-28,43161.171875,43416.6015625,43009.8515625,43371.0,154407100
2019-07-01,43438.23828125,43557.28125,43019.73046875,43218.1015625,104560400
2019-07-02,43441.80078125,43713.4296875,43361.9609375,43503.0,102358600
2019-07-03,43483.23046875,43567.87109375,43305.23046875,43501.2890625,74914400
2019-07-04,43461.48046875,43551.98046875,43412.48046875,43487.3515625,19660500
2019-07-05,43405.3203125,43521.078125,43137.9609375,43453.62890625,66632400
2019-07-08,43589.078125,43763.98828125,43324.01171875,43494.3984375,87785200
2019-07-09,42818.66015625,43628.9296875,42730.83984375,43508.140625,134545100
2019-07-10,42805.609375,43193.19921875,42668.9296875,42977.4296875,168529100
2019-07-11,42882.01953125,43017.171875,42617.48828125,42816.51171875,109282800
2019-07-12,42647.30859375,42872.3515625,42452.94921875,42870.171875,103417900
2019-07-15,43063.94921875,43144.73046875,42526.921875,42698.08984375,93360700
2019-07-16,42984.96875,43167.078125,42700.96875,43078.51953125,96273000
2019-07-17,42551.5390625,43093.58984375,42496.05859375,43070.4296875,157485100
2019-07-18,41618.109375,42541.5390625,41429.12109375,42534.8515625,174501700
2019-07-19,41606.5390625,41960.55078125,41558.421875,41684.328125,135676500
2019-07-22,41209.3203125,41768.5390625,41165.0,41722.2109375,96897500
2019-07-23,40935.33984375,41325.69140625,40727.0,41210.01171875,199768300
2019-07-24,41167.73828125,41302.87109375,40917.94140625,40957.96875,143648100
2019-07-25,40933.4296875,41163.73046875,40785.921875,41126.828125,157339600
2019-07-26,40673.78125,41150.33984375,40625.55859375,40932.41015625,140916800
2019-07-29,41276.671875,41394.44140625,40644.98828125,40644.98828125,121563600
2019-07-30,41159.26953125,41248.55859375,40862.9296875,41238.1015625,103670700
2019-07-31,40863.08984375,41098.25,40540.96875,41085.859375,224795200
2019-08-01,40346.80078125,40978.66015625,40302.91015625,40816.98046875,175951000
2019-08-02,39977.51953125,40199.33984375,39630.66015625,40199.33984375,175313900
2019-08-05,39496.359375,39820.62109375,39279.51953125,39807.01953125,211684500
2019-08-06,39785.62890625,39974.921875,39525.44140625,39538.46875,194936300
2019-08-07,40432.359375,40471.73828125,39479.46875,39578.03125,208346600
2019-08-08,40439.421875,40699.8515625,40390.0390625,40496.0703125,168753700
2019-08-09,40421.28125,40501.69921875,40110.921875,40463.75,117642000
2019-08-12,39851.2109375,40347.37890625,39810.140625,40311.12109375,138796900
2019-08-13,39476.5,40010.87109375,39430.80078125,39786.26953125,162811500
2019-08-14,38650.08984375,39351.23828125,38562.12890625,39345.5703125,295728800
2019-08-15,38574.1796875,38858.2890625,38265.51171875,38622.44140625,172249400
2019-08-16,39339.55078125,39374.7109375,38611.05859375,38636.21875,245976900
2019-08-19,39556.3203125,39830.30078125,39352.390625,39396.5,203666400
2019-08-20,39700.05078125,39842.94921875,39435.671875,39551.5703125,203216500
2019-08-21,40076.0390625,40122.44921875,39697.1015625,39780.30078125,269006000
2019-08-22,40144.23828125,40378.73046875,40023.6796875,40072.37109375,180439600
2019-08-23,39862.0703125,40226.6484375,39782.73046875,40000.890625,146431200
2019-08-26,40081.71875,40144.8203125,39887.62109375,39915.5703125,134615300
2019-08-27,40648.96875,40721.359375,40105.19140625,40105.19140625,561318900
2019-08-28,40941.9609375,41065.421875,40580.9609375,40654.390625,168519400
2019-08-29,41831.30078125,42005.33984375,41030.12890625,41030.12890625,221653700
2019-08-30,42622.5,42680.23046875,41898.671875,42000.890625,334492800
2019-09-02,42108.23046875,42621.87109375,41988.01171875,42621.87109375,43877100
2019-09-03,41826.55078125,42237.3984375,41724.23046875,42222.28125,227203800
2019-09-04,42324.46875,42359.890625,41901.98046875,41934.4296875,330571700
2019-09-05,42731.48046875,42768.62109375,42475.5,42495.98046875,156447400
2019-09-06,42707.66015625,43037.26171875,42615.30859375,42873.6015625,122346300
2019-09-09,42662.46875,43231.51953125,42555.8203125,42808.23046875,105424500
2019-09-10,42588.1015625,42860.2890625,42402.6484375,42607.98828125,151218400
2019-09-11,42749.171875,42809.05078125,42483.1015625,42607.671875,134325300
2019-09-12,42670.41015625,43030.26953125,42589.12890625,42798.12890625,138966200
2019-09-13,42841.4609375,42995.328125,42675.87890625,42716.87109375,106896800
2019-09-17,43448.94140625,43486.62109375,42743.26171875,42823.51171875,213641200
2019-09-18,43070.33984375,43456.859375,42902.37109375,43396.19140625,148961100
2019-09-19,43017.4609375,43139.03125,42937.05859375,43102.80859375,113237000
2019-09-20,43559.44921875,43665.94140625,43014.51953125,43084.33984375,836150600
2019-09-23,43507.94921875,43531.71875,43401.5703125,43436.21875,103045100
2019-09-24,43099.328125,43560.05078125,43051.21875,43497.671875,142811800
2019-09-25,43014.078125,43099.01171875,42563.0703125,43099.01171875,184974700
2019-09-26,42984.75,43220.83984375,42835.3203125,43051.01171875,147086300
2019-09-27,42857.578125,43042.44921875,42750.16015625,43042.44921875,103303400
2019-09-30,43011.26953125,43230.6484375,42776.421875,42782.0703125,185049400
2019-10-01,42937.16015625,43110.30078125,42863.48828125,43006.12109375,117491300
2019-10-02,42222.8984375,42804.4609375,42128.96875,42787.5390625,123038000
2019-10-03,42443.30859375,42504.08984375,42107.01171875,42202.66015625,96559200
2019-10-04,43416.8984375,43448.640625,42426.828125,42457.55078125,125587800
2019-10-07,42952.2890625,43403.94140625,42903.37890625,43402.16015625,101995800
2019-10-08,42535.140625,42940.6796875,42489.3984375,42914.80078125,156602300
2019-10-09,42501.921875,42807.2109375,42445.94140625,42591.98046875,136161300
2019-10-10,42929.76171875,43010.21875,42480.1015625,42544.16015625,222833900
2019-10-11,43214.6015625,43496.46875,43038.53125,43073.8984375,141784500
2019-10-14,43299.53125,43389.26953125,43110.55859375,43110.55859375,95999200
2019-10-15,43244.62890625,43462.03125,43214.16015625,43335.01171875,148645300
2019-10-16,43538.48828125,43563.9609375,43203.76171875,43312.19140625,188703900
2019-10-17,43479.98046875,43687.44921875,43292.75,43574.1484375,169230700
2019-10-18,43178.62890625,43559.609375,43094.03125,43189.44921875,206626300
2019-10-21,43405.4296875,43456.48828125,43203.0390625,43239.19140625,123775600
2019-10-22,43363.5390625,43624.23046875,43249.44921875,43435.19140625,176146000
2019-10-23,43546.48046875,43575.2890625,43279.69140625,43388.03125,139689000
2019-10-24,43776.6015625,43816.46875,43424.6796875,43552.58984375,205826300
2019-10-25,43389.16015625,43833.390625,43359.53125,43786.75,156139100
2019-10-28,43765.48828125,43804.01953125,43371.3984375,43382.94140625,148316000
2019-10-29,43851.05859375,43979.2890625,43649.578125,43709.19921875,159045400
2019-10-30,43741.62109375,43913.390625,43638.2890625,43907.26953125,151170600
2019-10-31,43337.28125,43768.75,43304.859375,43753.01953125,197290500
2019-11-01,43814.55078125,43850.390625,43325.94921875,43337.12109375,138787800
2019-11-04,43815.76171875,44233.03125,43786.859375,43814.55078125,134995900
2019-11-05,43611.83984375,43844.58984375,43401.30078125,43824.69140625,204832200
2019-11-06,43818.51171875,43849.21875,43332.1796875,43650.890625,121802200
2019-11-07,44119.8984375,44261.33984375,43797.5,43846.62109375,160371000
2019-11-08,43702.23046875,44128.12890625,43632.8203125,44027.1015625,78350900
2019-11-11,43595.6015625,43699.98046875,43513.1484375,43538.08984375,97112500
2019-11-12,43100.76953125,43564.2890625,43038.12109375,43537.41015625,152670200
2019-11-13,43098.66015625,43182.73828125,43028.640625,43037.30859375,110378400
2019-11-14,43188.69140625,43284.921875,43021.30078125,43128.76953125,117855500
2019-11-15,43392.359375,43434.23828125,43195.828125,43219.578125,95431600
2019-11-19,43602.25,43662.7890625,43367.078125,43367.078125,172645900
2019-11-20,43604.69921875,43814.5,43421.16015625,43623.1015625,109208100
2019-11-21,43255.4296875,43633.83984375,43101.8984375,43633.83984375,120388800
2019-11-22,43521.859375,43557.640625,43249.80078125,43249.80078125,105097300
2019-11-25,43535.109375,43727.96875,43467.421875,43483.328125,113976800
2019-11-26,42852.359375,43466.3515625,42785.08984375,43465.94921875,602710500
2019-11-27,43036.16015625,43065.62890625,42849.62890625,42924.8515625,109035600
2019-11-28,43100.12109375,43171.890625,42921.328125,43062.80859375,14564700
2019-11-29,42820.1796875,43122.66015625,42755.98828125,43122.19140625,84595100
2019-12-02,42544.140625,42903.78125,42508.1015625,42863.3515625,140656700
2019-12-03,42294.51953125,42508.671875,42255.71875,42417.5703125,107724200
2019-12-04,42191.921875,42496.328125,42159.2890625,42354.8984375,131988300
2019-12-05,42216.03125,42513.25,42171.98828125,42216.30078125,118806100
2019-12-06,41938.69140625,42343.80078125,41894.75,42307.98828125,119341700
2019-12-09,41951.58984375,42370.1484375,41924.2109375,41938.69140625,90508700
2019-12-10,42633.4296875,42649.62890625,41986.28125,42037.5390625,124122600
2019-12-11,43195.19140625,43237.25,42592.01953125,42639.58984375,160648600
2019-12-13,44254.4296875,44401.01171875,43415.21875,43415.21875,163260800
2019-12-16,44356.21875,44495.48828125,44136.640625,44343.1796875,117209400
2019-12-17,44401.16015625,44434.19140625,44118.05859375,44400.578125,194926900
2019-12-18,45106.2890625,45160.1015625,44366.359375,44384.05078125,279772100
2019-12-19,44649.4296875,45189.828125,44615.4296875,45189.12109375,130327800
2019-12-20,44505.640625,44804.44140625,44424.4609375,44694.44921875,473714200
2019-12-23,44276.8515625,44590.9296875,44189.23828125,44571.26171875,92129000
2019-12-24,44157.96875,44298.94140625,44108.44921875,44275.7890625,13691800
2019-12-26,44300.171875,44360.62109375,44057.48828125,44149.96875,32194100
2019-12-27,44261.51171875,44510.78125,44156.859375,44312.5703125,59475000
2019-12-30,43657.48046875,44347.73828125,43451.48828125,44318.8984375,81802900
2019-12-31,43541.01953125,43705.359375,43439.6796875,43668.7109375,46721800
2020-01-02,44437.23046875,44521.51953125,43716.48828125,43739.51953125,95180400
2020-01-03,44624.8515625,44742.98046875,44177.91015625,44355.2109375,103484500
2020-01-06,44495.30078125,44571.73828125,44287.12890625,44489.96875,86928400
2020-01-07,44157.80859375,44588.26953125,44018.05859375,44522.359375,137546300
2020-01-08,44470.91015625,44515.98828125,44078.41015625,44160.55078125,144629400
2020-01-09,44572.171875,44621.578125,44378.78125,44452.73828125,173852300
2020-01-10,44660.328125,44909.44140625,44529.51171875,44593.890625,135840900
2020-01-13,44847.46875,44944.25,44584.66015625,44720.3515625,149580500
2020-01-14,44773.23828125,44818.9296875,44379.37890625,44804.55078125,171978900
2020-01-15,44453.328125,44848.0703125,44412.609375,44726.71875,179445600
2020-01-16,45303.078125,45354.53125,44513.46875,44530.69140625,190177600
2020-01-17,45817.76171875,45885.44140625,45256.30859375,45311.73046875,173859200
2020-01-20,45902.6796875,45955.41015625,45755.9296875,45811.16015625,32099800
2020-01-21,45637.3203125,45831.2890625,45380.98828125,45807.23046875,135382200
2020-01-22,45604.44140625,45902.26171875,45562.2890625,45658.66015625,158784400
2020-01-23,45476.4296875,45516.78125,45145.98046875,45502.33984375,198093000
2020-01-24,45141.62109375,45528.6796875,45091.6484375,45493.96875,142721200
2020-01-27,44134.390625,44807.828125,44039.109375,44802.73046875,126493100
2020-01-28,44717.94140625,44811.51953125,44206.6796875,44206.6796875,126852800
2020-01-29,45132.6015625,45198.7109375,44683.58984375,44858.37890625,166379800
2020-01-30,44862.76171875,45088.1015625,44635.921875,45088.1015625,160392700
2020-01-31,44108.30859375,44829.921875,44079.390625,44759.8984375,312755900
2020-02-04,45047.0703125,45136.8203125,44330.96875,44330.96875,230415400
2020-02-05,44782.859375,45489.25,44686.9609375,45252.609375,160083000
2020-02-06,44493.1484375,44966.37109375,44417.1015625,44870.05859375,140863100
2020-02-07,44399.328125,44466.30078125,44010.7109375,44407.16015625,109892200
2020-02-10,44290.53125,44421.421875,43996.80078125,44390.359375,127396100
2020-02-11,45027.41015625,45222.8984375,44307.46875,44379.1796875,151710800
2020-02-12,45338.37109375,45645.9296875,45143.69140625,45193.578125,271163000
2020-02-13,45005.12109375,45338.37109375,44784.2109375,45338.37109375,177633700
2020-02-14,44999.6796875,45150.3515625,44850.51171875,45122.578125,131042300
2020-02-17,45016.9609375,45059.671875,44873.48046875,44996.421875,32139500
2020-02-18,44974.109375,45183.578125,44901.0390625,44991.01171875,133300100
2020-02-19,44901.5,45166.03125,44716.30859375,45046.01953125,174543900
2020-02-20,44774.5390625,45050.62109375,44580.69140625,44956.4609375,182720500
2020-02-21,44802.5390625,45020.44140625,44600.98828125,44810.62890625,146648800
2020-02-24,43818.0703125,44115.828125,43523.21875,43988.76953125,163769200
2020-02-25,43045.6796875,43943.73046875,42981.83984375,43939.80859375,177163100
2020-02-26,42737.28125,43376.890625,42684.359375,43148.37890625,236279700
2020-02-27,41607.421875,42512.3984375,41522.9296875,42512.3984375,221635400
2020-02-28,41324.30859375,41577.55078125,39838.0390625,41183.75,380959200
2020-03-02,42167.23828125,42347.4609375,41373.87109375,41391.08984375,267176100
2020-03-03,42472.25,43113.80859375,42110.16015625,42209.2890625,241737100
2020-03-04,43404.76171875,43462.26953125,42711.7109375,42711.7109375,157320300
2020-03-05,42344.859375,43279.5703125,42136.078125,43263.75,142960000
2020-03-06,41388.78125,42134.1484375,41201.671875,42134.1484375,167489000
2020-03-09,38730.55859375,40265.37109375,38646.37109375,40101.87109375,206509000
2020-03-10,39565.44140625,39759.96875,38883.078125,39502.23046875,260716900
2020-03-11,38678.55078125,39248.48828125,38409.55859375,39248.48828125,246658100
2020-03-12,36636.69921875,38371.1484375,35003.48828125,38371.1484375,338781100
2020-03-13,38085.05078125,38258.8984375,37248.01953125,37487.6796875,281966000
2020-03-17,36862.83984375,37070.5703125,34775.23046875,36660.12890625,495328300
2020-03-18,35532.73828125,37180.55859375,35439.94140625,36096.76171875,293107400
2020-03-19,35143.62890625,35576.91015625,34213.28125,35566.421875,232076100
2020-03-20,34269.51171875,35456.48046875,33894.96875,35284.69921875,703945600
2020-03-23,32964.21875,34721.6796875,32646.9609375,34481.30078125,186601700
2020-03-24,34371.53125,35148.08984375,33338.37890625,33338.37890625,246843900
2020-03-25,35536.69921875,36493.8984375,34369.48046875,34547.578125,211798800
2020-03-26,35706.5703125,36655.23046875,35493.94921875,35517.91015625,223230700
2020-03-27,33799.48828125,35043.3984375,33720.1484375,34951.30859375,270719300
2020-03-30,34199.96875,34334.44140625,33978.73828125,33978.73828125,164060600
2020-03-31,34554.53125,35208.01953125,34074.578125,34239.109375,377848300
2020-04-01,33691.87890625,34118.0,33443.51953125,34098.859375,209106900
2020-04-02,33590.62109375,34330.37890625,33372.4296875,33686.08984375,186445500
2020-04-03,33075.41015625,33896.28125,32503.25,33708.51953125,170642000
2020-04-06,34381.55859375,34750.171875,33641.0703125,33641.0703125,182677600
2020-04-07,34526.30859375,35162.46875,34361.30078125,34688.3203125,209742300
2020-04-08,34567.78125,34804.1484375,34284.51953125,34625.0703125,173301800
2020-04-13,34613.671875,34833.55859375,34414.69140625,34694.03125,162653800
2020-04-14,34746.390625,35227.6015625,34562.8984375,34765.51171875,183031600
2020-04-15,33855.23828125,34618.3984375,33805.19921875,34593.578125,216587900
2020-04-16,33759.75,34099.1015625,33303.44140625,33935.44921875,251591100
2020-04-17,34743.1015625,34923.76171875,34190.01953125,34190.01953125,162231800
2020-04-20,34477.05859375,34594.96875,34140.75,34567.1796875,153774600
2020-04-21,33892.28125,34321.19921875,33826.921875,34281.140625,122731100
2020-04-22,34223.8515625,34463.12890625,34105.48046875,34183.390625,200294400
2020-04-23,34240.6015625,34494.98046875,34165.3203125,34308.41015625,197079500
2020-04-24,34586.8203125,34773.140625,34113.3203125,34361.01953125,281220800
2020-04-27,34968.08984375,35058.41015625,34488.41015625,34704.83984375,198687100
2020-04-28,35830.80859375,35888.46875,35065.76171875,35065.76171875,344904800
2020-04-29,36870.08984375,36976.6484375,36095.71875,36095.71875,196287600
2020-04-30,36470.109375,36923.5,36096.859375,36923.5,246830000
2020-05-04,36370.4296875,36440.8203125,35645.3984375,36266.73046875,233337100
2020-05-05,36616.05859375,36852.58984375,36356.8515625,36357.3984375,148214100
2020-05-06,36986.19921875,37029.16015625,36532.26171875,36672.8203125,150916000
2020-05-07,36792.41015625,37321.30078125,36662.8203125,37136.921875,142846100
2020-05-08,37623.6796875,37846.26953125,36865.5703125,36867.26171875,152768500
2020-05-11,37631.890625,37819.671875,37235.8515625,37614.80078125,140379000
2020-05-12,37462.890625,38015.94140625,37352.12890625,37675.26953125,161125000
2020-05-13,36394.58984375,37403.2109375,36344.921875,37403.2109375,271439000
2020-05-14,36094.140625,36310.94140625,35690.69921875,36266.69140625,157261400
2020-05-15,35691.390625,36158.91015625,35652.421875,36036.21875,131211300
2020-05-18,37112.4609375,37175.96875,35836.4609375,35845.578125,179950200
2020-05-19,35862.0390625,36991.48046875,35749.671875,36935.1796875,217403100
2020-05-20,36026.98046875,36115.078125,35553.9296875,36023.76953125,203045100
2020-05-21,35560.76171875,36060.9296875,35454.51953125,35854.828125,162494600
2020-05-22,35784.421875,35825.2109375,35277.5390625,35525.48828125,119075400
2020-05-25,35832.76953125,36003.37109375,35770.140625,35813.26953125,37538300
2020-05-26,36206.859375,36576.69921875,35897.5390625,35953.94140625,197668600
2020-05-27,36889.9609375,36973.30078125,36241.01953125,36317.5390625,176207000
2020-05-28,36508.140625,36994.16015625,36400.109375,36979.078125,173561300
2020-05-29,36122.73046875,36471.8203125,35555.75,36471.8203125,743778600
2020-06-01,36980.8515625,37131.91015625,35979.21875,36115.12890625,127693300
2020-06-02,37460.44140625,37826.171875,36906.359375,37012.640625,229177200
2020-06-03,38290.76953125,38317.8984375,37540.62109375,37540.62109375,286723500
2020-06-04,37872.890625,38310.05078125,37665.640625,38247.44921875,243657600
2020-06-05,38948.078125,39164.28125,38220.6484375,38226.5703125,211569100
2020-06-08,39954.01171875,40030.94921875,38997.58984375,39105.390625,224210300
2020-06-09,39185.66015625,39804.16015625,38902.73046875,39795.1484375,218346100
2020-06-10,38266.19140625,39174.01171875,38212.30078125,39167.12109375,188244800
2020-06-11,36827.359375,37803.26953125,36622.1015625,37731.98828125,201982200
2020-06-12,37679.23828125,37772.0390625,37084.33984375,37243.828125,180935200
2020-06-15,37416.73828125,37691.05859375,37087.16015625,37453.53125,158208000
2020-06-16,37894.05078125,38193.421875,37512.91015625,37924.51953125,183397800
2020-06-17,37897.23828125,38134.87890625,37820.19140625,37980.5390625,146231900
2020-06-18,37632.890625,37909.37109375,37536.62890625,37909.37109375,145116400
2020-06-19,38404.62890625,38592.25,37782.98046875,37839.5390625,926578300
2020-06-22,38123.55859375,38372.171875,37851.19140625,38372.171875,139646300
2020-06-23,38217.6796875,38643.421875,38157.62109375,38451.01171875,157345400
2020-06-24,37908.37890625,38037.37109375,37738.6015625,38011.671875,149757900
2020-06-25,37734.51953125,37917.12109375,37651.8984375,37857.73046875,100428600
2020-06-26,37431.94921875,37794.671875,37273.51171875,37794.671875,111590600
2020-06-29,37769.19140625,37824.87890625,37446.51953125,37629.80078125,102336800
2020-06-30,37716.4296875,37874.46875,37425.83984375,37707.71875,187916800
2020-07-01,37619.76953125,37935.140625,37532.28125,37636.23046875,168620900
2020-07-02,37894.078125,38416.9609375,37741.5,37883.96875,163134900
2020-07-03,37950.0,37995.5390625,37710.41015625,37877.12890625,19679300
2020-07-06,37884.76171875,38190.87109375,37800.58984375,38088.6484375,127711300
2020-07-07,37837.390625,38042.7109375,37696.671875,37843.9609375,139887800
2020-07-08,37483.87890625,38112.421875,37292.98046875,38111.1484375,176346300
2020-07-09,36795.94921875,37500.19140625,36740.4296875,37500.19140625,133280000
2020-07-10,36465.4609375,36777.76953125,36263.96875,36777.76953125,105150800
2020-07-13,36389.390625,36939.69140625,36321.58984375,36602.76953125,150410600
2020-07-14,36190.91015625,36365.76953125,35883.46875,36365.76953125,166784200
2020-07-15,36590.26171875,36717.53125,36427.83984375,36427.83984375,194173400
2020-07-16,36465.671875,36533.55859375,36193.71875,36517.26171875,163886500
2020-07-17,36327.83984375,36589.05859375,36172.98828125,36553.7109375,120832100
2020-07-20,36323.69140625,36398.26953125,36195.62890625,36316.6015625,104592000
2020-07-21,36881.671875,37027.671875,36378.78125,36378.78125,159575200
2020-07-22,37447.1015625,37498.328125,36867.2890625,36872.23046875,111884900
2020-07-23,37433.30078125,37625.46875,37244.48828125,37564.9609375,111327700
2020-07-24,37357.4609375,37455.83984375,37045.328125,37454.01953125,107838600
2020-07-27,37742.140625,37801.41015625,37191.96875,37390.23046875,160802900
2020-07-28,37771.2109375,37852.5390625,37573.578125,37685.51171875,143410900
2020-07-29,37720.83984375,37807.33984375,37381.6484375,37794.69921875,159535500
2020-07-30,37136.78125,37636.7890625,36975.78125,37573.48046875,101237700
2020-07-31,37019.6796875,37256.76953125,36667.5,37255.80078125,274994400
2020-08-03,37546.71875,37735.87109375,37196.7890625,37359.03125,154914300
2020-08-04,37466.94921875,37746.41015625,37374.359375,37611.640625,181950200
2020-08-05,37901.9609375,38339.1796875,37433.46875,37433.46875,146010800
2020-08-06,37998.33984375,38197.6484375,37722.19140625,37982.05859375,122767000
2020-08-07,38005.0,38104.03125,37770.8984375,38031.0,87930700
2020-08-10,38289.76171875,38432.0,38043.91015625,38098.12109375,92165000
2020-08-11,38703.58984375,38947.3203125,38400.921875,38442.4296875,135385000
2020-08-12,38634.1015625,38955.33984375,38603.44921875,38901.12890625,99486700
2020-08-13,38615.62109375,38758.73828125,38368.55859375,38660.2890625,103940600
2020-08-14,38949.87890625,39047.12109375,38452.6796875,38629.48828125,118697000
2020-08-17,39285.8515625,39317.23828125,38848.37890625,38955.6796875,128684900
2020-08-18,39087.3515625,39349.37890625,38875.9609375,39337.6484375,179124200
2020-08-19,39021.921875,39212.3984375,38945.859375,39078.23046875,123913300
2020-08-20,38707.23828125,39019.2109375,38534.828125,39019.2109375,113789400
2020-08-21,38095.87890625,38692.80078125,38053.62890625,38692.80078125,95386100
2020-08-24,38029.62109375,38344.08984375,37971.66015625,38189.671875,111110400
2020-08-25,38249.8984375,38321.3203125,37803.4609375,37883.30859375,153501200
2020-08-26,37753.0390625,38231.0703125,37706.19140625,38229.44921875,152144900
2020-08-27,37647.19140625,37917.140625,37453.6015625,37844.0390625,122956700
2020-08-28,37794.25,37905.4296875,37555.98046875,37590.6796875,95345300
2020-08-31,36840.73046875,37805.23828125,36788.671875,37773.28125,399817100
2020-09-01,37487.98828125,37532.9609375,36744.78125,36893.8203125,187147300
2020-09-02,37053.76953125,37656.0390625,36973.76171875,37656.0390625,147051300
2020-09-03,36429.66015625,37007.75,36384.69140625,36984.44140625,157137000
2020-09-04,36448.5,36576.8203125,35853.578125,36366.55078125,136693200
2020-09-07,36637.44921875,36725.30859375,36466.44921875,36492.19921875,14432100
2020-09-08,36071.4296875,36597.55078125,35748.0390625,36597.53125,124202100
2020-09-09,36157.9609375,36405.37890625,35915.421875,36115.23828125,138264900
2020-09-10,36180.73828125,36372.96875,35908.98828125,36173.23828125,174185900
2020-09-11,36334.890625,36390.01953125,36110.6484375,36258.0703125,280229300
2020-09-14,36881.98828125,37030.8203125,36595.12109375,36780.44140625,150019800
2020-09-15,36729.1484375,37032.328125,36691.87109375,36983.19921875,184597500
2020-09-17,36130.921875,36628.1796875,36052.390625,36628.1796875,232987200
2020-09-18,36017.3515625,36275.1484375,35972.03125,36255.87890625,486905600
2020-09-21,35517.76953125,35978.359375,35354.03125,35978.359375,110138500
2020-09-22,35853.578125,35918.01953125,35428.859375,35537.4296875,126610200
2020-09-23,35829.578125,36119.3203125,35669.5,35981.98828125,135746900
2020-09-24,36217.48828125,36425.73828125,35772.01953125,35780.328125,190696500
2020-09-25,36583.7109375,36626.640625,35910.96875,36280.01171875,184842700
2020-09-28,37231.5,37329.578125,36825.3515625,36904.890625,204799200
2020-09-29,37134.921875,37268.01953125,36973.19921875,37268.01953125,134150700
2020-09-30,37458.69140625,37688.51171875,37098.33984375,37145.91015625,198611000
2020-10-01,36626.109375,37440.33984375,36582.109375,37435.73046875,123598600
2020-10-02,36642.37890625,36716.171875,36313.73828125,36434.609375,115541800
2020-10-05,36740.328125,36952.0,36631.62109375,36728.76953125,131829300
2020-10-06,36947.87109375,37103.96875,36684.44921875,36777.28125,102728300
2020-10-07,37418.7890625,37457.78125,36993.078125,37077.640625,122449600
2020-10-08,38404.05078125,38446.44140625,37380.1484375,37440.66015625,175750800
2020-10-09,38478.578125,38718.4296875,38162.0703125,38369.28125,59366600
2020-10-12,38342.08984375,38670.0,38287.44921875,38574.890625,165643500
2020-10-13,38131.78125,38315.94140625,38087.0,38298.83984375,119511500
2020-10-14,38025.71875,38271.51953125,37915.328125,38139.98046875,175342100
2020-10-15,38059.23046875,38111.94921875,37656.48046875,37893.8515625,161152700
2020-10-16,37876.48828125,38292.1796875,37834.0,38030.80859375,145696100
2020-10-19,37685.73828125,37993.828125,37557.5390625,37891.9296875,123400600
2020-10-20,38201.80859375,38303.19140625,37694.19140625,37726.4609375,169743200
2020-10-21,38669.25,38830.6015625,38281.80859375,38366.05078125,226033900
2020-10-22,38652.19140625,38755.8203125,38392.48046875,38693.1484375,218160200
2020-10-23,38707.71875,38989.03125,38559.4296875,38728.76953125,135919800
2020-10-26,38245.859375,38718.83984375,38125.30078125,38718.83984375,88901800
2020-10-27,38001.30859375,38244.30859375,37923.62890625,38208.7890625,153207500
2020-10-28,37393.7109375,37871.5390625,36984.28125,37811.91015625,166811700
2020-10-29,36801.37109375,37409.390625,36706.328125,37404.69140625,124235400
2020-10-30,36987.859375,37062.76953125,36662.12109375,36691.01171875,266462300
2020-11-03,37466.08984375,37632.03125,36885.80859375,37123.171875,168988500
2020-11-04,37475.76171875,37920.83984375,37408.5,37582.1484375,116323000
2020-11-05,38399.0703125,38426.328125,37503.48046875,37621.78125,175333100
2020-11-06,38530.5,38734.66015625,38356.12890625,38401.6015625,160753700
2020-11-09,39652.51953125,40228.73046875,39085.671875,39085.671875,261910500
2020-11-10,40404.578125,40499.328125,39705.1796875,39731.87890625,248709500
2020-11-11,40858.94921875,40980.2890625,40502.16015625,40502.16015625,218303100
2020-11-12,40335.94921875,40927.69140625,40241.44140625,40780.078125,133961100
2020-11-13,40791.80859375,40848.76953125,40179.48046875,40464.640625,130010200
2020-11-17,41948.7890625,42027.37890625,40944.30078125,40944.30078125,283566600
2020-11-18,42252.609375,42661.5,41744.05859375,42040.80859375,212897900
2020-11-19,41868.8203125,42235.78125,41607.87109375,42235.78125,199706900
2020-11-20,41905.05859375,42153.140625,41775.98828125,41934.12890625,119931900
2020-11-23,42267.19921875,42391.73046875,41871.66015625,41978.62890625,124783600
2020-11-24,42736.48046875,42918.46875,42347.44921875,42386.6015625,220161700
2020-11-25,42200.58984375,42755.0703125,42157.87890625,42755.0703125,165257500
2020-11-26,42412.46875,42493.4609375,41904.328125,42121.62109375,102061300
2020-11-27,41674.30078125,42546.46875,41594.80859375,42527.33984375,91401900
2020-11-30,41778.87109375,41846.828125,41439.359375,41693.80859375,800216100
2020-12-01,42895.62890625,43204.1015625,41902.76953125,41987.4296875,224469600
2020-12-02,43674.828125,43730.9609375,42956.73046875,43010.48046875,174294200
2020-12-03,43934.2109375,44013.109375,43477.66015625,43512.26953125,175436600
2020-12-04,43646.03125,44606.30859375,43586.421875,44060.30859375,181383000
2020-12-07,43255.25,43745.1796875,43058.44921875,43695.890625,138348100
2020-12-08,43098.640625,43625.9609375,42890.94921875,43221.6484375,195805600
2020-12-09,42736.9609375,43160.421875,42651.58984375,43134.94921875,150237200
2020-12-10,43518.7109375,43686.73046875,42853.75,42931.80859375,179638100
2020-12-11,43612.30859375,43793.171875,43256.46875,43576.03125,184977700
2020-12-14,43569.83984375,43806.828125,43243.51953125,43735.640625,233288900
2020-12-15,43543.3515625,44020.73828125,43496.05859375,43619.98046875,214805000
2020-12-16,43790.421875,43917.8515625,43583.828125,43618.3515625,286997500
2020-12-17,44326.05078125,44581.23046875,43761.5703125,43798.05859375,313831200
2020-12-18,43873.80859375,44741.23828125,43343.921875,44428.3515625,666074900
2020-12-21,43246.23828125,43660.28125,43136.421875,43587.58984375,126314800
2020-12-22,42601.7109375,43373.83984375,42576.421875,43317.30078125,100170800
2020-12-23,43597.30078125,43697.37890625,42620.328125,42687.26171875,119034900
2020-12-24,43372.19921875,43643.0703125,43304.26953125,43628.83984375,45207600
2020-12-28,43883.41015625,43958.6015625,43509.0,43509.0,55446300
2020-12-29,44693.98828125,44739.98828125,43870.359375,43917.19140625,95876700
2020-12-30,44693.9609375,45364.5703125,44573.671875,44792.05078125,82856500
2020-12-31,44066.87890625,44650.921875,44016.58984375,44642.2890625,55365200
2021-01-04,44703.0,45299.01171875,44186.9609375,44200.0390625,87067500
2021-01-05,44908.12109375,44947.5390625,44485.671875,44751.76953125,164420500
2021-01-06,45587.16015625,46251.05078125,45158.98046875,45204.55859375,240344800
2021-01-07,46188.66015625,46271.98828125,45797.30078125,45877.44921875,221127900
2021-01-08,46729.30078125,46925.05859375,46179.25,46236.5703125,346659500
2021-01-11,46395.3203125,46664.66015625,46038.3984375,46661.828125,180062200
2021-01-12,45951.76953125,46658.55078125,45854.859375,46448.71875,201068500
2021-01-13,45740.1484375,46085.53125,45491.76171875,46048.01171875,180414700
2021-01-14,46070.91015625,46251.390625,45609.33984375,45821.23828125,194114500
2021-01-15,45892.28125,46093.98828125,45686.25,46093.98828125,153123700
2021-01-18,46458.01953125,46532.16015625,45878.359375,45878.37890625,49419000
2021-01-19,45495.41015625,46599.62109375,45415.328125,46581.9609375,211311800
2021-01-20,45125.7109375,45726.98828125,44875.26171875,45726.98828125,222455000
2021-01-21,44810.2109375,45428.7109375,44727.3203125,45330.98828125,204102900
2021-01-22,44683.55078125,44811.69140625,44119.578125,44756.62890625,153347700
2021-01-25,45126.51171875,45203.7890625,44028.8515625,44850.12890625,168987800
2021-01-26,45053.55859375,45114.37890625,44483.8984375,45066.3984375,224492100
2021-01-27,44262.01171875,44759.7109375,43922.98828125,44733.8203125,247130000
2021-01-28,44280.73046875,44578.609375,43914.890625,44365.2890625,192065600
2021-01-29,42985.73046875,44211.37109375,42900.9609375,44122.6015625,401821000
2021-02-02,43848.921875,44435.69140625,43152.30859375,43152.30859375,378546500
2021-02-03,43957.0703125,44122.21875,43521.26953125,43954.7109375,818164800
2021-02-04,44167.578125,44334.94921875,43936.19140625,44012.7890625,233341500
2021-02-05,44145.69921875,44636.8203125,44081.7109375,44239.12890625,124370000
2021-02-08,44197.51171875,44440.73046875,44015.69921875,44199.37890625,167093800
2021-02-09,45020.9609375,45103.30859375,44214.5390625,44225.26171875,176810900
2021-02-10,44718.23046875,45235.53125,44651.87890625,45180.671875,155706400
2021-02-11,44060.08984375,45074.46875,43968.87109375,44750.23046875,182011300
2021-02-12,44202.51953125,44239.7890625,43923.87109375,44088.5,119778500
2021-02-15,44157.48828125,44303.96875,44073.48046875,44228.109375,18282500
2021-02-16,44698.58984375,44836.859375,44325.3203125,44325.3203125,140771100
2021-02-17,45061.94921875,45175.3203125,44533.46875,44667.05078125,217832900
2021-02-18,44507.94921875,44991.21875,44430.9609375,44968.1796875,272232300
2021-02-19,44900.078125,45116.109375,44633.390625,44686.7890625,172848900
2021-02-22,44946.6015625,45233.3203125,44743.359375,44988.3984375,243609100
2021-02-23,45268.328125,45599.01171875,44397.0,44794.80078125,196669900
2021-02-24,45151.37890625,45445.5703125,44972.19921875,45278.05078125,200388200
2021-02-25,44310.26953125,45738.1484375,44232.421875,45306.390625,270064300
2021-02-26,44592.91015625,44670.6796875,44089.3203125,44305.19921875,396111700
2021-03-01,44784.578125,45243.33984375,44614.6796875,44787.66015625,150723600
2021-03-02,45682.19140625,45818.94921875,44750.8515625,44766.78125,178031600
2021-03-03,46377.46875,46480.73046875,45706.94140625,45873.7109375,225885700
2021-03-04,46004.19140625,46689.4609375,45932.8203125,46366.48828125,228834000
2021-03-05,46342.5390625,46708.78125,45994.44140625,46265.8515625,207373600
2021-03-08,47075.41015625,47297.328125,46295.53125,46365.94921875,211292600
2021-03-09,47103.6015625,47396.33984375,46904.8515625,47169.80078125,216279500
2021-03-10,47549.671875,47619.16015625,46943.19921875,47169.7109375,168621800
2021-03-11,47673.8203125,47900.421875,47543.859375,47567.1796875,166637900
2021-03-12,47769.87109375,47987.23046875,47478.4296875,47574.5,168348900
2021-03-16,48203.94921875,48251.73046875,47427.7109375,47778.7109375,2152200
2021-03-17,47679.48828125,48314.23828125,47627.41015625,48204.03125,1431500
2021-03-18,47572.390625,47928.69921875,47535.921875,47799.1484375,131592500
2021-03-19,47028.0390625,47654.12890625,46932.671875,47422.25,704660100
2021-03-22,47225.44140625,47567.62109375,47009.6015625,47123.109375,122860600
2021-03-23,46659.1796875,47309.23828125,46603.51953125,47309.23828125,151281300
2021-03-24,46703.140625,46928.4609375,46559.37109375,46755.87109375,148714600
2021-03-25,47012.37109375,47062.640625,46372.8984375,46524.55859375,178236100
2021-03-26,47379.19140625,47490.078125,46628.01953125,47354.21875,149907400
2021-03-29,47747.359375,47790.12109375,47141.5703125,47430.78125,161957000
2021-03-30,47905.0,47936.5703125,47327.23046875,47736.98828125,141892600
2021-03-31,47246.26171875,47865.05078125,47030.76171875,47838.2890625,258737600
2021-04-05,48245.8515625,48335.51953125,47487.51953125,47575.609375,120250200
2021-04-06,47985.4296875,48238.671875,47876.08984375,48238.671875,106725000
2021-04-07,47897.83984375,48053.16015625,47478.62109375,47571.55078125,166002400
2021-04-08,48188.1484375,48315.3203125,47756.98046875,47853.55859375,148442300
2021-04-09,47627.671875,48253.12109375,47588.9296875,48185.078125,138001200
2021-04-12,47352.1796875,47754.51953125,47253.4609375,47576.3203125,116556700
2021-04-13,47503.7109375,47544.19140625,47138.33984375,47356.83984375,171055700
2021-04-14,48329.83984375,48380.75,47848.66015625,47949.1484375,148201400
2021-04-15,48514.1015625,48685.44140625,48195.30859375,48322.98046875,160703400
2021-04-16,48726.98046875,48947.19140625,48412.44140625,48513.33984375,129972900
2021-04-19,48072.62109375,48759.76171875,48029.7109375,48712.01953125,114200400
2021-04-20,48528.96875,48559.171875,47877.7109375,48073.44140625,150164800
2021-04-21,48867.62109375,49021.62890625,48476.609375,48476.609375,144621700
2021-04-22,49092.30859375,49161.19140625,48663.53125,48961.05078125,187482600
2021-04-23,49091.08984375,49226.26171875,48760.2109375,49087.0390625,155930600
2021-04-26,48923.9296875,49313.3203125,48862.421875,49188.0,125390100
2021-04-27,48812.171875,49399.62109375,48744.87109375,49115.078125,157373800
2021-04-28,48487.94140625,48988.1796875,48432.5703125,48840.921875,115918500
2021-04-29,48897.7890625,49364.37890625,48714.0703125,48799.87109375,171030900
2021-04-30,48009.71875,48911.8984375,47924.1015625,48671.26953125,238308000
2021-05-03,48498.640625,48585.48828125,48191.6796875,48191.6796875,91968600
2021-05-04,48328.19921875,48528.390625,48089.5703125,48498.71875,141953800
2021-05-05,48399.80078125,48723.80078125,48341.37109375,48366.26953125,114072200
2021-05-06,48934.91015625,49006.26953125,48456.37890625,48570.640625,241871300
2021-05-07,49249.01953125,49440.87890625,48894.828125,48988.671875,123993500
2021-05-10,49867.1484375,50124.6015625,49295.9609375,49295.9609375,118903200
2021-05-11,49655.2890625,49704.62109375,49226.23046875,49542.78125,118784100
2021-05-12,48748.41015625,49675.578125,48707.578125,49675.578125,122382500
2021-05-13,48829.30859375,49179.1015625,48704.23828125,48906.1015625,123511700
2021-05-14,49219.26171875,49365.62109375,48829.58984375,48829.58984375,91084600
2021-05-17,49371.98046875,49401.5703125,49049.828125,49223.359375,107674600
2021-05-18,49789.30859375,49973.828125,49486.91015625,49500.19140625,150170300
2021-05-19,49382.25,49563.58984375,48906.3203125,49563.58984375,141399100
2021-05-20,49907.359375,49980.4609375,49160.05859375,49604.96875,281425100
2021-05-21,49778.80859375,49997.8203125,49376.53125,49975.9609375,89459300
2021-05-24,49457.9296875,49853.76953125,49352.0703125,49847.30078125,70692000
2021-05-25,48826.94921875,49515.171875,48781.828125,49450.19921875,113002700
2021-05-26,49103.5,49254.609375,48907.6796875,48931.69140625,142775700
2021-05-27,49627.94921875,49727.80078125,49148.05859375,49188.01953125,487953200
2021-05-28,50040.73828125,50111.66015625,49411.0390625,49784.98828125,125683000
2021-05-31,50885.94921875,51066.859375,49952.80078125,50023.390625,56300100
2021-06-01,50722.3515625,51037.421875,50603.26171875,50943.23828125,155835500
2021-06-02,50749.640625,51077.2890625,50666.9609375,50762.4609375,166555600
2021-06-03,50628.76953125,50768.30078125,50249.109375,50716.01953125,150542500
2021-06-04,50484.3515625,50683.4609375,50222.91015625,50629.3203125,115113400
2021-06-07,51427.640625,51705.23046875,50493.73828125,50500.9609375,155900000
2021-06-08,50865.2109375,51391.51953125,50703.9609375,51391.51953125,144818900
2021-06-09,50823.30078125,50975.578125,50670.3203125,50853.19921875,121780500
2021-06-10,50886.328125,51194.83984375,50782.62109375,50938.640625,97691100
2021-06-11,51286.4609375,51434.75,50948.890625,51052.8984375,105546200
2021-06-14,51029.5390625,51322.62109375,50982.51953125,51293.62109375,84788000
2021-06-15,50908.1796875,51097.19921875,50807.58984375,51092.73828125,145221100
2021-06-16,50579.1015625,50951.76953125,50419.1015625,50944.12890625,143164200
2021-06-17,50202.80078125,50952.3203125,49995.078125,50599.94140625,178430900
2021-06-18,50319.5703125,50522.109375,49848.05078125,50121.08984375,420633700
2021-06-21,50315.69140625,50447.3203125,50107.05859375,50320.12890625,89256100
2021-06-22,50129.87890625,50437.75,49832.109375,50391.1796875,99972900
2021-06-23,50170.78125,50531.76171875,50044.390625,50164.078125,141137000
2021-06-24,50558.3203125,50682.12890625,50040.73828125,50316.671875,162838200
2021-06-25,50549.859375,50690.12109375,50434.5390625,50496.859375,116876100
2021-06-28,50351.2109375,50677.5703125,50103.75,50568.33984375,86499200
2021-06-29,50337.359375,50444.62109375,50156.12890625,50326.0,154947000
2021-06-30,50289.75,50469.98828125,50020.23046875,50350.6484375,147098800
2021-07-01,50376.890625,50541.8515625,50118.80859375,50244.01953125,108643200
2021-07-02,50223.01171875,50360.4609375,50162.71875,50351.26953125,88286200
2021-07-05,50552.80078125,50609.3984375,50239.28125,50239.28125,20040000
2021-07-06,50048.890625,50598.76171875,49643.9609375,50598.76171875,121858900
2021-07-07,50052.91015625,50219.4609375,49757.94140625,50129.01171875,124804600
2021-07-08,49570.87109375,49791.51171875,49355.12890625,49791.51171875,144305200
2021-07-09,49768.3515625,49994.5,49524.890625,49524.890625,81984500
2021-07-12,49789.12109375,49878.44140625,49516.3984375,49743.44921875,76648400
2021-07-13,49274.96875,49892.26953125,49074.73046875,49848.76171875,91260500
2021-07-14,49435.87890625,49520.421875,49177.01171875,49424.109375,164546700
2021-07-15,50274.8515625,50429.8984375,49494.8984375,49527.1796875,131898000
2021-07-16,50148.12890625,50243.80078125,49780.3203125,50226.671875,102484000
2021-07-19,49096.46875,49960.78125,48598.08984375,49960.78125,132901500
2021-07-20,49256.96875,49546.30078125,49136.6484375,49208.44140625,96872600
2021-07-21,50035.171875,50113.98828125,49249.5,49249.5,93416700
2021-07-22,50240.51171875,50340.1484375,49861.69140625,50081.4609375,108111900
2021-07-23,50268.44921875,50397.109375,50098.55859375,50324.5703125,59065400
2021-07-26,50897.7890625,51140.3515625,50290.83984375,50317.5703125,104723700
2021-07-27,50910.53125,51041.12109375,50606.12890625,50926.171875,144956000
2021-07-28,51344.109375,51366.96875,50890.44921875,50949.96875,118638300
2021-07-29,51634.6015625,51856.6796875,51282.66015625,51393.26171875,176416800
2021-07-30,50868.3203125,51516.66015625,50783.44921875,51516.66015625,195832800
2021-08-02,50869.48046875,51306.3515625,50795.8984375,50983.80078125,121946900
2021-08-03,51633.91015625,51695.23046875,50669.76953125,50872.26171875,175698100
2021-08-04,51195.4296875,51612.53125,50982.2890625,51611.28125,128723600
2021-08-05,51134.9296875,51441.55078125,50977.62890625,51224.171875,126826300
2021-08-06,51113.8515625,51392.7109375,51018.83984375,51028.76171875,118829900
2021-08-09,50900.4609375,51131.19921875,50806.23828125,51085.94921875,117862700
2021-08-10,51114.16015625,51263.48828125,50817.7890625,50988.26953125,109661500
2021-08-11,51311.6015625,51399.80078125,51068.03125,51192.91015625,122163000
2021-08-12,51049.69140625,51293.05078125,51000.12109375,51292.83984375,126606700
2021-08-13,51490.94140625,51529.0703125,51022.76953125,51103.5703125,100725100
2021-08-16,51384.91015625,51563.671875,51094.73046875,51380.05078125,88687600
2021-08-17,51576.578125,51634.48046875,51177.55859375,51413.62890625,208406000
2021-08-18,51986.078125,52082.5390625,51350.171875,51592.37890625,194605400
2021-08-19,51099.359375,51809.98828125,50776.98828125,51809.98828125,155079600
2021-08-20,51414.3203125,51593.33984375,50985.80078125,51256.25,127164900
2021-08-23,52054.640625,52227.91015625,51429.8984375,51429.8984375,112278800
2021-08-24,51985.0,52360.98828125,51895.28125,52022.73046875,136483500
2021-08-25,52345.390625,52381.390625,51946.51171875,52193.71875,123767400
2021-08-26,52290.69140625,52420.05859375,51944.5,52284.26171875,154050900
2021-08-27,52425.640625,52492.12890625,52188.921875,52492.12890625,124318800
2021-08-30,52602.0703125,52680.5,52127.3203125,52431.05078125,107082500
2021-08-31,53304.73828125,53375.890625,52618.46875,52631.328125,329112800
2021-09-01,52215.5390625,53400.26953125,52131.19921875,53400.26953125,147255900
2021-09-02,52087.46875,52261.41015625,51939.1484375,52196.98046875,115079200
2021-09-03,51835.08984375,52205.94921875,51738.8515625,52172.94140625,97441400
2021-09-06,52283.109375,52367.51953125,51769.53125,51829.94921875,20470300
2021-09-07,51950.44921875,52289.80859375,51791.640625,52289.73046875,115536800
2021-09-08,51469.71875,51865.48046875,51378.671875,51865.48046875,131633000
2021-09-09,51395.05859375,51508.73046875,51193.671875,51461.26171875,132670200
2021-09-10,51521.80078125,51786.71875,51441.0,51511.19921875,100823300
2021-09-13,51496.7109375,52047.3515625,51428.8203125,51556.828125,108932900
2021-09-14,51815.171875,51951.76171875,51297.19921875,51507.76171875,166224100
2021-09-15,52192.328125,52238.5,51782.8984375,51793.578125,174574100
2021-09-17,51307.7109375,52195.2109375,51266.33984375,52195.2109375,598584300
2021-09-20,50557.6484375,51264.30078125,50402.921875,51264.30078125,150617700
2021-09-21,50828.12890625,50950.37890625,50491.2890625,50687.4609375,143968300
2021-09-22,51338.33984375,51577.55859375,50852.03125,50879.62890625,134806300
2021-09-23,51464.26953125,51590.69921875,51306.94140625,51342.12890625,180099100
2021-09-24,51105.7109375,51426.33984375,51036.4609375,51378.921875,111610200
2021-09-27,51598.53125,51690.94921875,51047.94140625,51124.421875,132819900
2021-09-28,50925.51953125,51616.9296875,50877.21875,51609.5390625,169423900
2021-09-29,51084.609375,51287.87890625,50782.30078125,50994.359375,199580000
2021-09-30,51385.55078125,51409.390625,50963.828125,51189.91015625,196392600
2021-10-01,51060.05078125,51387.25,50850.6484375,51376.69140625,128083100
2021-10-04,50862.94140625,51401.890625,50757.859375,51066.23828125,95816200
2021-10-05,51056.94140625,51078.8515625,50810.828125,50904.9609375,144501500
2021-10-06,50974.48828125,51020.01171875,50558.16015625,50994.421875,152504600
2021-10-07,50876.98046875,51453.5390625,50838.96875,51085.859375,217620300
2021-10-08,51136.62109375,51398.44921875,50852.6484375,50899.33984375,124815100
2021-10-11,51646.75,51801.46875,51134.6015625,51134.6015625,98687800
2021-10-12,51835.87890625,52068.859375,51690.48046875,51755.23046875,124395700
2021-10-13,51812.87109375,51991.0703125,51518.2109375,51917.7109375,179795700
2021-10-14,52140.23828125,52302.078125,51929.75,51929.75,169512300
2021-10-15,52798.37890625,52849.87890625,52240.94140625,52240.94140625,172591700
2021-10-18,52686.03125,52942.26171875,52538.12109375,52834.7109375,127994100
2021-10-19,52402.73046875,52733.609375,52242.73046875,52672.4609375,127364900
2021-10-20,52298.19921875,52688.21875,52234.78125,52336.62890625,130915600
2021-10-21,52020.05078125,52252.390625,51521.94140625,52236.1015625,170061400
2021-10-22,51889.66015625,52250.55078125,51737.390625,51970.578125,142807500
2021-10-25,51833.80078125,52144.96875,51655.9609375,51892.3203125,123948700
2021-10-26,52206.58984375,52244.71875,51885.62890625,52051.62890625,138935500
2021-10-27,51714.6015625,52194.23046875,51648.859375,52189.609375,118290800
2021-10-28,51248.83984375,51767.421875,51200.3984375,51762.0,151378500
2021-10-29,51309.83984375,51503.578125,50997.109375,51193.83984375,145758900
2021-11-01,51653.26171875,51880.01953125,51353.609375,51353.609375,91186600
2021-11-03,51876.80859375,51965.51953125,51503.12890625,51648.83984375,203221300
2021-11-04,51873.4609375,51967.41015625,51338.69140625,51838.62890625,182211500
2021-11-05,51977.9609375,52220.3984375,51779.23828125,51907.26953125,197701000
2021-11-08,52251.48828125,52577.328125,51979.51171875,52000.2109375,201344200
2021-11-09,52114.12109375,52340.0,51778.03125,52250.48828125,183571400
2021-11-10,51704.3984375,52171.25,51590.51953125,52153.94140625,127670700
2021-11-11,51707.01171875,51815.51171875,51514.87890625,51767.80078125,134926600
2021-11-12,51432.5390625,51937.37109375,51350.359375,51739.87890625,184078600
2021-11-16,51161.5,51585.640625,51000.91015625,51422.12890625,211551200
2021-11-17,51045.1015625,51210.83984375,50678.33984375,51197.98046875,134527900
2021-11-18,50831.94921875,51243.96875,50552.44921875,51134.91015625,162724400
2021-11-19,50811.30078125,50891.390625,50535.109375,50724.2890625,143936400
2021-11-22,50497.078125,50945.890625,50407.28125,50864.01171875,136095800
2021-11-23,51116.3203125,51182.78125,50437.76953125,50447.828125,150734000
2021-11-24,50848.03125,51236.578125,50639.4296875,51157.05859375,181050100
2021-11-25,50625.0,50887.87890625,50580.48828125,50838.2109375,52596300
2021-11-26,49492.51953125,50480.5,49064.671875,50480.5,170088800
2021-11-29,49796.30078125,49875.69140625,49268.76953125,49520.30078125,242967200
2021-11-30,49698.71875,49873.859375,49116.94140625,49623.3984375,840279400
2021-12-01,50007.16015625,50752.12109375,49869.01171875,49879.76171875,223344700
2021-12-02,50927.37890625,50956.1484375,49900.80078125,50032.21875,159026600
2021-12-03,50597.2890625,51413.05859375,50528.8984375,50870.66015625,181641200
2021-12-06,50605.55859375,50842.3515625,50445.25,50590.859375,125368500
2021-12-07,50918.28125,51009.75,50501.19140625,50690.1484375,181685300
2021-12-08,51056.26953125,51121.0,50722.390625,50929.26171875,143869000
2021-12-09,51238.01953125,51305.44140625,50785.19921875,51060.8203125,147693500
2021-12-10,51213.48046875,51240.19140625,50935.6484375,51194.23046875,121603300
2021-12-13,50419.171875,51218.96875,50327.078125,51214.609375,246013200
2021-12-14,51241.46875,51481.69921875,50291.01953125,50401.21875,238023800
2021-12-15,51163.66015625,51291.03125,50728.98828125,51141.390625,182077000
2021-12-16,51384.05859375,51899.87109375,51147.28125,51264.55859375,142780800
2021-12-17,52379.37109375,52477.828125,51227.19921875,51296.05859375,510546300
2021-12-20,51623.859375,52333.26171875,51319.55078125,52333.26171875,121895900
2021-12-21,52085.28125,52188.41015625,51593.921875,51916.01953125,144351900
2021-12-22,52403.05078125,52450.8515625,51956.98828125,52146.01171875,113832100
2021-12-23,52650.91015625,52872.73828125,52355.3515625,52413.55859375,96501500
2021-12-24,52853.37890625,52901.71875,52548.58984375,52615.28125,5240400
2021-12-27,53259.55859375,53309.51171875,52558.8515625,52853.66015625,60916800
2021-12-28,53238.48046875,53630.53125,53106.3984375,53201.69140625,84095500
2021-12-29,52748.9296875,53500.3203125,52668.33984375,53223.76171875,57322300
2021-12-30,53175.25,53253.62109375,52752.73046875,52809.78125,83757300
2021-12-31,53272.44140625,53387.21875,53011.0703125,53099.76953125,48616100
2022-01-03,52941.01171875,53603.828125,52901.7109375,53278.109375,56603700
2022-01-04,53016.78125,53334.0,52888.73046875,53073.078125,105053500
2022-01-05,53024.1484375,53253.0703125,52909.7890625,52927.53125,110514300
2022-01-06,53055.30859375,53145.80859375,52768.80859375,52964.671875,145921900
2022-01-07,53202.109375,53244.91015625,52896.25,53020.12890625,104193500
2022-01-10,52835.76171875,53301.94140625,52809.109375,53202.83984375,116966800
2022-01-11,53061.921875,53121.46875,52740.3515625,52841.05078125,167682100
2022-01-12,53951.140625,53991.328125,53068.12109375,53068.12109375,161608700
2022-01-13,53930.44921875,54102.48828125,53793.75,53981.55078125,172794800
2022-01-14,53744.921875,53861.7109375,53476.91015625,53824.76953125,135837800
2022-01-17,53973.26953125,54219.140625,53742.37109375,53742.37109375,34731100
2022-01-18,53232.19921875,53987.62890625,53187.4609375,53985.4609375,141857000
2022-01-19,52823.23046875,53402.44140625,52679.1796875,53239.98828125,159266300
2022-01-20,52508.3515625,53017.390625,52424.69921875,52826.23046875,144882400
2022-01-21,51599.37890625,52432.0703125,51386.6796875,52432.0703125,192929500
2022-01-24,50890.58984375,51578.421875,49673.640625,51578.421875,212713200
2022-01-25,51104.390625,51285.48046875,50006.6484375,50792.0,220721800
2022-01-26,51037.05078125,51507.87890625,50871.6796875,51314.26953125,199201500
2022-01-27,50466.01953125,51282.03125,50408.578125,51208.23046875,203835100
2022-01-28,50661.859375,50919.37890625,50101.9296875,50522.0,214808200
2022-01-31,51330.8515625,51569.26171875,50631.62109375,50670.28125,229565500
2022-02-01,51782.671875,51856.28125,51290.7890625,51511.26953125,138327000
2022-02-02,52023.26953125,52120.640625,51766.16015625,51849.76171875,98044700
2022-02-03,51145.109375,51885.37109375,51099.890625,51846.44921875,147091600
2022-02-04,51255.30859375,51436.94140625,50850.3203125,51101.23046875,122401900
2022-02-08,52294.578125,52340.03125,51011.87109375,51281.26171875,175285900
2022-02-09,52761.91015625,52816.7890625,52314.05078125,52470.73828125,178162400
2022-02-10,52599.578125,52903.1484375,52371.9296875,52679.94140625,256316700
2022-02-11,53229.26171875,53630.05078125,52468.03125,52512.05859375,188380600
2022-02-14,52334.73046875,53232.26171875,52161.671875,53232.26171875,218800100
2022-02-15,53210.94140625,53520.23046875,52410.2890625,52430.3515625,189081300
2022-02-16,53680.859375,53901.91015625,53051.609375,53188.8984375,171986900
2022-02-17,52712.05859375,53680.2890625,52606.9609375,53613.5390625,147050500
2022-02-18,52281.53125,52828.51953125,52218.30859375,52723.48828125,126987300
2022-02-21,52025.1796875,52302.421875,51762.05078125,52281.53125,39446100
2022-02-22,52600.44921875,52664.37890625,51928.28125,52075.828125,186724800
2022-02-23,51362.94921875,52610.62890625,51252.6484375,52610.62890625,259407900
2022-02-24,51454.05078125,51589.96875,50003.08984375,50727.9296875,240722300
2022-02-25,52555.6015625,52600.05078125,51439.6484375,51488.578125,201522500
2022-02-28,53400.609375,53600.12109375,51990.91015625,52528.7109375,951227400
2022-03-01,53168.8203125,53855.4609375,52880.98046875,53403.890625,182506700
2022-03-02,53300.66015625,53610.0703125,53059.01171875,53292.94921875,198225700
2022-03-03,53528.01171875,54095.6484375,53235.5703125,53297.7890625,216851700
2022-03-04,53322.05078125,53450.5,52691.76171875,53450.5,226441200
2022-03-07,52312.609375,53354.94140625,51884.078125,53354.94140625,239255300
2022-03-08,53288.23046875,53555.91015625,52096.01171875,52393.4609375,266746200
2022-03-09,53911.76171875,54000.03125,53202.30078125,53202.30078125,221895300
2022-03-10,53387.62109375,54019.4296875,53316.01953125,53802.94921875,189252400
2022-03-11,53300.69921875,53806.2109375,53181.6796875,53514.8203125,152584900
2022-03-14,52807.62109375,53300.69921875,52427.578125,53300.69921875,242372000
2022-03-15,53010.01171875,53121.390625,52437.05078125,52735.69140625,324397600
2022-03-16,53411.87890625,53939.87890625,52997.109375,52997.109375,239444000
2022-03-17,54364.51171875,54447.0390625,53277.421875,53456.48046875,186804900
2022-03-18,55467.05859375,55788.87109375,53815.4296875,54413.91015625,770890800
2022-03-22,55722.48046875,55902.28125,55205.640625,55468.109375,244986500
2022-03-23,55154.6796875,55712.8203125,55026.421875,55634.9609375,155675600
2022-03-24,55829.859375,55907.48828125,54990.0703125,55198.5390625,163274100
2022-03-25,55436.05078125,55850.828125,55004.37890625,55833.1484375,145206600
2022-03-28,55685.140625,55779.73046875,55335.859375,55436.44921875,122106400
2022-03-29,56111.2109375,56276.390625,55517.3203125,55590.46875,244298600
2022-03-30,55814.98828125,56174.55859375,55526.96875,56129.46875,214854100
2022-03-31,56536.6796875,56730.53125,55811.3984375,55811.3984375,226310800
2022-04-01,56609.5390625,57064.16015625,56274.78125,56530.55859375,184368800
2022-04-04,56313.2109375,56783.6796875,56181.33984375,56610.03125,102837400
2022-04-05,55547.2890625,56296.12109375,55395.01171875,56218.23046875,179414900
2022-04-06,55438.73046875,55851.26171875,55323.0,55562.96875,188733200
2022-04-07,55280.58984375,55646.2890625,55195.51171875,55494.69921875,241694700
2022-04-08,54687.25,55350.05859375,54591.73046875,55338.640625,117204900
2022-04-11,54463.828125,54678.05078125,54279.6484375,54678.05078125,115515000
2022-04-12,53907.25,54809.109375,53750.828125,54624.30078125,186074800
2022-04-13,54172.62109375,54414.12109375,53697.421875,53976.8203125,102401200
2022-04-18,54139.69140625,54582.7890625,54063.78125,54172.62109375,101327700
2022-04-19,54633.76171875,54718.33984375,54175.48046875,54219.609375,154399600
2022-04-20,53831.0390625,54695.19140625,53771.48828125,54676.05859375,185718700
2022-04-21,53267.30859375,54329.3203125,53077.98828125,53997.671875,154712000
2022-04-22,53191.78125,53641.01171875,53027.19921875,53258.3203125,143319000
2022-04-25,52640.828125,53183.12109375,52509.44921875,53183.12109375,183382500
2022-04-26,52512.7109375,52894.05078125,52324.66015625,52699.1796875,185412800
2022-04-27,52351.2109375,52807.08984375,52212.640625,52627.1796875,160228000
2022-04-28,52614.171875,52793.87109375,51658.109375,52792.51953125,231710500
2022-04-29,51417.96875,52809.37890625,51315.0390625,52502.5,214867600
2022-05-02,51887.46875,51922.7109375,51125.71875,51426.26953125,128409600
2022-05-03,51066.55859375,51896.8515625,50954.98828125,51896.171875,161134800
2022-05-04,51432.62890625,51565.6015625,50588.921875,51032.23828125,149755900
2022-05-05,50529.94921875,51264.609375,50357.55078125,51264.609375,202483000
2022-05-06,49541.80859375,50435.609375,49451.28125,50435.609375,163382400
2022-05-09,49057.4609375,49419.01953125,48669.2109375,49419.01953125,161518100
2022-05-10,49115.859375,49435.5390625,49005.01171875,49149.19140625,257006900
2022-05-11,49276.23046875,49618.3515625,49005.890625,49087.26171875,234792100
2022-05-12,49309.3203125,49732.05078125,48701.25,49061.12109375,249591800
2022-05-13,49579.8984375,49726.51953125,49127.2890625,49486.109375,212868300
2022-05-16,50563.98046875,50823.0390625,49472.51171875,49604.94921875,177674700
2022-05-17,51464.03125,51634.19140625,50739.66015625,50781.7890625,204554800
2022-05-18,50394.03125,51390.51953125,49990.48828125,51390.51953125,304797400
2022-05-19,51289.91015625,51590.328125,50050.4609375,50212.98046875,238825200
2022-05-20,51518.30078125,51868.44140625,51326.9296875,51512.44921875,202798600
2022-05-23,51376.890625,51989.01953125,51341.19140625,51621.71875,139723000
2022-05-24,51304.0390625,51374.3984375,50866.1484375,51149.46875,241737800
2022-05-25,51717.0703125,52082.46875,51216.98828125,51243.94921875,281231100
2022-05-26,52143.0,52295.3203125,52058.3203125,52203.69140625,183854400
2022-05-27,52463.55078125,52617.30859375,51871.921875,52154.25,172807100
2022-05-30,52162.078125,52745.98046875,51922.46875,52438.7890625,83107700
2022-05-31,51752.53125,52290.1796875,51269.51953125,52116.37109375,1347137000
2022-06-01,51506.1484375,51820.6796875,51309.58984375,51739.87109375,173881500
2022-06-02,50971.37890625,51545.51953125,50641.78125,51522.1796875,193382200
2022-06-03,50689.05078125,50919.37890625,50482.8515625,50874.171875,154569900
2022-06-06,50060.53125,51029.28125,50014.671875,50723.91015625,116109400
2022-06-07,50139.19921875,50183.8203125,49409.73046875,49840.71875,138432800
2022-06-08,49819.30078125,50192.359375,49629.03125,50088.94140625,165133200
2022-06-09,49290.21875,50012.62109375,49229.80859375,49854.73046875,154551700
2022-06-10,48471.51953125,49147.19921875,48398.78125,49147.19921875,137514100
2022-06-13,48445.30078125,48717.671875,47775.83984375,48408.19921875,251393900
2022-06-14,48164.46875,48677.109375,48083.16015625,48557.46875,191851500
2022-06-15,48344.96875,48610.30078125,48137.6484375,48388.1484375,175223100
2022-06-16,47558.51171875,48202.44921875,47323.359375,48202.44921875,212049600
2022-06-17,48016.23046875,48156.7109375,47488.30078125,47682.91015625,732174800
2022-06-20,47780.71875,48007.21875,47680.1484375,47996.71875,40474000
2022-06-21,48104.37890625,48321.171875,47732.421875,47761.48046875,131257800
2022-06-22,47144.359375,47878.140625,47076.26953125,47878.140625,146701200
2022-06-23,46657.87890625,47222.62109375,46547.2109375,47175.6796875,157675800
2022-06-24,47741.5,47852.91015625,46344.94140625,46642.41015625,175537000
2022-06-27,48294.828125,48390.859375,47696.421875,47781.3515625,124213200
2022-06-28,48435.44921875,48796.23046875,48049.8984375,48363.7890625,181975500
2022-06-29,48061.609375,48532.6796875,47916.8515625,48446.2890625,170560000
2022-06-30,47524.44921875,47918.62890625,47188.28125,47918.62890625,228806100
2022-07-01,47743.1484375,47910.6796875,47135.1796875,47543.3515625,94921000
2022-07-04,48036.37890625,48584.140625,47705.26953125,47740.3203125,39309500
2022-07-05,47503.21875,47987.58984375,46940.921875,47987.58984375,140760700
2022-07-06,47722.2890625,47778.94921875,47292.08984375,47572.94140625,139454100
2022-07-07,47374.37890625,48056.9296875,47311.98046875,47828.33984375,200398800
2022-07-08,47582.109375,47624.08984375,46927.0703125,47214.7109375,120673200
2022-07-11,47369.890625,47572.58984375,47182.8984375,47541.4609375,88214700
2022-07-12,47651.51953125,47800.359375,47310.80078125,47310.80078125,159926100
2022-07-13,47461.3515625,47706.140625,46882.1484375,47448.30859375,196275800
2022-07-14,46741.30859375,47357.109375,46581.3203125,47325.5390625,149203900
2022-07-15,47075.87109375,47121.12109375,46691.76171875,46819.37890625,83235300
2022-07-18,46923.19921875,47482.75,46855.2109375,47198.01171875,84307500
2022-07-19,47259.23046875,47511.1484375,46805.890625,47090.23046875,123132600
2022-07-20,47132.48828125,47348.421875,46964.390625,47213.01953125,109174900
2022-07-21,47416.37109375,47488.28125,46767.73828125,47223.1015625,118342500
2022-07-22,47264.859375,47595.7890625,47165.37890625,47477.69140625,110077800
2022-07-25,47202.640625,47577.44140625,47154.21875,47254.55078125,97196700
2022-07-26,46674.30078125,47265.859375,46485.578125,47217.37890625,146328800
2022-07-27,46842.921875,46919.55859375,46164.26953125,46794.69140625,171553400
2022-07-28,48112.26953125,48174.26953125,46846.390625,46846.390625,155700600
2022-07-29,48144.328125,48338.8984375,48017.05859375,48057.7890625,231038800
2022-08-01,47384.55859375,48417.03125,47321.53125,48094.46875,140579600
2022-08-02,46902.69140625,47429.0390625,46639.109375,47378.3515625,170767900
2022-08-03,46989.609375,47218.05078125,46742.94140625,46997.328125,177168600
2022-08-04,46916.171875,47870.48046875,46528.0,47063.01171875,183020000
2022-08-05,46723.4296875,47023.76171875,46283.75,46688.19140625,137289900
2022-08-08,47354.859375,47422.37109375,46787.91015625,46787.91015625,162831900
2022-08-09,47241.80859375,47349.44140625,47050.1796875,47148.12890625,141712900
2022-08-10,47808.2109375,48311.921875,47349.5703125,47349.5703125,182307700
2022-08-11,48460.55078125,48536.66015625,47691.078125,47876.66015625,203934500
2022-08-12,48853.37109375,48909.171875,48429.69140625,48546.98828125,119225000
2022-08-15,48638.359375,48896.1015625,48595.12890625,48770.30859375,92224300
2022-08-16,48801.6796875,48944.48828125,48537.37890625,48624.94921875,156297900
2022-08-17,48734.0390625,48828.890625,48406.44140625,48786.30078125,128935100
2022-08-18,48729.80078125,48796.890625,48270.23046875,48796.890625,104554100
2022-08-19,48463.26171875,48698.03125,48386.4296875,48677.98046875,92410900
2022-08-22,48016.609375,48464.21875,47842.62109375,48366.140625,123130500
2022-08-23,47974.03125,48180.98046875,47738.859375,48062.0703125,135145100
2022-08-24,47449.73046875,48133.71875,47393.078125,47936.37890625,109536100
2022-08-25,47724.23828125,47830.58984375,47320.51171875,47449.6796875,109286200
2022-08-26,47272.109375,47754.3203125,46992.75,47711.01953125,87461400
2022-08-29,46322.1015625,47105.8984375,46247.28125,47105.8984375,137708400
2022-08-30,45922.05078125,46398.46875,45671.2109375,46336.96875,121982300
2022-08-31,44919.21875,46055.171875,44844.1796875,45909.890625,508029500
2022-09-01,45383.8515625,45701.46875,44518.73046875,44851.23046875,176982700
2022-09-02,45888.62890625,46166.5390625,45543.7890625,45811.16015625,135191700
2022-09-05,46026.078125,46087.30859375,45535.62890625,45905.859375,19206900
2022-09-06,45902.890625,46196.98828125,45645.76171875,46084.83984375,133687400
2022-09-07,46056.96875,46169.4609375,45482.76953125,45870.98046875,153894000
2022-09-08,46283.33984375,46381.12109375,45834.3515625,46170.0703125,127710900
2022-09-09,47042.94140625,47072.98828125,46412.05078125,46435.3984375,97818900
2022-09-12,47860.48046875,47944.6015625,47124.62109375,47168.109375,117725700
2022-09-13,47039.73828125,47826.640625,46981.96875,47671.98828125,180099200
2022-09-14,46745.1484375,47236.421875,46709.578125,47063.0703125,167995700
2022-09-15,46769.78125,47027.5,46545.12890625,46742.109375,784062000
2022-09-19,46793.58984375,46863.53125,46098.859375,46712.12890625,201318000
2022-09-20,47068.53125,47284.140625,46613.25,46983.03125,220064400
2022-09-21,46992.51171875,47432.51953125,46906.30859375,47111.328125,198285100
2022-09-22,46324.921875,46957.62890625,46154.87109375,46957.62890625,139049400
2022-09-23,45395.94140625,46151.671875,45069.01953125,46149.08984375,150708000
2022-09-26,44808.55859375,45514.5,44740.05078125,45410.859375,123142600
2022-09-27,45006.109375,45309.87109375,44811.6484375,44886.44921875,130316900
2022-09-28,45442.2109375,45826.94921875,44841.51171875,45045.0390625,197478500
2022-09-29,45102.55078125,45626.6015625,44764.26953125,45293.8984375,154766900
2022-09-30,44626.80078125,45300.2890625,44558.80859375,45094.6796875,200732700
2022-10-03,45429.75,45501.0,44686.640625,44779.19921875,197701400
2022-10-04,46046.578125,46139.1796875,45553.2890625,45644.03125,178324500
2022-10-05,45845.828125,45957.37109375,45553.55859375,45957.37109375,163777800
2022-10-06,46326.6796875,46654.91015625,45787.3203125,45853.6796875,185451400
2022-10-07,45728.87109375,46176.51953125,45630.0703125,46176.51953125,152493900
2022-10-10,45457.12109375,46077.08984375,45388.6015625,45688.1484375,98822100
2022-10-11,45792.98828125,46245.01953125,45026.4296875,45418.55859375,177457300
2022-10-12,45679.83984375,46114.28125,45501.73046875,45759.2890625,182445600
2022-10-13,45766.94140625,46074.3984375,45040.421875,45467.4296875,211616800
2022-10-14,45443.3515625,46062.58984375,45380.1796875,45859.01171875,161594500
2022-10-17,46220.71875,46437.80078125,45616.0,45633.30078125,182073800
2022-10-18,46309.23046875,46699.4609375,46116.390625,46395.19921875,218525800
2022-10-19,46217.44140625,46439.01171875,46010.76171875,46306.3203125,180149200
2022-10-20,46315.41015625,46517.33984375,45914.578125,46299.80859375,300035500
2022-10-21,47120.078125,47172.328125,46306.7109375,46351.0390625,185022300
2022-10-24,47765.23828125,47967.140625,47065.421875,47088.171875,187700900
2022-10-25,48641.26953125,48682.05859375,47558.73046875,47707.6015625,257303800
2022-10-26,49327.109375,49408.26953125,48501.55078125,48596.48046875,309657400
2022-10-27,48892.55859375,49361.578125,48805.41015625,49293.76953125,228084700
2022-10-28,49086.30078125,49131.390625,48482.8984375,48896.359375,130269800
2022-10-31,49922.30078125,49990.94140625,48873.171875,49110.671875,188740200
2022-11-01,50864.8515625,50905.671875,50004.421875,50004.421875,184332800
2022-11-03,50215.87109375,50653.87109375,49431.48046875,50653.87109375,256662200
2022-11-04,51173.75,51319.87890625,50530.19921875,50565.16015625,145797800
2022-11-07,50760.171875,51547.48046875,50540.03125,51166.859375,174276800
2022-11-08,50888.46875,51093.05078125,50510.83984375,50773.9609375,198409900
2022-11-09,50545.76171875,51232.91015625,50333.12109375,50822.640625,180419300
2022-11-10,51031.7109375,51541.62890625,50839.37109375,50953.171875,173193500
2022-11-11,51959.19921875,52126.8984375,51086.48046875,51086.48046875,194494200
2022-11-14,51785.12890625,52016.44140625,51565.3515625,51915.62890625,187694100
2022-11-15,51655.6796875,52457.140625,51369.30859375,51985.33984375,151830700
2022-11-16,51544.94140625,51710.640625,51362.578125,51526.390625,174857500
2022-11-17,51360.87109375,51559.41015625,51057.37890625,51377.05078125,145243200
2022-11-18,51569.71875,52040.03125,51326.890625,51468.578125,266751800
2022-11-22,51760.5390625,52371.01953125,51579.28125,51614.16015625,221256400
2022-11-23,51993.94921875,52258.73046875,51710.01953125,51710.01953125,161114500
2022-11-24,51979.01171875,52245.078125,51714.1796875,51990.609375,28413500
2022-11-25,51668.640625,51968.3203125,51289.91015625,51968.3203125,74038400
2022-11-28,51081.328125,52120.23046875,51030.8984375,51619.80859375,132152000
2022-11-29,50174.05859375,51237.91015625,50111.48828125,51044.4296875,164540000
2022-11-30,51684.859375,51800.359375,50125.80859375,50200.9296875,741512300
2022-12-01,51457.55078125,51811.171875,51027.578125,51649.6015625,185457400
2022-12-02,51234.37109375,51647.8515625,51030.4296875,51407.9609375,153348400
2022-12-05,50799.4609375,51298.01171875,50715.01171875,51197.73046875,105068700
2022-12-06,51020.6484375,51481.80859375,50494.62890625,50683.1015625,149912000
2022-12-07,50725.9609375,51311.3984375,50645.19140625,51044.03125,141194800
2022-12-08,51078.69921875,51298.859375,50721.5,50721.5,123034000
2022-12-09,50466.25,51170.890625,50423.73828125,51170.62109375,121540600
2022-12-13,50333.1015625,51084.44140625,50240.44921875,50638.8203125,284653100
2022-12-14,50047.69921875,50452.640625,49781.71875,50430.94140625,170810200
2022-12-15,49342.33984375,49976.48828125,49281.23046875,49972.94921875,278214000
2022-12-16,49630.1484375,49686.7890625,49113.7109375,49361.51171875,377277200
2022-12-19,49946.1015625,50058.30078125,49534.6484375,49694.69140625,96795700
2022-12-20,50139.421875,50406.5703125,49978.44921875,49978.44921875,101775700
2022-12-21,50426.26171875,50791.37890625,50034.8515625,50182.328125,96007300
2022-12-22,50097.21875,50518.0,49648.109375,50455.890625,84251200
2022-12-23,50578.08984375,50759.66015625,49864.6484375,50052.48046875,74942400
2022-12-26,50273.890625,50712.390625,50211.37109375,50530.62890625,11411000
2022-12-27,50440.01953125,50838.6484375,50277.12109375,50305.69921875,54768700
2022-12-28,49648.2109375,50491.08984375,49605.37890625,50432.78125,73263800
2022-12-29,49517.859375,50209.7890625,49461.51953125,49708.671875,63993800
2022-12-30,48463.859375,49619.33984375,48383.19921875,49524.328125,119821400
2023-01-02,48993.23828125,49136.94140625,48478.94140625,48506.0390625,10617600
2023-01-03,49050.4609375,49180.19140625,48881.98828125,48970.55078125,64955500
2023-01-04,50161.26953125,50388.609375,48966.12109375,49013.30859375,113054700
2023-01-05,50805.2109375,50971.66015625,50077.71875,50150.76953125,139834800
2023-01-06,51730.5,52004.828125,50618.30859375,50800.83984375,109031000
2023-01-09,52280.05078125,52460.48046875,51744.83984375,51770.1015625,126915200
2023-01-10,52344.01953125,52564.109375,52180.8515625,52297.7109375,131270700
2023-01-11,53209.0,53508.75,52348.44921875,52348.44921875,155651700
2023-01-12,53593.859375,53859.0,53215.51171875,53228.44921875,173800900
2023-01-13,53576.71875,53903.8984375,53371.6484375,53564.9296875,128172400
2023-01-16,53631.890625,53720.859375,53336.33984375,53591.87890625,46998100
2023-01-17,53128.96875,53580.0,52936.91015625,53580.0,132114900
2023-01-18,53218.828125,53590.4296875,53150.78125,53256.25,133000900
2023-01-19,53382.6484375,53783.609375,53070.78125,53215.41015625,154775500
2023-01-20,53947.0390625,54112.359375,53201.6796875,53430.2109375,121184400
2023-01-23,54341.25,54810.94921875,53943.0,53965.28125,115614600
2023-01-24,54870.5,55071.578125,54392.66015625,54392.66015625,142789100
2023-01-25,54871.359375,54972.1796875,54474.62890625,54878.5,148445100
2023-01-26,55164.01171875,55309.62109375,54866.19921875,54885.71875,131941600
2023-01-27,54774.91015625,55309.96875,54650.609375,55188.8515625,142811800
2023-01-30,54521.4296875,54795.91015625,54400.7890625,54767.41015625,121761800
2023-01-31,54564.26953125,54683.828125,54244.71875,54480.51953125,248463200
2023-02-01,55018.91015625,55072.23046875,54410.37109375,54555.91015625,148364300
2023-02-02,53874.91015625,55173.578125,53733.69921875,55040.19140625,160007000
2023-02-03,54049.05078125,54186.1015625,53737.609375,53833.73046875,183416400
2023-02-07,53335.51171875,54079.48828125,53238.140625,54001.55859375,195440800
2023-02-08,53125.01171875,53566.6484375,52578.03125,53276.7890625,165032900
2023-02-09,52801.4296875,53460.8984375,52684.640625,53229.6015625,134110600
2023-02-10,52482.01953125,52880.671875,52141.140625,52850.48828125,156046900
2023-02-13,53050.828125,53286.83984375,52473.6796875,52476.2890625,145585400
2023-02-14,52663.12109375,53395.80078125,52466.078125,53225.19921875,226066600
2023-02-15,53422.23828125,53486.51171875,52463.890625,52577.8984375,202987100
2023-02-16,54015.8203125,54143.609375,53327.0390625,53536.62890625,159906900
2023-02-17,53789.640625,53993.51171875,53483.73828125,53927.03125,151560000
2023-02-20,53908.55078125,54006.76953125,53823.33984375,53832.19140625,22508100
2023-02-21,53239.94921875,54087.19140625,52960.3203125,53882.390625,175824900
2023-02-22,53180.98828125,53448.44140625,52820.5,53266.9296875,187947000
2023-02-23,53085.7109375,53345.58984375,52789.078125,53274.140625,184956000
2023-02-24,52686.23828125,53055.6796875,52420.640625,53055.6796875,141885800
2023-02-27,53013.62109375,53195.55859375,52599.359375,52739.421875,129313000
2023-02-28,52758.05859375,53048.08984375,52495.859375,52964.671875,557285900
2023-03-01,53473.4609375,53717.140625,52658.55859375,52720.3984375,160010700
2023-03-02,53329.53125,53583.4296875,53014.73828125,53503.58984375,168720500
2023-03-03,54182.26953125,54409.37109375,53347.6015625,53381.21875,179820700
2023-03-06,53924.19140625,54326.109375,53889.69140625,54146.1015625,133175400
2023-03-07,53068.73046875,53902.62109375,53006.44140625,53892.01953125,191127900
2023-03-08,53388.66015625,53440.5,53067.3984375,53099.640625,128080500
2023-03-09,53426.76953125,53740.890625,53287.5,53390.05078125,185544000
2023-03-10,52794.53125,53507.140625,52716.9609375,53478.1796875,159728500
2023-03-13,53012.25,53615.078125,52227.171875,52788.2890625,185734500
2023-03-14,52691.66015625,53486.7109375,52644.23828125,53065.6796875,176792200
2023-03-15,52085.6015625,52689.3984375,51860.328125,52547.3203125,158520400
2023-03-16,52505.69921875,52876.44140625,52113.640625,52156.19140625,152652700
2023-03-17,51925.609375,52656.41015625,51814.6796875,52505.609375,786817800
2023-03-21,52652.6484375,52786.6796875,52131.37890625,52282.98046875,156817200
2023-03-22,52550.3984375,53019.2109375,52485.37109375,52670.640625,174005300
2023-03-23,52827.9296875,53089.109375,52556.1796875,52589.98046875,148945100
2023-03-24,52771.12109375,52938.25,52415.19140625,52691.03125,144755400
2023-03-27,52851.421875,53080.5390625,52740.78125,52792.75,154251700
2023-03-28,53209.1015625,53705.37890625,52807.48046875,52894.390625,168610900
2023-03-29,53882.94921875,53942.94921875,53202.53125,53259.37890625,179199200
2023-03-30,54198.94140625,54468.5703125,53874.98046875,53878.23828125,186356800
2023-03-31,53904.0,54604.0703125,53828.55859375,54233.25,242075000
2023-04-03,53896.3515625,54040.48046875,53611.26953125,54037.671875,84719200
2023-04-04,54176.01171875,54532.078125,53810.9296875,53913.1015625,97863900
2023-04-05,53498.390625,54230.66015625,53308.0703125,54171.16015625,73152200
2023-04-10,54246.53125,54310.078125,53446.671875,53473.7109375,0
2023-04-11,54604.62890625,54775.80859375,53964.23828125,53964.23828125,162207200
2023-04-12,54333.12109375,54815.91015625,54072.69140625,54527.03125,152655400
2023-04-13,54695.78125,54908.53125,54336.30859375,54359.30859375,220218800
2023-04-14,54460.05859375,54862.5390625,54200.3203125,54748.53125,170784200
2023-04-17,54778.9296875,54858.73046875,54406.08984375,54444.6796875,199028600
2023-04-18,54385.51953125,54924.75,54293.76171875,54747.58984375,153784700
2023-04-19,54308.08984375,54637.41015625,54155.4609375,54300.9609375,191532900
2023-04-20,54293.7109375,54674.48046875,54227.30859375,54311.0,138852000
2023-04-21,54175.28125,54468.609375,53662.91015625,54451.7109375,172005600
2023-04-24,54713.69921875,54745.578125,54089.328125,54203.80078125,136716300
2023-04-25,54371.08984375,54734.12890625,54301.75,54569.69140625,134099200
2023-04-26,54023.3203125,54633.96875,53902.05078125,54356.359375,196553700
2023-04-27,54442.171875,54501.26171875,54020.609375,54079.5390625,159097300
2023-04-28,55121.21875,55178.62109375,54436.51953125,54453.5390625,241583200
2023-05-02,55179.4296875,55229.37890625,54689.359375,55059.26171875,248185000
2023-05-03,54947.01171875,55323.6484375,54919.7890625,55216.12890625,172724800
2023-05-04,54667.2109375,55264.6015625,54593.05859375,54971.4296875,158878300
2023-05-05,54937.390625,55047.8515625,54699.58984375,54747.83984375,206689500
2023-05-08,55033.12109375,55265.3984375,54843.21875,54989.640625,140876800
2023-05-09,55452.73046875,55497.828125,54899.359375,54959.828125,170680700
2023-05-10,55534.6796875,55626.51171875,55303.83984375,55378.41015625,187111800
2023-05-11,55014.16015625,55518.7890625,54852.2890625,55472.2109375,195598400
2023-05-12,54948.33984375,55290.41015625,54724.1796875,55009.359375,165219800
2023-05-15,55261.421875,55375.921875,54890.62890625,54993.48046875,174056800
2023-05-16,55180.96875,55589.71875,55136.1015625,55246.171875,183963200
2023-05-17,55067.37109375,55441.671875,55005.05859375,55309.01953125,172672200
2023-05-18,55263.109375,55290.7109375,54961.921875,55107.640625,175582500
2023-05-19,54296.05078125,55534.3203125,54244.7890625,55197.55078125,168179000
2023-05-22,53466.3203125,54746.26171875,53352.359375,54305.6796875,182836400
2023-05-23,53123.21875,53722.75,52997.3203125,53463.421875,183641600
2023-05-24,53393.3984375,53609.37890625,53146.140625,53483.1484375,212096500
2023-05-25,53744.6796875,53883.37890625,53159.359375,53356.76171875,214652400
2023-05-26,54025.44921875,54233.5703125,53288.1484375,53801.53125,202093800
2023-05-29,54212.671875,54347.8515625,53911.5703125,54002.6484375,156707500
2023-05-30,53341.8515625,54232.2890625,53105.30859375,54232.2890625,530814200
2023-05-31,52736.26171875,53499.69921875,52575.140625,53268.58984375,1385522200
2023-06-01,52724.03125,53134.859375,52687.4296875,52803.578125,236517300
2023-06-02,53232.7109375,53401.26171875,52777.4296875,52791.890625,223672700
2023-06-05,53536.05078125,53649.578125,53238.62890625,53262.26953125,137805700
2023-06-06,54432.19140625,54486.19140625,53578.23046875,53596.44921875,247761200
2023-06-07,54291.44140625,54712.08984375,54248.5,54487.19921875,261542000
2023-06-08,54338.1796875,54407.890625,53851.73828125,54064.0,226338000
2023-06-09,54512.140625,54796.94140625,54295.53125,54331.640625,211648900
2023-06-12,54278.12109375,54547.87890625,54187.0703125,54475.19140625,140883900
2023-06-13,54574.75,54611.9609375,54149.8984375,54347.28125,194688500
2023-06-14,55145.4296875,55182.30859375,54557.171875,54629.328125,316957900
2023-06-15,55344.25,55407.71875,54977.078125,55130.41015625,213576400
2023-06-16,54842.51171875,55337.69140625,54783.25,55172.6484375,642615800
2023-06-19,54931.05859375,55074.7890625,54887.328125,54953.8203125,29019400
2023-06-20,54365.6796875,54975.87890625,54286.62890625,54965.8984375,233328700
2023-06-21,54063.91015625,54353.0,53810.8515625,54334.171875,174711000
2023-06-22,53563.30859375,54031.83984375,53438.8515625,53998.80859375,143284400
2023-06-23,53341.91015625,53690.359375,53127.21875,53690.05859375,136728100
2023-06-26,53335.73828125,53506.078125,53262.75,53354.2890625,160594700
2023-06-27,53926.91015625,54008.03125,53212.73046875,53295.62109375,206317300
2023-06-28,53460.05859375,53991.3515625,53293.2109375,53914.171875,186447500
2023-06-29,53585.21875,53733.8515625,53370.8984375,53411.7109375,157071300
2023-06-30,53526.1015625,53778.98828125,53344.76953125,53667.96875,222472200
2023-07-03,54399.1015625,54476.66015625,53483.69140625,53536.94140625,88059600
2023-07-04,53930.859375,54501.578125,53863.859375,54408.078125,23253000
2023-07-05,54039.66015625,54099.859375,53710.390625,53945.5,183541100
2023-07-06,53407.69921875,54053.8203125,53117.58984375,54053.8203125,213520400
2023-07-07,53904.2890625,54128.640625,53266.69140625,53409.3203125,168034000
2023-07-10,53655.3515625,53991.75,53562.23828125,53991.75,133520600
2023-07-11,54138.140625,54189.51171875,53339.37890625,53636.9609375,173358400
2023-07-12,53956.7109375,54222.80078125,53855.41015625,54168.171875,237858800
2023-07-13,54244.01171875,54605.5,53972.94921875,54036.03125,190638300
2023-07-14,53770.80078125,54264.91015625,53704.55078125,54264.91015625,152709100
2023-07-17,53623.26953125,53934.890625,53409.859375,53652.12109375,98350000
2023-07-18,54036.26953125,54183.3515625,53479.44140625,53641.75,166021400
2023-07-19,53740.16015625,54333.01953125,53681.91015625,54060.44140625,206091900
2023-07-20,53561.37109375,53793.30078125,53436.1015625,53654.671875,127340300
2023-07-21,53702.16015625,53782.71875,53336.23828125,53336.23828125,138248100
2023-07-24,53518.91015625,53724.1015625,53329.96875,53701.4609375,247229800
2023-07-25,54013.578125,54097.23828125,53570.03125,53599.23046875,296826400
2023-07-26,54502.08984375,54544.1484375,53750.01953125,54077.37109375,217661200
2023-07-27,54753.390625,54895.25,54324.71875,54576.890625,269781500
2023-07-28,54945.26953125,55169.48828125,54593.16015625,54707.078125,200942200
2023-07-31,54819.05078125,55244.8203125,54717.55078125,54998.421875,202298400
2023-08-01,54210.62109375,54901.8984375,54154.7890625,54791.48046875,185015800
2023-08-02,53283.55859375,54185.828125,53206.26953125,54185.828125,223695000
2023-08-03,53445.08984375,53543.390625,53019.21875,53245.8203125,231549400
2023-08-04,53991.421875,54056.80859375,53397.171875,53492.30859375,178687600
2023-08-07,54032.828125,54151.28125,53761.7109375,54014.73828125,202503600
2023-08-08,53663.01953125,54063.140625,53341.71875,53914.19140625,219128700
2023-08-09,54220.73828125,54251.76171875,53633.73828125,53685.5390625,271649000
2023-08-10,53889.03125,54435.4296875,53709.078125,54212.7890625,179073400
2023-08-11,53242.16015625,53938.08984375,53171.01953125,53888.62109375,293772900
2023-08-14,53291.44140625,53474.69921875,52818.87890625,53244.421875,231353200
2023-08-15,53585.0703125,53732.41015625,53116.6015625,53222.1484375,236881000
2023-08-16,53827.7109375,53953.3515625,53488.8515625,53520.421875,334271000
2023-08-17,53201.44140625,53968.9609375,53173.109375,53891.71875,290456200
2023-08-18,53194.390625,53291.80859375,52610.140625,53134.69140625,160170800
2023-08-21,53109.76171875,53302.69140625,52681.109375,53286.2109375,186731100
2023-08-22,53127.9296875,53205.41015625,52935.421875,53163.62109375,208217800
2023-08-23,53635.33984375,53784.2890625,53099.3515625,53136.6015625,217799800
2023-08-24,53109.828125,53700.37890625,52881.71875,53617.671875,218952200
2023-08-25,53191.53125,53472.76953125,52881.6796875,52995.6484375,185115900
2023-08-28,53442.640625,53773.5,53193.8515625,53193.8515625,169203400
2023-08-29,54261.328125,54324.80078125,53342.19921875,53472.62890625,217468200
2023-08-30,54390.73828125,54604.19140625,54158.9296875,54262.8203125,310295900
2023-08-31,53020.98046875,54375.83984375,52875.80078125,54375.83984375,2341620200
2023-09-01,53145.359375,53661.62109375,53011.171875,53233.1484375,129619300
2023-09-04,53030.51953125,53317.3984375,52984.1796875,53161.609375,48500000
2023-09-05,52932.5,53227.80859375,52816.9296875,53057.609375,212425500
2023-09-06,52971.19140625,53112.3515625,52710.3203125,52930.2109375,220562100
2023-09-07,52482.96875,53100.46875,52454.44921875,53100.46875,169522600
2023-09-08,52505.109375,52604.76171875,52211.01953125,52442.41015625,204695700
2023-09-11,52267.48828125,52748.51171875,52236.25,52549.578125,166610600
2023-09-12,51860.44921875,52310.12890625,51814.23828125,52227.05859375,220832600
2023-09-13,51522.1796875,51867.30078125,51349.55859375,51832.62890625,267093600
2023-09-14,51755.6796875,51873.23828125,51519.37890625,51519.91015625,205584200
2023-09-15,51351.6015625,51737.62109375,51108.08984375,51737.62109375,998189100
2023-09-18,51685.30859375,51729.7109375,50961.140625,51452.58984375,150526800
2023-09-19,52219.76171875,52327.87890625,51507.8515625,51692.23828125,210624500
2023-09-20,52507.23046875,52904.0703125,52123.48828125,52226.76953125,233178000
2023-09-21,51954.01171875,52429.37890625,51886.19140625,52429.37890625,194911500
2023-09-22,51677.48046875,52036.28125,51637.44921875,51946.171875,172807800
2023-09-25,51367.4609375,51852.12109375,51329.6484375,51684.609375,240424600
2023-09-26,51107.80078125,51422.44921875,51068.8984375,51410.421875,213724500
2023-09-27,51427.26953125,51577.19921875,51180.75,51180.98046875,237887300
2023-09-28,51554.94921875,51743.87109375,51360.23828125,51386.23046875,204512600
2023-09-29,50874.98046875,51658.01171875,50783.0703125,51575.23828125,226957200
2023-10-02,51260.37109375,51281.33984375,50488.3515625,51001.7890625,152597800
2023-10-03,50366.390625,51305.9296875,50256.859375,51210.62890625,242148700
2023-10-04,50732.69140625,50776.96875,50158.37890625,50407.9296875,234531400
2023-10-05,49454.58984375,50444.75,48484.91015625,50444.75,273435300
2023-10-06,49666.5,49821.55078125,48775.94921875,49472.94921875,182618600
2023-10-09,49297.1484375,49658.390625,49020.25,49658.390625,158324400
2023-10-10,50289.859375,50427.12109375,49301.6484375,49301.6484375,200850400
2023-10-11,50344.73828125,50416.71875,50109.01953125,50293.37109375,229695000
2023-10-12,49745.16015625,50161.78125,49503.62890625,50156.921875,231171900
2023-10-13,49379.578125,49819.96875,49185.76953125,49769.890625,211550100
2023-10-16,49823.078125,50004.828125,49377.828125,49402.328125,131151500
2023-10-17,49666.01171875,49874.23828125,49507.609375,49733.5390625,192510900
2023-10-18,49274.78125,49670.6484375,49011.37890625,49543.8984375,339281500
2023-10-19,48804.609375,49314.9609375,48756.96875,49257.05078125,254330700
2023-10-20,48275.91015625,48886.98828125,48226.48046875,48809.12109375,214755400
2023-10-23,48197.87890625,48367.76171875,47765.05859375,48290.328125,160983200
2023-10-24,48278.80078125,48563.0703125,48204.80859375,48304.3984375,158358600
2023-10-25,48766.328125,48816.55078125,48228.9609375,48252.46875,181752700
2023-10-26,49182.37109375,49323.5390625,48626.76953125,48735.8203125,195448300
2023-10-27,48973.8515625,49609.328125,48887.62109375,49156.5,231123500
2023-10-30,49277.359375,49465.890625,48963.46875,48963.46875,190856700
2023-10-31,49061.87890625,49262.1796875,48807.3515625,49259.0,302061900
2023-11-01,49787.83984375,49899.421875,48976.859375,49051.921875,164928200
2023-11-03,51266.73046875,51926.51171875,50249.03125,50654.109375,235378400
2023-11-06,51633.62890625,52181.6484375,51127.3203125,51127.3203125,233795300
2023-11-07,51209.8515625,51710.26171875,50941.05078125,51487.69140625,244230200
2023-11-08,51016.30078125,51531.828125,50874.2109375,51279.78125,144881600
2023-11-09,51071.03125,51241.3515625,50812.140625,50977.921875,200702400
2023-11-10,51258.23828125,51329.46875,50977.23046875,51013.69140625,163797100
2023-11-13,51090.91015625,51336.5,51046.69921875,51216.26953125,169830400
2023-11-14,52511.37109375,52571.859375,51149.16015625,51149.16015625,216405300
2023-11-15,52796.46875,52916.828125,52454.44140625,52454.44140625,243861900
2023-11-16,52469.359375,52720.8515625,52310.05859375,52686.94140625,184817600
2023-11-17,52685.1015625,52832.01953125,52452.4609375,52471.73828125,141131300
2023-11-21,52504.2890625,52701.12890625,51986.83984375,52467.0,184119600
2023-11-22,52670.01171875,52862.5703125,52526.48046875,52560.12890625,147618900
2023-11-23,53059.5390625,53108.76171875,52738.19140625,52803.2890625,37636200
2023-11-24,52938.421875,53180.4609375,52568.5390625,52967.48046875,96360900
2023-11-27,52220.48828125,52919.8203125,52132.41015625,52919.8203125,199742200
2023-11-28,52359.0,52623.421875,52172.55859375,52184.12109375,197156600
2023-11-29,52792.80859375,52879.4296875,52253.58984375,52284.328125,198421400
2023-11-30,54060.01171875,54165.80859375,52683.37890625,52830.94140625,793435900
2023-12-01,53901.4296875,54088.83984375,53652.55859375,53955.7890625,183696900
2023-12-04,54053.62890625,54223.01953125,53764.28125,53924.37890625,227438800
2023-12-05,54120.91015625,54163.828125,53400.76171875,54094.3203125,250335400
2023-12-06,54100.37109375,54446.87890625,54017.05859375,54106.4296875,227010400
2023-12-07,54456.78125,54509.3984375,53970.44921875,54012.80859375,208628600
2023-12-08,54393.01171875,54574.109375,54042.48046875,54340.08984375,192868500
2023-12-11,54439.12109375,54604.078125,54143.75,54438.21875,191407600
2023-12-13,55167.859375,55250.078125,53933.30078125,54266.62890625,258658100
2023-12-14,57036.421875,57077.51953125,55346.46875,55346.46875,313194800
2023-12-15,57130.078125,57502.12109375,56723.23828125,57065.25,601094400
2023-12-18,57732.80859375,57910.55078125,56772.140625,57074.2109375,183221200
2023-12-19,57694.33984375,58338.3203125,57374.390625,57737.41015625,218941700
2023-12-20,56909.37109375,57826.890625,56811.44140625,57689.3515625,206219900
2023-12-21,57487.69921875,57599.91015625,56998.76953125,56998.76953125,109613500
2023-12-22,57313.46875,57694.8515625,57225.171875,57603.171875,93654100
2023-12-26,57745.7890625,57974.921875,57335.69921875,57356.30859375,51390900
2023-12-27,57554.46875,57914.05078125,57480.7890625,57647.5,76005000
2023-12-28,57464.421875,57806.421875,57218.578125,57577.83984375,56304100
2023-12-29,57386.25,57522.94921875,57178.46875,57475.390625,66550500
2024-01-02,56980.44140625,57456.80859375,56593.51171875,57456.80859375,70724900
2024-01-03,55726.640625,56996.26953125,55634.01171875,56996.26953125,98424800
2024-01-04,55406.9609375,55893.2890625,55203.98828125,55732.94921875,98384300
2024-01-05,56192.78125,56246.21875,55388.71875,55420.1015625,117230100
2024-01-08,56175.671875,56301.51953125,55908.1796875,56227.9296875,129022300
2024-01-09,55105.578125,56233.1484375,55073.3515625,56233.1484375,179710800
2024-01-10,55318.671875,55535.1484375,55029.48046875,55104.83984375,199388700
2024-01-11,55438.75,55612.30078125,55155.83984375,55313.9296875,169535700
2024-01-12,55607.0703125,55898.44140625,55461.23046875,55463.3203125,168914200
2024-01-15,55501.109375,55671.98046875,55435.75,55654.390625,17535400
2024-01-16,55124.578125,55641.7109375,55073.83984375,55504.0703125,222231500
2024-01-17,54711.69140625,55147.94140625,54367.171875,55147.94140625,265467800
2024-01-18,54707.890625,54823.0390625,54346.578125,54690.578125,206055900
2024-01-19,55452.1015625,55488.80078125,54499.4296875,54728.140625,213233300
2024-01-22,54667.609375,55434.1484375,54629.19140625,55418.1015625,185280700
2024-01-23,55502.8984375,55578.55078125,54751.66015625,54751.66015625,172481500
2024-01-24,55419.55078125,55908.1484375,55273.76953125,55564.1015625,241517100
2024-01-25,56160.0703125,56391.4609375,54968.55859375,55408.3203125,292610000
2024-01-26,56855.87890625,57164.078125,56178.7109375,56321.37890625,209368000
2024-01-29,57175.73046875,57229.3203125,56806.23046875,56813.73046875,214253500
2024-01-30,57537.140625,57612.01171875,56711.94140625,57151.1796875,265265700
2024-01-31,57372.76171875,57829.01171875,57051.87890625,57449.58984375,232735200
2024-02-01,57828.078125,58221.171875,57367.28125,57367.28125,178933700
2024-02-02,58226.76953125,58273.171875,57744.33984375,58012.87890625,166980800
2024-02-06,58645.421875,59015.3984375,57782.69921875,58271.75,266012200
2024-02-07,58711.87109375,59020.55078125,58382.76171875,58625.9296875,182573800
2024-02-08,57762.44140625,58856.23046875,57700.6015625,58856.23046875,251848900
2024-02-09,57327.5,57908.33984375,57287.33984375,57832.4296875,130498900
2024-02-12,57418.55078125,57802.23828125,57294.71875,57339.96875,173539100
2024-02-13,56906.98828125,57382.48046875,56812.640625,57277.7890625,168142700
2024-02-14,57248.46875,57318.62109375,56872.37890625,56872.37890625,202355300
2024-02-15,57251.890625,57612.69921875,57160.6015625,57216.578125,212858400
2024-02-16,57132.109375,57421.96875,56987.421875,57224.2109375,158971900
2024-02-19,57490.05078125,57567.390625,56804.671875,57205.05859375,34690500
2024-02-20,57227.671875,57602.2109375,57119.359375,57250.19921875,233605200
2024-02-21,57021.03125,57269.12890625,56782.80859375,57257.078125,197674400
2024-02-22,57148.73046875,57407.390625,56773.55078125,57024.26171875,207938900
2024-02-23,56659.80078125,57205.828125,56432.609375,57187.19921875,216265500
2024-02-26,56194.71875,56649.421875,56035.75,56649.421875,214213000
2024-02-27,56241.03125,56399.0703125,55915.87109375,56192.96875,217701900
2024-02-28,55350.609375,56268.98046875,55085.80078125,56233.828125,208760600
2024-02-29,55414.0,55719.8984375,55111.0,55375.19140625,506671300
2024-03-01,55536.3203125,55984.87109375,55184.8515625,55396.30078125,152945900
2024-03-04,55462.48828125,55852.78125,55411.08984375,55451.05078125,147751600
2024-03-05,55476.25,55647.30859375,55104.62109375,55450.03125,177401700
2024-03-06,55284.51171875,55757.23046875,55217.91015625,55464.05078125,163414700
2024-03-07,55049.48828125,55494.12109375,54978.640625,55305.7109375,168372600
2024-03-08,54935.98828125,55313.859375,54890.26171875,55134.62890625,134726600
2024-03-11,55076.12109375,55373.859375,54752.41015625,54876.609375,190194700
2024-03-12,54898.94921875,55199.6015625,54713.48046875,55145.2890625,203210800
2024-03-13,55848.71875,55881.671875,54853.51953125,54902.30859375,205029200
2024-03-14,56059.26171875,56427.4296875,55838.3203125,55838.3203125,226717800
2024-03-15,56228.3984375,56575.51171875,55855.16015625,56163.26171875,935202200
2024-03-19,55548.0703125,56137.1484375,55494.1015625,56137.1484375,194973900
2024-03-20,56618.01171875,56921.9609375,55416.19140625,55543.69921875,172304700
2024-03-21,56657.44140625,57015.8203125,56544.05078125,56715.25,197838300
2024-03-22,56610.5390625,56805.66015625,56517.3984375,56676.8203125,170059500
2024-03-25,56552.5390625,56820.30078125,56311.98828125,56565.109375,89283000
2024-03-26,57209.69921875,57422.25,56435.26953125,56634.8515625,125010900
2024-03-27,57369.01171875,57599.078125,57007.55078125,57182.859375,114250800
2024-04-01,57653.23046875,57726.8203125,57291.94921875,57423.51171875,165028800
2024-04-02,57581.80859375,57830.87890625,57235.58984375,57593.62109375,180753600
2024-04-03,57503.390625,58086.421875,57300.109375,57547.19140625,189285300
2024-04-04,57882.76171875,58219.5,57514.1796875,57539.46875,184739700
2024-04-05,58092.44140625,58227.83984375,57678.609375,57805.19140625,212252300
2024-04-08,57989.94140625,58192.3203125,57749.44140625,58021.66015625,154641800
2024-04-09,57571.1484375,58298.76953125,57492.05859375,58010.37109375,202213300
2024-04-10,56636.5390625,57541.859375,56374.62890625,57541.859375,210376200
2024-04-11,56830.3203125,56876.6484375,56485.9609375,56696.3203125,200968500
2024-04-12,56565.921875,57272.69921875,56497.87890625,56918.48046875,147838800
2024-04-15,55984.0,56709.12109375,55924.1015625,56536.46875,170645700
2024-04-16,55797.25,56148.0,55626.75,56009.73046875,225862900
2024-04-17,55415.69140625,56090.3203125,55383.25,55788.73828125,244258900
2024-04-18,55739.4296875,55941.62109375,55585.8203125,55597.7890625,208671900
2024-04-19,55862.8515625,56036.71875,55579.69140625,55811.19140625,138617600
2024-04-22,56551.8984375,56615.87890625,55771.55078125,55852.28125,183161700
2024-04-23,56633.75,56906.80078125,56300.359375,56564.578125,204292000
2024-04-24,56463.98828125,56827.01953125,56188.890625,56622.16015625,254687400
2024-04-25,57071.78125,57282.328125,56207.44921875,56619.08984375,264895300
2024-04-26,57833.8515625,58002.171875,56870.171875,57072.9609375,156980900
2024-04-29,57827.859375,58110.37109375,57512.6015625,57890.48828125,222976800
2024-04-30,56727.98046875,57835.5,56670.53125,57835.5,307132500
2024-05-02,56677.05078125,57021.78125,56607.30078125,56766.3984375,249952200
2024-05-03,57135.26171875,57258.41015625,56668.73828125,56706.23046875,175056100
2024-05-06,57282.94921875,57559.08984375,57127.03125,57204.53125,174095400
2024-05-07,57108.3203125,57445.98828125,56844.03125,57376.0703125,297798000
2024-05-08,57081.0,57249.76953125,56661.76171875,57055.51953125,263546300
2024-05-09,57846.078125,58063.078125,57001.53125,57118.140625,188272300
2024-05-10,57718.0390625,58090.25,57627.9609375,57836.58984375,215416700
2024-05-13,57731.12109375,58169.69140625,57664.12890625,57735.01171875,121761200
2024-05-14,57231.73828125,57896.1796875,57127.4609375,57890.03125,225449200
2024-05-15,57454.6484375,58135.03125,57283.05859375,57284.921875,174206100
2024-05-16,57462.171875,57721.48046875,57232.30859375,57388.2109375,188203100
2024-05-17,57583.078125,57847.37890625,57385.25,57506.48828125,109270500
2024-05-20,57393.28125,57725.8203125,57270.53125,57604.25,137307600
2024-05-21,56760.71875,57286.58984375,56638.1484375,57286.58984375,175206900
2024-05-22,56432.03125,56656.62890625,56148.62890625,56653.08984375,156403600
2024-05-23,55918.37890625,56407.03125,55857.91015625,56342.19921875,154664100
2024-05-24,55413.12109375,55908.6484375,55368.2109375,55860.94921875,148845700
2024-05-27,55452.87890625,55551.23828125,55120.48046875,55428.23828125,30726500
2024-05-28,55184.94921875,55526.26171875,55078.44140625,55452.80078125,153188600
2024-05-29,55212.640625,55458.4296875,54352.1484375,55120.55859375,247658800
2024-05-30,55352.55859375,55683.5703125,54768.3984375,55169.8984375,232591600
2024-05-31,55179.23828125,55588.19921875,54839.26171875,55253.5,755398300
2024-06-03,51807.55078125,55197.109375,51358.96875,54967.91015625,299888100
2024-06-04,53485.62109375,53683.23046875,51894.3203125,51894.3203125,339298300
2024-06-05,54410.51171875,54536.16015625,53306.80078125,53467.37109375,298596000
2024-06-06,54477.25,55730.30859375,54038.609375,54427.75,300812400
2024-06-07,52977.3203125,54788.3203125,52887.25,54477.62109375,281301700
2024-06-10,53122.578125,53652.3203125,52989.19921875,52989.19921875,209603900
2024-06-11,53134.05859375,53567.23828125,52624.87109375,53184.5390625,241229900
2024-06-12,52975.890625,53767.390625,52928.94140625,53220.08984375,257816700
2024-06-13,52275.6484375,53072.2109375,52209.609375,52978.19140625,212337200
2024-06-14,52222.94140625,52482.80859375,51872.12890625,52218.9296875,268209500
2024-06-17,52397.19921875,52438.78125,52000.76953125,52247.328125,170039700
2024-06-18,53191.25,53547.48828125,52271.75,52341.3203125,183424000
2024-06-19,53323.37109375,53389.80078125,53190.55859375,53220.37890625,32765100
2024-06-20,53333.03125,53414.1484375,52819.5390625,53202.6484375,204979100
2024-06-21,52788.5,53405.109375,52698.6796875,53370.23046875,1105858400
2024-06-24,52512.91015625,53136.73046875,52388.421875,52741.5390625,218204500
2024-06-25,52604.05078125,52690.1015625,51847.7109375,52472.3203125,273486500
2024-06-26,52468.01171875,52779.66015625,51993.921875,52630.44921875,298607100
2024-06-27,52310.9609375,52470.76953125,52082.76171875,52284.12109375,273035000
2024-06-28,52440.01953125,52780.3203125,51980.71875,52455.9296875,243725000
2024-07-01,52883.96875,53159.30078125,52452.44140625,52452.44140625,197511800
2024-07-02,51947.890625,53126.96875,51802.5,52842.66015625,264359400
2024-07-03,52796.26171875,53054.171875,52036.01953125,52057.26171875,139483800
2024-07-04,52654.8515625,52974.23828125,52572.78125,52817.55859375,20477300
2024-07-05,52333.16015625,52770.46875,52216.8984375,52703.12109375,167390100
2024-07-08,52907.69140625,53020.03125,52214.51171875,52227.48046875,217413400
2024-07-09,53331.80859375,53405.5703125,52838.62890625,52886.0703125,204901100
2024-07-10,54279.87890625,54342.26953125,53349.3515625,53409.8203125,248590500
2024-07-11,54422.58984375,54629.55078125,54281.1015625,54328.37890625,176982900
2024-07-12,54953.109375,55078.1484375,54205.109375,54398.609375,206531300
2024-07-15,54311.98828125,55120.421875,54243.08984375,54894.921875,177278000
2024-07-16,54378.19140625,54594.69140625,54068.80859375,54337.21875,208004700
2024-07-17,53744.78125,54448.48046875,53507.421875,54346.140625,237669200
2024-07-18,53043.0,54045.73046875,52919.1796875,53803.6015625,233238400
2024-07-19,53678.51953125,53793.1015625,52889.87890625,53048.37890625,131925200
2024-07-22,54006.921875,54161.078125,53575.12890625,53656.171875,280362400
2024-07-23,53707.73828125,54063.01171875,53539.33984375,53726.80859375,267716500
2024-07-24,53168.41015625,53941.5390625,53051.26171875,53651.359375,227583200
2024-07-25,52931.87109375,53300.48046875,52692.76171875,53085.109375,336606200
2024-07-26,52819.578125,53157.33984375,52559.26171875,52959.76171875,301551800
2024-07-29,52515.78125,53235.5703125,52438.44921875,52837.30078125,302616800
2024-07-30,52325.421875,52973.390625,52228.12109375,52574.9609375,292415800
2024-07-31,53136.83984375,53313.55859375,52279.6484375,52279.6484375,64213700
2024-08-01,52417.48046875,53138.53125,52302.7109375,53138.53125,315067500
2024-08-02,52242.37890625,52379.62109375,51734.41015625,52379.62109375,230931200
2024-08-05,51776.48046875,52124.55078125,51259.73046875,52047.16015625,167685900
2024-08-06,52399.62890625,52494.19921875,51834.23046875,51890.4296875,209484300
2024-08-07,52680.8984375,52935.55078125,52415.46875,52419.12109375,221599200
2024-08-08,52876.55078125,53116.73046875,52615.140625,52748.46875,182699900
2024-08-09,53051.5390625,53118.01171875,52771.58984375,52872.7109375,145598100
2024-08-12,53040.3515625,53165.08984375,52626.94140625,53085.62890625,156078100
2024-08-13,53674.19921875,53730.80078125,53185.16015625,53185.16015625,174800800
2024-08-14,53718.94921875,53787.78125,53399.19140625,53659.640625,208928500
2024-08-15,54264.921875,54311.7109375,53678.80078125,53678.80078125,186810600
2024-08-16,54083.78125,54343.28125,54005.98046875,54262.26953125,163832600
2024-08-19,54104.6796875,54293.12109375,54026.9296875,54026.9296875,132430500
2024-08-20,53991.05859375,54302.26953125,53820.87109375,54130.421875,178585400
2024-08-21,53864.73046875,54144.859375,53620.9609375,53979.30859375,221702300
2024-08-22,53316.19921875,54136.9296875,53273.12109375,53811.87109375,303743700
2024-08-23,53490.921875,53807.37109375,53341.53125,53368.1796875,245775900
2024-08-26,53171.30859375,53733.69140625,53107.859375,53436.98046875,211433800
2024-08-27,52474.30859375,53403.01171875,52457.73046875,53122.578125,200486300
2024-08-28,52439.87109375,52972.609375,52388.48046875,52500.0703125,239110300
2024-08-29,53138.9609375,53302.30859375,52476.8515625,52511.05078125,216583800
2024-08-30,52913.5,53102.08984375,52744.51953125,52945.71875,464816500
2024-09-02,52493.37890625,52737.12109375,52091.58984375,52133.890625,31027700
2024-09-03,51589.421875,52462.73828125,51507.48046875,52421.69921875,200061900
2024-09-04,51811.37109375,52232.51171875,51466.16015625,51571.671875,178945500
2024-09-05,51661.48046875,52149.44140625,51597.6484375,51791.8203125,194167800
2024-09-06,51083.44140625,51924.51953125,50912.96875,51727.4609375,147262100
2024-09-09,51136.05078125,51578.671875,51020.328125,51044.55859375,153374100
2024-09-10,50973.109375,51283.87109375,50790.23828125,51099.69921875,241346500
2024-09-11,51195.76171875,51318.328125,50782.109375,50990.3203125,238237900
2024-09-12,51999.73046875,52137.37890625,51158.2109375,51158.2109375,229945500
2024-09-13,52016.8515625,52431.6484375,51877.41015625,52005.6484375,141368600
2024-09-17,52273.53125,52796.48828125,51978.62890625,51978.62890625,203046700
2024-09-18,52582.890625,52783.80859375,52193.8515625,52350.3984375,144912400
2024-09-19,52918.0390625,53114.01171875,52636.69921875,52735.25,204810500
2024-09-20,52190.48046875,52913.12109375,52082.44921875,52913.12109375,899081100
2024-09-23,52422.23828125,52547.37890625,51895.921875,52231.9296875,202239000
2024-09-24,53653.94921875,53711.578125,52529.94140625,52529.94140625,279229500
2024-09-25,53190.9296875,53597.828125,53100.25,53496.73828125,221523300
2024-09-26,53590.51953125,54201.4609375,53052.69140625,53052.69140625,241227200
2024-09-27,52778.171875,53846.37109375,52722.21875,53540.23046875,234650300
2024-09-30,52477.30078125,52865.078125,52368.51171875,52854.8203125,246167800
2024-10-02,52199.66015625,52771.19921875,51654.609375,52324.6484375,312648600
2024-10-03,51674.5390625,52183.98828125,51507.51953125,52183.98828125,261782100
2024-10-04,52609.87109375,52984.359375,51731.62109375,51763.5390625,208825900
2024-10-07,52039.87109375,53067.01953125,51943.0,52587.76953125,178648000
2024-10-08,51764.640625,52095.76171875,51567.9609375,52085.0703125,242914100
2024-10-09,51869.140625,52409.5703125,51699.26953125,51799.48828125,198227500
2024-10-10,52391.2890625,52475.6015625,51741.7109375,51875.62890625,230013700
2024-10-11,52395.66015625,52529.26171875,52213.62109375,52485.19140625,154454300
2024-10-14,52000.58984375,52377.01171875,51864.78125,52375.5390625,199140900
2024-10-15,52377.78125,52410.30859375,51922.1484375,52010.75,251831300
2024-10-16,52483.62109375,52601.44921875,52212.01953125,52281.28125,249953300
2024-10-17,52463.66015625,52680.078125,52287.58984375,52392.21875,153665700
2024-10-18,53027.421875,53076.69140625,52354.140625,52510.921875,178429600
2024-10-21,52814.8203125,53141.5390625,52538.98828125,53054.25,144294000
2024-10-22,52368.69140625,52753.3203125,51877.3984375,52753.3203125,248595200
2024-10-23,52142.12890625,52506.6796875,51878.5703125,52183.12109375,206239900
2024-10-24,51795.55859375,52421.6484375,51543.171875,52175.859375,221584000
2024-10-25,51784.328125,52221.66015625,51743.2890625,51822.28125,201308500
2024-10-28,51816.30078125,51890.21875,51457.53125,51744.7890625,206401300
2024-10-29,51166.2890625,51911.30859375,51127.87890625,51760.37109375,210440700
2024-10-30,50877.23828125,51227.75,50803.5390625,51172.12890625,207690000
2024-10-31,50661.05078125,50942.30078125,50520.9609375,50821.73828125,250299800
2024-11-01,50622.390625,50886.76953125,50542.69921875,50688.26953125,151375500
2024-11-04,50882.5390625,51193.33984375,50446.33984375,50595.328125,140020400
2024-11-05,50831.51171875,50934.6484375,50253.87890625,50639.4296875,179682400
2024-11-06,51732.4609375,51812.7109375,49486.171875,50625.6015625,247299800
2024-11-07,52311.078125,52594.21875,51580.8515625,51800.51953125,254701500
2024-11-08,51845.171875,52028.2109375,51370.359375,51937.37890625,163291100
2024-11-11,51449.4296875,51907.05078125,51410.2890625,51765.41015625,156138300
2024-11-12,51096.640625,51514.3984375,50984.01171875,51492.62890625,170233500
2024-11-13,50747.62890625,51134.83984375,50706.109375,51074.859375,179935900
2024-11-14,50553.30859375,50905.0,50380.0,50790.58984375,198739000
2024-11-15,50469.3984375,50860.1015625,50321.76953125,50321.76953125,153069300
2024-11-19,50222.3984375,50759.37109375,50165.78125,50493.48046875,194469200
2024-11-20,50168.87890625,50368.1796875,49976.46875,50276.578125,221524100
2024-11-21,50174.640625,50593.8984375,50064.8515625,50099.44921875,234439800
2024-11-22,50430.01953125,50499.640625,49921.78125,50149.26953125,208581600
2024-11-25,50207.1796875,50931.28125,50136.55859375,50366.75,773789900
2024-11-26,49721.8515625,50298.8515625,49562.98828125,50135.859375,200052600
2024-11-27,49787.8203125,50098.078125,49600.03125,49690.48828125,218921000
2024-11-28,49941.26953125,50102.828125,49756.48046875,49812.08984375,40831100
2024-11-29,49812.640625,50406.66015625,49458.7890625,49748.6484375,159873700
2024-12-02,50414.171875,50610.8203125,49954.98046875,49954.98046875,216614800
2024-12-03,50828.05859375,51050.98046875,50400.1015625,50565.98046875,226628600
2024-12-04,51249.80078125,51370.12109375,50745.55859375,50828.46875,208061300
2024-12-05,51756.83984375,51912.2109375,51087.578125,51143.51171875,209957600
2024-12-06,51348.80078125,51819.76171875,51263.921875,51644.51953125,178103100
2024-12-09,52190.6796875,52291.890625,51370.390625,51417.9296875,192663100
2024-12-10,51377.28125,52207.76171875,51343.140625,52207.76171875,184825200
2024-12-11,51284.2109375,51433.078125,50975.48828125,51285.2890625,202300900
2024-12-13,51619.75,51717.640625,51043.6796875,51265.1796875,263266300
2024-12-16,50849.4296875,51639.94921875,50784.55859375,51626.66015625,240713500
2024-12-17,50500.33984375,50928.80859375,50371.26953125,50718.05078125,276368200
2024-12-18,49968.44140625,50636.8984375,49896.0703125,50414.44140625,208794600
2024-12-19,49254.46875,50657.9296875,49200.6015625,49919.58984375,176312900
2024-12-20,49586.2109375,49819.55859375,49174.44140625,49263.0390625,830185700
2024-12-23,49450.890625,49738.28125,49031.87890625,49530.78125,81066100
2024-12-24,49316.62109375,49668.7890625,49225.23046875,49449.23046875,30757200
2024-12-26,49535.578125,49622.5703125,49184.30078125,49303.2890625,65869500
2024-12-27,49290.578125,50209.69921875,49225.6015625,49527.98828125,94708800
2024-12-30,48837.71875,49309.94921875,48769.87890625,49298.890625,115169800
2024-12-31,49513.26953125,49663.62890625,48835.609375,48835.609375,80718100
2025-01-02,49765.19921875,50023.96875,49606.87890625,49606.87890625,87535300
2025-01-03,48957.23828125,49847.30859375,48878.3984375,49760.23828125,112782300
2025-01-06,49493.55859375,50131.3515625,49093.640625,49187.91015625,139872100
2025-01-07,50085.5,50259.109375,49567.76953125,49567.76953125,142173400
2025-01-08,49634.26171875,50114.7890625,49492.28125,50114.7890625,154747700
2025-01-09,49807.9609375,50609.890625,49639.51953125,49639.51953125,63313100
2025-01-10,49596.69921875,49953.7890625,49435.16015625,49734.96875,160536300
2025-01-13,49829.96875,49917.76953125,49320.01171875,49609.8203125,169265000
2025-01-14,49844.0,50183.609375,49754.0703125,49833.96875,187154900
2025-01-15,50242.83984375,50323.0,49905.51953125,49931.01171875,201696100
2025-01-16,49948.1484375,50379.28125,49888.578125,50314.8984375,199200100
2025-01-17,49940.890625,50434.73046875,49907.30859375,49963.640625,145650700
2025-01-20,50201.3203125,50317.41015625,49895.96875,49923.78125,48486800
2025-01-21,50450.26171875,50664.12890625,50104.3203125,50205.44921875,152784600
2025-01-22,50944.578125,51374.48828125,50214.78125,50517.078125,246763600
2025-01-23,51054.91015625,51324.75,50358.80078125,50989.19140625,201852500
2025-01-24,51357.30859375,51455.5390625,50999.0390625,51059.3984375,188988000
2025-01-27,51687.44921875,51874.6484375,51125.91015625,51173.41015625,141375900
2025-01-28,51535.9609375,51846.19140625,51393.0703125,51696.30859375,194650000
2025-01-29,51555.78125,51650.1015625,51022.671875,51487.55859375,176057000
2025-01-30,52050.25,52375.6484375,51589.62890625,51619.5390625,174076600
2025-01-31,51209.53125,52313.9609375,51080.87109375,52025.4296875,227881200
2025-02-04,51889.75,52074.55859375,51200.3984375,51407.23046875,255089100
2025-02-05,51570.19140625,52696.53125,51425.078125,51853.359375,239296000
2025-02-06,52674.7890625,52773.03125,51579.2890625,51579.2890625,260554400
2025-02-07,52817.75,52955.76171875,52603.6484375,52666.51171875,174281200
2025-02-10,52928.12109375,53378.0390625,52870.3984375,52883.23046875,202338600
2025-02-11,53451.640625,53579.94140625,52572.94140625,52901.19140625,204640300
2025-02-12,54065.71875,54234.6484375,53003.05078125,53340.2890625,242024100
2025-02-13,54160.109375,54440.37109375,53883.12890625,54046.33984375,205219300
2025-02-14,54077.94140625,54325.2109375,53948.5,54137.44140625,289621500
2025-02-17,54291.640625,54349.94921875,53762.359375,54068.05078125,25452300
2025-02-18,54476.73828125,54670.8515625,53972.1796875,54294.828125,170281000
2025-02-19,54096.51171875,54477.08984375,53977.421875,54426.578125,163857100
2025-02-20,54303.9296875,54506.94140625,53824.12109375,54118.4609375,136034500
2025-02-21,53738.75,54382.2109375,53462.8984375,54310.0,92877500
2025-02-24,53704.44921875,53980.44921875,53250.30078125,53784.44921875,153016300
2025-02-25,53050.328125,53771.51953125,52888.8515625,53771.51953125,225733300
2025-02-26,53296.7109375,53475.73828125,52830.828125,53090.25,237113000
2025-02-27,52607.609375,53446.3515625,52333.76171875,53434.3203125,239110200
2025-02-28,52325.73046875,52893.30078125,52235.21875,52665.44140625,484856000
2025-03-03,52081.58984375,53372.921875,52010.73828125,52259.48828125,177885000
2025-03-04,52384.71875,52690.73046875,50964.73046875,51938.91015625,262433700
2025-03-05,52709.3984375,52748.8515625,52276.75,52421.390625,200899400
2025-03-06,52816.4296875,53372.671875,52392.5390625,52709.19921875,245438200
2025-03-07,52839.62890625,52901.23046875,51839.1484375,52758.921875,190650400
2025-03-10,51726.87890625,52858.4609375,51389.671875,52858.4609375,194675000
2025-03-11,51510.6796875,51855.25,51159.3984375,51756.5,215530600
2025-03-12,52041.01171875,52122.21875,51305.140625,51526.87890625,232437300
2025-03-13,51877.12109375,52268.98046875,51798.69921875,52021.1015625,179916700
2025-03-14,52484.28125,52626.94921875,51983.0390625,51988.671875,226977800
2025-03-18,52773.3203125,53180.1015625,52598.48828125,52665.890625,200231400
2025-03-19,53060.76171875,53339.98828125,52677.03125,52747.05078125,213695800
2025-03-20,53100.828125,53163.80859375,52837.8515625,53093.80078125,193186400
2025-03-21,52672.421875,53167.69140625,52525.640625,53156.44140625,699295600
2025-03-24,52674.83984375,52994.03125,52599.94140625,52780.7890625,153630100
2025-03-25,53203.26171875,53283.3515625,52670.05859375,52670.05859375,186158900
2025-03-26,52806.890625,53270.671875,52729.12109375,53258.3984375,179878100
2025-03-27,53477.73828125,53539.859375,52691.21875,52782.8515625,210148600
2025-03-28,53172.96875,53573.30859375,52716.21875,53351.33984375,168304100
2025-03-31,52484.4296875,53068.6796875,52149.5,53068.6796875,195253200
2025-04-01,53337.8984375,53417.5,52284.6484375,52546.87109375,208022000
2025-04-02,53800.9296875,53853.48046875,53005.41015625,53235.80078125,173365200
2025-04-03,54089.28125,54874.9296875,53001.109375,53438.41015625,259297600
2025-04-04,51452.73046875,53818.01953125,51175.01171875,53818.01953125,168655800
2025-04-07,50458.3203125,51867.05078125,49799.28125,51313.69921875,464057500
2025-04-08,50316.58984375,51460.75,50174.078125,50675.25,338824800
2025-04-09,52527.671875,52721.890625,49874.0390625,50362.8515625,373032500
2025-04-10,51514.8203125,52531.26953125,51386.73046875,52531.26953125,266889500
2025-04-11,51498.8984375,52138.640625,51437.421875,51550.16015625,219863200
2025-04-14,52391.3515625,52814.69140625,51553.55859375,51553.55859375,173187400
2025-04-15,52643.0390625,52909.78125,52259.4296875,52328.7890625,177897600
2025-04-16,53018.5703125,53459.5703125,52590.76171875,52699.6796875,168232900
2025-04-21,53758.75,53878.359375,53117.44140625,53117.8203125,166886500
2025-04-22,54777.83984375,54833.671875,53665.03125,53665.03125,249716500
2025-04-23,55766.578125,56240.94921875,54846.48046875,54846.48046875,239655200
2025-04-24,56382.0,56730.62890625,55603.71875,55774.4609375,249950000
2025-04-25,56720.12109375,56842.66015625,56058.21875,56377.390625,217532100
2025-04-28,56980.12890625,57415.859375,56644.37109375,56804.87890625,193000200
2025-04-29,55613.4296875,57098.48046875,55505.2109375,56940.5703125,240938000
2025-04-30,56259.28125,56336.4609375,55241.51171875,55602.80078125,226957400
2025-05-02,55811.98828125,56314.16015625,55468.19140625,56302.80078125,187308500
2025-05-05,55835.98828125,56013.16015625,55405.87109375,55754.21875,111481900
2025-05-06,57349.828125,57456.01171875,55619.078125,55767.58984375,166331300
2025-05-07,57954.390625,58077.76953125,57062.94140625,57270.37890625,236411100
2025-05-08,56866.76171875,58392.6015625,56751.2890625,57949.3515625,204755600
2025-05-09,56551.1796875,57268.890625,56456.23828125,56771.0,178391500
2025-05-12,56765.578125,57215.87109375,55872.66015625,56985.19140625,157919700
2025-05-13,57357.5390625,57782.859375,56541.2890625,56773.03125,192326600
2025-05-14,57644.94140625,57710.05859375,57133.8515625,57421.5703125,186765600
2025-05-15,57959.71875,58113.53125,57179.19921875,57579.73046875,166967600
2025-05-16,57987.140625,58223.94140625,57685.8203125,57970.87890625,126627200
2025-05-19,58493.390625,58857.609375,57764.23828125,58016.73828125,174052700
2025-05-20,58311.1484375,58791.6484375,58250.98828125,58413.01171875,199140300
2025-05-21,58568.01171875,58632.23046875,58071.1015625,58276.0390625,172971700
2025-05-22,57894.8203125,58561.76953125,57795.6796875,58397.58984375,185193000
2025-05-23,58410.37109375,58492.08984375,57234.37890625,57707.6015625,166225100
2025-05-26,58459.16015625,58536.51953125,58225.859375,58337.46875,30513200
2025-05-27,58593.828125,59735.4296875,58324.5,58449.16015625,233318900
2025-05-28,58735.859375,58992.1796875,58409.80078125,58502.421875,217764500
2025-05-29,58614.41015625,59079.3203125,58565.87109375,58699.359375,168519600
2025-05-30,57841.69140625,58578.91015625,57796.140625,58562.80078125,544076100
2025-06-02,57705.48046875,58600.78125,57609.71875,57973.3984375,193378900
2025-06-03,57639.0703125,57866.94921875,57443.58984375,57696.609375,183189600
2025-06-04,57484.51953125,57941.05078125,57415.51171875,57568.12890625,198018300
2025-06-05,57777.48828125,57981.4609375,57487.80859375,57487.80859375,161668600
2025-06-06,58061.41015625,58157.2890625,57145.55859375,57704.12890625,154880900
2025-06-09,57813.37890625,58325.75,57748.98828125,58147.58984375,106858800
2025-06-10,58098.51171875,58173.9609375,57608.4296875,57686.73828125,162634800
2025-06-11,57767.328125,58431.078125,57728.03125,58064.578125,212579900
2025-06-12,57829.73828125,58098.58984375,57488.53125,57766.5703125,206129500
2025-06-13,57438.5703125,57726.421875,57156.48046875,57726.421875,169109300
2025-06-16,57046.8515625,57834.53125,56980.578125,57495.7109375,189202000
2025-06-17,56676.8203125,57119.28125,56539.26953125,56963.94140625,166601700
2025-06-18,56729.5703125,56945.12109375,56423.6484375,56635.26953125,169049100
2025-06-19,56068.16015625,56823.6015625,56018.55859375,56745.71875,32711700
2025-06-20,56264.69140625,56427.33984375,55920.25,56122.2109375,1128789100
2025-06-23,56080.05859375,56192.76171875,55603.76953125,56104.73828125,141476100
2025-06-24,56743.28125,56807.921875,56054.53125,56060.4609375,155703300
2025-06-25,56933.19140625,57076.078125,56630.5,56630.5,198069800
2025-06-26,57474.19140625,57620.71875,56681.9609375,56926.37109375,139118600
2025-06-27,57391.51171875,57901.21875,57318.0703125,57489.80859375,145717800
2025-06-30,57450.87890625,57886.6796875,57334.55078125,57336.0390625,171950600
2025-07-01,57813.8203125,57870.109375,57244.8515625,57446.30859375,154918300
2025-07-02,58346.71875,58452.078125,57806.25,57806.25,233051600
2025-07-03,57890.98828125,58680.87109375,57785.62890625,58313.6484375,153607400
2025-07-04,57977.76171875,58078.48828125,57852.87890625,57930.1015625,18755700
2025-07-07,57423.3984375,58062.859375,57342.87109375,58005.609375,129960800
2025-07-08,57183.3203125,57434.2890625,56821.69921875,57338.26953125,135810100
2025-07-09,56687.5390625,57232.98046875,56617.76953125,57159.71875,177519600
2025-07-10,56739.8984375,56809.7109375,56370.48828125,56660.33984375,164963200
2025-07-11,56593.6484375,56779.3515625,56100.69140625,56618.12109375,145037400
2025-07-14,56362.671875,56655.94140625,56085.23828125,56567.2890625,146742700
2025-07-15,56482.91015625,56716.55859375,56186.5,56405.55078125,185149100
2025-07-16,56503.0390625,56714.08984375,56368.19140625,56448.46875,176679300
2025-07-17,56714.921875,56864.03125,56358.33984375,56413.5,214690600
2025-07-18,56273.44921875,56798.078125,56190.609375,56724.73046875,169999000
2025-07-21,55841.30078125,56425.08984375,55738.828125,56325.890625,208490000
2025-07-22,55517.80859375,56020.859375,55287.8984375,55945.109375,249620700
2025-07-23,56478.8984375,56556.76953125,55689.6484375,55718.87109375,312979800
2025-07-24,57035.8984375,57091.23828125,56511.44140625,56713.078125,224596700
2025-07-25,57323.140625,57358.078125,56772.58984375,56960.37109375,147271700
2025-07-28,57083.55859375,57369.62109375,56608.03125,57369.62109375,187572600
2025-07-29,57820.78125,57961.2890625,56566.25,57052.1015625,162399600
2025-07-30,57395.8515625,57959.6015625,57207.8984375,57787.8515625,187189000
2025-07-31,57397.9296875,57693.44921875,57091.1484375,57280.58984375,194415200
2025-08-01,56900.0703125,57485.5703125,56721.55078125,57485.5703125,142620500
2025-08-04,56650.26171875,56934.80859375,56486.859375,56851.8984375,168528200
2025-08-05,57071.55859375,57156.1015625,56545.6796875,56545.6796875,132849500
2025-08-06,57154.21875,57692.37109375,57021.37890625,57021.37890625,151734500
2025-08-07,58260.87890625,58301.7109375,57102.2109375,57102.2109375,169427900
2025-08-08,58070.171875,58496.3984375,58028.48828125,58264.078125,110022800
2025-08-11,58342.87109375,58441.1796875,58021.359375,58034.359375,135637600
2025-08-12,58675.0390625,58828.46875,58233.171875,58303.44140625,162638000
2025-08-13,58477.5703125,58847.2109375,58341.01953125,58661.46875,163130300
2025-08-14,58167.26953125,58405.91015625,57922.421875,58334.0,100882500
2025-08-15,58320.48046875,58541.328125,58117.0,58117.0,91076800
2025-08-18,58319.69921875,58486.28125,58028.55859375,58378.87109375,131255300
2025-08-19,58462.7890625,58534.62890625,58209.41015625,58224.28125,138750100
2025-08-20,58221.46875,58565.58984375,58124.25,58436.44921875,114319600
2025-08-21,58663.96875,58838.8203125,58169.859375,58169.859375,210627500
2025-08-22,59225.48046875,59399.71875,58564.05078125,58598.1484375,278168900
2025-08-25,58492.12890625,59250.2109375,58400.12890625,59242.390625,130126700
2025-08-26,58132.3984375,58623.4609375,58058.01171875,58504.21875,370248900
2025-08-27,58647.51953125,58699.37109375,57623.87109375,58138.3203125,178606200
2025-08-28,59151.6796875,59421.609375,58531.28125,58663.98828125,159754300
2025-08-29,58708.859375,59256.859375,58670.5703125,59218.578125,174166900
2025-09-01,58865.03125,58982.75,58398.75,58670.2890625,21556400
2025-09-02,59747.87890625,59822.80859375,58503.8984375,58949.48828125,159097300
2025-09-03,59651.5703125,60120.44140625,59449.94921875,59735.03125,191416200
2025-09-04,59867.62109375,59937.23828125,59331.23046875,59659.48046875,175744200
2025-09-05,60479.76171875,60560.44140625,59954.9296875,59954.9296875,186046700
2025-09-08,60649.76171875,60684.3515625,60199.83984375,60489.140625,175925500
2025-09-09,60679.53125,60820.859375,60447.12890625,60688.05859375,172272600
2025-09-10,60489.19140625,60987.3515625,60431.62890625,60643.140625,156040900
2025-09-11,61553.578125,61886.12109375,60605.3203125,60686.62890625,201091300
2025-09-12,61798.94140625,61941.98828125,61535.9609375,61596.890625,157237100
2025-09-15,62102.12890625,62252.12890625,61730.359375,61894.8515625,134046500
2025-09-17,61596.23046875,62177.859375,61493.16015625,61926.2890625,217955800
2025-09-18,61323.94921875,61605.75,60860.08984375,61605.75,249209100
2025-09-19,61200.26953125,61680.69140625,61085.4609375,61301.21875,1099809700
2025-09-22,62004.109375,62051.33984375,61102.76953125,61175.55859375,106765300
2025-09-23,62368.19140625,62453.19140625,61833.76171875,61983.80078125,158765000
2025-09-24,61905.94921875,62665.94140625,61689.640625,62484.140625,179966700
2025-09-25,61945.0390625,62273.9296875,61688.19140625,61796.62890625,133100900
2025-09-26,62307.0703125,62548.58984375,61899.73046875,61914.69921875,151682200
2025-09-29,62610.12109375,62962.9296875,62274.62890625,62274.62890625,160834900
2025-09-30,62915.5703125,63128.53125,62397.58984375,62521.05859375,271752100
2025-10-01,61929.71875,63182.58984375,61710.578125,62946.16015625,174385300
2025-10-02,62220.30859375,62290.1015625,61184.80859375,61947.1484375,166009500
2025-10-03,61984.4296875,62521.921875,61774.12109375,62132.5,135294700
2025-10-06,60404.19140625,60933.921875,60110.48046875,60749.6484375,143999600
2025-10-07,60215.75,60828.421875,60155.69140625,60414.48828125,131557600
2025-10-08,60888.55859375,60930.9296875,60178.2890625,60178.2890625,145654300
2025-10-09,60819.30859375,61274.75,60388.66015625,60931.1015625,169959500
2025-10-10,60568.9296875,61160.671875,60455.3203125,60869.44140625,160808600
2025-10-13,61045.08984375,61471.69921875,60678.03125,60808.0,99915000
2025-10-14,60785.62109375,61044.140625,60698.98828125,60967.3203125,166807300
2025-10-15,61637.5390625,61716.7109375,60927.26953125,60927.26953125,298666600
2025-10-16,62544.55859375,62920.80078125,61611.328125,61652.44921875,161659600
2025-10-17,61743.921875,62501.48828125,61482.91015625,62501.48828125,178466800
2025-10-20,61672.3515625,62086.51953125,61159.05078125,61871.328125,139130800
2025-10-21,60773.78125,61582.890625,60599.1015625,61582.890625,147256700
2025-10-22,61308.19921875,61391.53125,60695.23828125,60779.03125,147366900
2025-10-23,61511.94921875,61643.03125,60983.55859375,61299.12109375,147342600
2025-10-24,61145.48828125,61836.01171875,61018.71875,61741.03125,158562100
2025-10-27,61860.30078125,62065.05078125,61219.44921875,61424.8515625,158251500
2025-10-28,62795.23828125,62879.30859375,61900.30078125,61900.30078125,230140600
2025-10-29,63352.8515625,63540.28125,62558.71875,62569.05859375,110231300
2025-10-30,62889.859375,63275.828125,62841.21875,63014.08984375,180280900
2025-10-31,62769.1796875,63229.48828125,62433.828125,63007.8984375,245954000
2025-11-03,62653.890625,62834.98828125,62102.05859375,62729.51171875,73037700
2025-11-04,62390.73046875,62817.23828125,61289.76953125,61880.1796875,129590700
2025-11-05,63378.51171875,63682.80078125,62288.1796875,62288.1796875,197026600
2025-11-06,63093.12109375,63599.55859375,62996.48828125,63458.48046875,140698900
2025-11-07,63376.12890625,63491.55078125,62971.58984375,63149.7890625,134553200
2025-11-10,63094.01171875,63633.58984375,63061.8984375,63379.6484375,152139300
2025-11-11,64321.26953125,64406.2109375,63153.25,63178.6484375,152349500
2025-11-12,63190.66015625,64365.75,63098.359375,64195.1015625,166923200
2025-11-13,62529.44140625,63686.44921875,62449.73828125,63316.55859375,156917500
2025-11-14,62328.62890625,62820.87890625,62180.96875,62487.359375,168643000
2025-11-18,61984.44921875,62734.23828125,61901.53125,62388.78125,199835000
2025-11-19,62080.578125,62387.7109375,61790.359375,61964.1796875,187671000
2025-11-20,61672.19140625,62764.30859375,61590.578125,62091.08984375,142360200
2025-11-21,61877.26953125,62358.890625,61454.5390625,61655.390625,172129800
2025-11-24,62522.609375,62648.05859375,61840.51171875,61840.51171875,546770100
2025-11-25,63214.55859375,63266.87890625,62391.5390625,62461.23046875,121380900
2025-11-26,63242.7109375,63592.46875,62987.390625,63257.8515625,134309000
2025-11-27,62694.73046875,63298.3203125,62623.51171875,63221.23046875,28964300
2025-11-28,63596.78125,63876.4296875,62577.94140625,62736.828125,96877700
2025-12-01,63551.12890625,63809.73046875,63106.87109375,63720.62890625,168107500
2025-12-02,63820.609375,64077.48046875,63532.140625,63556.16015625,165680600
2025-12-03,63597.44140625,63938.0390625,63326.671875,63816.78125,140339400
2025-12-04,63714.859375,63760.73828125,63411.5703125,63587.51953125,143744400
2025-12-05,63378.30078125,64006.48046875,63338.26171875,63745.2109375,109971100
2025-12-08,63528.0,63794.01171875,63166.48828125,63496.46875,142320000
2025-12-09,63694.6796875,64087.30859375,63317.01953125,63602.03125,184967300
2025-12-10,63409.3984375,63847.98046875,63227.73828125,63674.19140625,162291900
2025-12-11,64712.0703125,65016.87109375,63448.48828125,63448.48828125,169325000
2025-12-15,64326.16015625,65250.140625,64218.58984375,64736.671875,192760400
2025-12-16,63230.87109375,64401.890625,63170.83984375,64401.890625,181538400
2025-12-17,62528.05859375,63537.23828125,62461.05859375,63304.87109375,183193500
2025-12-18,63807.3203125,63913.55859375,62541.76953125,62692.4609375,140430600
2025-12-19,63966.98046875,64408.25,63560.9296875,63776.921875,639370000
2025-12-22,64778.1796875,64880.76953125,63720.48828125,64102.0,145622100
2025-12-23,65595.40625,65683.078125,64661.3203125,64780.98828125,132166700
2025-12-24,65616.4296875,65722.9609375,65225.5,65667.578125,16353800
2025-12-26,65636.359375,65882.59375,65507.76953125,65719.671875,23142800
2025-12-29,65347.078125,65608.5390625,65213.1484375,65608.5390625,84397100
2025-12-30,64366.69921875,65697.6328125,64329.73828125,65468.671875,70494300
2025-12-31,64308.2890625,64457.69140625,63936.1484375,64450.05859375,60516200
2026-01-02,64141.359375,65090.03125,63802.140625,64366.62109375,44991600
2026-01-05,65014.37109375,65425.9609375,64306.171875,64306.171875,89779700
2026-01-06,65022.23828125,65630.53125,64871.62890625,65137.390625,190182900
2026-01-07,64871.69921875,65156.62890625,64043.1484375,64942.30078125,126392600
2026-01-08,65521.01171875,65617.3984375,64477.62890625,64874.109375,147361800
2026-01-09,66062.6171875,66152.7265625,65384.5703125,65542.0703125,178314200
2026-01-12,66745.609375,66942.8671875,66038.6015625,66113.53125,148969200
2026-01-13,66337.421875,66913.6796875,66214.1171875,66839.7265625,212215200
2026-01-14,67403.078125,67561.890625,66228.171875,66485.828125,169954200
2026-01-15,66649.28125,67656.96875,66456.3671875,67464.6796875,223545400
2026-01-16,67141.109375,67229.1875,66511.2734375,66632.71875,192264800
2026-01-19,67467.8203125,67553.1015625,66762.2890625,67254.28125,31597200
2026-01-20,67683.3828125,67945.2578125,66851.34375,67462.8828125,173477100
2026-01-21,68036.1328125,68761.3671875,67735.2734375,67735.2734375,189830800
2026-01-22,68347.9765625,68799.703125,67964.96875,67989.828125,181540000
2026-01-23,68195.1484375,68533.3828125,67493.5625,68438.859375,154468400
2026-01-26,68706.03125,69366.7109375,68420.1015625,68420.1015625,143994100
2026-01-27,68877.640625,69255.140625,68336.046875,68612.71875,203537500
2026-01-28,69959.7265625,70037.7890625,69038.6171875,69073.5625,196931000
2026-01-29,69492.4296875,70483.15625,69033.5234375,70297.8515625,202993900
2026-01-30,67598.953125,69190.03125,67468.0390625,69190.03125,221149100
2026-02-03,69735.0625,70111.7421875,67979.9765625,68001.1171875,221519800
2026-02-04,68730.6875,69888.5625,68186.9609375,69888.5625,218824500
2026-02-05,68858.28125,69181.1171875,67721.96875,68335.703125,166832400
2026-02-06,70809.5703125,70870.5703125,68725.65625,68798.3125,211525500
2026-02-09,71509.453125,71551.2890625,70651.28125,70806.1796875,143433600
2026-02-10,71271.5625,71715.3203125,71072.4609375,71535.9609375,164634400
2026-02-11,71601.3515625,71675.640625,70594.140625,71461.0,189694400
2026-02-12,70888.0390625,72111.40625,70465.71875,71581.15625,263858900
2026-02-13,71478.8125,71558.7265625,70329.2890625,70973.1875,159292900
2026-02-16,71353.2890625,71535.0234375,71180.078125,71468.9921875,17352800
2026-02-17,71155.6875,71288.078125,70691.03125,71288.078125,142942700
2026-02-18,70885.21875,71694.8828125,70771.9609375,71156.9296875,181882700
2026-02-19,70845.65625,71284.5078125,70691.078125,70771.21875,145226200
2026-02-20,71436.546875,71478.09375,70715.5234375,70715.5234375,133829700
2026-02-23,70633.7734375,71713.4765625,70141.84375,71171.6796875,145171300
2026-02-24,70934.8203125,71114.3671875,69853.6015625,70656.4609375,234152000
2026-02-25,71144.3515625,71358.671875,70626.6015625,71230.7421875,207550900
2026-02-26,71390.1015625,71440.2734375,70795.171875,71026.28125,216100000
2026-02-27,71405.7734375,71890.34375,70925.1796875,71325.96875,359876400
2026-03-02,70584.75,71487.8203125,70092.859375,71487.8203125,177778500
2026-03-03,68436.2578125,70241.890625,66938.453125,70241.890625,233775400
2026-03-04,70428.03125,70513.203125,68394.6875,68447.859375,185020800
2026-03-05,68379.421875,70456.1796875,68306.1484375,70362.09375,179296700
2026-03-06,67313.5,68366.8671875,67270.40625,68167.8671875,159702900
2026-03-09,66890.2734375,67180.140625,65426.98046875,67180.140625,208956900
2026-03-10,67397.9375,67866.6484375,67023.9375,67111.640625,222439000
2026-03-11,67559.78125,67644.640625,67014.65625,67363.21875,217513200
2026-03-12,66085.8125,67480.640625,65923.0390625,67448.5703125,174883400
2026-03-13,65648.90625,66515.640625,65575.921875,66106.96875,104652900
2026-03-17,66196.921875,66691.96875,65820.3125,65829.46875,184778200
2026-03-18,65779.2265625,66163.7890625,65679.359375,66108.1015625,229922300
2026-03-19,65199.3984375,65336.62890625,64444.46875,65259.76953125,152993900
2026-03-20,64134.8984375,65291.26171875,63781.25,65210.53125,514282400
2026-03-23,64370.94921875,64815.87109375,64099.55078125,64290.5390625,144444200
2026-03-24,65775.140625,65978.8125,64119.80859375,64328.80078125,176930700
2026-03-25,68187.6015625,68267.203125,66008.5390625,66008.5390625,202979600
2026-03-26,67061.34375,67936.03125,66969.328125,67936.03125,222426300
2026-03-27,66685.7578125,67423.7578125,66546.75,67105.171875,187736300
2026-03-30,67087.640625,67594.421875,66728.96875,66728.96875,101691600
2026-03-31,68610.71875,68954.96875,67214.828125,67214.828125,245662300
2026-04-01,69702.0234375,69928.4921875,68597.2421875,68597.2421875,165250800
2026-04-06,68986.6328125,70018.3203125,68577.578125,69811.3203125,77644400
2026-04-07,68529.21875,69181.203125,68169.2890625,68989.5703125,140977000
2026-04-08,70221.7578125,71221.546875,69363.046875,69363.046875,164296700
2026-04-09,70314.1875,70981.328125,70065.5625,70065.5625,153674400
2026-04-10,70023.390625,70802.0703125,69966.0234375,70444.359375,138024800
2026-04-13,69595.1328125,70058.9609375,69479.90625,70005.140625,199049600
2026-04-14,68941.4609375,69957.40625,68622.671875,69813.140625,204175800
2026-04-15,69634.7109375,69740.2890625,68539.2109375,69016.4296875,194123500
2026-04-16,69095.0234375,69632.609375,68731.96875,69555.8125,178298800
2026-04-17,69825.9375,69940.8515625,69082.2109375,69082.2109375,212009800
2026-04-20,70083.7265625,70205.546875,69228.34375,69789.8125,178734900
2026-04-21,68809.171875,70448.578125,68648.859375,70005.90625,169076100
2026-04-22,68836.921875,69583.171875,68697.203125,68929.5625,173292000
2026-04-23,68631.15625,69415.5625,68511.71875,68825.671875,182821100
2026-04-24,69230.5625,69668.78125,68591.15625,68591.15625,165811700
2026-04-27,67992.359375,69176.7734375,67942.4765625,69153.578125,153756600
2026-04-28,67269.2890625,67912.2890625,66883.1171875,67905.953125,190731800
2026-04-29,67097.0625,67597.3984375,66861.9296875,67418.140625,188323100
2026-04-30,67858.09375,68070.203125,67140.2890625,67140.2890625,163003900
2026-05-04,67283.6015625,68224.2421875,67201.171875,67983.5078125,181506900
2026-05-05,68590.5703125,68826.90625,67453.0234375,67527.546875,232247700
2026-05-06,69855.2265625,69899.890625,68804.296875,69063.140625,211436500
2026-05-07,70019.453125,70708.53125,69534.6171875,69846.9375,214440800
2026-05-08,69855.578125,70643.2421875,69739.953125,70046.3828125,178995300
2026-05-11,70246.296875,70717.046875,69762.4609375,69762.4609375,122696200
2026-05-12,70036.65625,70313.828125,69577.5390625,70228.2890625,101806300
2026-05-13,70187.453125,70792.7890625,69963.3125,70005.2109375,137912400
2026-05-14,69206.8515625,70890.09375,68836.7421875,70190.6328125,128255100
2026-05-15,67976.5,69061.71875,67721.7109375,69061.71875,119327500
2026-05-18,68405.203125,68461.390625,67765.1015625,68111.4609375,161313800
2026-05-19,68555.6328125,68823.4375,67607.3828125,68211.8515625,165146600
2026-05-20,68893.9296875,69136.703125,68317.3828125,68479.7109375,183867200
2026-05-21,68384.40625,68927.7265625,68245.4921875,68927.7265625,159696800
2026-05-22,68333.46875,68592.5703125,67914.84375,68575.046875,140644800
2026-05-25,68261.171875,68665.8671875,68147.453125,68411.9609375,20484900
2026-05-26,69197.5703125,69268.1171875,68027.15625,68099.9296875,136611100
2026-05-27,70021.3515625,70458.1796875,69052.046875,69138.75,199521200
2026-05-28,68866.28125,70103.2890625,68714.3984375,70103.2890625,197862200
2026-05-29,68587.7421875,68899.421875,67709.9921875,68703.78125,1010017500
2026-06-01,68137.03125,68545.3671875,67699.078125,68503.546875,193828600
2026-06-02,68890.328125,69213.7109375,68119.8125,68165.46875,174822300
2026-06-03,68285.8203125,68963.09375,68187.421875,68809.2421875,191614200
2026-06-04,67392.1875,68331.5078125,67197.6171875,68331.5078125,170681200
2026-06-05,66141.3828125,67142.78125,65955.40625,67142.78125,197106100
2026-06-08,65698.1015625,66420.7265625,65594.671875,66247.6171875,168173800
2026-06-09,65409.48046875,66480.0234375,64666.23828125,66049.921875,197644400
2026-06-10,64821.609375,65774.2421875,64688.6796875,65033.25,196168800
2026-06-11,66977.046875,67068.71875,64962.01953125,64962.01953125,214709900
2026-06-12,67954.546875,68207.8828125,67045.0625,67045.0625,154752800
2026-06-15,68207.6015625,69220.671875,68135.953125,68326.5703125,218104300
2026-06-16,68482.9375,68831.1484375,68090.5625,68156.609375,187113100
2026-06-17,68304.7265625,69067.5234375,68198.578125,68451.2578125,189428100
2026-06-18,68265.109375,68838.421875,68190.0703125,68334.5625,262035600
2026-06-19,67705.3671875,68346.171875,67367.3828125,68228.7265625,387460100
2026-06-22,67125.2578125,67918.3671875,67064.6484375,67590.359375,206422400
2026-06-23,66848.421875,67339.4609375,66048.0,66646.203125,188807400
2026-06-24,66278.0078125,67116.3203125,66117.953125,66703.671875,220442100
2026-06-25,67416.21875,67488.7578125,66439.7265625,66486.4921875,185721800
2026-06-26,67226.0078125,67668.34375,66911.15625,67349.921875,130375900
2026-06-29,67640.59375,68034.546875,67059.578125,67226.0078125,41661100
2026-06-30,66966.6796875,67865.359375,66894.6171875,67596.828125,213110800
2026-07-01,67247.7890625,67435.71875,66614.421875,66966.6796875,162396400
2026-07-02,67071.109375,68044.671875,66976.90625,66990.8671875,102815300
2026-07-03,67060.4921875,67402.75,66816.7734375,67352.671875,28961900
2026-07-06,67466.4609375,67780.34375,67099.65625,67132.1015625,154898400
2026-07-07,66674.703125,67666.0703125,66526.1171875,67450.2578125,128252500
2026-07-08,66609.640625,66763.0234375,65846.953125,66526.6484375,105527300
2026-07-09,66107.28125,66945.1171875,66019.1484375,66831.0390625,142189700
2026-07-10,66496.1015625,66798.046875,66140.53125,66140.53125,127900100
2026-07-13,65973.078125,66614.9765625,65875.4609375,66345.0234375,124716100
2026-07-14,66514.296875,66984.890625,65930.203125,65930.203125,130395300
2026-07-15,66399.7109375,66807.8125,66269.8671875,66688.7890625,134986700
2026-07-16,66356.09375,66717.5703125,65999.703125,66338.6171875,113883700
2026-07-17,66634.2265625,66822.6171875,65997.2109375,66328.359375,140846100
2026-07-20,66122.78125,67001.15625,66094.859375,66605.8984375,111581200
2026-07-21,66713.828125,66809.6484375,66101.65625,66129.0703125,109351300
2026-07-22,67303.828125,67656.296875,66634.2265625,66683.2734375,115684800
2026-07-23,66266.0078125,67369.1875,66181.078125,67369.1875,142310800
2026-07-24,66383.2578125,66748.078125,65759.8515625,66290.1796875,111291200
2026-07-27,67157.90625,67427.5703125,66342.7109375,66342.7109375,101986400
2026-07-28,67307.5390625,68457.09375,66676.40625,66998.9609375,118944900
2026-07-29,66479.890625,67432.328125,66353.78125,67332.4765625,170040100
2026-07-30,67290.3984375,67467.65625,66472.2109375,66527.5625,112066100
2026-07-31,66936.9921875,67613.0234375,66832.90625,67302.171875,138500300
2026-08-03,66697.21875,67087.5625,66429.7421875,66933.90625,96864600
2026-08-04,66833.15625,67668.578125,66622.25,66814.8515625,119768700
2026-08-05,66525.1796875,67168.390625,66432.1796875,66833.3828125,134779500
2026-08-06,66396.1484375,67247.5625,66336.7578125,66432.359375,129950200
2026-08-07,66938.640625,67185.8828125,66394.890625,66394.890625,113358000
2026-08-10,66438.578125,66955.0234375,66247.0,66933.0078125,97219000
2026-08-11,65564.7578125,66459.171875,65509.8984375,66398.2890625,105479700
2026-08-12,65755.96875,66120.71875,65404.51171875,65746.890625,187042100
2026-08-13,64826.390625,65890.71875,64750.0703125,65890.71875,204091600
2026-08-14,64397.44921875,65038.55078125,64329.53125,65038.55078125,93509600
2026-08-17,64254.98046875,64534.98046875,64024.0,64457.26171875,69007300
2026-08-18,63933.69140625,64665.94140625,63841.2890625,64289.46875,102634500
2026-08-19,63999.26171875,64584.421875,63924.19921875,63990.05078125,93945500
2026-08-20,64349.80078125,64547.109375,63937.98828125,64007.421875,109720300
2026-08-21,65729.1796875,66082.1484375,64559.7890625,64559.7890625,152833200
2026-08-24,65770.8515625,66152.1484375,65510.8203125,65751.6484375,113337900
2026-08-25,66293.0703125,66359.578125,65019.87890625,65750.890625,92465500
2026-08-26,66191.109375,66823.1015625,66107.3203125,66146.09375,108509800
2026-08-27,65829.9765625,66239.84375,65649.859375,66096.546875,93206800
2026-08-31,65430.3203125,65570.921875,64913.80078125,65325.7109375,452101000
2026-09-01,64514.25,65743.71875,64393.19140625,65348.3515625,141530700
2026-09-02,64884.28125,65088.8984375,64312.58984375,64500.7109375,151591800
