Date,Close,High,Low,Open,Volume
2003-01-03,1954.9599609375,1954.9599609375,1954.9599609375,1954.9599609375,0
2003-01-06,1981.0999755859373,1981.0999755859373,1981.0999755859373,1981.0999755859373,0
2003-01-07,1992.4200439453125,1992.4200439453125,1992.4200439453125,1992.4200439453125,0
2003-01-08,1987.989990234375,1987.989990234375,1987.989990234375,1987.989990234375,0
2003-01-09,1984.449951171875,1984.449951171875,1984.449951171875,1984.449951171875,0
2003-01-10,1998.9100341796875,1998.9100341796875,1998.9100341796875,1998.9100341796875,0
2003-01-13,2006.1400146484373,2006.1400146484373,2006.1400146484373,2006.1400146484373,0
2003-01-14,2003.550048828125,2003.550048828125,2003.550048828125,2003.550048828125,0
2003-01-15,2014.8299560546875,2014.8299560546875,2014.8299560546875,2014.8299560546875,0
2003-01-16,2008.9300537109373,2008.9300537109373,2008.9300537109373,2008.9300537109373,0
2003-01-17,2004.4100341796875,2004.4100341796875,2004.4100341796875,2004.4100341796875,0
2003-01-20,1985.989990234375,1985.989990234375,1985.989990234375,1985.989990234375,0
2003-01-21,1979.780029296875,1979.780029296875,1979.780029296875,1979.780029296875,0
2003-01-22,1973.6099853515625,1973.6099853515625,1973.6099853515625,1973.6099853515625,0
2003-01-23,1981.56005859375,1981.56005859375,1981.56005859375,1981.56005859375,0
2003-01-24,1989.27001953125,1989.27001953125,1989.27001953125,1989.27001953125,0
2003-01-27,1984.719970703125,1984.719970703125,1984.719970703125,1984.719970703125,0
2003-01-28,1973.510009765625,1973.510009765625,1973.510009765625,1973.510009765625,0
2003-01-29,1975.6700439453125,1975.6700439453125,1975.6700439453125,1975.6700439453125,0
2003-01-30,1962.8199462890625,1962.8199462890625,1962.8199462890625,1962.8199462890625,0
2003-01-31,1953.219970703125,1953.219970703125,1953.219970703125,1953.219970703125,0
2003-02-03,1958.449951171875,1958.449951171875,1958.449951171875,1958.449951171875,0
2003-02-04,1975.5799560546875,1975.5799560546875,1975.5799560546875,1975.5799560546875,0
2003-02-05,1949.5699462890625,1949.5699462890625,1949.5699462890625,1949.5699462890625,0
2003-02-07,1927.8800048828125,1927.8800048828125,1927.8800048828125,1927.8800048828125,0
2003-02-10,1946.5999755859373,1946.5999755859373,1946.5999755859373,1946.5999755859373,0
2003-02-11,1958.6199951171875,1958.6199951171875,1958.6199951171875,1958.6199951171875,0
2003-02-12,1937.5400390625,1937.5400390625,1937.5400390625,1937.5400390625,0
2003-02-13,1923.050048828125,1923.050048828125,1923.050048828125,1923.050048828125,0
2003-02-14,1920.9300537109373,1920.9300537109373,1920.9300537109373,1920.9300537109373,0
2003-02-17,1946.9200439453125,1946.9200439453125,1946.9200439453125,1946.9200439453125,0
2003-02-18,1947.030029296875,1947.030029296875,1947.030029296875,1947.030029296875,0
2003-02-19,1952.27001953125,1952.27001953125,1952.27001953125,1952.27001953125,0
2003-02-20,1936.0899658203125,1936.0899658203125,1936.0899658203125,1936.0899658203125,0
2003-02-21,1916.2900390625,1916.2900390625,1916.2900390625,1916.2900390625,0
2003-02-24,1902.8699951171875,1905.8199462890625,1902.8699951171875,1905.8199462890625,0
2003-02-25,1869.719970703125,1902.530029296875,1869.719970703125,1902.530029296875,0
2003-02-26,1873.9300537109373,1873.9300537109373,1870.06005859375,1870.06005859375,0
2003-02-27,1875.449951171875,1875.449951171875,1871.3800048828125,1874.22998046875,0
2003-02-28,1880.8499755859373,1880.8499755859373,1875.449951171875,1875.449951171875,0
2003-03-03,1886.1199951171875,1886.1199951171875,1879.52001953125,1880.8499755859373,0
2003-03-04,1901.3900146484373,1902.1700439453125,1882.52001953125,1886.1199951171875,0
2003-03-05,1910.3299560546875,1910.3299560546875,1893.5999755859373,1901.3900146484373,0
2003-03-06,1909.9599609375,1917.219970703125,1900.760009765625,1910.3299560546875,0
2003-03-07,1902.489990234375,1912.6500244140625,1899.6199951171875,1909.9599609375,0
2003-03-10,1907.52001953125,1908.780029296875,1897.239990234375,1902.489990234375,0
2003-03-11,1901.8599853515625,1907.52001953125,1895.18994140625,1907.52001953125,0
2003-03-12,1893.5799560546875,1908.06005859375,1892.72998046875,1901.8599853515625,0
2003-03-13,1872.949951171875,1893.5799560546875,1869.8900146484373,1893.5799560546875,0
2003-03-14,1898.449951171875,1900.6500244140625,1872.949951171875,1872.949951171875,0
2003-03-17,1888.7900390625,1900.010009765625,1884.9200439453125,1898.449951171875,0
2003-03-18,1912.02001953125,1913.5799560546875,1888.7900390625,1888.7900390625,0
2003-03-19,1895.8599853515625,1912.02001953125,1895.8599853515625,1912.02001953125,0
2003-03-20,1902.0699462890625,1905.4599609375,1894.0799560546875,1895.8599853515625,0
2003-03-21,1908.030029296875,1910.5999755859373,1898.699951171875,1902.0699462890625,0
2003-03-24,1916.43994140625,1919.5699462890625,1908.030029296875,1908.030029296875,0
2003-03-25,1905.4100341796875,1916.43994140625,1897.25,1916.43994140625,0
2003-03-26,1908.1600341796875,1911.0999755859373,1901.1400146484373,1905.4100341796875,0
2003-03-27,1914.0799560546875,1915.56005859375,1899.6199951171875,1908.1600341796875,0
2003-03-28,1919.22998046875,1921.469970703125,1908.43994140625,1914.0799560546875,0
2003-03-31,1931.6099853515625,1934.6199951171875,1909.06005859375,1919.22998046875,0
2003-04-01,1924.77001953125,1931.6099853515625,1914.6700439453125,1931.6099853515625,0
2003-04-02,1933.5999755859373,1942.8199462890625,1924.3800048828125,1924.77001953125,0
2003-04-03,1931.6099853515625,1943.77001953125,1925.260009765625,1933.5999755859373,0
2003-04-04,1945.97998046875,1947.52001953125,1925.199951171875,1931.6099853515625,0
2003-04-07,1975.5899658203125,1978.31005859375,1945.8199462890625,1945.97998046875,0
2003-04-08,1972.06005859375,1983.6600341796875,1972.06005859375,1975.5899658203125,0
2003-04-09,1974.530029296875,1976.1700439453125,1967.3900146484373,1972.06005859375,0
2003-04-10,1947.300048828125,1974.530029296875,1942.1500244140625,1974.530029296875,0
2003-04-11,1959.8299560546875,1961.7099609375,1946.2900390625,1947.300048828125,0
2003-04-14,1981.719970703125,1987.5799560546875,1959.8299560546875,1959.8299560546875,0
2003-04-15,2006.1199951171875,2006.1199951171875,1981.719970703125,1981.719970703125,0
2003-04-16,1981.4200439453125,2006.1600341796875,1977.52001953125,2006.1199951171875,0
2003-04-17,1970.3299560546875,1983.4100341796875,1970.3299560546875,1981.4200439453125,0
2003-04-22,1964.43994140625,1974.93994140625,1964.3499755859373,1970.3299560546875,0
2003-04-23,1978.8900146484373,1983.6600341796875,1964.43994140625,1964.43994140625,0
2003-04-24,1994.3599853515625,2002.75,1978.8900146484373,1978.8900146484373,0
2003-04-28,1973.6300048828125,1994.3599853515625,1973.510009765625,1994.3599853515625,0
2003-04-29,1993.0400390625,1995.31005859375,1973.6300048828125,1973.6300048828125,0
2003-04-30,2013.31005859375,2015.1099853515625,1992.3399658203125,1993.0400390625,0
2003-05-01,1999.43994140625,2013.489990234375,1995.8800048828125,2013.31005859375,0
2003-05-02,1955.449951171875,1999.43994140625,1953.1199951171875,1999.43994140625,0
2003-05-05,1960.4200439453125,1963.2900390625,1950.1800537109373,1955.449951171875,0
2003-05-06,1977.8699951171875,1979.75,1959.06005859375,1960.4200439453125,0
2003-05-07,1978.06005859375,1989.0999755859373,1976.4599609375,1977.8699951171875,0
2003-05-08,1977.8599853515625,1981.239990234375,1964.77001953125,1978.06005859375,0
2003-05-09,1979.4300537109373,1990.2099609375,1970.4300537109373,1977.8599853515625,0
2003-05-12,2000.4100341796875,2003.8399658203125,1979.4300537109373,1979.4300537109373,0
2003-05-13,2009.77001953125,2013.06005859375,2000.4100341796875,2000.4100341796875,0
2003-05-14,2017.280029296875,2019.3699951171875,2004.9599609375,2009.77001953125,0
2003-05-15,2019.010009765625,2023.260009765625,2010.8599853515625,2017.280029296875,0
2003-05-16,2020.0999755859373,2021.77001953125,2013.010009765625,2019.010009765625,0
2003-05-19,2009.6300048828125,2023.239990234375,2008.6600341796875,2020.0999755859373,0
2003-05-20,2009.6099853515625,2013.47998046875,1997.6500244140625,2009.6300048828125,0
2003-05-21,2013.219970703125,2022.9300537109373,2000.6800537109373,2009.6099853515625,0
2003-05-22,2033.1199951171875,2040.3599853515625,2013.219970703125,2013.219970703125,0
2003-05-23,2044.77001953125,2044.77001953125,2033.1199951171875,2033.1199951171875,0
2003-05-26,2048.010009765625,2052.179931640625,2044.4599609375,2044.77001953125,0
2003-05-27,2058.659912109375,2059.280029296875,2048.010009765625,2048.010009765625,0
2003-05-28,2064.52001953125,2072.77001953125,2058.659912109375,2058.659912109375,0
2003-05-29,2084.760009765625,2085.3798828125,2060.840087890625,2064.52001953125,0
2003-05-30,2087.06005859375,2091.60009765625,2077.929931640625,2084.760009765625,0
2003-06-03,2089.6298828125,2093.39990234375,2084.14990234375,2087.06005859375,0
2003-06-04,2083.320068359375,2089.6298828125,2077.260009765625,2089.6298828125,0
2003-06-05,2101.77001953125,2105.449951171875,2083.320068359375,2083.320068359375,0
2003-06-06,2108.919921875,2112.169921875,2101.77001953125,2101.77001953125,0
2003-06-09,2109.39990234375,2112.409912109375,2101.820068359375,2108.919921875,0
2003-06-10,2112.080078125,2114.610107421875,2108.320068359375,2109.39990234375,0
2003-06-11,2105.8701171875,2112.080078125,2104.580078125,2112.080078125,0
2003-06-12,2113.2900390625,2116.6298828125,2105.8701171875,2105.8701171875,0
2003-06-13,2121.489990234375,2125.31005859375,2113.2900390625,2113.2900390625,0
2003-06-16,2140.510009765625,2141.570068359375,2118.610107421875,2121.489990234375,0
2003-06-17,2167.14990234375,2171.760009765625,2140.510009765625,2140.510009765625,0
2003-06-18,2169.72998046875,2169.89990234375,2161.320068359375,2167.14990234375,0
2003-06-19,2180.3798828125,2180.679931640625,2167.860107421875,2169.72998046875,0
2003-06-20,2188.300048828125,2188.300048828125,2172.9599609375,2180.3798828125,0
2003-06-23,2184.89990234375,2189.659912109375,2180.60009765625,2188.300048828125,0
2003-06-24,2167.9599609375,2184.89990234375,2160.699951171875,2184.89990234375,0
2003-06-25,2169.840087890625,2172.7099609375,2166.320068359375,2167.9599609375,0
2003-06-26,2165.419921875,2169.840087890625,2159.139892578125,2169.840087890625,0
2003-06-27,2172.469970703125,2173.669921875,2163.830078125,2165.419921875,0
2003-06-30,2212.52001953125,2212.610107421875,2165.7099609375,2172.469970703125,0
2003-07-01,2186.2099609375,2212.52001953125,2182.39990234375,2212.52001953125,0
2003-07-02,2196.070068359375,2197.989990234375,2185.760009765625,2186.219970703125,0
2003-07-03,2192.340087890625,2200.10009765625,2187.5,2196.070068359375,0
2003-07-04,2181.530029296875,2192.340087890625,2176.1298828125,2192.340087890625,0
2003-07-07,2171.25,2181.530029296875,2168.97998046875,2181.530029296875,0
2003-07-08,2157.0400390625,2186.010009765625,2150.419921875,2171.25,0
2003-07-09,2131.81005859375,2157.0400390625,2129.419921875,2157.0400390625,0
2003-07-10,2129.2099609375,2133.35009765625,2124.389892578125,2131.81005859375,0
2003-07-11,2131.669921875,2133.169921875,2127.7900390625,2129.2099609375,0
2003-07-14,2135.2900390625,2139.080078125,2129.090087890625,2131.669921875,0
2003-07-15,2131.840087890625,2139.6298828125,2131.030029296875,2135.2900390625,0
2003-07-16,2104.280029296875,2131.840087890625,2104.280029296875,2131.840087890625,0
2003-07-17,2104.989990234375,2106.080078125,2094.820068359375,2104.280029296875,0
2003-07-18,2110.3701171875,2110.570068359375,2092.719970703125,2104.989990234375,0
2003-07-21,2137.06005859375,2137.06005859375,2110.3701171875,2110.3701171875,0
2003-07-22,2130.39990234375,2137.06005859375,2124.02001953125,2137.06005859375,0
2003-07-23,2149.929931640625,2149.929931640625,2130.39990234375,2130.39990234375,0
2003-07-24,2163.25,2168.64990234375,2149.929931640625,2149.929931640625,0
2003-07-25,2169.47998046875,2170.820068359375,2160.7900390625,2163.25,0
2003-07-28,2172.1201171875,2187.469970703125,2169.330078125,2169.47998046875,0
2003-07-29,2157.860107421875,2172.25,2156.85009765625,2172.1201171875,0
2003-07-30,2146.97998046875,2160.800048828125,2141.18994140625,2157.860107421875,0
2003-07-31,2146.35009765625,2158.780029296875,2146.35009765625,2146.97998046875,0
2003-08-01,2157.840087890625,2158.820068359375,2144.6298828125,2146.35009765625,0
2003-08-04,2159.409912109375,2160.860107421875,2153.699951171875,2157.840087890625,0
2003-08-05,2176.8798828125,2179.659912109375,2159.409912109375,2159.409912109375,0
2003-08-06,2180.590087890625,2188.169921875,2176.8798828125,2176.8798828125,0
2003-08-07,2178.5,2186.6201171875,2178.010009765625,2180.590087890625,0
2003-08-08,2202.25,2202.300048828125,2178.5,2178.5,0
2003-08-11,2207.030029296875,2208.52001953125,2199.590087890625,2202.25,0
2003-08-12,2203.39990234375,2207.030029296875,2198.72998046875,2207.030029296875,0
2003-08-13,2217.52001953125,2218.18994140625,2203.39990234375,2203.39990234375,0
2003-08-14,2204.72998046875,2217.52001953125,2201.8701171875,2217.52001953125,0
2003-08-15,2190.280029296875,2207.550048828125,2188.639892578125,2204.72998046875,0
2003-08-18,2208.929931640625,2208.929931640625,2190.280029296875,2190.280029296875,0
2003-08-19,2217.550048828125,2224.02001953125,2208.929931640625,2208.929931640625,0
2003-08-20,2196.64990234375,2219.1298828125,2193.93994140625,2217.550048828125,0
2003-08-21,2178.090087890625,2199.25,2175.719970703125,2196.64990234375,0
2003-08-22,2174.6201171875,2178.820068359375,2167.969970703125,2178.090087890625,0
2003-08-25,2171.969970703125,2176.659912109375,2167.06005859375,2174.6201171875,0
2003-08-26,2184.179931640625,2189.97998046875,2171.47998046875,2171.969970703125,0
2003-08-27,2178.1201171875,2191.8701171875,2178.1201171875,2184.179931640625,0
2003-08-28,2188.320068359375,2190.02001953125,2177.35009765625,2178.1201171875,0
2003-08-29,2214.909912109375,2216.31005859375,2188.320068359375,2188.320068359375,0
2003-09-01,2208.409912109375,2219.820068359375,2207.840087890625,2214.909912109375,0
2003-09-02,2206.68994140625,2214.85009765625,2203.570068359375,2208.409912109375,0
2003-09-03,2216.760009765625,2216.760009765625,2206.68994140625,2206.68994140625,0
2003-09-04,2218.8798828125,2222.449951171875,2215.85009765625,2216.760009765625,0
2003-09-05,2223.360107421875,2229.639892578125,2218.8798828125,2218.8798828125,0
2003-09-08,2216.64990234375,2223.360107421875,2210.669921875,2223.360107421875,0
2003-09-09,2218.25,2221.669921875,2215.280029296875,2216.64990234375,0
2003-09-10,2213.739990234375,2223.340087890625,2213.1298828125,2218.25,0
2003-09-11,2213.389892578125,2214.840087890625,2206.199951171875,2213.739990234375,0
2003-09-12,2210.239990234375,2217.669921875,2210.06005859375,2213.389892578125,0
2003-09-15,2231.739990234375,2232.199951171875,2210.239990234375,2210.239990234375,0
2003-09-16,2221.4599609375,2232.590087890625,2220.699951171875,2231.739990234375,0
2003-09-17,2240.02001953125,2240.199951171875,2221.4599609375,2221.4599609375,0
2003-09-18,2239.97998046875,2269.699951171875,2236.60009765625,2240.02001953125,0
2003-09-19,2260.8701171875,2270.14990234375,2239.97998046875,2239.97998046875,0
2003-09-22,2267.60009765625,2270.3798828125,2260.8701171875,2260.8701171875,0
2003-09-23,2271.489990234375,2272.449951171875,2267.60009765625,2267.60009765625,0
2003-09-24,2275.56005859375,2275.56005859375,2262.97998046875,2271.489990234375,0
2003-09-25,2272.7900390625,2275.93994140625,2263.510009765625,2275.56005859375,0
2003-09-26,2274.2099609375,2277.780029296875,2258.739990234375,2272.7900390625,0
2003-09-29,2270.590087890625,2279.64990234375,2269.739990234375,2274.2099609375,0
2003-09-30,2280.830078125,2284.64990234375,2270.590087890625,2270.590087890625,0
2003-10-01,2272.52001953125,2286.85009765625,2271.43994140625,2280.830078125,0
2003-10-02,2278.52001953125,2281.739990234375,2269.320068359375,2272.52001953125,0
2003-10-03,2293.169921875,2297.820068359375,2278.52001953125,2278.52001953125,0
2003-10-06,2302.2099609375,2308.60009765625,2293.169921875,2293.169921875,0
2003-10-07,2298.780029296875,2307.929931640625,2297.639892578125,2302.2099609375,0
2003-10-08,2297.590087890625,2300.39990234375,2295.570068359375,2298.780029296875,0
2003-10-09,2300.93994140625,2304.139892578125,2287.719970703125,2297.590087890625,0
2003-10-10,2293.35009765625,2304.969970703125,2293.35009765625,2300.93994140625,0
2003-10-13,2299.72998046875,2304.2900390625,2292.719970703125,2293.35009765625,0
2003-10-14,2281.550048828125,2304.760009765625,2280.47998046875,2299.72998046875,0
2003-10-15,2288.9599609375,2295.64990234375,2281.550048828125,2281.550048828125,0
2003-10-16,2294.820068359375,2299.239990234375,2287.489990234375,2288.9599609375,0
2003-10-17,2310.489990234375,2311.760009765625,2294.820068359375,2294.820068359375,0
2003-10-20,2310.9599609375,2315.64990234375,2307.889892578125,2310.489990234375,0
2003-10-21,2312.860107421875,2315.389892578125,2310.090087890625,2310.9599609375,0
2003-10-22,2309.0,2316.31005859375,2307.239990234375,2312.860107421875,0
2003-10-23,2293.449951171875,2309.0,2293.330078125,2309.0,0
2003-10-24,2291.60009765625,2300.860107421875,2290.639892578125,2293.449951171875,0
2003-10-28,2298.080078125,2298.080078125,2291.22998046875,2291.60009765625,0
2003-10-29,2318.2099609375,2320.22998046875,2298.080078125,2298.080078125,0
2003-10-30,2312.2900390625,2322.110107421875,2308.669921875,2318.2099609375,0
2003-10-31,2306.919921875,2318.22998046875,2304.2900390625,2312.2900390625,0
2003-11-03,2315.179931640625,2322.5400390625,2306.800048828125,2306.919921875,0
2003-11-04,2325.820068359375,2326.1298828125,2315.179931640625,2315.179931640625,0
2003-11-05,2321.60009765625,2332.919921875,2321.4599609375,2325.820068359375,0
2003-11-06,2309.780029296875,2324.14990234375,2307.2900390625,2321.60009765625,0
2003-11-07,2317.93994140625,2319.27001953125,2309.72998046875,2309.780029296875,0
2003-11-10,2312.06005859375,2317.93994140625,2311.590087890625,2317.93994140625,0
2003-11-11,2333.60009765625,2333.60009765625,2310.31005859375,2312.06005859375,0
2003-11-12,2321.860107421875,2334.360107421875,2319.800048828125,2333.60009765625,0
2003-11-13,2324.530029296875,2327.7900390625,2321.860107421875,2321.860107421875,0
2003-11-14,2319.5400390625,2329.25,2317.409912109375,2324.530029296875,0
2003-11-17,2323.81005859375,2330.840087890625,2314.800048828125,2319.5400390625,0
2003-11-18,2333.6298828125,2333.6298828125,2313.81005859375,2323.81005859375,0
2003-11-19,2339.8701171875,2342.0400390625,2331.550048828125,2333.6298828125,0
2003-11-20,2341.989990234375,2346.2900390625,2334.89990234375,2339.8701171875,0
2003-11-21,2327.570068359375,2342.35009765625,2327.340087890625,2341.989990234375,0
2003-11-24,2328.719970703125,2333.409912109375,2321.639892578125,2327.570068359375,0
2003-11-25,2333.1201171875,2335.389892578125,2327.929931640625,2328.719970703125,0
2003-11-26,2346.800048828125,2347.989990234375,2333.1201171875,2333.1201171875,0
2003-11-27,2339.340087890625,2346.949951171875,2337.969970703125,2346.800048828125,0
2003-11-28,2345.840087890625,2348.760009765625,2332.050048828125,2339.340087890625,0
2003-12-01,2369.14990234375,2369.590087890625,2345.840087890625,2345.840087890625,0
2003-12-02,2369.4599609375,2382.8701171875,2367.89990234375,2369.14990234375,0
2003-12-03,2362.0,2369.4599609375,2355.659912109375,2369.4599609375,0
2003-12-04,2366.56005859375,2373.5,2360.719970703125,2362.0,0
2003-12-05,2361.590087890625,2371.719970703125,2356.719970703125,2366.56005859375,0
2003-12-08,2366.219970703125,2367.52001953125,2358.820068359375,2361.590087890625,0
2003-12-09,2380.580078125,2380.580078125,2366.219970703125,2366.219970703125,0
2003-12-10,2375.989990234375,2380.580078125,2370.2099609375,2380.580078125,0
2003-12-11,2374.320068359375,2378.68994140625,2371.590087890625,2375.989990234375,0
2003-12-12,2384.510009765625,2386.340087890625,2374.10009765625,2374.320068359375,0
2003-12-15,2406.93994140625,2408.659912109375,2384.510009765625,2384.510009765625,0
2003-12-16,2393.169921875,2406.93994140625,2389.239990234375,2406.93994140625,0
2003-12-17,2387.22998046875,2398.22998046875,2384.60009765625,2393.169921875,0
2003-12-18,2396.6201171875,2397.25,2387.10009765625,2387.22998046875,0
2003-12-19,2394.4599609375,2400.7900390625,2390.070068359375,2395.35009765625,0
2003-12-22,2406.81005859375,2407.3798828125,2394.4599609375,2394.4599609375,0
2003-12-23,2417.3701171875,2419.47998046875,2405.699951171875,2406.81005859375,0
2003-12-24,2434.139892578125,2434.139892578125,2417.3701171875,2417.3701171875,0
2003-12-29,2434.0,2438.72998046875,2433.739990234375,2434.139892578125,0
2003-12-30,2441.93994140625,2443.919921875,2434.0,2434.0,0
2003-12-31,2450.340087890625,2451.260009765625,2441.47998046875,2441.93994140625,0
2004-01-05,2453.02001953125,2458.419921875,2450.340087890625,2450.340087890625,0
2004-01-06,2472.8798828125,2473.3701171875,2453.02001953125,2453.02001953125,0
2004-01-07,2475.199951171875,2479.830078125,2469.919921875,2472.8798828125,0
2004-01-08,2456.989990234375,2475.199951171875,2456.989990234375,2475.199951171875,0
2004-01-09,2464.75,2467.570068359375,2456.090087890625,2456.989990234375,0
2004-01-12,2476.820068359375,2476.820068359375,2456.68994140625,2464.75,0
2004-01-13,2462.72998046875,2477.7900390625,2459.340087890625,2476.820068359375,0
2004-01-14,2440.39990234375,2462.72998046875,2437.030029296875,2462.72998046875,0
2004-01-15,2468.8701171875,2469.739990234375,2440.39990234375,2440.39990234375,0
2004-01-16,2479.77001953125,2483.919921875,2466.52001953125,2468.8701171875,0
2004-01-19,2496.300048828125,2498.7099609375,2479.77001953125,2479.77001953125,0
2004-01-20,2509.179931640625,2510.47998046875,2496.300048828125,2496.300048828125,0
2004-01-21,2501.64990234375,2520.47998046875,2496.949951171875,2509.179931640625,0
2004-01-22,2493.43994140625,2510.179931640625,2492.010009765625,2501.64990234375,0
2004-01-23,2503.25,2506.639892578125,2493.43994140625,2493.43994140625,0
2004-01-26,2503.139892578125,2507.949951171875,2499.070068359375,2503.25,0
2004-01-27,2524.239990234375,2526.699951171875,2503.139892578125,2503.139892578125,0
2004-01-28,2519.919921875,2526.85009765625,2517.510009765625,2524.239990234375,0
2004-01-29,2485.8798828125,2519.919921875,2480.580078125,2519.919921875,0
2004-01-30,2471.510009765625,2485.8798828125,2457.570068359375,2485.8798828125,0
2004-02-02,2456.1201171875,2471.510009765625,2456.1201171875,2471.510009765625,0
2004-02-03,2448.75,2462.2099609375,2446.7900390625,2456.1201171875,0
2004-02-04,2432.550048828125,2448.75,2430.1201171875,2448.75,0
2004-02-05,2431.3798828125,2437.0,2425.820068359375,2432.550048828125,0
2004-02-09,2453.639892578125,2462.949951171875,2431.3798828125,2431.3798828125,0
2004-02-10,2457.72998046875,2464.43994140625,2453.35009765625,2453.639892578125,0
2004-02-11,2439.050048828125,2457.72998046875,2431.0,2457.72998046875,0
2004-02-12,2429.070068359375,2439.050048828125,2423.0,2439.050048828125,0
2004-02-13,2441.8798828125,2443.409912109375,2427.030029296875,2429.070068359375,0
2004-02-16,2431.050048828125,2441.8798828125,2429.1298828125,2441.8798828125,0
2004-02-17,2418.56005859375,2431.050048828125,2415.800048828125,2431.050048828125,0
2004-02-18,2434.7900390625,2438.1298828125,2416.739990234375,2418.56005859375,0
2004-02-19,2434.25,2436.090087890625,2428.27001953125,2434.7900390625,0
2004-02-20,2426.830078125,2439.840087890625,2421.280029296875,2434.25,0
2004-02-23,2422.159912109375,2426.830078125,2418.97998046875,2426.830078125,0
2004-02-24,2420.929931640625,2425.47998046875,2417.820068359375,2422.159912109375,0
2004-02-25,2431.820068359375,2435.840087890625,2418.800048828125,2420.929931640625,0
2004-02-26,2436.530029296875,2437.580078125,2430.590087890625,2431.820068359375,0
2004-02-27,2440.47998046875,2442.449951171875,2420.840087890625,2436.530029296875,0
2004-03-01,2441.75,2444.800048828125,2437.68994140625,2440.47998046875,0
2004-03-02,2450.659912109375,2450.659912109375,2440.570068359375,2441.75,0
2004-03-03,2463.139892578125,2464.7900390625,2448.419921875,2450.659912109375,0
2004-03-04,2473.179931640625,2474.52001953125,2457.3798828125,2463.139892578125,0
2004-03-05,2473.199951171875,2487.030029296875,2472.669921875,2473.179931640625,0
2004-03-08,2478.1298828125,2479.5400390625,2466.89990234375,2473.199951171875,0
2004-03-09,2494.580078125,2494.639892578125,2478.1298828125,2478.1298828125,0
2004-03-10,2489.35009765625,2494.580078125,2486.570068359375,2494.580078125,0
2004-03-11,2512.1201171875,2515.110107421875,2489.35009765625,2489.35009765625,0
2004-03-12,2514.580078125,2514.580078125,2499.830078125,2512.1201171875,0
2004-03-15,2504.2099609375,2514.580078125,2503.409912109375,2514.580078125,0
2004-03-16,2502.31005859375,2506.2900390625,2495.3701171875,2504.2099609375,0
2004-03-17,2510.300048828125,2513.800048828125,2501.699951171875,2502.31005859375,0
2004-03-18,2508.5,2517.64990234375,2508.389892578125,2510.300048828125,0
2004-03-19,2507.5,2512.989990234375,2502.909912109375,2508.5,0
2004-03-22,2517.47998046875,2521.010009765625,2505.72998046875,2507.5,0
2004-03-23,2526.52001953125,2527.659912109375,2506.080078125,2517.47998046875,0
2004-03-24,2533.050048828125,2534.35009765625,2520.909912109375,2526.52001953125,0
2004-03-25,2547.760009765625,2548.8701171875,2530.239990234375,2533.050048828125,0
2004-03-26,2575.6201171875,2576.330078125,2547.760009765625,2547.760009765625,0
2004-03-29,2578.050048828125,2578.989990234375,2566.3701171875,2575.6201171875,0
2004-03-30,2590.889892578125,2595.070068359375,2578.050048828125,2578.050048828125,0
2004-03-31,2593.02001953125,2596.7099609375,2587.889892578125,2590.889892578125,0
2004-04-01,2591.070068359375,2595.31005859375,2585.8701171875,2593.02001953125,0
2004-04-02,2590.050048828125,2592.60009765625,2584.449951171875,2591.070068359375,0
2004-04-05,2593.43994140625,2598.669921875,2586.639892578125,2590.050048828125,0
2004-04-06,2622.030029296875,2628.6298828125,2593.43994140625,2593.43994140625,0
2004-04-07,2614.68994140625,2622.030029296875,2610.0,2622.030029296875,0
2004-04-08,2611.1298828125,2615.639892578125,2609.659912109375,2614.68994140625,0
2004-04-13,2604.81005859375,2612.77001953125,2603.489990234375,2611.1298828125,0
2004-04-14,2602.409912109375,2606.52001953125,2599.409912109375,2604.81005859375,0
2004-04-15,2610.510009765625,2617.070068359375,2602.409912109375,2602.409912109375,0
2004-04-16,2609.300048828125,2613.14990234375,2607.7099609375,2610.510009765625,0
2004-04-19,2624.030029296875,2626.3798828125,2608.0400390625,2609.300048828125,0
2004-04-20,2636.389892578125,2638.7099609375,2624.010009765625,2624.030029296875,0
2004-04-21,2648.77001953125,2650.2099609375,2634.800048828125,2636.389892578125,0
2004-04-22,2648.219970703125,2648.77001953125,2634.840087890625,2648.77001953125,0
2004-04-23,2654.840087890625,2662.02001953125,2646.610107421875,2648.219970703125,0
2004-04-26,2645.300048828125,2657.8798828125,2645.02001953125,2654.840087890625,0
2004-04-27,2648.360107421875,2652.800048828125,2643.489990234375,2645.300048828125,0
2004-04-28,2656.22998046875,2659.449951171875,2646.739990234375,2648.360107421875,0
2004-04-29,2640.25,2656.22998046875,2632.050048828125,2656.22998046875,0
2004-04-30,2631.14990234375,2641.7900390625,2626.030029296875,2640.25,0
2004-05-03,2612.570068359375,2631.14990234375,2608.929931640625,2631.14990234375,0
2004-05-04,2622.1298828125,2622.14990234375,2606.72998046875,2612.570068359375,0
2004-05-05,2617.389892578125,2631.06005859375,2614.719970703125,2622.1298828125,0
2004-05-06,2610.139892578125,2622.97998046875,2604.840087890625,2617.389892578125,0
2004-05-07,2595.510009765625,2610.139892578125,2595.139892578125,2610.139892578125,0
2004-05-10,2576.969970703125,2595.510009765625,2572.6298828125,2595.510009765625,0
2004-05-11,2568.110107421875,2576.969970703125,2556.610107421875,2576.969970703125,0
2004-05-12,2566.580078125,2573.590087890625,2566.0,2568.110107421875,0
2004-05-13,2568.81005859375,2569.550048828125,2561.2900390625,2566.580078125,0
2004-05-14,2564.72998046875,2577.85009765625,2564.72998046875,2568.81005859375,0
2004-05-17,2588.9599609375,2589.27001953125,2564.72998046875,2564.72998046875,0
2004-05-18,2584.139892578125,2593.2099609375,2580.469970703125,2588.9599609375,0
2004-05-19,2612.419921875,2613.169921875,2584.139892578125,2584.139892578125,0
2004-05-20,2605.110107421875,2620.070068359375,2600.449951171875,2612.419921875,0
2004-05-21,2594.780029296875,2605.110107421875,2594.219970703125,2605.110107421875,0
2004-05-24,2599.110107421875,2603.110107421875,2594.780029296875,2594.780029296875,0
2004-05-25,2575.89990234375,2599.669921875,2573.969970703125,2599.110107421875,0
2004-05-26,2579.080078125,2586.159912109375,2575.89990234375,2575.89990234375,0
2004-05-27,2587.60009765625,2587.68994140625,2579.080078125,2579.080078125,0
2004-05-28,2589.159912109375,2595.679931640625,2587.60009765625,2587.60009765625,0
2004-06-01,2597.75,2598.239990234375,2590.0,2595.72998046875,0
2004-06-02,2597.9599609375,2600.699951171875,2590.830078125,2597.75,0
2004-06-03,2613.590087890625,2617.89990234375,2597.9599609375,2597.9599609375,0
2004-06-08,2620.830078125,2626.22998046875,2612.39990234375,2612.39990234375,0
2004-06-09,2611.2099609375,2622.52001953125,2607.919921875,2620.830078125,0
2004-06-10,2603.800048828125,2611.2099609375,2591.31005859375,2611.2099609375,0
2004-06-14,2624.02001953125,2624.02001953125,2611.320068359375,2613.070068359375,0
2004-06-15,2618.2900390625,2625.760009765625,2614.570068359375,2624.02001953125,0
2004-06-16,2622.1298828125,2623.169921875,2616.159912109375,2618.2900390625,0
2004-06-17,2625.60009765625,2627.570068359375,2621.6201171875,2622.1298828125,0
2004-06-18,2640.18994140625,2640.18994140625,2623.800048828125,2625.60009765625,0
2004-06-21,2638.10009765625,2640.860107421875,2633.949951171875,2640.18994140625,0
2004-06-22,2656.260009765625,2657.159912109375,2635.68994140625,2638.10009765625,0
2004-06-23,2667.389892578125,2668.590087890625,2654.330078125,2656.260009765625,0
2004-06-24,2660.7900390625,2669.75,2657.280029296875,2667.389892578125,0
2004-06-25,2666.75,2669.739990234375,2654.97998046875,2660.7900390625,0
2004-06-28,2661.110107421875,2666.75,2659.800048828125,2666.75,0
2004-06-29,2669.639892578125,2670.14990234375,2657.77001953125,2661.110107421875,0
2004-06-30,2696.070068359375,2696.239990234375,2669.639892578125,2669.639892578125,0
2004-07-01,2692.2099609375,2700.830078125,2688.9599609375,2696.070068359375,0
2004-07-02,2693.39990234375,2695.409912109375,2681.969970703125,2692.2099609375,0
2004-07-05,2692.639892578125,2694.219970703125,2684.590087890625,2693.39990234375,0
2004-07-06,2687.60009765625,2698.610107421875,2685.6201171875,2692.639892578125,0
2004-07-07,2700.7099609375,2700.7099609375,2684.300048828125,2687.60009765625,0
2004-07-08,2693.5400390625,2700.830078125,2691.280029296875,2700.7099609375,0
2004-07-09,2691.010009765625,2693.669921875,2686.72998046875,2693.5400390625,0
2004-07-12,2689.8798828125,2695.429931640625,2689.8798828125,2691.010009765625,0
2004-07-13,2681.659912109375,2689.8798828125,2679.080078125,2689.8798828125,0
2004-07-14,2678.93994140625,2681.659912109375,2674.22998046875,2681.659912109375,0
2004-07-15,2693.469970703125,2696.22998046875,2678.169921875,2678.93994140625,0
2004-07-16,2709.81005859375,2712.52001953125,2693.469970703125,2693.469970703125,25195800
2004-07-19,2707.159912109375,2710.199951171875,2699.2099609375,2709.81005859375,0
2004-07-20,2734.830078125,2735.800048828125,2707.159912109375,2707.159912109375,0
2004-07-21,2743.669921875,2743.77001953125,2722.419921875,2734.830078125,0
2004-07-22,2757.639892578125,2757.639892578125,2731.580078125,2743.669921875,0
2004-07-23,2741.550048828125,2757.639892578125,2739.280029296875,2757.639892578125,27376400
2004-07-26,2741.409912109375,2746.110107421875,2737.699951171875,2741.550048828125,0
2004-07-27,2755.93994140625,2756.169921875,2739.639892578125,2741.409912109375,0
2004-07-28,2768.169921875,2773.7099609375,2755.93994140625,2755.93994140625,0
2004-07-29,2774.610107421875,2776.75,2760.860107421875,2768.169921875,0
2004-07-30,2788.010009765625,2788.010009765625,2772.56005859375,2774.610107421875,0
2004-08-02,2776.64990234375,2791.610107421875,2772.0,2788.010009765625,0
2004-08-03,2786.25,2789.889892578125,2774.110107421875,2776.64990234375,0
2004-08-04,2785.2900390625,2788.260009765625,2781.139892578125,2786.25,0
2004-08-05,2794.60009765625,2803.139892578125,2785.2900390625,2785.2900390625,0
2004-08-06,2764.219970703125,2794.60009765625,2763.260009765625,2794.60009765625,0
2004-08-09,2756.760009765625,2764.219970703125,2747.27001953125,2764.219970703125,0
2004-08-10,2755.050048828125,2764.550048828125,2754.64990234375,2756.760009765625,0
2004-08-11,2763.449951171875,2773.93994140625,2755.050048828125,2755.050048828125,0
2004-08-12,2767.85009765625,2768.3701171875,2759.699951171875,2763.449951171875,0
2004-08-13,2757.719970703125,2767.85009765625,2755.81005859375,2767.85009765625,0
2004-08-16,2747.489990234375,2760.280029296875,2746.8798828125,2757.719970703125,0
2004-08-17,2748.56005859375,2754.6201171875,2746.739990234375,2747.489990234375,0
2004-08-18,2733.85009765625,2748.56005859375,2726.929931640625,2748.56005859375,0
2004-08-19,2738.050048828125,2743.2099609375,2729.419921875,2733.85009765625,0
2004-08-20,2734.39990234375,2745.199951171875,2734.39990234375,2738.050048828125,0
2004-08-23,2737.360107421875,2743.75,2734.39990234375,2734.39990234375,0
2004-08-24,2737.31005859375,2740.260009765625,2734.830078125,2737.360107421875,0
2004-08-25,2739.97998046875,2745.39990234375,2736.0,2737.31005859375,0
2004-08-26,2740.590087890625,2749.7900390625,2737.330078125,2739.97998046875,0
2004-08-27,2735.909912109375,2743.080078125,2732.489990234375,2740.590087890625,0
2004-08-30,2747.340087890625,2749.909912109375,2735.909912109375,2735.909912109375,0
2004-08-31,2749.510009765625,2755.360107421875,2746.43994140625,2747.340087890625,0
2004-09-01,2747.050048828125,2753.97998046875,2747.050048828125,2749.510009765625,0
2004-09-06,2728.169921875,2729.159912109375,2723.010009765625,2728.389892578125,0
2004-09-07,2730.68994140625,2732.10009765625,2725.31005859375,2728.169921875,0
2004-09-08,2740.75,2743.010009765625,2729.510009765625,2730.68994140625,0
2004-09-09,2751.1298828125,2757.68994140625,2740.75,2740.75,0
2004-09-10,2751.919921875,2751.919921875,2740.06005859375,2751.1298828125,0
2004-09-13,2734.39990234375,2751.919921875,2733.77001953125,2751.919921875,0
2004-09-14,2736.8798828125,2739.639892578125,2724.070068359375,2734.39990234375,0
2004-09-15,2740.760009765625,2741.330078125,2736.8798828125,2736.8798828125,0
2004-09-16,2758.22998046875,2758.35009765625,2740.02001953125,2740.760009765625,0
2004-09-17,2767.60009765625,2771.570068359375,2750.570068359375,2758.22998046875,0
2004-09-20,2780.2900390625,2784.300048828125,2767.3798828125,2767.60009765625,0
2004-09-21,2794.739990234375,2794.830078125,2780.2900390625,2780.2900390625,0
2004-09-22,2799.75,2803.5,2789.5400390625,2794.739990234375,0
2004-09-23,2788.8798828125,2799.75,2788.830078125,2799.75,0
2004-09-24,2806.580078125,2807.77001953125,2788.8798828125,2788.8798828125,0
2004-09-27,2810.739990234375,2817.610107421875,2806.22998046875,2806.580078125,0
2004-09-28,2826.820068359375,2827.590087890625,2810.0,2810.739990234375,0
2004-09-29,2828.530029296875,2838.9599609375,2826.580078125,2826.820068359375,0
2004-09-30,2834.39990234375,2838.580078125,2827.080078125,2828.530029296875,0
2004-10-01,2853.719970703125,2854.610107421875,2833.06005859375,2834.39990234375,0
2004-10-04,2858.110107421875,2863.239990234375,2853.719970703125,2853.719970703125,0
2004-10-05,2860.820068359375,2861.669921875,2852.14990234375,2858.110107421875,0
2004-10-06,2856.800048828125,2861.81005859375,2852.679931640625,2860.820068359375,0
2004-10-07,2854.739990234375,2856.800048828125,2846.530029296875,2856.800048828125,0
2004-10-08,2854.969970703125,2856.760009765625,2846.409912109375,2854.739990234375,0
2004-10-11,2861.469970703125,2862.18994140625,2848.8798828125,2854.969970703125,0
2004-10-12,2859.760009765625,2864.050048828125,2856.85009765625,2861.469970703125,0
2004-10-13,2854.419921875,2861.5,2852.699951171875,2859.760009765625,0
2004-10-14,2857.659912109375,2857.659912109375,2846.280029296875,2854.419921875,0
2004-10-15,2837.25,2857.659912109375,2835.18994140625,2857.659912109375,0
2004-10-18,2836.75,2840.1298828125,2833.610107421875,2837.25,0
2004-10-19,2815.389892578125,2836.75,2813.909912109375,2836.75,0
2004-10-20,2805.8701171875,2819.340087890625,2803.81005859375,2815.389892578125,0
2004-10-21,2802.81005859375,2806.780029296875,2783.360107421875,2805.8701171875,0
2004-10-22,2789.830078125,2811.110107421875,2789.830078125,2802.81005859375,0
2004-10-26,2771.550048828125,2794.699951171875,2770.25,2789.830078125,0
2004-10-27,2778.530029296875,2779.739990234375,2768.949951171875,2771.550048828125,0
2004-10-28,2807.14990234375,2814.449951171875,2778.919921875,2778.919921875,30348300
2004-10-29,2812.340087890625,2815.550048828125,2805.050048828125,2807.14990234375,26941500
2004-11-01,2831.760009765625,2832.659912109375,2812.340087890625,2812.340087890625,16235100
2004-11-02,2853.429931640625,2853.429931640625,2831.760009765625,2831.760009765625,29246600
2004-11-03,2867.580078125,2867.580078125,2853.429931640625,2853.429931640625,30050100
2004-11-04,2884.77001953125,2890.8701171875,2867.580078125,2867.580078125,23620900
2004-11-05,2873.0,2884.820068359375,2870.219970703125,2884.77001953125,19818600
2004-11-08,2880.580078125,2880.760009765625,2863.260009765625,2873.0,15092500
2004-11-09,2889.2900390625,2893.159912109375,2877.800048828125,2880.580078125,25448300
2004-11-10,2891.72998046875,2897.8701171875,2888.510009765625,2889.2900390625,28298200
2004-11-11,2910.2900390625,2912.550048828125,2891.72998046875,2891.72998046875,33162000
2004-11-12,2923.659912109375,2923.9599609375,2910.2900390625,2910.2900390625,25045600
2004-11-15,2920.989990234375,2924.429931640625,2917.81005859375,2923.659912109375,20242200
2004-11-16,2906.889892578125,2920.989990234375,2903.47998046875,2920.989990234375,21144600
2004-11-17,2900.6201171875,2906.889892578125,2897.530029296875,2906.889892578125,25933200
2004-11-18,2913.669921875,2919.2099609375,2900.6201171875,2900.6201171875,36438400
2004-11-19,2929.47998046875,2929.9599609375,2913.659912109375,2913.669921875,33482000
2004-11-22,2927.679931640625,2931.179931640625,2923.60009765625,2929.47998046875,21644300
2004-11-23,2923.4599609375,2929.320068359375,2915.389892578125,2927.679931640625,16546500
2004-11-29,2988.300048828125,2989.22998046875,2968.489990234375,2968.489990234375,15424600
2004-11-30,2990.800048828125,2996.27001953125,2986.010009765625,2988.300048828125,25300200
2004-12-01,2998.8701171875,3000.2099609375,2987.5400390625,2990.800048828125,18893400
2004-12-02,3013.47998046875,3024.090087890625,2998.8701171875,2998.8701171875,29229200
2004-12-03,3009.469970703125,3024.449951171875,3009.06005859375,3013.47998046875,18390300
2004-12-06,3015.10009765625,3018.1298828125,3008.679931640625,3009.469970703125,22635900
2004-12-07,3010.89990234375,3020.02001953125,3003.659912109375,3015.10009765625,34928300
2004-12-08,2991.14990234375,3010.89990234375,2982.070068359375,3010.89990234375,24990600
2004-12-09,2977.5,2993.06005859375,2966.199951171875,2991.14990234375,28203300
2004-12-10,2981.889892578125,2991.280029296875,2977.5,2977.5,14647400
2004-12-13,2986.179931640625,2989.22998046875,2978.659912109375,2981.889892578125,14458400
2004-12-14,2977.010009765625,2989.139892578125,2976.4599609375,2986.179931640625,18049200
2004-12-15,2975.429931640625,2979.25,2969.5400390625,2977.010009765625,14447900
2004-12-16,2978.89990234375,2979.110107421875,2973.409912109375,2975.429931640625,19845900
2004-12-17,2975.340087890625,2984.659912109375,2970.169921875,2978.89990234375,18909300
2004-12-20,2958.429931640625,2977.0,2956.169921875,2975.340087890625,19527800
2004-12-21,2969.070068359375,2969.070068359375,2957.5,2958.429931640625,17242200
2004-12-22,2991.4599609375,3001.580078125,2969.070068359375,2969.070068359375,17866300
2004-12-24,3004.47998046875,3006.8798828125,2998.760009765625,2998.760009765625,4786000
2004-12-29,3027.080078125,3027.85009765625,3004.47998046875,3004.47998046875,7179800
2004-12-30,3046.909912109375,3047.860107421875,3027.080078125,3027.080078125,8056700
2004-12-31,3064.43994140625,3064.5400390625,3044.580078125,3046.909912109375,6556000
2005-01-05,3087.389892578125,3087.389892578125,3064.3701171875,3064.43994140625,22186700
2005-01-06,3093.760009765625,3093.760009765625,3081.2099609375,3087.389892578125,15206400
2005-01-07,3086.89990234375,3096.830078125,3085.590087890625,3093.760009765625,14231300
2005-01-10,3076.27001953125,3087.610107421875,3072.699951171875,3086.89990234375,18791200
2005-01-11,3083.7099609375,3087.02001953125,3075.239990234375,3076.27001953125,20770100
2005-01-12,3058.659912109375,3083.7099609375,3058.659912109375,3083.7099609375,46431800
2005-01-13,3072.929931640625,3073.219970703125,3058.659912109375,3058.659912109375,17663300
2005-01-18,3081.56005859375,3082.6298828125,3057.419921875,3057.419921875,16502900
2005-01-19,3078.639892578125,3088.080078125,3074.5,3081.56005859375,17336900
2005-01-20,3054.2099609375,3078.639892578125,3051.2900390625,3078.639892578125,21552400
2005-01-21,3055.4599609375,3057.530029296875,3049.68994140625,3054.2099609375,50409500
2005-01-24,3057.35009765625,3060.739990234375,3055.18994140625,3055.4599609375,16090600
2005-01-25,3076.530029296875,3079.199951171875,3057.35009765625,3057.35009765625,20961900
2005-01-26,3092.14990234375,3095.199951171875,3076.530029296875,3076.530029296875,18154200
2005-01-27,3076.2900390625,3096.590087890625,3076.2099609375,3092.14990234375,19597500
2005-01-28,3085.449951171875,3088.469970703125,3075.239990234375,3076.2900390625,22789100
2005-01-31,3075.580078125,3096.8798828125,3074.530029296875,3085.449951171875,27408000
2005-02-01,3092.820068359375,3094.239990234375,3075.580078125,3075.580078125,31646800
2005-02-02,3091.8701171875,3095.800048828125,3084.860107421875,3092.820068359375,38959600
2005-02-03,3097.320068359375,3101.18994140625,3087.070068359375,3091.8701171875,31373000
2005-02-04,3124.050048828125,3124.050048828125,3095.3798828125,3097.320068359375,29688600
2005-02-07,3144.3798828125,3145.27001953125,3123.530029296875,3124.050048828125,24393800
2005-02-08,3148.610107421875,3148.840087890625,3137.699951171875,3144.3798828125,23123900
2005-02-09,3175.320068359375,3179.68994140625,3148.610107421875,3148.610107421875,19337800
2005-02-10,3161.1298828125,3175.320068359375,3155.0400390625,3175.320068359375,16638600
2005-02-11,3163.39990234375,3172.5,3158.840087890625,3161.1298828125,10601400
2005-02-14,3184.93994140625,3190.919921875,3163.39990234375,3163.39990234375,22882200
2005-02-15,3167.169921875,3184.93994140625,3166.409912109375,3184.93994140625,18223300
2005-02-16,3158.2099609375,3169.47998046875,3151.090087890625,3167.169921875,16839800
2005-02-17,3164.010009765625,3164.110107421875,3158.070068359375,3158.2099609375,21901900
2005-02-18,3157.14990234375,3164.010009765625,3151.340087890625,3164.010009765625,14018400
2005-02-21,3184.56005859375,3191.719970703125,3157.14990234375,3157.14990234375,15012000
2005-02-22,3162.389892578125,3185.260009765625,3159.89990234375,3184.56005859375,16882400
2005-02-23,3146.320068359375,3162.389892578125,3146.320068359375,3162.389892578125,24022200
2005-02-24,3145.389892578125,3156.72998046875,3138.610107421875,3146.320068359375,23355200
2005-02-25,3160.97998046875,3161.97998046875,3145.389892578125,3145.389892578125,23699000
2005-02-28,3208.419921875,3208.419921875,3160.97998046875,3160.97998046875,26961900
2005-03-02,3199.199951171875,3211.239990234375,3190.320068359375,3196.02001953125,23094800
2005-03-03,3195.340087890625,3208.050048828125,3183.8701171875,3199.199951171875,22233300
2005-03-04,3200.090087890625,3203.580078125,3193.31005859375,3195.360107421875,17174600
2005-03-07,3213.360107421875,3219.7099609375,3200.090087890625,3200.090087890625,14202000
2005-03-08,3231.110107421875,3232.89990234375,3208.739990234375,3213.360107421875,14126900
2005-03-09,3238.530029296875,3245.419921875,3230.7099609375,3231.110107421875,19231000
2005-03-10,3195.219970703125,3238.530029296875,3189.97998046875,3238.530029296875,48825000
2005-03-11,3149.760009765625,3195.219970703125,3146.8701171875,3195.219970703125,26090500
2005-03-14,3156.030029296875,3157.35009765625,3147.31005859375,3149.760009765625,21973100
2005-03-15,3165.669921875,3165.669921875,3148.760009765625,3156.030029296875,16596000
2005-03-18,3129.199951171875,3137.1298828125,3124.9599609375,3124.9599609375,19786200
2005-03-21,3140.840087890625,3145.840087890625,3129.199951171875,3129.199951171875,12552200
2005-03-22,3127.330078125,3147.800048828125,3125.889892578125,3140.840087890625,18408200
2005-03-23,3104.889892578125,3127.47998046875,3100.81005859375,3127.330078125,23722800
2005-03-24,3074.969970703125,3104.889892578125,3072.090087890625,3104.889892578125,20190200
2005-03-29,3055.580078125,3075.030029296875,3037.530029296875,3074.969970703125,22948500
2005-03-30,3039.429931640625,3055.580078125,3018.719970703125,3055.580078125,32034800
2005-03-31,3039.080078125,3067.6298828125,3039.080078125,3039.429931640625,43681700
2005-04-01,3039.909912109375,3039.909912109375,3019.199951171875,3039.080078125,33173200
2005-04-04,3046.72998046875,3046.72998046875,3029.919921875,3039.909912109375,26703900
2005-04-05,3048.6298828125,3061.800048828125,3046.669921875,3046.72998046875,29775700
2005-04-06,3063.739990234375,3068.3798828125,3048.6298828125,3048.6298828125,31746100
2005-04-07,3055.419921875,3073.080078125,3050.449951171875,3063.739990234375,30508700
2005-04-08,3057.6298828125,3064.239990234375,3053.199951171875,3055.419921875,19512800
2005-04-11,3051.2900390625,3061.77001953125,3048.719970703125,3057.6298828125,17350300
2005-04-12,3048.02001953125,3057.889892578125,3045.510009765625,3051.2900390625,25380700
2005-04-13,3051.659912109375,3055.110107421875,3040.2900390625,3048.02001953125,30091300
2005-04-14,3040.840087890625,3051.659912109375,3034.320068359375,3051.659912109375,19346400
2005-04-15,3010.7900390625,3040.840087890625,3005.72998046875,3040.840087890625,27336500
2005-04-18,2952.77001953125,3010.7900390625,2936.760009765625,3010.7900390625,30038000
2005-04-19,2969.909912109375,2992.169921875,2951.81005859375,2952.77001953125,38346400
2005-04-20,2958.489990234375,2977.18994140625,2951.679931640625,2969.909912109375,29045500
2005-04-21,2939.070068359375,2958.489990234375,2925.06005859375,2958.489990234375,29074500
2005-04-22,2948.39990234375,2965.3798828125,2939.070068359375,2939.070068359375,22134800
2005-04-26,2952.6298828125,2954.530029296875,2948.3701171875,2948.39990234375,28448800
2005-04-27,2958.570068359375,2958.570068359375,2937.469970703125,2952.6298828125,24475300
2005-04-28,2968.330078125,2972.3798828125,2958.570068359375,2958.570068359375,20932200
2005-04-29,2982.64990234375,2986.469970703125,2966.2900390625,2968.330078125,23502400
2005-05-02,2999.239990234375,3002.929931640625,2982.64990234375,2982.64990234375,14824400
2005-05-03,2998.969970703125,3012.5400390625,2998.72998046875,2999.239990234375,16615100
2005-05-04,2991.860107421875,2998.969970703125,2990.739990234375,2998.969970703125,25813500
2005-05-05,2946.9599609375,2993.47998046875,2944.239990234375,2991.860107421875,25254100
2005-05-06,2922.3701171875,2946.9599609375,2909.5400390625,2946.9599609375,32207200
2005-05-09,2900.780029296875,2924.6298828125,2900.780029296875,2922.3701171875,25519000
2005-05-10,2901.639892578125,2914.56005859375,2899.110107421875,2900.780029296875,25802200
2005-05-11,2913.75,2913.75,2889.860107421875,2901.639892578125,60029100
2005-05-12,2940.719970703125,2940.719970703125,2913.75,2913.75,19412900
2005-05-13,2942.639892578125,2944.1201171875,2929.06005859375,2940.719970703125,19724000
2005-05-16,2955.889892578125,2958.429931640625,2940.43994140625,2942.639892578125,20948500
2005-05-17,2966.8701171875,2969.7900390625,2955.489990234375,2955.889892578125,25704200
2005-05-18,2963.3798828125,2979.110107421875,2960.159912109375,2966.8701171875,22896800
2005-05-19,2982.68994140625,2985.239990234375,2963.3798828125,2963.3798828125,29582700
2005-05-20,3000.659912109375,3002.360107421875,2982.68994140625,2982.68994140625,32169800
2005-05-23,3038.639892578125,3040.0400390625,2995.550048828125,3000.659912109375,29128000
2005-05-24,3034.64990234375,3053.97998046875,3032.050048828125,3038.639892578125,26963400
2005-05-25,3037.969970703125,3041.27001953125,3026.070068359375,3034.64990234375,15973800
2005-05-26,3007.340087890625,3037.969970703125,3006.68994140625,3037.969970703125,22030700
2005-05-27,3027.219970703125,3027.510009765625,3007.340087890625,3007.340087890625,26053000
2005-05-30,3042.77001953125,3046.280029296875,3026.9599609375,3027.219970703125,13649100
2005-05-31,3034.35009765625,3042.77001953125,3023.280029296875,3042.77001953125,40813500
2005-06-01,2996.06005859375,3034.35009765625,2992.85009765625,3034.35009765625,47809500
2005-06-02,3035.030029296875,3035.030029296875,2996.06005859375,2996.06005859375,32220800
2005-06-03,3060.97998046875,3061.080078125,3035.030029296875,3035.030029296875,24229400
2005-06-07,3068.3701171875,3069.919921875,3054.530029296875,3060.97998046875,28791700
2005-06-08,3080.81005859375,3080.93994140625,3059.530029296875,3068.3701171875,21812500
2005-06-09,3091.219970703125,3096.070068359375,3072.47998046875,3080.81005859375,23602500
2005-06-10,3079.219970703125,3092.260009765625,3075.550048828125,3091.219970703125,27905400
2005-06-13,3089.22998046875,3089.22998046875,3077.169921875,3079.219970703125,20790400
2005-06-14,3116.22998046875,3116.22998046875,3089.22998046875,3089.22998046875,12494200
2005-06-15,3139.199951171875,3143.89990234375,3116.22998046875,3116.22998046875,31542600
2005-06-16,3163.25,3163.449951171875,3137.75,3139.199951171875,32428000
2005-06-17,3181.010009765625,3185.320068359375,3163.25,3163.25,24005800
2005-06-20,3168.050048828125,3186.8701171875,3166.610107421875,3181.010009765625,26893000
2005-06-21,3179.18994140625,3181.590087890625,3160.0400390625,3168.050048828125,29769000
2005-06-22,3177.679931640625,3179.25,3171.77001953125,3179.18994140625,25030400
2005-06-23,3173.030029296875,3177.679931640625,3168.89990234375,3177.679931640625,24018100
2005-06-24,3137.669921875,3173.030029296875,3132.9599609375,3173.030029296875,43862000
2005-06-27,3163.989990234375,3163.989990234375,3137.669921875,3137.669921875,23079300
2005-06-28,3191.18994140625,3197.18994140625,3163.989990234375,3163.989990234375,38946800
2005-06-29,3212.800048828125,3213.18994140625,3191.18994140625,3191.18994140625,45086300
2005-06-30,3246.489990234375,3247.2099609375,3207.429931640625,3212.800048828125,47699100
2005-07-01,3235.35009765625,3246.489990234375,3230.0,3246.489990234375,37194000
2005-07-05,3267.320068359375,3267.81005859375,3248.449951171875,3249.330078125,31474200
2005-07-06,3276.75,3291.530029296875,3267.320068359375,3267.320068359375,38731400
2005-07-07,3262.280029296875,3276.75,3246.64990234375,3276.75,34509200
2005-07-08,3257.52001953125,3264.77001953125,3243.159912109375,3262.280029296875,28132800
2005-07-11,3292.0400390625,3293.280029296875,3257.52001953125,3257.52001953125,24919800
2005-07-12,3307.669921875,3313.25,3292.0400390625,3292.0400390625,33216200
2005-07-13,3323.679931640625,3327.320068359375,3307.669921875,3307.669921875,26783400
2005-07-14,3321.22998046875,3333.820068359375,3313.72998046875,3323.679931640625,24527600
2005-07-15,3325.27001953125,3330.5400390625,3317.889892578125,3321.22998046875,26315200
2005-07-18,3334.10009765625,3342.2900390625,3325.27001953125,3325.27001953125,27945800
2005-07-19,3307.840087890625,3334.10009765625,3306.489990234375,3334.10009765625,27964800
2005-07-20,3319.739990234375,3323.97998046875,3307.840087890625,3307.840087890625,36367200
2005-07-21,3310.3798828125,3319.739990234375,3305.93994140625,3319.739990234375,25260900
2005-07-22,3316.22998046875,3318.159912109375,3299.909912109375,3310.3798828125,26761400
2005-07-25,3329.070068359375,3330.110107421875,3313.239990234375,3316.22998046875,28205000
2005-07-26,3348.22998046875,3357.4599609375,3327.0400390625,3329.070068359375,29936500
2005-07-27,3357.969970703125,3361.889892578125,3343.070068359375,3348.22998046875,21098700
2005-07-28,3356.919921875,3379.030029296875,3348.679931640625,3357.969970703125,43941300
2005-07-29,3359.280029296875,3376.010009765625,3351.760009765625,3356.919921875,39513800
2005-08-01,3372.8798828125,3377.89990234375,3359.280029296875,3359.280029296875,18111000
2005-08-02,3358.659912109375,3374.2099609375,3356.75,3372.8798828125,28658300
2005-08-03,3349.06005859375,3364.050048828125,3347.300048828125,3358.659912109375,23619900
2005-08-04,3354.050048828125,3356.679931640625,3342.77001953125,3349.06005859375,33877100
2005-08-05,3348.669921875,3362.179931640625,3344.820068359375,3354.050048828125,33200000
2005-08-08,3343.39990234375,3352.72998046875,3337.9599609375,3348.669921875,21886200
2005-08-09,3339.699951171875,3343.39990234375,3333.909912109375,3343.39990234375,19432100
2005-08-10,3324.300048828125,3339.699951171875,3319.89990234375,3339.699951171875,31816500
2005-08-11,3330.419921875,3337.419921875,3324.300048828125,3324.300048828125,39193600
2005-08-12,3340.0,3340.0,3326.080078125,3330.419921875,34962600
2005-08-15,3338.050048828125,3340.8701171875,3332.2900390625,3340.0,21033300
2005-08-16,3356.93994140625,3357.409912109375,3335.47998046875,3338.050048828125,27999800
2005-08-17,3378.139892578125,3378.139892578125,3346.110107421875,3356.93994140625,48723500
2005-08-18,3366.530029296875,3379.860107421875,3360.580078125,3378.139892578125,47537500
2005-08-19,3356.580078125,3366.530029296875,3351.820068359375,3366.530029296875,39475000
2005-08-22,3384.699951171875,3388.010009765625,3356.580078125,3356.580078125,20833700
2005-08-23,3387.409912109375,3407.27001953125,3384.699951171875,3384.699951171875,27443600
2005-08-24,3376.260009765625,3397.550048828125,3374.1298828125,3387.409912109375,44660000
2005-08-25,3365.5400390625,3376.989990234375,3363.81005859375,3376.260009765625,26731800
2005-08-26,3332.969970703125,3371.070068359375,3331.760009765625,3365.5400390625,30772000
2005-08-29,3329.260009765625,3356.780029296875,3328.780029296875,3332.969970703125,33219700
2005-08-30,3351.6201171875,3353.31005859375,3329.260009765625,3329.260009765625,20237600
2005-08-31,3353.110107421875,3359.989990234375,3349.10009765625,3351.6201171875,25955300
2005-09-01,3367.77001953125,3373.139892578125,3352.830078125,3353.110107421875,27096800
2005-09-02,3379.89990234375,3382.14990234375,3367.409912109375,3367.77001953125,20827200
2005-09-05,3373.719970703125,3384.820068359375,3366.68994140625,3379.89990234375,21310300
2005-09-06,3362.179931640625,3377.72998046875,3362.179931640625,3373.719970703125,21491900
2005-09-07,3366.909912109375,3374.419921875,3362.179931640625,3362.179931640625,31422600
2005-09-08,3385.419921875,3388.949951171875,3366.909912109375,3366.909912109375,27284300
2005-09-09,3385.989990234375,3389.080078125,3379.030029296875,3385.419921875,24238800
2005-09-12,3367.1201171875,3386.550048828125,3366.929931640625,3385.989990234375,29497800
2005-09-13,3372.8701171875,3378.6298828125,3365.919921875,3367.1201171875,35175100
2005-09-14,3405.639892578125,3405.639892578125,3372.8701171875,3372.8701171875,36273300
2005-09-15,3415.68994140625,3419.06005859375,3400.070068359375,3405.639892578125,27023500
2005-09-16,3434.8798828125,3435.10009765625,3408.989990234375,3415.68994140625,42227800
2005-09-19,3423.60009765625,3439.860107421875,3423.1201171875,3434.8798828125,86646500
2005-09-20,3407.760009765625,3423.60009765625,3405.169921875,3423.60009765625,29676600
2005-09-21,3426.570068359375,3428.239990234375,3407.760009765625,3407.760009765625,33538000
2005-09-22,3405.1298828125,3428.7099609375,3403.6298828125,3426.570068359375,28049000
2005-09-23,3407.7900390625,3420.75,3405.1298828125,3405.1298828125,28376200
2005-09-26,3412.570068359375,3418.6201171875,3406.39990234375,3407.7900390625,18813400
2005-09-27,3431.929931640625,3433.330078125,3412.570068359375,3412.570068359375,23768400
2005-09-28,3449.409912109375,3449.590087890625,3431.929931640625,3431.929931640625,28047600
2005-09-29,3444.72998046875,3450.919921875,3437.60009765625,3449.409912109375,29468700
2005-09-30,3452.7900390625,3463.10009765625,3441.25,3444.72998046875,35294600
2005-10-03,3458.1298828125,3458.489990234375,3447.429931640625,3452.7900390625,22602800
2005-10-04,3468.239990234375,3470.739990234375,3458.1298828125,3458.1298828125,22950800
2005-10-05,3446.419921875,3468.239990234375,3441.27001953125,3468.239990234375,35207700
2005-10-06,3406.0,3446.419921875,3400.429931640625,3446.419921875,31327300
2005-10-07,3400.25,3406.0,3389.169921875,3406.0,58050400
2005-10-10,3414.030029296875,3416.56005859375,3398.179931640625,3400.25,16671800
2005-10-11,3404.85009765625,3414.030029296875,3400.239990234375,3414.030029296875,22239900
2005-10-12,3417.989990234375,3426.409912109375,3404.85009765625,3404.85009765625,22443400
2005-10-13,3362.9599609375,3417.989990234375,3361.489990234375,3417.989990234375,19827000
2005-10-14,3351.6201171875,3366.949951171875,3345.2900390625,3362.9599609375,17257800
2005-10-17,3358.610107421875,3359.780029296875,3350.219970703125,3351.6201171875,15669200
2005-10-18,3346.85009765625,3358.659912109375,3334.639892578125,3358.610107421875,15788400
2005-10-19,3301.47998046875,3346.85009765625,3296.3701171875,3346.85009765625,22470000
2005-10-20,3288.969970703125,3301.47998046875,3282.590087890625,3301.47998046875,23615600
2005-10-21,3240.889892578125,3288.969970703125,3232.239990234375,3288.969970703125,27736200
2005-10-25,3267.969970703125,3271.169921875,3240.889892578125,3240.889892578125,27676400
2005-10-26,3294.320068359375,3295.219970703125,3266.530029296875,3267.969970703125,25413500
2005-10-27,3286.9599609375,3294.320068359375,3280.969970703125,3294.320068359375,21172900
2005-10-28,3270.75,3286.9599609375,3262.60009765625,3286.9599609375,32207200
2005-10-31,3293.159912109375,3293.7900390625,3270.75,3270.75,29459900
2005-11-01,3297.14990234375,3308.179931640625,3293.159912109375,3293.159912109375,26264200
2005-11-02,3285.580078125,3297.14990234375,3282.330078125,3297.14990234375,28308300
2005-11-03,3323.43994140625,3323.43994140625,3285.580078125,3285.580078125,50033100
2005-11-04,3325.659912109375,3329.7099609375,3316.510009765625,3323.43994140625,25732600
2005-11-07,3316.449951171875,3329.7099609375,3311.56005859375,3325.659912109375,16629200
2005-11-08,3324.18994140625,3325.889892578125,3316.449951171875,3316.449951171875,27876500
2005-11-09,3302.0,3324.18994140625,3297.8701171875,3324.18994140625,17279100
2005-11-10,3281.56005859375,3302.52001953125,3279.68994140625,3302.0,26268300
2005-11-11,3269.43994140625,3288.97998046875,3261.800048828125,3281.56005859375,28166600
2005-11-14,3284.43994140625,3284.449951171875,3262.75,3269.43994140625,17190200
2005-11-15,3311.64990234375,3311.64990234375,3284.43994140625,3284.43994140625,29456200
2005-11-16,3334.760009765625,3336.989990234375,3303.169921875,3311.64990234375,23513700
2005-11-17,3324.6201171875,3335.75,3323.590087890625,3334.760009765625,17512600
2005-11-18,3326.02001953125,3334.239990234375,3322.510009765625,3324.6201171875,47082600
2005-11-21,3333.97998046875,3337.510009765625,3324.75,3326.02001953125,17900200
2005-11-22,3327.35009765625,3344.72998046875,3322.570068359375,3333.97998046875,29698400
2005-11-23,3307.969970703125,3335.75,3301.18994140625,3327.35009765625,33705200
2005-11-25,3324.22998046875,3325.68994140625,3310.010009765625,3316.68994140625,42408400
2005-11-28,3310.43994140625,3337.530029296875,3310.43994140625,3324.22998046875,29007600
2005-11-29,3302.429931640625,3310.43994140625,3286.110107421875,3310.43994140625,29491200
2005-11-30,3317.77001953125,3317.77001953125,3298.530029296875,3302.429931640625,50963500
2005-12-01,3292.25,3317.820068359375,3292.25,3317.77001953125,64028300
2005-12-02,3297.239990234375,3303.989990234375,3289.610107421875,3292.25,13201400
2005-12-05,3266.93994140625,3297.239990234375,3266.5,3297.239990234375,14915300
2005-12-06,3225.14990234375,3266.93994140625,3218.9599609375,3266.93994140625,28488500
2005-12-07,3227.570068359375,3232.02001953125,3221.860107421875,3225.14990234375,36712100
2005-12-08,3229.97998046875,3238.179931640625,3224.43994140625,3227.570068359375,30955600
2005-12-09,3183.31005859375,3229.97998046875,3183.31005859375,3229.97998046875,19243000
2005-12-12,3185.280029296875,3198.389892578125,3182.9599609375,3183.31005859375,26133100
2005-12-13,3196.719970703125,3199.85009765625,3185.280029296875,3185.280029296875,31368700
2005-12-14,3207.949951171875,3208.360107421875,3192.9599609375,3196.719970703125,47883300
2005-12-15,3234.669921875,3234.840087890625,3206.18994140625,3207.949951171875,26978900
2005-12-16,3281.89990234375,3286.080078125,3234.669921875,3234.669921875,36467600
2005-12-19,3317.0400390625,3324.550048828125,3281.89990234375,3281.89990234375,21739500
2005-12-20,3319.320068359375,3320.389892578125,3292.239990234375,3317.0400390625,24155800
2005-12-21,3318.52001953125,3322.3701171875,3309.760009765625,3319.320068359375,42649300
2005-12-22,3309.659912109375,3320.469970703125,3299.5400390625,3318.52001953125,28535600
2005-12-23,3316.110107421875,3316.909912109375,3307.64990234375,3309.659912109375,13330200
2005-12-28,3344.7900390625,3347.0400390625,3314.89990234375,3316.110107421875,6455600
2005-12-29,3357.429931640625,3361.080078125,3341.06005859375,3344.7900390625,8744100
2005-12-30,3370.510009765625,3373.969970703125,3350.969970703125,3357.429931640625,24029200
2006-01-04,3374.4599609375,3384.43994140625,3368.800048828125,3370.510009765625,29049000
2006-01-05,3375.97998046875,3386.340087890625,3373.590087890625,3374.4599609375,14977700
2006-01-06,3364.969970703125,3375.97998046875,3364.080078125,3375.97998046875,11203800
2006-01-09,3368.050048828125,3385.27001953125,3364.969970703125,3364.969970703125,17852200
2006-01-10,3381.050048828125,3381.050048828125,3368.050048828125,3368.050048828125,24814700
2006-01-11,3391.320068359375,3391.320068359375,3374.06005859375,3381.050048828125,28039300
2006-01-12,3383.409912109375,3396.1201171875,3383.030029296875,3391.320068359375,20278100
2006-01-13,3364.739990234375,3383.409912109375,3361.2900390625,3383.409912109375,35119400
2006-01-16,3351.570068359375,3367.68994140625,3351.56005859375,3364.739990234375,21089400
2006-01-17,3348.360107421875,3355.469970703125,3341.219970703125,3351.570068359375,20811000
2006-01-18,3328.659912109375,3348.360107421875,3326.080078125,3348.360107421875,20496200
2006-01-19,3358.89990234375,3359.6298828125,3321.639892578125,3328.659912109375,22932000
2006-01-20,3341.969970703125,3358.89990234375,3338.159912109375,3358.89990234375,39756600
2006-01-23,3309.050048828125,3341.969970703125,3301.179931640625,3341.969970703125,24408800
2006-01-24,3318.929931640625,3319.199951171875,3306.25,3309.050048828125,26395200
2006-01-25,3324.679931640625,3327.080078125,3299.64990234375,3318.929931640625,31502200
2006-01-26,3328.18994140625,3328.18994140625,3315.52001953125,3324.679931640625,22717100
2006-01-27,3341.10009765625,3350.5,3328.18994140625,3328.18994140625,13232600
2006-01-30,3341.679931640625,3345.409912109375,3335.679931640625,3341.10009765625,9403100
2006-01-31,3350.64990234375,3354.590087890625,3339.550048828125,3341.679931640625,21902900
2006-02-01,3364.929931640625,3367.6298828125,3347.090087890625,3350.64990234375,22133400
2006-02-02,3407.7099609375,3410.31005859375,3364.929931640625,3364.929931640625,17553400
2006-02-03,3378.6298828125,3407.7099609375,3374.300048828125,3407.7099609375,19063000
2006-02-07,3372.4599609375,3378.6298828125,3368.7900390625,3378.6298828125,25238900
2006-02-08,3348.4599609375,3372.4599609375,3345.2099609375,3372.4599609375,29156900
2006-02-09,3354.280029296875,3371.330078125,3348.4599609375,3348.4599609375,21125000
2006-02-10,3347.889892578125,3363.22998046875,3347.139892578125,3354.280029296875,33875600
2006-02-13,3348.050048828125,3357.7900390625,3345.3798828125,3347.889892578125,23550200
2006-02-14,3340.429931640625,3349.830078125,3330.81005859375,3348.050048828125,37343400
2006-02-15,3323.219970703125,3342.89990234375,3320.530029296875,3340.429931640625,39189300
2006-02-16,3303.260009765625,3324.5,3302.179931640625,3323.219970703125,28879400
2006-02-17,3333.260009765625,3334.169921875,3303.260009765625,3303.260009765625,26254200
2006-02-20,3369.9599609375,3377.1298828125,3330.110107421875,3333.260009765625,26996900
2006-02-21,3368.429931640625,3382.14990234375,3364.510009765625,3369.9599609375,25206400
2006-02-22,3410.030029296875,3412.489990234375,3368.429931640625,3368.429931640625,30944400
2006-02-23,3394.39990234375,3411.5,3394.179931640625,3410.030029296875,34053800
2006-02-24,3377.840087890625,3394.39990234375,3366.429931640625,3394.39990234375,34814400
2006-02-27,3369.070068359375,3380.449951171875,3366.35009765625,3377.840087890625,19162500
2006-02-28,3404.929931640625,3404.929931640625,3368.489990234375,3369.070068359375,26530900
2006-03-01,3397.090087890625,3405.169921875,3384.340087890625,3405.169921875,21342100
2006-03-02,3407.330078125,3407.330078125,3393.60009765625,3397.090087890625,93383700
2006-03-03,3407.550048828125,3414.6201171875,3401.889892578125,3407.330078125,27944600
2006-03-06,3420.89990234375,3428.85009765625,3407.260009765625,3407.550048828125,37138700
2006-03-07,3458.679931640625,3460.989990234375,3420.89990234375,3420.89990234375,34247000
2006-03-08,3449.47998046875,3458.679931640625,3447.81005859375,3458.679931640625,41742900
2006-03-09,3462.669921875,3470.679931640625,3449.47998046875,3449.47998046875,50263500
2006-03-10,3487.719970703125,3491.43994140625,3462.669921875,3462.669921875,37559800
2006-03-13,3516.989990234375,3517.679931640625,3487.719970703125,3487.719970703125,52366100
2006-03-14,3579.159912109375,3579.159912109375,3516.989990234375,3516.989990234375,36684400
2006-03-15,3571.25,3579.159912109375,3565.580078125,3579.159912109375,30740900
2006-03-16,3553.469970703125,3571.580078125,3551.820068359375,3571.25,36693700
2006-03-17,3552.449951171875,3568.72998046875,3548.389892578125,3553.469970703125,25680000
2006-03-20,3547.469970703125,3552.449951171875,3540.56005859375,3552.449951171875,31548400
2006-03-21,3530.550048828125,3547.469970703125,3528.68994140625,3547.469970703125,37636600
2006-03-22,3561.7099609375,3561.780029296875,3529.97998046875,3530.550048828125,27210600
2006-03-23,3571.22998046875,3571.280029296875,3548.56005859375,3561.7099609375,20437700
2006-03-24,3580.7900390625,3582.780029296875,3562.2099609375,3571.22998046875,27229800
2006-03-27,3640.43994140625,3640.81005859375,3580.469970703125,3580.7900390625,33276400
2006-03-28,3677.580078125,3677.580078125,3640.43994140625,3640.43994140625,46882200
2006-03-29,3687.3701171875,3688.81005859375,3667.429931640625,3677.580078125,37020000
2006-03-30,3695.1201171875,3708.89990234375,3687.3701171875,3687.3701171875,43068500
2006-03-31,3702.47998046875,3707.56005859375,3683.14990234375,3695.1201171875,34010800
2006-04-03,3705.070068359375,3705.469970703125,3692.9599609375,3702.47998046875,18601500
2006-04-04,3739.550048828125,3761.739990234375,3729.050048828125,3729.050048828125,29629200
2006-04-05,3762.949951171875,3763.89990234375,3745.5,3745.699951171875,27724800
2006-04-06,3776.139892578125,3783.530029296875,3762.949951171875,3762.949951171875,36803300
2006-04-07,3800.969970703125,3807.260009765625,3776.139892578125,3776.139892578125,26113000
2006-04-10,3774.090087890625,3803.1201171875,3774.090087890625,3802.159912109375,26967300
2006-04-11,3759.699951171875,3765.739990234375,3746.97998046875,3765.739990234375,28965800
2006-04-12,3762.56005859375,3766.10009765625,3748.489990234375,3759.699951171875,26896400
2006-04-13,3734.679931640625,3764.0400390625,3731.800048828125,3762.56005859375,15657400
2006-04-18,3726.179931640625,3735.31005859375,3722.5,3734.679931640625,24168400
2006-04-19,3704.570068359375,3740.25,3704.570068359375,3726.179931640625,25896800
2006-04-20,3680.550048828125,3705.10009765625,3680.550048828125,3704.570068359375,26276500
2006-04-21,3699.8798828125,3709.340087890625,3680.550048828125,3680.550048828125,20474800
2006-04-24,3710.110107421875,3712.02001953125,3699.8798828125,3699.8798828125,10796800
2006-04-26,3760.409912109375,3761.760009765625,3710.110107421875,3710.110107421875,29297100
2006-04-27,3777.89990234375,3778.31005859375,3756.510009765625,3760.409912109375,22078800
2006-04-28,3795.169921875,3803.56005859375,3777.89990234375,3777.89990234375,28272800
2006-05-01,3779.760009765625,3795.6201171875,3777.2099609375,3795.169921875,21799600
2006-05-02,3762.739990234375,3782.3798828125,3762.739990234375,3779.760009765625,22793900
2006-05-03,3766.659912109375,3776.360107421875,3761.5400390625,3762.739990234375,13392900
2006-05-04,3693.2099609375,3766.659912109375,3661.52001953125,3766.659912109375,90611500
2006-05-05,3655.8798828125,3693.2099609375,3632.31005859375,3693.2099609375,79802400
2006-05-08,3693.7099609375,3699.35009765625,3655.8798828125,3655.8798828125,49925800
2006-05-09,3716.02001953125,3721.929931640625,3693.550048828125,3693.7099609375,49676800
2006-05-10,3738.14990234375,3738.429931640625,3701.9599609375,3716.02001953125,72506300
2006-05-11,3720.820068359375,3738.14990234375,3718.31005859375,3738.14990234375,30350800
2006-05-12,3680.889892578125,3720.820068359375,3678.6201171875,3720.820068359375,29615600
2006-05-15,3633.080078125,3680.889892578125,3628.699951171875,3680.889892578125,32279200
2006-05-16,3623.64990234375,3641.31005859375,3609.6298828125,3633.080078125,54902100
2006-05-17,3649.989990234375,3653.4599609375,3623.64990234375,3623.64990234375,35418700
2006-05-18,3639.679931640625,3649.989990234375,3609.050048828125,3649.989990234375,36377300
2006-05-19,3679.18994140625,3681.18994140625,3639.679931640625,3639.679931640625,25056200
2006-05-22,3653.530029296875,3679.18994140625,3653.0400390625,3679.18994140625,19401100
2006-05-23,3593.1298828125,3653.530029296875,3593.1298828125,3653.530029296875,29635300
2006-05-24,3618.550048828125,3622.93994140625,3593.1298828125,3593.1298828125,34633800
2006-05-25,3580.60009765625,3618.550048828125,3577.550048828125,3618.550048828125,33376900
2006-05-26,3599.429931640625,3601.22998046875,3580.60009765625,3580.60009765625,33986400
2006-05-29,3625.909912109375,3629.320068359375,3599.429931640625,3599.429931640625,16459000
2006-05-30,3617.030029296875,3625.909912109375,3611.75,3625.909912109375,21431500
2006-05-31,3613.590087890625,3617.030029296875,3589.429931640625,3617.030029296875,49864000
2006-06-01,3607.840087890625,3627.550048828125,3607.840087890625,3613.590087890625,52739400
2006-06-02,3639.14990234375,3646.530029296875,3607.840087890625,3607.840087890625,20399100
2006-06-06,3600.580078125,3639.14990234375,3597.010009765625,3639.14990234375,40968500
2006-06-07,3653.68994140625,3653.68994140625,3600.580078125,3600.580078125,27723400
2006-06-08,3645.989990234375,3653.68994140625,3633.8798828125,3653.68994140625,31003500
2006-06-09,3618.0,3645.989990234375,3607.830078125,3645.989990234375,26161200
2006-06-12,3613.030029296875,3621.64990234375,3611.35009765625,3618.0,12790400
2006-06-13,3600.52001953125,3613.030029296875,3593.5,3613.030029296875,24388700
2006-06-14,3563.25,3600.52001953125,3535.070068359375,3600.52001953125,27473400
2006-06-15,3529.199951171875,3579.580078125,3529.199951171875,3563.260009765625,22815600
2006-06-16,3558.8701171875,3576.820068359375,3529.199951171875,3529.199951171875,33892200
2006-06-19,3564.510009765625,3573.050048828125,3554.919921875,3558.8701171875,23520100
2006-06-20,3546.550048828125,3564.510009765625,3537.6201171875,3564.510009765625,24234300
2006-06-21,3541.3798828125,3556.02001953125,3526.429931640625,3546.550048828125,45073500
2006-06-22,3584.830078125,3587.909912109375,3541.3798828125,3541.3798828125,26954200
2006-06-23,3583.89990234375,3584.93994140625,3573.56005859375,3584.830078125,27011400
2006-06-26,3587.860107421875,3590.77001953125,3576.419921875,3583.89990234375,13727600
2006-06-27,3613.419921875,3615.419921875,3587.860107421875,3587.860107421875,28735100
2006-06-28,3574.320068359375,3613.419921875,3565.409912109375,3613.419921875,29489000
2006-06-29,3581.85009765625,3586.909912109375,3574.320068359375,3574.320068359375,36084200
2006-06-30,3585.8701171875,3614.409912109375,3581.85009765625,3581.85009765625,35278400
2006-07-03,3598.14990234375,3608.330078125,3585.8701171875,3585.8701171875,33292800
2006-07-04,3597.7900390625,3609.22998046875,3594.419921875,3598.14990234375,29760600
2006-07-05,3604.739990234375,3613.159912109375,3592.3798828125,3597.7900390625,27122700
2006-07-06,3603.330078125,3606.0,3597.5400390625,3604.739990234375,29976900
2006-07-07,3642.280029296875,3646.6298828125,3603.330078125,3603.330078125,29695800
2006-07-10,3651.239990234375,3651.239990234375,3634.9599609375,3642.280029296875,29831700
2006-07-11,3663.14990234375,3668.679931640625,3651.239990234375,3651.239990234375,27714400
2006-07-12,3669.780029296875,3679.330078125,3660.419921875,3663.14990234375,26132800
2006-07-13,3666.22998046875,3669.780029296875,3654.85009765625,3669.780029296875,26854400
2006-07-14,3619.43994140625,3666.22998046875,3618.489990234375,3666.22998046875,21381800
2006-07-17,3590.7099609375,3619.43994140625,3586.5400390625,3619.43994140625,19689500
2006-07-18,3558.9599609375,3598.219970703125,3558.9599609375,3590.7099609375,17871300
2006-07-19,3532.179931640625,3558.9599609375,3531.820068359375,3558.9599609375,26256400
2006-07-20,3541.659912109375,3551.7900390625,3531.5,3532.179931640625,96805800
2006-07-21,3535.4599609375,3546.31005859375,3529.610107421875,3541.659912109375,14698400
2006-07-24,3525.919921875,3540.68994140625,3524.6201171875,3535.4599609375,15411400
2006-07-25,3548.550048828125,3551.429931640625,3525.919921875,3525.919921875,23231600
2006-07-26,3547.530029296875,3565.300048828125,3544.8701171875,3548.550048828125,21816700
2006-07-27,3559.8701171875,3559.8701171875,3543.840087890625,3547.530029296875,21068900
2006-07-28,3553.449951171875,3569.070068359375,3546.25,3566.43994140625,30248400
2006-07-31,3580.56005859375,3586.47998046875,3553.449951171875,3553.449951171875,23962200
2006-08-01,3578.1298828125,3588.330078125,3578.080078125,3580.56005859375,21263800
2006-08-02,3563.510009765625,3578.1298828125,3563.110107421875,3578.1298828125,26920100
2006-08-03,3583.010009765625,3587.570068359375,3563.510009765625,3563.510009765625,41950600
2006-08-04,3570.3798828125,3583.010009765625,3560.8798828125,3583.010009765625,32095000
2006-08-07,3549.840087890625,3570.3798828125,3546.6201171875,3570.3798828125,24979200
2006-08-08,3565.3701171875,3567.02001953125,3549.840087890625,3549.840087890625,28461700
2006-08-09,3537.030029296875,3579.989990234375,3533.719970703125,3565.3701171875,40626300
2006-08-10,3514.0400390625,3537.030029296875,3513.8798828125,3537.030029296875,26461300
2006-08-11,3506.389892578125,3531.550048828125,3502.72998046875,3514.0400390625,21345000
2006-08-14,3486.909912109375,3508.93994140625,3481.47998046875,3506.389892578125,15799400
2006-08-15,3492.22998046875,3501.6298828125,3486.909912109375,3486.909912109375,21109600
2006-08-16,3495.35009765625,3508.260009765625,3482.68994140625,3492.22998046875,23615100
2006-08-17,3484.409912109375,3502.320068359375,3480.820068359375,3495.35009765625,19825300
2006-08-18,3468.260009765625,3492.6201171875,3463.320068359375,3484.409912109375,32049000
2006-08-21,3424.389892578125,3472.699951171875,3423.8798828125,3468.260009765625,27397100
2006-08-22,3426.780029296875,3432.22998046875,3414.889892578125,3424.389892578125,37907400
2006-08-23,3460.080078125,3461.419921875,3426.780029296875,3426.780029296875,30412600
2006-08-24,3468.8701171875,3484.260009765625,3458.72998046875,3460.080078125,28792500
2006-08-25,3484.419921875,3501.919921875,3468.8701171875,3468.8701171875,29962800
2006-08-28,3470.60009765625,3490.6201171875,3468.81005859375,3484.419921875,33653400
2006-08-29,3496.60009765625,3498.969970703125,3470.60009765625,3470.60009765625,32937700
2006-08-30,3497.840087890625,3503.510009765625,3491.35009765625,3496.60009765625,31223900
2006-08-31,3510.27001953125,3513.02001953125,3493.320068359375,3497.840087890625,35940000
2006-09-01,3514.4599609375,3528.72998046875,3510.27001953125,3510.27001953125,32269600
2006-09-04,3532.050048828125,3539.659912109375,3513.3798828125,3514.4599609375,18750100
2006-09-05,3551.8798828125,3552.679931640625,3530.25,3532.050048828125,37682000
2006-09-06,3535.97998046875,3551.8798828125,3535.97998046875,3551.8798828125,22721800
2006-09-07,3535.760009765625,3538.909912109375,3518.409912109375,3535.97998046875,15756100
2006-09-08,3535.419921875,3541.639892578125,3519.85009765625,3535.760009765625,15892400
2006-09-11,3532.340087890625,3541.93994140625,3528.85009765625,3535.419921875,16114900
2006-09-12,3521.080078125,3537.43994140625,3518.85009765625,3532.340087890625,22777100
2006-09-13,3525.300048828125,3544.389892578125,3521.080078125,3521.080078125,28987300
2006-09-14,3516.199951171875,3525.300048828125,3506.419921875,3525.300048828125,23371200
2006-09-15,3537.93994140625,3538.81005859375,3516.199951171875,3516.199951171875,26235800
2006-09-18,3547.239990234375,3548.18994140625,3532.93994140625,3537.93994140625,27653400
2006-09-19,3550.0400390625,3555.610107421875,3543.050048828125,3547.239990234375,23532900
2006-09-20,3517.6298828125,3550.0400390625,3516.14990234375,3550.0400390625,113725200
2006-09-21,3532.610107421875,3539.739990234375,3517.6298828125,3517.6298828125,32093300
2006-09-22,3506.85009765625,3532.610107421875,3506.85009765625,3532.610107421875,49660600
2006-09-25,3496.919921875,3522.8701171875,3495.81005859375,3506.85009765625,34686400
2006-09-26,3515.739990234375,3517.300048828125,3496.919921875,3496.919921875,34215300
2006-09-27,3561.7099609375,3563.739990234375,3515.739990234375,3515.739990234375,61940400
2006-09-28,3574.22998046875,3575.530029296875,3561.7099609375,3561.7099609375,29739600
2006-09-29,3589.340087890625,3591.860107421875,3570.75,3574.22998046875,22434200
2006-10-02,3603.699951171875,3605.60009765625,3574.469970703125,3589.340087890625,14200800
2006-10-03,3602.070068359375,3604.280029296875,3593.60009765625,3603.699951171875,22404800
2006-10-04,3593.389892578125,3602.070068359375,3588.530029296875,3602.070068359375,21212300
2006-10-05,3595.699951171875,3598.669921875,3584.60009765625,3593.389892578125,28952400
2006-10-06,3592.489990234375,3596.14990234375,3587.97998046875,3595.699951171875,28122200
2006-10-09,3596.219970703125,3598.39990234375,3584.2900390625,3592.489990234375,26084000
2006-10-10,3596.10009765625,3598.570068359375,3585.77001953125,3596.219970703125,21121500
2006-10-11,3614.239990234375,3619.35009765625,3596.10009765625,3596.10009765625,31961700
2006-10-12,3622.989990234375,3636.889892578125,3606.820068359375,3614.239990234375,35112700
2006-10-13,3646.580078125,3651.010009765625,3622.989990234375,3622.989990234375,42311200
2006-10-16,3663.010009765625,3667.639892578125,3646.580078125,3646.580078125,25989000
2006-10-17,3675.4599609375,3676.35009765625,3659.550048828125,3663.010009765625,21689700
2006-10-18,3664.909912109375,3675.4599609375,3656.280029296875,3675.4599609375,28422300
2006-10-19,3673.22998046875,3675.780029296875,3657.7099609375,3664.909912109375,40031700
2006-10-20,3668.260009765625,3673.22998046875,3654.110107421875,3673.22998046875,35937600
2006-10-24,3662.02001953125,3673.739990234375,3648.659912109375,3668.260009765625,46952800
2006-10-25,3667.010009765625,3672.8798828125,3655.419921875,3662.02001953125,19920000
2006-10-26,3705.43994140625,3705.43994140625,3667.010009765625,3667.010009765625,29324300
2006-10-27,3719.7099609375,3721.179931640625,3699.56005859375,3705.43994140625,23839200
2006-10-30,3754.830078125,3759.2099609375,3719.7099609375,3719.7099609375,29616000
2006-10-31,3784.5,3790.39990234375,3751.530029296875,3754.830078125,38238900
2006-11-01,3795.75,3811.419921875,3781.68994140625,3784.5,41309000
2006-11-02,3758.010009765625,3795.75,3754.989990234375,3795.75,41697000
2006-11-03,3778.409912109375,3782.77001953125,3756.280029296875,3758.010009765625,31746800
2006-11-06,3789.31005859375,3791.300048828125,3769.989990234375,3778.409912109375,31562700
2006-11-07,3811.47998046875,3821.1298828125,3789.31005859375,3789.31005859375,29386600
2006-11-08,3818.25,3821.030029296875,3799.68994140625,3811.47998046875,31661600
2006-11-09,3823.010009765625,3830.239990234375,3810.669921875,3818.25,39584200
2006-11-10,3830.85009765625,3832.889892578125,3810.090087890625,3823.010009765625,31734400
2006-11-13,3818.469970703125,3837.909912109375,3806.64990234375,3830.85009765625,34873900
2006-11-14,3840.699951171875,3842.8798828125,3818.469970703125,3818.469970703125,27998100
2006-11-15,3834.43994140625,3846.25,3826.159912109375,3840.699951171875,30203000
2006-11-16,3813.56005859375,3834.43994140625,3808.949951171875,3834.43994140625,28629600
2006-11-17,3816.22998046875,3823.610107421875,3810.780029296875,3813.56005859375,18083200
2006-11-20,3809.2099609375,3820.5,3806.2900390625,3816.22998046875,15300700
2006-11-21,3821.18994140625,3824.550048828125,3777.949951171875,3809.2099609375,29024800
2006-11-22,3817.610107421875,3823.419921875,3808.64990234375,3819.06005859375,92707800
2006-11-23,3857.0,3857.22998046875,3816.659912109375,3817.610107421875,21631200
2006-11-24,3849.35009765625,3861.2099609375,3843.550048828125,3857.0,20177800
2006-11-27,3831.699951171875,3849.35009765625,3830.06005859375,3849.35009765625,19496800
2006-11-28,3832.550048828125,3833.7900390625,3806.669921875,3831.699951171875,22111000
2006-11-29,3841.18994140625,3841.6298828125,3828.050048828125,3832.550048828125,33649600
2006-11-30,3863.7099609375,3866.989990234375,3841.18994140625,3841.18994140625,29129600
2006-12-01,3854.409912109375,3863.7099609375,3849.43994140625,3863.7099609375,25120000
2006-12-04,3835.0400390625,3854.409912109375,3827.6298828125,3854.409912109375,16734800
2006-12-05,3849.06005859375,3856.469970703125,3835.0400390625,3835.0400390625,21652800
2006-12-06,3855.02001953125,3857.719970703125,3836.1298828125,3849.06005859375,34119400
2006-12-07,3853.469970703125,3856.330078125,3839.75,3855.02001953125,35065400
2006-12-08,3888.719970703125,3893.219970703125,3853.469970703125,3853.469970703125,30442400
2006-12-11,3887.35009765625,3894.72998046875,3873.10009765625,3888.719970703125,24114000
2006-12-12,3928.110107421875,3930.570068359375,3882.9599609375,3887.35009765625,36779200
2006-12-13,3945.97998046875,3951.530029296875,3916.02001953125,3928.110107421875,47543800
2006-12-14,3967.840087890625,3967.840087890625,3938.659912109375,3945.97998046875,47573600
2006-12-15,3992.570068359375,3993.10009765625,3961.47998046875,3967.840087890625,38930800
2006-12-18,3991.889892578125,3995.889892578125,3982.85009765625,3992.570068359375,24794800
2006-12-19,3980.5,3993.989990234375,3977.179931640625,3991.889892578125,31996200
2006-12-20,4004.9599609375,4006.72998046875,3976.6298828125,3980.5,44782400
2006-12-21,4028.68994140625,4030.989990234375,4004.9599609375,4004.9599609375,33918800
2006-12-22,4019.199951171875,4028.68994140625,4011.6201171875,4028.68994140625,16697800
2006-12-27,4032.070068359375,4034.22998046875,4016.93994140625,4019.199951171875,6510000
2006-12-28,4047.2900390625,4049.929931640625,4030.43994140625,4032.070068359375,9794000
2006-12-29,4055.469970703125,4057.070068359375,4033.139892578125,4047.2900390625,11420400
2007-01-03,4049.5,4058.239990234375,4039.510009765625,4055.469970703125,38600400
2007-01-04,4028.9599609375,4054.590087890625,4026.820068359375,4049.5,15173600
2007-01-05,4035.260009765625,4040.659912109375,4028.9599609375,4028.9599609375,12814400
2007-01-08,4028.590087890625,4040.81005859375,4018.949951171875,4035.260009765625,14859400
2007-01-09,4052.64990234375,4058.6298828125,4028.590087890625,4028.590087890625,24512000
2007-01-10,4064.080078125,4074.6298828125,4052.64990234375,4052.64990234375,25944000
2007-01-11,4049.64990234375,4071.949951171875,4039.300048828125,4064.080078125,18867800
2007-01-12,4051.840087890625,4054.22998046875,4038.219970703125,4049.64990234375,16115000
2007-01-15,4085.610107421875,4085.610107421875,4051.840087890625,4051.840087890625,16427800
2007-01-16,4067.139892578125,4085.610107421875,4066.27001953125,4085.610107421875,24125400
2007-01-17,4073.330078125,4081.97998046875,4047.02001953125,4067.139892578125,31882200
2007-01-18,4096.33984375,4102.43994140625,4072.43994140625,4073.330078125,28525400
2007-01-19,4091.110107421875,4104.740234375,4086.2900390625,4096.33984375,22670000
2007-01-22,4121.08984375,4124.72021484375,4091.110107421875,4091.110107421875,21842400
2007-01-23,4131.1298828125,4136.509765625,4108.31005859375,4121.08984375,21935000
2007-01-24,4138.18994140625,4141.77001953125,4127.72998046875,4131.1298828125,25136600
2007-01-25,4135.56005859375,4146.81005859375,4134.509765625,4138.18994140625,24024600
2007-01-26,4120.85986328125,4135.56005859375,4114.330078125,4135.56005859375,22317200
2007-01-29,4136.33984375,4139.08984375,4118.31982421875,4120.85986328125,12009400
2007-01-30,4128.02978515625,4138.68994140625,4113.81005859375,4136.33984375,15757800
2007-01-31,4152.97998046875,4159.43994140625,4107.080078125,4128.02978515625,28348800
2007-02-01,4144.2001953125,4155.72998046875,4138.1298828125,4152.97998046875,37404200
2007-02-02,4144.39990234375,4152.75,4126.14990234375,4144.2001953125,30943800
2007-02-05,4148.580078125,4156.43994140625,4144.31982421875,4144.39990234375,38108600
2007-02-07,4211.60986328125,4216.2900390625,4148.580078125,4148.580078125,54096000
2007-02-08,4185.490234375,4211.85009765625,4176.1298828125,4211.60986328125,32122800
2007-02-09,4188.89013671875,4193.7998046875,4170.81005859375,4185.490234375,32895600
2007-02-12,4179.56982421875,4189.4599609375,4177.97021484375,4188.89013671875,19191800
2007-02-13,4184.83984375,4187.35986328125,4171.6201171875,4179.56982421875,23987200
2007-02-14,4181.31005859375,4187.35009765625,4176.85986328125,4184.83984375,27198000
2007-02-15,4192.669921875,4196.27001953125,4168.22998046875,4181.31005859375,26721800
2007-02-16,4179.89013671875,4200.06982421875,4177.7998046875,4192.669921875,24468200
2007-02-19,4140.22021484375,4179.89013671875,4134.18994140625,4179.89013671875,18579200
2007-02-20,4110.47998046875,4140.22021484375,4103.47998046875,4140.22021484375,15017400
2007-02-21,4095.780029296875,4110.47998046875,4090.0,4110.47998046875,51113000
2007-02-22,4089.77001953125,4099.27978515625,4078.260009765625,4095.780029296875,39195200
2007-02-23,4120.31005859375,4130.990234375,4089.77001953125,4089.77001953125,27645800
2007-02-26,4110.60986328125,4132.85009765625,4107.2998046875,4120.31005859375,27503000
2007-02-27,4099.43017578125,4110.60986328125,4081.85009765625,4110.60986328125,29309600
2007-02-28,4037.1298828125,4099.43017578125,3965.489990234375,4099.43017578125,35389200
2007-03-01,4048.830078125,4055.340087890625,4035.0400390625,4037.1298828125,37804000
2007-03-02,4098.68994140625,4099.72021484375,4048.830078125,4048.830078125,30439000
2007-03-05,4035.330078125,4098.68994140625,4022.989990234375,4098.68994140625,24384600
2007-03-06,4033.360107421875,4035.330078125,4001.679931640625,4035.330078125,29197600
2007-03-07,4062.52001953125,4070.909912109375,4033.360107421875,4033.360107421875,35212800
2007-03-08,4069.409912109375,4073.969970703125,4049.39990234375,4062.52001953125,32581800
2007-03-09,4079.969970703125,4095.139892578125,4069.409912109375,4069.409912109375,35262800
2007-03-12,4088.1298828125,4088.1298828125,4068.550048828125,4079.969970703125,26680600
2007-03-13,4105.72021484375,4107.8798828125,4086.1298828125,4088.1298828125,35029600
2007-03-14,4053.409912109375,4105.72021484375,4048.52001953125,4105.72021484375,28505800
2007-03-15,4054.2099609375,4059.050048828125,4044.090087890625,4053.409912109375,33139000
2007-03-16,4037.590087890625,4060.18994140625,4034.72998046875,4054.2099609375,28473200
2007-03-19,4050.31005859375,4053.610107421875,4037.590087890625,4037.590087890625,22440200
2007-03-20,4041.610107421875,4050.31005859375,4036.280029296875,4050.31005859375,30473600
2007-03-21,4052.510009765625,4056.610107421875,4041.610107421875,4041.610107421875,28531200
2007-03-22,4076.030029296875,4076.989990234375,4052.510009765625,4052.510009765625,25982400
2007-03-23,4064.050048828125,4082.25,4063.7900390625,4076.030029296875,25209600
2007-03-26,4105.14990234375,4107.39990234375,4064.050048828125,4064.050048828125,26342000
2007-03-27,4127.27978515625,4129.43017578125,4092.389892578125,4105.14990234375,28172600
2007-03-28,4109.8701171875,4127.27978515625,4101.240234375,4127.27978515625,32663000
2007-03-29,4112.56005859375,4114.43994140625,4092.93994140625,4109.8701171875,31802800
2007-03-30,4107.14013671875,4118.3798828125,4100.72998046875,4112.56005859375,48636600
2007-04-02,4137.9501953125,4138.10009765625,4103.60009765625,4107.14013671875,23508000
2007-04-03,4175.2900390625,4178.39013671875,4136.68994140625,4137.9501953125,28740200
2007-04-04,4187.97998046875,4194.06982421875,4175.2900390625,4175.2900390625,37269000
2007-04-05,4184.7001953125,4187.97998046875,4164.81982421875,4187.97998046875,18784400
2007-04-10,4180.47021484375,4193.240234375,4173.6298828125,4184.7001953125,21041200
2007-04-11,4147.35986328125,4188.27978515625,4147.25,4180.47021484375,33087400
2007-04-12,4168.10009765625,4171.740234375,4141.58984375,4147.35986328125,32167600
2007-04-13,4164.2998046875,4174.14013671875,4151.97998046875,4168.10009765625,34861600
2007-04-16,4170.7099609375,4174.240234375,4135.85009765625,4164.2998046875,34053400
2007-04-17,4177.009765625,4178.75,4164.18017578125,4170.7099609375,24452600
2007-04-18,4193.56982421875,4193.56982421875,4160.31005859375,4177.009765625,22565000
2007-04-19,4180.64013671875,4195.02001953125,4171.91015625,4193.56982421875,23009400
2007-04-20,4182.89990234375,4187.009765625,4169.89013671875,4180.64013671875,30084600
2007-04-23,4201.64013671875,4208.33984375,4182.89990234375,4182.89990234375,20068000
2007-04-24,4163.10986328125,4201.64013671875,4162.91015625,4201.64013671875,18719000
2007-04-26,4174.89990234375,4187.75,4163.10986328125,4163.10986328125,22280600
2007-04-27,4181.4501953125,4188.3701171875,4168.25,4174.89990234375,19083000
2007-04-30,4194.64013671875,4212.93017578125,4177.669921875,4181.4501953125,19127400
2007-05-01,4191.66015625,4199.7998046875,4182.4599609375,4194.64013671875,23973800
2007-05-02,4186.990234375,4191.66015625,4162.77978515625,4191.66015625,28871600
2007-05-03,4202.669921875,4216.47998046875,4181.43017578125,4186.990234375,39043000
2007-05-04,4206.31005859375,4208.77001953125,4193.27978515625,4202.669921875,26166800
2007-05-07,4202.580078125,4223.27978515625,4200.93994140625,4206.31005859375,19140400
2007-05-08,4223.22998046875,4235.27001953125,4202.580078125,4202.580078125,23664000
2007-05-09,4232.330078125,4236.330078125,4219.06982421875,4223.22998046875,24770600
2007-05-10,4251.39990234375,4261.60986328125,4232.330078125,4232.330078125,25516200
2007-05-11,4226.39013671875,4251.39990234375,4225.85986328125,4251.39990234375,26002800
2007-05-14,4238.93994140625,4251.080078125,4222.9501953125,4226.39013671875,22624800
2007-05-15,4214.77978515625,4238.93994140625,4210.81005859375,4238.93994140625,25991600
2007-05-16,4227.4599609375,4235.60986328125,4214.77978515625,4214.77978515625,35204400
2007-05-17,4275.56982421875,4275.56982421875,4227.4599609375,4227.4599609375,27125600
2007-05-18,4280.43017578125,4287.81982421875,4267.669921875,4275.56982421875,67574200
2007-05-21,4289.7099609375,4296.9501953125,4276.72998046875,4280.43017578125,55008000
2007-05-22,4289.58984375,4319.5400390625,4289.58984375,4289.7099609375,37501600
2007-05-23,4312.580078125,4318.77978515625,4287.31982421875,4289.58984375,38643400
2007-05-24,4333.240234375,4342.7001953125,4312.580078125,4312.580078125,34425800
2007-05-25,4305.25,4333.240234375,4299.330078125,4333.240234375,38420400
2007-05-28,4304.41015625,4311.990234375,4295.7998046875,4305.25,19188200
2007-05-29,4308.990234375,4313.9599609375,4297.77978515625,4304.41015625,22710600
2007-05-30,4279.6201171875,4318.669921875,4276.7001953125,4308.990234375,37220000
2007-05-31,4302.35009765625,4312.16015625,4277.93994140625,4279.6201171875,54177000
2007-06-01,4296.43017578125,4303.06005859375,4286.3798828125,4302.35009765625,46557200
2007-06-05,4312.10986328125,4312.10986328125,4282.31005859375,4296.43017578125,34702800
2007-06-06,4294.2099609375,4312.10986328125,4289.06005859375,4312.10986328125,26675000
2007-06-07,4234.6298828125,4294.2099609375,4234.6298828125,4294.2099609375,31115800
2007-06-08,4183.4501953125,4234.6298828125,4173.60986328125,4234.6298828125,23454400
2007-06-11,4205.52001953125,4207.68994140625,4168.580078125,4183.4501953125,13156800
2007-06-12,4227.56005859375,4229.759765625,4202.2900390625,4205.52001953125,22191600
2007-06-13,4194.56982421875,4227.56005859375,4187.919921875,4227.56005859375,24206200
2007-06-14,4193.669921875,4216.259765625,4193.669921875,4194.56982421875,14953800
2007-06-15,4212.4599609375,4216.77978515625,4193.669921875,4193.669921875,26780800
2007-06-18,4303.18017578125,4307.2900390625,4212.4599609375,4212.4599609375,27389600
2007-06-19,4310.1201171875,4318.68994140625,4295.83984375,4303.18017578125,28833200
2007-06-20,4323.169921875,4324.14013671875,4300.31982421875,4310.1201171875,35389000
2007-06-21,4300.56982421875,4323.169921875,4295.22021484375,4323.169921875,48243200
2007-06-22,4285.14013671875,4300.56982421875,4285.14013671875,4300.56982421875,29233600
2007-06-25,4270.91015625,4289.16015625,4265.08984375,4285.14013671875,27246600
2007-06-26,4252.02978515625,4273.85009765625,4251.1201171875,4270.91015625,27111400
2007-06-27,4203.27001953125,4252.02978515625,4198.60986328125,4252.02978515625,63630800
2007-06-28,4189.66015625,4221.830078125,4183.31982421875,4203.27001953125,37602400
2007-06-29,4234.2900390625,4236.02001953125,4189.66015625,4189.66015625,45894000
2007-07-02,4228.009765625,4234.2900390625,4221.60009765625,4234.2900390625,24215800
2007-07-03,4233.740234375,4237.009765625,4214.39990234375,4228.009765625,38628200
2007-07-04,4240.259765625,4254.33984375,4231.85986328125,4233.740234375,39108800
2007-07-05,4236.7099609375,4245.93017578125,4233.43994140625,4240.259765625,21857600
2007-07-06,4223.52978515625,4243.68994140625,4223.52978515625,4236.2900390625,29447000
2007-07-09,4238.64990234375,4241.759765625,4223.52978515625,4223.52978515625,17172200
2007-07-10,4236.85009765625,4252.06982421875,4235.0498046875,4238.64990234375,37841400
2007-07-11,4229.68994140625,4236.85009765625,4212.47998046875,4236.85009765625,26309800
2007-07-12,4238.5400390625,4242.02001953125,4229.06005859375,4229.68994140625,24426600
2007-07-13,4243.66015625,4269.6298828125,4243.66015625,4251.27001953125,37641000
2007-07-16,4240.35986328125,4247.830078125,4238.35986328125,4243.66015625,31188000
2007-07-17,4258.83984375,4265.509765625,4237.22998046875,4240.35986328125,30834000
2007-07-18,4255.64013671875,4261.759765625,4243.2001953125,4258.83984375,25834000
2007-07-19,4294.259765625,4298.81982421875,4245.7099609375,4255.64013671875,34343000
2007-07-20,4320.27001953125,4320.27001953125,4289.5400390625,4294.259765625,31874600
2007-07-23,4306.5400390625,4327.830078125,4299.22021484375,4320.27001953125,30786000
2007-07-24,4321.2900390625,4327.25,4306.5400390625,4306.5400390625,42219000
2007-07-25,4324.97021484375,4327.85986328125,4297.919921875,4321.2900390625,38821800
2007-07-26,4325.77978515625,4339.919921875,4324.9599609375,4324.97021484375,36679200
2007-07-27,4246.009765625,4325.77978515625,4229.81005859375,4325.77978515625,42058000
2007-07-30,4228.830078125,4246.009765625,4197.68994140625,4246.009765625,28710400
2007-07-31,4213.2998046875,4234.9599609375,4213.2998046875,4228.830078125,35791800
2007-08-01,4158.39013671875,4213.2998046875,4158.39013671875,4213.2998046875,34771800
2007-08-02,4138.2001953125,4173.97021484375,4138.18994140625,4158.39013671875,35232200
2007-08-03,4122.41015625,4146.5,4116.83984375,4138.2001953125,32745800
2007-08-06,4075.18994140625,4122.41015625,4024.3701171875,4122.41015625,32213000
2007-08-07,4136.240234375,4143.89990234375,4075.18994140625,4075.18994140625,29275800
2007-08-08,4116.85009765625,4136.240234375,4115.2001953125,4136.240234375,28281800
2007-08-09,4160.43017578125,4162.18994140625,4116.85009765625,4116.85009765625,33367600
2007-08-10,4109.83984375,4156.06005859375,4083.72998046875,4156.06005859375,36924400
2007-08-13,4070.159912109375,4109.83984375,4063.330078125,4109.83984375,22053800
2007-08-14,4065.679931640625,4080.97998046875,4058.070068359375,4070.159912109375,46883800
2007-08-15,4004.4599609375,4065.679931640625,3995.659912109375,4065.679931640625,31770200
2007-08-16,3957.93994140625,4004.4599609375,3940.659912109375,4004.4599609375,34545600
2007-08-17,3894.340087890625,3964.909912109375,3894.340087890625,3957.93994140625,39877000
2007-08-20,3982.3798828125,4001.5,3894.340087890625,3894.340087890625,25842600
2007-08-21,4027.7900390625,4027.7900390625,3982.3798828125,3982.3798828125,31783800
2007-08-22,4033.27001953125,4043.429931640625,4027.320068359375,4027.7900390625,32404400
2007-08-23,4089.1201171875,4097.06982421875,4033.27001953125,4033.27001953125,27824400
2007-08-24,4052.449951171875,4101.06982421875,4052.2099609375,4091.719970703125,26824200
2007-08-27,4084.43994140625,4088.889892578125,4052.449951171875,4052.449951171875,15822800
2007-08-28,4101.06982421875,4102.8798828125,4084.159912109375,4084.43994140625,18485600
2007-08-29,4084.169921875,4101.06982421875,4043.64990234375,4101.06982421875,33262200
2007-08-30,4107.60009765625,4120.60009765625,4084.169921875,4084.169921875,22166400
2007-08-31,4118.97021484375,4118.97021484375,4072.75,4088.580078125,32385800
2007-09-03,4125.759765625,4134.77978515625,4109.25,4118.97021484375,18834400
2007-09-04,4150.52978515625,4152.47998046875,4125.759765625,4125.759765625,20185200
2007-09-05,4155.0,4179.47021484375,4150.52978515625,4150.52978515625,24567800
2007-09-06,4140.08984375,4155.0,4113.81982421875,4155.0,24656200
2007-09-07,4151.97998046875,4154.77001953125,4136.89990234375,4140.08984375,24420800
2007-09-10,4142.89013671875,4151.97998046875,4114.97021484375,4151.97998046875,10703400
2007-09-11,4160.16015625,4161.7099609375,4142.009765625,4142.89013671875,26221600
2007-09-12,4143.02001953125,4175.77978515625,4138.22021484375,4160.16015625,15365000
2007-09-13,4142.43017578125,4148.72021484375,4130.4501953125,4143.02001953125,14661600
2007-09-14,4162.669921875,4162.669921875,4143.9599609375,4145.6201171875,17176600
2007-09-17,4168.72021484375,4177.4501953125,4158.6298828125,4162.669921875,14334000
2007-09-18,4123.52001953125,4172.2998046875,4123.3701171875,4168.72021484375,21454800
2007-09-19,4177.64990234375,4192.490234375,4123.52001953125,4123.52001953125,22791600
2007-09-20,4206.8798828125,4209.97998046875,4162.83984375,4177.64990234375,25787600
2007-09-21,4231.16015625,4260.33984375,4202.1201171875,4206.8798828125,54885600
2007-09-24,4232.669921875,4247.47998046875,4224.3798828125,4231.16015625,26457400
2007-09-25,4241.669921875,4241.669921875,4212.0400390625,4232.669921875,52265000
2007-09-26,4275.97021484375,4285.43994140625,4237.7001953125,4241.669921875,38055400
2007-09-27,4275.81005859375,4294.0400390625,4273.39013671875,4275.97021484375,35324600
2007-09-28,4268.89990234375,4282.6298828125,4259.4501953125,4275.81005859375,48650200
2007-10-01,4281.18994140625,4285.31982421875,4268.89990234375,4268.89990234375,24936800
2007-10-02,4332.2900390625,4332.2900390625,4280.490234375,4281.18994140625,40170000
2007-10-03,4327.8701171875,4332.66015625,4317.06005859375,4332.2900390625,27270000
2007-10-04,4299.97998046875,4327.8701171875,4293.9501953125,4327.8701171875,19190600
2007-10-05,4284.0498046875,4299.97998046875,4277.669921875,4299.97998046875,25847200
2007-10-08,4295.240234375,4305.330078125,4284.0498046875,4284.0498046875,21604200
2007-10-09,4280.240234375,4295.240234375,4264.18017578125,4295.240234375,26950600
2007-10-10,4279.7900390625,4289.81982421875,4268.97998046875,4280.240234375,22620800
2007-10-11,4296.60986328125,4302.08984375,4268.93994140625,4279.7900390625,16887800
2007-10-12,4305.6201171875,4311.16015625,4285.60986328125,4296.60986328125,19893400
2007-10-15,4325.08984375,4333.9599609375,4305.6201171875,4305.6201171875,17610200
2007-10-16,4312.169921875,4325.08984375,4298.72021484375,4325.08984375,15938800
2007-10-17,4321.83984375,4322.60986328125,4308.52978515625,4312.169921875,32080000
2007-10-18,4313.14990234375,4322.0400390625,4297.31982421875,4321.83984375,28585600
2007-10-19,4316.31005859375,4329.18017578125,4307.580078125,4313.14990234375,21043400
2007-10-23,4274.68994140625,4316.31005859375,4263.6201171875,4316.31005859375,37914200
2007-10-24,4291.0498046875,4295.2998046875,4274.68994140625,4274.68994140625,17507800
2007-10-25,4267.14013671875,4291.0498046875,4262.02001953125,4291.0498046875,24295000
2007-10-26,4226.7099609375,4267.14013671875,4220.5400390625,4267.14013671875,16712800
2007-10-29,4215.8798828125,4237.990234375,4214.93994140625,4226.7099609375,23635000
2007-10-30,4219.77001953125,4220.740234375,4202.66015625,4215.8798828125,25018000
2007-10-31,4209.06982421875,4228.27001953125,4199.56982421875,4219.77001953125,43685000
2007-11-01,4207.8798828125,4218.8798828125,4200.990234375,4209.06982421875,47680600
2007-11-02,4154.1298828125,4207.8798828125,4154.1298828125,4207.8798828125,27166400
2007-11-05,4141.2001953125,4174.14990234375,4141.2001953125,4154.1298828125,21692200
2007-11-06,4135.43017578125,4141.2001953125,4112.47998046875,4141.2001953125,17830000
2007-11-07,4205.580078125,4205.9599609375,4135.43017578125,4135.43017578125,51827600
2007-11-08,4185.419921875,4205.580078125,4159.0400390625,4205.580078125,55561600
2007-11-09,4134.77001953125,4185.419921875,4130.02001953125,4185.419921875,23781600
2007-11-12,4089.1298828125,4134.77001953125,4087.39990234375,4134.77001953125,16792400
2007-11-13,4107.14990234375,4108.02001953125,4083.06005859375,4089.1298828125,17781000
2007-11-14,4140.64990234375,4152.1201171875,4107.14990234375,4107.14990234375,27609800
2007-11-15,4113.0498046875,4140.52978515625,4113.0498046875,4140.52978515625,27311200
2007-11-16,4114.18017578125,4121.7001953125,4106.6201171875,4112.919921875,37041800
2007-11-19,4114.669921875,4125.93017578125,4106.14013671875,4114.18017578125,15349800
2007-11-20,4067.300048828125,4114.669921875,4049.56005859375,4114.669921875,34492600
2007-11-21,4071.010009765625,4084.080078125,4065.47998046875,4067.300048828125,95005400
2007-11-22,4054.219970703125,4071.010009765625,4036.659912109375,4071.010009765625,27931200
2007-11-23,4071.0,4071.0,4047.199951171875,4054.219970703125,15580800
2007-11-26,4077.110107421875,4086.39990234375,4069.659912109375,4071.0,20317000
2007-11-27,4104.06005859375,4104.06005859375,4050.5400390625,4077.110107421875,44665000
2007-11-28,4071.030029296875,4104.06005859375,4057.1201171875,4104.06005859375,42445400
2007-11-29,4066.5400390625,4089.5,4060.429931640625,4071.030029296875,38048000
2007-11-30,4062.889892578125,4066.5400390625,4050.580078125,4066.5400390625,96997800
2007-12-03,4060.010009765625,4076.27001953125,4053.06005859375,4062.889892578125,63529200
2007-12-04,4053.860107421875,4060.010009765625,4028.75,4060.010009765625,29233200
2007-12-05,4034.550048828125,4053.860107421875,4017.3701171875,4053.860107421875,35081200
2007-12-06,4043.5,4043.5,4014.010009765625,4034.550048828125,18906400
2007-12-07,4092.929931640625,4092.929931640625,4036.0,4043.5,20316600
2007-12-10,4057.489990234375,4092.929931640625,4057.489990234375,4092.929931640625,25320600
2007-12-11,4026.949951171875,4067.8798828125,4020.860107421875,4057.489990234375,22946000
2007-12-12,3999.550048828125,4026.949951171875,3977.18994140625,4026.949951171875,25207200
2007-12-13,4001.389892578125,4015.47998046875,3996.85009765625,3999.550048828125,24800000
2007-12-14,4008.659912109375,4014.719970703125,3991.260009765625,4001.389892578125,27774400
2007-12-17,3962.6201171875,4008.659912109375,3962.610107421875,4008.659912109375,31071400
2007-12-18,3926.1201171875,3962.6201171875,3902.6201171875,3962.6201171875,23559000
2007-12-19,3939.72998046875,3956.68994140625,3926.1201171875,3926.1201171875,23124800
2007-12-20,3947.56005859375,3958.7900390625,3939.72998046875,3939.72998046875,22414000
2007-12-21,3993.510009765625,3993.510009765625,3947.56005859375,3947.56005859375,32128800
2007-12-24,4058.7099609375,4058.7099609375,3993.510009765625,3993.510009765625,8526800
2007-12-27,4068.6298828125,4069.219970703125,4051.02001953125,4058.7099609375,9702000
2007-12-28,4036.0,4068.6298828125,4031.25,4068.6298828125,7280600
2007-12-31,4041.3798828125,4041.3798828125,4027.52001953125,4036.0,14471400
2008-01-03,4033.929931640625,4050.169921875,4031.56005859375,4041.3798828125,18106800
2008-01-04,4010.820068359375,4033.47998046875,4004.139892578125,4033.47998046875,13081200
2008-01-07,3953.580078125,4010.820068359375,3950.35009765625,4010.820068359375,14626000
2008-01-08,3928.39990234375,3955.320068359375,3928.39990234375,3953.580078125,23311800
2008-01-09,3912.169921875,3928.39990234375,3883.760009765625,3928.39990234375,25542200
2008-01-10,3899.8798828125,3914.989990234375,3891.909912109375,3912.169921875,20254600
2008-01-11,3872.179931640625,3913.070068359375,3869.97998046875,3899.8798828125,19247800
2008-01-14,3824.2099609375,3872.179931640625,3812.10009765625,3872.179931640625,26525800
2008-01-15,3810.5,3843.159912109375,3810.5,3824.2099609375,33323200
2008-01-16,3752.389892578125,3810.5,3724.199951171875,3810.5,22983400
2008-01-17,3729.9599609375,3752.389892578125,3719.929931640625,3752.389892578125,28553000
2008-01-18,3664.35009765625,3729.9599609375,3644.52001953125,3729.9599609375,32838800
2008-01-21,3646.909912109375,3672.52001953125,3645.18994140625,3664.35009765625,19309800
2008-01-22,3607.1298828125,3646.909912109375,3502.820068359375,3646.909912109375,29836200
2008-01-23,3615.300048828125,3648.89990234375,3607.1298828125,3607.1298828125,50886800
2008-01-24,3658.610107421875,3679.409912109375,3615.300048828125,3615.300048828125,31034800
2008-01-25,3729.14990234375,3729.14990234375,3658.610107421875,3658.610107421875,28323800
2008-01-28,3710.320068359375,3729.89990234375,3704.550048828125,3729.14990234375,10851800
2008-01-29,3704.169921875,3740.739990234375,3704.169921875,3710.320068359375,20517600
2008-01-30,3697.010009765625,3727.830078125,3697.010009765625,3704.169921875,20900800
2008-01-31,3670.639892578125,3699.3798828125,3663.669921875,3697.010009765625,31017600
2008-02-01,3708.1298828125,3716.3701171875,3670.639892578125,3670.639892578125,23796000
2008-02-04,3711.72998046875,3745.760009765625,3708.1298828125,3708.1298828125,25706800
2008-02-05,3690.010009765625,3711.72998046875,3683.68994140625,3711.72998046875,29459200
2008-02-07,3636.199951171875,3690.010009765625,3631.280029296875,3690.010009765625,26312600
2008-02-08,3612.409912109375,3636.199951171875,3605.719970703125,3636.199951171875,56148200
2008-02-11,3572.93994140625,3612.409912109375,3563.760009765625,3612.409912109375,37060600
2008-02-12,3574.840087890625,3580.3798828125,3556.090087890625,3572.93994140625,18953400
2008-02-13,3545.77001953125,3595.47998046875,3535.919921875,3574.840087890625,27260200
2008-02-14,3550.409912109375,3560.590087890625,3540.860107421875,3545.77001953125,28585800
2008-02-15,3510.81005859375,3550.409912109375,3498.300048828125,3550.409912109375,22906800
2008-02-18,3601.780029296875,3601.780029296875,3510.81005859375,3510.81005859375,21232000
2008-02-19,3609.409912109375,3613.030029296875,3583.669921875,3601.780029296875,271796500
2008-02-20,3595.909912109375,3609.6298828125,3592.699951171875,3609.409912109375,34401200
2008-02-22,3569.6201171875,3593.780029296875,3563.889892578125,3586.6298828125,38002000
2008-02-25,3570.75,3589.6298828125,3569.6201171875,3569.6201171875,25222600
2008-02-26,3543.25,3570.75,3537.530029296875,3570.75,26757000
2008-02-27,3562.3701171875,3562.510009765625,3543.25,3543.25,28946600
2008-02-28,3579.570068359375,3600.280029296875,3562.3701171875,3562.3701171875,29566200
2008-02-29,3582.719970703125,3586.389892578125,3560.47998046875,3579.570068359375,26066400
2008-03-03,3584.25,3584.75,3533.840087890625,3582.719970703125,29957000
2008-03-04,3584.469970703125,3584.909912109375,3505.0,3584.25,50498200
2008-03-05,3619.469970703125,3624.570068359375,3568.320068359375,3584.469970703125,44641200
2008-03-06,3603.830078125,3619.469970703125,3595.699951171875,3619.469970703125,21408600
2008-03-07,3558.260009765625,3603.830078125,3547.030029296875,3603.830078125,22835200
2008-03-10,3547.75,3558.260009765625,3529.580078125,3558.260009765625,17132000
2008-03-11,3520.4599609375,3549.989990234375,3511.39990234375,3547.75,24111000
2008-03-12,3544.830078125,3579.72998046875,3520.4599609375,3520.4599609375,43691200
2008-03-13,3573.909912109375,3574.800048828125,3538.389892578125,3544.830078125,20162600
2008-03-14,3500.909912109375,3573.909912109375,3497.719970703125,3573.909912109375,30808000
2008-03-17,3429.43994140625,3500.909912109375,3426.39990234375,3500.909912109375,15546200
2008-03-18,3418.6298828125,3432.409912109375,3395.860107421875,3429.43994140625,18871400
2008-03-19,3467.260009765625,3485.199951171875,3418.6298828125,3418.6298828125,38822400
2008-03-20,3425.7099609375,3467.260009765625,3408.239990234375,3467.260009765625,48341200
2008-03-25,3430.280029296875,3450.550048828125,3425.7099609375,3425.7099609375,39200800
2008-03-26,3425.449951171875,3448.18994140625,3425.449951171875,3430.280029296875,27423000
2008-03-27,3404.5400390625,3425.449951171875,3399.760009765625,3425.449951171875,32768600
2008-03-28,3447.5,3447.5,3400.1201171875,3407.760009765625,32926800
2008-03-31,3470.429931640625,3471.1298828125,3442.030029296875,3447.5,38145600
2008-04-01,3533.56005859375,3533.56005859375,3470.429931640625,3470.429931640625,38194400
2008-04-02,3592.7900390625,3596.580078125,3533.56005859375,3533.56005859375,37462400
2008-04-03,3629.97998046875,3629.97998046875,3573.699951171875,3592.7900390625,31832400
2008-04-04,3631.22998046875,3642.699951171875,3620.800048828125,3628.199951171875,24895600
2008-04-07,3644.489990234375,3654.389892578125,3631.22998046875,3631.22998046875,23336600
2008-04-08,3605.679931640625,3644.489990234375,3597.5400390625,3644.489990234375,22827600
2008-04-09,3575.449951171875,3605.679931640625,3569.159912109375,3605.679931640625,40634800
2008-04-10,3540.010009765625,3575.449951171875,3540.010009765625,3575.449951171875,26734400
2008-04-11,3488.840087890625,3540.010009765625,3472.85009765625,3540.010009765625,45760200
2008-04-14,3470.9599609375,3488.840087890625,3464.25,3488.840087890625,24184000
2008-04-15,3502.8798828125,3502.8798828125,3464.550048828125,3470.9599609375,32282200
2008-04-17,3568.93994140625,3573.830078125,3516.669921875,3516.669921875,32201400
2008-04-18,3557.469970703125,3568.93994140625,3535.75,3568.93994140625,28482200
2008-04-21,3592.5400390625,3599.5,3557.469970703125,3557.469970703125,71869600
2008-04-22,3583.260009765625,3595.06005859375,3573.550048828125,3592.5400390625,19718000
2008-04-23,3608.469970703125,3612.6298828125,3570.580078125,3583.260009765625,38217000
2008-04-24,3616.81005859375,3625.340087890625,3605.02001953125,3608.469970703125,23808600
2008-04-28,3642.6298828125,3645.530029296875,3615.860107421875,3616.81005859375,25633800
2008-04-29,3605.570068359375,3642.6298828125,3595.719970703125,3642.6298828125,22791000
2008-04-30,3624.800048828125,3630.070068359375,3572.929931640625,3605.570068359375,32380600
2008-05-01,3630.409912109375,3639.8701171875,3623.139892578125,3624.800048828125,28466800
2008-05-02,3661.330078125,3664.97998046875,3630.409912109375,3630.409912109375,25710400
2008-05-05,3680.52001953125,3680.52001953125,3660.6298828125,3661.330078125,25185800
2008-05-06,3651.090087890625,3680.52001953125,3651.090087890625,3680.52001953125,28255200
2008-05-07,3596.820068359375,3652.93994140625,3596.820068359375,3651.090087890625,31506000
2008-05-08,3625.590087890625,3625.590087890625,3564.830078125,3596.820068359375,21987400
2008-05-09,3601.169921875,3635.610107421875,3601.169921875,3625.590087890625,22310600
2008-05-12,3637.830078125,3638.199951171875,3591.60009765625,3601.169921875,23054200
2008-05-13,3653.31005859375,3660.85009765625,3637.2099609375,3637.830078125,21177600
2008-05-14,3628.56005859375,3653.31005859375,3628.56005859375,3653.31005859375,31218600
2008-05-15,3614.22998046875,3635.989990234375,3607.550048828125,3628.56005859375,42183400
2008-05-16,3657.199951171875,3657.199951171875,3614.22998046875,3614.22998046875,38333000
2008-05-19,3658.949951171875,3659.199951171875,3649.18994140625,3657.199951171875,19232600
2008-05-20,3647.18994140625,3658.949951171875,3631.820068359375,3658.949951171875,25704600
2008-05-21,3611.719970703125,3647.18994140625,3611.719970703125,3647.18994140625,35483800
2008-05-22,3591.340087890625,3611.719970703125,3570.4599609375,3611.719970703125,30982000
2008-05-23,3589.469970703125,3591.340087890625,3581.10009765625,3591.340087890625,37707000
2008-05-26,3573.75,3600.8798828125,3570.1298828125,3589.469970703125,27524800
2008-05-27,3551.340087890625,3573.75,3551.340087890625,3573.75,27053000
2008-05-28,3547.010009765625,3558.510009765625,3542.780029296875,3551.340087890625,40723600
2008-05-29,3563.110107421875,3572.85009765625,3540.429931640625,3547.010009765625,29873000
2008-05-30,3624.22998046875,3624.22998046875,3563.110107421875,3563.110107421875,76334400
2008-06-03,3540.050048828125,3624.22998046875,3540.050048828125,3624.22998046875,80392400
2008-06-04,3557.68994140625,3569.590087890625,3540.050048828125,3540.050048828125,31714000
2008-06-05,3555.969970703125,3579.35009765625,3555.969970703125,3557.68994140625,31482200
2008-06-06,3548.080078125,3580.6298828125,3541.739990234375,3555.969970703125,29220400
2008-06-09,3496.5,3548.080078125,3493.580078125,3548.080078125,18219600
2008-06-10,3505.89990234375,3522.0,3496.5,3496.5,27258400
2008-06-11,3487.429931640625,3513.419921875,3483.889892578125,3505.89990234375,32667400
2008-06-12,3439.219970703125,3487.429931640625,3439.219970703125,3487.429931640625,39641000
2008-06-13,3416.0,3449.320068359375,3405.97998046875,3439.219970703125,34312400
2008-06-16,3406.300048828125,3436.550048828125,3406.300048828125,3416.0,13623000
2008-06-17,3404.570068359375,3416.25,3377.469970703125,3406.300048828125,21212200
2008-06-18,3391.6298828125,3404.570068359375,3374.340087890625,3404.570068359375,23205000
2008-06-19,3340.10009765625,3391.6298828125,3336.4599609375,3391.6298828125,35475400
2008-06-20,3283.429931640625,3343.77001953125,3283.22998046875,3340.10009765625,59169400
2008-06-23,3287.56005859375,3287.56005859375,3268.18994140625,3283.429931640625,32886400
2008-06-24,3298.179931640625,3319.419921875,3285.1298828125,3287.56005859375,34848200
2008-06-25,3281.2900390625,3302.64990234375,3278.5400390625,3298.179931640625,40446000
2008-06-26,3291.969970703125,3308.800048828125,3281.2900390625,3281.2900390625,31622800
2008-06-27,3226.909912109375,3291.969970703125,3201.6201171875,3291.969970703125,35955200
2008-06-30,3194.610107421875,3230.090087890625,3194.610107421875,3226.909912109375,33653000
2008-07-01,3175.27001953125,3209.97998046875,3167.280029296875,3194.72998046875,30802000
2008-07-02,3163.389892578125,3188.330078125,3163.389892578125,3175.27001953125,29075000
2008-07-03,3094.419921875,3163.389892578125,3091.31005859375,3163.389892578125,47713600
2008-07-04,3157.919921875,3157.919921875,3102.72998046875,3102.72998046875,24554600
2008-07-07,3121.449951171875,3159.489990234375,3118.610107421875,3157.919921875,24205400
2008-07-08,3160.590087890625,3164.449951171875,3121.300048828125,3121.449951171875,32161600
2008-07-09,3177.4599609375,3200.389892578125,3160.590087890625,3160.590087890625,32085800
2008-07-10,3112.56005859375,3177.4599609375,3112.489990234375,3177.4599609375,26199600
2008-07-11,3121.5400390625,3131.860107421875,3080.139892578125,3112.56005859375,28774200
2008-07-14,3080.10009765625,3121.5400390625,3073.280029296875,3121.5400390625,29581200
2008-07-15,3040.449951171875,3091.429931640625,3040.449951171875,3080.10009765625,85599800
2008-07-16,3059.360107421875,3060.06005859375,3001.18994140625,3040.449951171875,37898400
2008-07-17,3091.3798828125,3104.909912109375,3059.360107421875,3059.360107421875,39900200
2008-07-18,3120.909912109375,3125.5400390625,3091.3798828125,3091.3798828125,29512400
2008-07-21,3148.320068359375,3152.169921875,3120.909912109375,3120.909912109375,55608000
2008-07-22,3143.909912109375,3148.5,3130.68994140625,3148.320068359375,31931000
2008-07-23,3201.64990234375,3218.580078125,3143.909912109375,3143.909912109375,43796600
2008-07-24,3287.22998046875,3288.330078125,3201.64990234375,3201.64990234375,40377400
2008-07-25,3254.159912109375,3287.22998046875,3254.159912109375,3287.22998046875,32450800
2008-07-28,3256.570068359375,3273.929931640625,3254.159912109375,3254.159912109375,21922800
2008-07-29,3235.5,3256.570068359375,3224.60009765625,3256.570068359375,25874800
2008-07-30,3287.760009765625,3291.860107421875,3235.5,3235.5,28892000
2008-07-31,3336.280029296875,3338.110107421875,3287.760009765625,3287.760009765625,50574400
2008-08-01,3303.159912109375,3336.5,3297.639892578125,3336.280029296875,36936800
2008-08-04,3319.219970703125,3328.320068359375,3296.489990234375,3303.159912109375,23193200
2008-08-05,3295.679931640625,3324.27001953125,3283.64990234375,3319.219970703125,31608400
2008-08-06,3352.340087890625,3362.840087890625,3295.679931640625,3295.679931640625,43264400
2008-08-07,3378.889892578125,3415.81005859375,3352.340087890625,3352.340087890625,32302200
2008-08-08,3357.820068359375,3378.889892578125,3318.4599609375,3378.889892578125,39806600
2008-08-11,3370.18994140625,3396.260009765625,3357.820068359375,3357.820068359375,39878600
2008-08-12,3353.6298828125,3373.9599609375,3345.669921875,3370.18994140625,37554800
2008-08-13,3345.239990234375,3360.10009765625,3322.659912109375,3353.6298828125,40884400
2008-08-14,3333.89990234375,3345.239990234375,3320.43994140625,3345.239990234375,32953800
2008-08-15,3351.1298828125,3354.139892578125,3333.89990234375,3333.89990234375,44862800
2008-08-18,3334.14990234375,3359.800048828125,3334.14990234375,3351.1298828125,32956200
2008-08-19,3319.1201171875,3334.14990234375,3303.760009765625,3334.14990234375,82193600
2008-08-20,3332.02001953125,3332.02001953125,3292.919921875,3319.1201171875,31258800
2008-08-21,3332.050048828125,3339.090087890625,3320.699951171875,3332.02001953125,42215000
2008-08-22,3311.610107421875,3334.89990234375,3303.330078125,3332.050048828125,27561000
2008-08-25,3326.919921875,3346.9599609375,3311.610107421875,3311.610107421875,34510600
2008-08-26,3321.0,3326.919921875,3283.820068359375,3326.919921875,25545600
2008-08-27,3318.52001953125,3328.219970703125,3311.320068359375,3321.0,22437600
2008-08-28,3324.800048828125,3327.72998046875,3302.449951171875,3318.52001953125,29123400
2008-08-29,3353.239990234375,3374.97998046875,3324.800048828125,3324.800048828125,29386600
2008-09-01,3357.699951171875,3364.580078125,3321.419921875,3353.239990234375,20682800
2008-09-02,3367.25,3376.2099609375,3357.699951171875,3357.699951171875,15758800
2008-09-03,3373.449951171875,3376.6298828125,3354.85009765625,3367.25,23552800
2008-09-04,3348.139892578125,3380.659912109375,3348.139892578125,3373.449951171875,34316200
2008-09-05,3336.179931640625,3348.139892578125,3314.159912109375,3348.139892578125,42890000
2008-09-08,3374.39990234375,3383.909912109375,3336.179931640625,3336.179931640625,24139000
2008-09-09,3376.389892578125,3391.77001953125,3370.030029296875,3374.39990234375,37506800
2008-09-10,3343.860107421875,3376.389892578125,3341.050048828125,3376.389892578125,40100400
2008-09-11,3333.5400390625,3387.820068359375,3330.030029296875,3343.860107421875,37604800
2008-09-12,3361.68994140625,3368.449951171875,3333.5400390625,3333.5400390625,27738000
2008-09-15,3319.89990234375,3368.659912109375,3309.510009765625,3361.68994140625,25521200
2008-09-16,3227.300048828125,3319.89990234375,3219.60009765625,3319.89990234375,41899200
2008-09-17,3269.929931640625,3276.68994140625,3220.60009765625,3227.300048828125,64323400
2008-09-18,3158.919921875,3269.929931640625,3152.409912109375,3269.929931640625,44464800
2008-09-19,3187.1298828125,3217.14990234375,3158.919921875,3158.919921875,49265600
2008-09-22,3255.719970703125,3289.4599609375,3187.1298828125,3187.1298828125,27442000
2008-09-23,3228.18994140625,3255.719970703125,3216.3798828125,3255.719970703125,40629200
2008-09-24,3259.679931640625,3261.840087890625,3214.75,3228.18994140625,28839600
2008-09-25,3237.719970703125,3263.010009765625,3237.719970703125,3259.679931640625,29704000
2008-09-26,3187.580078125,3264.02001953125,3187.580078125,3237.719970703125,23118800
2008-09-29,3188.5400390625,3224.75,3187.580078125,3187.580078125,21436000
2008-09-30,3090.219970703125,3188.5400390625,3040.320068359375,3188.5400390625,48912000
2008-10-01,3187.9599609375,3202.409912109375,3090.219970703125,3090.219970703125,43381200
2008-10-02,3232.639892578125,3232.639892578125,3186.110107421875,3187.9599609375,24515000
2008-10-03,3151.5400390625,3232.639892578125,3140.699951171875,3232.639892578125,30351000
2008-10-06,3048.3798828125,3151.5400390625,3047.39990234375,3151.5400390625,19543000
2008-10-07,3004.18994140625,3048.3798828125,2962.3798828125,3048.3798828125,30385400
2008-10-08,2948.31005859375,3004.18994140625,2937.580078125,3004.18994140625,45634000
2008-10-09,2944.39990234375,2948.31005859375,2925.090087890625,2948.31005859375,47302200
2008-10-10,2805.31005859375,2944.39990234375,2803.4599609375,2944.39990234375,35688000
2008-10-13,2782.389892578125,2851.889892578125,2777.75,2805.31005859375,31891600
2008-10-14,2948.969970703125,2983.760009765625,2782.389892578125,2782.389892578125,32398600
2008-10-15,2904.639892578125,2948.969970703125,2890.780029296875,2948.969970703125,29720000
2008-10-16,2764.68994140625,2904.639892578125,2759.219970703125,2904.639892578125,36471200
2008-10-17,2808.760009765625,2839.780029296875,2764.68994140625,2764.68994140625,37649400
2008-10-20,2889.919921875,2889.919921875,2808.760009765625,2808.760009765625,28140800
2008-10-21,2952.02001953125,2971.6298828125,2889.919921875,2889.919921875,29420000
2008-10-22,2899.39990234375,2952.02001953125,2899.39990234375,2952.02001953125,20262600
2008-10-23,2807.340087890625,2899.39990234375,2807.340087890625,2899.39990234375,26724400
2008-10-24,2778.550048828125,2836.159912109375,2773.780029296875,2807.340087890625,24322600
2008-10-28,2687.10009765625,2780.659912109375,2684.72998046875,2778.550048828125,26641000
2008-10-29,2745.60009765625,2809.610107421875,2687.10009765625,2687.10009765625,39490800
2008-10-30,2762.820068359375,2772.18994140625,2738.679931640625,2745.60009765625,25265200
2008-10-31,2820.860107421875,2820.860107421875,2762.820068359375,2762.820068359375,31429200
2008-11-03,2856.659912109375,2856.659912109375,2819.800048828125,2820.860107421875,16670200
2008-11-04,2844.31005859375,2871.89990234375,2841.610107421875,2856.659912109375,36355600
2008-11-05,2886.110107421875,2898.469970703125,2844.31005859375,2844.31005859375,18429800
2008-11-06,2840.1298828125,2886.110107421875,2832.179931640625,2886.110107421875,22120200
2008-11-07,2791.64990234375,2840.1298828125,2785.080078125,2840.1298828125,20056800
2008-11-10,2837.85009765625,2843.89990234375,2791.64990234375,2791.64990234375,19677000
2008-11-11,2799.56005859375,2837.85009765625,2798.179931640625,2837.85009765625,17709600
2008-11-12,2772.18994140625,2799.56005859375,2760.320068359375,2799.56005859375,19246200
2008-11-13,2729.6201171875,2772.18994140625,2726.4599609375,2772.18994140625,23668800
2008-11-14,2767.669921875,2787.25,2729.6201171875,2729.6201171875,26388800
2008-11-17,2741.919921875,2768.81005859375,2732.2900390625,2767.669921875,21222800
2008-11-18,2714.590087890625,2741.919921875,2706.919921875,2741.919921875,20653200
2008-11-19,2706.27001953125,2725.639892578125,2696.739990234375,2714.590087890625,27357400
2008-11-20,2644.669921875,2706.27001953125,2641.510009765625,2706.27001953125,30040400
2008-11-21,2578.10009765625,2644.669921875,2568.5400390625,2644.669921875,35489000
2008-11-24,2575.47998046875,2630.860107421875,2575.409912109375,2578.10009765625,20769600
2008-11-25,2634.8798828125,2641.02001953125,2575.47998046875,2575.47998046875,38513000
2008-11-26,2637.89990234375,2639.889892578125,2625.239990234375,2634.8798828125,28347600
2008-11-27,2668.739990234375,2673.02001953125,2637.89990234375,2637.89990234375,27060200
2008-11-28,2710.9599609375,2710.9599609375,2667.169921875,2675.75,29990400
2008-12-01,2682.929931640625,2722.22998046875,2682.929931640625,2710.9599609375,16043800
2008-12-02,2651.14990234375,2682.929931640625,2622.739990234375,2682.929931640625,19859800
2008-12-03,2706.7900390625,2714.409912109375,2651.14990234375,2651.14990234375,33268400
2008-12-04,2730.679931640625,2730.679931640625,2706.7900390625,2706.7900390625,19863400
2008-12-05,2706.719970703125,2736.110107421875,2706.719970703125,2730.679931640625,25447600
2008-12-08,2699.81005859375,2740.1201171875,2699.81005859375,2706.719970703125,17231400
2008-12-09,2724.7099609375,2741.39990234375,2699.81005859375,2699.81005859375,36887000
2008-12-10,2711.550048828125,2724.7099609375,2711.550048828125,2724.7099609375,23141000
2008-12-11,2726.7099609375,2739.550048828125,2711.550048828125,2711.550048828125,23994000
2008-12-12,2676.949951171875,2726.7099609375,2676.949951171875,2726.7099609375,26140400
2008-12-15,2676.429931640625,2700.739990234375,2676.429931640625,2676.949951171875,25317400
2008-12-16,2695.080078125,2695.840087890625,2672.3798828125,2676.429931640625,28413400
2008-12-17,2695.929931640625,2718.97998046875,2694.929931640625,2695.080078125,42425600
2008-12-18,2707.590087890625,2709.18994140625,2685.320068359375,2695.929931640625,27727800
2008-12-19,2655.31005859375,2707.590087890625,2655.31005859375,2707.590087890625,34714000
2008-12-22,2679.75,2679.75,2655.31005859375,2655.31005859375,16751800
2008-12-23,2661.739990234375,2680.510009765625,2659.85009765625,2679.75,13762200
2008-12-24,2668.06005859375,2678.169921875,2655.8701171875,2661.739990234375,10792800
2008-12-29,2677.639892578125,2687.840087890625,2668.06005859375,2668.06005859375,11569600
2008-12-30,2678.219970703125,2687.8798828125,2674.22998046875,2677.639892578125,10490600
2008-12-31,2715.7099609375,2715.7099609375,2678.219970703125,2678.219970703125,27667800
2009-01-05,2744.889892578125,2754.550048828125,2715.7099609375,2715.7099609375,12375600
2009-01-06,2783.3798828125,2783.3798828125,2744.889892578125,2744.889892578125,18643400
2009-01-07,2764.239990234375,2792.330078125,2764.239990234375,2783.3798828125,20671400
2009-01-08,2756.64990234375,2764.239990234375,2734.469970703125,2764.239990234375,24813000
2009-01-09,2757.409912109375,2764.2900390625,2749.52001953125,2756.64990234375,24612000
2009-01-12,2768.27001953125,2775.68994140625,2756.6201171875,2757.409912109375,17421600
2009-01-13,2774.639892578125,2776.669921875,2731.8798828125,2768.27001953125,19037800
2009-01-14,2786.780029296875,2789.090087890625,2762.010009765625,2774.639892578125,17845600
2009-01-15,2742.830078125,2786.780029296875,2742.830078125,2786.780029296875,38029800
2009-01-16,2752.159912109375,2756.35009765625,2742.830078125,2742.830078125,38876400
2009-01-19,2747.97998046875,2766.610107421875,2747.97998046875,2752.159912109375,19069600
2009-01-20,2709.47998046875,2747.97998046875,2707.3798828125,2747.97998046875,31539200
2009-01-21,2705.0400390625,2709.47998046875,2692.429931640625,2709.47998046875,31083200
2009-01-22,2734.409912109375,2738.320068359375,2705.0400390625,2705.0400390625,27074400
2009-01-23,2705.090087890625,2734.409912109375,2705.090087890625,2734.409912109375,29782400
2009-01-26,2705.75,2715.550048828125,2705.090087890625,2705.090087890625,16185400
2009-01-27,2735.860107421875,2739.429931640625,2705.75,2705.75,19431600
2009-01-28,2747.89990234375,2750.5400390625,2724.35009765625,2735.860107421875,37090400
2009-01-29,2770.1201171875,2800.419921875,2747.89990234375,2747.89990234375,62808000
2009-01-30,2774.139892578125,2774.139892578125,2753.47998046875,2770.1201171875,41394200
2009-02-02,2771.5,2774.68994140625,2758.360107421875,2774.139892578125,27992600
2009-02-03,2780.2900390625,2780.360107421875,2760.0,2771.5,31328800
2009-02-04,2768.6201171875,2792.6201171875,2764.320068359375,2780.2900390625,28347200
2009-02-05,2773.5,2773.5,2754.820068359375,2768.6201171875,29001400
2009-02-09,2766.56005859375,2806.02001953125,2766.56005859375,2773.5,34221200
2009-02-10,2750.050048828125,2772.64990234375,2745.6298828125,2766.56005859375,33894200
2009-02-11,2730.22998046875,2750.050048828125,2718.5400390625,2750.050048828125,26768000
2009-02-12,2750.14990234375,2750.14990234375,2730.22998046875,2730.22998046875,25716200
2009-02-13,2750.77001953125,2755.449951171875,2746.89990234375,2750.14990234375,35708400
2009-02-16,2680.18994140625,2750.77001953125,2680.18994140625,2750.77001953125,33626800
2009-02-17,2672.6201171875,2680.239990234375,2664.89990234375,2680.18994140625,33844400
2009-02-18,2621.0,2672.6201171875,2613.739990234375,2672.6201171875,37274800
2009-02-19,2616.929931640625,2622.31005859375,2594.179931640625,2621.0,36161600
2009-02-20,2576.679931640625,2616.929931640625,2562.5,2616.929931640625,33368800
2009-02-23,2538.2900390625,2577.090087890625,2538.0400390625,2576.679931640625,26806000
2009-02-24,2487.530029296875,2538.2900390625,2479.3798828125,2538.2900390625,31167200
2009-02-25,2499.820068359375,2531.5400390625,2487.530029296875,2487.530029296875,27162200
2009-02-26,2497.429931640625,2512.1298828125,2496.8701171875,2499.820068359375,24160200
2009-02-27,2522.320068359375,2522.320068359375,2489.110107421875,2497.429931640625,33374800
2009-03-02,2481.510009765625,2522.320068359375,2479.1298828125,2522.320068359375,22456800
2009-03-03,2417.949951171875,2481.510009765625,2411.159912109375,2481.510009765625,23621200
2009-03-04,2469.340087890625,2469.47998046875,2417.949951171875,2417.949951171875,29326600
2009-03-05,2491.39990234375,2513.969970703125,2469.340087890625,2469.340087890625,21742800
2009-03-06,2471.0400390625,2491.39990234375,2452.639892578125,2491.39990234375,32120600
2009-03-09,2469.169921875,2496.280029296875,2461.85009765625,2471.0400390625,42739000
2009-03-10,2462.7099609375,2469.169921875,2451.1298828125,2469.169921875,43300400
2009-03-11,2497.510009765625,2519.39990234375,2462.7099609375,2462.7099609375,43274800
2009-03-12,2491.6201171875,2503.2900390625,2488.080078125,2497.510009765625,31186400
2009-03-13,2523.389892578125,2534.06005859375,2491.6201171875,2491.6201171875,41346800
2009-03-16,2544.330078125,2562.929931640625,2523.389892578125,2523.389892578125,28998600
2009-03-17,2564.719970703125,2565.280029296875,2528.64990234375,2544.330078125,24421800
2009-03-18,2606.330078125,2613.830078125,2564.719970703125,2564.719970703125,33692600
2009-03-19,2633.2099609375,2633.2099609375,2606.330078125,2606.330078125,27517800
2009-03-20,2599.030029296875,2633.2099609375,2598.949951171875,2633.2099609375,36333400
2009-03-23,2591.429931640625,2604.469970703125,2582.989990234375,2599.030029296875,28454800
2009-03-24,2635.330078125,2677.52001953125,2591.429931640625,2591.429931640625,32118400
2009-03-25,2630.330078125,2640.239990234375,2623.830078125,2635.330078125,27642000
2009-03-26,2616.25,2638.199951171875,2613.919921875,2630.330078125,31543000
2009-03-27,2653.47998046875,2653.47998046875,2609.570068359375,2616.25,26530200
2009-03-30,2641.989990234375,2653.47998046875,2627.75,2653.47998046875,20974000
2009-03-31,2590.389892578125,2641.989990234375,2590.389892578125,2641.989990234375,44642600
2009-04-01,2569.239990234375,2618.050048828125,2555.43994140625,2590.389892578125,29854200
2009-04-02,2585.800048828125,2585.800048828125,2561.320068359375,2569.239990234375,37773400
2009-04-03,2614.47998046875,2633.360107421875,2585.800048828125,2585.800048828125,31651200
2009-04-06,2633.43994140625,2633.5,2614.47998046875,2614.47998046875,22053400
2009-04-07,2612.469970703125,2633.43994140625,2605.18994140625,2633.43994140625,34733600
2009-04-08,2568.909912109375,2612.469970703125,2566.97998046875,2612.469970703125,40021600
2009-04-09,2571.14990234375,2576.070068359375,2559.9599609375,2568.909912109375,30605200
2009-04-14,2599.820068359375,2614.429931640625,2571.14990234375,2571.14990234375,34795800
2009-04-15,2600.64990234375,2603.469970703125,2586.489990234375,2599.820068359375,36171000
2009-04-16,2663.139892578125,2664.52001953125,2600.64990234375,2600.64990234375,38679800
2009-04-17,2711.27001953125,2713.7900390625,2656.639892578125,2663.139892578125,38754400
2009-04-20,2698.800048828125,2717.610107421875,2688.219970703125,2711.27001953125,26690800
2009-04-21,2664.860107421875,2698.800048828125,2655.93994140625,2698.800048828125,27186200
2009-04-22,2662.93994140625,2677.449951171875,2658.25,2664.860107421875,31268600
2009-04-23,2658.85009765625,2663.75,2648.389892578125,2662.93994140625,28892800
2009-04-24,2656.389892578125,2673.530029296875,2649.719970703125,2658.85009765625,41769800
2009-04-27,2664.3701171875,2667.489990234375,2654.0400390625,2656.389892578125,32104600
2009-04-28,2686.43994140625,2700.510009765625,2664.3701171875,2664.3701171875,33887600
2009-04-29,2699.7099609375,2705.9599609375,2681.110107421875,2686.43994140625,68577000
2009-04-30,2740.580078125,2764.89990234375,2699.7099609375,2699.7099609375,54303600
2009-05-01,2719.919921875,2750.169921875,2713.669921875,2740.580078125,31839800
2009-05-04,2766.27001953125,2766.27001953125,2719.919921875,2719.919921875,32750600
2009-05-05,2819.050048828125,2837.719970703125,2766.27001953125,2766.27001953125,52744400
2009-05-06,2831.360107421875,2842.659912109375,2816.89990234375,2819.050048828125,35504600
2009-05-07,2854.8701171875,2866.2099609375,2831.360107421875,2831.360107421875,46603600
2009-05-08,2873.139892578125,2873.139892578125,2822.580078125,2854.8701171875,41954400
2009-05-11,2829.219970703125,2918.840087890625,2829.219970703125,2873.139892578125,41455200
2009-05-12,2812.699951171875,2832.52001953125,2809.159912109375,2829.219970703125,33725800
2009-05-13,2811.56005859375,2824.800048828125,2799.699951171875,2812.699951171875,38428000
2009-05-14,2776.1201171875,2811.56005859375,2770.489990234375,2811.56005859375,45265800
2009-05-15,2790.89990234375,2809.830078125,2776.1201171875,2776.1201171875,38073400
2009-05-18,2777.860107421875,2793.820068359375,2777.860107421875,2790.89990234375,44277400
2009-05-19,2790.800048828125,2826.699951171875,2777.860107421875,2777.860107421875,34820400
2009-05-20,2801.080078125,2806.139892578125,2789.25,2790.800048828125,39273600
2009-05-21,2776.31005859375,2801.080078125,2767.860107421875,2801.080078125,56974200
2009-05-22,2760.5400390625,2776.31005859375,2756.340087890625,2776.31005859375,29348000
2009-05-25,2740.199951171875,2765.179931640625,2738.31005859375,2760.5400390625,27930000
2009-05-26,2734.070068359375,2754.320068359375,2732.02001953125,2740.199951171875,38136400
2009-05-27,2769.780029296875,2770.9599609375,2734.070068359375,2734.070068359375,56017000
2009-05-28,2721.97998046875,2769.510009765625,2720.02001953125,2769.510009765625,51171600
2009-05-29,2764.169921875,2764.35009765625,2721.97998046875,2721.97998046875,56905200
2009-06-02,2807.199951171875,2807.199951171875,2764.169921875,2764.169921875,62251800
2009-06-03,2840.6298828125,2840.6298828125,2800.080078125,2807.199951171875,46753400
2009-06-04,2815.7099609375,2841.429931640625,2815.7099609375,2840.6298828125,64247400
2009-06-05,2834.510009765625,2843.75,2815.7099609375,2815.7099609375,42775400
2009-06-08,2816.6201171875,2835.409912109375,2814.18994140625,2834.510009765625,23238000
2009-06-09,2822.39990234375,2822.39990234375,2810.719970703125,2816.6201171875,26702400
2009-06-10,2827.969970703125,2831.06005859375,2814.760009765625,2822.39990234375,30950400
2009-06-11,2796.5400390625,2827.969970703125,2796.5400390625,2827.969970703125,29184000
2009-06-12,2809.820068359375,2809.820068359375,2794.260009765625,2796.5400390625,39952800
2009-06-15,2825.159912109375,2826.7099609375,2809.530029296875,2809.820068359375,26463600
2009-06-16,2786.14990234375,2825.159912109375,2784.8798828125,2825.159912109375,26134800
2009-06-17,2778.0400390625,2786.14990234375,2768.360107421875,2786.14990234375,28616800
2009-06-18,2798.239990234375,2800.860107421875,2778.0400390625,2778.0400390625,38480800
2009-06-19,2784.27001953125,2803.010009765625,2784.27001953125,2798.239990234375,49770000
2009-06-22,2794.909912109375,2809.340087890625,2784.27001953125,2784.27001953125,31402000
2009-06-23,2762.010009765625,2794.909912109375,2757.050048828125,2794.909912109375,24555400
2009-06-24,2739.81005859375,2762.010009765625,2736.2900390625,2762.010009765625,24066400
2009-06-25,2770.659912109375,2770.659912109375,2739.81005859375,2739.81005859375,28497600
2009-06-26,2770.6201171875,2788.0400390625,2759.409912109375,2770.659912109375,34145200
2009-06-29,2775.1201171875,2785.080078125,2765.840087890625,2770.6201171875,31635200
2009-06-30,2796.110107421875,2796.35009765625,2770.030029296875,2775.1201171875,50518400
2009-07-01,2780.3701171875,2796.110107421875,2777.010009765625,2796.110107421875,23313000
2009-07-02,2768.18994140625,2806.5,2767.550048828125,2780.3701171875,34410400
2009-07-03,2761.5,2769.1201171875,2750.56005859375,2768.18994140625,34904200
2009-07-06,2742.969970703125,2763.889892578125,2741.919921875,2761.5,19106000
2009-07-07,2746.239990234375,2748.260009765625,2741.530029296875,2742.969970703125,23946400
2009-07-08,2750.60009765625,2750.60009765625,2723.77001953125,2746.239990234375,37383000
2009-07-09,2741.679931640625,2750.60009765625,2727.889892578125,2750.60009765625,32609200
2009-07-10,2738.280029296875,2754.2099609375,2732.72998046875,2741.679931640625,18970200
2009-07-13,2736.889892578125,2743.679931640625,2734.419921875,2738.280029296875,19676600
2009-07-14,2748.5,2749.64990234375,2736.889892578125,2736.889892578125,23384400
2009-07-15,2764.080078125,2764.080078125,2743.239990234375,2748.5,27390600
2009-07-16,2801.510009765625,2802.89990234375,2764.080078125,2764.080078125,35552400
2009-07-17,2808.219970703125,2810.590087890625,2794.530029296875,2801.510009765625,36395600
2009-07-20,2820.909912109375,2820.909912109375,2808.219970703125,2808.219970703125,20773000
2009-07-21,2873.18994140625,2873.18994140625,2820.909912109375,2820.909912109375,37247800
2009-07-22,2900.43994140625,2905.0,2873.18994140625,2873.18994140625,40876400
2009-07-23,2918.6298828125,2920.050048828125,2897.159912109375,2900.43994140625,39072600
2009-07-24,2961.169921875,2973.760009765625,2918.6298828125,2918.6298828125,56055800
2009-07-27,2998.010009765625,2999.6298828125,2961.169921875,2961.169921875,30764000
2009-07-28,3018.469970703125,3018.469970703125,2998.010009765625,2998.010009765625,30753200
2009-07-29,2990.469970703125,3018.469970703125,2990.050048828125,3018.469970703125,27674400
2009-07-30,2994.0,2998.0,2978.340087890625,2990.469970703125,31009200
2009-07-31,3016.199951171875,3043.5400390625,2994.0,2994.0,46402800
2009-08-03,3047.85009765625,3047.85009765625,3015.330078125,3016.199951171875,23986600
2009-08-04,3092.800048828125,3108.64990234375,3047.85009765625,3047.85009765625,45851000
2009-08-05,3084.070068359375,3113.080078125,3084.070068359375,3092.800048828125,38876200
2009-08-06,3056.14990234375,3084.070068359375,3055.97998046875,3084.070068359375,27122800
2009-08-07,3069.0,3069.0,3055.6298828125,3056.14990234375,22932800
2009-08-10,3080.969970703125,3089.550048828125,3069.0,3069.0,23824400
2009-08-11,3055.469970703125,3080.969970703125,3055.02001953125,3080.969970703125,29162600
2009-08-12,3079.68994140625,3080.610107421875,3049.580078125,3055.469970703125,29154800
2009-08-13,3128.85009765625,3129.239990234375,3079.68994140625,3079.68994140625,51057800
2009-08-14,3151.260009765625,3156.47998046875,3121.72998046875,3128.85009765625,44547200
2009-08-17,3086.080078125,3151.260009765625,3085.97998046875,3151.260009765625,25369000
2009-08-18,3071.580078125,3086.080078125,3030.77001953125,3086.080078125,36293800
2009-08-19,3081.050048828125,3100.830078125,3071.580078125,3071.580078125,216627400
2009-08-20,3053.110107421875,3091.949951171875,3051.8798828125,3081.050048828125,33281400
2009-08-21,3034.949951171875,3066.239990234375,3027.449951171875,3053.110107421875,37221200
2009-08-24,3067.669921875,3070.639892578125,3034.949951171875,3034.949951171875,36739000
2009-08-25,3080.5,3081.550048828125,3059.830078125,3067.669921875,22350800
2009-08-26,3090.89990234375,3097.320068359375,3080.5,3080.5,24888200
2009-08-27,3076.419921875,3097.5,3076.419921875,3090.89990234375,33957000
2009-08-28,3109.340087890625,3109.340087890625,3076.419921875,3076.419921875,30036000
2009-08-31,3098.0,3126.47998046875,3094.1298828125,3109.340087890625,34835600
2009-09-01,3084.679931640625,3098.0,3058.830078125,3098.0,82142600
2009-09-02,3074.64990234375,3084.679931640625,3052.0,3084.679931640625,32160200
2009-09-03,3091.570068359375,3096.2900390625,3074.64990234375,3074.64990234375,40048200
2009-09-04,3098.320068359375,3111.280029296875,3091.570068359375,3091.570068359375,32671200
2009-09-07,3122.68994140625,3123.050048828125,3098.320068359375,3098.320068359375,23622800
2009-09-08,3121.550048828125,3139.010009765625,3117.89990234375,3122.68994140625,28924000
2009-09-09,3116.409912109375,3135.3701171875,3115.340087890625,3121.550048828125,33524800
2009-09-10,3126.679931640625,3127.780029296875,3116.409912109375,3116.409912109375,40066800
2009-09-11,3137.179931640625,3143.7099609375,3126.679931640625,3126.679931640625,23706000
2009-09-14,3128.669921875,3150.6201171875,3128.669921875,3137.179931640625,17867000
2009-09-15,3099.6298828125,3128.669921875,3099.6298828125,3128.669921875,23949600
2009-09-16,3117.580078125,3119.969970703125,3097.219970703125,3099.6298828125,45213600
2009-09-17,3152.800048828125,3154.110107421875,3117.580078125,3117.580078125,42735000
2009-09-18,3156.4599609375,3157.760009765625,3141.409912109375,3152.800048828125,50497800
2009-09-21,3155.64990234375,3175.8701171875,3153.35009765625,3156.4599609375,31736000
2009-09-22,3142.860107421875,3155.64990234375,3134.85009765625,3155.64990234375,27004800
2009-09-23,3147.909912109375,3154.419921875,3140.300048828125,3140.300048828125,34979600
2009-09-24,3130.419921875,3149.610107421875,3130.419921875,3147.909912109375,36944000
2009-09-25,3111.25,3130.35009765625,3111.25,3130.35009765625,60513600
2009-09-28,3131.179931640625,3131.179931640625,3110.0,3111.25,29052000
2009-09-29,3155.389892578125,3158.60009765625,3131.179931640625,3131.179931640625,31655600
2009-09-30,3161.06005859375,3168.739990234375,3143.580078125,3155.389892578125,39548800
2009-10-01,3183.860107421875,3186.0400390625,3159.760009765625,3161.06005859375,25272200
2009-10-02,3148.860107421875,3183.860107421875,3148.860107421875,3183.860107421875,27672800
2009-10-05,3138.719970703125,3148.860107421875,3130.889892578125,3148.860107421875,17068200
2009-10-06,3151.550048828125,3157.159912109375,3138.719970703125,3138.719970703125,34230000
2009-10-07,3141.18994140625,3169.429931640625,3132.139892578125,3151.550048828125,29361200
2009-10-08,3168.93994140625,3168.93994140625,3141.18994140625,3141.18994140625,40186600
2009-10-09,3163.25,3178.639892578125,3162.0400390625,3168.93994140625,30624200
2009-10-12,3178.8798828125,3186.860107421875,3163.25,3163.25,23595200
2009-10-13,3169.4599609375,3181.669921875,3167.429931640625,3178.8798828125,32893400
2009-10-14,3186.47998046875,3189.81005859375,3163.68994140625,3169.4599609375,35347000
2009-10-15,3191.2900390625,3205.679931640625,3186.330078125,3186.47998046875,35443600
2009-10-16,3207.199951171875,3214.35009765625,3191.2900390625,3191.2900390625,39825400
2009-10-19,3220.919921875,3221.889892578125,3201.280029296875,3207.199951171875,20657200
2009-10-20,3252.56005859375,3257.5400390625,3220.429931640625,3220.919921875,28636200
2009-10-21,3218.219970703125,3252.56005859375,3218.219970703125,3252.56005859375,24226000
2009-10-22,3201.699951171875,3218.219970703125,3189.199951171875,3218.219970703125,27518000
2009-10-23,3214.929931640625,3215.360107421875,3199.25,3201.699951171875,30722200
2009-10-27,3192.469970703125,3214.929931640625,3178.639892578125,3214.929931640625,38098000
2009-10-28,3202.780029296875,3209.429931640625,3189.75,3192.469970703125,36359200
2009-10-29,3195.6201171875,3202.780029296875,3172.389892578125,3202.780029296875,32513200
2009-10-30,3215.6201171875,3231.239990234375,3195.6201171875,3195.6201171875,55632000
2009-11-02,3183.739990234375,3215.6201171875,3165.050048828125,3215.6201171875,21292600
2009-11-03,3158.989990234375,3190.330078125,3149.669921875,3183.739990234375,25259000
2009-11-04,3166.7099609375,3167.800048828125,3143.330078125,3158.989990234375,32750200
2009-11-05,3144.510009765625,3179.739990234375,3144.510009765625,3166.7099609375,23971200
2009-11-06,3160.159912109375,3177.800048828125,3144.510009765625,3144.510009765625,32593200
2009-11-09,3165.06005859375,3169.5400390625,3160.159912109375,3160.159912109375,40945000
2009-11-10,3167.409912109375,3175.840087890625,3152.199951171875,3165.06005859375,141458200
2009-11-11,3161.5400390625,3169.52001953125,3159.739990234375,3167.409912109375,27980800
2009-11-12,3172.080078125,3179.090087890625,3161.5400390625,3161.5400390625,30171600
2009-11-13,3158.139892578125,3173.050048828125,3152.669921875,3172.080078125,14509200
2009-11-16,3173.969970703125,3173.969970703125,3158.139892578125,3158.139892578125,36386200
2009-11-17,3131.510009765625,3190.2900390625,3131.510009765625,3173.969970703125,34661200
2009-11-18,3141.179931640625,3144.090087890625,3125.260009765625,3129.830078125,29550000
2009-11-19,3141.179931640625,3144.090087890625,3125.260009765625,3128.39990234375,19075000
2009-11-20,3113.6298828125,3141.179931640625,3111.219970703125,3141.179931640625,24698600
2009-11-23,3112.97998046875,3124.030029296875,3109.06005859375,3113.6298828125,19550200
2009-11-24,3107.610107421875,3141.260009765625,3107.610107421875,3112.97998046875,27527200
2009-11-25,3115.389892578125,3120.739990234375,3107.610107421875,3107.610107421875,30342200
2009-11-26,3127.31005859375,3127.590087890625,3113.6201171875,3115.389892578125,27263800
2009-11-27,3094.43994140625,3127.31005859375,3079.530029296875,3127.31005859375,38459200
2009-11-30,3125.52001953125,3133.14990234375,3087.02001953125,3094.43994140625,43001000
2009-12-01,3146.60009765625,3147.47998046875,3125.52001953125,3125.52001953125,34885200
2009-12-02,3149.449951171875,3161.97998046875,3146.60009765625,3146.60009765625,25356600
2009-12-03,3153.929931640625,3162.22998046875,3147.6298828125,3149.449951171875,46806200
2009-12-04,3146.4599609375,3161.3701171875,3135.719970703125,3153.929931640625,35260000
2009-12-07,3138.580078125,3158.18994140625,3134.3798828125,3146.4599609375,37248000
2009-12-08,3137.300048828125,3146.949951171875,3129.570068359375,3138.580078125,32687800
2009-12-09,3127.639892578125,3137.300048828125,3118.39990234375,3137.300048828125,34482000
2009-12-10,3132.280029296875,3135.9599609375,3119.5,3127.639892578125,30400200
2009-12-11,3127.97998046875,3141.25,3118.070068359375,3132.280029296875,32212200
2009-12-14,3098.800048828125,3131.159912109375,3090.889892578125,3127.97998046875,26192000
2009-12-15,3117.110107421875,3121.919921875,3098.800048828125,3098.800048828125,25843400
2009-12-16,3132.300048828125,3132.300048828125,3113.97998046875,3117.110107421875,22978800
2009-12-17,3122.919921875,3139.699951171875,3119.409912109375,3132.300048828125,24658200
2009-12-18,3154.22998046875,3154.31005859375,3118.6201171875,3122.919921875,35568800
2009-12-21,3149.800048828125,3155.5400390625,3144.89990234375,3154.22998046875,23045600
2009-12-22,3179.179931640625,3179.610107421875,3149.800048828125,3149.800048828125,15714200
2009-12-23,3209.56005859375,3211.39990234375,3178.27001953125,3179.179931640625,23053200
2009-12-24,3205.199951171875,3214.669921875,3205.070068359375,3209.56005859375,9162800
2009-12-29,3225.1298828125,3225.1298828125,3205.199951171875,3205.199951171875,8389000
2009-12-30,3220.909912109375,3230.9599609375,3213.719970703125,3225.1298828125,8928600
2009-12-31,3230.14990234375,3230.14990234375,3215.139892578125,3220.909912109375,13466400
2010-01-05,3268.18994140625,3271.2900390625,3230.14990234375,3230.14990234375,15713800
2010-01-06,3271.570068359375,3272.139892578125,3263.4599609375,3268.18994140625,17077000
2010-01-07,3284.81005859375,3286.610107421875,3270.81005859375,3271.570068359375,47356800
2010-01-08,3310.22998046875,3313.179931640625,3284.81005859375,3284.81005859375,19330800
2010-01-11,3303.75,3310.22998046875,3297.7900390625,3310.22998046875,28157000
2010-01-12,3290.2900390625,3303.75,3287.1298828125,3303.75,33996000
2010-01-13,3276.199951171875,3290.2900390625,3272.4599609375,3290.2900390625,21493200
2010-01-14,3278.330078125,3282.10009765625,3275.030029296875,3276.199951171875,22881600
2010-01-15,3257.949951171875,3282.3701171875,3257.949951171875,3278.330078125,18434000
2010-01-18,3247.10009765625,3257.949951171875,3244.669921875,3257.949951171875,14810400
2010-01-19,3227.590087890625,3247.5400390625,3227.590087890625,3247.10009765625,31014600
2010-01-20,3227.25,3239.0400390625,3227.25,3227.590087890625,41347600
2010-01-21,3225.2900390625,3231.320068359375,3203.0,3227.25,46942000
2010-01-22,3190.429931640625,3225.2900390625,3190.429931640625,3225.2900390625,41528800
2010-01-25,3188.659912109375,3190.429931640625,3175.090087890625,3190.429931640625,12822600
2010-01-26,3209.06005859375,3215.989990234375,3188.659912109375,3188.659912109375,13343800
2010-01-27,3193.570068359375,3216.340087890625,3187.550048828125,3209.06005859375,18161800
2010-01-28,3183.60009765625,3202.179931640625,3180.219970703125,3193.570068359375,29361000
2010-01-29,3164.64990234375,3183.60009765625,3153.6298828125,3183.60009765625,31399600
2010-02-01,3150.969970703125,3164.64990234375,3148.89990234375,3164.64990234375,11390800
2010-02-02,3147.3701171875,3171.050048828125,3147.3701171875,3150.969970703125,21317800
2010-02-03,3135.110107421875,3162.840087890625,3135.110107421875,3147.739990234375,33332000
2010-02-04,3148.93994140625,3148.93994140625,3133.580078125,3135.110107421875,27354200
2010-02-05,3104.989990234375,3148.93994140625,3088.8701171875,3148.93994140625,34651800
2010-02-08,3093.449951171875,3112.52001953125,3090.610107421875,3104.989990234375,23245200
2010-02-09,3076.449951171875,3093.449951171875,3068.550048828125,3093.449951171875,22769800
2010-02-10,3085.510009765625,3101.1298828125,3076.449951171875,3076.449951171875,46849600
2010-02-11,3065.280029296875,3093.02001953125,3063.97998046875,3085.510009765625,21243200
2010-02-12,3080.469970703125,3082.89990234375,3065.280029296875,3065.280029296875,28903200
2010-02-15,3059.530029296875,3080.469970703125,3059.530029296875,3080.469970703125,15461000
2010-02-16,3087.610107421875,3087.610107421875,3059.530029296875,3059.530029296875,21654000
2010-02-17,3111.06005859375,3114.280029296875,3087.610107421875,3087.610107421875,45728000
2010-02-18,3101.77001953125,3115.43994140625,3098.9599609375,3111.06005859375,36156000
2010-02-19,3107.090087890625,3107.580078125,3081.669921875,3101.77001953125,30366400
2010-02-22,3129.75,3129.75,3107.090087890625,3107.090087890625,47615400
2010-02-23,3126.3701171875,3135.3798828125,3119.18994140625,3129.75,23982000
2010-02-24,3130.8798828125,3131.60009765625,3110.52001953125,3126.3701171875,47104200
2010-02-25,3151.68994140625,3152.8701171875,3130.8798828125,3130.8798828125,39018600
2010-02-26,3156.10009765625,3156.10009765625,3138.1201171875,3151.68994140625,31568800
2010-03-01,3164.14990234375,3171.3798828125,3156.10009765625,3156.10009765625,23826600
2010-03-02,3183.239990234375,3185.610107421875,3164.14990234375,3164.14990234375,27554800
2010-03-03,3198.52001953125,3204.760009765625,3183.06005859375,3183.239990234375,26707200
2010-03-04,3213.56005859375,3213.56005859375,3192.219970703125,3198.52001953125,26788200
2010-03-05,3214.639892578125,3220.139892578125,3207.949951171875,3213.56005859375,25002000
2010-03-08,3222.81005859375,3225.570068359375,3212.2099609375,3214.639892578125,20650400
2010-03-09,3213.2099609375,3224.75,3206.760009765625,3222.81005859375,30859800
2010-03-10,3226.18994140625,3226.18994140625,3211.989990234375,3213.2099609375,25118200
2010-03-11,3223.449951171875,3233.2900390625,3221.14990234375,3226.18994140625,39885400
2010-03-12,3225.139892578125,3232.110107421875,3218.840087890625,3223.449951171875,25589600
2010-03-15,3231.14990234375,3241.449951171875,3222.9599609375,3225.139892578125,25090000
2010-03-16,3207.800048828125,3235.7900390625,3207.800048828125,3231.14990234375,26563000
2010-03-17,3200.9599609375,3214.35009765625,3196.14990234375,3207.800048828125,33241400
2010-03-18,3220.68994140625,3228.030029296875,3200.9599609375,3200.9599609375,31621000
2010-03-19,3230.39990234375,3232.7099609375,3209.39990234375,3220.68994140625,34049800
2010-03-22,3233.300048828125,3236.360107421875,3223.25,3230.39990234375,18677800
2010-03-23,3228.3701171875,3241.199951171875,3228.3701171875,3233.300048828125,28733600
2010-03-24,3232.719970703125,3239.8798828125,3222.280029296875,3228.3701171875,22593400
2010-03-25,3237.550048828125,3237.550048828125,3228.81005859375,3232.719970703125,24601600
2010-03-26,3240.47998046875,3246.85009765625,3230.89990234375,3237.550048828125,45793200
2010-03-29,3251.10009765625,3253.2900390625,3238.989990234375,3240.47998046875,34380800
2010-03-30,3249.64990234375,3267.9599609375,3248.3701171875,3251.10009765625,27761600
2010-03-31,3267.989990234375,3267.989990234375,3244.330078125,3249.64990234375,37336200
2010-04-01,3276.22998046875,3276.580078125,3262.43994140625,3267.989990234375,24743200
2010-04-06,3308.909912109375,3310.800048828125,3276.22998046875,3276.22998046875,36840000
2010-04-07,3325.080078125,3327.159912109375,3308.909912109375,3308.909912109375,53566800
2010-04-08,3307.760009765625,3325.080078125,3306.570068359375,3325.080078125,26742400
2010-04-09,3310.25,3316.800048828125,3306.52001953125,3311.31005859375,42874400
2010-04-12,3314.139892578125,3321.639892578125,3310.050048828125,3310.25,23596200
2010-04-13,3309.929931640625,3319.030029296875,3306.360107421875,3314.139892578125,46660000
2010-04-14,3335.510009765625,3335.510009765625,3309.929931640625,3309.929931640625,27594400
2010-04-15,3321.1201171875,3348.719970703125,3321.1201171875,3335.510009765625,28205800
2010-04-16,3311.31005859375,3327.25,3311.31005859375,3321.1201171875,26750600
2010-04-19,3282.199951171875,3311.31005859375,3279.52001953125,3311.31005859375,25071400
2010-04-20,3293.110107421875,3303.070068359375,3282.199951171875,3282.199951171875,22071200
2010-04-21,3304.969970703125,3306.159912109375,3293.110107421875,3293.110107421875,82560400
2010-04-22,3287.4599609375,3305.989990234375,3287.4599609375,3304.969970703125,34851400
2010-04-23,3301.659912109375,3304.919921875,3287.4599609375,3287.4599609375,25220600
2010-04-26,3306.25,3316.22998046875,3301.659912109375,3301.659912109375,17173200
2010-04-27,3291.909912109375,3306.25,3289.590087890625,3306.25,33074400
2010-04-28,3280.56005859375,3291.909912109375,3267.199951171875,3291.909912109375,34725600
2010-04-29,3282.27001953125,3284.179931640625,3276.800048828125,3280.56005859375,29084800
2010-04-30,3286.1298828125,3293.97998046875,3282.27001953125,3282.27001953125,41511800
2010-05-03,3280.35009765625,3286.1298828125,3271.14990234375,3286.1298828125,25489600
2010-05-04,3298.02001953125,3298.02001953125,3280.35009765625,3280.35009765625,23249000
2010-05-05,3248.820068359375,3298.02001953125,3245.449951171875,3298.02001953125,29983600
2010-05-06,3217.919921875,3248.820068359375,3211.139892578125,3248.820068359375,31521200
2010-05-07,3158.85009765625,3217.919921875,3152.320068359375,3217.919921875,44120200
2010-05-10,3170.6201171875,3178.39990234375,3146.27001953125,3158.85009765625,38780000
2010-05-11,3167.02001953125,3209.070068359375,3167.02001953125,3170.6201171875,150926700
2010-05-12,3156.080078125,3174.9599609375,3154.580078125,3167.02001953125,38752800
2010-05-13,3195.800048828125,3195.800048828125,3156.080078125,3156.080078125,44438400
2010-05-14,3191.010009765625,3196.469970703125,3187.4599609375,3195.800048828125,29656800
2010-05-17,3170.739990234375,3193.10009765625,3162.989990234375,3191.010009765625,44732400
2010-05-18,3151.679931640625,3186.590087890625,3151.679931640625,3170.739990234375,55109800
2010-05-19,3121.8798828125,3151.679931640625,3111.580078125,3151.679931640625,44241000
2010-05-20,3111.419921875,3124.419921875,3111.419921875,3121.8798828125,37692000
2010-05-21,3050.080078125,3111.419921875,3031.489990234375,3111.419921875,51809200
2010-05-24,3061.219970703125,3081.39990234375,3050.080078125,3050.080078125,27081400
2010-05-26,3011.18994140625,3028.969970703125,3003.830078125,3003.830078125,64842000
2010-05-27,3034.830078125,3034.830078125,2989.43994140625,3011.18994140625,34127200
2010-05-28,3047.75,3074.7900390625,3034.830078125,3034.830078125,37092600
2010-05-31,3061.22998046875,3062.679931640625,3047.75,3047.75,26839400
2010-06-01,3054.760009765625,3071.989990234375,3050.719970703125,3061.22998046875,20519400
2010-06-02,3018.889892578125,3054.760009765625,3018.889892578125,3054.760009765625,33005800
2010-06-03,3024.10009765625,3046.60009765625,3018.889892578125,3018.889892578125,27664200
2010-06-04,3030.139892578125,3034.14990234375,3023.85009765625,3024.10009765625,22632400
2010-06-08,2988.97998046875,3030.139892578125,2968.97998046875,3030.139892578125,29891200
2010-06-09,3000.110107421875,3014.31005859375,2988.97998046875,2988.97998046875,25016200
2010-06-10,3002.330078125,3032.969970703125,3000.110107421875,3000.110107421875,31404400
2010-06-11,3041.260009765625,3041.260009765625,3002.330078125,3002.330078125,27481800
2010-06-14,3042.669921875,3043.3701171875,3026.7099609375,3041.260009765625,25090000
2010-06-15,3043.89990234375,3053.449951171875,3042.3798828125,3042.669921875,26368600
2010-06-16,3066.580078125,3084.89990234375,3061.0,3061.0,29406000
2010-06-17,3045.719970703125,3066.580078125,3045.719970703125,3066.580078125,31204000
2010-06-18,3047.5,3054.1298828125,3044.610107421875,3045.02001953125,33469800
2010-06-21,3068.25,3071.389892578125,3047.5,3047.5,30719800
2010-06-22,3054.18994140625,3068.25,3049.56005859375,3068.25,72374000
2010-06-23,3054.2900390625,3055.1298828125,3044.1298828125,3054.18994140625,40151800
2010-06-24,3049.469970703125,3057.3701171875,3047.340087890625,3054.2900390625,25584000
2010-06-25,3034.110107421875,3049.469970703125,3024.679931640625,3049.469970703125,30879800
2010-06-28,3008.409912109375,3037.510009765625,3006.6201171875,3034.110107421875,32658200
2010-06-29,2991.070068359375,3008.409912109375,2989.219970703125,3008.409912109375,34285200
2010-06-30,2972.090087890625,2991.070068359375,2953.389892578125,2991.070068359375,26611400
2010-07-01,2933.820068359375,2972.090087890625,2932.320068359375,2972.090087890625,18741000
2010-07-02,2938.110107421875,2941.75,2929.090087890625,2933.820068359375,23353000
2010-07-05,2947.340087890625,2950.10009765625,2938.110107421875,2938.110107421875,17154000
2010-07-06,2952.39990234375,2952.39990234375,2931.780029296875,2947.340087890625,20933800
2010-07-08,2983.929931640625,2990.330078125,2961.739990234375,2961.739990234375,20667200
2010-07-09,3005.25,3005.25,2983.929931640625,2983.929931640625,24395400
2010-07-12,3012.030029296875,3016.2900390625,3003.300048828125,3005.25,16221800
2010-07-13,3008.89990234375,3014.469970703125,3002.360107421875,3012.030029296875,34115800
2010-07-14,3027.43994140625,3030.389892578125,3008.89990234375,3008.89990234375,27377600
2010-07-15,3002.320068359375,3027.43994140625,3002.320068359375,3027.43994140625,24232800
2010-07-16,2985.760009765625,3003.64990234375,2985.760009765625,3002.320068359375,24757800
2010-07-19,2964.60009765625,2985.760009765625,2963.35009765625,2985.760009765625,19256400
2010-07-20,2995.3701171875,2995.3701171875,2963.639892578125,2964.60009765625,33622400
2010-07-21,3003.409912109375,3010.340087890625,2995.3701171875,2995.3701171875,29398800
2010-07-22,2981.360107421875,3003.409912109375,2981.280029296875,3003.409912109375,22152400
2010-07-23,2994.89990234375,3000.169921875,2981.360107421875,2981.360107421875,26788600
2010-07-26,3021.18994140625,3021.18994140625,2994.89990234375,2994.89990234375,16559600
2010-07-27,3008.429931640625,3024.2900390625,3007.93994140625,3021.18994140625,22628400
2010-07-28,3022.179931640625,3032.280029296875,3008.429931640625,3008.429931640625,22863200
2010-07-29,3033.02001953125,3033.02001953125,3009.93994140625,3022.179931640625,25307600
2010-07-30,3034.6201171875,3047.31005859375,3033.02001953125,3033.02001953125,21217400
2010-08-02,3044.169921875,3045.4599609375,3034.6201171875,3034.6201171875,17621000
2010-08-03,3050.389892578125,3069.330078125,3044.169921875,3044.169921875,30036400
2010-08-04,3038.1298828125,3053.22998046875,3037.0400390625,3050.389892578125,44494000
2010-08-05,3044.669921875,3044.669921875,3033.10009765625,3038.1298828125,26660000
2010-08-06,3044.6298828125,3049.679931640625,3039.1298828125,3044.669921875,20567400
2010-08-09,3054.5,3054.5,3044.14990234375,3044.6298828125,22758800
2010-08-10,3045.110107421875,3067.7099609375,3045.110107421875,3054.5,30601600
2010-08-11,3036.010009765625,3047.27001953125,3035.52001953125,3045.110107421875,24808200
2010-08-12,3006.909912109375,3036.010009765625,2992.409912109375,3036.010009765625,27476600
2010-08-13,3015.1298828125,3016.159912109375,3005.699951171875,3006.909912109375,23859200
2010-08-16,3023.530029296875,3023.530029296875,3007.8701171875,3015.1298828125,18067800
2010-08-17,3006.550048828125,3024.659912109375,3003.7900390625,3023.530029296875,25586000
2010-08-18,3018.179931640625,3023.81005859375,3006.550048828125,3006.550048828125,29339400
2010-08-19,3029.7900390625,3030.72998046875,3015.590087890625,3018.179931640625,20666600
2010-08-20,3000.39990234375,3029.7900390625,2995.330078125,3029.7900390625,39596000
2010-08-23,3016.780029296875,3016.780029296875,2987.4599609375,3000.39990234375,26618400
2010-08-24,3024.639892578125,3025.300048828125,3010.31005859375,3016.780029296875,29712800
2010-08-25,3006.050048828125,3024.639892578125,3006.050048828125,3024.639892578125,27695600
2010-08-26,3018.25,3031.389892578125,3006.050048828125,3006.050048828125,33882400
2010-08-27,3007.43994140625,3019.64990234375,3007.43994140625,3018.25,37759600
2010-08-30,3036.81005859375,3043.360107421875,3007.43994140625,3007.43994140625,40572600
2010-08-31,3036.10009765625,3036.81005859375,3021.0400390625,3036.81005859375,46447800
2010-09-01,3077.10009765625,3077.10009765625,3034.0,3036.10009765625,27609000
2010-09-02,3082.47998046875,3112.360107421875,3077.10009765625,3077.10009765625,29300100
2010-09-03,3107.429931640625,3107.429931640625,3082.47998046875,3082.47998046875,37439800
2010-09-06,3143.139892578125,3144.60009765625,3104.409912109375,3107.429931640625,40789800
2010-09-07,3174.139892578125,3176.739990234375,3142.989990234375,3143.139892578125,36076800
2010-09-08,3161.179931640625,3174.139892578125,3154.25,3174.139892578125,30359800
2010-09-09,3151.77001953125,3166.75,3142.030029296875,3161.179931640625,32954800
2010-09-10,3161.0,3163.9599609375,3142.110107421875,3151.77001953125,26481400
2010-09-13,3178.469970703125,3179.080078125,3158.43994140625,3161.0,31700200
2010-09-14,3197.52001953125,3201.659912109375,3177.989990234375,3178.469970703125,28781600
2010-09-15,3195.280029296875,3205.860107421875,3193.489990234375,3197.52001953125,27004600
2010-09-16,3195.6298828125,3211.429931640625,3195.280029296875,3195.280029296875,35102800
2010-09-17,3212.260009765625,3213.919921875,3187.679931640625,3195.6298828125,59707200
2010-09-20,3216.93994140625,3216.93994140625,3199.679931640625,3212.260009765625,27820600
2010-09-21,3236.760009765625,3252.679931640625,3216.93994140625,3216.93994140625,54936400
2010-09-22,3236.360107421875,3237.239990234375,3224.860107421875,3236.760009765625,34918600
2010-09-23,3228.030029296875,3237.330078125,3227.780029296875,3236.360107421875,30031400
2010-09-24,3211.159912109375,3228.510009765625,3206.489990234375,3228.030029296875,38436000
2010-09-27,3239.139892578125,3242.7099609375,3211.159912109375,3211.159912109375,29522800
2010-09-28,3230.22998046875,3241.179931640625,3230.22998046875,3239.139892578125,35733200
2010-09-29,3226.8798828125,3240.159912109375,3225.919921875,3230.22998046875,27953800
2010-09-30,3178.090087890625,3227.110107421875,3176.169921875,3226.8798828125,44777000
2010-10-01,3212.93994140625,3213.64990234375,3178.090087890625,3178.090087890625,21229600
2010-10-04,3228.919921875,3233.6298828125,3212.93994140625,3212.93994140625,17168800
2010-10-05,3218.320068359375,3229.320068359375,3210.510009765625,3228.919921875,22393400
2010-10-06,3235.0400390625,3244.60009765625,3218.320068359375,3218.320068359375,25900800
2010-10-07,3236.080078125,3241.530029296875,3213.989990234375,3235.0400390625,32435600
2010-10-08,3232.659912109375,3236.25,3226.090087890625,3236.080078125,24778800
2010-10-11,3234.889892578125,3238.530029296875,3232.340087890625,3232.659912109375,26974000
2010-10-12,3230.830078125,3244.449951171875,3230.739990234375,3234.889892578125,40719200
2010-10-13,3231.820068359375,3250.47998046875,3230.830078125,3230.830078125,26631800
2010-10-14,3262.60009765625,3263.909912109375,3231.820068359375,3231.820068359375,42660400
2010-10-15,3255.85009765625,3269.5,3255.85009765625,3262.60009765625,35310000
2010-10-18,3262.35009765625,3266.5400390625,3255.85009765625,3255.85009765625,27449800
2010-10-19,3257.93994140625,3266.830078125,3257.469970703125,3262.35009765625,23732000
2010-10-20,3243.010009765625,3257.93994140625,3233.919921875,3257.93994140625,25613000
2010-10-21,3264.919921875,3265.330078125,3243.010009765625,3243.010009765625,36696400
2010-10-22,3289.75,3290.030029296875,3264.919921875,3264.919921875,43271600
2010-10-26,3285.43994140625,3306.449951171875,3283.699951171875,3289.75,46336600
2010-10-27,3280.340087890625,3302.489990234375,3279.47998046875,3285.43994140625,41805400
2010-10-28,3290.0,3292.35009765625,3279.3798828125,3280.340087890625,35821000
2010-10-29,3304.889892578125,3309.6201171875,3289.81005859375,3290.0,36425800
2010-11-01,3299.72998046875,3313.31005859375,3299.72998046875,3304.889892578125,24671000
2010-11-02,3324.760009765625,3327.419921875,3299.72998046875,3299.72998046875,35589500
2010-11-03,3333.070068359375,3335.0,3320.2099609375,3324.760009765625,43918000
2010-11-04,3326.25,3336.949951171875,3323.909912109375,3333.070068359375,35247800
2010-11-05,3319.159912109375,3342.56005859375,3317.449951171875,3326.25,36370200
2010-11-08,3316.39990234375,3324.070068359375,3309.330078125,3319.159912109375,32131800
2010-11-09,3321.77001953125,3322.39990234375,3313.580078125,3316.39990234375,56617600
2010-11-10,3333.489990234375,3344.110107421875,3314.989990234375,3321.77001953125,56305600
2010-11-11,3331.5,3338.469970703125,3329.159912109375,3333.489990234375,48910000
2010-11-12,3310.580078125,3334.050048828125,3309.300048828125,3331.5,26266600
2010-11-15,3328.22998046875,3328.550048828125,3303.68994140625,3310.580078125,26268800
2010-11-16,3315.06005859375,3331.070068359375,3311.31005859375,3328.22998046875,48513800
2010-11-17,3289.31005859375,3315.06005859375,3283.18994140625,3315.06005859375,30548000
2010-11-18,3280.4599609375,3299.169921875,3279.14990234375,3289.31005859375,29153600
2010-11-19,3268.14990234375,3308.580078125,3268.14990234375,3280.4599609375,32250800
2010-11-22,3296.6298828125,3297.97998046875,3268.14990234375,3268.14990234375,23245600
2010-11-23,3258.77001953125,3296.6298828125,3258.77001953125,3296.6298828125,44674000
2010-11-24,3269.219970703125,3270.5,3246.639892578125,3258.77001953125,38714800
2010-11-25,3264.669921875,3274.43994140625,3262.0400390625,3269.219970703125,30306200
2010-11-26,3264.25,3268.570068359375,3258.489990234375,3261.070068359375,23267600
2010-11-29,3270.3798828125,3270.3798828125,3249.64990234375,3264.25,27797200
2010-11-30,3264.5,3270.3798828125,3252.580078125,3270.3798828125,32390800
2010-12-01,3265.10009765625,3265.64990234375,3253.2900390625,3264.5,28096200
2010-12-02,3285.489990234375,3285.489990234375,3265.10009765625,3265.10009765625,27703400
2010-12-03,3283.300048828125,3302.85009765625,3283.300048828125,3285.489990234375,32684200
2010-12-06,3293.179931640625,3303.280029296875,3279.469970703125,3283.300048828125,28537000
2010-12-07,3281.860107421875,3294.52001953125,3281.64990234375,3293.179931640625,42129400
2010-12-08,3294.340087890625,3299.43994140625,3281.860107421875,3281.860107421875,39585200
2010-12-09,3280.56005859375,3299.469970703125,3277.699951171875,3294.340087890625,77563800
2010-12-10,3272.919921875,3287.31005859375,3271.7099609375,3280.56005859375,117594000
2010-12-13,3291.2900390625,3298.0,3272.919921875,3272.919921875,35358800
2010-12-14,3288.9599609375,3298.909912109375,3286.419921875,3291.2900390625,33627200
2010-12-15,3297.919921875,3299.159912109375,3283.97998046875,3288.9599609375,34429200
2010-12-16,3293.780029296875,3300.5,3284.530029296875,3297.919921875,37181400
2010-12-17,3325.110107421875,3326.280029296875,3293.780029296875,3293.780029296875,65642400
2010-12-20,3299.9599609375,3310.14990234375,3297.85009765625,3307.280029296875,26391900
2010-12-21,3319.10009765625,3322.47998046875,3298.830078125,3299.9599609375,31206200
2010-12-22,3322.3798828125,3331.75,3317.570068359375,3319.10009765625,23048600
2010-12-23,3333.760009765625,3334.919921875,3317.81005859375,3322.3798828125,27094800
2010-12-24,3329.2099609375,3338.8701171875,3325.0400390625,3333.760009765625,22695000
2010-12-29,3325.6201171875,3329.2099609375,3317.39990234375,3329.2099609375,8355800
2010-12-30,3334.27001953125,3334.340087890625,3319.7900390625,3325.6201171875,9556000
2010-12-31,3309.030029296875,3334.5,3308.679931640625,3334.27001953125,8455000
2011-01-04,3309.030029296875,3309.030029296875,3309.030029296875,3309.030029296875,8455000
2011-01-05,3324.989990234375,3341.2099609375,3309.030029296875,3309.030029296875,13494600
2011-01-06,3326.7099609375,3339.780029296875,3323.219970703125,3324.989990234375,11364200
2011-01-07,3317.93994140625,3329.800048828125,3317.93994140625,3326.7099609375,12485600
2011-01-10,3324.070068359375,3324.070068359375,3309.159912109375,3317.93994140625,12181800
2011-01-11,3329.760009765625,3330.179931640625,3317.659912109375,3324.070068359375,18575800
2011-01-12,3334.580078125,3338.8701171875,3327.639892578125,3329.760009765625,28269400
2011-01-13,3373.7099609375,3376.780029296875,3334.580078125,3334.580078125,22117000
2011-01-14,3369.889892578125,3375.340087890625,3359.77001953125,3373.7099609375,16390400
2011-01-17,3354.300048828125,3377.010009765625,3351.949951171875,3369.889892578125,15126600
2011-01-18,3343.739990234375,3359.6298828125,3342.219970703125,3354.300048828125,25310800
2011-01-19,3346.02001953125,3355.6298828125,3343.739990234375,3343.739990234375,23249600
2011-01-20,3339.2900390625,3346.27001953125,3336.1298828125,3346.02001953125,21988200
2011-01-21,3352.719970703125,3352.719970703125,3337.239990234375,3339.2900390625,45033200
2011-01-24,3352.659912109375,3363.02001953125,3350.8701171875,3352.719970703125,22312000
2011-01-25,3359.070068359375,3367.760009765625,3352.659912109375,3352.659912109375,26672600
2011-01-26,3354.719970703125,3360.4599609375,3353.2099609375,3359.070068359375,21127600
2011-01-27,3350.929931640625,3358.2900390625,3349.360107421875,3354.719970703125,15533200
2011-01-28,3352.639892578125,3354.85009765625,3343.510009765625,3350.929931640625,23559200
2011-01-31,3338.739990234375,3352.639892578125,3326.56005859375,3352.639892578125,25502800
2011-02-01,3348.4599609375,3350.080078125,3333.110107421875,3338.739990234375,28283600
2011-02-02,3352.300048828125,3372.260009765625,3348.4599609375,3348.4599609375,35276000
2011-02-03,3349.889892578125,3361.219970703125,3349.889892578125,3352.300048828125,34629400
2011-02-04,3367.820068359375,3371.5,3347.75,3349.889892578125,39664200
2011-02-07,3387.409912109375,3387.409912109375,3367.81005859375,3367.820068359375,38370000
2011-02-08,3383.169921875,3389.580078125,3379.929931640625,3387.409912109375,40105200
2011-02-09,3386.47998046875,3391.9599609375,3380.080078125,3383.169921875,38042000
2011-02-10,3365.8701171875,3387.320068359375,3362.090087890625,3386.47998046875,50790600
2011-02-11,3367.43994140625,3385.949951171875,3365.8701171875,3365.8701171875,72789600
2011-02-14,3383.469970703125,3385.419921875,3364.2099609375,3367.43994140625,33147600
2011-02-15,3390.090087890625,3390.22998046875,3379.56005859375,3383.469970703125,40415000
2011-02-16,3384.47998046875,3395.419921875,3376.7900390625,3390.090087890625,21119800
2011-02-17,3395.699951171875,3396.489990234375,3380.219970703125,3385.31005859375,31973600
2011-02-18,3412.739990234375,3413.429931640625,3391.9599609375,3395.699951171875,23071800
2011-02-21,3381.929931640625,3412.760009765625,3373.469970703125,3412.739990234375,49022400
2011-02-22,3358.7099609375,3381.929931640625,3348.72998046875,3381.929931640625,42168000
2011-02-23,3372.070068359375,3372.75,3344.60009765625,3358.7099609375,41927800
2011-02-24,3368.35009765625,3374.340087890625,3359.4599609375,3372.070068359375,34006400
2011-02-25,3363.909912109375,3369.7099609375,3351.22998046875,3368.35009765625,33524600
2011-02-28,3370.52001953125,3378.860107421875,3357.949951171875,3363.909912109375,35497200
2011-03-01,3384.389892578125,3388.27001953125,3369.3701171875,3370.52001953125,17299600
2011-03-02,3381.989990234375,3384.389892578125,3368.080078125,3384.389892578125,28233800
2011-03-03,3397.31005859375,3397.81005859375,3381.239990234375,3381.989990234375,32852000
2011-03-04,3418.110107421875,3427.1201171875,3397.31005859375,3397.31005859375,43871600
2011-03-07,3430.050048828125,3436.81005859375,3415.610107421875,3418.110107421875,49354200
2011-03-08,3421.169921875,3430.06005859375,3417.530029296875,3430.050048828125,35094200
2011-03-09,3414.419921875,3426.89990234375,3414.35009765625,3421.169921875,45231400
2011-03-10,3406.239990234375,3429.93994140625,3405.52001953125,3414.419921875,47572800
2011-03-11,3382.840087890625,3406.239990234375,3377.5,3406.239990234375,36141000
2011-03-14,3361.199951171875,3382.840087890625,3354.64990234375,3382.840087890625,45361000
2011-03-15,3314.139892578125,3365.31005859375,3314.139892578125,3361.199951171875,47939600
2011-03-16,3326.800048828125,3338.030029296875,3312.080078125,3314.139892578125,67674800
2011-03-17,3329.590087890625,3336.570068359375,3304.760009765625,3326.800048828125,41276200
2011-03-18,3339.510009765625,3360.320068359375,3329.590087890625,3329.590087890625,51249000
2011-03-21,3348.360107421875,3350.8701171875,3338.989990234375,3339.510009765625,64932000
2011-03-22,3365.22998046875,3369.969970703125,3348.360107421875,3348.360107421875,33284800
2011-03-23,3375.7900390625,3376.830078125,3361.889892578125,3365.22998046875,32223000
2011-03-24,3387.25,3389.330078125,3375.7900390625,3375.7900390625,35477800
2011-03-25,3388.610107421875,3396.85009765625,3387.14990234375,3387.25,30647800
2011-03-28,3408.050048828125,3408.7099609375,3388.610107421875,3388.610107421875,27035600
2011-03-29,3421.18994140625,3422.389892578125,3403.89990234375,3408.050048828125,30309400
2011-03-30,3433.159912109375,3437.3701171875,3420.989990234375,3421.18994140625,29708400
2011-03-31,3439.85009765625,3444.139892578125,3431.169921875,3433.159912109375,36407000
2011-04-01,3452.139892578125,3454.550048828125,3426.389892578125,3439.85009765625,40169200
2011-04-04,3459.510009765625,3460.239990234375,3447.550048828125,3452.139892578125,28449800
2011-04-05,3469.3798828125,3472.0,3459.510009765625,3459.510009765625,38822200
2011-04-06,3449.8798828125,3469.72998046875,3444.969970703125,3469.3798828125,41178200
2011-04-07,3450.360107421875,3456.570068359375,3445.35009765625,3449.8798828125,31080000
2011-04-08,3445.27001953125,3458.31005859375,3445.27001953125,3450.360107421875,28086000
2011-04-11,3461.320068359375,3461.320068359375,3445.18994140625,3445.27001953125,24452200
2011-04-12,3451.340087890625,3465.280029296875,3450.949951171875,3461.320068359375,32782000
2011-04-13,3457.6298828125,3457.6298828125,3436.5,3451.340087890625,27779200
2011-04-14,3454.47998046875,3465.219970703125,3454.47998046875,3457.6298828125,30948400
2011-04-15,3452.68994140625,3462.85009765625,3452.68994140625,3454.47998046875,28305400
2011-04-18,3465.169921875,3465.6201171875,3449.47998046875,3452.68994140625,23474400
2011-04-19,3439.97998046875,3465.169921875,3432.72998046875,3465.169921875,17938600
2011-04-20,3472.800048828125,3472.919921875,3439.97998046875,3439.97998046875,30361800
2011-04-21,3492.39990234375,3492.39990234375,3480.02001953125,3480.02001953125,29679400
2011-04-26,3486.47998046875,3496.22998046875,3485.0400390625,3492.39990234375,22067400
2011-04-27,3492.0400390625,3498.719970703125,3486.47998046875,3486.47998046875,27470400
2011-04-28,3503.760009765625,3510.02001953125,3490.239990234375,3492.0400390625,37407600
2011-04-29,3519.330078125,3519.93994140625,3501.199951171875,3503.760009765625,38181400
2011-05-02,3497.860107421875,3519.330078125,3497.3798828125,3519.330078125,21605200
2011-05-03,3495.110107421875,3504.8701171875,3488.47998046875,3497.860107421875,29807800
2011-05-04,3495.18994140625,3510.0,3491.639892578125,3495.110107421875,36776200
2011-05-05,3498.989990234375,3504.409912109375,3485.429931640625,3495.18994140625,26143200
2011-05-06,3506.35009765625,3508.699951171875,3484.969970703125,3498.989990234375,36262600
2011-05-09,3518.97998046875,3523.330078125,3503.070068359375,3506.35009765625,31826600
2011-05-10,3528.75,3529.89990234375,3517.97998046875,3518.97998046875,34330600
2011-05-11,3558.8701171875,3562.090087890625,3528.75,3528.75,44993800
2011-05-12,3540.31005859375,3558.8701171875,3540.31005859375,3558.8701171875,41699600
2011-05-13,3535.7900390625,3550.14990234375,3534.1298828125,3540.31005859375,51231000
2011-05-16,3543.8701171875,3543.8701171875,3533.75,3535.7900390625,55804200
2011-05-17,3558.050048828125,3559.080078125,3543.199951171875,3543.8701171875,46581600
2011-05-18,3559.550048828125,3567.030029296875,3553.7900390625,3558.050048828125,69333200
2011-05-19,3569.0,3571.81005859375,3556.469970703125,3559.550048828125,52515000
2011-05-20,3577.43994140625,3578.3798828125,3566.64990234375,3569.0,44383000
2011-05-23,3554.139892578125,3577.43994140625,3553.0,3577.43994140625,49659600
2011-05-24,3559.550048828125,3569.27001953125,3544.31005859375,3554.139892578125,50296000
2011-05-25,3554.360107421875,3584.4599609375,3554.360107421875,3559.550048828125,73859400
2011-05-26,3527.590087890625,3560.760009765625,3527.570068359375,3554.360107421875,62804800
2011-05-27,3527.9599609375,3536.050048828125,3523.2099609375,3527.590087890625,59182000
2011-05-30,3542.989990234375,3542.989990234375,3527.9599609375,3527.9599609375,44263200
2011-05-31,3547.639892578125,3552.0400390625,3536.159912109375,3542.989990234375,90830000
2011-06-01,3551.5400390625,3554.5,3534.8701171875,3547.639892578125,55465000
2011-06-02,3525.820068359375,3551.5400390625,3518.2099609375,3551.5400390625,45478400
2011-06-03,3514.760009765625,3530.179931640625,3514.02001953125,3525.820068359375,40238400
2011-06-07,3505.610107421875,3528.489990234375,3505.110107421875,3514.760009765625,33923400
2011-06-08,3525.389892578125,3532.39990234375,3504.47998046875,3505.610107421875,30080000
2011-06-09,3488.75,3525.389892578125,3488.75,3525.389892578125,36993800
2011-06-10,3490.6298828125,3504.409912109375,3487.860107421875,3488.75,37755600
2011-06-13,3476.679931640625,3490.6298828125,3474.030029296875,3490.6298828125,24554600
2011-06-14,3488.85009765625,3494.760009765625,3476.679931640625,3476.679931640625,39106400
2011-06-15,3506.3701171875,3520.219970703125,3488.85009765625,3488.85009765625,56983600
2011-06-16,3481.610107421875,3506.3701171875,3479.300048828125,3506.3701171875,30025600
2011-06-17,3469.590087890625,3485.81005859375,3468.909912109375,3481.610107421875,46156200
2011-06-20,3467.489990234375,3490.530029296875,3467.489990234375,3469.590087890625,35395600
2011-06-21,3459.56005859375,3473.72998046875,3457.080078125,3467.489990234375,33827800
2011-06-22,3457.4599609375,3479.800048828125,3457.4599609375,3459.56005859375,30853400
2011-06-23,3461.81005859375,3474.030029296875,3454.43994140625,3457.4599609375,44534200
2011-06-24,3455.60009765625,3469.7900390625,3453.77001953125,3461.81005859375,38286200
2011-06-27,3438.080078125,3456.39990234375,3437.860107421875,3455.60009765625,40698400
2011-06-28,3441.010009765625,3468.64990234375,3433.739990234375,3438.080078125,31671800
2011-06-29,3414.919921875,3457.52001953125,3414.919921875,3441.010009765625,29621400
2011-06-30,3448.35009765625,3449.330078125,3414.919921875,3414.919921875,32362600
2011-07-01,3475.0,3475.77001953125,3448.35009765625,3448.35009765625,34492000
2011-07-04,3478.489990234375,3491.580078125,3473.89990234375,3475.0,43386800
2011-07-05,3473.590087890625,3481.56005859375,3469.010009765625,3478.489990234375,39695600
2011-07-06,3460.830078125,3479.56005859375,3456.97998046875,3473.590087890625,37453400
2011-07-07,3460.56005859375,3462.14990234375,3445.969970703125,3460.830078125,36079800
2011-07-08,3456.139892578125,3465.610107421875,3456.139892578125,3460.56005859375,42958200
2011-07-11,3434.139892578125,3456.169921875,3429.969970703125,3456.139892578125,88992600
2011-07-12,3430.3798828125,3434.139892578125,3420.639892578125,3434.139892578125,59495600
2011-07-13,3424.35009765625,3430.3798828125,3411.8798828125,3430.3798828125,66067200
2011-07-14,3409.550048828125,3424.35009765625,3402.8701171875,3424.35009765625,51015200
2011-07-15,3406.3798828125,3420.409912109375,3404.030029296875,3409.550048828125,50853400
2011-07-18,3385.889892578125,3408.320068359375,3379.0,3406.3798828125,23515600
2011-07-19,3392.02001953125,3393.5,3369.6298828125,3385.889892578125,28351800
2011-07-20,3408.3701171875,3417.169921875,3392.02001953125,3392.02001953125,31784800
2011-07-21,3421.340087890625,3426.1298828125,3402.780029296875,3408.3701171875,35969200
2011-07-22,3449.219970703125,3449.5,3421.340087890625,3421.340087890625,37916000
2011-07-25,3428.14990234375,3453.949951171875,3426.570068359375,3449.219970703125,25659800
2011-07-26,3416.6201171875,3430.969970703125,3413.64990234375,3428.14990234375,31646600
2011-07-27,3412.35009765625,3416.719970703125,3399.969970703125,3416.6201171875,35198800
2011-07-28,3396.7900390625,3412.35009765625,3387.669921875,3412.35009765625,23032800
2011-07-29,3395.6298828125,3416.52001953125,3386.699951171875,3396.7900390625,40234200
2011-08-01,3413.830078125,3426.199951171875,3389.429931640625,3395.6298828125,29539000
2011-08-02,3397.0,3507.840087890625,3397.0,3413.830078125,30560000
2011-08-03,3369.820068359375,3397.0,3357.409912109375,3397.0,39841600
2011-08-04,3377.780029296875,3389.639892578125,3369.820068359375,3369.820068359375,57151600
2011-08-05,3276.510009765625,3377.780029296875,3275.820068359375,3377.780029296875,47199600
2011-08-08,3185.449951171875,3276.510009765625,3160.81005859375,3276.510009765625,50746200
2011-08-09,3097.780029296875,3185.449951171875,3055.090087890625,3185.449951171875,49947000
2011-08-10,3183.739990234375,3224.10009765625,3097.780029296875,3097.780029296875,57293400
2011-08-11,3208.6201171875,3213.449951171875,3125.489990234375,3183.739990234375,39160000
2011-08-12,3216.5,3270.25,3208.6201171875,3208.6201171875,38388200
2011-08-15,3252.6298828125,3257.0,3216.5,3216.5,24648600
2011-08-16,3273.75,3291.06005859375,3252.6298828125,3252.6298828125,26455200
2011-08-17,3290.10009765625,3301.169921875,3273.75,3273.75,28491200
2011-08-18,3286.219970703125,3299.860107421875,3280.570068359375,3290.10009765625,25099200
2011-08-19,3267.840087890625,3286.219970703125,3235.169921875,3286.219970703125,41906400
2011-08-22,3274.43994140625,3280.199951171875,3253.489990234375,3267.840087890625,26077600
2011-08-23,3269.590087890625,3282.429931640625,3268.820068359375,3274.43994140625,34563000
2011-08-24,3287.52001953125,3312.580078125,3269.590087890625,3269.590087890625,38654400
2011-08-25,3301.580078125,3310.449951171875,3287.52001953125,3287.52001953125,38092600
2011-08-26,3295.6298828125,3301.580078125,3284.1298828125,3301.580078125,32158600
2011-08-29,3306.0,3317.179931640625,3294.89990234375,3295.6298828125,26247600
2011-08-30,3317.72998046875,3336.64990234375,3306.0,3306.0,22910800
2011-08-31,3323.070068359375,3323.070068359375,3289.449951171875,3317.72998046875,50576000
2011-09-01,3332.27001953125,3343.949951171875,3322.669921875,3323.070068359375,42131400
2011-09-02,3303.219970703125,3333.179931640625,3298.35009765625,3332.27001953125,32584200
2011-09-05,3293.1298828125,3303.219970703125,3269.919921875,3303.219970703125,42860200
2011-09-06,3270.56005859375,3293.1298828125,3265.639892578125,3293.1298828125,30911000
2011-09-07,3300.949951171875,3302.969970703125,3270.56005859375,3270.56005859375,31075200
2011-09-08,3308.050048828125,3328.840087890625,3300.949951171875,3300.949951171875,27290200
2011-09-09,3323.929931640625,3330.570068359375,3308.050048828125,3308.050048828125,26857200
2011-09-12,3263.81005859375,3323.929931640625,3262.7900390625,3323.929931640625,26610600
2011-09-13,3285.409912109375,3286.050048828125,3263.81005859375,3263.81005859375,23152600
2011-09-14,3264.110107421875,3296.090087890625,3260.6298828125,3285.409912109375,32691600
2011-09-15,3272.5,3286.0400390625,3264.110107421875,3264.110107421875,34583200
2011-09-16,3292.679931640625,3302.56005859375,3272.5,3272.5,51802000
2011-09-19,3288.31005859375,3294.820068359375,3271.31005859375,3292.679931640625,27824600
2011-09-20,3290.6201171875,3295.360107421875,3275.8701171875,3288.31005859375,25217200
2011-09-21,3308.830078125,3308.830078125,3290.610107421875,3290.6201171875,23729000
2011-09-22,3312.280029296875,3312.280029296875,3288.919921875,3308.830078125,56320600
2011-09-23,3282.7099609375,3312.280029296875,3247.080078125,3312.280029296875,23905600
2011-09-26,3255.3701171875,3286.3701171875,3249.8701171875,3282.7099609375,21721400
2011-09-27,3292.830078125,3300.72998046875,3255.3701171875,3255.3701171875,26576800
2011-09-28,3298.719970703125,3317.669921875,3292.77001953125,3292.830078125,33128200
2011-09-29,3300.169921875,3300.889892578125,3279.110107421875,3298.719970703125,44413800
2011-09-30,3343.35009765625,3343.6298828125,3300.169921875,3300.169921875,44173800
2011-10-03,3315.739990234375,3343.35009765625,3305.070068359375,3343.35009765625,18165000
2011-10-04,3320.389892578125,3321.179931640625,3281.719970703125,3315.739990234375,30526400
2011-10-05,3328.1201171875,3330.18994140625,3319.739990234375,3320.389892578125,81054000
2011-10-06,3346.2099609375,3347.030029296875,3327.590087890625,3328.1201171875,35350600
2011-10-07,3383.639892578125,3387.199951171875,3346.2099609375,3346.2099609375,47117200
2011-10-11,3396.14990234375,3396.699951171875,3372.85009765625,3372.85009765625,31404800
2011-10-12,3325.1201171875,3397.27001953125,3322.02001953125,3396.14990234375,38307400
2011-10-13,3306.679931640625,3326.340087890625,3297.199951171875,3325.1201171875,40721600
2011-10-14,3302.469970703125,3308.429931640625,3294.010009765625,3306.679931640625,18885400
2011-10-17,3316.9599609375,3320.030029296875,3301.909912109375,3302.469970703125,16199800
2011-10-18,3279.110107421875,3318.080078125,3265.840087890625,3316.9599609375,22733800
2011-10-19,3300.030029296875,3312.8701171875,3279.110107421875,3279.110107421875,37066400
2011-10-20,3289.77001953125,3300.030029296875,3284.570068359375,3300.030029296875,35648200
2011-10-21,3281.159912109375,3298.9599609375,3281.159912109375,3289.77001953125,27650400
2011-10-25,3296.360107421875,3318.06005859375,3281.159912109375,3281.159912109375,32263600
2011-10-26,3296.97998046875,3297.60009765625,3257.889892578125,3296.360107421875,36171800
2011-10-27,3303.469970703125,3312.489990234375,3288.85009765625,3296.97998046875,21241200
2011-10-28,3325.60009765625,3348.840087890625,3303.469970703125,3303.469970703125,35048600
2011-10-31,3332.56005859375,3339.77001953125,3325.0400390625,3325.60009765625,26191800
2011-11-01,3332.77001953125,3333.9599609375,3320.330078125,3332.56005859375,37167800
2011-11-02,3308.889892578125,3332.77001953125,3291.969970703125,3332.77001953125,44880800
2011-11-03,3311.510009765625,3319.449951171875,3303.919921875,3308.889892578125,23448600
2011-11-04,3331.7900390625,3338.25,3311.510009765625,3311.510009765625,35055400
2011-11-07,3342.18994140625,3346.909912109375,3328.35009765625,3331.7900390625,18313800
2011-11-08,3351.239990234375,3351.469970703125,3332.8701171875,3342.18994140625,27291400
2011-11-09,3353.56005859375,3365.169921875,3351.239990234375,3351.239990234375,41697000
2011-11-10,3318.8701171875,3353.56005859375,3306.10009765625,3353.56005859375,29007200
2011-11-11,3322.010009765625,3333.2099609375,3317.75,3318.8701171875,33052800
2011-11-14,3309.860107421875,3343.9599609375,3305.449951171875,3322.010009765625,27201800
2011-11-15,3317.330078125,3317.43994140625,3293.260009765625,3309.860107421875,29347400
2011-11-16,3281.419921875,3322.280029296875,3280.919921875,3317.330078125,29076000
2011-11-17,3280.739990234375,3287.330078125,3272.47998046875,3281.419921875,18275200
2011-11-18,3250.889892578125,3280.739990234375,3250.889892578125,3280.739990234375,31159000
2011-11-21,3256.56005859375,3270.219970703125,3248.909912109375,3250.889892578125,29940800
2011-11-22,3252.27001953125,3257.889892578125,3241.510009765625,3256.56005859375,36545000
2011-11-23,3268.669921875,3272.60009765625,3252.14990234375,3252.27001953125,40052800
2011-11-24,3241.10009765625,3268.669921875,3231.75,3268.669921875,44388800
2011-11-25,3212.27001953125,3243.52001953125,3211.60009765625,3241.10009765625,25659200
2011-11-28,3218.43994140625,3237.280029296875,3212.1201171875,3212.27001953125,21887200
2011-11-29,3239.469970703125,3256.10009765625,3218.43994140625,3218.43994140625,33321600
2011-11-30,3270.2099609375,3270.2099609375,3238.110107421875,3239.469970703125,46418600
2011-12-01,3277.31005859375,3294.6298828125,3260.830078125,3270.2099609375,37642400
2011-12-02,3282.389892578125,3284.3798828125,3262.260009765625,3277.31005859375,33042200
2011-12-05,3301.219970703125,3303.830078125,3278.699951171875,3282.389892578125,30162600
2011-12-06,3291.489990234375,3303.989990234375,3277.590087890625,3301.219970703125,27738600
2011-12-07,3283.0400390625,3300.610107421875,3282.35009765625,3291.489990234375,46695800
2011-12-08,3269.949951171875,3285.929931640625,3262.669921875,3283.0400390625,44891600
2011-12-09,3271.4599609375,3273.89990234375,3244.949951171875,3269.949951171875,34573800
2011-12-12,3299.510009765625,3299.77001953125,3271.4599609375,3271.4599609375,25751600
2011-12-13,3292.7900390625,3299.510009765625,3278.070068359375,3299.510009765625,39905200
2011-12-14,3284.139892578125,3295.280029296875,3277.139892578125,3292.7900390625,29133200
2011-12-15,3263.18994140625,3284.139892578125,3262.7099609375,3284.139892578125,33097400
2011-12-16,3245.340087890625,3275.570068359375,3244.360107421875,3263.18994140625,38467400
2011-12-19,3223.030029296875,3254.89990234375,3222.85009765625,3245.340087890625,20163200
2011-12-20,3202.02001953125,3223.429931640625,3198.27001953125,3223.030029296875,31024400
2011-12-21,3223.080078125,3230.669921875,3202.02001953125,3202.02001953125,38023000
2011-12-22,3207.239990234375,3223.89990234375,3204.590087890625,3223.080078125,30995200
2011-12-23,3215.5,3229.68994140625,3204.800048828125,3207.239990234375,19357800
2011-12-28,3236.89990234375,3244.10009765625,3215.5,3215.5,15367000
2011-12-29,3246.25,3246.25,3217.530029296875,3236.89990234375,13786200
2011-12-30,3274.7099609375,3274.909912109375,3245.919921875,3246.25,11334800
2012-01-04,3288.110107421875,3289.760009765625,3269.840087890625,3274.7099609375,24326800
2012-01-05,3284.1201171875,3293.1201171875,3270.639892578125,3288.110107421875,26395800
2012-01-06,3253.429931640625,3284.1201171875,3250.280029296875,3284.1201171875,16866000
2012-01-09,3247.280029296875,3261.639892578125,3243.219970703125,3253.429931640625,12855800
2012-01-10,3228.010009765625,3247.280029296875,3226.949951171875,3247.280029296875,19523400
2012-01-11,3236.530029296875,3242.6201171875,3228.010009765625,3228.010009765625,22694600
2012-01-12,3219.830078125,3239.43994140625,3212.81005859375,3236.530029296875,21795800
2012-01-13,3227.4599609375,3233.5400390625,3215.9599609375,3219.830078125,22153000
2012-01-17,3234.800048828125,3234.800048828125,3209.489990234375,3210.639892578125,24903600
2012-01-18,3247.5,3250.909912109375,3233.110107421875,3234.800048828125,47762200
2012-01-19,3264.739990234375,3278.0400390625,3246.93994140625,3247.5,31909200
2012-01-20,3276.4599609375,3277.389892578125,3264.739990234375,3264.739990234375,30839800
2012-01-23,3295.02001953125,3295.02001953125,3274.469970703125,3276.4599609375,13026400
2012-01-24,3268.169921875,3299.52001953125,3268.080078125,3295.02001953125,37773000
2012-01-25,3280.10009765625,3289.72998046875,3263.77001953125,3268.169921875,25154400
2012-01-26,3281.679931640625,3286.8798828125,3277.02001953125,3280.10009765625,16214600
2012-01-27,3294.639892578125,3300.159912109375,3277.72998046875,3281.679931640625,24245000
2012-01-30,3307.219970703125,3307.949951171875,3290.77001953125,3294.639892578125,19854600
2012-01-31,3296.199951171875,3307.7900390625,3283.639892578125,3307.219970703125,41828000
2012-02-01,3301.7900390625,3304.81005859375,3292.3798828125,3296.199951171875,22974400
2012-02-02,3314.639892578125,3326.320068359375,3301.7900390625,3301.7900390625,31753600
2012-02-03,3312.22998046875,3325.22998046875,3310.550048828125,3314.639892578125,32565000
2012-02-07,3315.139892578125,3318.5400390625,3307.320068359375,3312.22998046875,36371600
2012-02-08,3324.669921875,3326.570068359375,3310.840087890625,3315.139892578125,34855800
2012-02-09,3326.739990234375,3332.840087890625,3321.639892578125,3324.669921875,44759000
2012-02-10,3348.1298828125,3353.77001953125,3325.60009765625,3326.739990234375,42926200
2012-02-13,3340.02001953125,3348.1298828125,3334.169921875,3348.1298828125,27498000
2012-02-14,3330.330078125,3342.659912109375,3329.919921875,3340.02001953125,37593800
2012-02-15,3293.8701171875,3330.330078125,3287.989990234375,3330.330078125,41968200
2012-02-16,3286.449951171875,3297.719970703125,3279.02001953125,3293.8701171875,29703600
2012-02-17,3289.0,3303.389892578125,3286.449951171875,3286.449951171875,30368200
2012-02-20,3315.570068359375,3316.969970703125,3289.0,3289.0,21375400
2012-02-21,3337.320068359375,3339.419921875,3315.570068359375,3315.570068359375,27749800
2012-02-22,3328.22998046875,3339.179931640625,3315.510009765625,3337.320068359375,40405400
2012-02-23,3323.159912109375,3332.340087890625,3323.159912109375,3328.22998046875,35406200
2012-02-24,3319.760009765625,3330.699951171875,3308.330078125,3323.159912109375,28960000
2012-02-27,3303.449951171875,3321.56005859375,3303.010009765625,3319.760009765625,47071800
2012-02-28,3309.800048828125,3315.389892578125,3302.330078125,3303.449951171875,56192600
2012-02-29,3322.530029296875,3325.030029296875,3309.800048828125,3309.800048828125,47708200
2012-03-01,3330.85009765625,3332.949951171875,3318.679931640625,3322.530029296875,49595400
2012-03-02,3375.81005859375,3376.409912109375,3330.85009765625,3330.85009765625,43107800
2012-03-05,3387.840087890625,3394.090087890625,3373.8798828125,3375.81005859375,78986000
2012-03-06,3401.830078125,3404.3798828125,3385.68994140625,3387.840087890625,56606600
2012-03-07,3403.050048828125,3403.5,3374.2099609375,3401.830078125,51713400
2012-03-08,3413.7900390625,3421.699951171875,3403.050048828125,3403.050048828125,42052200
2012-03-09,3433.820068359375,3443.320068359375,3413.699951171875,3413.7900390625,50566800
2012-03-12,3452.3701171875,3458.570068359375,3433.820068359375,3433.820068359375,34629400
2012-03-13,3470.81005859375,3471.969970703125,3450.760009765625,3452.3701171875,41887600
2012-03-14,3498.989990234375,3514.090087890625,3470.81005859375,3470.81005859375,68974200
2012-03-15,3533.72998046875,3539.570068359375,3498.989990234375,3498.989990234375,57445200
2012-03-16,3505.02001953125,3549.6201171875,3503.530029296875,3533.72998046875,65580400
2012-03-19,3485.969970703125,3506.469970703125,3485.469970703125,3505.02001953125,39928000
2012-03-20,3487.010009765625,3488.75,3471.260009765625,3485.969970703125,24598400
2012-03-21,3481.9599609375,3488.550048828125,3475.3798828125,3487.010009765625,36831400
2012-03-22,3474.64990234375,3492.139892578125,3474.64990234375,3481.9599609375,31760000
2012-03-23,3449.300048828125,3478.75,3448.969970703125,3474.64990234375,45423800
2012-03-26,3471.919921875,3475.989990234375,3449.300048828125,3449.300048828125,40541000
2012-03-27,3483.9599609375,3492.080078125,3471.7900390625,3471.919921875,32374000
2012-03-28,3486.510009765625,3486.679931640625,3470.580078125,3483.9599609375,34300000
2012-03-29,3495.43994140625,3500.0400390625,3483.830078125,3486.510009765625,33189200
2012-03-30,3509.550048828125,3511.469970703125,3495.3798828125,3495.43994140625,55996400
2012-04-02,3493.610107421875,3512.280029296875,3491.320068359375,3509.550048828125,29506200
2012-04-03,3473.090087890625,3496.989990234375,3471.7900390625,3493.610107421875,34422400
2012-04-04,3480.419921875,3482.5400390625,3463.090087890625,3473.090087890625,36401800
2012-04-05,3467.97998046875,3480.419921875,3462.85009765625,3480.419921875,29956800
2012-04-10,3475.10009765625,3478.080078125,3458.570068359375,3467.97998046875,21031800
2012-04-11,3465.389892578125,3475.10009765625,3452.639892578125,3475.10009765625,42429800
2012-04-12,3487.090087890625,3492.590087890625,3465.389892578125,3465.389892578125,25235600
2012-04-13,3487.169921875,3509.580078125,3480.3798828125,3487.090087890625,28927000
2012-04-16,3473.5,3492.550048828125,3472.72998046875,3487.169921875,48077000
2012-04-17,3480.5400390625,3483.969970703125,3471.409912109375,3473.5,42671000
2012-04-19,3525.18994140625,3528.469970703125,3512.659912109375,3522.760009765625,25880600
2012-04-20,3516.22998046875,3525.18994140625,3506.699951171875,3525.18994140625,21926600
2012-04-23,3513.449951171875,3521.909912109375,3506.389892578125,3516.22998046875,25304600
2012-04-24,3519.860107421875,3525.659912109375,3499.669921875,3513.449951171875,32987000
2012-04-26,3520.820068359375,3523.030029296875,3509.489990234375,3519.860107421875,47994200
2012-04-27,3531.659912109375,3539.239990234375,3519.56005859375,3520.820068359375,33720200
2012-04-30,3555.8701171875,3562.320068359375,3531.010009765625,3531.659912109375,31161800
2012-05-01,3577.320068359375,3577.320068359375,3553.580078125,3555.8701171875,21686800
2012-05-02,3614.969970703125,3615.06005859375,3577.320068359375,3577.320068359375,38068200
2012-05-03,3576.699951171875,3616.1201171875,3576.6201171875,3614.969970703125,48411200
2012-05-04,3549.780029296875,3583.639892578125,3545.699951171875,3576.699951171875,54523600
2012-05-07,3540.1298828125,3549.780029296875,3527.780029296875,3549.780029296875,31833200
2012-05-08,3552.06005859375,3558.02001953125,3540.1298828125,3540.1298828125,36516200
2012-05-09,3559.469970703125,3560.8701171875,3543.219970703125,3552.06005859375,36874200
2012-05-10,3569.050048828125,3586.419921875,3551.43994140625,3559.469970703125,41045200
2012-05-11,3548.06005859375,3572.889892578125,3547.169921875,3569.050048828125,26102600
2012-05-14,3555.360107421875,3560.31005859375,3546.610107421875,3548.06005859375,35257400
2012-05-15,3534.919921875,3555.360107421875,3530.820068359375,3555.360107421875,52961000
2012-05-16,3514.510009765625,3535.489990234375,3511.989990234375,3534.919921875,46259200
2012-05-17,3521.510009765625,3527.72998046875,3508.02001953125,3514.510009765625,32758600
2012-05-18,3501.43994140625,3522.550048828125,3498.06005859375,3522.550048828125,35572200
2012-05-21,3493.389892578125,3501.43994140625,3486.070068359375,3501.43994140625,26277000
2012-05-22,3529.860107421875,3536.31005859375,3493.389892578125,3493.389892578125,43869400
2012-05-23,3510.199951171875,3530.090087890625,3508.75,3529.860107421875,34374000
2012-05-24,3496.18994140625,3518.199951171875,3495.219970703125,3510.199951171875,36938400
2012-05-25,3486.22998046875,3501.449951171875,3483.5,3496.18994140625,30231000
2012-05-28,3462.25,3488.719970703125,3460.02001953125,3486.22998046875,57346000
2012-05-29,3478.2900390625,3481.7900390625,3460.699951171875,3462.25,31153800
2012-05-30,3481.340087890625,3503.429931640625,3478.2900390625,3478.2900390625,35730000
2012-05-31,3488.2900390625,3489.85009765625,3461.93994140625,3481.340087890625,41538400
2012-06-01,3452.0,3488.2900390625,3451.8798828125,3488.2900390625,32426800
2012-06-05,3420.7900390625,3452.0,3407.530029296875,3452.0,23769800
2012-06-06,3464.510009765625,3464.510009765625,3420.219970703125,3420.7900390625,21168000
2012-06-07,3473.9599609375,3495.6298828125,3464.510009765625,3464.510009765625,34789400
2012-06-08,3449.469970703125,3479.8798828125,3445.18994140625,3473.9599609375,38376800
2012-06-11,3454.239990234375,3468.47998046875,3448.68994140625,3449.469970703125,17020800
2012-06-12,3425.60009765625,3454.360107421875,3425.169921875,3454.239990234375,23273200
2012-06-13,3381.72998046875,3437.820068359375,3381.0400390625,3425.60009765625,37517600
2012-06-14,3416.090087890625,3417.550048828125,3380.010009765625,3381.72998046875,41427000
2012-06-15,3447.070068359375,3450.56005859375,3416.090087890625,3416.090087890625,62945800
2012-06-18,3455.679931640625,3460.889892578125,3445.070068359375,3447.070068359375,72048600
2012-06-19,3480.3798828125,3482.0400390625,3451.27001953125,3455.679931640625,52236800
2012-06-20,3444.7900390625,3483.8798828125,3444.7900390625,3480.3798828125,38008600
2012-06-21,3409.389892578125,3447.06005859375,3409.27001953125,3444.7900390625,34083200
2012-06-22,3399.199951171875,3409.389892578125,3390.669921875,3409.389892578125,30875400
2012-06-25,3401.1298828125,3419.610107421875,3397.2099609375,3399.199951171875,23697800
2012-06-26,3381.320068359375,3405.159912109375,3376.199951171875,3401.1298828125,33503400
2012-06-27,3387.780029296875,3402.679931640625,3381.320068359375,3381.320068359375,26405400
2012-06-28,3401.340087890625,3403.4599609375,3387.780029296875,3387.780029296875,42132600
2012-06-29,3399.830078125,3411.60009765625,3390.389892578125,3401.340087890625,58712400
2012-07-02,3440.159912109375,3442.300048828125,3399.830078125,3399.830078125,24133200
2012-07-03,3444.6298828125,3450.02001953125,3429.780029296875,3440.159912109375,22684600
2012-07-04,3483.1201171875,3483.1201171875,3444.6298828125,3444.6298828125,49703200
2012-07-05,3484.199951171875,3491.8798828125,3481.239990234375,3483.1201171875,39897400
2012-07-06,3478.699951171875,3486.4599609375,3471.010009765625,3484.199951171875,84741000
2012-07-09,3480.18994140625,3480.719970703125,3454.590087890625,3478.699951171875,15898400
2012-07-10,3464.719970703125,3480.18994140625,3462.35009765625,3480.18994140625,30840800
2012-07-11,3478.840087890625,3481.7099609375,3455.300048828125,3464.719970703125,55057800
2012-07-12,3501.39990234375,3503.2900390625,3471.1298828125,3478.840087890625,52123200
2012-07-13,3495.409912109375,3502.590087890625,3488.169921875,3501.39990234375,26826600
2012-07-16,3467.340087890625,3507.669921875,3467.10009765625,3495.409912109375,46623400
2012-07-17,3468.860107421875,3473.889892578125,3458.3701171875,3467.340087890625,54928400
2012-07-18,3474.050048828125,3483.9599609375,3468.31005859375,3468.860107421875,28790000
2012-07-19,3485.780029296875,3492.179931640625,3474.050048828125,3474.050048828125,34279000
2012-07-20,3463.699951171875,3498.0400390625,3463.699951171875,3485.780029296875,34403800
2012-07-23,3465.360107421875,3480.530029296875,3458.85009765625,3463.699951171875,18239000
2012-07-24,3460.699951171875,3467.260009765625,3438.179931640625,3465.360107421875,21965000
2012-07-25,3458.97998046875,3460.699951171875,3443.6201171875,3460.699951171875,26158000
2012-07-26,3485.739990234375,3490.64990234375,3458.97998046875,3458.97998046875,25840200
2012-07-27,3501.2900390625,3508.4599609375,3485.739990234375,3485.739990234375,21323800
2012-07-30,3518.889892578125,3522.22998046875,3501.2900390625,3501.2900390625,18985800
2012-07-31,3545.010009765625,3545.719970703125,3513.219970703125,3518.889892578125,37436000
2012-08-01,3530.64990234375,3546.3701171875,3526.179931640625,3545.010009765625,38952200
2012-08-02,3564.110107421875,3568.679931640625,3528.3701171875,3530.64990234375,28521400
2012-08-03,3548.0,3564.419921875,3543.93994140625,3564.110107421875,32952600
2012-08-06,3563.199951171875,3568.469970703125,3546.1298828125,3548.0,21898600
2012-08-07,3584.81005859375,3585.419921875,3563.199951171875,3563.199951171875,22274800
2012-08-08,3581.7900390625,3592.2099609375,3577.1298828125,3584.81005859375,30934000
2012-08-09,3583.610107421875,3584.469970703125,3573.139892578125,3581.7900390625,31251600
2012-08-10,3577.800048828125,3596.199951171875,3577.800048828125,3583.610107421875,39279800
2012-08-13,3594.9599609375,3597.800048828125,3577.800048828125,3577.800048828125,29917800
2012-08-14,3608.8798828125,3611.280029296875,3594.030029296875,3594.9599609375,31004400
2012-08-15,3631.18994140625,3632.8701171875,3604.4599609375,3608.8798828125,39134000
2012-08-16,3616.199951171875,3639.800048828125,3616.199951171875,3631.18994140625,44149600
2012-08-17,3639.659912109375,3641.159912109375,3613.6201171875,3616.199951171875,47793800
2012-08-20,3661.090087890625,3665.260009765625,3639.659912109375,3639.659912109375,98541000
2012-08-21,3687.739990234375,3692.219970703125,3656.830078125,3661.090087890625,24041200
2012-08-22,3658.3798828125,3687.739990234375,3642.72998046875,3687.739990234375,35435800
2012-08-23,3663.340087890625,3666.280029296875,3653.6201171875,3658.3798828125,37059400
2012-08-24,3622.590087890625,3663.340087890625,3609.169921875,3663.340087890625,63259800
2012-08-27,3623.22998046875,3632.669921875,3612.179931640625,3622.590087890625,137061200
2012-08-28,3629.050048828125,3634.320068359375,3616.139892578125,3623.22998046875,51514800
2012-08-29,3628.389892578125,3644.489990234375,3627.659912109375,3629.050048828125,47166000
2012-08-30,3629.56005859375,3641.8798828125,3625.669921875,3628.389892578125,34038600
2012-08-31,3666.679931640625,3666.860107421875,3623.39990234375,3629.56005859375,42394200
2012-09-03,3669.030029296875,3675.340087890625,3662.300048828125,3666.679931640625,34963400
2012-09-04,3676.02001953125,3683.800048828125,3668.47998046875,3669.030029296875,19907600
2012-09-05,3669.64990234375,3679.919921875,3667.909912109375,3676.02001953125,26673600
2012-09-06,3693.5400390625,3694.1298828125,3669.64990234375,3669.64990234375,38016200
2012-09-07,3722.179931640625,3740.18994140625,3693.5400390625,3693.5400390625,64315400
2012-09-10,3726.89990234375,3747.35009765625,3721.820068359375,3722.179931640625,33888000
2012-09-11,3744.9599609375,3750.800048828125,3725.949951171875,3726.89990234375,36773200
2012-09-12,3789.719970703125,3790.080078125,3744.9599609375,3744.9599609375,60644000
2012-09-14,3792.340087890625,3809.85009765625,3785.56005859375,3786.0400390625,35182400
2012-09-17,3817.22998046875,3826.610107421875,3792.340087890625,3792.340087890625,41657200
2012-09-18,3804.47998046875,3819.239990234375,3804.360107421875,3817.22998046875,50132800
2012-09-19,3797.89990234375,3815.449951171875,3797.89990234375,3804.47998046875,39307600
2012-09-20,3819.280029296875,3825.139892578125,3797.89990234375,3797.89990234375,61461800
2012-09-21,3809.570068359375,3827.3798828125,3809.570068359375,3819.280029296875,43356400
2012-09-24,3809.14990234375,3820.659912109375,3805.419921875,3809.570068359375,29606800
2012-09-25,3825.31005859375,3825.89990234375,3807.699951171875,3809.14990234375,34181600
2012-09-26,3809.320068359375,3825.31005859375,3807.5,3825.31005859375,44063200
2012-09-27,3809.030029296875,3820.530029296875,3806.449951171875,3809.320068359375,29325400
2012-09-28,3834.14990234375,3843.080078125,3809.030029296875,3809.030029296875,43525600
2012-10-02,3871.25,3872.4599609375,3830.030029296875,3830.030029296875,29572400
2012-10-03,3889.60009765625,3892.050048828125,3866.5400390625,3871.25,34985200
2012-10-04,3881.989990234375,3913.679931640625,3875.169921875,3889.60009765625,46031400
2012-10-05,3904.85009765625,3905.489990234375,3881.989990234375,3881.989990234375,46832400
2012-10-08,3923.909912109375,3927.7900390625,3901.25,3904.85009765625,25864600
2012-10-10,3888.139892578125,3907.989990234375,3873.590087890625,3907.989990234375,34575200
2012-10-11,3883.300048828125,3888.139892578125,3870.2099609375,3888.139892578125,31320000
2012-10-12,3896.659912109375,3901.25,3882.820068359375,3883.300048828125,34942800
2012-10-15,3916.360107421875,3917.199951171875,3896.0400390625,3896.659912109375,24354000
2012-10-17,3965.179931640625,3974.949951171875,3940.699951171875,3940.699951171875,37890400
2012-10-19,3988.159912109375,4001.949951171875,3984.679931640625,4001.949951171875,26740600
2012-10-24,4001.449951171875,4004.260009765625,3977.35009765625,4004.260009765625,41509400
2012-10-25,3990.489990234375,4002.25,3986.449951171875,4001.449951171875,26389600
2012-10-26,3983.780029296875,3995.580078125,3979.780029296875,3990.489990234375,23441600
2012-10-29,3951.300048828125,3983.780029296875,3951.300048828125,3983.780029296875,22710000
2012-10-31,3957.8798828125,3963.27001953125,3941.280029296875,3941.280029296875,30410400
2012-11-01,3931.8798828125,3964.5,3931.7099609375,3957.8798828125,22089400
2012-11-02,3914.080078125,3935.780029296875,3911.52001953125,3931.8798828125,82537800
2012-11-05,3908.27001953125,3914.080078125,3900.989990234375,3914.080078125,35938900
2012-11-09,3957.919921875,3957.919921875,3941.639892578125,3955.25,34411200
2012-11-16,3947.840087890625,3953.25,3941.510009765625,3951.5,33901800
2012-11-23,4008.340087890625,4014.1201171875,3996.159912109375,3997.2099609375,34370000
2012-11-30,4050.090087890625,4052.030029296875,4016.35009765625,4016.77001953125,61389800
2012-12-07,4041.530029296875,4048.7099609375,4021.699951171875,4023.360107421875,27880800
2012-12-14,3979.169921875,3987.239990234375,3974.72998046875,3974.72998046875,54861400
2012-12-21,4054.739990234375,4089.280029296875,4053.389892578125,4075.449951171875,70831200
2012-12-24,4057.820068359375,4058.469970703125,4041.43994140625,4054.739990234375,12522400
2012-12-28,4080.89990234375,4082.2099609375,4058.280029296875,4065.449951171875,13938800
2012-12-31,4066.510009765625,4082.139892578125,4061.719970703125,4080.89990234375,12910400
2013-01-04,4075.0400390625,4093.97998046875,4072.35009765625,4082.3701171875,22555800
2013-01-11,4131.75,4132.31005859375,4107.9501953125,4119.080078125,18232800
2013-01-18,4164.18017578125,4207.16015625,4164.18017578125,4196.81005859375,55049000
2013-01-25,4199.81982421875,4199.89990234375,4182.31982421875,4189.91015625,29664200
2013-02-01,4245.93017578125,4253.72998046875,4240.72021484375,4252.64990234375,34694000
2013-02-08,4225.72021484375,4231.6201171875,4209.66015625,4213.89013671875,50686400
2013-02-15,4196.72998046875,4239.2001953125,4189.81005859375,4239.2001953125,166859000
2013-02-22,4214.60009765625,4215.580078125,4166.3701171875,4170.43017578125,55587600
2013-03-01,4317.990234375,4321.419921875,4301.31005859375,4320.009765625,51697400
2013-03-04,4253.60009765625,4317.990234375,4250.919921875,4317.990234375,86699000
2013-03-05,4269.16015625,4274.009765625,4241.10986328125,4253.60009765625,234331000
2013-03-06,4297.97021484375,4305.64990234375,4265.4501953125,4269.16015625,60897000
2013-03-07,4333.47998046875,4341.2900390625,4295.9599609375,4297.97021484375,56120000
2013-03-08,4354.02978515625,4355.47021484375,4331.41015625,4333.47998046875,41292000
2013-03-11,4366.580078125,4366.91015625,4353.22998046875,4354.02978515625,55296400
2013-03-12,4378.759765625,4383.81005859375,4366.580078125,4366.580078125,43704800
2013-03-13,4341.14990234375,4378.759765625,4340.52978515625,4378.759765625,52059200
2013-03-15,4387.06005859375,4400.22998046875,4378.3701171875,4381.10009765625,109366400
2013-03-18,4341.02001953125,4387.06005859375,4333.0400390625,4387.06005859375,32164800
2013-03-19,4345.0400390625,4354.47998046875,4334.89013671875,4341.02001953125,170827400
2013-03-21,4342.5,4358.7001953125,4332.3701171875,4349.43017578125,71921000
2013-03-22,4342.89013671875,4349.0400390625,4334.7099609375,4342.5,34986200
2013-03-25,4340.72998046875,4352.68994140625,4336.6201171875,4342.89013671875,25630200
2013-03-26,4346.02978515625,4357.43017578125,4337.669921875,4340.72998046875,38528600
2013-03-27,4412.06005859375,4412.06005859375,4344.4599609375,4346.02978515625,30506600
2013-03-28,4422.75,4423.240234375,4395.580078125,4412.06005859375,40926200
2013-04-05,4432.97021484375,4433.27978515625,4410.3701171875,4430.169921875,31182400
2013-04-08,4397.2001953125,4436.47998046875,4392.31005859375,4432.97021484375,44417400
2013-04-10,4420.06005859375,4420.33984375,4395.2099609375,4395.2099609375,53793000
2013-04-11,4409.5400390625,4437.5400390625,4407.759765625,4420.06005859375,51825200
2013-04-12,4435.77001953125,4435.77978515625,4408.8798828125,4409.5400390625,34313400
2013-04-15,4454.7099609375,4454.7099609375,4430.27978515625,4435.77001953125,33345000
2013-04-16,4427.83984375,4454.7099609375,4399.47998046875,4454.7099609375,42501200
2013-04-17,4478.27001953125,4478.35009765625,4427.83984375,4427.83984375,48874000
2013-04-18,4442.10009765625,4478.27001953125,4442.10009765625,4478.27001953125,37511800
2013-04-19,4444.5,4453.509765625,4415.9599609375,4442.10009765625,60347000
2013-04-22,4483.66015625,4483.66015625,4444.18017578125,4444.5,41667400
2013-04-23,4516.5,4524.2099609375,4483.66015625,4483.66015625,43882800
2013-04-24,4538.97998046875,4551.39990234375,4516.5,4516.5,58340000
2013-04-26,4548.7099609375,4563.669921875,4538.97998046875,4538.97998046875,42855200
2013-04-29,4580.9599609375,4587.18994140625,4546.75,4548.7099609375,29181000
2013-04-30,4614.3701171875,4616.009765625,4580.9599609375,4580.9599609375,47828600
2013-05-01,4603.02001953125,4618.3798828125,4603.02001953125,4614.3701171875,31118200
2013-05-02,4574.4599609375,4603.9599609375,4560.97998046875,4603.02001953125,44223400
2013-05-03,4544.31982421875,4575.490234375,4531.77978515625,4574.4599609375,36308000
2013-05-06,4596.22998046875,4600.60986328125,4543.85009765625,4544.31982421875,29556000
2013-05-07,4621.72998046875,4623.33984375,4595.919921875,4596.22998046875,38577600
2013-05-08,4640.27978515625,4644.5,4609.18994140625,4621.72998046875,39050200
2013-05-09,4639.330078125,4646.169921875,4628.7998046875,4640.27978515625,46336000
2013-05-10,4652.77978515625,4654.52001953125,4635.43017578125,4639.330078125,38318400
2013-05-13,4671.64013671875,4674.330078125,4647.759765625,4652.77978515625,34496200
2013-05-14,4645.85009765625,4680.10986328125,4644.169921875,4671.64013671875,43897600
2013-05-15,4646.330078125,4653.419921875,4628.77001953125,4645.85009765625,40988400
2013-05-16,4636.02978515625,4650.2998046875,4628.02978515625,4646.330078125,54268000
2013-05-17,4597.83984375,4636.16015625,4588.830078125,4636.02978515625,80600800
2013-05-20,4598.64990234375,4613.77001953125,4594.4501953125,4597.83984375,38145600
2013-05-21,4590.83984375,4600.93017578125,4576.47998046875,4598.64990234375,44319600
2013-05-22,4610.18017578125,4626.35986328125,4590.41015625,4590.83984375,42103200
2013-05-23,4588.58984375,4615.509765625,4584.47021484375,4610.18017578125,47902000
2013-05-24,4526.240234375,4596.4599609375,4524.60986328125,4588.58984375,43406600
2013-05-27,4478.2001953125,4527.35986328125,4466.68994140625,4526.240234375,90273600
2013-05-28,4478.25,4496.759765625,4470.169921875,4478.2001953125,24394400
2013-05-29,4488.259765625,4500.7900390625,4478.25,4478.25,31996000
2013-05-30,4470.509765625,4492.60986328125,4468.64013671875,4488.259765625,38095000
2013-05-31,4511.35009765625,4516.6201171875,4470.509765625,4470.509765625,106302000
2013-06-05,4453.58984375,4475.740234375,4451.009765625,4473.77978515625,39844800
2013-06-06,4455.330078125,4455.330078125,4393.4599609375,4453.58984375,46565200
2013-06-07,4439.85986328125,4466.97998046875,4439.43017578125,4455.330078125,36011200
2013-06-10,4473.3798828125,4474.22998046875,4439.85986328125,4439.85986328125,23338600
2013-06-11,4463.580078125,4485.22998046875,4460.8798828125,4473.3798828125,34861600
2013-06-12,4442.1201171875,4467.33984375,4441.169921875,4463.580078125,31728000
2013-06-13,4401.91015625,4442.1201171875,4390.0400390625,4442.1201171875,58822400
2013-06-14,4420.97998046875,4429.7998046875,4401.91015625,4401.91015625,29925600
2013-06-17,4447.64013671875,4447.64013671875,4413.0400390625,4420.97998046875,23555600
2013-06-18,4462.10009765625,4480.5,4447.64013671875,4447.64013671875,30169000
2013-06-19,4445.5498046875,4467.68017578125,4437.06005859375,4462.10009765625,25651600
2013-06-20,4398.52001953125,4445.5498046875,4393.31005859375,4445.5498046875,34748600
2013-06-21,4363.06982421875,4398.52001953125,4337.85986328125,4398.52001953125,68813400
2013-06-24,4364.0400390625,4377.81982421875,4349.8798828125,4363.06982421875,30144000
2013-06-25,4316.990234375,4364.0400390625,4316.990234375,4364.0400390625,34680400
2013-06-26,4393.60986328125,4395.4501953125,4316.990234375,4316.990234375,29277200
2013-06-27,4416.9599609375,4423.0498046875,4393.60986328125,4393.60986328125,39757800
2013-06-28,4440.169921875,4453.68017578125,4416.9599609375,4416.9599609375,34341000
2013-07-01,4418.0498046875,4442.81005859375,4407.830078125,4440.169921875,18781400
2013-07-02,4458.25,4463.25,4418.0498046875,4418.0498046875,28151400
2013-07-03,4450.759765625,4458.7099609375,4439.83984375,4458.25,42444400
2013-07-04,4458.9501953125,4464.6298828125,4442.330078125,4450.759765625,31252000
2013-07-05,4489.85986328125,4492.83984375,4467.39990234375,4467.39990234375,31119400
2013-07-08,4493.2998046875,4509.68017578125,4485.8798828125,4489.85986328125,22247800
2013-07-09,4523.68994140625,4525.16015625,4493.2998046875,4493.2998046875,30011800
2013-07-10,4556.77001953125,4558.759765625,4521.02978515625,4523.68994140625,26046600
2013-07-11,4560.0498046875,4564.25,4545.43994140625,4556.77001953125,37836200
2013-07-12,4568.330078125,4581.56005859375,4560.0498046875,4560.0498046875,48160000
2013-07-15,4606.240234375,4606.240234375,4566.68017578125,4568.330078125,44250800
2013-07-16,4576.5400390625,4608.4599609375,4576.5400390625,4606.240234375,27630000
2013-07-17,4578.97021484375,4588.990234375,4568.58984375,4576.5400390625,29022000
2013-07-18,4563.3798828125,4593.64013671875,4562.22021484375,4578.97021484375,23225000
2013-07-19,4538.31005859375,4576.75,4538.02001953125,4563.3798828125,38357600
2013-07-22,4554.0400390625,4557.7099609375,4538.31005859375,4538.31005859375,16050000
2013-07-23,4580.58984375,4582.47998046875,4553.7900390625,4554.0400390625,22456600
2013-07-24,4599.2001953125,4601.14013671875,4579.68017578125,4580.58984375,27674800
2013-07-25,4576.7998046875,4599.2001953125,4566.7998046875,4599.2001953125,65448800
2013-07-26,4581.990234375,4582.93994140625,4566.91015625,4576.7998046875,22903800
2013-07-29,4578.47998046875,4585.91015625,4570.830078125,4581.990234375,21864800
2013-07-30,4550.580078125,4579.6201171875,4548.85009765625,4578.47998046875,27569800
2013-07-31,4537.97998046875,4559.4599609375,4537.8701171875,4550.580078125,35145400
2013-08-01,4545.77001953125,4549.6201171875,4533.14013671875,4537.97998046875,29614000
2013-08-02,4582.89013671875,4582.89013671875,4545.77001953125,4545.77001953125,30600100
2013-08-05,4589.47998046875,4590.85009765625,4564.3798828125,4582.89013671875,32426600
2013-08-06,4575.5,4589.47998046875,4570.58984375,4589.47998046875,37026400
2013-08-07,4548.2998046875,4577.8701171875,4547.39990234375,4575.5,35056000
2013-08-08,4541.3798828125,4552.97021484375,4529.5,4548.2998046875,46464400
2013-08-09,4533.64013671875,4553.81005859375,4519.259765625,4541.3798828125,32789300
2013-08-12,4522.2998046875,4533.83984375,4507.2099609375,4533.64013671875,26260800
2013-08-13,4525.81982421875,4536.419921875,4520.41015625,4522.2998046875,33142200
2013-08-14,4524.58984375,4535.1201171875,4512.68994140625,4525.81982421875,34626400
2013-08-15,4530.259765625,4537.419921875,4519.509765625,4524.58984375,33710000
2013-08-16,4513.8798828125,4530.259765625,4500.580078125,4530.259765625,33056200
2013-08-19,4503.22021484375,4525.93994140625,4500.60986328125,4513.8798828125,50863200
2013-08-20,4508.35986328125,4514.93994140625,4494.60986328125,4503.22021484375,41606400
2013-08-21,4551.509765625,4554.2099609375,4508.35986328125,4508.35986328125,80829000
2013-08-22,4529.85986328125,4551.509765625,4520.85009765625,4551.509765625,39703200
2013-08-23,4524.2099609375,4547.8701171875,4523.89013671875,4529.85986328125,46013200
2013-08-26,4545.669921875,4547.77001953125,4522.43017578125,4524.2099609375,26986400
2013-08-27,4542.02001953125,4548.64990234375,4535.259765625,4545.669921875,25238200
2013-08-28,4509.72021484375,4543.52001953125,4507.97998046875,4542.02001953125,31608600
2013-08-29,4520.5,4531.7900390625,4502.4599609375,4509.72021484375,111344100
2013-08-30,4540.97021484375,4541.75,4519.10009765625,4520.5,90218900
2013-09-02,4596.35986328125,4596.72998046875,4530.52001953125,4540.97021484375,27951800
2013-09-03,4606.7099609375,4611.10009765625,4588.0498046875,4596.35986328125,31061300
2013-09-04,4610.31005859375,4617.759765625,4603.8798828125,4606.7099609375,58894700
2013-09-05,4604.35009765625,4611.2001953125,4587.43994140625,4610.31005859375,37710700
2013-09-06,4597.18017578125,4616.0400390625,4590.64013671875,4604.35009765625,60549500
2013-09-09,4614.02001953125,4618.52001953125,4594.9599609375,4597.18017578125,38460900
2013-09-10,4627.759765625,4637.41015625,4613.02001953125,4614.02001953125,40038700
2013-09-11,4634.89990234375,4635.35009765625,4616.06982421875,4627.759765625,42662700
2013-09-12,4641.5,4643.72021484375,4632.240234375,4634.89990234375,45138200
2013-09-13,4650.93994140625,4658.330078125,4639.1201171875,4641.5,47284200
2013-09-16,4693.6201171875,4696.1298828125,4648.47021484375,4650.93994140625,35376400
2013-09-17,4698.02978515625,4701.56005859375,4684.2998046875,4693.6201171875,45434200
2013-09-18,4703.830078125,4711.5,4695.669921875,4698.02978515625,38351400
2013-09-19,4753.02978515625,4754.64990234375,4703.830078125,4703.830078125,43871800
2013-09-20,4730.3798828125,4756.83984375,4727.27978515625,4753.02978515625,53175100
2013-09-23,4701.3701171875,4730.4501953125,4688.08984375,4730.3798828125,35543000
2013-09-24,4710.58984375,4720.419921875,4693.31982421875,4701.3701171875,35877600
2013-09-25,4764.72021484375,4768.52978515625,4705.83984375,4710.58984375,43101000
2013-09-26,4765.47021484375,4765.7099609375,4739.77001953125,4764.72021484375,41925900
2013-09-27,4782.68017578125,4783.97021484375,4764.1298828125,4765.47021484375,45409400
2013-10-01,4743.8701171875,4743.8701171875,4712.2001953125,4736.39013671875,24091000
2013-10-02,4768.8701171875,4770.919921875,4732.93017578125,4743.8701171875,29886000
2013-10-03,4770.22021484375,4770.56005859375,4743.35986328125,4768.8701171875,43949900
2013-10-04,4759.3798828125,4770.22021484375,4751.41015625,4770.22021484375,23586200
2013-10-07,4756.0400390625,4774.669921875,4755.97998046875,4759.3798828125,24310600
2013-10-08,4738.68017578125,4756.0400390625,4728.75,4756.0400390625,26519700
2013-10-09,4710.6298828125,4738.68017578125,4710.6298828125,4738.68017578125,35664600
2013-10-10,4717.3798828125,4727.14990234375,4708.75,4710.6298828125,26465800
2013-10-11,4740.77001953125,4751.6201171875,4717.3798828125,4717.3798828125,27203100
2013-10-14,4734.169921875,4747.72021484375,4724.58984375,4740.77001953125,28408800
2013-10-15,4747.93017578125,4748.2900390625,4728.18017578125,4734.169921875,31311100
2013-10-16,4758.77001953125,4764.83984375,4739.419921875,4747.93017578125,31484900
2013-10-17,4776.0,4782.919921875,4758.77001953125,4758.77001953125,39628900
2013-10-18,4758.58984375,4784.41015625,4758.58984375,4776.0,150477700
2013-10-21,4802.56005859375,4807.27978515625,4758.14013671875,4758.58984375,60057400
2013-10-23,4876.39990234375,4877.68017578125,4829.89990234375,4831.7900390625,34298000
2013-10-24,4834.93994140625,4876.39990234375,4814.2900390625,4876.39990234375,48431200
2013-10-25,4863.35009765625,4865.66015625,4834.93994140625,4834.93994140625,35980100
2013-10-29,4852.58984375,4871.89990234375,4852.58984375,4863.35009765625,33708900
2013-10-30,4868.080078125,4869.33984375,4848.60009765625,4852.58984375,49733300
2013-10-31,4909.72998046875,4909.72998046875,4846.1298828125,4868.080078125,50652500
2013-11-01,4913.830078125,4920.1298828125,4886.35986328125,4909.72998046875,37377000
2013-11-04,4910.68017578125,4919.89990234375,4904.4501953125,4913.830078125,27245800
2013-11-05,4938.7001953125,4941.93017578125,4898.10009765625,4910.68017578125,30097500
2013-11-06,4944.56982421875,4960.7001953125,4931.35009765625,4938.7001953125,43477200
2013-11-07,4922.68994140625,4983.60009765625,4920.85009765625,4944.56982421875,39416800
2013-11-08,4951.35986328125,4951.89990234375,4880.31005859375,4922.68994140625,54350100
2013-11-11,4922.169921875,4955.8798828125,4920.240234375,4951.35986328125,29940900
2013-11-12,4915.669921875,4930.35986328125,4908.8798828125,4922.169921875,33702400
2013-11-13,4918.66015625,4925.2900390625,4908.41015625,4915.669921875,32449200
2013-11-14,4927.18017578125,4927.18017578125,4910.2900390625,4918.66015625,32906600
2013-11-15,4914.080078125,4934.08984375,4913.4501953125,4927.18017578125,34070300
2013-11-18,4892.0400390625,4916.89013671875,4889.3798828125,4914.080078125,47095300
2013-11-19,4862.509765625,4893.9501953125,4859.97998046875,4892.0400390625,39677000
2013-11-20,4840.35986328125,4865.31982421875,4831.64013671875,4862.509765625,288035500
2013-11-21,4818.3701171875,4840.35986328125,4810.85986328125,4840.35986328125,35210800
2013-11-22,4818.0,4821.02001953125,4807.25,4818.3701171875,70612200
2013-11-25,4813.8798828125,4840.31005859375,4813.669921875,4818.0,205699900
2013-11-26,4790.75,4816.89013671875,4788.18017578125,4813.8798828125,216799800
2013-11-27,4799.35009765625,4805.89013671875,4786.0400390625,4790.75,71573400
2013-11-28,4809.4599609375,4814.39990234375,4794.2900390625,4799.35009765625,62621400
2013-11-29,4794.9501953125,4811.77978515625,4786.419921875,4809.4599609375,32244600
2013-12-02,4792.330078125,4799.89990234375,4779.89013671875,4794.9501953125,35043500
2013-12-03,4783.85009765625,4792.330078125,4750.31005859375,4792.330078125,45441100
2013-12-04,4734.16015625,4783.85009765625,4723.89013671875,4783.85009765625,43759100
2013-12-05,4719.9501953125,4738.10009765625,4705.08984375,4734.16015625,56639000
2013-12-06,4713.52001953125,4719.9501953125,4697.9599609375,4719.9501953125,73134100
2013-12-09,4718.31005859375,4735.68994140625,4708.85986328125,4713.52001953125,34960800
2013-12-10,4706.509765625,4724.10009765625,4703.66015625,4718.31005859375,41136500
2013-12-11,4704.2998046875,4716.4599609375,4689.5400390625,4706.509765625,42941900
2013-12-12,4708.2001953125,4709.8701171875,4685.919921875,4704.2998046875,54162400
2013-12-13,4717.06005859375,4723.490234375,4677.77978515625,4708.2001953125,70254600
2013-12-16,4735.60986328125,4736.02978515625,4704.35009765625,4717.06005859375,46795300
2013-12-17,4728.02001953125,4737.08984375,4713.7099609375,4735.60986328125,126560300
2013-12-18,4675.8798828125,4728.02001953125,4675.39990234375,4728.02001953125,37643500
2013-12-19,4707.06005859375,4710.93994140625,4672.240234375,4675.8798828125,31378300
2013-12-20,4681.18994140625,4714.2099609375,4679.7998046875,4707.06005859375,74130500
2013-12-23,4722.64013671875,4722.64013671875,4681.18994140625,4681.18994140625,32140900
2013-12-24,4767.93994140625,4767.93994140625,4722.64013671875,4722.64013671875,20643100
2013-12-27,4767.35986328125,4774.39990234375,4749.89013671875,4767.93994140625,10663600
2013-12-30,4768.97998046875,4777.1298828125,4760.7099609375,4767.35986328125,9896600
2013-12-31,4737.009765625,4771.6298828125,4737.009765625,4768.97998046875,7334800
2014-01-03,4769.0400390625,4776.06982421875,4736.3798828125,4737.009765625,9300400
2014-01-06,4765.31982421875,4775.9599609375,4760.2099609375,4769.0400390625,15329900
2014-01-07,4759.6298828125,4783.27978515625,4758.43994140625,4765.31982421875,24619700
2014-01-08,4779.7998046875,4790.72998046875,4759.6298828125,4759.6298828125,19531300
2014-01-09,4814.8701171875,4814.8701171875,4779.7998046875,4779.7998046875,20460300
2014-01-10,4864.39013671875,4875.169921875,4811.83984375,4814.8701171875,36703600
2014-01-13,4899.39990234375,4904.72998046875,4860.31982421875,4864.39013671875,36850000
2014-01-14,4865.16015625,4902.5498046875,4862.4501953125,4899.39990234375,28670400
2014-01-15,4913.02978515625,4915.89990234375,4858.759765625,4865.16015625,30083600
2014-01-16,4921.2900390625,4923.6298828125,4888.33984375,4913.02978515625,81047300
2014-01-17,4893.9501953125,4923.0400390625,4893.9501953125,4921.2900390625,40504300
2014-01-20,4890.5,4901.39990234375,4879.330078125,4898.6201171875,20904800
2014-01-21,4921.669921875,4922.89013671875,4886.0498046875,4892.5,29100400
2014-01-22,4950.33984375,4950.33984375,4917.10986328125,4918.2998046875,38284000
2014-01-23,4911.080078125,4951.169921875,4911.080078125,4941.39013671875,33473300
2014-01-24,4873.7001953125,4911.080078125,4866.39990234375,4888.580078125,30612800
2014-01-27,4853.7998046875,4873.7001953125,4819.8701171875,4844.43994140625,21704700
2014-01-28,4848.43994140625,4862.39990234375,4834.35986328125,4845.41015625,25532300
2014-01-29,4882.72021484375,4882.72021484375,4848.43994140625,4861.8701171875,37293100
2014-01-30,4849.83984375,4882.72021484375,4838.56982421875,4866.10986328125,25501700
2014-01-31,4874.580078125,4896.2001953125,4849.83984375,4866.06005859375,35032900
2014-02-03,4849.5,4877.009765625,4845.580078125,4876.41015625,24933800
2014-02-04,4802.6201171875,4849.5,4780.0498046875,4801.9599609375,50299600
2014-02-05,4807.93994140625,4832.669921875,4802.6201171875,4815.66015625,44279900
2014-02-07,4840.7900390625,4840.9599609375,4807.93994140625,4817.740234375,34299400
2014-02-10,4833.06005859375,4843.64990234375,4822.2998046875,4839.7900390625,28503000
2014-02-11,4848.8798828125,4856.669921875,4833.06005859375,4835.669921875,40315900
2014-02-12,4869.97021484375,4885.68017578125,4847.93994140625,4847.93994140625,32529300
2014-02-13,4873.52978515625,4879.16015625,4854.4501953125,4862.2001953125,37417700
2014-02-14,4888.39990234375,4888.39990234375,4862.7099609375,4868.4501953125,44201300
2014-02-17,4894.990234375,4910.31005859375,4888.39990234375,4896.56982421875,23700400
2014-02-18,4895.10009765625,4904.64990234375,4884.93017578125,4904.33984375,43875300
2014-02-19,4914.14013671875,4914.14013671875,4883.080078125,4890.85009765625,46888100
2014-02-20,4909.830078125,4914.14013671875,4878.10009765625,4893.759765625,35649300
2014-02-21,4927.64013671875,4937.0498046875,4899.740234375,4899.8798828125,38780100
2014-02-24,4969.64990234375,4969.64990234375,4921.4501953125,4924.8798828125,56484400
2014-02-25,4967.509765625,4977.97998046875,4960.3701171875,4972.02978515625,40094800
2014-02-26,4973.2001953125,4973.2001953125,4955.419921875,4965.64990234375,35555100
2014-02-27,4964.33984375,4975.0,4943.740234375,4974.4599609375,35194600
2014-02-28,4990.0400390625,4990.0400390625,4960.2001953125,4963.27978515625,59584200
2014-03-03,5007.39990234375,5007.39990234375,4969.58984375,4978.22998046875,32326600
2014-03-04,5033.259765625,5042.43994140625,4986.81005859375,4990.91015625,28319700
2014-03-05,5073.08984375,5075.68994140625,5033.259765625,5051.81005859375,54096100
2014-03-06,5114.7900390625,5114.7900390625,5073.08984375,5074.91015625,55335200
2014-03-07,5125.64990234375,5126.47998046875,5112.56005859375,5122.5498046875,58610800
2014-03-10,5117.83984375,5125.64990234375,5097.18017578125,5106.58984375,39210800
2014-03-11,5101.93994140625,5117.83984375,5091.25,5112.0400390625,60471700
2014-03-12,5096.52978515625,5101.93994140625,5085.18994140625,5093.64013671875,45161900
2014-03-13,5111.97998046875,5115.22998046875,5082.18017578125,5087.14990234375,26174800
2014-03-14,5079.31982421875,5111.97998046875,5062.35009765625,5094.10009765625,34904300
2014-03-17,5088.02978515625,5097.02001953125,5057.580078125,5070.77001953125,48212300
2014-03-18,5135.66015625,5135.66015625,5088.02978515625,5102.75,58285900
2014-03-19,5154.72021484375,5159.7900390625,5135.66015625,5141.740234375,49178000
2014-03-20,5160.39013671875,5160.39013671875,5130.75,5136.64990234375,46999800
2014-03-21,5124.990234375,5160.39013671875,5124.990234375,5153.6298828125,88783300
2014-03-24,5118.6201171875,5142.2099609375,5118.6201171875,5126.14990234375,44515000
2014-03-25,5130.7001953125,5134.7099609375,5089.91015625,5102.91015625,51255700
2014-03-26,5124.89013671875,5154.490234375,5124.89013671875,5134.81005859375,47208600
2014-03-27,5126.52978515625,5136.740234375,5112.83984375,5124.9599609375,35104400
2014-03-28,5142.89990234375,5146.89013671875,5103.97998046875,5119.5498046875,36524700
2014-03-31,5139.97998046875,5145.919921875,5128.68017578125,5145.919921875,52159100
2014-04-01,5122.52001953125,5139.97998046875,5112.47021484375,5129.0,34626900
2014-04-02,5116.31005859375,5123.259765625,5112.18017578125,5118.60009765625,42298900
2014-04-03,5122.3701171875,5123.669921875,5097.8701171875,5100.64990234375,50030400
2014-04-04,5123.89990234375,5127.8798828125,5112.259765625,5123.08984375,35070700
2014-04-07,5075.83984375,5123.89990234375,5072.31005859375,5096.68994140625,29215200
2014-04-08,5031.56005859375,5075.83984375,5016.3798828125,5044.18017578125,40102100
2014-04-09,5067.41015625,5074.14013671875,5031.56005859375,5043.02001953125,29201600
2014-04-10,5115.490234375,5121.509765625,5067.41015625,5079.3798828125,50108300
2014-04-11,5091.43017578125,5115.490234375,5054.7998046875,5063.06982421875,31197200
2014-04-14,5063.5400390625,5091.43017578125,5055.68017578125,5063.66015625,28860300
2014-04-15,5076.2900390625,5081.85009765625,5061.35009765625,5061.77001953125,32256500
2014-04-16,5090.5498046875,5102.97021484375,5076.2900390625,5090.14990234375,37977300
2014-04-17,5103.35009765625,5103.35009765625,5088.10009765625,5096.740234375,49768800
2014-04-22,5104.93994140625,5108.7998046875,5092.64013671875,5103.27001953125,31453200
2014-04-23,5142.919921875,5142.919921875,5104.93994140625,5114.27001953125,36752700
2014-04-24,5153.9599609375,5158.64990234375,5124.97021484375,5138.10009765625,38123700
2014-04-28,5115.7998046875,5153.9599609375,5115.7998046875,5136.85009765625,70441400
2014-04-29,5148.2900390625,5155.06005859375,5115.7998046875,5121.85986328125,40187300
2014-04-30,5232.68017578125,5232.68017578125,5148.2900390625,5184.7998046875,93986800
2014-05-01,5209.2099609375,5232.7900390625,5204.81982421875,5223.2099609375,40547900
2014-05-02,5232.91015625,5232.91015625,5202.9599609375,5203.08984375,52557400
2014-05-05,5200.25,5232.91015625,5196.3798828125,5225.47021484375,53661200
2014-05-06,5174.89990234375,5200.64990234375,5171.830078125,5199.43017578125,61807900
2014-05-07,5189.1298828125,5189.1298828125,5150.3701171875,5161.75,43154600
2014-05-08,5161.41015625,5193.58984375,5161.41015625,5193.14990234375,32151800
2014-05-09,5152.669921875,5169.60986328125,5144.419921875,5162.64013671875,25964900
2014-05-12,5162.419921875,5167.6298828125,5152.669921875,5158.43017578125,35198900
2014-05-13,5199.33984375,5199.33984375,5162.419921875,5173.3701171875,25826900
2014-05-14,5213.35986328125,5214.47021484375,5196.2998046875,5199.02001953125,29383700
2014-05-15,5194.9599609375,5223.8798828125,5193.33984375,5209.85986328125,32862100
2014-05-16,5186.18994140625,5194.9599609375,5167.009765625,5175.830078125,43321100
2014-05-19,5167.77978515625,5188.52978515625,5167.77978515625,5178.2998046875,34066300
2014-05-20,5134.89013671875,5172.47998046875,5125.39990234375,5169.72998046875,37591300
2014-05-21,5108.56982421875,5134.89013671875,5094.35986328125,5124.14990234375,34289300
2014-05-22,5128.83984375,5133.75,5108.56982421875,5117.4501953125,41055200
2014-05-23,5151.3701171875,5154.18994140625,5117.60009765625,5123.9501953125,31502800
2014-05-26,5153.68017578125,5172.4599609375,5147.27001953125,5149.97021484375,27346300
2014-05-27,5145.85009765625,5154.3701171875,5143.5,5149.56982421875,24202900
2014-05-28,5181.4599609375,5186.7998046875,5145.85009765625,5153.64013671875,36935400
2014-05-29,5183.16015625,5183.16015625,5167.75,5180.169921875,29890200
2014-05-30,5178.43994140625,5191.97998046875,5169.7099609375,5176.5498046875,136841600
2014-06-03,5164.1201171875,5182.919921875,5158.06982421875,5177.91015625,50562200
2014-06-04,5159.35009765625,5172.509765625,5156.35009765625,5160.4501953125,40175800
2014-06-05,5159.490234375,5166.58984375,5153.4599609375,5159.5,35251800
2014-06-06,5182.43994140625,5190.08984375,5159.490234375,5169.490234375,37732300
2014-06-09,5186.43017578125,5188.16015625,5170.3798828125,5171.10009765625,26290500
2014-06-10,5179.39990234375,5187.64013671875,5173.91015625,5184.580078125,24246000
2014-06-11,5179.14990234375,5179.56982421875,5165.56005859375,5175.75,34328400
2014-06-12,5195.10986328125,5195.10986328125,5169.009765625,5172.580078125,64289700
2014-06-13,5170.509765625,5195.10986328125,5165.02978515625,5187.81005859375,35165500
2014-06-16,5178.7998046875,5178.7998046875,5162.77001953125,5169.8798828125,25467900
2014-06-17,5193.5,5194.5400390625,5175.990234375,5176.919921875,44415900
2014-06-18,5184.4599609375,5196.43994140625,5174.240234375,5193.490234375,39592900
2014-06-19,5192.14990234375,5195.31982421875,5182.31982421875,5188.52978515625,75107700
2014-06-20,5145.02978515625,5192.14990234375,5145.02978515625,5188.75,91102800
2014-06-23,5126.16015625,5157.3701171875,5124.52978515625,5156.68994140625,42889200
2014-06-24,5121.2099609375,5126.16015625,5091.02001953125,5122.93994140625,32716800
2014-06-25,5104.5400390625,5131.9501953125,5102.2900390625,5123.47998046875,36713600
2014-06-26,5130.14990234375,5130.14990234375,5104.5400390625,5116.56005859375,35197300
2014-06-27,5144.25,5148.33984375,5130.14990234375,5137.22021484375,23281000
2014-06-30,5141.47998046875,5154.18994140625,5140.47998046875,5148.6201171875,32863400
2014-07-01,5146.259765625,5152.43017578125,5134.77978515625,5136.56005859375,30488300
2014-07-02,5149.39013671875,5158.77978515625,5141.9599609375,5141.9599609375,30818500
2014-07-03,5167.39013671875,5170.419921875,5149.39013671875,5151.27978515625,28223600
2014-07-04,5188.91015625,5188.91015625,5161.10009765625,5162.0,30544200
2014-07-07,5186.35986328125,5188.91015625,5167.5498046875,5176.56005859375,23327200
2014-07-08,5166.080078125,5186.35986328125,5163.60009765625,5172.31982421875,39567200
2014-07-09,5122.740234375,5166.080078125,5121.169921875,5155.22021484375,40475700
2014-07-10,5128.009765625,5141.7900390625,5122.740234375,5134.56005859375,36820700
2014-07-11,5100.58984375,5128.52978515625,5096.8798828125,5118.740234375,23939300
2014-07-14,5127.8701171875,5128.77001953125,5098.39013671875,5105.56005859375,32277300
2014-07-15,5115.39990234375,5127.8701171875,5106.43017578125,5125.5,31598100
2014-07-16,5114.240234375,5118.91015625,5106.490234375,5112.5498046875,30743200
2014-07-17,5112.39013671875,5119.06982421875,5105.60986328125,5113.02001953125,34645700
2014-07-18,5108.93017578125,5112.39013671875,5080.7001953125,5110.39013671875,37831300
2014-07-21,5126.89990234375,5126.89990234375,5098.5498046875,5098.77978515625,34289700
2014-07-22,5133.8701171875,5133.8701171875,5116.18994140625,5130.33984375,28343800
2014-07-23,5146.52978515625,5155.7001953125,5119.18017578125,5128.419921875,37440900
2014-07-24,5174.7099609375,5175.06005859375,5142.4501953125,5144.5498046875,34886400
2014-07-25,5194.27001953125,5194.27978515625,5166.8701171875,5172.4599609375,37212100
2014-07-28,5187.14013671875,5194.27001953125,5179.25,5185.669921875,25291400
2014-07-29,5165.56005859375,5196.60009765625,5165.56005859375,5194.3798828125,53673600
2014-07-30,5158.5498046875,5166.14013671875,5155.10009765625,5161.47998046875,46119400
2014-07-31,5167.990234375,5168.1201171875,5146.41015625,5148.7099609375,49817600
2014-08-01,5109.93017578125,5167.990234375,5109.93017578125,5114.35986328125,28391400
2014-08-04,5090.68994140625,5109.93017578125,5084.5,5105.169921875,31389700
2014-08-05,5104.16015625,5109.77001953125,5088.0498046875,5089.240234375,67741900
2014-08-06,5092.22998046875,5104.16015625,5078.16015625,5089.7099609375,32666600
2014-08-07,5097.509765625,5100.56982421875,5086.509765625,5089.240234375,40091600
2014-08-08,5055.2001953125,5097.509765625,5053.2099609375,5086.1298828125,30045100
2014-08-11,5049.6298828125,5073.39013671875,5038.22998046875,5061.39013671875,24833000
2014-08-12,5055.81005859375,5058.68994140625,5044.259765625,5052.33984375,33279300
2014-08-13,5054.7001953125,5063.0498046875,5043.580078125,5045.47998046875,36338100
2014-08-14,5062.41015625,5069.0400390625,5049.97998046875,5056.64013671875,31202500
2014-08-15,5078.080078125,5086.580078125,5062.41015625,5070.759765625,23961400
2014-08-18,5071.1201171875,5083.39013671875,5060.60986328125,5080.10009765625,21274000
2014-08-19,5114.2099609375,5124.0498046875,5071.1201171875,5083.4599609375,35926300
2014-08-20,5140.33984375,5153.43994140625,5104.5,5113.16015625,46653600
2014-08-21,5152.919921875,5167.009765625,5124.75,5130.259765625,31779100
2014-08-22,5167.0,5170.93994140625,5152.919921875,5157.39990234375,34596400
2014-08-25,5182.740234375,5200.52001953125,5167.0,5174.10009765625,25817900
2014-08-26,5195.6298828125,5205.8798828125,5175.990234375,5178.2001953125,31451300
2014-08-27,5243.7001953125,5243.7001953125,5195.6298828125,5204.60986328125,35135100
2014-08-28,5237.509765625,5248.14990234375,5234.33984375,5245.2099609375,31863700
2014-08-29,5223.2998046875,5237.509765625,5214.25,5230.68017578125,47294800
2014-09-01,5215.39990234375,5223.2998046875,5205.8701171875,5212.0,24584800
2014-09-02,5221.77001953125,5221.77001953125,5202.2998046875,5207.31982421875,33083900
2014-09-03,5224.39990234375,5230.759765625,5215.759765625,5216.4501953125,47384600
2014-09-04,5228.5498046875,5233.3798828125,5220.669921875,5228.009765625,45403800
2014-09-05,5253.8701171875,5253.8701171875,5222.47998046875,5225.56982421875,40601500
2014-09-08,5261.75,5264.43017578125,5247.02978515625,5249.25,31000300
2014-09-09,5243.7001953125,5261.75,5242.5,5255.35009765625,22366600
2014-09-10,5236.66015625,5243.7001953125,5228.27978515625,5235.68994140625,20047100
2014-09-11,5262.31982421875,5262.31982421875,5236.66015625,5244.7001953125,28028200
2014-09-12,5223.97021484375,5262.31982421875,5218.64013671875,5251.22998046875,32895700
2014-09-15,5210.85986328125,5226.85986328125,5210.85986328125,5225.68994140625,26238900
2014-09-16,5189.7900390625,5210.85986328125,5189.7900390625,5208.64990234375,23745000
2014-09-17,5142.33984375,5212.85986328125,5142.33984375,5197.41015625,55268300
2014-09-18,5154.18017578125,5171.22998046875,5142.33984375,5152.580078125,31125700
2014-09-19,5181.35009765625,5183.7998046875,5154.18017578125,5163.080078125,42787700
2014-09-22,5236.2900390625,5257.990234375,5181.35009765625,5240.2001953125,46754700
2014-09-23,5241.43994140625,5241.8701171875,5218.990234375,5230.91015625,34803400
2014-09-24,5258.169921875,5266.47998046875,5241.43994140625,5246.47021484375,50272000
2014-09-25,5277.85986328125,5289.47998046875,5258.169921875,5261.259765625,37683500
2014-09-26,5253.490234375,5277.85986328125,5243.240234375,5262.72998046875,55664100
2014-09-29,5259.509765625,5283.490234375,5253.490234375,5265.93994140625,28207200
2014-09-30,5255.0400390625,5264.31982421875,5245.330078125,5258.52001953125,69623600
2014-10-01,5274.580078125,5274.580078125,5243.22998046875,5256.08984375,34050300
2014-10-02,5245.240234375,5274.580078125,5241.490234375,5252.22021484375,36429700
2014-10-03,5236.990234375,5245.60986328125,5229.830078125,5240.93017578125,38298600
2014-10-06,5241.31005859375,5254.27001953125,5234.10986328125,5254.080078125,26160500
2014-10-07,5235.7099609375,5241.31005859375,5222.18017578125,5238.60009765625,34772900
2014-10-08,5245.89990234375,5245.89990234375,5201.97021484375,5216.1201171875,38469100
2014-10-09,5266.0400390625,5273.330078125,5245.89990234375,5250.2001953125,43882600
2014-10-10,5225.14013671875,5266.0400390625,5207.3701171875,5234.0498046875,33441300
2014-10-13,5170.0498046875,5225.14013671875,5166.64990234375,5199.89990234375,29315700
2014-10-14,5145.89013671875,5170.0498046875,5121.7099609375,5143.72998046875,39388700
2014-10-15,5162.8701171875,5168.72021484375,5145.89013671875,5151.85986328125,28901200
2014-10-16,5132.02001953125,5162.8701171875,5097.080078125,5132.22021484375,44471500
2014-10-17,5146.93994140625,5155.35009765625,5124.56982421875,5128.33984375,38753300
2014-10-20,5197.89013671875,5207.89013671875,5146.93994140625,5161.91015625,37933600
2014-10-21,5233.1201171875,5238.89990234375,5197.89013671875,5204.27978515625,50901000
2014-10-22,5279.7001953125,5284.2900390625,5233.1201171875,5245.669921875,41147400
2014-10-23,5292.830078125,5299.8701171875,5271.35986328125,5275.10009765625,40604800
2014-10-24,5333.830078125,5344.43994140625,5292.830078125,5307.080078125,41819300
2014-10-28,5338.330078125,5345.830078125,5323.08984375,5331.31005859375,46015900
2014-10-29,5355.8798828125,5367.58984375,5338.330078125,5340.259765625,39765900
2014-10-30,5370.18017578125,5381.7099609375,5338.9501953125,5339.75,28456500
2014-10-31,5387.830078125,5405.31005859375,5370.18017578125,5375.02978515625,52611200
2014-11-03,5418.22021484375,5418.22021484375,5387.830078125,5396.2001953125,27535200
2014-11-04,5423.259765625,5425.83984375,5405.02978515625,5415.43994140625,30711900
2014-11-05,5402.14990234375,5428.2099609375,5392.2900390625,5421.02001953125,31862200
2014-11-06,5403.60986328125,5429.52978515625,5402.14990234375,5405.16015625,32946900
2014-11-07,5418.990234375,5429.39013671875,5403.60986328125,5413.740234375,57316600
2014-11-10,5470.33984375,5477.22021484375,5418.990234375,5423.0,36959800
2014-11-11,5490.7900390625,5506.0498046875,5467.1201171875,5470.6298828125,45537700
2014-11-12,5487.89013671875,5507.47021484375,5481.4501953125,5485.97021484375,46355900
2014-11-13,5462.740234375,5487.89013671875,5454.58984375,5476.35009765625,38798400
2014-11-14,5484.0,5484.0,5459.2099609375,5467.47021484375,47652600
2014-11-17,5490.22998046875,5494.52978515625,5475.66015625,5484.830078125,27542400
2014-11-18,5505.02978515625,5509.0400390625,5485.27978515625,5488.06982421875,28464500
2014-11-19,5522.06005859375,5524.89013671875,5500.08984375,5500.47021484375,41081600
2014-11-20,5526.9501953125,5537.990234375,5512.83984375,5519.66015625,40561800
2014-11-21,5495.81005859375,5526.9501953125,5481.14990234375,5504.93017578125,39132100
2014-11-24,5471.68017578125,5509.85009765625,5471.68017578125,5501.47998046875,38780400
2014-11-25,5442.68017578125,5471.68017578125,5427.2001953125,5455.7900390625,259219200
2014-11-26,5457.39013671875,5465.6201171875,5442.68017578125,5451.60986328125,34832500
2014-11-27,5455.3798828125,5462.06005859375,5440.02001953125,5454.41015625,28952900
2014-11-28,5424.4501953125,5474.7001953125,5424.4501953125,5456.41015625,46156100
2014-12-01,5429.6201171875,5440.68994140625,5422.16015625,5429.08984375,28532900
2014-12-02,5430.0400390625,5435.91015625,5401.43994140625,5434.0,53422100
2014-12-03,5503.06982421875,5503.06982421875,5430.0400390625,5431.47021484375,56452100
2014-12-04,5522.68017578125,5530.5498046875,5484.16015625,5485.47021484375,44464600
2014-12-05,5521.91015625,5529.22998046875,5503.89990234375,5510.5400390625,50839300
2014-12-08,5529.31982421875,5529.31982421875,5512.89990234375,5514.47998046875,27840700
2014-12-09,5542.93017578125,5542.93017578125,5521.93994140625,5528.5,40425300
2014-12-10,5523.580078125,5542.93017578125,5516.009765625,5530.10986328125,52054700
2014-12-11,5502.06982421875,5523.580078125,5473.68017578125,5487.02978515625,54365300
2014-12-12,5514.9501953125,5525.08984375,5502.06982421875,5503.2099609375,44309000
2014-12-15,5499.06982421875,5514.9501953125,5464.91015625,5486.33984375,32148300
2014-12-16,5495.75,5501.759765625,5480.7998046875,5489.080078125,41077400
2014-12-17,5496.58984375,5503.240234375,5492.08984375,5494.490234375,43732800
2014-12-18,5518.47998046875,5532.7900390625,5496.58984375,5509.60986328125,40481800
2014-12-19,5527.75,5545.02978515625,5518.47998046875,5522.0498046875,57147100
2014-12-22,5541.740234375,5553.7001953125,5522.47021484375,5530.759765625,32570700
2014-12-23,5552.10009765625,5560.31005859375,5541.740234375,5558.509765625,26761200
2014-12-24,5557.419921875,5557.419921875,5538.52978515625,5547.009765625,14894200
2014-12-29,5592.330078125,5594.47998046875,5544.7001953125,5553.85009765625,15805800
2014-12-30,5577.2001953125,5599.02978515625,5577.2001953125,5595.580078125,16157000
2014-12-31,5568.27978515625,5577.2001953125,5543.419921875,5577.2001953125,17257000
2015-01-05,5602.60009765625,5604.85986328125,5568.27978515625,5577.3798828125,24317500
2015-01-06,5561.3798828125,5602.60009765625,5557.43017578125,5573.14990234375,29518600
2015-01-07,5558.06005859375,5566.080078125,5541.6201171875,5549.22021484375,29067300
2015-01-08,5574.0498046875,5580.89990234375,5558.06005859375,5561.7099609375,27037600
2015-01-09,5584.83984375,5608.47021484375,5574.0498046875,5589.68017578125,26210100
2015-01-12,5609.7998046875,5618.77001953125,5579.740234375,5583.22998046875,24687700
2015-01-13,5636.60986328125,5638.18994140625,5606.5400390625,5613.8798828125,21743000
2015-01-14,5648.6298828125,5655.81005859375,5635.490234375,5637.1201171875,30877200
2015-01-15,5642.0498046875,5648.6298828125,5624.56982421875,5635.77001953125,29517400
2015-01-16,5616.72998046875,5647.0400390625,5614.18017578125,5634.77001953125,26223200
2015-01-19,5638.14013671875,5644.33984375,5616.72998046875,5625.990234375,16575800
2015-01-20,5633.22021484375,5640.830078125,5630.06005859375,5636.8701171875,30165800
2015-01-21,5672.85009765625,5675.2001953125,5627.7099609375,5631.080078125,31460200
2015-01-22,5647.14990234375,5686.41015625,5647.14990234375,5669.830078125,24038500
2015-01-23,5675.240234375,5713.2998046875,5647.14990234375,5667.759765625,34304500
2015-01-26,5698.66015625,5703.0498046875,5673.2998046875,5680.22021484375,14846900
2015-01-27,5737.740234375,5737.740234375,5690.18017578125,5691.7998046875,30722300
2015-01-28,5794.81982421875,5794.81982421875,5710.66015625,5713.2900390625,43803000
2015-01-29,5759.81005859375,5820.0,5759.81005859375,5782.14990234375,45801300
2015-01-30,5744.0,5766.75,5732.990234375,5753.52978515625,40790100
2015-02-02,5756.68994140625,5756.68994140625,5733.990234375,5741.89013671875,29502500
2015-02-03,5781.9501953125,5781.9501953125,5755.58984375,5765.47021484375,36888400
2015-02-04,5785.31982421875,5802.47021484375,5777.31982421875,5788.2998046875,55895200
2015-02-05,5797.58984375,5805.22021484375,5775.83984375,5781.169921875,40699600
2015-02-09,5769.56982421875,5797.58984375,5760.72021484375,5785.009765625,37211700
2015-02-10,5784.08984375,5784.64990234375,5757.47998046875,5762.47998046875,40485100
2015-02-11,5789.18017578125,5799.3701171875,5776.66015625,5781.81982421875,37340900
2015-02-12,5749.31982421875,5789.18017578125,5749.31982421875,5781.77001953125,57972300
2015-02-13,5786.5400390625,5786.5400390625,5743.93017578125,5749.66015625,49937000
2015-02-16,5758.25,5786.5400390625,5741.509765625,5765.919921875,29726600
2015-02-17,5750.2099609375,5764.6298828125,5741.75,5752.93017578125,39886000
2015-02-18,5741.35986328125,5750.2099609375,5722.91015625,5738.330078125,45673400
2015-02-19,5726.22998046875,5741.35986328125,5720.85009765625,5727.5400390625,49625700
2015-02-20,5748.9501953125,5759.43994140625,5717.0498046875,5728.02001953125,41317900
2015-02-23,5754.35986328125,5765.60986328125,5747.81005859375,5754.43017578125,29038400
2015-02-24,5722.97021484375,5754.35986328125,5721.0498046875,5744.18017578125,34683100
2015-02-25,5842.2900390625,5842.2900390625,5722.97021484375,5756.02001953125,58520300
2015-02-26,5861.68017578125,5865.43017578125,5825.66015625,5836.16015625,50721000
2015-02-27,5878.47021484375,5878.47021484375,5842.31005859375,5861.64013671875,48023800
2015-03-02,5892.669921875,5896.4599609375,5878.47021484375,5884.56982421875,44780700
2015-03-03,5893.66015625,5911.0,5875.3701171875,5885.0400390625,41264600
2015-03-04,5874.080078125,5893.66015625,5866.31005859375,5887.759765625,35358200
2015-03-05,5856.77001953125,5874.080078125,5840.64990234375,5854.66015625,61329700
2015-03-06,5903.06982421875,5903.6298828125,5853.7998046875,5861.35009765625,48163200
2015-03-09,5896.9599609375,5903.22021484375,5870.5,5887.43994140625,34138700
2015-03-10,5887.75,5901.830078125,5886.97021484375,5892.58984375,46490200
2015-03-11,5861.97998046875,5887.75,5851.85009765625,5857.259765625,47672300
2015-03-12,5886.77978515625,5886.77978515625,5837.5400390625,5856.669921875,36252500
2015-03-13,5908.58984375,5911.669921875,5884.1201171875,5891.47998046875,33147400
2015-03-16,5911.39990234375,5927.10009765625,5901.0400390625,5905.68994140625,36684900
2015-03-17,5905.41015625,5917.39990234375,5899.8701171875,5917.39990234375,33854200
2015-03-18,5846.66015625,5905.41015625,5846.66015625,5892.990234375,77206600
2015-03-19,5859.39990234375,5871.39013671875,5846.66015625,5858.43017578125,51602100
2015-03-20,5871.3798828125,5875.22021484375,5852.5400390625,5862.97998046875,130921800
2015-03-23,5875.22998046875,5878.509765625,5857.009765625,5869.60009765625,41498800
2015-03-24,5870.5400390625,5875.22998046875,5859.93994140625,5862.58984375,31344700
2015-03-25,5857.77978515625,5870.759765625,5856.7998046875,5864.9599609375,36345300
2015-03-26,5833.169921875,5857.77978515625,5811.5,5835.52001953125,29709800
2015-03-27,5854.25,5854.25,5823.66015625,5833.14990234375,31583000
2015-03-30,5821.2900390625,5854.25,5813.43017578125,5831.22021484375,30388300
2015-03-31,5833.990234375,5838.919921875,5821.2900390625,5835.10009765625,49017900
2015-04-01,5835.580078125,5838.41015625,5807.330078125,5816.91015625,40762200
2015-04-02,5831.39990234375,5835.580078125,5809.10986328125,5828.4599609375,32565800
2015-04-07,5855.43994140625,5861.43994140625,5831.39990234375,5835.240234375,27979800
2015-04-08,5859.72021484375,5866.2900390625,5848.759765625,5854.39013671875,32372900
2015-04-09,5847.169921875,5859.72021484375,5839.77001953125,5857.41015625,34998800
2015-04-10,5847.35986328125,5848.43017578125,5836.919921875,5843.919921875,28185600
2015-04-13,5854.31982421875,5863.169921875,5835.5,5840.02978515625,23612500
2015-04-14,5882.10986328125,5882.10986328125,5850.2998046875,5853.39013671875,34028000
2015-04-15,5856.080078125,5882.10986328125,5856.080078125,5878.2001953125,35978600
2015-04-16,5881.759765625,5881.759765625,5855.83984375,5861.7099609375,34411100
2015-04-17,5861.47998046875,5884.72021484375,5861.47998046875,5876.56005859375,45962700
2015-04-20,5824.27978515625,5861.47998046875,5819.8798828125,5836.4501953125,29325300
2015-04-21,5817.52001953125,5840.72021484375,5805.81982421875,5835.02978515625,52700000
2015-04-22,5793.60986328125,5817.52001953125,5788.68994140625,5813.27001953125,44384500
2015-04-23,5757.91015625,5793.60986328125,5757.18994140625,5788.97998046875,59367200
2015-04-24,5765.35986328125,5776.35009765625,5754.9501953125,5759.9599609375,37440700
2015-04-28,5769.64990234375,5790.52001953125,5759.64013671875,5768.509765625,42534000
2015-04-29,5740.81982421875,5781.759765625,5740.81982421875,5766.18017578125,38010100
2015-04-30,5791.33984375,5791.33984375,5734.27978515625,5741.72021484375,40077900
2015-05-01,5797.39990234375,5797.39990234375,5762.9599609375,5778.81982421875,44218200
2015-05-04,5767.080078125,5797.39990234375,5767.080078125,5787.25,23767700
2015-05-05,5787.7900390625,5790.3701171875,5758.6201171875,5766.3798828125,29203300
2015-05-06,5765.27001953125,5795.81982421875,5756.27978515625,5777.27001953125,37778100
2015-05-07,5729.35009765625,5765.27001953125,5704.759765625,5754.080078125,78586700
2015-05-08,5735.35986328125,5756.52001953125,5729.35009765625,5734.830078125,23589900
2015-05-11,5747.9501953125,5763.7998046875,5735.35986328125,5746.27001953125,26229000
2015-05-12,5746.22998046875,5758.9599609375,5742.60986328125,5750.06005859375,27673700
2015-05-13,5751.759765625,5770.169921875,5746.22998046875,5754.1298828125,37066400
2015-05-14,5738.39990234375,5751.759765625,5731.39990234375,5744.93017578125,39505800
2015-05-15,5760.3798828125,5765.10986328125,5738.39990234375,5741.0498046875,28027200
2015-05-18,5772.7099609375,5782.60009765625,5752.6201171875,5761.35009765625,27749400
2015-05-19,5757.16015625,5775.91015625,5748.740234375,5769.68994140625,34198100
2015-05-20,5755.7900390625,5758.7998046875,5728.4501953125,5747.009765625,35879400
2015-05-21,5769.27001953125,5769.27001953125,5734.77978515625,5748.72021484375,44893800
2015-05-22,5776.02001953125,5785.18017578125,5766.22021484375,5767.66015625,40718600
2015-05-25,5794.97998046875,5810.2001953125,5776.02001953125,5807.60009765625,30011500
2015-05-26,5795.85986328125,5813.10986328125,5778.39990234375,5790.3798828125,27061200
2015-05-27,5757.93994140625,5795.85986328125,5757.93994140625,5785.83984375,44630600
2015-05-28,5777.64013671875,5777.64013671875,5757.93994140625,5766.93017578125,41688200
2015-05-29,5844.9501953125,5844.9501953125,5777.64013671875,5790.75,90510000
2015-06-02,5863.740234375,5873.66015625,5844.9501953125,5850.18017578125,57814600
2015-06-03,5858.7099609375,5866.02978515625,5849.33984375,5856.22021484375,48982500
2015-06-04,5865.43994140625,5867.60986328125,5853.1298828125,5861.18017578125,49450900
2015-06-05,5867.89990234375,5869.89990234375,5840.27978515625,5845.14990234375,36241100
2015-06-08,5885.81005859375,5898.58984375,5867.7001953125,5873.0,24486000
2015-06-09,5862.10986328125,5885.81005859375,5850.85986328125,5880.06005859375,36277700
2015-06-10,5803.8701171875,5862.10986328125,5800.5400390625,5849.27978515625,40244700
2015-06-11,5858.41015625,5866.39990234375,5803.8701171875,5834.830078125,41620600
2015-06-12,5846.97021484375,5874.47998046875,5839.35009765625,5863.0498046875,40111300
2015-06-15,5819.97021484375,5846.97021484375,5819.97021484375,5830.759765625,36004100
2015-06-16,5813.93017578125,5828.990234375,5809.77001953125,5811.91015625,27656400
2015-06-17,5779.259765625,5819.77001953125,5779.08984375,5813.6201171875,32810900
2015-06-18,5749.7099609375,5783.97021484375,5749.7099609375,5774.64013671875,35007600
2015-06-19,5781.759765625,5788.990234375,5749.7099609375,5760.93017578125,93530300
2015-06-22,5772.0498046875,5791.759765625,5767.759765625,5781.77001953125,52739200
2015-06-23,5772.14013671875,5787.740234375,5766.0498046875,5772.0400390625,54137400
2015-06-24,5775.490234375,5790.22998046875,5772.1298828125,5772.14013671875,48504900
2015-06-25,5733.2900390625,5775.47998046875,5733.2900390625,5775.47998046875,63507400
2015-06-26,5755.43994140625,5764.97021484375,5733.2900390625,5733.2900390625,42219100
2015-06-29,5705.81005859375,5755.4501953125,5695.0400390625,5755.4501953125,31165400
2015-06-30,5726.9599609375,5737.43017578125,5684.0498046875,5686.1298828125,73978200
2015-07-01,5794.35986328125,5794.35986328125,5726.9599609375,5726.9599609375,38674600
2015-07-02,5841.47021484375,5841.47021484375,5794.35986328125,5794.35986328125,47670000
2015-07-03,5840.89990234375,5872.64990234375,5832.580078125,5841.47021484375,52144400
2015-07-06,5776.6201171875,5840.89013671875,5776.6201171875,5840.89013671875,40151800
2015-07-07,5803.18017578125,5816.509765625,5772.06005859375,5776.6201171875,49427600
2015-07-08,5767.7001953125,5811.35009765625,5767.7001953125,5804.64990234375,54306100
2015-07-09,5737.43994140625,5767.7001953125,5686.990234375,5767.7001953125,61903100
2015-07-10,5725.33984375,5760.7099609375,5725.33984375,5737.4501953125,38548800
2015-07-13,5706.7001953125,5725.33984375,5700.22998046875,5725.33984375,42184100
2015-07-14,5750.8798828125,5757.56005859375,5706.7001953125,5706.7001953125,41734200
2015-07-15,5805.9599609375,5805.9599609375,5745.68017578125,5750.8798828125,43285900
2015-07-16,5824.14990234375,5838.2998046875,5799.31982421875,5806.41015625,40636700
2015-07-17,5853.759765625,5857.02978515625,5824.14990234375,5829.5400390625,48606700
2015-07-20,5861.93017578125,5871.9599609375,5840.35009765625,5853.77001953125,29177100
2015-07-21,5876.91015625,5882.58984375,5856.91015625,5861.919921875,26700300
2015-07-22,5927.75,5927.75,5870.22998046875,5876.91015625,36353400
2015-07-23,5901.2998046875,5927.75,5901.2998046875,5927.740234375,30068500
2015-07-24,5894.18017578125,5906.10986328125,5881.60986328125,5901.2998046875,26121300
2015-07-27,5872.06005859375,5894.18017578125,5868.2099609375,5883.33984375,21624000
2015-07-28,5848.39013671875,5872.06005859375,5838.22021484375,5872.06005859375,34852400
2015-07-29,5870.77001953125,5882.8701171875,5839.08984375,5848.3798828125,31431000
2015-07-30,5891.85009765625,5899.0400390625,5870.740234375,5870.759765625,29236400
2015-07-31,5920.9599609375,5937.56982421875,5891.85009765625,5893.5,36113200
2015-08-03,5957.85009765625,5963.0498046875,5920.9501953125,5920.9501953125,24384300
2015-08-04,5933.75,5957.85009765625,5885.7900390625,5957.85009765625,43524100
2015-08-05,5938.509765625,5951.5,5933.6201171875,5933.75,475429200
2015-08-06,5928.68994140625,5957.509765625,5925.330078125,5938.509765625,64526100
2015-08-07,5868.66015625,5928.68994140625,5868.66015625,5928.68994140625,77422800
2015-08-10,5865.02001953125,5875.31982421875,5852.93994140625,5868.66015625,36171000
2015-08-11,5822.35009765625,5867.89013671875,5822.35009765625,5865.02001953125,41394800
2015-08-12,5757.22021484375,5822.35009765625,5757.2099609375,5822.35009765625,41583500
2015-08-13,5737.68994140625,5757.2099609375,5730.64990234375,5757.2099609375,45311900
2015-08-14,5696.4501953125,5759.58984375,5696.43994140625,5747.68017578125,61714900
2015-08-17,5727.419921875,5736.2998046875,5696.43994140625,5696.43994140625,34811100
2015-08-18,5710.759765625,5744.81005859375,5710.509765625,5727.419921875,55160100
2015-08-19,5750.02978515625,5765.6201171875,5710.759765625,5710.759765625,51354500
2015-08-20,5742.4599609375,5759.919921875,5733.669921875,5751.27978515625,64393800
2015-08-21,5751.18994140625,5751.18994140625,5720.2900390625,5743.47021484375,57296500
2015-08-24,5607.31005859375,5751.18994140625,5604.8798828125,5751.18994140625,51257900
2015-08-25,5613.2900390625,5613.2900390625,5461.72998046875,5607.31982421875,75080900
2015-08-26,5577.77978515625,5644.02978515625,5570.47021484375,5613.2900390625,56139800
2015-08-27,5634.93994140625,5654.5,5577.77978515625,5577.77978515625,49234800
2015-08-28,5670.47998046875,5688.330078125,5634.9501953125,5634.9501953125,56717500
2015-08-31,5656.240234375,5690.4501953125,5653.740234375,5681.259765625,69953200
2015-09-01,5654.990234375,5664.2099609375,5605.75,5656.240234375,64898300
2015-09-02,5590.2001953125,5660.009765625,5568.14990234375,5660.0,39364200
2015-09-03,5569.68017578125,5633.419921875,5567.68017578125,5590.2001953125,40493000
2015-09-04,5546.8798828125,5572.9599609375,5543.27978515625,5569.68994140625,41553100
2015-09-07,5572.72998046875,5576.58984375,5542.02978515625,5547.919921875,30285400
2015-09-08,5610.31005859375,5619.91015625,5575.419921875,5575.77001953125,43493700
2015-09-09,5671.419921875,5675.8701171875,5618.2998046875,5618.2998046875,49372700
2015-09-10,5670.990234375,5684.47021484375,5666.97021484375,5677.72021484375,55632000
2015-09-11,5648.22998046875,5683.89013671875,5644.58984375,5681.7998046875,41256500
2015-09-14,5665.8701171875,5674.4599609375,5648.22021484375,5648.22998046875,30798600
2015-09-15,5652.39013671875,5679.39990234375,5650.830078125,5666.2099609375,27875700
2015-09-16,5667.97021484375,5674.0400390625,5661.81982421875,5662.58984375,29620100
2015-09-17,5694.22998046875,5709.6201171875,5667.97021484375,5667.97021484375,34850500
2015-09-18,5712.0400390625,5723.5498046875,5694.22998046875,5694.22998046875,81917800
2015-09-21,5683.52001953125,5713.81982421875,5673.1201171875,5712.0400390625,23867000
2015-09-22,5696.7900390625,5699.18017578125,5683.52001953125,5683.52001953125,36951800
2015-09-23,5654.33984375,5725.89013671875,5654.33984375,5725.89013671875,36194800
2015-09-24,5676.81005859375,5696.2001953125,5657.2001953125,5657.2001953125,41699800
2015-09-25,5687.35009765625,5694.06005859375,5676.81005859375,5676.81005859375,46113600
2015-09-28,5699.1298828125,5705.0,5682.10986328125,5695.93994140625,30128000
2015-09-29,5612.419921875,5699.81982421875,5610.7900390625,5699.81982421875,40505600
2015-09-30,5593.35986328125,5624.52978515625,5589.39013671875,5621.919921875,59874000
2015-10-01,5585.419921875,5602.9599609375,5573.7099609375,5593.35986328125,176025200
2015-10-02,5593.509765625,5600.64013671875,5582.58984375,5585.419921875,53196500
2015-10-05,5630.5400390625,5632.7998046875,5593.5,5593.5,25445400
2015-10-06,5668.10986328125,5682.330078125,5631.93994140625,5631.93994140625,35816700
2015-10-07,5650.02978515625,5677.8701171875,5650.02978515625,5668.10986328125,42934100
2015-10-08,5625.77978515625,5674.81005859375,5625.77978515625,5657.5498046875,74870900
2015-10-09,5638.7900390625,5666.35009765625,5625.77978515625,5625.77978515625,53859400
2015-10-12,5689.830078125,5689.830078125,5638.7900390625,5638.7900390625,48395400
2015-10-13,5702.81005859375,5718.7998046875,5689.830078125,5689.830078125,50012900
2015-10-14,5727.1298828125,5728.5,5702.81005859375,5702.81005859375,32708700
2015-10-15,5775.7001953125,5775.7001953125,5717.06005859375,5728.06005859375,50891000
2015-10-16,5820.009765625,5822.39013671875,5775.7001953125,5775.7001953125,51280800
2015-10-19,5834.830078125,5838.08984375,5815.419921875,5820.009765625,34257300
2015-10-20,5895.490234375,5901.35009765625,5834.830078125,5834.830078125,48413200
2015-10-21,5918.259765625,5925.77001953125,5895.490234375,5895.490234375,98657400
2015-10-22,5923.60009765625,5931.3798828125,5916.0498046875,5918.25,49951300
2015-10-23,5970.669921875,5984.259765625,5923.58984375,5923.58984375,36514800
2015-10-27,6001.02001953125,6014.47998046875,5970.66015625,5970.66015625,60659200
2015-10-28,5998.990234375,6011.759765625,5996.27978515625,6001.02001953125,45467200
2015-10-29,6002.97021484375,6011.16015625,5995.14013671875,5998.97998046875,48289500
2015-10-30,5986.3701171875,6002.97998046875,5966.740234375,5986.22021484375,46723900
2015-11-02,5983.83984375,5991.43994140625,5979.68017578125,5986.3701171875,35882400
2015-11-03,6021.97021484375,6021.97998046875,5983.83984375,5983.83984375,28318900
2015-11-04,6071.2099609375,6071.2099609375,6017.14013671875,6021.97998046875,42337800
2015-11-05,6073.6298828125,6077.89013671875,6050.58984375,6071.91015625,29991600
2015-11-06,6069.740234375,6082.5400390625,6058.669921875,6075.35986328125,33521500
2015-11-09,6047.89013671875,6084.97998046875,6047.89013671875,6069.740234375,34359200
2015-11-10,6002.81005859375,6047.89013671875,5997.02001953125,6047.89013671875,43756500
2015-11-11,6013.52978515625,6020.47998046875,6004.0,6005.919921875,55211800
2015-11-12,6023.9599609375,6033.83984375,6013.47998046875,6014.240234375,53551000
2015-11-13,5989.02978515625,6023.97021484375,5987.990234375,6023.9599609375,39859000
2015-11-16,5961.669921875,5989.02978515625,5945.14013671875,5989.02978515625,31883700
2015-11-17,5967.60986328125,5984.02001953125,5961.669921875,5961.669921875,47113800
2015-11-18,5979.81005859375,5983.56005859375,5964.85986328125,5970.56005859375,67320100
2015-11-19,5995.25,6000.9501953125,5977.41015625,5979.7998046875,44358100
2015-11-20,6008.52001953125,6034.6298828125,5995.240234375,5995.240234375,35960600
2015-11-23,6077.6201171875,6077.6201171875,6008.52001953125,6008.52001953125,50453900
2015-11-24,6101.27001953125,6108.35009765625,6077.6201171875,6077.6201171875,81931200
2015-11-25,6069.14013671875,6105.509765625,6069.14013671875,6105.509765625,67316800
2015-11-26,6087.89990234375,6087.89990234375,6058.25,6069.14013671875,62402900
2015-11-27,6101.02001953125,6103.41015625,6085.06982421875,6087.89990234375,45531300
2015-11-30,6100.14990234375,6127.22998046875,6099.47021484375,6101.009765625,70948000
2015-12-01,6150.68017578125,6150.68994140625,6102.2001953125,6107.47021484375,52094100
2015-12-02,6143.31982421875,6162.97021484375,6139.47998046875,6153.7900390625,38824000
2015-12-03,6125.669921875,6143.31982421875,6118.35986328125,6143.31982421875,34962300
2015-12-04,6094.81982421875,6125.669921875,6046.39013671875,6125.669921875,41358900
2015-12-07,6064.43017578125,6111.06982421875,6064.419921875,6094.81982421875,40088700
2015-12-08,6035.0,6067.08984375,6035.0,6064.419921875,56138800
2015-12-09,6053.5498046875,6056.77978515625,6017.83984375,6039.2900390625,58058500
2015-12-10,6040.56005859375,6053.5498046875,6028.490234375,6053.5498046875,48309400
2015-12-11,6069.9501953125,6076.759765625,6040.56005859375,6046.4501953125,50330300
2015-12-14,6035.25,6069.9501953125,6012.85986328125,6069.9501953125,36002700
2015-12-15,6040.5498046875,6047.3798828125,6031.240234375,6035.25,58810400
2015-12-16,6070.93994140625,6083.27001953125,6040.5498046875,6040.5498046875,46934700
2015-12-17,6088.330078125,6089.60009765625,6070.93017578125,6070.93017578125,55075300
2015-12-18,6107.83984375,6109.64990234375,6079.31005859375,6088.330078125,70063000
2015-12-21,6120.81982421875,6141.56005859375,6085.89990234375,6101.169921875,61364500
2015-12-22,6147.97021484375,6152.27001953125,6120.81982421875,6120.81982421875,56511900
2015-12-23,6195.33984375,6212.33984375,6145.3798828125,6147.97021484375,38978100
2015-12-24,6225.52978515625,6232.509765625,6195.33984375,6201.2001953125,22623100
2015-12-29,6292.43994140625,6292.43994140625,6225.52978515625,6225.5400390625,30169300
2015-12-30,6319.39013671875,6333.330078125,6283.08984375,6292.43994140625,37861900
2015-12-31,6324.259765625,6324.72998046875,6303.89013671875,6319.39013671875,19041700
2016-01-05,6278.10009765625,6324.259765625,6235.2001953125,6324.259765625,29068800
2016-01-06,6262.52001953125,6296.759765625,6243.68994140625,6278.56005859375,26521500
2016-01-07,6213.39013671875,6262.52001953125,6205.56982421875,6262.52001953125,31943500
2016-01-08,6158.10009765625,6213.39013671875,6114.169921875,6213.39013671875,22090700
2016-01-11,6102.830078125,6158.10009765625,6097.0498046875,6158.10009765625,21462000
2016-01-12,6112.35009765625,6147.10986328125,6102.81982421875,6102.830078125,32586900
2016-01-13,6151.8701171875,6152.259765625,6112.33984375,6112.33984375,33487400
2016-01-14,6109.2900390625,6151.8701171875,6081.8798828125,6151.8701171875,29029800
2016-01-15,6169.08984375,6169.10009765625,6109.2900390625,6109.2900390625,25401900
2016-01-18,6101.43994140625,6170.2099609375,6035.8798828125,6170.2099609375,21872600
2016-01-19,6124.2001953125,6124.2099609375,6084.41015625,6101.43994140625,24147600
2016-01-20,6113.72021484375,6142.83984375,6111.02978515625,6124.2099609375,37306700
2016-01-21,6080.89990234375,6113.72021484375,6049.5400390625,6113.72021484375,29593800
2016-01-22,6121.60986328125,6124.919921875,6080.89990234375,6080.89990234375,22007200
2016-01-25,6175.25,6175.47021484375,6121.60986328125,6121.6201171875,25522000
2016-01-26,6142.16015625,6175.25,6139.02978515625,6175.25,26661700
2016-01-27,6141.93994140625,6185.72021484375,6141.93994140625,6142.16015625,28561800
2016-01-28,6149.7001953125,6162.10009765625,6120.75,6141.93994140625,27381900
2016-01-29,6170.22021484375,6170.22021484375,6139.490234375,6149.7001953125,39966500
2016-02-01,6174.490234375,6195.990234375,6170.22021484375,6170.22021484375,27461000
2016-02-02,6180.080078125,6199.2001953125,6174.490234375,6183.77001953125,38186800
2016-02-03,6133.3798828125,6180.080078125,6121.77978515625,6166.35986328125,38612200
2016-02-04,6137.7001953125,6149.7998046875,6130.14013671875,6133.3798828125,32884800
2016-02-05,6153.7998046875,6153.7998046875,6127.72998046875,6137.7001953125,30335500
2016-02-09,6071.31005859375,6153.7998046875,6066.33984375,6153.7998046875,44010200
2016-02-10,6019.490234375,6088.7998046875,6006.68994140625,6071.31005859375,52094200
2016-02-11,5987.02001953125,6028.68017578125,5987.02001953125,6019.490234375,24566000
2016-02-12,5933.9599609375,5987.02978515625,5910.02978515625,5987.02978515625,35147100
2016-02-15,6034.27978515625,6043.39013671875,5933.9599609375,5933.97021484375,26658500
2016-02-16,6075.3701171875,6075.3701171875,6034.27978515625,6034.2900390625,53758600
2016-02-17,6085.56005859375,6137.83984375,6075.3701171875,6075.3701171875,62125500
2016-02-18,6111.08984375,6125.47998046875,6085.56005859375,6085.56005859375,55369700
2016-02-19,6141.7099609375,6147.75,6111.08984375,6111.08984375,56321700
2016-02-22,6139.4599609375,6141.72021484375,6114.1201171875,6141.72021484375,40386900
2016-02-23,6175.669921875,6186.2998046875,6139.4599609375,6139.47021484375,40456900
2016-02-24,6230.3701171875,6233.7998046875,6175.669921875,6175.669921875,47555300
2016-02-25,6225.27978515625,6231.22021484375,6210.85986328125,6231.16015625,33105400
2016-02-26,6224.97998046875,6234.240234375,6206.4501953125,6225.27001953125,38747700
2016-02-29,6230.8701171875,6254.72021484375,6229.06982421875,6231.9599609375,39993500
2016-03-01,6280.89990234375,6280.89990234375,6233.52978515625,6233.52978515625,37892900
2016-03-02,6313.06982421875,6315.10986328125,6286.330078125,6308.08984375,42516900
2016-03-03,6380.85986328125,6383.6298828125,6313.06982421875,6313.080078125,55649400
2016-03-04,6418.1298828125,6423.58984375,6380.85986328125,6380.8701171875,45223900
2016-03-07,6418.93017578125,6426.56982421875,6407.240234375,6418.1201171875,30227100
2016-03-08,6446.72021484375,6446.72998046875,6414.52001953125,6419.580078125,39390100
2016-03-09,6457.259765625,6457.259765625,6433.52978515625,6450.259765625,45902600
2016-03-10,6508.27978515625,6513.6201171875,6476.9599609375,6476.9599609375,47433400
2016-03-11,6515.41015625,6517.8798828125,6484.52978515625,6508.27978515625,37051300
2016-03-14,6566.830078125,6577.10009765625,6515.41015625,6515.41015625,34578000
2016-03-15,6577.81982421875,6607.85986328125,6567.5498046875,6568.58984375,47873100
2016-03-16,6562.9599609375,6579.81005859375,6556.97021484375,6579.81005859375,52427200
2016-03-17,6573.4501953125,6584.56982421875,6553.8701171875,6584.56982421875,49872300
2016-03-18,6623.5,6623.509765625,6573.4501953125,6573.4599609375,132246400
2016-03-21,6641.93994140625,6649.60986328125,6618.33984375,6626.27978515625,42110600
2016-03-22,6664.25,6664.259765625,6635.56005859375,6641.93994140625,47626600
2016-03-23,6668.8701171875,6691.259765625,6660.22998046875,6663.66015625,43852900
2016-03-24,6662.5498046875,6692.080078125,6658.97998046875,6668.85986328125,34712100
2016-03-29,6676.330078125,6689.3701171875,6656.330078125,6662.5400390625,34447200
2016-03-30,6714.16015625,6714.16015625,6676.919921875,6683.419921875,37408500
2016-03-31,6752.419921875,6758.009765625,6715.919921875,6717.60986328125,48099700
2016-04-01,6708.02001953125,6757.39990234375,6708.02001953125,6753.31982421875,43946000
2016-04-04,6743.60009765625,6747.08984375,6708.02001953125,6711.830078125,28563500
2016-04-05,6715.81005859375,6765.8798828125,6700.89990234375,6743.60009765625,49427500
2016-04-06,6734.27001953125,6743.25,6695.2001953125,6701.64990234375,49271700
2016-04-07,6755.22998046875,6758.60986328125,6736.10009765625,6736.10986328125,64741700
2016-04-08,6730.27978515625,6755.22998046875,6710.60986328125,6755.22021484375,53551800
2016-04-11,6725.10009765625,6742.41015625,6710.919921875,6735.47021484375,41207500
2016-04-12,6726.02001953125,6726.02001953125,6701.509765625,6725.10009765625,45636700
2016-04-13,6777.91015625,6780.8798828125,6726.009765625,6726.02001953125,48863800
2016-04-14,6823.81005859375,6828.25,6777.91015625,6777.919921875,48018100
2016-04-15,6844.740234375,6845.1201171875,6816.58984375,6823.81982421875,37033200
2016-04-18,6851.2001953125,6855.56982421875,6841.41015625,6844.740234375,30184500
2016-04-19,6873.0400390625,6873.0400390625,6848.080078125,6851.2001953125,50919900
2016-04-20,6901.259765625,6911.5498046875,6856.1201171875,6866.2900390625,36926000
2016-04-21,6906.10009765625,6917.56982421875,6890.83984375,6901.27001953125,44625900
2016-04-22,6866.10986328125,6906.10009765625,6856.58984375,6906.10009765625,73305200
2016-04-26,6795.72021484375,6879.2900390625,6795.7099609375,6866.10009765625,40164200
2016-04-27,6750.39990234375,6803.06005859375,6750.39990234375,6795.7099609375,52160300
2016-04-28,6789.97998046875,6789.97998046875,6745.669921875,6750.41015625,36141300
2016-04-29,6820.580078125,6822.06005859375,6787.080078125,6789.97998046875,48194300
2016-05-02,6791.81982421875,6820.58984375,6783.919921875,6819.669921875,28826700
2016-05-03,6843.009765625,6844.490234375,6791.81982421875,6791.81982421875,30204100
2016-05-04,6824.5,6849.2900390625,6824.490234375,6843.02001953125,44759500
2016-05-05,6876.47998046875,6876.490234375,6812.68994140625,6824.490234375,33207300
2016-05-06,6898.10986328125,6904.6298828125,6836.5498046875,6876.490234375,48301100
2016-05-09,6885.0498046875,6899.68994140625,6874.33984375,6899.68994140625,32665000
2016-05-10,6909.39990234375,6915.41015625,6879.31982421875,6885.06005859375,38469700
2016-05-11,6944.33984375,6961.7900390625,6910.10009765625,6910.10009765625,58661900
2016-05-12,6923.169921875,6951.3798828125,6923.169921875,6946.72998046875,45843400
2016-05-13,6916.56982421875,6930.419921875,6911.35009765625,6921.31005859375,40379400
2016-05-16,6914.1298828125,6927.89013671875,6888.43017578125,6916.56982421875,28071300
2016-05-17,6974.8701171875,6988.3798828125,6914.1201171875,6939.72998046875,37244200
2016-05-18,6982.64013671875,6982.64013671875,6952.4599609375,6974.85986328125,45435000
2016-05-19,6903.6201171875,6982.64013671875,6898.9501953125,6982.64013671875,53003200
2016-05-20,6909.85986328125,6918.83984375,6880.8798828125,6903.6298828125,38745300
2016-05-23,6907.77001953125,6915.72021484375,6881.58984375,6909.85986328125,32345400
2016-05-24,6872.66015625,6907.77001953125,6862.64013671875,6907.77001953125,43602900
2016-05-25,6908.0400390625,6924.72998046875,6873.83984375,6887.240234375,46265400
2016-05-26,6947.89013671875,6947.89013671875,6912.240234375,6915.7001953125,39518200
2016-05-27,6992.5400390625,6996.18017578125,6948.7900390625,6948.7998046875,40137400
2016-05-30,7019.64013671875,7025.93994140625,6982.91015625,6992.5400390625,26595200
2016-05-31,7039.419921875,7046.830078125,7023.33984375,7023.35009765625,106299900
2016-06-01,7022.39990234375,7049.02001953125,7016.02978515625,7043.8798828125,40583800
2016-06-02,7003.1201171875,7022.81982421875,6992.25,7022.81982421875,75488400
2016-06-03,7024.3798828125,7032.27978515625,6993.3798828125,7003.1298828125,61429800
2016-06-07,7037.31005859375,7037.31005859375,7013.16015625,7024.3798828125,44164500
2016-06-08,6991.509765625,7039.27978515625,6991.509765625,7038.830078125,47927700
2016-06-09,6970.5498046875,7010.22021484375,6967.97021484375,6997.830078125,61855500
2016-06-10,6971.77978515625,6972.6201171875,6957.81982421875,6970.5498046875,60893700
2016-06-13,6924.27001953125,6972.66015625,6917.33984375,6963.97021484375,26091000
2016-06-14,6834.9501953125,6925.35986328125,6833.18017578125,6925.35986328125,38029200
2016-06-15,6869.56005859375,6890.509765625,6821.68017578125,6834.93994140625,55830300
2016-06-16,6888.56982421875,6899.58984375,6872.240234375,6886.7900390625,48282700
2016-06-17,6847.06005859375,6900.1298828125,6845.64990234375,6888.56005859375,77813200
2016-06-20,6869.5400390625,6873.2900390625,6847.06005859375,6847.06005859375,30832900
2016-06-21,6839.39990234375,6878.5,6839.39013671875,6869.52978515625,36744800
2016-06-22,6781.72998046875,6846.0,6781.72998046875,6839.39013671875,41528100
2016-06-23,6821.35009765625,6830.47998046875,6781.72998046875,6781.72998046875,31011400
2016-06-24,6667.77978515625,6853.06005859375,6667.77978515625,6821.35009765625,36149300
2016-06-27,6686.93017578125,6697.740234375,6587.419921875,6667.77978515625,29114500
2016-06-28,6716.580078125,6716.580078125,6650.580078125,6674.8798828125,36036300
2016-06-29,6804.2001953125,6804.2001953125,6716.580078125,6716.580078125,43664900
2016-06-30,6897.52978515625,6900.39990234375,6804.2001953125,6804.2001953125,53944900
2016-07-01,6926.22998046875,6932.1201171875,6897.52001953125,6909.0400390625,42788400
2016-07-04,6940.9501953125,6951.64013671875,6918.580078125,6926.22998046875,18812400
2016-07-05,6970.990234375,6984.47021484375,6940.9501953125,6940.9501953125,26022800
2016-07-06,6977.22998046875,6977.22998046875,6948.14990234375,6970.990234375,40745400
2016-07-07,7007.52001953125,7015.25,6977.72998046875,6977.72998046875,41459000
2016-07-08,7000.10009765625,7014.97998046875,6994.2099609375,7007.509765625,41118500
2016-07-11,7062.4501953125,7062.93994140625,7000.10009765625,7000.10009765625,26271100
2016-07-12,7079.4599609375,7088.919921875,7060.43994140625,7067.2900390625,39438000
2016-07-13,7064.31982421875,7090.2998046875,7062.89990234375,7079.4599609375,38600400
2016-07-14,7080.330078125,7084.830078125,7066.02001953125,7066.02001953125,29381700
2016-07-15,7072.8798828125,7098.2998046875,7072.8798828125,7080.31982421875,56468600
2016-07-18,7105.9501953125,7105.9599609375,7068.830078125,7072.8798828125,35895500
2016-07-19,7154.830078125,7154.830078125,7090.39990234375,7105.9599609375,32559700
2016-07-20,7172.669921875,7174.7001953125,7131.35009765625,7154.830078125,31116000
2016-07-21,7214.0498046875,7227.22998046875,7171.35986328125,7172.669921875,36720800
2016-07-22,7226.0498046875,7246.58984375,7198.85986328125,7201.52978515625,29011400
2016-07-25,7317.31005859375,7317.31005859375,7221.58984375,7226.06005859375,31775000
2016-07-26,7310.39013671875,7325.27001953125,7297.580078125,7317.2998046875,36150200
2016-07-27,7301.89990234375,7324.5498046875,7284.7900390625,7310.39013671875,28067800
2016-07-28,7306.35009765625,7306.35009765625,7287.72021484375,7301.89990234375,26955800
2016-07-29,7348.1298828125,7357.72021484375,7288.5400390625,7306.33984375,35498400
2016-08-01,7356.6298828125,7359.1201171875,7335.06005859375,7348.1298828125,38687400
2016-08-02,7329.2001953125,7361.93017578125,7329.18994140625,7356.6298828125,46048000
2016-08-03,7277.39990234375,7329.2001953125,7277.39990234375,7321.60986328125,39224700
2016-08-04,7298.080078125,7310.16015625,7277.39990234375,7277.39990234375,40209000
2016-08-05,7308.419921875,7316.419921875,7289.41015625,7298.08984375,31022500
2016-08-08,7348.2998046875,7348.2998046875,7307.58984375,7308.419921875,29793900
2016-08-09,7363.16015625,7378.990234375,7339.35009765625,7348.2998046875,30263900
2016-08-10,7349.60986328125,7364.39013671875,7337.93017578125,7363.16015625,37782000
2016-08-11,7353.81982421875,7353.81982421875,7334.16015625,7349.60986328125,26490400
2016-08-12,7363.10009765625,7386.47998046875,7353.81982421875,7353.81982421875,41912400
2016-08-15,7388.35009765625,7391.64990234375,7359.8798828125,7363.10009765625,24760400
2016-08-16,7310.669921875,7388.35009765625,7310.669921875,7388.35009765625,41830500
2016-08-17,7355.02001953125,7363.41015625,7310.669921875,7310.669921875,35553100
2016-08-18,7385.1201171875,7386.52001953125,7354.08984375,7355.009765625,35470100
2016-08-19,7405.25,7405.60986328125,7376.4599609375,7385.1201171875,37617100
2016-08-22,7462.16015625,7462.16015625,7405.9501953125,7405.9501953125,39398000
2016-08-23,7467.330078125,7481.68017578125,7454.330078125,7462.16015625,37087000
2016-08-24,7410.2998046875,7470.68017578125,7410.2998046875,7467.330078125,53963700
2016-08-25,7427.27978515625,7437.830078125,7408.10009765625,7410.2998046875,46162800
2016-08-26,7391.2998046875,7430.43017578125,7385.52978515625,7427.77978515625,41092400
2016-08-29,7367.259765625,7393.97021484375,7367.259765625,7391.2998046875,21433200
2016-08-30,7387.9501953125,7394.419921875,7367.259765625,7367.259765625,29804700
2016-08-31,7398.830078125,7398.830078125,7374.3798828125,7388.9501953125,43338500
2016-09-01,7423.18994140625,7423.27978515625,7371.4501953125,7405.56005859375,38865700
2016-09-02,7426.10986328125,7426.10986328125,7399.39013671875,7423.18994140625,38834700
2016-09-05,7491.83984375,7491.83984375,7424.93017578125,7435.5498046875,40868300
2016-09-06,7503.5400390625,7505.669921875,7473.9599609375,7492.02978515625,36314500
2016-09-07,7571.10009765625,7571.10009765625,7497.919921875,7507.240234375,42319900
2016-09-08,7534.72998046875,7585.2900390625,7529.080078125,7585.2900390625,46222300
2016-09-09,7468.58984375,7534.72998046875,7468.58984375,7534.72998046875,28449200
2016-09-12,7279.759765625,7469.490234375,7266.81005859375,7469.490234375,30124900
2016-09-13,7249.22998046875,7328.16015625,7247.77001953125,7285.85009765625,34746900
2016-09-14,7210.72021484375,7250.4501953125,7198.02978515625,7250.4501953125,39059300
2016-09-15,7196.240234375,7220.39990234375,7183.3798828125,7213.89013671875,37666000
2016-09-16,7250.509765625,7263.2001953125,7196.240234375,7196.240234375,44256300
2016-09-19,7278.1201171875,7278.1201171875,7250.509765625,7250.52001953125,26108500
2016-09-20,7308.4501953125,7314.47998046875,7272.25,7278.1201171875,38160600
2016-09-21,7281.169921875,7327.68017578125,7266.85986328125,7308.43994140625,46307100
2016-09-22,7311.7099609375,7327.6201171875,7304.52001953125,7319.330078125,28508000
2016-09-23,7296.740234375,7328.16015625,7281.8701171875,7311.7099609375,36264700
2016-09-26,7264.8701171875,7296.740234375,7259.35009765625,7296.72998046875,22809000
2016-09-27,7252.919921875,7265.25,7220.81005859375,7264.85986328125,31675000
2016-09-28,7290.4501953125,7290.4501953125,7255.60009765625,7260.39990234375,33308300
2016-09-29,7343.4501953125,7349.7900390625,7300.18994140625,7305.419921875,31613300
2016-09-30,7361.08984375,7361.08984375,7299.27978515625,7343.4501953125,48671700
2016-10-03,7372.490234375,7372.490234375,7333.81982421875,7352.22021484375,23820700
2016-10-04,7352.4599609375,7372.490234375,7330.58984375,7372.490234375,29028500
2016-10-05,7271.16015625,7352.47021484375,7271.0,7352.47021484375,38617800
2016-10-06,7197.2900390625,7271.16015625,7194.10986328125,7271.16015625,38144500
2016-10-07,7167.81005859375,7197.2998046875,7130.41015625,7197.2900390625,32018200
2016-10-10,7116.919921875,7167.81982421875,7109.759765625,7167.81982421875,23020100
2016-10-11,7124.22998046875,7153.35986328125,7114.66015625,7116.93017578125,30204000
2016-10-12,7107.4599609375,7124.240234375,7098.85009765625,7124.240234375,32856400
2016-10-13,7120.0498046875,7136.43017578125,7102.0400390625,7107.4501953125,32415000
2016-10-14,7133.259765625,7133.8701171875,7109.1201171875,7120.0498046875,29629800
2016-10-17,7066.3701171875,7133.259765625,7043.3701171875,7133.259765625,29645100
2016-10-18,6973.08984375,7066.3701171875,6965.240234375,7066.3701171875,44662900
2016-10-19,6976.5400390625,6996.3798828125,6962.22021484375,6973.08984375,39171200
2016-10-20,6973.77978515625,6982.5498046875,6954.2998046875,6976.52978515625,39575800
2016-10-21,6958.39990234375,6978.85986328125,6938.5498046875,6973.77978515625,33366200
2016-10-25,7002.8701171875,7006.2099609375,6958.39990234375,6958.39990234375,44653100
2016-10-26,6896.2001953125,7013.64990234375,6892.27001953125,7003.27001953125,32738800
2016-10-27,6941.9501953125,6941.9501953125,6896.2001953125,6896.2001953125,33072600
2016-10-28,6928.64013671875,6949.66015625,6923.7998046875,6941.9501953125,31743000
2016-10-31,6960.68017578125,6960.68017578125,6902.72021484375,6943.2998046875,44034200
2016-11-01,6930.490234375,6960.68017578125,6913.72021484375,6960.68017578125,30840700
2016-11-02,6853.75,6931.4599609375,6851.31005859375,6931.4599609375,38020000
2016-11-03,6778.93994140625,6853.75,6741.58984375,6853.75,43212300
2016-11-04,6708.47021484375,6778.93994140625,6708.47021484375,6778.93017578125,28643600
2016-11-07,6872.27001953125,6874.580078125,6702.2001953125,6708.47021484375,37692300
2016-11-08,6894.35986328125,6931.47998046875,6872.259765625,6872.259765625,37924800
2016-11-09,6664.2099609375,6924.31005859375,6642.02978515625,6894.35009765625,35351500
2016-11-10,6733.72021484375,6887.64013671875,6664.2099609375,6664.22021484375,49922200
2016-11-11,6697.77978515625,6784.93994140625,6697.77978515625,6735.60009765625,41232800
2016-11-14,6737.759765625,6742.91015625,6701.81005859375,6701.81005859375,30196800
2016-11-15,6770.43017578125,6771.35986328125,6732.2001953125,6737.759765625,39225300
2016-11-16,6824.580078125,6832.2900390625,6770.419921875,6770.419921875,40975400
2016-11-17,6814.64990234375,6844.669921875,6796.1298828125,6824.56982421875,34273600
2016-11-18,6857.83984375,6867.0498046875,6812.8701171875,6814.64990234375,51541100
2016-11-21,6848.9501953125,6865.22998046875,6842.18994140625,6856.64013671875,38433100
2016-11-22,6816.39013671875,6878.66015625,6816.39013671875,6848.9501953125,40233300
2016-11-23,6851.4501953125,6859.259765625,6817.66015625,6817.66015625,47902100
2016-11-24,6883.25,6904.5400390625,6848.18017578125,6856.4599609375,34251700
2016-11-25,6899.6201171875,6907.5400390625,6883.64013671875,6886.14990234375,28179000
2016-11-28,6902.9501953125,6919.1298828125,6899.4599609375,6899.60986328125,27104400
2016-11-29,6901.75,6912.41015625,6872.8798828125,6900.3798828125,39636500
2016-11-30,6896.9501953125,6911.7900390625,6882.60009765625,6903.509765625,64248200
2016-12-01,6932.740234375,6934.97998046875,6895.1298828125,6901.2900390625,46249900
2016-12-02,6904.85009765625,6973.4501953125,6890.64990234375,6933.35986328125,43984000
2016-12-05,6854.7099609375,6908.759765625,6849.47021484375,6908.759765625,39170200
2016-12-06,6910.35986328125,6910.3701171875,6860.02978515625,6860.02978515625,34192700
2016-12-07,6889.77001953125,6910.3701171875,6883.97021484375,6910.3701171875,43062300
2016-12-08,6916.009765625,6917.7099609375,6891.06982421875,6891.06982421875,33173200
2016-12-09,6893.2998046875,6932.35986328125,6886.1201171875,6916.009765625,40310500
2016-12-12,6876.0400390625,6908.7900390625,6870.81982421875,6893.2998046875,35076600
2016-12-13,6850.2001953125,6887.72998046875,6847.89990234375,6876.02978515625,42189100
2016-12-14,6797.85986328125,6858.830078125,6797.85986328125,6850.2001953125,45644400
2016-12-15,6748.6201171875,6798.9599609375,6748.6201171875,6797.8701171875,49373100
2016-12-16,6760.240234375,6807.3701171875,6748.6201171875,6762.7900390625,72736900
2016-12-19,6786.25,6804.0498046875,6760.240234375,6760.25,28441200
2016-12-20,6789.669921875,6819.14013671875,6786.25,6789.72998046875,37832300
2016-12-21,6802.759765625,6840.77978515625,6789.66015625,6789.66015625,36386800
2016-12-22,6851.8701171875,6851.8798828125,6802.75,6802.75,36061300
2016-12-23,6876.990234375,6883.39990234375,6851.8701171875,6851.8798828125,14123400
2016-12-28,6875.77978515625,6884.2001953125,6865.8798828125,6877.0,16451700
2016-12-29,6892.27978515625,6895.14013671875,6873.25,6875.7900390625,18088400
2016-12-30,6881.22021484375,6901.81982421875,6877.2001953125,6892.27978515625,17677100
2017-01-04,6974.31005859375,6974.31005859375,6881.22021484375,6881.22021484375,28380700
2017-01-05,6975.60009765625,6978.9501953125,6953.72998046875,6975.14990234375,21013600
2017-01-06,6970.66015625,6986.2900390625,6966.02001953125,6976.2001953125,16967900
2017-01-09,7012.740234375,7014.10986328125,6970.66015625,6970.97998046875,20190700
2017-01-10,7037.580078125,7038.6298828125,7011.3701171875,7012.72998046875,25889600
2017-01-11,7069.58984375,7069.60009765625,7033.7900390625,7037.580078125,23346500
2017-01-12,7063.58984375,7070.18994140625,7044.5400390625,7070.18994140625,31042600
2017-01-13,7046.97021484375,7066.169921875,7031.1201171875,7063.58984375,28233600
2017-01-16,7074.93994140625,7074.93994140625,7046.52978515625,7046.97021484375,28394700
2017-01-17,7062.9599609375,7084.66015625,7056.8701171875,7074.93994140625,18802500
2017-01-18,7059.27978515625,7072.08984375,7033.419921875,7062.9599609375,27615700
2017-01-19,7062.35986328125,7064.31005859375,7044.97998046875,7059.27978515625,25548100
2017-01-20,7048.47021484375,7063.93017578125,7044.0400390625,7062.35986328125,30846600
2017-01-23,7067.85009765625,7072.39013671875,7033.77978515625,7048.47998046875,22831700
2017-01-24,7064.16015625,7067.85009765625,7046.740234375,7067.85009765625,30298700
2017-01-25,7090.91015625,7090.919921875,7064.16015625,7064.16015625,31191400
2017-01-26,7113.31982421875,7119.52001953125,7090.91015625,7102.06005859375,27694900
2017-01-27,7134.259765625,7134.259765625,7095.83984375,7113.31982421875,21036800
2017-01-30,7085.56005859375,7135.72998046875,7085.14013671875,7118.91015625,14840900
2017-01-31,7050.75,7085.56005859375,7035.6201171875,7085.56005859375,28283300
2017-02-01,7055.509765625,7055.509765625,7030.259765625,7050.75,25614300
2017-02-02,7053.5400390625,7055.509765625,7038.1298828125,7055.509765625,25747200
2017-02-03,7094.3798828125,7094.39013671875,7047.31982421875,7048.16015625,31135500
2017-02-07,7067.0498046875,7094.39013671875,7047.39013671875,7094.39013671875,33326000
2017-02-08,7066.27001953125,7080.16015625,7055.31982421875,7067.0498046875,28054000
2017-02-09,7121.6298828125,7121.93017578125,7066.27001953125,7069.7900390625,24255400
2017-02-10,7104.43994140625,7145.4599609375,7099.27001953125,7121.6298828125,30174900
2017-02-13,7135.5,7136.5400390625,7104.43994140625,7104.43994140625,26402500
2017-02-14,7150.89013671875,7174.60009765625,7140.72021484375,7140.72021484375,36439800
2017-02-15,7180.02978515625,7187.43994140625,7150.89013671875,7171.89013671875,44286100
2017-02-16,7099.97998046875,7180.02978515625,7099.97998046875,7180.02001953125,38909700
2017-02-17,7093.52001953125,7103.75,7079.14990234375,7099.97998046875,38089500
2017-02-20,7099.490234375,7108.83984375,7082.2099609375,7093.52001953125,31530300
2017-02-21,7115.68994140625,7116.240234375,7079.5,7099.490234375,38034400
2017-02-22,7062.47998046875,7115.68994140625,7054.3798828125,7115.68994140625,37112200
2017-02-23,7089.52001953125,7100.77001953125,7059.7001953125,7062.47021484375,45158100
2017-02-24,7058.580078125,7099.64990234375,7041.259765625,7090.35009765625,30606400
2017-02-27,7079.18017578125,7091.18017578125,7054.35986328125,7065.6298828125,26216200
2017-02-28,7167.4599609375,7167.4599609375,7074.18017578125,7079.18994140625,52401800
2017-03-01,7148.77978515625,7171.43017578125,7135.93994140625,7168.72998046875,30473100
2017-03-02,7175.830078125,7205.4599609375,7154.7099609375,7154.7099609375,29178000
2017-03-03,7160.8701171875,7179.259765625,7146.419921875,7175.830078125,34948500
2017-03-06,7178.740234375,7182.2001953125,7151.52001953125,7160.8701171875,30930700
2017-03-07,7167.6298828125,7178.740234375,7160.77978515625,7178.72998046875,34143000
2017-03-08,7178.22021484375,7178.22998046875,7161.68994140625,7170.77978515625,33828200
2017-03-09,7140.97998046875,7188.4599609375,7131.740234375,7188.4599609375,39074100
2017-03-10,7177.58984375,7180.68017578125,7136.52001953125,7142.1298828125,30610500
2017-03-13,7194.7900390625,7206.43017578125,7171.77001953125,7177.990234375,31893500
2017-03-14,7177.08984375,7212.330078125,7170.27001953125,7198.169921875,39467600
2017-03-15,7131.2998046875,7178.990234375,7122.669921875,7178.97998046875,33467300
2017-03-16,7151.990234375,7192.2900390625,7151.72998046875,7153.72998046875,38876800
2017-03-17,7158.14013671875,7177.35009765625,7151.97998046875,7151.97998046875,138910200
2017-03-20,7057.0498046875,7169.60986328125,7050.06982421875,7169.60986328125,43844200
2017-03-21,7085.5400390625,7096.4599609375,7057.0400390625,7057.0400390625,32423000
2017-03-22,7060.830078125,7085.5498046875,7019.8701171875,7085.5498046875,38750800
2017-03-23,7062.5498046875,7074.77978515625,7034.16015625,7074.77978515625,40172300
2017-03-24,7073.830078125,7079.14990234375,7058.85986328125,7059.6201171875,41685800
2017-03-27,7062.7099609375,7101.08984375,7062.7099609375,7073.830078125,35297200
2017-03-28,7065.22998046875,7068.9501953125,7051.2099609375,7062.7099609375,42178100
2017-03-29,7133.56982421875,7133.56982421875,7070.56982421875,7070.56982421875,33339000
2017-03-30,7169.10986328125,7177.68994140625,7125.14013671875,7139.35986328125,36230600
2017-03-31,7196.77978515625,7196.77978515625,7166.009765625,7170.18994140625,60048300
2017-04-03,7225.02001953125,7225.14990234375,7182.4599609375,7188.93994140625,32092400
2017-04-04,7244.5400390625,7247.6201171875,7200.83984375,7227.27978515625,37712500
2017-04-05,7265.0498046875,7265.06005859375,7223.52978515625,7244.5400390625,84445400
2017-04-06,7289.52001953125,7289.52978515625,7245.580078125,7265.06005859375,47255400
2017-04-07,7243.759765625,7289.52978515625,7234.97998046875,7276.2998046875,77322500
2017-04-10,7238.85986328125,7253.31005859375,7230.18017578125,7243.75,28191700
2017-04-11,7254.3798828125,7255.330078125,7235.81005859375,7238.8701171875,32184600
2017-04-12,7251.5400390625,7258.8798828125,7221.8701171875,7254.3798828125,35918300
2017-04-13,7229.7998046875,7251.5498046875,7219.919921875,7251.5498046875,31831000
2017-04-18,7233.60986328125,7256.83984375,7223.91015625,7229.7998046875,27551600
2017-04-19,7218.509765625,7233.60986328125,7193.9599609375,7233.60009765625,36735300
2017-04-20,7188.0498046875,7218.52001953125,7188.0498046875,7218.52001953125,32851000
2017-04-21,7197.22021484375,7232.7900390625,7188.0498046875,7188.06005859375,34114100
2017-04-24,7222.93994140625,7234.2998046875,7196.14990234375,7197.2099609375,27562300
2017-04-26,7335.1298828125,7335.14013671875,7222.93994140625,7222.93994140625,68463900
2017-04-27,7354.60986328125,7360.990234375,7324.64990234375,7335.14013671875,27800800
2017-04-28,7378.75,7386.89013671875,7351.259765625,7354.6201171875,44348400
2017-05-01,7382.22021484375,7398.419921875,7349.3701171875,7378.75,26392400
2017-05-02,7422.490234375,7422.490234375,7379.83984375,7382.22021484375,31909700
2017-05-03,7405.83984375,7430.2001953125,7396.169921875,7422.490234375,97252200
2017-05-04,7378.419921875,7405.83984375,7367.72998046875,7401.56982421875,29381700
2017-05-05,7365.5,7386.02001953125,7364.83984375,7382.4501953125,26697100
2017-05-08,7426.4599609375,7426.4599609375,7367.16015625,7367.16015625,26074900
2017-05-09,7412.1201171875,7426.4599609375,7391.56005859375,7426.4599609375,31249700
2017-05-10,7424.2001953125,7429.14990234375,7392.85986328125,7412.1201171875,47717800
2017-05-11,7489.7099609375,7501.5,7424.2001953125,7424.2001953125,37985400
2017-05-12,7452.3798828125,7492.080078125,7451.68017578125,7489.7099609375,28580300
2017-05-15,7429.93994140625,7464.25,7425.22998046875,7456.68994140625,23621100
2017-05-16,7407.60986328125,7445.2099609375,7407.60986328125,7429.93994140625,25456000
2017-05-17,7422.5,7443.330078125,7408.31982421875,7408.31982421875,29371200
2017-05-18,7371.759765625,7424.9501953125,7357.06982421875,7424.9501953125,34438100
2017-05-19,7392.10986328125,7401.14990234375,7370.08984375,7371.759765625,22844300
2017-05-22,7409.5,7410.7900390625,7382.3701171875,7392.10986328125,19979800
2017-05-23,7384.7001953125,7415.81982421875,7382.85009765625,7409.5,21961900
2017-05-24,7421.77978515625,7421.77978515625,7383.14990234375,7385.97021484375,29714500
2017-05-25,7434.47021484375,7436.4501953125,7414.33984375,7430.0400390625,21297300
2017-05-26,7441.56982421875,7441.60009765625,7417.580078125,7434.47021484375,28407900
2017-05-29,7412.740234375,7441.56982421875,7412.6201171875,7441.56982421875,17143600
2017-05-30,7411.9501953125,7428.39990234375,7407.60986328125,7412.740234375,23519100
2017-05-31,7418.89990234375,7418.89990234375,7389.97998046875,7411.9501953125,59192000
2017-06-01,7450.89990234375,7451.9501953125,7400.31005859375,7424.52001953125,29647500
2017-06-02,7499.97021484375,7499.97021484375,7446.240234375,7450.89990234375,38930200
2017-06-06,7494.97021484375,7533.97021484375,7494.3798828125,7503.93017578125,41106900
2017-06-07,7467.89990234375,7497.4501953125,7441.0400390625,7497.4501953125,32887300
2017-06-08,7458.66015625,7473.669921875,7444.27001953125,7473.669921875,31592100
2017-06-09,7436.10009765625,7458.66015625,7423.22998046875,7458.66015625,24819700
2017-06-12,7432.740234375,7448.5,7432.740234375,7441.75,15410900
2017-06-13,7440.080078125,7446.330078125,7415.97998046875,7433.5400390625,39647400
2017-06-14,7483.990234375,7497.7900390625,7441.2099609375,7441.2099609375,32502000
2017-06-15,7516.35009765625,7516.35009765625,7487.5498046875,7489.759765625,28179400
2017-06-16,7552.75,7564.3701171875,7507.669921875,7516.35009765625,70659000
2017-06-19,7592.02978515625,7593.509765625,7545.22021484375,7552.75,37032300
2017-06-20,7586.52978515625,7613.18994140625,7586.52978515625,7592.02978515625,25609800
2017-06-21,7527.10986328125,7586.52978515625,7527.10986328125,7586.52978515625,43879100
2017-06-22,7563.68994140625,7571.97998046875,7521.7099609375,7527.10986328125,38029500
2017-06-23,7553.64013671875,7568.7998046875,7541.9599609375,7563.68994140625,31789400
2017-06-26,7595.5,7597.169921875,7544.7099609375,7553.64013671875,27596700
2017-06-27,7626.35009765625,7637.0498046875,7589.4599609375,7596.56982421875,28421900
2017-06-28,7624.490234375,7629.08984375,7593.669921875,7626.35009765625,79920300
2017-06-29,7685.4501953125,7688.6298828125,7624.490234375,7624.490234375,32392500
2017-06-30,7611.43994140625,7685.4501953125,7611.43994140625,7685.4501953125,48944100
2017-07-03,7588.43017578125,7626.16015625,7585.97021484375,7611.43994140625,28429900
2017-07-04,7620.64013671875,7620.64013671875,7585.43017578125,7588.43017578125,30147100
2017-07-05,7595.669921875,7620.64013671875,7590.35009765625,7620.64013671875,27105500
2017-07-06,7629.60986328125,7629.60986328125,7590.35009765625,7596.330078125,29441600
2017-07-07,7622.1298828125,7629.60986328125,7587.52001953125,7629.60986328125,24966200
2017-07-10,7583.9501953125,7634.2099609375,7583.9501953125,7622.68017578125,26556300
2017-07-11,7628.56982421875,7628.56982421875,7583.9501953125,7583.9501953125,30006500
2017-07-12,7586.02001953125,7635.5400390625,7586.02001953125,7628.56982421875,38807100
2017-07-13,7610.89013671875,7626.89013671875,7587.43017578125,7587.85009765625,35497200
2017-07-14,7649.77001953125,7650.1298828125,7610.89013671875,7610.89013671875,50597000
2017-07-17,7699.56982421875,7699.56982421875,7649.3701171875,7649.77001953125,34677500
2017-07-18,7707.330078125,7707.330078125,7681.97998046875,7699.56982421875,30939900
2017-07-19,7732.75,7732.75,7695.8701171875,7707.330078125,37471300
2017-07-20,7672.43994140625,7732.75,7672.43994140625,7732.75,30612800
2017-07-21,7670.85986328125,7675.18994140625,7647.6298828125,7672.43994140625,44911900
2017-07-24,7682.2900390625,7682.56005859375,7645.759765625,7670.85986328125,32071200
2017-07-25,7713.06005859375,7713.06005859375,7671.9599609375,7678.22998046875,31569600
2017-07-26,7710.58984375,7720.419921875,7695.2900390625,7713.06005859375,34195800
2017-07-27,7711.72021484375,7727.1298828125,7705.240234375,7710.58984375,29275000
2017-07-28,7639.509765625,7711.7998046875,7638.4501953125,7711.72021484375,35247500
2017-07-31,7693.990234375,7693.990234375,7639.509765625,7639.509765625,37638700
2017-08-01,7729.43994140625,7729.43994140625,7687.06005859375,7693.990234375,32343400
2017-08-02,7748.31005859375,7766.85986328125,7719.97021484375,7729.43994140625,41615200
2017-08-03,7753.75,7760.22021484375,7737.06005859375,7748.31005859375,42800600
2017-08-04,7746.1201171875,7763.669921875,7742.6201171875,7753.75,30429600
2017-08-07,7771.56982421875,7771.56982421875,7741.0498046875,7741.0498046875,33324600
2017-08-08,7782.72021484375,7782.72021484375,7746.85009765625,7771.56982421875,27577300
2017-08-09,7799.64013671875,7799.64013671875,7744.5400390625,7782.72021484375,43377200
2017-08-10,7789.7099609375,7807.66015625,7786.06982421875,7799.64013671875,30197200
2017-08-11,7719.10986328125,7789.7099609375,7698.85986328125,7789.7099609375,32675100
2017-08-14,7761.93994140625,7762.759765625,7713.66015625,7713.66015625,25822300
2017-08-15,7813.740234375,7824.47998046875,7761.93994140625,7761.93994140625,35041100
2017-08-16,7853.33984375,7853.93994140625,7812.1201171875,7813.740234375,28146100
2017-08-17,7870.06005859375,7875.080078125,7840.3798828125,7853.33984375,32987300
2017-08-18,7873.5498046875,7873.5498046875,7821.68994140625,7870.06005859375,31145000
2017-08-21,7867.77978515625,7876.580078125,7851.83984375,7859.18017578125,21932700
2017-08-22,7867.080078125,7889.22021484375,7865.240234375,7868.490234375,35804100
2017-08-23,7879.4599609375,7890.580078125,7862.25,7867.080078125,42094200
2017-08-24,7868.41015625,7886.43017578125,7862.7900390625,7879.4599609375,40415300
2017-08-25,7857.81005859375,7882.08984375,7857.759765625,7866.77001953125,38486100
2017-08-28,7826.8701171875,7879.7099609375,7823.43994140625,7858.58984375,28659000
2017-08-29,7738.33984375,7826.8701171875,7738.33984375,7826.8701171875,49926600
2017-08-30,7775.2099609375,7791.419921875,7742.740234375,7747.990234375,26101700
2017-08-31,7817.10009765625,7817.419921875,7767.56005859375,7781.93994140625,38957700
2017-09-01,7821.97998046875,7828.240234375,7805.6298828125,7817.4501953125,35700700
2017-09-04,7808.22021484375,7827.27978515625,7807.83984375,7826.35986328125,29323600
2017-09-05,7777.39990234375,7808.22021484375,7773.77001953125,7808.22021484375,33802300
2017-09-06,7790.2099609375,7790.2099609375,7719.18994140625,7781.89990234375,38579600
2017-09-07,7804.259765625,7817.58984375,7777.14990234375,7791.06005859375,36696400
2017-09-08,7851.52978515625,7855.60986328125,7804.759765625,7804.759765625,23105800
2017-09-11,7851.75,7865.0498046875,7829.52978515625,7851.52978515625,26616700
2017-09-12,7840.41015625,7869.830078125,7828.97021484375,7851.75,29044200
2017-09-13,7827.43017578125,7855.39013671875,7821.2099609375,7847.68017578125,34094300
2017-09-14,7819.22998046875,7842.080078125,7818.93017578125,7831.669921875,31219300
2017-09-15,7762.66015625,7821.18994140625,7732.740234375,7819.22998046875,73360300
2017-09-18,7758.7099609375,7779.43994140625,7746.10009765625,7762.66015625,28685400
2017-09-19,7764.52978515625,7771.509765625,7752.14013671875,7758.7099609375,33537100
2017-09-20,7819.240234375,7819.240234375,7753.330078125,7765.35009765625,39368100
2017-09-21,7795.41015625,7851.14990234375,7770.85986328125,7851.14990234375,30030500
2017-09-22,7814.77978515625,7814.77978515625,7776.58984375,7795.41015625,26791400
2017-09-25,7869.77001953125,7870.8701171875,7810.81005859375,7814.5,20741900
2017-09-26,7887.18017578125,7887.18017578125,7841.06005859375,7869.77001953125,38210400
2017-09-27,7913.77978515625,7913.77978515625,7878.330078125,7887.18017578125,35271300
2017-09-28,7913.6201171875,7955.759765625,7903.66015625,7929.41015625,40251500
2017-09-29,7930.39990234375,7946.41015625,7901.6201171875,7928.1201171875,45782100
2017-10-02,7928.89013671875,7937.60986328125,7905.5400390625,7931.60009765625,31636500
2017-10-03,7933.419921875,7938.4599609375,7914.7001953125,7928.89013671875,36734500
2017-10-04,7949.68994140625,7950.419921875,7923.5400390625,7933.419921875,32380800
2017-10-05,7974.7001953125,7987.75,7939.93017578125,7958.580078125,30385800
2017-10-06,7977.33984375,7993.7099609375,7969.2001953125,7979.10009765625,30560100
2017-10-09,8010.27978515625,8018.1298828125,7972.93017578125,7977.33984375,31382800
2017-10-10,8037.81005859375,8044.3701171875,7994.06005859375,8010.27978515625,33590800
2017-10-11,8060.97998046875,8063.27978515625,8025.240234375,8037.81005859375,39069600
2017-10-12,8068.1201171875,8080.9599609375,8038.990234375,8060.97998046875,30002200
2017-10-13,8089.31982421875,8096.47021484375,8062.27001953125,8068.1201171875,34822900
2017-10-16,8090.72998046875,8097.22998046875,8058.72998046875,8089.31982421875,35430700
2017-10-17,8112.0498046875,8114.080078125,8071.1201171875,8090.72998046875,27969200
2017-10-18,8115.02001953125,8131.490234375,8087.81982421875,8112.0498046875,33598300
2017-10-19,8124.06982421875,8129.91015625,8099.02978515625,8115.02001953125,29645700
2017-10-20,8129.5498046875,8142.27978515625,8027.6201171875,8124.06982421875,43999600
2017-10-24,8130.10009765625,8149.080078125,8105.669921875,8129.5498046875,41811400
2017-10-25,8122.669921875,8141.41015625,8106.85986328125,8130.10009765625,50626700
2017-10-26,8086.740234375,8124.3798828125,8078.85986328125,8122.669921875,39227600
2017-10-27,8084.990234375,8112.97021484375,8073.990234375,8086.740234375,44333500
2017-10-30,8143.97998046875,8146.97021484375,8084.22998046875,8084.990234375,28432300
2017-10-31,8146.33984375,8167.60009765625,8143.97998046875,8143.97998046875,46384200
2017-11-01,8053.81005859375,8146.89013671875,8028.240234375,8146.33984375,44853800
2017-11-02,8083.06005859375,8094.31982421875,8036.14990234375,8053.81005859375,46301800
2017-11-03,8065.1201171875,8097.89990234375,8056.22998046875,8081.2998046875,35903900
2017-11-06,8053.6298828125,8080.33984375,8033.68017578125,8065.1201171875,22478000
2017-11-07,8049.669921875,8055.22998046875,8030.31982421875,8053.6298828125,29444600
2017-11-08,8040.419921875,8049.669921875,7976.2001953125,8036.3798828125,28276300
2017-11-09,8021.08984375,8041.43994140625,7985.52001953125,8041.43994140625,34308300
2017-11-10,7974.43017578125,8023.22021484375,7974.43017578125,8023.22021484375,27894700
2017-11-13,7976.43017578125,7999.97998046875,7959.68994140625,7980.85009765625,25248700
2017-11-14,8008.0,8008.0,7970.52001953125,7976.43017578125,67017100
2017-11-15,7999.93994140625,8014.83984375,7983.8701171875,8008.0,43571500
2017-11-16,8034.7001953125,8038.39990234375,7986.85009765625,7999.93994140625,42205700
2017-11-17,8061.97998046875,8065.0400390625,8029.89990234375,8036.0,32985300
2017-11-20,8089.7998046875,8090.7998046875,8061.97998046875,8061.97998046875,29296600
2017-11-21,8088.47998046875,8098.2998046875,8049.22998046875,8089.7998046875,39926900
2017-11-22,8104.990234375,8119.97021484375,8068.89990234375,8088.47998046875,38549000
2017-11-23,8101.9501953125,8141.25,8080.68017578125,8109.83984375,22674000
2017-11-24,8130.2900390625,8142.64990234375,8101.9501953125,8102.3798828125,43623400
2017-11-27,8176.10009765625,8176.10009765625,8120.7001953125,8133.35009765625,35649600
2017-11-28,8141.490234375,8190.2099609375,8138.2900390625,8176.10009765625,42438000
2017-11-29,8141.9599609375,8166.580078125,8138.18017578125,8143.85009765625,41475200
2017-11-30,8186.81982421875,8186.81982421875,8111.39990234375,8145.990234375,212013200
2017-12-01,8188.830078125,8215.0,8184.64013671875,8188.91015625,34680100
2017-12-04,8184.8701171875,8193.259765625,8164.27978515625,8176.7900390625,18222100
2017-12-05,8176.2099609375,8196.83984375,8161.669921875,8190.93994140625,35574400
2017-12-06,8130.85986328125,8177.4599609375,8130.85986328125,8164.56982421875,29012200
2017-12-07,8172.60009765625,8174.2099609375,8131.14990234375,8132.330078125,30725700
2017-12-08,8235.08984375,8252.4404296875,8154.6298828125,8172.60009765625,27376600
2017-12-11,8277.509765625,8277.509765625,8215.1796875,8235.08984375,24815000
2017-12-12,8280.8095703125,8280.8095703125,8247.91015625,8277.509765625,34730200
2017-12-13,8284.580078125,8284.580078125,8235.849609375,8271.3603515625,30455200
2017-12-14,8323.75,8323.75,8261.349609375,8284.580078125,43105500
2017-12-15,8360.8603515625,8364.0302734375,8307.1103515625,8323.75,78765200
2017-12-18,8344.150390625,8365.4501953125,8327.669921875,8360.8603515625,46387700
2017-12-19,8401.2001953125,8402.419921875,8340.4599609375,8344.150390625,29098700
2017-12-20,8383.5595703125,8423.3896484375,8379.2802734375,8401.2001953125,27720400
2017-12-21,8364.4404296875,8405.6796875,8364.4404296875,8383.5595703125,21226900
2017-12-22,8396.4296875,8397.8896484375,8352.01953125,8364.4404296875,10745200
2017-12-27,8376.4296875,8416.5595703125,8376.41015625,8396.4296875,14693600
2017-12-28,8408.5302734375,8408.5302734375,8369.4404296875,8372.9501953125,12604600
2017-12-29,8398.080078125,8408.5302734375,8391.5703125,8408.5302734375,11200000
2018-01-03,8424.91015625,8438.900390625,8398.080078125,8398.080078125,19577100
2018-01-04,8443.5,8448.7001953125,8421.2099609375,8424.91015625,16435100
2018-01-05,8455.5498046875,8455.5498046875,8417.6103515625,8443.5,25405000
2018-01-08,8425.48046875,8468.0498046875,8423.01953125,8456.169921875,17824000
2018-01-09,8433.23046875,8450.400390625,8417.3798828125,8426.48046875,27140200
2018-01-10,8364.900390625,8444.3203125,8338.7900390625,8433.23046875,31743800
2018-01-11,8250.4404296875,8364.900390625,8239.0,8364.900390625,29546500
2018-01-12,8242.349609375,8274.7998046875,8237.5400390625,8250.4404296875,21963700
2018-01-15,8211.3701171875,8262.9296875,8211.3701171875,8242.349609375,13737000
2018-01-16,8250.5400390625,8283.25,8211.3701171875,8231.83984375,17752300
2018-01-17,8297.669921875,8297.669921875,8250.5400390625,8250.5400390625,27568400
2018-01-18,8272.669921875,8322.7998046875,8270.0595703125,8297.669921875,23356200
2018-01-19,8289.9599609375,8297.0498046875,8268.2802734375,8272.669921875,23348900
2018-01-22,8335.3603515625,8351.5400390625,8289.9599609375,8313.9697265625,20693400
2018-01-23,8307.6298828125,8336.8701171875,8301.08984375,8335.3603515625,21479900
2018-01-24,8324.08984375,8344.41015625,8307.6298828125,8307.6298828125,28488100
2018-01-25,8369.7802734375,8369.7802734375,8317.3095703125,8324.08984375,28738800
2018-01-26,8311.419921875,8369.7802734375,8311.419921875,8369.7802734375,16199500
2018-01-29,8327.58984375,8344.5,8305.580078125,8308.1103515625,16536100
2018-01-30,8298.580078125,8329.8603515625,8298.580078125,8327.58984375,38134200
2018-01-31,8442.009765625,8442.009765625,8246.75,8298.580078125,48975800
2018-02-01,8383.8701171875,8442.009765625,8376.9296875,8442.009765625,20831800
2018-02-02,8415.2900390625,8417.51953125,8374.4404296875,8383.8701171875,31366900
2018-02-05,8241.830078125,8415.2900390625,8240.4501953125,8415.2900390625,20931200
2018-02-07,8194.73046875,8241.830078125,8073.06005859375,8241.830078125,46282100
2018-02-08,8177.14013671875,8223.0498046875,8177.14013671875,8194.73046875,29248900
2018-02-09,8092.3701171875,8177.14013671875,8031.080078125,8177.14013671875,37755600
2018-02-12,8059.06005859375,8119.18994140625,8059.06005859375,8092.3701171875,35818100
2018-02-13,8122.22021484375,8131.759765625,8059.06005859375,8059.06005859375,25152800
2018-02-14,8058.7998046875,8122.22021484375,8053.25,8122.22021484375,42897000
2018-02-15,8063.330078125,8084.330078125,8057.490234375,8058.7998046875,30791900
2018-02-16,8125.31005859375,8127.93994140625,8063.330078125,8063.330078125,21421600
2018-02-19,8115.25,8138.06982421875,8107.7900390625,8125.31005859375,16822300
2018-02-20,8098.27001953125,8133.77978515625,8088.72021484375,8115.25,19459700
2018-02-21,8200.26953125,8241.599609375,8098.27001953125,8098.27001953125,47160300
2018-02-22,8266.8798828125,8430.419921875,8200.26953125,8200.26953125,38933600
2018-02-23,8301.7197265625,8327.98046875,8267.8701171875,8267.8701171875,44900300
2018-02-26,8340.5302734375,8357.2099609375,8301.7197265625,8301.7197265625,25709100
2018-02-27,8360.3798828125,8417.91015625,8340.5302734375,8340.5302734375,28531200
2018-02-28,8373.8203125,8379.26953125,8317.5498046875,8360.3798828125,47857000
2018-03-01,8342.7099609375,8380.099609375,8339.3095703125,8380.099609375,28162800
2018-03-02,8288.419921875,8342.7099609375,8285.25,8342.7099609375,34965600
2018-03-05,8279.830078125,8317.400390625,8279.830078125,8288.419921875,22082500
2018-03-06,8327.66015625,8337.23046875,8279.830078125,8279.830078125,32313000
2018-03-07,8284.33984375,8333.0703125,8278.6103515625,8329.259765625,42388600
2018-03-08,8358.7001953125,8358.7001953125,8283.75,8297.150390625,32590300
2018-03-09,8390.009765625,8391.6396484375,8351.580078125,8360.0302734375,31684600
2018-03-12,8463.990234375,8478.2099609375,8390.4501953125,8390.4501953125,25052200
2018-03-13,8473.1396484375,8491.7001953125,8461.6298828125,8466.0302734375,30699600
2018-03-14,8432.6298828125,8483.01953125,8426.3203125,8483.01953125,36014800
2018-03-15,8467.330078125,8472.26953125,8408.26953125,8424.240234375,33956600
2018-03-16,8477.080078125,8499.7001953125,8451.4697265625,8467.330078125,101102500
2018-03-19,8492.1201171875,8501.3603515625,8455.669921875,8490.0595703125,23944300
2018-03-20,8487.150390625,8492.1201171875,8448.48046875,8492.1201171875,26511300
2018-03-21,8608.2900390625,8622.41015625,8487.150390625,8487.150390625,34774800
2018-03-22,8600.8095703125,8634.7099609375,8588.0,8608.2900390625,34761700
2018-03-23,8515.3603515625,8600.8095703125,8477.919921875,8600.8095703125,23503800
2018-03-26,8432.41015625,8515.3603515625,8401.26953125,8515.3603515625,21645700
2018-03-27,8508.1201171875,8517.48046875,8434.349609375,8434.349609375,36200100
2018-03-28,8388.080078125,8514.2001953125,8356.9501953125,8514.2001953125,40318800
2018-03-29,8319.0703125,8388.080078125,8312.83984375,8385.3896484375,43370900
2018-04-03,8329.9296875,8348.599609375,8250.830078125,8271.7802734375,24520500
2018-04-04,8398.080078125,8398.080078125,8329.919921875,8329.9296875,29571000
2018-04-05,8363.990234375,8417.83984375,8363.7099609375,8403.1103515625,38796400
2018-04-06,8393.26953125,8398.830078125,8345.33984375,8363.990234375,30933700
2018-04-09,8454.1298828125,8454.1298828125,8341.400390625,8393.26953125,23006400
2018-04-10,8469.76953125,8475.2099609375,8430.08984375,8454.1298828125,19936300
2018-04-11,8453.7197265625,8492.58984375,8439.58984375,8469.76953125,24293500
2018-04-12,8404.2197265625,8453.7197265625,8382.9404296875,8453.7197265625,26197600
2018-04-13,8414.76953125,8474.6298828125,8404.2197265625,8404.2197265625,26372800
2018-04-16,8406.349609375,8421.01953125,8372.6796875,8414.76953125,20983700
2018-04-17,8344.51953125,8406.349609375,8340.2197265625,8406.349609375,19880800
2018-04-18,8369.490234375,8373.099609375,8341.5400390625,8344.51953125,18417200
2018-04-19,8373.0302734375,8403.1103515625,8368.4697265625,8369.490234375,27467900
2018-04-20,8323.2197265625,8408.2900390625,8323.2197265625,8373.0302734375,4172500
2018-04-23,8303.6201171875,8353.849609375,8283.4599609375,8323.2197265625,17279500
2018-04-24,8288.6396484375,8314.1298828125,8280.1103515625,8303.6201171875,21932500
2018-04-26,8282.0498046875,8307.9697265625,8264.1103515625,8288.6396484375,30909200
2018-04-27,8370.3701171875,8378.259765625,8282.0498046875,8282.0498046875,26938700
2018-04-30,8443.580078125,8443.580078125,8343.4404296875,8370.3701171875,36027300
2018-05-01,8435.9697265625,8448.1904296875,8419.9599609375,8443.580078125,27059500
2018-05-02,8494.240234375,8498.5400390625,8435.9697265625,8435.9697265625,35978500
2018-05-03,8546.8798828125,8562.66015625,8485.400390625,8494.240234375,28545500
2018-05-04,8549.3701171875,8568.5498046875,8516.4296875,8556.1298828125,22458500
2018-05-07,8587.9404296875,8590.98046875,8549.3701171875,8549.3701171875,20889200
2018-05-08,8594.58984375,8597.330078125,8561.2900390625,8587.8095703125,28755700
2018-05-09,8619.830078125,8619.919921875,8578.7900390625,8594.58984375,24795500
2018-05-10,8637.7197265625,8660.150390625,8619.830078125,8619.830078125,27820900
2018-05-11,8676.6904296875,8679.740234375,8637.7197265625,8638.8798828125,36183300
2018-05-14,8713.23046875,8713.23046875,8663.240234375,8671.6396484375,18579600
2018-05-15,8708.7802734375,8765.66015625,8708.7802734375,8713.23046875,42804600
2018-05-16,8555.509765625,8708.7802734375,8509.6201171875,8708.7802734375,34468700
2018-05-17,8603.3798828125,8621.1201171875,8566.16015625,8566.16015625,25067900
2018-05-18,8657.330078125,8657.330078125,8603.3798828125,8603.3798828125,26361200
2018-05-21,8615.7197265625,8658.16015625,8606.3896484375,8658.16015625,20092200
2018-05-22,8613.3203125,8635.6796875,8600.23046875,8615.7197265625,27280200
2018-05-23,8553.23046875,8613.3203125,8553.23046875,8613.3203125,33805900
2018-05-24,8590.76953125,8619.990234375,8549.580078125,8554.5498046875,35658300
2018-05-25,8638.400390625,8647.650390625,8590.76953125,8590.76953125,29185200
2018-05-28,8645.2001953125,8653.51953125,8602.0498046875,8638.400390625,21998300
2018-05-29,8635.8603515625,8645.2001953125,8603.16015625,8645.2001953125,30454800
2018-05-30,8647.8603515625,8673.73046875,8593.150390625,8635.8603515625,38943900
2018-05-31,8658.7900390625,8698.5302734375,8647.4599609375,8650.83984375,198673700
2018-06-01,8636.16015625,8664.400390625,8588.33984375,8664.400390625,25725700
2018-06-05,8757.0400390625,8765.5400390625,8640.7001953125,8640.7001953125,30556400
2018-06-06,8813.4501953125,8813.4501953125,8732.9501953125,8757.6796875,32612900
2018-06-07,8899.51953125,8899.51953125,8812.3896484375,8819.3701171875,33681500
2018-06-08,8938.4501953125,8938.4501953125,8886.33984375,8899.51953125,21800400
2018-06-11,8959.8095703125,8959.8095703125,8903.169921875,8940.419921875,13739100
2018-06-12,8958.8095703125,8961.6103515625,8924.6396484375,8961.6103515625,28476500
2018-06-13,8977.3095703125,8977.3095703125,8928.0595703125,8959.650390625,28038500
2018-06-14,8978.1796875,8990.5400390625,8940.48046875,8977.3095703125,27544400
2018-06-15,8975.75,9020.6796875,8960.2900390625,8978.4697265625,54788500
2018-06-18,8974.23046875,8981.2900390625,8948.3798828125,8975.75,22515900
2018-06-19,8863.240234375,8974.23046875,8863.240234375,8974.23046875,51432600
2018-06-20,8905.7900390625,8918.1201171875,8835.6298828125,8863.240234375,28989100
2018-06-21,8998.7802734375,9049.599609375,8908.83984375,8912.4404296875,24691000
2018-06-22,8999.3701171875,9007.6796875,8961.419921875,8998.7802734375,38637000
2018-06-25,8996.240234375,9009.9296875,8972.0498046875,8999.3701171875,19881800
2018-06-26,8989.7998046875,8997.240234375,8923.75,8997.240234375,23756700
2018-06-27,8996.51953125,9046.0595703125,8971.7802734375,8989.7998046875,25030600
2018-06-28,8998.7900390625,9021.23046875,8996.51953125,8996.51953125,31054000
2018-06-29,8943.1298828125,9025.0400390625,8943.1298828125,8998.7900390625,40610700
2018-07-02,8942.4697265625,8978.6396484375,8936.490234375,8943.1298828125,17997800
2018-07-03,9053.58984375,9057.8798828125,8942.4697265625,8942.4697265625,27054600
2018-07-04,9025.6396484375,9053.58984375,9003.0595703125,9053.58984375,18832700
2018-07-05,9062.849609375,9062.849609375,8996.849609375,9025.6396484375,19142700
2018-07-06,9084.0400390625,9084.0400390625,9022.490234375,9062.849609375,26926000
2018-07-09,9061.650390625,9084.0400390625,9041.6904296875,9084.0400390625,21517000
2018-07-10,9022.9296875,9072.669921875,9019.7900390625,9061.650390625,25828400
2018-07-11,9001.3896484375,9035.650390625,9001.3896484375,9022.9296875,21219200
2018-07-12,8985.4697265625,9006.990234375,8962.6904296875,9003.4296875,21271700
2018-07-13,9024.1904296875,9024.3603515625,8985.4697265625,8985.4697265625,17479900
2018-07-16,8980.3095703125,9025.4501953125,8969.1298828125,9024.1904296875,13077600
2018-07-17,8978.8896484375,8999.400390625,8941.330078125,8980.3095703125,18439400
2018-07-18,8946.099609375,8978.8896484375,8942.1904296875,8978.8896484375,24611400
2018-07-19,8917.58984375,8956.76953125,8917.58984375,8946.099609375,20139800
2018-07-20,8955.5400390625,8955.6103515625,8890.349609375,8917.58984375,27306900
2018-07-23,8872.5595703125,8955.5400390625,8872.5595703125,8955.5400390625,16299200
2018-07-24,8901.3203125,8904.0595703125,8857.51953125,8872.5595703125,25826100
2018-07-25,8933.8896484375,8949.5,8894.33984375,8901.3203125,22333800
2018-07-26,8932.48046875,8956.4404296875,8929.4501953125,8933.8896484375,20819600
2018-07-27,8996.16015625,8996.16015625,8924.599609375,8932.48046875,20211200
2018-07-30,8921.3798828125,8997.23046875,8921.3798828125,8996.16015625,18364600
2018-07-31,8922.08984375,8938.8203125,8887.9697265625,8921.3798828125,29896500
2018-08-01,8859.919921875,8925.0,8859.919921875,8922.08984375,28044500
2018-08-02,8849.16015625,8869.75,8832.6796875,8859.919921875,23785300
2018-08-03,8864.51953125,8894.1201171875,8838.2197265625,8849.16015625,24076400
2018-08-06,8903.1298828125,8920.6201171875,8864.51953125,8864.51953125,13376600
2018-08-07,8875.73046875,8906.0400390625,8875.73046875,8903.1298828125,26487900
2018-08-08,8872.08984375,8901.6201171875,8862.0498046875,8875.73046875,24405900
2018-08-09,8940.1904296875,8955.900390625,8872.08984375,8872.08984375,19897000
2018-08-10,9010.6103515625,9010.6103515625,8937.4296875,8940.1904296875,22927500
2018-08-13,8945.0400390625,9012.8095703125,8945.0400390625,9010.6103515625,10987100
2018-08-14,8971.9404296875,8991.8095703125,8940.58984375,8945.0400390625,28042600
2018-08-15,8987.490234375,8990.9296875,8966.5302734375,8971.9404296875,22085000
2018-08-16,8998.91015625,9003.0595703125,8966.16015625,8987.490234375,25863200
2018-08-17,9052.76953125,9060.3896484375,8998.91015625,8998.91015625,19731300
2018-08-20,9109.150390625,9109.150390625,9047.099609375,9052.76953125,22027800
2018-08-21,9115.7802734375,9121.73046875,9077.2001953125,9109.98046875,23066400
2018-08-22,9162.6103515625,9169.490234375,9112.8603515625,9115.7802734375,26366200
2018-08-23,9139.8701171875,9162.6103515625,9111.66015625,9162.6103515625,22742400
2018-08-24,9159.6298828125,9162.349609375,9125.66015625,9139.8701171875,28542800
2018-08-27,9206.419921875,9219.849609375,9154.830078125,9160.8896484375,20888800
2018-08-28,9214.01953125,9216.41015625,9204.650390625,9206.419921875,5793400
2018-08-29,9362.669921875,9362.669921875,9225.8203125,9226.7099609375,42660300
2018-08-30,9339.8798828125,9369.7802734375,9319.849609375,9369.7802734375,28547300
2018-08-31,9313.2001953125,9339.8798828125,9284.33984375,9339.8798828125,31192800
2018-09-03,9257.2900390625,9313.2001953125,9224.330078125,9313.2001953125,19024400
2018-09-04,9292.150390625,9300.6298828125,9245.16015625,9257.2900390625,26158500
2018-09-05,9228.0,9311.6904296875,9218.3798828125,9294.419921875,26710100
2018-09-06,9101.599609375,9244.6396484375,9091.9599609375,9244.6396484375,22380300
2018-09-07,9095.3896484375,9110.0,9060.9404296875,9101.599609375,27520500
2018-09-10,9048.6298828125,9095.8896484375,9043.240234375,9095.8896484375,21241100
2018-09-11,9225.5703125,9225.5703125,9049.83984375,9049.83984375,44229900
2018-09-12,9195.5703125,9234.509765625,9168.7998046875,9231.9404296875,26708800
2018-09-13,9248.990234375,9248.990234375,9163.0,9201.0498046875,31958100
2018-09-14,9270.759765625,9274.669921875,9217.7099609375,9248.990234375,27852100
2018-09-17,9271.5302734375,9279.8896484375,9243.5595703125,9270.759765625,18029100
2018-09-18,9315.76953125,9315.76953125,9236.0595703125,9271.5302734375,28887300
2018-09-19,9345.0595703125,9345.0595703125,9310.58984375,9315.76953125,32679000
2018-09-20,9360.8701171875,9370.1796875,9312.9697265625,9370.1796875,29329900
2018-09-21,9375.9697265625,9375.9697265625,9315.9296875,9360.8701171875,82471100
2018-09-24,9337.509765625,9381.23046875,9300.5498046875,9381.23046875,21308900
2018-09-25,9345.9599609375,9345.9599609375,9300.509765625,9337.509765625,32026500
2018-09-26,9349.849609375,9357.2099609375,9321.8798828125,9345.9599609375,35639400
2018-09-27,9286.400390625,9367.58984375,9286.400390625,9367.58984375,26576400
2018-09-28,9351.0595703125,9351.0595703125,9283.5498046875,9286.400390625,35383500
2018-10-01,9327.26953125,9352.6904296875,9304.7998046875,9352.6904296875,13607200
2018-10-02,9326.58984375,9341.48046875,9296.8896484375,9327.26953125,29207400
2018-10-03,9293.9501953125,9329.849609375,9282.75,9326.58984375,23964800
2018-10-04,9257.1796875,9307.6396484375,9249.1796875,9307.6396484375,27645000
2018-10-05,9214.8701171875,9257.1796875,9192.6201171875,9257.1796875,14812400
2018-10-08,9147.099609375,9218.3203125,9147.099609375,9214.8701171875,16199100
2018-10-09,9069.98046875,9147.099609375,9055.4599609375,9147.099609375,22473400
2018-10-10,9050.8203125,9086.08984375,9025.5400390625,9069.98046875,24956600
2018-10-11,8721.2001953125,9050.8203125,8721.2001953125,9050.8203125,28518500
2018-10-12,8843.240234375,8844.08984375,8613.91015625,8721.2001953125,27810200
2018-10-15,8838.0703125,8980.2802734375,8833.9404296875,8843.240234375,28573500
2018-10-16,8803.4501953125,8850.7099609375,8797.51953125,8838.0703125,24483300
2018-10-17,8911.7900390625,8946.98046875,8803.4501953125,8803.4501953125,19834100
2018-10-18,8910.58984375,8960.33984375,8909.5595703125,8911.7900390625,21348200
2018-10-19,8802.259765625,8910.58984375,8793.1904296875,8910.58984375,25382700
2018-10-23,8673.1796875,8802.259765625,8673.1796875,8802.259765625,31181300
2018-10-24,8642.240234375,8673.1796875,8632.150390625,8673.1796875,30038700
2018-10-25,8568.23046875,8642.240234375,8490.759765625,8642.240234375,29232100
2018-10-26,8568.400390625,8648.9599609375,8544.419921875,8568.23046875,27369700
2018-10-29,8615.5400390625,8615.5400390625,8545.23046875,8568.400390625,15379500
2018-10-30,8648.3798828125,8648.3798828125,8558.2197265625,8615.5400390625,21936200
2018-10-31,8752.3095703125,8756.3896484375,8648.3798828125,8648.3798828125,36302800
2018-11-01,8843.830078125,8856.0,8739.9501953125,8752.3095703125,30790400
2018-11-02,8835.599609375,8879.0703125,8826.2001953125,8843.830078125,27570400
2018-11-05,8778.7802734375,8835.599609375,8778.7802734375,8835.599609375,18093600
2018-11-06,8816.419921875,8849.5498046875,8778.7802734375,8778.7802734375,28903900
2018-11-07,8854.7900390625,8854.7900390625,8774.5703125,8816.419921875,28025400
2018-11-08,8896.009765625,8933.900390625,8854.7900390625,8854.7900390625,21889800
2018-11-09,8931.400390625,8931.400390625,8889.599609375,8896.009765625,21373100
2018-11-12,8956.849609375,8956.849609375,8895.25,8933.1103515625,18584500
2018-11-13,8861.51953125,8959.33984375,8838.83984375,8959.33984375,22280700
2018-11-14,8827.740234375,8883.3798828125,8813.099609375,8861.51953125,28515200
2018-11-15,8825.8896484375,8827.740234375,8768.669921875,8827.740234375,22069500
2018-11-16,8809.7001953125,8850.5302734375,8799.8095703125,8830.1396484375,18361800
2018-11-19,8792.9296875,8829.01953125,8785.3798828125,8809.7001953125,15910100
2018-11-20,8720.2998046875,8792.9296875,8679.5703125,8792.9296875,33704600
2018-11-21,8672.400390625,8720.2998046875,8652.3701171875,8720.2998046875,41177800
2018-11-22,8703.16015625,8765.7001953125,8678.25,8678.25,36676200
2018-11-23,8701.3798828125,8732.0498046875,8701.3798828125,8703.16015625,33037700
2018-11-26,8662.3701171875,8720.73046875,8662.3701171875,8704.6904296875,20036000
2018-11-27,8673.8203125,8708.91015625,8662.3701171875,8662.3701171875,27408400
2018-11-28,8713.9599609375,8724.8603515625,8677.0,8677.0,25600600
2018-11-29,8794.8798828125,8824.6396484375,8713.9599609375,8713.9599609375,24507900
2018-11-30,8823.5400390625,8852.6298828125,8794.8798828125,8794.8798828125,61766800
2018-12-03,8876.08984375,8895.23046875,8828.6298828125,8828.6298828125,21534100
2018-12-04,8865.759765625,8917.2197265625,8852.509765625,8877.3203125,27087800
2018-12-05,8781.5302734375,8865.759765625,8724.51953125,8865.759765625,22964700
2018-12-06,8758.2197265625,8809.0,8748.080078125,8788.419921875,26258200
2018-12-07,8767.3203125,8792.849609375,8735.0302734375,8763.5302734375,26537900
2018-12-10,8660.01953125,8767.3203125,8660.01953125,8767.3203125,15891100
2018-12-11,8670.9404296875,8702.1396484375,8660.5302734375,8660.5302734375,27334400
2018-12-12,8738.3603515625,8753.23046875,8671.51953125,8671.51953125,28676600
2018-12-13,8793.169921875,8801.6298828125,8738.3603515625,8738.3603515625,30111000
2018-12-14,8722.509765625,8793.169921875,8713.6298828125,8793.169921875,37905300
2018-12-17,8745.58984375,8745.58984375,8657.0595703125,8722.509765625,29479800
2018-12-18,8688.3701171875,8745.58984375,8658.830078125,8745.58984375,33524400
2018-12-19,8762.1904296875,8762.1904296875,8688.3701171875,8688.3701171875,31057700
2018-12-20,8772.1904296875,8801.2900390625,8700.2998046875,8762.1904296875,26270200
2018-12-21,8686.1904296875,8772.1904296875,8660.849609375,8772.1904296875,47882200
2018-12-24,8714.509765625,8714.509765625,8658.0498046875,8686.1904296875,9473100
2018-12-27,8774.51953125,8841.98046875,8714.509765625,8714.509765625,11066300
2018-12-28,8783.490234375,8832.0595703125,8746.33984375,8774.51953125,8995800
2018-12-31,8811.26953125,8824.26953125,8764.7900390625,8783.490234375,9270900
2019-01-03,8732.3701171875,8811.26953125,8732.3701171875,8811.26953125,20259300
2019-01-04,8743.759765625,8743.759765625,8664.5,8732.3701171875,13963500
2019-01-07,8806.0400390625,8812.33984375,8743.759765625,8743.759765625,16664800
2019-01-08,8821.150390625,8831.1298828125,8792.830078125,8807.1201171875,16723400
2019-01-09,8947.2197265625,8947.2197265625,8821.150390625,8821.150390625,20915400
2019-01-10,8919.16015625,8954.4404296875,8887.1103515625,8947.2197265625,25129000
2019-01-11,8959.580078125,8980.5703125,8915.2001953125,8919.16015625,14020100
2019-01-14,8968.5498046875,8971.51953125,8938.01953125,8959.580078125,17849200
2019-01-15,8964.580078125,8985.759765625,8961.5498046875,8968.5498046875,25392800
2019-01-16,9027.4404296875,9028.490234375,8964.580078125,8964.580078125,39796200
2019-01-17,9077.8095703125,9089.2900390625,9020.1103515625,9027.4404296875,27251600
2019-01-18,9097.7099609375,9119.7001953125,9077.8095703125,9077.8095703125,26558000
2019-01-21,9148.5703125,9148.5703125,9087.2998046875,9097.7099609375,14605700
2019-01-22,9114.6298828125,9153.58984375,9114.6298828125,9148.5703125,22690900
2019-01-23,9106.0302734375,9114.6298828125,9076.2099609375,9114.6298828125,16981400
2019-01-24,9108.91015625,9109.76953125,9088.8095703125,9106.0302734375,21416300
2019-01-25,9110.5498046875,9136.4599609375,9095.7900390625,9108.91015625,26838900
2019-01-28,9114.51953125,9124.330078125,9103.2802734375,9110.5498046875,5187300
2019-01-29,9006.3798828125,9114.51953125,9006.3798828125,9114.51953125,24515100
2019-01-30,8925.51953125,9015.169921875,8924.849609375,9006.3798828125,32859200
2019-01-31,8985.33984375,8998.1103515625,8925.51953125,8925.51953125,28251200
2019-02-01,8999.169921875,9006.419921875,8974.33984375,8985.33984375,29969400
2019-02-04,8979.41015625,9002.8701171875,8972.16015625,8999.169921875,18782600
2019-02-05,9073.7197265625,9073.7197265625,8979.41015625,8979.41015625,25215200
2019-02-07,9133.509765625,9156.7197265625,9073.7197265625,9073.7197265625,23185100
2019-02-08,9176.6103515625,9176.6103515625,9079.51953125,9133.509765625,24338900
2019-02-11,9210.0,9230.099609375,9167.759765625,9176.6103515625,20904000
2019-02-12,9280.76953125,9281.33984375,9201.1201171875,9210.0,40209800
2019-02-13,9333.3798828125,9365.26953125,9280.76953125,9280.76953125,36711300
2019-02-14,9284.919921875,9356.169921875,9284.919921875,9333.3798828125,31466600
2019-02-15,9245.650390625,9284.919921875,9243.26953125,9284.919921875,24606200
2019-02-18,9245.4404296875,9312.5302734375,9241.0703125,9245.650390625,19398800
2019-02-19,9224.259765625,9245.4404296875,9173.4404296875,9245.4404296875,24721800
2019-02-20,9249.4404296875,9287.3603515625,9224.259765625,9224.259765625,34142300
2019-02-21,9300.8095703125,9338.5498046875,9249.4404296875,9249.4404296875,33937300
2019-02-22,9309.2099609375,9337.349609375,9277.6103515625,9300.8095703125,35136100
2019-02-25,9344.6298828125,9345.009765625,9296.240234375,9309.2099609375,32773500
2019-02-26,9323.1298828125,9367.3798828125,9320.01953125,9344.6298828125,29850300
2019-02-27,9281.4697265625,9326.830078125,9281.4697265625,9323.1298828125,59368900
2019-02-28,9325.0302734375,9332.26953125,9281.3603515625,9287.919921875,53684000
2019-03-01,9351.6796875,9382.330078125,9302.669921875,9326.01953125,44796600
2019-03-04,9413.490234375,9420.1396484375,9352.1904296875,9352.1904296875,25495700
2019-03-05,9399.6904296875,9415.8203125,9376.490234375,9413.490234375,31334300
2019-03-06,9415.0,9430.240234375,9401.7001953125,9402.4599609375,40411100
2019-03-07,9437.3603515625,9442.5400390625,9410.599609375,9422.8095703125,27999600
2019-03-08,9440.26953125,9475.4501953125,9422.2001953125,9437.6904296875,32794300
2019-03-11,9390.849609375,9445.7900390625,9388.51953125,9440.26953125,32072600
2019-03-12,9397.25,9429.259765625,9384.2802734375,9393.6201171875,37274200
2019-03-13,9387.6904296875,9408.349609375,9361.0703125,9400.9296875,47142600
2019-03-14,9435.5,9435.5,9389.4697265625,9424.099609375,104937600
2019-03-15,9473.26953125,9473.26953125,9424.2099609375,9435.5,104027800
2019-03-18,9515.1201171875,9515.1201171875,9463.0498046875,9477.2099609375,18344200
2019-03-19,9497.26953125,9526.8701171875,9483.400390625,9515.1201171875,20921700
2019-03-20,9435.7001953125,9508.169921875,9425.7802734375,9508.169921875,24189000
2019-03-21,9461.3095703125,9461.51953125,9413.009765625,9452.0703125,21590600
2019-03-22,9550.990234375,9550.990234375,9461.3095703125,9461.3095703125,23120800
2019-03-25,9519.3095703125,9550.990234375,9461.26953125,9550.990234375,20743000
2019-03-26,9574.8203125,9574.8203125,9511.0595703125,9519.3095703125,47519500
2019-03-27,9698.8896484375,9701.75,9574.8203125,9574.8203125,35008100
2019-03-28,9766.1904296875,9772.3095703125,9702.080078125,9710.7001953125,21942600
2019-03-29,9844.9501953125,9844.9501953125,9750.91015625,9766.1904296875,29322700
2019-04-01,9853.91015625,9878.5498046875,9804.0,9844.9501953125,28695000
2019-04-02,9958.349609375,9958.349609375,9853.91015625,9853.91015625,28729600
2019-04-03,9939.259765625,9963.8603515625,9878.8203125,9963.8603515625,36410200
2019-04-04,9892.599609375,9939.259765625,9869.3896484375,9939.259765625,31135700
2019-04-05,9857.0498046875,9895.2998046875,9808.01953125,9892.599609375,27569900
2019-04-08,9807.080078125,9857.0498046875,9807.080078125,9857.0498046875,25834100
2019-04-09,9787.2998046875,9822.76953125,9770.759765625,9807.080078125,30858900
2019-04-10,9707.9599609375,9787.2998046875,9705.7001953125,9787.2998046875,31928500
2019-04-11,9766.599609375,9773.080078125,9707.9599609375,9707.9599609375,28087100
2019-04-12,9768.330078125,9773.7900390625,9752.9599609375,9766.599609375,20765300
2019-04-15,9846.349609375,9846.349609375,9768.330078125,9768.330078125,22185300
2019-04-16,9908.3896484375,9908.3896484375,9846.349609375,9846.349609375,24042000
2019-04-17,9982.240234375,9982.240234375,9908.3896484375,9908.3896484375,23200200
2019-04-18,9959.6201171875,9982.240234375,9932.8603515625,9982.240234375,18283600
2019-04-23,10004.83984375,10036.0,9959.6201171875,9959.6201171875,15300400
2019-04-24,10071.740234375,10083.8095703125,10004.83984375,10004.83984375,20826400
2019-04-26,9994.5703125,10071.740234375,9994.5703125,10071.740234375,26756400
2019-04-29,10012.76953125,10056.7998046875,9994.5703125,9994.5703125,21444100
2019-04-30,10013.830078125,10047.8203125,10009.9501953125,10012.76953125,35469000
2019-05-01,9966.419921875,10013.830078125,9938.509765625,10013.830078125,17409200
2019-05-02,10084.990234375,10084.990234375,9957.5400390625,9966.419921875,47823000
2019-05-03,10058.080078125,10087.91015625,10020.5703125,10085.75,49837200
2019-05-06,9960.6201171875,10058.080078125,9948.240234375,10058.080078125,22813400
2019-05-07,10027.3896484375,10035.2998046875,9960.6201171875,9960.6201171875,26248500
2019-05-08,10063.0498046875,10063.91015625,9950.6796875,10027.3896484375,31163800
2019-05-09,10104.349609375,10114.5302734375,10060.669921875,10063.0498046875,40288900
2019-05-10,10099.3701171875,10123.3203125,10082.8896484375,10104.349609375,27263400
2019-05-13,10126.830078125,10143.5595703125,10088.6103515625,10101.08984375,15594300
2019-05-14,10070.349609375,10127.7197265625,10002.73046875,10127.7197265625,32640500
2019-05-15,10131.580078125,10171.8896484375,10070.349609375,10070.349609375,32242200
2019-05-16,10176.990234375,10213.6396484375,10146.1796875,10146.1796875,23435200
2019-05-17,10180.7998046875,10231.7197265625,10174.900390625,10176.990234375,21923100
2019-05-20,10234.150390625,10234.150390625,10180.7998046875,10180.7998046875,17428200
2019-05-21,10216.08984375,10254.8896484375,10190.6396484375,10234.150390625,25239700
2019-05-22,10237.48046875,10251.3203125,10216.08984375,10216.08984375,24298200
2019-05-23,10263.41015625,10265.4599609375,10228.2001953125,10237.48046875,22013800
2019-05-24,10222.3603515625,10263.41015625,10199.3701171875,10263.41015625,35370000
2019-05-27,10147.7099609375,10240.400390625,10147.7099609375,10222.3603515625,19394000
2019-05-28,10123.3203125,10172.9404296875,10081.7998046875,10147.7099609375,47580100
2019-05-29,10096.4697265625,10123.3203125,10048.8095703125,10123.3203125,34258800
2019-05-30,10071.98046875,10098.33984375,10061.240234375,10097.6103515625,18050400
2019-05-31,10117.990234375,10117.990234375,10053.7001953125,10071.98046875,33556900
2019-06-04,9951.9296875,10122.8701171875,9927.0498046875,10122.8701171875,24037300
2019-06-05,9956.0595703125,10033.8896484375,9951.7998046875,9954.330078125,23145800
2019-06-06,9987.0,9997.5595703125,9953.4404296875,9964.5595703125,24136900
2019-06-07,10047.8203125,10047.8203125,9966.1298828125,9987.0,22882700
2019-06-10,10027.6103515625,10072.900390625,10020.1396484375,10047.8203125,11785700
2019-06-11,10139.150390625,10139.150390625,10029.490234375,10029.490234375,25255200
2019-06-12,10205.1396484375,10205.1396484375,10106.41015625,10139.150390625,23557700
2019-06-13,10223.8095703125,10223.8095703125,10186.3203125,10213.6298828125,21706100
2019-06-14,10235.3701171875,10235.3701171875,10202.2197265625,10223.8095703125,35041600
2019-06-17,10170.259765625,10235.3701171875,10170.259765625,10235.3701171875,18835300
2019-06-18,10191.330078125,10213.1796875,10167.26953125,10170.259765625,26448600
2019-06-19,10304.830078125,10309.8896484375,10191.330078125,10191.330078125,27122000
2019-06-20,10290.759765625,10354.0703125,10261.9599609375,10311.6904296875,27125700
2019-06-21,10327.2900390625,10327.2900390625,10271.830078125,10290.759765625,62144500
2019-06-24,10388.3095703125,10388.3095703125,10268.7802734375,10327.2900390625,18369600
2019-06-25,10418.2900390625,10436.5400390625,10365.51953125,10389.4404296875,27562700
2019-06-26,10408.0498046875,10448.080078125,10386.2802734375,10418.2900390625,27769000
2019-06-27,10431.2197265625,10432.509765625,10373.7197265625,10408.0498046875,23215200
2019-06-28,10501.099609375,10501.099609375,10431.2197265625,10431.2197265625,35655000
2019-07-01,10464.5302734375,10519.8896484375,10464.5302734375,10501.099609375,16938300
2019-07-02,10531.9404296875,10534.76953125,10464.5302734375,10464.5302734375,23860000
2019-07-03,10544.4296875,10561.3798828125,10517.240234375,10531.9404296875,19720800
2019-07-04,10558.2802734375,10580.4296875,10544.4296875,10544.4296875,34442900
2019-07-05,10615.4697265625,10630.9599609375,10558.2802734375,10558.2802734375,30019600
2019-07-08,10605.98046875,10632.0400390625,10594.8798828125,10615.4697265625,16582900
2019-07-09,10538.1103515625,10605.98046875,10528.900390625,10605.98046875,28636100
2019-07-10,10650.1396484375,10658.7802734375,10533.4599609375,10538.1103515625,20121200
2019-07-11,10687.3203125,10702.08984375,10651.26953125,10652.9697265625,26285900
2019-07-12,10701.4296875,10701.4296875,10646.1298828125,10687.3203125,15207600
2019-07-15,10666.5595703125,10718.16015625,10650.7998046875,10701.4296875,17425000
2019-07-16,10651.2001953125,10700.509765625,10631.01953125,10666.5595703125,19401800
2019-07-17,10654.7998046875,10668.8701171875,10629.759765625,10651.2001953125,23437800
2019-07-18,10741.08984375,10741.08984375,10652.6298828125,10654.7998046875,23305300
2019-07-19,10753.150390625,10783.1796875,10709.83984375,10741.08984375,21432200
2019-07-22,10824.6904296875,10824.6904296875,10734.919921875,10753.150390625,22360900
2019-07-23,10867.25,10874.3701171875,10807.919921875,10824.6904296875,17448400
2019-07-24,10812.5400390625,10892.009765625,10805.16015625,10867.25,20541700
2019-07-25,10898.2802734375,10898.2802734375,10812.0400390625,10812.5400390625,23876300
2019-07-26,10807.6103515625,10898.2802734375,10807.6103515625,10898.2802734375,20004600
2019-07-29,10851.3603515625,10869.23046875,10802.1396484375,10807.6103515625,17476100
2019-07-30,10878.9501953125,10903.5595703125,10843.650390625,10851.3603515625,23286700
2019-07-31,10857.75,10922.98046875,10857.75,10878.9501953125,31613500
2019-08-01,10860.8203125,10862.8896484375,10811.9697265625,10857.75,21304800
2019-08-02,10863.8701171875,10863.8701171875,10803.830078125,10860.8203125,21048600
2019-08-05,10766.0302734375,10863.8701171875,10755.1904296875,10863.8701171875,24130800
2019-08-06,10587.169921875,10766.0302734375,10503.26953125,10766.0302734375,26615700
2019-08-07,10786.259765625,10786.259765625,10587.169921875,10587.169921875,32560400
2019-08-08,10874.2998046875,10874.2998046875,10785.9501953125,10786.259765625,31312900
2019-08-09,10873.2099609375,10927.099609375,10868.7998046875,10875.2001953125,20470700
2019-08-12,10872.740234375,10900.330078125,10842.98046875,10873.2099609375,17581600
2019-08-13,10854.76953125,10872.740234375,10794.08984375,10872.740234375,21241500
2019-08-14,10849.759765625,10922.6396484375,10825.4501953125,10854.76953125,28571100
2019-08-15,10704.1103515625,10849.759765625,10668.9296875,10849.759765625,27107400
2019-08-16,10655.3603515625,10707.98046875,10630.8095703125,10704.1103515625,33315300
2019-08-19,10702.48046875,10706.349609375,10655.3603515625,10655.3603515625,29639900
2019-08-20,10803.83984375,10803.83984375,10702.48046875,10702.48046875,22514700
2019-08-21,10709.3203125,10803.83984375,10604.41015625,10803.83984375,47915600
2019-08-22,10725.2197265625,10753.509765625,10687.0703125,10712.599609375,47550700
2019-08-23,10622.349609375,10745.8603515625,10622.349609375,10726.099609375,33595700
2019-08-26,10483.4697265625,10623.7802734375,10424.080078125,10623.7802734375,20271500
2019-08-27,10513.16015625,10583.169921875,10483.4697265625,10483.4697265625,37826900
2019-08-28,10626.169921875,10626.169921875,10511.5595703125,10541.9697265625,30078300
2019-08-29,10580.0703125,10662.2900390625,10580.0703125,10633.6396484375,29655900
2019-08-30,10757.2001953125,10757.2001953125,10580.0703125,10580.0703125,51750000
2019-09-02,10800.0,10800.4296875,10685.5,10757.2001953125,20119300
2019-09-03,10953.919921875,10953.919921875,10793.6396484375,10800.0,22432100
2019-09-04,11008.1298828125,11016.66015625,10878.0400390625,10955.6103515625,30492800
2019-09-05,11106.669921875,11117.490234375,11004.1298828125,11014.3701171875,34730800
2019-09-06,11218.990234375,11220.9697265625,11108.7099609375,11108.7099609375,40649200
2019-09-09,11202.9296875,11222.3095703125,11170.76953125,11219.759765625,23752100
2019-09-10,11142.580078125,11204.2099609375,11088.58984375,11204.2099609375,32517700
2019-09-11,10924.8798828125,11143.66015625,10908.4697265625,11143.66015625,35923100
2019-09-12,10905.0595703125,10973.7900390625,10897.91015625,10936.9697265625,24666200
2019-09-13,10863.41015625,10940.58984375,10857.7998046875,10905.0595703125,25945900
2019-09-16,10831.75,10959.3095703125,10819.919921875,10863.41015625,15044300
2019-09-17,10868.0302734375,10892.669921875,10831.75,10831.75,32810700
2019-09-18,10774.849609375,10876.990234375,10768.3203125,10868.0302734375,24626700
2019-09-19,10801.0498046875,10832.919921875,10767.8095703125,10801.3603515625,22385100
2019-09-20,10829.3896484375,10870.669921875,10797.099609375,10801.0498046875,56700200
2019-09-23,10873.330078125,10880.5595703125,10832.3896484375,10835.25,15800800
2019-09-24,10858.7099609375,10893.5,10850.919921875,10873.330078125,22216700
2019-09-25,10861.4404296875,10881.4599609375,10820.150390625,10858.7099609375,23348300
2019-09-26,10822.76953125,10910.4501953125,10822.76953125,10865.169921875,22990200
2019-09-27,10836.5,10859.8896484375,10807.169921875,10841.2998046875,16418300
2019-09-30,10925.6201171875,10925.6201171875,10832.169921875,10836.5,32064700
2019-10-01,10996.990234375,10996.990234375,10898.9501953125,10927.3095703125,20781200
2019-10-02,10951.6396484375,10996.990234375,10926.66015625,10996.990234375,27753700
2019-10-03,10821.2099609375,10963.5400390625,10784.1396484375,10963.5400390625,20217900
2019-10-04,10892.8203125,10938.3203125,10821.2099609375,10821.2099609375,26804700
2019-10-07,10975.6201171875,10975.6201171875,10892.8203125,10892.8203125,13700500
2019-10-08,11016.150390625,11016.150390625,10938.6298828125,10975.6201171875,25989700
2019-10-09,10940.8603515625,11016.150390625,10929.75,11016.150390625,19865200
2019-10-10,10886.73046875,10961.4501953125,10886.73046875,10940.8603515625,29719200
2019-10-11,10923.7099609375,10946.5595703125,10886.73046875,10886.73046875,17085600
2019-10-14,11026.599609375,11074.76953125,10923.7099609375,10923.7099609375,29461500
2019-10-15,11045.33984375,11084.7099609375,11026.599609375,11026.599609375,26424200
2019-10-16,11178.6396484375,11178.6396484375,11049.6103515625,11049.6103515625,26461800
2019-10-17,11141.8603515625,11179.6796875,11136.8798828125,11178.6396484375,21716800
2019-10-18,11067.1201171875,11168.5498046875,11067.1201171875,11141.8603515625,28591600
2019-10-21,11062.75,11100.150390625,11037.099609375,11067.1201171875,20163400
2019-10-22,11090.3896484375,11099.08984375,11057.4599609375,11062.75,17428100
2019-10-23,10853.7900390625,11090.3896484375,10834.6796875,11090.3896484375,42565400
2019-10-24,10831.51953125,10906.4697265625,10831.51953125,10853.7900390625,27582400
2019-10-25,10788.6396484375,10869.3798828125,10788.6396484375,10831.51953125,20347000
2019-10-29,10793.75,10861.740234375,10788.6396484375,10788.6396484375,28310500
2019-10-30,10789.5400390625,10825.7197265625,10785.900390625,10793.75,28125700
2019-10-31,10787.8203125,10804.2001953125,10733.9501953125,10789.5400390625,43257400
2019-11-01,10761.6904296875,10787.8203125,10723.2802734375,10787.8203125,24159000
2019-11-04,10801.5498046875,10838.490234375,10761.6904296875,10761.6904296875,17843200
2019-11-05,10841.5400390625,10849.5498046875,10783.91015625,10801.5498046875,26485400
2019-11-06,10759.1796875,10841.5400390625,10728.0498046875,10841.5400390625,27284800
2019-11-07,10795.0595703125,10795.0595703125,10728.3798828125,10759.1796875,29183600
2019-11-08,10876.98046875,10876.98046875,10795.9697265625,10795.9697265625,39926700
2019-11-11,10919.7900390625,10919.7900390625,10865.099609375,10878.7099609375,21974500
2019-11-12,10926.3095703125,10947.3095703125,10897.91015625,10921.9697265625,26505700
2019-11-13,10835.4296875,10992.0400390625,10830.6904296875,10926.3095703125,33345700
2019-11-14,10899.25,10904.91015625,10817.4404296875,10835.4296875,27799800
2019-11-15,10894.7001953125,10964.349609375,10883.73046875,10899.25,24713300
2019-11-18,10873.16015625,10931.0400390625,10835.7802734375,10894.7001953125,19006200
2019-11-19,10892.240234375,11031.8095703125,10873.5498046875,10873.5498046875,48580300
2019-11-20,10975.490234375,10975.490234375,10892.240234375,10892.240234375,33202200
2019-11-21,10958.16015625,11008.98046875,10946.2802734375,10983.1796875,29576300
2019-11-22,10946.2998046875,10961.2197265625,10914.3896484375,10958.16015625,27000100
2019-11-25,10953.669921875,10977.599609375,10928.83984375,10946.2998046875,26396100
2019-11-26,11044.5400390625,11045.98046875,10953.669921875,10953.669921875,116355300
2019-11-27,11120.8095703125,11128.98046875,11042.16015625,11048.9697265625,22646100
2019-11-28,11207.2900390625,11273.2197265625,11104.3798828125,11124.900390625,21107800
2019-11-29,11316.580078125,11337.4501953125,11207.2900390625,11207.2900390625,36897500
2019-12-02,11301.98046875,11361.23046875,11301.98046875,11323.6796875,18953900
2019-12-03,11228.26953125,11312.919921875,11228.26953125,11301.98046875,31766700
2019-12-04,11209.8701171875,11230.2802734375,11173.8603515625,11230.2802734375,30289500
2019-12-05,11257.7900390625,11317.41015625,11216.6796875,11216.6796875,19839500
2019-12-06,11276.2001953125,11298.0302734375,11261.3798828125,11264.8203125,24174600
2019-12-09,11229.58984375,11286.9404296875,11188.2900390625,11276.2001953125,28418700
2019-12-10,11284.2197265625,11284.2197265625,11221.9296875,11229.58984375,28551700
2019-12-11,11291.9599609375,11293.0703125,11242.4404296875,11284.2197265625,23647700
2019-12-12,11307.98046875,11312.2900390625,11275.2998046875,11291.9599609375,21002600
2019-12-13,11241.58984375,11307.98046875,11215.7099609375,11307.98046875,24621200
2019-12-16,11226.830078125,11251.5595703125,11211.5595703125,11241.58984375,15486500
2019-12-17,11260.83984375,11299.8095703125,11226.830078125,11226.830078125,35329000
2019-12-18,11329.5595703125,11354.6201171875,11260.83984375,11260.83984375,23700200
2019-12-19,11480.6103515625,11480.6103515625,11329.5595703125,11329.5595703125,33363700
2019-12-20,11482.2900390625,11512.26953125,11470.3095703125,11480.6103515625,46842500
2019-12-23,11547.23046875,11585.990234375,11482.2900390625,11482.2900390625,14061600
2019-12-24,11642.7802734375,11642.7802734375,11543.33984375,11547.23046875,6161200
2019-12-27,11602.1201171875,11624.740234375,11577.08984375,11593.6904296875,9049600
2019-12-30,11556.4501953125,11628.8203125,11556.4501953125,11602.1201171875,13629000
2019-12-31,11491.900390625,11585.6904296875,11491.900390625,11556.4501953125,11512500
2020-01-03,11593.1396484375,11593.1396484375,11491.900390625,11491.900390625,10962200
2020-01-06,11627.3203125,11627.3203125,11506.5400390625,11594.2802734375,19168200
2020-01-07,11629.8603515625,11631.1796875,11578.4599609375,11627.3203125,15891000
2020-01-08,11556.98046875,11629.8603515625,11489.0498046875,11629.8603515625,17421400
2020-01-09,11537.6796875,11603.6396484375,11536.8603515625,11556.98046875,19539200
2020-01-10,11551.7001953125,11606.349609375,11537.6796875,11537.6796875,16241500
2020-01-13,11543.669921875,11570.4697265625,11518.66015625,11551.7001953125,18984700
2020-01-14,11625.1298828125,11630.6103515625,11543.669921875,11543.669921875,30060200
2020-01-15,11676.669921875,11693.4599609375,11623.4697265625,11625.1298828125,29818100
2020-01-16,11737.8603515625,11753.48046875,11676.669921875,11676.669921875,26174200
2020-01-17,11800.2099609375,11802.8095703125,11737.8603515625,11737.8603515625,23518900
2020-01-20,11746.9501953125,11807.7900390625,11731.9296875,11800.2099609375,16363700
2020-01-21,11805.1396484375,11805.1396484375,11746.9501953125,11746.9501953125,25904700
2020-01-22,11889.6796875,11895.4501953125,11748.9599609375,11805.1396484375,32026100
2020-01-23,11901.1103515625,11910.73046875,11859.009765625,11889.6796875,25403400
2020-01-24,11877.8095703125,11904.919921875,11868.8798828125,11901.1103515625,26855200
2020-01-27,11807.1396484375,11877.8095703125,11807.1396484375,11877.8095703125,8079700
2020-01-28,11685.1103515625,11807.1396484375,11636.8798828125,11807.1396484375,24137100
2020-01-29,11676.509765625,11759.830078125,11673.08984375,11685.1103515625,31245400
2020-01-30,11665.650390625,11723.51953125,11656.6904296875,11676.509765625,292275300
2020-01-31,11717.4404296875,11717.4404296875,11624.099609375,11665.650390625,45945000
2020-02-03,11550.16015625,11717.4404296875,11468.5595703125,11717.4404296875,21517800
2020-02-04,11511.490234375,11579.3798828125,11511.490234375,11550.16015625,27481700
2020-02-05,11604.080078125,11618.9599609375,11511.490234375,11511.490234375,35007200
2020-02-07,11760.8798828125,11784.0595703125,11604.8896484375,11604.8896484375,39581300
2020-02-10,11702.58984375,11760.8798828125,11639.6796875,11760.8798828125,23967300
2020-02-11,11834.5400390625,11836.66015625,11696.83984375,11702.58984375,33317600
2020-02-12,11898.240234375,11914.1298828125,11812.98046875,11834.5400390625,37927300
2020-02-13,11880.83984375,11929.330078125,11854.75,11898.240234375,31892600
2020-02-14,11834.830078125,11880.83984375,11833.91015625,11880.83984375,33072400
2020-02-17,11873.98046875,11885.900390625,11801.0400390625,11834.830078125,16933900
2020-02-18,11935.83984375,11938.3095703125,11873.98046875,11873.98046875,30908700
2020-02-19,11981.0302734375,11993.3203125,11899.0302734375,11935.83984375,24788300
2020-02-20,12064.8603515625,12071.9599609375,11981.0302734375,11981.0302734375,33423000
2020-02-21,12073.33984375,12107.4501953125,11991.2998046875,12065.919921875,29371600
2020-02-24,11857.1201171875,12073.33984375,11852.4697265625,12073.33984375,29272300
2020-02-25,11719.23046875,11859.4599609375,11470.1298828125,11859.4599609375,32776600
2020-02-26,11533.8603515625,11720.4501953125,11456.5,11720.4501953125,42853300
2020-02-27,11437.169921875,11610.580078125,11435.9599609375,11540.4501953125,31768800
2020-02-28,11261.16015625,11437.169921875,11098.7900390625,11437.169921875,60252800
2020-03-02,11103.4296875,11261.16015625,10859.9404296875,11261.16015625,50457800
2020-03-03,11346.3095703125,11515.7001953125,11103.4296875,11103.4296875,45373000
2020-03-04,11417.7802734375,11420.8095703125,11252.900390625,11349.01953125,44050600
2020-03-05,11640.8896484375,11720.080078125,11421.080078125,11421.48046875,47309800
2020-03-06,11425.900390625,11640.8896484375,11353.169921875,11640.8896484375,32838300
2020-03-09,11091.8095703125,11427.6201171875,11056.66015625,11427.6201171875,53141300
2020-03-10,10897.4697265625,11093.1396484375,10549.4501953125,11093.1396484375,47328900
2020-03-11,10873.599609375,11196.9501953125,10873.599609375,10898.2197265625,41219000
2020-03-12,10333.26953125,10914.7802734375,10318.7900390625,10914.7802734375,64262400
2020-03-13,9826.8603515625,10333.26953125,9468.9404296875,10333.26953125,58075300
2020-03-16,9476.9404296875,9831.26953125,9379.0595703125,9831.26953125,55409100
2020-03-17,9434.740234375,9566.3203125,8967.6103515625,9481.2099609375,80782100
2020-03-18,9454.8896484375,10018.8095703125,9440.3095703125,9445.830078125,69480700
2020-03-19,9114.5302734375,9463.98046875,9114.5302734375,9463.98046875,67800600
2020-03-20,9201.6396484375,9224.009765625,9061.4296875,9114.5302734375,167628200
2020-03-23,8498.7001953125,9196.419921875,8209.0400390625,9196.419921875,76846600
2020-03-24,9109.150390625,9109.150390625,8399.5595703125,8498.7001953125,83738000
2020-03-25,9264.3798828125,9723.5302734375,9109.150390625,9109.150390625,76041900
2020-03-26,9632.4697265625,9691.0703125,9264.3798828125,9264.3798828125,65061800
2020-03-27,9556.73046875,10002.5703125,9514.2900390625,9625.4296875,75328100
2020-03-30,9661.1904296875,9661.1904296875,9324.8701171875,9566.8896484375,45882100
2020-03-31,9796.75,10021.7900390625,9661.1904296875,9661.1904296875,76701900
2020-04-01,9926.080078125,9948.33984375,9736.3095703125,9796.75,48292500
2020-04-02,9870.5595703125,9926.080078125,9721.759765625,9926.080078125,47342000
2020-04-03,9935.1796875,9964.5498046875,9865.2998046875,9870.5595703125,60473300
2020-04-06,9763.8203125,9935.1796875,9694.6396484375,9935.1796875,47717600
2020-04-07,9809.849609375,10040.98046875,9763.8203125,9763.8203125,65130900
2020-04-08,10031.66015625,10031.66015625,9769.509765625,9809.849609375,82131600
2020-04-09,9963.900390625,10120.8896484375,9953.0400390625,10031.66015625,94993700
2020-04-14,10159.01953125,10180.669921875,9963.900390625,9963.900390625,55951600
2020-04-15,10409.9404296875,10491.900390625,10159.01953125,10159.01953125,86400700
2020-04-16,10473.1904296875,10558.6904296875,10401.4599609375,10409.9404296875,82999000
2020-04-17,10778.7197265625,10821.16015625,10473.1904296875,10473.1904296875,95898200
2020-04-20,10762.669921875,10889.740234375,10735.3095703125,10778.7197265625,51997000
2020-04-21,10535.8701171875,10762.669921875,10533.9599609375,10762.669921875,47125700
2020-04-22,10417.669921875,10535.8701171875,10338.6103515625,10535.8701171875,44389500
2020-04-23,10446.1103515625,10623.259765625,10417.669921875,10417.669921875,36385300
2020-04-24,10419.48046875,10487.9501953125,10419.48046875,10446.1103515625,57834000
2020-04-28,10759.5595703125,10759.9501953125,10419.48046875,10419.48046875,42711900
2020-04-29,10666.1904296875,10787.990234375,10642.5498046875,10759.5595703125,38494300
2020-04-30,10532.0703125,10760.2001953125,10532.0703125,10666.1904296875,54050700
2020-05-01,10449.009765625,10596.8603515625,10449.009765625,10532.0703125,35388300
2020-05-04,10475.98046875,10475.98046875,10279.2802734375,10449.009765625,32112800
2020-05-05,10490.73046875,10553.5703125,10475.98046875,10475.98046875,38040200
2020-05-06,10572.83984375,10594.41015625,10490.73046875,10490.73046875,37758400
2020-05-07,10649.23046875,10649.23046875,10552.08984375,10572.83984375,49854000
2020-05-08,10695.58984375,10702.1201171875,10649.23046875,10649.23046875,47523600
2020-05-11,10760.2900390625,10764.0498046875,10695.58984375,10695.58984375,41222900
2020-05-12,10818.669921875,10819.650390625,10734.25,10760.2900390625,60710000
2020-05-13,10788.0302734375,10818.669921875,10677.6904296875,10818.669921875,59868900
2020-05-14,10745.16015625,10807.01953125,10721.3798828125,10788.91015625,30671300
2020-05-15,10730.6796875,10820.98046875,10700.080078125,10745.16015625,39583600
2020-05-18,10757.9404296875,10819.3798828125,10730.6796875,10730.6796875,29661500
2020-05-19,10790.1396484375,10915.1396484375,10757.9404296875,10757.9404296875,40917500
2020-05-20,10788.0595703125,10804.66015625,10718.16015625,10790.1396484375,27122500
2020-05-21,10731.5498046875,10840.759765625,10731.5498046875,10788.0595703125,29721300
2020-05-22,10662.6298828125,10790.58984375,10653.0302734375,10731.5498046875,25926800
2020-05-25,10775.7998046875,10803.3203125,10662.6298828125,10662.6298828125,35929200
2020-05-26,10914.740234375,10935.599609375,10770.1298828125,10775.7998046875,50414400
2020-05-27,11049.1904296875,11057.91015625,10916.400390625,10916.400390625,52099700
2020-05-28,10856.6904296875,11109.33984375,10856.6904296875,11049.1904296875,72351800
2020-05-29,10882.41015625,10931.6396484375,10828.5302734375,10856.6904296875,253732700
2020-06-02,11034.169921875,11034.169921875,10883.1796875,10883.1796875,54070000
2020-06-03,11118.26953125,11142.349609375,11034.169921875,11034.169921875,59750600
2020-06-04,11222.7998046875,11295.9697265625,11118.26953125,11118.26953125,80946600
2020-06-05,11171.66015625,11278.580078125,11134.169921875,11229.900390625,81834600
2020-06-08,11524.16015625,11524.16015625,11171.66015625,11171.66015625,59686300
2020-06-09,11298.6904296875,11590.5400390625,11296.669921875,11525.4501953125,87079100
2020-06-10,11260.51953125,11337.0400390625,11216.5302734375,11301.669921875,59607800
2020-06-11,11154.9296875,11260.849609375,11093.3203125,11260.849609375,51923100
2020-06-12,10905.9404296875,11154.9296875,10646.08984375,11154.9296875,73560600
2020-06-15,10864.1201171875,11043.599609375,10864.1201171875,10905.9404296875,52636900
2020-06-16,10953.849609375,11003.4697265625,10864.1201171875,10864.1201171875,37352900
2020-06-17,11334.3095703125,11334.3095703125,10953.849609375,10953.849609375,36797900
2020-06-18,11225.2802734375,11335.349609375,11166.599609375,11335.349609375,48803100
2020-06-19,11254.740234375,11297.3095703125,11149.5498046875,11225.2802734375,111937000
2020-06-22,11158.4599609375,11261.3798828125,11123.3798828125,11254.740234375,31201100
2020-06-23,11132.580078125,11259.9404296875,11132.580078125,11158.4599609375,72737200
2020-06-24,11259.41015625,11268.25,11132.580078125,11132.580078125,41459000
2020-06-25,11124.3603515625,11264.51953125,11105.0,11264.51953125,43025200
2020-06-26,11129.23046875,11226.830078125,11125.4697265625,11125.4697265625,47145400
2020-06-29,11252.5400390625,11252.5400390625,11105.51953125,11129.23046875,31643900
2020-06-30,11451.0498046875,11460.6201171875,11253.41015625,11253.41015625,65130800
2020-07-01,11350.26953125,11488.91015625,11329.2197265625,11451.0498046875,37728800
2020-07-02,11502.51953125,11506.0302734375,11350.26953125,11350.26953125,42697700
2020-07-03,11558.7001953125,11639.9404296875,11502.51953125,11502.51953125,28917900
2020-07-06,11656.2099609375,11663.66015625,11541.8701171875,11567.3095703125,27854000
2020-07-07,11743.73046875,11761.6298828125,11656.2099609375,11656.2099609375,31379600
2020-07-08,11707.26953125,11815.150390625,11647.4697265625,11743.73046875,32902800
2020-07-09,11440.8798828125,11710.0498046875,11440.8798828125,11710.0498046875,50483100
2020-07-10,11394.8603515625,11501.01953125,11374.2099609375,11440.8798828125,35563000
2020-07-13,11434.7900390625,11491.51953125,11394.8603515625,11394.8603515625,34259600
2020-07-14,11494.1396484375,11496.330078125,11425.740234375,11434.7900390625,56553500
2020-07-15,11610.51953125,11613.33984375,11494.1396484375,11494.1396484375,37811200
2020-07-16,11505.0595703125,11683.3603515625,11476.8798828125,11610.51953125,42804500
2020-07-17,11584.0498046875,11600.8701171875,11478.330078125,11505.0595703125,37452000
2020-07-20,11553.16015625,11651.4599609375,11530.990234375,11584.0498046875,25402600
2020-07-21,11736.73046875,11746.25,11553.16015625,11553.16015625,33631700
2020-07-22,11722.9697265625,11803.9296875,11722.9697265625,11736.73046875,35487800
2020-07-23,11693.41015625,11757.1396484375,11674.169921875,11722.9697265625,34407500
2020-07-24,11636.259765625,11695.169921875,11600.669921875,11693.41015625,20554700
2020-07-27,11585.6201171875,11636.259765625,11569.3701171875,11636.259765625,28714500
2020-07-28,11578.26953125,11687.1298828125,11578.26953125,11585.6201171875,29828700
2020-07-29,11599.4404296875,11627.830078125,11570.349609375,11578.26953125,21915300
2020-07-30,11692.01953125,11692.01953125,11599.4404296875,11599.4404296875,27808700
2020-07-31,11727.6298828125,11727.6298828125,11676.7802734375,11692.740234375,35651500
2020-08-03,11666.08984375,11727.6298828125,11629.0498046875,11727.6298828125,26920600
2020-08-04,11771.7197265625,11794.0,11666.08984375,11666.08984375,39953200
2020-08-05,11757.7197265625,11783.5703125,11713.8203125,11771.7197265625,26802400
2020-08-06,11764.58984375,11779.7998046875,11712.51953125,11757.7197265625,40384000
2020-08-07,11646.6796875,11780.1904296875,11631.2900390625,11764.58984375,26206700
2020-08-10,11683.4404296875,11707.41015625,11633.330078125,11646.6796875,21232800
2020-08-11,11645.3203125,11710.1201171875,11632.900390625,11683.4404296875,42864300
2020-08-12,11491.91015625,11645.3203125,11338.849609375,11645.3203125,64187400
2020-08-13,11500.8203125,11575.8701171875,11491.599609375,11491.91015625,49397000
2020-08-14,11452.1396484375,11523.2802734375,11442.3095703125,11500.8203125,33939300
2020-08-17,11672.9501953125,11672.9501953125,11452.1396484375,11452.1396484375,31091500
2020-08-18,11849.1298828125,11899.5302734375,11672.9501953125,11672.9501953125,42736100
2020-08-19,11751.2900390625,11854.580078125,11698.6904296875,11849.1298828125,34429600
2020-08-20,11662.16015625,11777.3701171875,11662.16015625,11751.2900390625,36804300
2020-08-21,11835.9404296875,11837.8095703125,11662.16015625,11662.16015625,41933600
2020-08-24,11921.0703125,11926.5595703125,11836.51953125,11836.51953125,33298600
2020-08-25,11993.1796875,12003.4697265625,11921.0703125,11921.0703125,33011800
2020-08-26,12031.509765625,12031.509765625,11958.6298828125,12009.150390625,44342300
2020-08-27,12053.4296875,12074.3603515625,12031.509765625,12031.509765625,6293600
2020-08-28,12093.51953125,12093.51953125,11994.3798828125,12054.75,48717900
2020-08-31,11937.5595703125,12114.759765625,11937.5595703125,12093.51953125,51819800
2020-09-01,11793.16015625,11978.009765625,11772.83984375,11937.5595703125,34194100
2020-09-02,11902.98046875,11902.98046875,11794.58984375,11794.58984375,51734300
2020-09-03,12055.0498046875,12055.0498046875,11903.7900390625,11903.7900390625,42292200
2020-09-04,11824.3095703125,12055.9296875,11817.3203125,12055.9296875,32230500
2020-09-07,11859.4501953125,11861.9697265625,11784.1298828125,11824.9404296875,35407000
2020-09-08,11895.6298828125,11944.1796875,11859.4501953125,11859.4501953125,38815600
2020-09-09,11739.1103515625,11896.3603515625,11724.2802734375,11896.3603515625,45416900
2020-09-10,11811.7802734375,11884.3095703125,11745.8896484375,11745.8896484375,58808900
2020-09-11,11748.0302734375,11813.7802734375,11694.5,11813.7802734375,34942900
2020-09-14,11790.5400390625,11799.3798828125,11754.9296875,11759.7802734375,35543500
2020-09-15,11770.75,11848.33984375,11770.75,11791.8203125,35715500
2020-09-16,11814.7099609375,11849.0498046875,11771.2900390625,11771.2900390625,33797000
2020-09-17,11777.1298828125,11873.3798828125,11768.1298828125,11838.9501953125,49069500
2020-09-18,11633.51953125,11791.650390625,11633.51953125,11777.1298828125,116338200
2020-09-21,11539.099609375,11663.8798828125,11539.099609375,11633.51953125,26166600
2020-09-22,11609.2197265625,11615.9697265625,11504.3203125,11539.099609375,38801600
2020-09-23,11704.6201171875,11716.73046875,11609.2197265625,11609.2197265625,50072200
2020-09-24,11689.8896484375,11711.48046875,11630.2998046875,11711.48046875,32068300
2020-09-25,11797.080078125,11797.080078125,11689.8896484375,11689.8896484375,26002000
2020-09-28,11802.2900390625,11802.2900390625,11564.33984375,11797.080078125,36201600
2020-09-29,11742.08984375,11876.669921875,11727.2001953125,11815.8603515625,32620700
2020-09-30,11747.2802734375,11773.599609375,11676.2998046875,11742.08984375,48534800
2020-10-01,11812.73046875,11828.0,11747.509765625,11748.6103515625,33254500
2020-10-02,11822.83984375,11863.26953125,11785.66015625,11812.73046875,26559800
2020-10-05,11898.259765625,11898.259765625,11805.9296875,11822.83984375,22970200
2020-10-06,11975.01953125,11992.4501953125,11890.8095703125,11898.259765625,36121400
2020-10-07,12016.150390625,12016.150390625,11923.9404296875,11975.01953125,32084700
2020-10-08,12235.919921875,12235.919921875,12016.150390625,12016.150390625,30683400
2020-10-09,12280.5400390625,12312.6904296875,12235.919921875,12235.919921875,28295600
2020-10-12,12356.8896484375,12356.8896484375,12280.5400390625,12280.5400390625,27060200
2020-10-13,12453.849609375,12454.5703125,12356.8896484375,12356.8896484375,32359700
2020-10-14,12543.6103515625,12543.6103515625,12431.169921875,12453.849609375,34990600
2020-10-15,12486.73046875,12545.330078125,12456.3701171875,12543.6103515625,32077400
2020-10-16,12433.16015625,12507.7099609375,12423.509765625,12486.73046875,63304000
2020-10-19,12385.25,12462.6103515625,12385.25,12433.16015625,27512500
2020-10-20,12462.0498046875,12474.25,12385.25,12385.25,34645000
2020-10-21,12432.6103515625,12502.8896484375,12412.080078125,12462.3798828125,42505400
2020-10-22,12407.2900390625,12488.73046875,12356.009765625,12432.6103515625,44766000
2020-10-23,12470.33984375,12470.33984375,12367.990234375,12407.2900390625,31926400
2020-10-27,12251.91015625,12470.33984375,12251.91015625,12470.33984375,31757100
2020-10-28,12264.51953125,12331.98046875,12228.73046875,12251.91015625,37174100
2020-10-29,12201.7998046875,12264.51953125,12098.599609375,12264.51953125,28980900
2020-10-30,12084.4697265625,12223.4501953125,12044.9296875,12201.7998046875,41535300
2020-11-02,12070.830078125,12070.830078125,12070.830078125,12070.830078125,0
2020-11-03,12130.3095703125,12130.3095703125,12130.3095703125,12130.3095703125,0
2020-11-04,12199.9296875,12199.9296875,12199.9296875,12199.9296875,0
2020-11-05,12249.98046875,12249.98046875,12249.98046875,12249.98046875,0
2020-11-06,12337.01953125,12416.9404296875,12250.8701171875,12250.8701171875,24547100
2020-11-09,12562.2001953125,12562.2001953125,12562.2001953125,12562.2001953125,0
2020-11-10,12612.3896484375,12612.3896484375,12612.3896484375,12612.3896484375,0
2020-11-11,12665.6298828125,12665.6298828125,12665.6298828125,12665.6298828125,0
2020-11-12,12670.6201171875,12670.6201171875,12670.6201171875,12670.6201171875,0
2020-11-13,12700.169921875,12733.5498046875,12595.7900390625,12670.6201171875,30724900
2020-11-16,12744.919921875,12744.919921875,12744.919921875,12744.919921875,0
2020-11-17,12765.0302734375,12765.0302734375,12765.0302734375,12765.0302734375,0
2020-11-18,12605.9599609375,12605.9599609375,12605.9599609375,12605.9599609375,0
2020-11-19,12557.1298828125,12557.1298828125,12557.1298828125,12557.1298828125,0
2020-11-20,12441.8095703125,12566.25,12441.8095703125,12557.1298828125,29268700
2020-11-23,12514.9501953125,12548.849609375,12502.2900390625,12502.2900390625,11105900
2020-11-24,12677.58984375,12709.900390625,12555.080078125,12555.080078125,10906000
2020-11-25,12678.759765625,12688.990234375,12643.240234375,12669.1103515625,11769800
2020-11-26,12602.01953125,12602.01953125,12602.01953125,12602.01953125,0
2020-11-27,12639.830078125,12641.5703125,12593.76953125,12602.01953125,27499700
2020-11-30,12768.51953125,12768.51953125,12768.51953125,12768.51953125,0
2020-12-01,12729.91015625,12729.91015625,12729.91015625,12729.91015625,0
2020-12-02,12728.6904296875,12728.6904296875,12728.6904296875,12728.6904296875,0
2020-12-03,12648.91015625,12648.91015625,12648.91015625,12648.91015625,0
2020-12-04,12631.3798828125,12707.26953125,12620.7099609375,12650.330078125,30973200
2020-12-07,12656.01953125,12656.01953125,12656.01953125,12656.01953125,0
2020-12-08,12719.58984375,12719.58984375,12719.58984375,12719.58984375,0
2020-12-09,12889.400390625,12889.400390625,12889.400390625,12889.400390625,0
2020-12-10,12860.3701171875,12860.3701171875,12860.3701171875,12860.3701171875,0
2020-12-11,12919.25,12921.4404296875,12824.73046875,12860.3701171875,44343000
2020-12-14,12835.1201171875,12835.1201171875,12835.1201171875,12835.1201171875,0
2020-12-15,12767.169921875,12767.169921875,12767.169921875,12767.169921875,0
2020-12-16,12828.990234375,12828.990234375,12828.990234375,12828.990234375,0
2020-12-17,12888.76953125,12888.76953125,12888.76953125,12888.76953125,0
2020-12-18,12682.0,12969.349609375,12588.1201171875,12888.76953125,84442800
2020-12-21,12607.740234375,12607.740234375,12607.740234375,12607.740234375,0
2020-12-22,12842.6904296875,12842.6904296875,12842.6904296875,12842.6904296875,0
2020-12-23,13020.2099609375,13020.2099609375,13020.2099609375,13020.2099609375,0
2020-12-29,13246.76953125,13246.76953125,13246.76953125,13246.76953125,0
2020-12-30,13217.1396484375,13217.1396484375,13217.1396484375,13217.1396484375,0
2020-12-31,13091.6396484375,13265.3095703125,13091.6396484375,13217.1396484375,12016100
2021-01-05,13367.650390625,13367.650390625,13367.650390625,13367.650390625,0
2021-01-06,13333.9296875,13333.9296875,13333.9296875,13333.9296875,0
2021-01-07,13485.669921875,13485.669921875,13485.669921875,13485.669921875,0
2021-01-08,13558.1904296875,13643.7802734375,13366.8203125,13485.669921875,37115400
2021-01-11,13290.08984375,13290.08984375,13290.08984375,13290.08984375,0
2021-01-12,13183.6904296875,13183.6904296875,13183.6904296875,13183.6904296875,0
2021-01-13,13120.2802734375,13120.2802734375,13120.2802734375,13120.2802734375,0
2021-01-14,13115.8701171875,13115.8701171875,13115.8701171875,13115.8701171875,0
2021-01-15,13024.6904296875,13148.25,12991.1103515625,13115.8701171875,30423300
2021-01-18,12838.3603515625,12838.3603515625,12838.3603515625,12838.3603515625,0
2021-01-19,12881.3095703125,12881.3095703125,12881.3095703125,12881.3095703125,0
2021-01-20,13026.4501953125,13026.4501953125,13026.4501953125,13026.4501953125,0
2021-01-21,13112.1904296875,13112.1904296875,13112.1904296875,13112.1904296875,0
2021-01-22,13333.4296875,13375.6796875,13112.1904296875,13112.1904296875,35187300
2021-01-25,13399.099609375,13399.099609375,13399.099609375,13399.099609375,0
2021-01-26,13323.4599609375,13323.4599609375,13323.4599609375,13323.4599609375,0
2021-01-27,13374.0,13393.2802734375,13287.8896484375,13323.4599609375,28936400
2021-01-28,13238.7197265625,13279.9599609375,13086.4599609375,13086.4599609375,5110900
2021-01-29,13127.2900390625,13279.9599609375,13086.4599609375,13086.4599609375,31465200
2021-02-01,13097.25,13097.25,13097.25,13097.25,0
2021-02-02,13044.5,13044.5,13044.5,13044.5,0
2021-02-03,13091.2099609375,13091.2099609375,13091.2099609375,13091.2099609375,0
2021-02-04,12992.1396484375,12992.1396484375,12992.1396484375,12992.1396484375,0
2021-02-05,13053.8701171875,13067.4697265625,12960.4404296875,12992.1396484375,37011200
2021-02-09,12949.8203125,12971.9404296875,12922.58984375,12927.6904296875,3362200
2021-02-10,12830.0302734375,12830.0302734375,12830.0302734375,12830.0302734375,0
2021-02-11,12761.1298828125,12761.1298828125,12761.1298828125,12761.1298828125,0
2021-02-12,12589.6396484375,12801.23046875,12589.6396484375,12761.1298828125,31011800
2021-02-15,12510.5595703125,12510.5595703125,12510.5595703125,12510.5595703125,0
2021-02-16,12610.7197265625,12610.7197265625,12610.7197265625,12610.7197265625,0
2021-02-17,12673.9697265625,12673.9697265625,12673.9697265625,12673.9697265625,0
2021-02-18,12633.599609375,12633.599609375,12633.599609375,12633.599609375,0
2021-02-19,12548.6298828125,12642.5595703125,12503.8203125,12633.599609375,42274500
2021-02-22,12426.240234375,12426.240234375,12426.240234375,12426.240234375,0
2021-02-23,12388.83984375,12388.83984375,12388.83984375,12388.83984375,0
2021-02-24,12282.419921875,12282.419921875,12282.419921875,12282.419921875,0
2021-02-25,12140.66015625,12140.66015625,12140.66015625,12140.66015625,0
2021-02-26,12227.2900390625,12227.2900390625,11983.1396484375,12141.75,90391200
2021-03-01,12301.8095703125,12301.8095703125,12301.8095703125,12301.8095703125,0
2021-03-02,12344.490234375,12344.490234375,12344.490234375,12344.490234375,0
2021-03-03,12359.259765625,12359.259765625,12359.259765625,12359.259765625,0
2021-03-04,12224.5,12224.5,12224.5,12224.5,0
2021-03-05,12180.25,12233.5703125,12107.1298828125,12224.5,73714900
2021-03-08,12085.1796875,12085.1796875,12085.1796875,12085.1796875,0
2021-03-09,12145.150390625,12145.150390625,12145.150390625,12145.150390625,0
2021-03-10,12251.900390625,12251.900390625,12251.900390625,12251.900390625,0
2021-03-11,12272.48046875,12272.48046875,12272.48046875,12272.48046875,0
2021-03-12,12426.76953125,12426.76953125,12260.5595703125,12282.83984375,44944700
2021-03-15,12592.259765625,12592.259765625,12592.259765625,12592.259765625,0
2021-03-16,12689.0498046875,12710.169921875,12584.849609375,12593.5595703125,40488700
2021-03-17,12622.2099609375,12748.419921875,12572.3798828125,12693.3095703125,597800
2021-03-18,12496.1396484375,12650.76953125,12496.1396484375,12644.6396484375,385400
2021-03-19,12515.2197265625,12552.0498046875,12461.7998046875,12496.1396484375,116608300
2021-03-22,12329.08984375,12515.2197265625,12329.08984375,12515.2197265625,34211700
2021-03-23,12394.33984375,12425.3798828125,12329.599609375,12329.599609375,205902400
2021-03-24,12358.8798828125,12432.009765625,12344.1904296875,12394.33984375,35715200
2021-03-25,12388.0595703125,12427.73046875,12334.73046875,12358.8798828125,34521200
2021-03-26,12348.830078125,12405.6396484375,12329.33984375,12388.0595703125,39210000
2021-03-29,12368.1298828125,12368.1298828125,12368.1298828125,12368.1298828125,0
2021-03-30,12446.759765625,12446.759765625,12365.2197265625,12375.0703125,40535200
2021-03-31,12560.7001953125,12568.7001953125,12416.169921875,12446.759765625,54102500
2021-04-01,12488.3095703125,12570.6796875,12439.41015625,12560.7001953125,31965100
2021-04-06,12400.48046875,12498.5498046875,12376.6298828125,12488.3095703125,66254900
2021-04-07,12487.58984375,12496.16015625,12400.48046875,12400.48046875,49988800
2021-04-08,12632.599609375,12632.599609375,12487.58984375,12487.58984375,39096700
2021-04-09,12574.349609375,12686.330078125,12574.349609375,12632.599609375,43106500
2021-04-12,12518.7099609375,12595.330078125,12477.23046875,12574.349609375,37077200
2021-04-13,12656.419921875,12671.08984375,12510.41015625,12518.7099609375,38934600
2021-04-14,12751.3798828125,12751.3798828125,12751.3798828125,12751.3798828125,0
2021-04-15,12636.5498046875,12770.830078125,12616.919921875,12751.3798828125,36278600
2021-04-16,12684.73046875,12738.2998046875,12636.5498046875,12636.5498046875,221015100
2021-04-19,12767.830078125,12767.830078125,12684.73046875,12684.73046875,31981100
2021-04-20,12678.5498046875,12767.830078125,12574.25,12767.830078125,35639700
2021-04-21,12535.33984375,12678.5498046875,12485.9697265625,12678.5498046875,28565500
2021-04-22,12577.48046875,12624.1103515625,12535.33984375,12535.33984375,25470300
2021-04-23,12650.6396484375,12650.6396484375,12550.919921875,12577.48046875,33697100
2021-04-27,12620.51953125,12620.51953125,12620.51953125,12620.51953125,0
2021-04-28,12646.1396484375,12664.419921875,12598.0302734375,12620.51953125,32251800
2021-04-29,12715.2001953125,12719.51953125,12646.1396484375,12646.1396484375,22146200
2021-04-30,12731.1298828125,12758.1796875,12661.099609375,12715.2001953125,42201300
2021-05-03,12768.83984375,12776.599609375,12703.51953125,12731.1298828125,21211100
2021-05-04,12912.1904296875,12912.1904296875,12767.0400390625,12768.83984375,32252600
2021-05-05,12848.3095703125,12912.1904296875,12759.1396484375,12912.1904296875,34892100
2021-05-06,12751.669921875,12848.3095703125,12681.0703125,12848.3095703125,33061100
2021-05-07,12729.919921875,12767.08984375,12699.669921875,12751.669921875,23486200
2021-05-10,12659.009765625,12732.26953125,12601.1103515625,12731.75,37462800
2021-05-11,12639.1904296875,12666.919921875,12563.4296875,12659.009765625,32298400
2021-05-12,12564.2099609375,12670.990234375,12532.73046875,12640.0595703125,33347900
2021-05-13,12428.1201171875,12565.91015625,12418.8701171875,12565.91015625,28213900
2021-05-14,12367.8603515625,12498.7197265625,12367.8603515625,12428.1201171875,22425700
2021-05-17,12410.4697265625,12442.650390625,12367.8603515625,12367.8603515625,26260000
2021-05-18,12428.6201171875,12466.240234375,12378.490234375,12410.4697265625,28782700
2021-05-19,12281.5,12435.91015625,12276.4296875,12428.6201171875,26312300
2021-05-20,12437.169921875,12437.169921875,12437.169921875,12437.169921875,0
2021-05-21,12459.6103515625,12528.3095703125,12437.169921875,12437.169921875,32579100
2021-05-24,12449.0,12470.91015625,12402.349609375,12459.6103515625,36224300
2021-05-25,12341.1904296875,12341.1904296875,12341.1904296875,12341.1904296875,0
2021-05-26,12347.4404296875,12389.48046875,12299.6904296875,12341.1904296875,35474700
2021-05-27,12243.33984375,12347.4404296875,12134.5498046875,12347.4404296875,86673200
2021-05-28,12182.25,12294.83984375,12182.25,12243.33984375,35547000
2021-05-31,12320.7197265625,12322.509765625,12182.25,12182.25,31800300
2021-06-01,12462.4697265625,12462.4697265625,12292.08984375,12321.509765625,30703200
2021-06-02,12440.0498046875,12477.1201171875,12393.5595703125,12462.4697265625,34057200
2021-06-03,12429.98046875,12503.6796875,12412.7998046875,12446.6796875,27006100
2021-06-04,12496.26953125,12502.0400390625,12414.5400390625,12431.259765625,26807900
2021-06-08,12517.650390625,12517.650390625,12517.650390625,12517.650390625,0
2021-06-09,12566.5,12612.66015625,12511.1103515625,12518.490234375,29496100
2021-06-10,12518.009765625,12587.6796875,12518.009765625,12567.8896484375,33355500
2021-06-11,12550.3896484375,12592.3603515625,12518.009765625,12518.009765625,27798200
2021-06-14,12562.169921875,12583.4501953125,12512.830078125,12550.3896484375,16510000
2021-06-15,12696.3896484375,12696.3896484375,12696.3896484375,12696.3896484375,0
2021-06-16,12581.599609375,12696.3896484375,12581.599609375,12696.3896484375,31947800
2021-06-17,12541.2001953125,12589.7001953125,12519.1396484375,12581.599609375,45614900
2021-06-18,12551.9296875,12603.150390625,12510.0,12541.2001953125,76064800
2021-06-21,12499.3603515625,12576.599609375,12441.6298828125,12551.9296875,33062500
2021-06-22,12534.7998046875,12558.16015625,12499.3603515625,12499.3603515625,38735500
2021-06-23,12586.490234375,12590.4404296875,12523.259765625,12534.7998046875,35165300
2021-06-24,12586.8896484375,12613.5,12548.900390625,12598.8203125,23982600
2021-06-25,12626.08984375,12631.099609375,12577.6796875,12586.8896484375,32925800
2021-06-28,12603.75,12630.169921875,12558.5302734375,12626.08984375,25513200
2021-06-29,12639.8203125,12653.3701171875,12603.0,12603.75,51594100
2021-06-30,12654.599609375,12677.509765625,12623.4501953125,12640.9404296875,52750300
2021-07-01,12683.6298828125,12683.6298828125,12617.7998046875,12654.599609375,45249600
2021-07-02,12711.83984375,12711.83984375,12653.1796875,12683.6298828125,39767600
2021-07-05,12812.3203125,12816.51953125,12711.83984375,12711.83984375,30784100
2021-07-06,12758.9296875,12824.169921875,12732.1103515625,12812.3203125,31486200
2021-07-07,12747.7998046875,12758.9296875,12676.2001953125,12758.9296875,28020900
2021-07-08,12752.509765625,12780.33984375,12719.669921875,12751.5,35664900
2021-07-09,12690.349609375,12752.509765625,12640.5595703125,12752.509765625,36136700
2021-07-12,12763.400390625,12763.400390625,12682.66015625,12690.349609375,34138800
2021-07-13,12784.9404296875,12787.75,12724.2001953125,12763.400390625,28744400
2021-07-14,12719.6796875,12784.9404296875,12706.5400390625,12784.9404296875,29211700
2021-07-15,12671.16015625,12744.3701171875,12665.3701171875,12719.6796875,24585700
2021-07-16,12673.150390625,12699.25,12631.6396484375,12671.16015625,32848600
2021-07-19,12652.08984375,12690.51953125,12614.0498046875,12673.150390625,19242300
2021-07-20,12650.83984375,12652.08984375,12543.7900390625,12652.08984375,40610300
2021-07-21,12709.1396484375,12728.490234375,12650.83984375,12650.83984375,52701500
2021-07-22,12720.83984375,12734.7802734375,12675.5302734375,12709.1396484375,94750500
2021-07-23,12736.3203125,12737.490234375,12690.0498046875,12720.83984375,34720300
2021-07-26,12673.23046875,12787.9501953125,12670.490234375,12736.3203125,22071500
2021-07-27,12590.3095703125,12703.9296875,12586.990234375,12673.23046875,28322800
2021-07-28,12595.3203125,12637.0400390625,12564.5302734375,12590.3095703125,29068600
2021-07-29,12728.849609375,12728.849609375,12595.3203125,12595.3203125,29613900
2021-07-30,12594.51953125,12752.4501953125,12584.8798828125,12728.849609375,39634300
2021-08-02,12702.9697265625,12702.9697265625,12594.51953125,12594.51953125,18609600
2021-08-03,12700.5,12776.7998046875,12700.5,12702.9697265625,28260100
2021-08-04,12797.2900390625,12797.2900390625,12700.5,12700.5,27888600
2021-08-05,12753.759765625,12797.6103515625,12730.76953125,12797.2900390625,22065800
2021-08-06,12770.0,12799.33984375,12728.4697265625,12754.330078125,0
2021-08-09,12700.830078125,12818.76953125,12700.830078125,12770.0,42032400
2021-08-10,12764.23046875,12764.9296875,12700.830078125,12700.830078125,33186200
2021-08-11,12748.0703125,12788.2197265625,12737.51953125,12764.23046875,41335500
2021-08-12,12681.8095703125,12760.5302734375,12662.849609375,12748.0703125,38100300
2021-08-13,12764.0595703125,12812.6103515625,12681.8095703125,12681.8095703125,35523700
2021-08-16,12720.150390625,12804.1904296875,12715.490234375,12764.0595703125,40104400
2021-08-17,12635.3203125,12813.3203125,12635.3203125,12720.150390625,56360600
2021-08-18,12718.8798828125,12740.919921875,12557.08984375,12635.3203125,43352800
2021-08-19,12956.9697265625,12956.9697265625,12718.8798828125,12718.8798828125,34398100
2021-08-20,12940.490234375,12976.8701171875,12923.9697265625,12956.9697265625,32337600
2021-08-23,13064.0703125,13108.5,12940.490234375,12940.490234375,40269400
2021-08-24,13071.8603515625,13150.7802734375,13046.6103515625,13064.0703125,46391800
2021-08-25,13173.48046875,13181.1201171875,13071.8603515625,13071.8603515625,49984600
2021-08-26,13051.6201171875,13204.6103515625,13024.990234375,13204.6103515625,49207600
2021-08-27,13059.7900390625,13106.25,13045.0,13051.6201171875,42102100
2021-08-30,13180.580078125,13192.0302734375,13059.7900390625,13059.7900390625,34839700
2021-08-31,13218.830078125,13253.7998046875,13184.169921875,13184.169921875,69961500
2021-09-01,13243.490234375,13250.3203125,13170.4404296875,13221.4404296875,59464000
2021-09-02,13280.4697265625,13280.4697265625,13193.009765625,13243.490234375,57414200
2021-09-03,13288.8701171875,13321.009765625,13267.900390625,13280.4697265625,44188500
2021-09-06,13300.0302734375,13300.0302734375,13233.8798828125,13291.08984375,27534900
2021-09-07,13321.990234375,13331.0302734375,13279.3603515625,13300.0302734375,29538800
2021-09-08,13193.009765625,13324.919921875,13193.009765625,13324.919921875,36039900
2021-09-09,13095.76953125,13210.2001953125,13095.76953125,13202.2998046875,37641600
2021-09-10,13064.3896484375,13136.6298828125,13064.3896484375,13095.76953125,29455100
2021-09-13,13170.8896484375,13170.8896484375,13034.7099609375,13070.7099609375,27308100
2021-09-14,13108.6103515625,13178.4697265625,13077.8203125,13178.4697265625,39603300
2021-09-15,13099.2998046875,13113.0498046875,13058.01953125,13108.6103515625,41475800
2021-09-16,13079.509765625,13136.2998046875,13054.740234375,13132.490234375,24602600
2021-09-17,13234.5498046875,13234.5498046875,13079.509765625,13079.509765625,152303900
2021-09-20,13178.580078125,13234.5498046875,13123.6396484375,13234.5498046875,21811800
2021-09-21,13176.9404296875,13178.580078125,13044.08984375,13178.580078125,25621600
2021-09-22,13215.7998046875,13244.3701171875,13143.76953125,13176.9404296875,22572700
2021-09-23,13305.919921875,13317.4599609375,13211.5400390625,13215.7998046875,28449100
2021-09-24,13259.5498046875,13339.009765625,13259.5498046875,13305.919921875,28200000
2021-09-27,13227.7001953125,13305.9501953125,13227.7001953125,13259.5498046875,29877100
2021-09-28,13174.3798828125,13268.150390625,13174.3798828125,13227.7001953125,39847200
2021-09-29,13119.7900390625,13189.23046875,13039.6103515625,13174.3798828125,26357900
2021-09-30,13275.759765625,13275.759765625,13116.76953125,13119.7900390625,36768800
2021-10-01,13279.150390625,13297.41015625,13179.0400390625,13275.759765625,20831700
2021-10-04,13337.26953125,13340.8203125,13279.150390625,13279.150390625,21037300
2021-10-05,13199.990234375,13337.26953125,13141.8095703125,13337.26953125,27029200
2021-10-06,13166.4404296875,13256.1796875,13141.5302734375,13199.990234375,23911100
2021-10-07,13104.6103515625,13166.4404296875,13090.2099609375,13166.4404296875,25144100
2021-10-08,13086.599609375,13151.1904296875,13086.599609375,13104.6103515625,23529900
2021-10-11,13019.3701171875,13126.9599609375,13019.3701171875,13086.599609375,35541000
2021-10-12,12996.259765625,13019.3701171875,12967.91015625,13019.3701171875,45034900
2021-10-13,13025.1796875,13040.26953125,12992.509765625,12996.259765625,37498900
2021-10-14,13048.490234375,13118.3203125,13025.1796875,13025.1796875,34070800
2021-10-15,13012.1904296875,13126.76953125,13002.4404296875,13048.490234375,43962400
2021-10-18,12998.509765625,13060.91015625,12987.169921875,13012.1904296875,28060000
2021-10-19,13065.919921875,13065.919921875,12987.2001953125,12998.509765625,26309700
2021-10-20,13114.240234375,13145.9599609375,13065.919921875,13065.919921875,26128400
2021-10-21,13125.98046875,13167.150390625,13084.9404296875,13114.240234375,23161100
2021-10-22,13093.240234375,13176.6298828125,13093.240234375,13125.98046875,28447200
2021-10-26,13075.41015625,13142.01953125,13068.3203125,13093.240234375,26564500
2021-10-27,13020.259765625,13075.41015625,12996.6796875,13075.41015625,32849300
2021-10-28,12970.990234375,13020.259765625,12939.1201171875,13020.259765625,27331300
2021-10-29,13099.8203125,13099.8203125,12951.2802734375,12970.990234375,42508500
2021-11-01,13030.3095703125,13099.8203125,13011.83984375,13099.8203125,17947900
2021-11-02,12992.5,13048.490234375,12965.259765625,13030.3095703125,22934300
2021-11-03,12993.830078125,13053.580078125,12968.1796875,12992.5,25045300
2021-11-04,12943.9404296875,13006.2099609375,12943.9404296875,12993.830078125,29721300
2021-11-05,13074.6103515625,13074.6103515625,12943.9404296875,12943.9404296875,26067900
2021-11-08,13032.0302734375,13052.5703125,13018.759765625,13041.2998046875,4131600
2021-11-09,13025.5703125,13090.580078125,13003.740234375,13090.580078125,4357900
2021-11-10,13052.599609375,13052.599609375,13022.4599609375,13022.4599609375,4079000
2021-11-11,12975.7197265625,13026.91015625,12929.1201171875,13026.91015625,10798600
2021-11-12,12908.150390625,13026.91015625,12908.150390625,13026.91015625,32387800
2021-11-15,12957.4599609375,12976.25,12934.6201171875,12964.4599609375,2114000
2021-11-16,12903.080078125,12910.7802734375,12881.900390625,12902.7099609375,3781600
2021-11-17,12783.66015625,12842.4501953125,12759.669921875,12837.400390625,5184300
2021-11-18,12758.98046875,12800.330078125,12750.9697265625,12800.330078125,2419700
2021-11-19,12740.1201171875,12800.330078125,12711.9296875,12800.330078125,24634500
2021-11-22,12650.4599609375,12674.16015625,12607.6396484375,12607.6396484375,4462500
2021-11-23,12699.330078125,12702.349609375,12662.0400390625,12688.5302734375,4821800
2021-11-24,12849.9697265625,12852.240234375,12766.7900390625,12766.7900390625,8293800
2021-11-25,12743.8603515625,12794.6103515625,12739.5,12794.6103515625,5137100
2021-11-26,12628.8896484375,12794.6103515625,12576.580078125,12794.6103515625,47855000
2021-11-29,12627.900390625,12630.7099609375,12531.66015625,12531.66015625,3173900
2021-11-30,12699.5400390625,12721.2197265625,12643.7802734375,12718.91015625,4069400
2021-12-01,12700.2197265625,12738.2001953125,12700.1396484375,12724.2900390625,2020800
2021-12-02,12752.7802734375,12755.830078125,12670.240234375,12670.240234375,2852000
2021-12-03,12676.5,12759.0703125,12647.740234375,12670.240234375,27448200
2021-12-06,12623.1201171875,12642.8896484375,12597.8095703125,12597.8095703125,3590500
2021-12-07,12741.849609375,12768.5595703125,12609.8798828125,12609.8798828125,6911800
2021-12-08,12819.7998046875,12876.6103515625,12810.3701171875,12868.3203125,3655400
2021-12-09,12797.490234375,12804.419921875,12761.740234375,12771.830078125,2769000
2021-12-10,12849.6796875,12849.6796875,12717.8896484375,12771.830078125,33807100
2021-12-13,12994.1904296875,12994.1904296875,12799.16015625,12849.6796875,44390400
2021-12-14,12870.73046875,12929.58984375,12842.0302734375,12929.58984375,4237500
2021-12-15,12907.7802734375,12909.509765625,12848.7001953125,12869.41015625,2405600
2021-12-16,12773.509765625,12791.9501953125,12764.51953125,12777.5400390625,1339900
2021-12-17,12717.9404296875,12799.669921875,12695.66015625,12777.5400390625,68548400
2021-12-20,12723.580078125,12766.4501953125,12715.5595703125,12766.4501953125,2121000
2021-12-21,12826.599609375,12856.8701171875,12819.25,12856.8701171875,2136300
2021-12-22,12901.7998046875,12909.0498046875,12854.4697265625,12865.2197265625,2259200
2021-12-23,12905.419921875,12923.58984375,12862.7099609375,12862.7099609375,2998400
2021-12-24,12888.41015625,12923.58984375,12862.7099609375,12862.7099609375,8268700
2021-12-29,12997.599609375,12997.599609375,12940.419921875,12940.419921875,1653900
2021-12-30,13043.7998046875,13081.580078125,13026.5703125,13040.9404296875,2325200
2021-12-31,13033.76953125,13081.580078125,13018.8896484375,13040.9404296875,7121800
2022-01-05,13150.3798828125,13150.3798828125,13150.3798828125,13150.3798828125,0
2022-01-06,12983.009765625,13150.3798828125,12978.33984375,13150.3798828125,24239000
2022-01-07,12970.650390625,13011.6103515625,12939.83984375,12983.009765625,18256400
2022-01-10,12849.5,12892.9404296875,12835.6904296875,12892.9404296875,3154700
2022-01-11,12848.0498046875,12857.599609375,12831.73046875,12831.73046875,2222400
2022-01-12,12804.48046875,12857.599609375,12775.240234375,12831.73046875,17536900
2022-01-13,12826.990234375,12843.8095703125,12786.6796875,12804.48046875,13801200
2022-01-14,12790.16015625,12847.330078125,12734.6103515625,12826.990234375,15980700
2022-01-17,12806.900390625,12806.900390625,12741.509765625,12790.16015625,12119400
2022-01-18,12814.4599609375,12814.4599609375,12759.1298828125,12806.900390625,15105000
2022-01-19,12612.3095703125,12814.4599609375,12612.3095703125,12814.4599609375,18149000
2022-01-20,12497.099609375,12618.0595703125,12497.099609375,12612.3095703125,18766700
2022-01-21,12348.0,12526.2802734375,12343.4296875,12497.099609375,28483200
2022-01-24,12200.740234375,12220.080078125,12117.2197265625,12191.0595703125,5426900
2022-01-25,12154.6103515625,12166.75,12108.2197265625,12128.2099609375,4112200
2022-01-26,12185.650390625,12185.650390625,12185.650390625,12185.650390625,0
2022-01-27,12067.9296875,12101.1103515625,12050.3203125,12050.3203125,5089900
2022-01-28,11852.150390625,12101.1103515625,11852.150390625,12050.3203125,31600400
2022-01-31,11995.3701171875,12024.6103515625,11889.400390625,11889.400390625,5238700
2022-02-01,12204.9501953125,12217.2001953125,12058.9404296875,12058.9404296875,4535400
2022-02-02,12289.6396484375,12289.6396484375,12289.6396484375,12289.6396484375,0
2022-02-03,12335.3203125,12352.2900390625,12269.26953125,12289.6396484375,24060200
2022-02-04,12279.5595703125,12335.3203125,12202.6103515625,12335.3203125,22846100
2022-02-08,12316.4404296875,12346.669921875,12314.75,12319.33984375,4488300
2022-02-09,12467.0498046875,12473.740234375,12433.9501953125,12433.9501953125,2443200
2022-02-10,12413.0498046875,12522.669921875,12413.0498046875,12433.9501953125,37058300
2022-02-11,12173.7802734375,12413.0498046875,12172.6396484375,12413.0498046875,29782100
2022-02-14,11950.1396484375,12173.7802734375,11949.0498046875,12173.7802734375,26759700
2022-02-15,11938.3203125,11991.6103515625,11905.9501953125,11950.1396484375,27370800
2022-02-16,12187.1396484375,12206.150390625,12121.8896484375,12121.8896484375,5003400
2022-02-17,12256.8203125,12256.8203125,12121.8896484375,12121.8896484375,25468200
2022-02-18,12141.8896484375,12256.8203125,12121.7197265625,12256.8203125,19388000
2022-02-21,12156.33984375,12156.33984375,12156.33984375,12156.33984375,0
2022-02-22,12114.6298828125,12184.080078125,12103.0498046875,12156.33984375,37023200
2022-02-23,12134.419921875,12167.3203125,12085.5302734375,12114.6298828125,27798200
2022-02-24,11967.01953125,12012.4599609375,11732.5498046875,11732.5498046875,6852100
2022-02-25,11923.3798828125,12012.4599609375,11732.5498046875,11732.5498046875,34948900
2022-02-28,12096.6796875,12097.3701171875,11977.76953125,11977.76953125,4052500
2022-03-01,12155.5302734375,12199.330078125,12151.51953125,12197.919921875,5684200
2022-03-02,12246.6103515625,12247.7802734375,12088.75,12088.75,2217700
2022-03-03,12205.6201171875,12221.349609375,12197.8896484375,12211.400390625,1886000
2022-03-04,12141.76953125,12221.349609375,12076.400390625,12211.400390625,30166700
2022-03-07,11769.8701171875,11913.26953125,11768.150390625,11913.26953125,2559800
2022-03-08,11795.9599609375,11811.4404296875,11744.9501953125,11744.9501953125,4614500
2022-03-09,11785.1298828125,11851.66015625,11721.919921875,11744.9501953125,35795700
2022-03-10,11899.91015625,11933.349609375,11898.0703125,11926.259765625,2501200
2022-03-11,11821.3798828125,11933.349609375,11793.23046875,11926.259765625,47311100
2022-03-14,11805.1103515625,11827.5400390625,11735.830078125,11821.3798828125,22957500
2022-03-15,11801.73046875,11841.75,11782.2998046875,11805.1103515625,44609900
2022-03-16,11874.1103515625,11904.7099609375,11801.73046875,11801.73046875,33447800
2022-03-17,12030.0703125,12030.1796875,11978.419921875,11998.9599609375,1198800
2022-03-18,12175.849609375,12175.849609375,11978.419921875,11998.9599609375,124315600
2022-03-21,12177.75,12195.26953125,12093.0,12175.849609375,32495400
2022-03-22,12204.6904296875,12204.6904296875,12142.8701171875,12177.75,30867400
2022-03-23,12061.0,12205.2099609375,12039.2099609375,12204.6904296875,22644700
2022-03-24,12017.6103515625,12083.76953125,11970.7802734375,12061.0,28831800
2022-03-25,12055.0,12069.8701171875,11987.490234375,12017.6103515625,25120400
2022-03-28,11909.7197265625,12099.3095703125,11893.76953125,12055.0,47826300
2022-03-29,11919.669921875,11974.98046875,11894.3603515625,11909.7197265625,29413200
2022-03-30,12098.7998046875,12098.7998046875,11919.669921875,11919.669921875,47817400
2022-03-31,12110.259765625,12110.259765625,12036.6796875,12098.7998046875,49907100
2022-04-01,12089.4296875,12110.259765625,12054.1904296875,12110.259765625,22547900
2022-04-04,12053.1904296875,12132.7900390625,12053.1904296875,12089.4296875,35164300
2022-04-05,12121.3896484375,12130.2099609375,12046.0,12053.1904296875,26491500
2022-04-06,12079.2998046875,12121.3896484375,12050.7001953125,12121.3896484375,39221700
2022-04-07,12075.91015625,12080.26953125,12000.1298828125,12079.2998046875,37142800
2022-04-08,12066.26953125,12087.509765625,12032.26953125,12075.91015625,30208600
2022-04-11,11932.0302734375,12081.419921875,11922.6103515625,12066.26953125,27031900
2022-04-12,11889.169921875,11932.0302734375,11867.73046875,11932.0302734375,36674800
2022-04-13,11875.0,11890.2197265625,11828.3896484375,11889.169921875,32172500
2022-04-14,11891.580078125,11930.08984375,11873.0400390625,11875.0,24568600
2022-04-19,11835.8798828125,11891.580078125,11835.8798828125,11891.580078125,20175700
2022-04-20,11966.1904296875,11966.1904296875,11835.8798828125,11835.8798828125,30534400
2022-04-21,11954.0,11976.3203125,11916.7099609375,11966.1904296875,27178200
2022-04-22,11908.400390625,11954.0,11887.0,11954.0,46557600
2022-04-26,11813.1796875,11908.400390625,11812.400390625,11908.400390625,35953200
2022-04-27,11726.3896484375,11813.1796875,11656.23046875,11813.1796875,37258000
2022-04-28,11875.9599609375,11875.9599609375,11726.3896484375,11726.3896484375,50275400
2022-04-29,11884.2998046875,11928.7001953125,11852.8203125,11875.9599609375,28578600
2022-05-02,11784.3603515625,11884.2998046875,11770.099609375,11884.2998046875,22063200
2022-05-03,11675.919921875,11830.0498046875,11675.919921875,11784.3603515625,27344600
2022-05-04,11675.2099609375,11727.849609375,11652.48046875,11675.919921875,15681800
2022-05-05,11747.5703125,11771.76953125,11675.2099609375,11675.2099609375,29047000
2022-05-06,11609.3798828125,11747.5703125,11574.5400390625,11747.5703125,28346800
2022-05-09,11381.7001953125,11618.7001953125,11381.7001953125,11609.3798828125,47701500
2022-05-10,11229.4501953125,11381.7001953125,11149.48046875,11381.7001953125,38559800
2022-05-11,11233.169921875,11291.099609375,11212.2998046875,11229.4501953125,42816700
2022-05-12,11177.3603515625,11246.1298828125,11173.26953125,11233.169921875,34422800
2022-05-13,11168.1796875,11190.0703125,11086.7900390625,11177.3603515625,34977100
2022-05-16,11157.66015625,11276.5,11137.2998046875,11168.1796875,24900200
2022-05-17,11137.8798828125,11177.33984375,11100.1396484375,11157.66015625,33291300
2022-05-18,11258.2802734375,11269.7197265625,11137.8798828125,11137.8798828125,29580500
2022-05-19,11206.9296875,11260.099609375,11070.3798828125,11258.2802734375,25599100
2022-05-20,11267.3896484375,11294.650390625,11206.9296875,11206.9296875,28328300
2022-05-23,11316.4599609375,11370.25,11267.3896484375,11267.3896484375,20232200
2022-05-24,11237.1201171875,11249.0302734375,11234.599609375,11247.0302734375,1207000
2022-05-25,11173.3701171875,11316.0595703125,11173.3701171875,11247.0302734375,37450600
2022-05-26,11102.83984375,11244.73046875,11101.8095703125,11173.3701171875,32243400
2022-05-27,11065.150390625,11196.91015625,11065.150390625,11102.83984375,22356100
2022-05-30,11145.5,11193.73046875,11065.150390625,11065.150390625,25867000
2022-05-31,11308.33984375,11308.33984375,11145.5,11145.5,147896900
2022-06-01,11373.240234375,11373.240234375,11242.830078125,11308.33984375,28287300
2022-06-02,11349.5400390625,11382.2900390625,11292.33984375,11373.240234375,21893800
2022-06-03,11417.33984375,11428.669921875,11349.5400390625,11349.5400390625,17234600
2022-06-07,11265.7001953125,11425.240234375,11245.5,11417.33984375,25815300
2022-06-08,11266.240234375,11323.9501953125,11246.669921875,11265.7001953125,20626600
2022-06-09,11211.3095703125,11267.3203125,11160.75,11266.240234375,28692600
2022-06-10,11136.2802734375,11211.3095703125,11067.0595703125,11211.3095703125,23720900
2022-06-13,10924.740234375,11136.2802734375,10844.51953125,11136.2802734375,19316900
2022-06-14,10641.3603515625,10926.6904296875,10560.6201171875,10924.740234375,38135000
2022-06-15,10635.919921875,10671.8798828125,10566.2099609375,10641.3603515625,27979600
2022-06-16,10646.580078125,10766.1396484375,10635.919921875,10635.919921875,27592700
2022-06-17,10589.1904296875,10646.580078125,10392.01953125,10646.580078125,71920300
2022-06-20,10588.2001953125,10630.6904296875,10553.490234375,10589.1904296875,14475800
2022-06-21,10701.58984375,10701.58984375,10588.2001953125,10588.2001953125,23847000
2022-06-22,10678.669921875,10832.75,10653.0595703125,10701.58984375,28724200
2022-06-23,10813.919921875,10814.6904296875,10678.669921875,10678.669921875,20927100
2022-06-27,10997.919921875,10997.919921875,10808.5498046875,10813.919921875,21915300
2022-06-28,11018.6201171875,11039.650390625,10977.23046875,10997.919921875,17985900
2022-06-29,10958.8095703125,11019.759765625,10905.66015625,11018.6201171875,21823400
2022-06-30,10868.7001953125,10965.0302734375,10868.7001953125,10958.8095703125,37566000
2022-07-01,10753.16015625,10897.1103515625,10753.16015625,10868.7001953125,22263500
2022-07-04,10862.33984375,10883.669921875,10753.16015625,10753.16015625,19038000
2022-07-05,10965.169921875,10965.169921875,10858.0498046875,10862.33984375,28539700
2022-07-06,11134.3896484375,11141.0703125,11126.9501953125,11141.0703125,920600
2022-07-07,11112.16015625,11149.83984375,11108.2998046875,11141.0703125,25450000
2022-07-08,11169.240234375,11205.3701171875,11112.16015625,11112.16015625,28633200
2022-07-11,11106.1396484375,11180.849609375,11094.2197265625,11169.240234375,25484600
2022-07-12,11103.3896484375,11120.48046875,11051.7900390625,11106.1396484375,21514100
2022-07-13,11110.330078125,11165.669921875,11099.6904296875,11103.3896484375,26802900
2022-07-14,11187.9697265625,11193.58984375,11110.330078125,11110.330078125,22192200
2022-07-15,11122.6103515625,11203.16015625,11121.9599609375,11187.9697265625,22662800
2022-07-18,11163.6298828125,11211.8203125,11122.6103515625,11122.6103515625,11549200
2022-07-19,11238.26953125,11256.4296875,11162.73046875,11162.73046875,1488100
2022-07-20,11199.009765625,11300.919921875,11162.73046875,11162.73046875,21450900
2022-07-21,11269.759765625,11291.990234375,11199.009765625,11199.009765625,11679200
2022-07-22,11263.1904296875,11302.5400390625,11259.259765625,11269.759765625,18021600
2022-07-25,11198.6796875,11312.580078125,11186.75,11263.1904296875,19476100
2022-07-26,11166.5595703125,11214.259765625,11133.330078125,11198.6796875,24841200
2022-07-27,11135.0302734375,11233.150390625,11135.0302734375,11166.5595703125,19207900
2022-07-28,11328.1904296875,11349.6201171875,11135.0302734375,11135.0302734375,32794000
2022-07-29,11492.650390625,11492.650390625,11328.1904296875,11328.1904296875,24824400
2022-08-01,11525.8701171875,11549.5498046875,11485.73046875,11492.650390625,28099500
2022-08-02,11532.4599609375,11550.490234375,11490.0703125,11525.8701171875,17557800
2022-08-03,11705.0302734375,11705.6904296875,11532.4599609375,11532.4599609375,24015000
2022-08-04,11735.4697265625,11787.25,11705.0302734375,11705.0302734375,30310300
2022-08-05,11728.4697265625,11752.1796875,11700.26953125,11735.4697265625,23624700
2022-08-08,11702.8095703125,11732.0400390625,11674.91015625,11728.4697265625,15908100
2022-08-09,11753.48046875,11753.48046875,11702.8095703125,11702.8095703125,19772800
2022-08-10,11752.08984375,11753.48046875,11685.1796875,11753.48046875,19223100
2022-08-11,11760.009765625,11843.6904296875,11752.08984375,11752.08984375,25155000
2022-08-12,11730.51953125,11808.4296875,11728.349609375,11760.009765625,15379500
2022-08-15,11789.0302734375,11812.8896484375,11730.51953125,11730.51953125,13308800
2022-08-16,11847.150390625,11847.73046875,11774.8095703125,11789.0302734375,18705300
2022-08-17,11852.9296875,11867.150390625,11805.3798828125,11847.150390625,19189400
2022-08-18,11814.33984375,11852.9296875,11777.0,11852.9296875,20636600
2022-08-19,11684.8095703125,11814.33984375,11668.0400390625,11814.33984375,17212900
2022-08-22,11763.9501953125,11777.2900390625,11650.9501953125,11684.8095703125,17184100
2022-08-23,11643.2099609375,11764.5302734375,11624.669921875,11763.9501953125,20706600
2022-08-24,11655.330078125,11695.919921875,11603.7900390625,11643.2099609375,21700500
2022-08-25,11627.1396484375,11686.4296875,11627.1396484375,11655.330078125,23273400
2022-08-26,11608.2900390625,11683.3203125,11608.2900390625,11627.1396484375,50586100
2022-08-29,11506.9404296875,11608.2900390625,11505.1298828125,11608.2900390625,19036000
2022-08-30,11648.650390625,11650.3203125,11506.9404296875,11506.9404296875,17482600
2022-08-31,11601.099609375,11677.41015625,11583.0,11648.650390625,36014600
2022-09-01,11609.8203125,11615.099609375,11547.650390625,11601.099609375,15806700
2022-09-02,11628.25,11635.3798828125,11556.7802734375,11609.8203125,19412900
2022-09-05,11619.0400390625,11630.6904296875,11581.7099609375,11628.25,16396200
2022-09-06,11599.23046875,11619.0400390625,11574.509765625,11619.0400390625,17088900
2022-09-07,11548.2998046875,11615.759765625,11539.1904296875,11599.23046875,16728100
2022-09-08,11677.9296875,11677.9296875,11548.2998046875,11548.2998046875,22409800
2022-09-09,11757.76953125,11757.76953125,11618.76953125,11677.9296875,19429900
2022-09-12,11813.2099609375,11815.6904296875,11757.76953125,11757.76953125,22131100
2022-09-13,11762.150390625,11829.509765625,11762.150390625,11813.2099609375,23564900
2022-09-14,11658.0400390625,11769.740234375,11584.1298828125,11762.150390625,20477800
2022-09-15,11658.9404296875,11701.6796875,11631.669921875,11658.0400390625,25513400
2022-09-16,11580.4599609375,11667.2802734375,11580.4599609375,11658.9404296875,91586400
2022-09-19,11531.990234375,11620.849609375,11531.990234375,11580.4599609375,15001600
2022-09-20,11570.4296875,11588.08984375,11530.009765625,11531.990234375,13456000
2022-09-21,11498.9501953125,11570.4296875,11483.9296875,11570.4296875,21835400
2022-09-22,11518.3203125,11538.66015625,11498.9501953125,11498.9501953125,11916500
2022-09-23,11434.8203125,11518.3203125,11404.849609375,11518.3203125,22207500
2022-09-27,11239.7197265625,11241.2197265625,11214.490234375,11214.490234375,471100
2022-09-28,11119.5703125,11256.580078125,11113.080078125,11214.490234375,23829100
2022-09-29,11200.0400390625,11286.3896484375,11119.5703125,11119.5703125,19033400
2022-09-30,11065.7099609375,11200.0400390625,10974.830078125,11200.0400390625,43498400
2022-10-03,10959.4501953125,11080.0703125,10938.740234375,11065.7099609375,14653500
2022-10-04,11090.0302734375,11117.2900390625,10959.4501953125,10959.4501953125,24198100
2022-10-05,11180.009765625,11194.51953125,11090.0302734375,11090.0302734375,20665300
2022-10-06,11125.240234375,11180.009765625,11100.4697265625,11180.009765625,19505600
2022-10-07,11103.7900390625,11125.240234375,11077.5595703125,11125.240234375,16182000
2022-10-10,10918.48046875,11103.7900390625,10918.48046875,11103.7900390625,13637400
2022-10-11,10956.7099609375,10981.7802734375,10918.2099609375,10918.48046875,16003300
2022-10-12,10873.23046875,10956.7099609375,10868.91015625,10956.7099609375,21614800
2022-10-13,10817.48046875,10887.5400390625,10817.48046875,10873.23046875,18599000
2022-10-14,10868.08984375,10953.8798828125,10817.48046875,10817.48046875,17417500
2022-10-17,10785.919921875,10868.08984375,10736.8095703125,10868.08984375,17984500
2022-10-18,10847.33984375,10927.3203125,10785.919921875,10785.919921875,23406600
2022-10-19,10916.650390625,10930.6796875,10841.9404296875,10847.33984375,23815900
2022-10-20,10868.2998046875,10873.4501953125,10832.0302734375,10832.0302734375,401700
2022-10-21,10782.3603515625,10873.4501953125,10782.3603515625,10832.0302734375,21826300
2022-10-25,10902.3095703125,10902.3095703125,10782.3603515625,10782.3603515625,19565500
2022-10-26,11046.5,11046.5,10902.3095703125,10902.3095703125,17970200
2022-10-27,11100.51953125,11100.51953125,11042.9501953125,11046.5,17897200
2022-10-28,11129.5302734375,11129.830078125,11082.7099609375,11100.51953125,15810900
2022-10-31,11338.4296875,11338.4296875,11129.5302734375,11129.5302734375,94549400
2022-11-01,11316.6396484375,11342.509765625,11268.490234375,11338.4296875,52572900
2022-11-02,11282.7802734375,11316.6396484375,11263.849609375,11316.6396484375,57514400
2022-11-03,11184.2998046875,11282.7802734375,11156.0400390625,11282.7802734375,30416500
2022-11-04,11230.75,11251.26953125,11129.6201171875,11184.2998046875,18352400
2022-11-07,11263.490234375,11290.33984375,11260.0595703125,11290.33984375,1287700
2022-11-08,11208.4404296875,11219.51953125,11151.8896484375,11151.8896484375,860800
2022-11-09,11110.73046875,11144.41015625,11108.75,11143.48046875,1063100
2022-11-10,11288.9404296875,11296.5595703125,11091.9296875,11091.9296875,4649500
2022-11-11,11311.759765625,11358.9599609375,11091.9296875,11091.9296875,29422000
2022-11-14,11270.33984375,11277.6298828125,11224.48046875,11231.9697265625,8877200
2022-11-15,11250.0302734375,11258.73046875,11239.1396484375,11239.1396484375,2506700
2022-11-16,11250.7802734375,11254.1298828125,11230.5498046875,11230.5498046875,1328100
2022-11-17,11257.76953125,11294.51953125,11239.7998046875,11294.51953125,2233000
2022-11-18,11380.6103515625,11380.6103515625,11239.7998046875,11294.51953125,17945000
2022-11-21,11397.9599609375,11440.400390625,11379.400390625,11440.400390625,6204500
2022-11-22,11384.650390625,11421.009765625,11380.01953125,11420.419921875,7045200
2022-11-23,11271.91015625,11324.3203125,11271.8701171875,11323.7998046875,3393300
2022-11-24,11310.7998046875,11322.169921875,11302.9599609375,11321.7099609375,2077000
2022-11-25,11382.5595703125,11382.5595703125,11301.6796875,11321.7099609375,17261200
2022-11-28,11418.2001953125,11429.33984375,11301.830078125,11308.3095703125,6591000
2022-11-29,11411.3896484375,11424.4404296875,11395.349609375,11395.349609375,1883200
2022-11-30,11552.0400390625,11552.0400390625,11395.349609375,11395.349609375,73650600
2022-12-01,11654.5595703125,11654.5595703125,11551.0400390625,11552.0400390625,29541200
2022-12-02,11641.849609375,11654.5595703125,11581.7998046875,11654.5595703125,21081800
2022-12-05,11613.1201171875,11680.9697265625,11605.25,11677.75,2661400
2022-12-06,11570.150390625,11631.599609375,11566.7099609375,11631.599609375,1264800
2022-12-07,11641.599609375,11641.8603515625,11609.01953125,11610.990234375,3151100
2022-12-08,11604.51953125,11629.830078125,11598.4501953125,11617.1396484375,2411000
2022-12-09,11596.0302734375,11638.599609375,11587.3701171875,11617.1396484375,19971200
2022-12-12,11522.2802734375,11529.400390625,11491.76953125,11506.4501953125,1422500
2022-12-13,11575.4404296875,11601.419921875,11569.76953125,11601.419921875,2587200
2022-12-14,11541.6103515625,11585.0,11508.16015625,11585.0,1316000
2022-12-15,11529.83984375,11601.990234375,11516.66015625,11601.990234375,2218200
2022-12-16,11603.66015625,11603.66015625,11506.349609375,11601.990234375,87292200
2022-12-19,11507.51953125,11518.1396484375,11502.5400390625,11518.1396484375,1146200
2022-12-20,11444.509765625,11470.990234375,11404.830078125,11404.830078125,1997700
2022-12-21,11492.3896484375,11492.3896484375,11452.0498046875,11452.0498046875,1062400
2022-12-22,11451.669921875,11523.9599609375,11440.1904296875,11523.9599609375,13756800
2022-12-23,11494.9599609375,11523.9599609375,11440.1904296875,11523.9599609375,13756800
2022-12-28,11567.6904296875,11567.6904296875,11533.1904296875,11539.3095703125,1654500
2022-12-29,11591.9296875,11595.51953125,11538.4501953125,11538.4501953125,11114000
2022-12-30,11473.240234375,11596.330078125,11473.240234375,11538.4501953125,11114000
2023-01-04,11632.400390625,11638.9599609375,11587.48046875,11587.48046875,812200
2023-01-05,11677.2001953125,11682.75,11651.2900390625,11651.2900390625,1412800
2023-01-06,11625.9697265625,11682.75,11594.6396484375,11651.2900390625,12567900
2023-01-09,11650.41015625,11650.41015625,11620.9296875,11646.4501953125,2335200
2023-01-10,11656.4501953125,11665.259765625,11642.3701171875,11665.259765625,1850000
2023-01-11,11646.8095703125,11650.900390625,11635.6796875,11636.990234375,1362700
2023-01-12,11727.599609375,11734.2099609375,11664.8798828125,11664.8798828125,1602300
2023-01-13,11754.4404296875,11769.26953125,11664.8798828125,11664.8798828125,14807400
2023-01-16,11845.150390625,11856.8701171875,11776.5498046875,11811.240234375,2357200
2023-01-17,11881.669921875,11886.73046875,11862.830078125,11881.0,2357900
2023-01-18,11885.08984375,11924.849609375,11884.4599609375,11920.41015625,1234700
2023-01-19,11954.2099609375,11956.740234375,11885.6396484375,11885.6396484375,2121300
2023-01-20,11977.48046875,12021.169921875,11885.6396484375,11885.6396484375,28553200
2023-01-23,11971.2197265625,11975.6103515625,11948.7197265625,11948.7197265625,1101800
2023-01-24,11942.41015625,11952.41015625,11925.4296875,11932.919921875,1591900
2023-01-25,11993.33984375,12003.759765625,11968.8203125,11994.509765625,3031100
2023-01-26,12041.9296875,12041.9296875,12009.5498046875,12023.4599609375,2392400
2023-01-27,12036.0498046875,12071.240234375,12009.5498046875,12023.4599609375,24707000
2023-01-30,12004.2802734375,12034.169921875,11993.66015625,12034.169921875,1334300
2023-01-31,12022.900390625,12028.0302734375,11967.7197265625,11967.7197265625,1290700
2023-02-01,12074.0400390625,12090.9296875,12071.1796875,12090.9296875,1781200
2023-02-02,12153.490234375,12177.4697265625,12149.66015625,12152.16015625,1691400
2023-02-03,12197.150390625,12197.150390625,12137.849609375,12152.16015625,19577600
2023-02-07,12164.919921875,12175.7099609375,12128.98046875,12128.98046875,4365500
2023-02-08,12145.23046875,12211.9599609375,12143.9599609375,12211.9599609375,1402100
2023-02-09,12123.2099609375,12123.2099609375,12105.33984375,12118.669921875,1818400
2023-02-10,12178.759765625,12185.01953125,12105.33984375,12118.669921875,23273700
2023-02-13,12094.1396484375,12098.3203125,12075.1796875,12075.1796875,1474300
2023-02-14,12038.580078125,12078.240234375,12038.580078125,12074.4697265625,3472100
2023-02-15,12060.26953125,12084.4404296875,12056.0400390625,12083.1201171875,998900
2023-02-16,12139.900390625,12157.75,12074.25,12157.75,2118700
2023-02-17,12144.66015625,12166.2001953125,12074.25,12157.75,24684500
2023-02-20,11899.2802734375,11929.0595703125,11894.759765625,11896.0498046875,6759700
2023-02-21,11723.919921875,11801.490234375,11716.8896484375,11801.490234375,2987100
2023-02-22,11812.2802734375,11825.9501953125,11794.2197265625,11794.2197265625,3406800
2023-02-23,11872.099609375,11895.4697265625,11855.41015625,11888.5,1639000
2023-02-24,11905.75,11905.75,11855.41015625,11888.5,43768600
2023-02-27,11813.5595703125,11822.3095703125,11793.330078125,11793.330078125,2560700
2023-02-28,11875.33984375,11901.2099609375,11859.8798828125,11894.580078125,4435900
2023-03-01,11878.16015625,11898.2197265625,11874.5703125,11876.349609375,1100100
2023-03-02,11864.0498046875,11900.8603515625,11845.009765625,11900.8603515625,1809900
2023-03-03,11868.7900390625,11900.8603515625,11819.240234375,11900.8603515625,15802100
2023-03-06,11909.150390625,11923.169921875,11889.75,11912.48046875,1096300
2023-03-07,11856.66015625,11922.240234375,11852.8095703125,11919.5595703125,1307400
2023-03-08,11839.91015625,11878.7099609375,11837.849609375,11855.5400390625,682100
2023-03-09,11728.26953125,11826.150390625,11723.080078125,11826.150390625,1704800
2023-03-10,11727.0400390625,11826.150390625,11697.33984375,11826.150390625,17792800
2023-03-13,11672.900390625,11734.580078125,11543.580078125,11727.0400390625,18814200
2023-03-14,11609.3701171875,11609.740234375,11595.4697265625,11595.4697265625,603900
2023-03-15,11617.26953125,11661.8701171875,11583.4501953125,11595.4697265625,24050000
2023-03-16,11699.01953125,11699.01953125,11529.9501953125,11617.26953125,60174100
2023-03-17,11725.6201171875,11741.0,11665.6298828125,11699.01953125,108917700
2023-03-20,11564.75,11725.6201171875,11552.76953125,11725.6201171875,23623600
2023-03-21,11531.2998046875,11577.73046875,11505.8203125,11564.75,26272000
2023-03-22,11586.9296875,11590.1298828125,11531.2998046875,11531.2998046875,26849200
2023-03-23,11594.9404296875,11606.5302734375,11481.080078125,11586.9296875,26276200
2023-03-24,11580.8095703125,11602.330078125,11556.3603515625,11594.9404296875,17919900
2023-03-27,11612.8603515625,11626.91015625,11612.2998046875,11612.8603515625,1512200
2023-03-28,11771.26953125,11771.26953125,11612.2998046875,11612.8603515625,26113300
2023-03-29,11736.75,11771.26953125,11667.6904296875,11771.26953125,22066000
2023-03-30,11933.169921875,11933.169921875,11727.740234375,11736.75,25033500
2023-03-31,11884.5,11933.169921875,11870.400390625,11933.169921875,22875700
2023-04-03,11838.7900390625,11898.669921875,11795.7998046875,11884.5,21493000
2023-04-04,11898.5595703125,11898.5595703125,11783.51953125,11838.7900390625,35762500
2023-04-05,11866.830078125,11937.26953125,11826.150390625,11898.5595703125,23049800
2023-04-06,11870.080078125,11916.3896484375,11833.740234375,11866.830078125,12551600
2023-04-11,11873.580078125,11905.6201171875,11835.83984375,11870.080078125,17115800
2023-04-12,11917.5,11928.25,11863.080078125,11873.580078125,16432400
2023-04-13,11930.8603515625,11930.8603515625,11880.0,11917.5,24160100
2023-04-14,11880.5595703125,11937.400390625,11870.0400390625,11930.8603515625,15888700
2023-04-17,11936.150390625,11936.150390625,11826.509765625,11880.5595703125,23324900
2023-04-18,11884.099609375,11936.150390625,11868.41015625,11936.150390625,17733600
2023-04-19,11917.8203125,11917.8203125,11845.009765625,11884.099609375,42128600
2023-04-20,11879.6796875,11917.8203125,11867.1201171875,11917.8203125,26144800
2023-04-21,11927.5,11927.5,11843.650390625,11879.6796875,22346100
2023-04-24,12026.3896484375,12026.3896484375,11873.8095703125,11927.5,14422600
2023-04-26,11934.98046875,12026.3896484375,11916.9697265625,12026.3896484375,26403000
2023-04-27,11918.2197265625,11957.9697265625,11909.7802734375,11934.98046875,27433600
2023-04-28,12019.83984375,12019.83984375,11916.6298828125,11918.2197265625,41744600
2023-05-01,12002.9697265625,12019.83984375,11933.4404296875,12019.83984375,33023500
2023-05-02,12037.8095703125,12037.8095703125,11965.900390625,12002.9697265625,30328300
2023-05-03,11907.990234375,12037.8095703125,11881.23046875,12037.8095703125,17588800
2023-05-04,11968.5498046875,11968.5498046875,11868.849609375,11907.990234375,16620700
2023-05-05,11889.009765625,11977.9599609375,11859.1298828125,11968.5498046875,22961800
2023-05-08,11942.490234375,11942.490234375,11873.08984375,11889.009765625,15374000
2023-05-09,11889.6103515625,11942.490234375,11844.259765625,11942.490234375,26204500
2023-05-10,11987.2998046875,11987.2998046875,11861.650390625,11889.6103515625,61686500
2023-05-11,11887.759765625,11990.3095703125,11869.650390625,11987.2998046875,18878700
2023-05-12,11938.83984375,11943.9404296875,11857.849609375,11887.759765625,27926100
2023-05-15,11937.599609375,11941.16015625,11882.8203125,11938.83984375,20765500
2023-05-16,11945.8701171875,11952.6396484375,11878.9697265625,11937.599609375,32618300
2023-05-17,11951.66015625,11952.5595703125,11898.9599609375,11945.8701171875,19838700
2023-05-18,11974.169921875,11976.080078125,11965.4404296875,11976.080078125,519400
2023-05-19,12099.740234375,12099.740234375,11965.4404296875,11976.080078125,20411800
2023-05-22,11993.0,12119.16015625,11973.4296875,12099.740234375,21352700
2023-05-23,11944.2001953125,11998.9697265625,11911.759765625,11993.0,19395700
2023-05-24,11971.830078125,11995.26953125,11862.419921875,11944.2001953125,25776000
2023-05-25,11959.849609375,11986.41015625,11902.009765625,11971.830078125,18366700
2023-05-26,11830.0302734375,11960.4501953125,11821.3203125,11959.849609375,24985200
2023-05-29,11935.650390625,11944.1201171875,11830.0302734375,11830.0302734375,15375200
2023-05-30,11878.7099609375,11941.349609375,11878.7099609375,11935.650390625,27474900
2023-05-31,11813.009765625,11909.099609375,11813.009765625,11878.7099609375,212736500
2023-06-01,11916.1298828125,11916.1298828125,11813.009765625,11813.009765625,20139100
2023-06-02,11880.900390625,11930.2197265625,11852.5400390625,11916.1298828125,21660600
2023-06-06,11864.1201171875,11933.7802734375,11783.849609375,11880.900390625,27455900
2023-06-07,11759.150390625,11884.98046875,11748.2802734375,11864.1201171875,47391000
2023-06-08,11715.740234375,11759.740234375,11663.830078125,11759.150390625,33496800
2023-06-09,11690.33984375,11742.099609375,11663.1396484375,11715.740234375,25778500
2023-06-12,11615.5498046875,11690.33984375,11578.3095703125,11690.33984375,18141100
2023-06-13,11585.1103515625,11654.83984375,11576.75,11652.83984375,1144300
2023-06-14,11678.6201171875,11678.6201171875,11576.75,11652.83984375,27805600
2023-06-15,11687.4501953125,11709.83984375,11656.330078125,11678.6201171875,27397500
2023-06-16,11800.0400390625,11800.0400390625,11665.6201171875,11687.4501953125,69012400
2023-06-19,11750.75,11800.0400390625,11713.91015625,11800.0400390625,14732100
2023-06-20,11789.3701171875,11789.3701171875,11737.26953125,11750.75,23279500
2023-06-21,11776.25,11796.0400390625,11769.0400390625,11789.3701171875,0
2023-06-22,11739.0498046875,11776.25,11698.4599609375,11776.25,25270900
2023-06-23,11737.5498046875,11744.7998046875,11711.7197265625,11739.0498046875,25178800
2023-06-26,11638.6796875,11750.91015625,11638.6796875,11737.5498046875,16848900
2023-06-27,11649.2001953125,11649.2001953125,11611.0400390625,11638.6796875,19340500
2023-06-28,11733.4599609375,11749.26953125,11644.2197265625,11649.2001953125,23696100
2023-06-29,11808.1201171875,11808.1201171875,11681.3701171875,11733.4599609375,21078900
2023-06-30,11916.4697265625,11938.3701171875,11704.3701171875,11808.1201171875,44798400
2023-07-03,11916.8701171875,11918.669921875,11874.740234375,11916.4697265625,21356500
2023-07-04,11980.330078125,11980.330078125,11875.5595703125,11916.8701171875,15992600
2023-07-05,12002.4599609375,12002.4599609375,11950.759765625,11980.330078125,20334900
2023-07-06,11959.330078125,12055.2001953125,11959.330078125,12002.4599609375,36765700
2023-07-07,11980.1201171875,11980.1201171875,11812.8603515625,11959.330078125,28417400
2023-07-10,11912.73046875,11980.1201171875,11887.3701171875,11980.1201171875,16809800
2023-07-11,11909.8095703125,11926.7001953125,11859.9296875,11912.73046875,26270900
2023-07-12,11908.26953125,11917.2802734375,11851.419921875,11909.8095703125,26327800
2023-07-13,12013.4296875,12036.830078125,11908.26953125,11908.26953125,14441000
2023-07-17,11938.919921875,12047.669921875,11923.849609375,12013.4296875,17033700
2023-07-18,11932.8095703125,11944.349609375,11906.169921875,11938.919921875,19043600
2023-07-19,11944.5400390625,11972.41015625,11932.8095703125,11932.8095703125,14686100
2023-07-20,11932.099609375,11961.3701171875,11882.169921875,11944.5400390625,14188200
2023-07-21,11940.4404296875,11958.669921875,11903.3095703125,11932.099609375,25269300
2023-07-24,12018.23046875,12018.23046875,11906.98046875,11940.4404296875,17733700
2023-07-25,11933.8603515625,12018.23046875,11912.08984375,12018.23046875,14049700
2023-07-26,11954.73046875,11978.009765625,11930.5400390625,11933.8603515625,16198600
2023-07-27,11954.1103515625,11999.23046875,11921.919921875,11954.73046875,19543400
2023-07-28,11946.740234375,11954.1103515625,11908.3603515625,11954.1103515625,19866600
2023-07-31,12056.150390625,12056.150390625,11939.73046875,11946.740234375,33178500
2023-08-01,11980.41015625,12056.150390625,11966.990234375,12056.150390625,14878300
2023-08-02,11962.0400390625,11990.3798828125,11924.150390625,11980.41015625,24453500
2023-08-03,11936.6201171875,11964.849609375,11884.2001953125,11962.0400390625,19963800
2023-08-04,11943.2001953125,11957.099609375,11906.830078125,11936.6201171875,16685600
2023-08-07,11934.240234375,11943.2001953125,11909.7099609375,11943.2001953125,11973300
2023-08-08,11868.75,11934.240234375,11864.33984375,11934.240234375,28069200
2023-08-09,11838.259765625,11868.75,11830.4404296875,11868.75,16450000
2023-08-10,11811.76953125,11858.51953125,11801.3095703125,11838.259765625,24864600
2023-08-11,11836.7099609375,11836.7099609375,11778.83984375,11811.76953125,18607400
2023-08-14,11777.400390625,11826.419921875,11777.400390625,11826.419921875,1561100
2023-08-15,11820.740234375,11837.2001953125,11772.849609375,11826.419921875,25281900
2023-08-16,11763.1103515625,11820.740234375,11692.2998046875,11820.740234375,20909200
2023-08-17,11651.580078125,11763.1103515625,11600.490234375,11763.1103515625,21143200
2023-08-18,11611.1904296875,11651.580078125,11550.0595703125,11651.580078125,18479800
2023-08-21,11458.6904296875,11611.1904296875,11441.5498046875,11611.1904296875,28067200
2023-08-22,11485.259765625,11489.1796875,11423.9404296875,11458.6904296875,21373600
2023-08-23,11571.9296875,11571.9296875,11482.3203125,11485.259765625,20854400
2023-08-24,11502.1298828125,11571.9296875,11492.7998046875,11571.9296875,23110300
2023-08-25,11467.66015625,11503.5,11431.669921875,11502.1298828125,18941400
2023-08-28,11479.009765625,11501.3095703125,11448.9296875,11467.66015625,16937800
2023-08-29,11528.1201171875,11538.5498046875,11432.2197265625,11479.009765625,21262700
2023-08-30,11521.1201171875,11529.9404296875,11473.400390625,11528.1201171875,27300100
2023-08-31,11554.48046875,11554.48046875,11455.7099609375,11521.1201171875,75930000
2023-09-01,11528.73046875,11554.48046875,11491.6103515625,11554.48046875,130609100
2023-09-04,11513.0400390625,11528.73046875,11473.400390625,11528.73046875,25538200
2023-09-05,11437.25,11524.9404296875,11436.6201171875,11513.0400390625,28678100
2023-09-06,11427.66015625,11469.169921875,11393.169921875,11437.25,24625000
2023-09-07,11426.83984375,11461.48046875,11397.7197265625,11427.66015625,25017200
2023-09-08,11344.1103515625,11448.1201171875,11323.0703125,11426.83984375,23152200
2023-09-11,11302.41015625,11365.1298828125,11284.3203125,11344.1103515625,19210500
2023-09-12,11298.7001953125,11317.0400390625,11266.830078125,11302.41015625,18474300
2023-09-13,11357.1201171875,11357.1201171875,11264.490234375,11298.7001953125,20265300
2023-09-14,11313.5302734375,11400.6298828125,11284.919921875,11357.1201171875,25735800
2023-09-15,11347.73046875,11365.259765625,11290.26953125,11313.5302734375,122834400
2023-09-18,11397.0,11405.3896484375,11312.7998046875,11347.73046875,17017000
2023-09-19,11344.51953125,11397.0,11329.330078125,11397.0,18074300
2023-09-20,11324.8203125,11351.3203125,11299.3203125,11344.51953125,20948100
2023-09-21,11318.740234375,11346.7998046875,11295.919921875,11324.8203125,16662100
2023-09-22,11372.6201171875,11372.6201171875,11221.759765625,11318.740234375,23594700
2023-09-25,11385.4501953125,11391.740234375,11365.990234375,11377.1201171875,2563900
2023-09-26,11342.8701171875,11391.740234375,11326.8095703125,11377.1201171875,17156200
2023-09-27,11316.8095703125,11349.009765625,11260.740234375,11342.8701171875,22144700
2023-09-28,11178.0302734375,11319.5703125,11178.0302734375,11316.8095703125,32227900
2023-09-29,11296.4296875,11296.4296875,11178.0302734375,11178.0302734375,38095100
2023-10-02,11212.1396484375,11243.2900390625,11212.0302734375,11243.2900390625,418300
2023-10-03,11235.7197265625,11243.2900390625,11126.9599609375,11243.2900390625,22865000
2023-10-04,11235.0498046875,11237.7099609375,11100.1396484375,11235.7197265625,23725500
2023-10-05,11309.099609375,11309.099609375,11207.1904296875,11235.0498046875,16904700
2023-10-06,11287.0302734375,11309.099609375,11228.849609375,11309.099609375,11811900
2023-10-09,11205.0595703125,11291.7998046875,11185.91015625,11287.0302734375,22362000
2023-10-10,11293.3798828125,11293.3798828125,11164.1103515625,11205.0595703125,17417100
2023-10-11,11306.4404296875,11311.6201171875,11244.830078125,11293.3798828125,13626100
2023-10-12,11292.580078125,11306.4404296875,11248.5400390625,11306.4404296875,18836000
2023-10-13,11265.7197265625,11292.580078125,11175.4697265625,11292.580078125,14762200
2023-10-16,11185.080078125,11265.7197265625,11150.9501953125,11265.7197265625,19352400
2023-10-17,11214.3701171875,11214.3701171875,11139.5498046875,11185.080078125,26045900
2023-10-18,11221.48046875,11221.48046875,11145.5302734375,11214.3701171875,20376800
2023-10-19,11135.580078125,11221.48046875,11108.6201171875,11221.48046875,18132500
2023-10-20,10994.080078125,11135.580078125,10994.080078125,11135.580078125,25651300
2023-10-24,10960.6201171875,10994.080078125,10942.23046875,10994.080078125,25040300
2023-10-25,10884.0400390625,10960.6201171875,10876.8896484375,10960.6201171875,24097100
2023-10-26,10829.2001953125,10848.5400390625,10826.76953125,10848.5400390625,1036100
2023-10-27,10766.8203125,10848.5400390625,10743.16015625,10848.5400390625,18625300
2023-10-30,10741.5703125,10773.73046875,10695.990234375,10766.8203125,15739500
2023-10-31,10757.6904296875,10783.25,10741.5703125,10741.5703125,25608000
2023-11-01,10850.919921875,10850.919921875,10725.5,10757.6904296875,20381600
2023-11-02,11044.4404296875,11052.169921875,10850.919921875,10850.919921875,22270300
2023-11-03,11118.919921875,11148.2099609375,11044.4404296875,11044.4404296875,19751700
2023-11-06,11178.8798828125,11261.2197265625,11176.26953125,11261.2197265625,1698800
2023-11-07,11185.48046875,11223.8603515625,11181.759765625,11223.8603515625,1628200
2023-11-08,11118.4599609375,11153.400390625,11113.1796875,11151.2998046875,2347500
2023-11-09,11156.2998046875,11198.6396484375,11126.8203125,11197.66015625,1952200
2023-11-10,11140.400390625,11198.6396484375,11124.66015625,11197.66015625,10592400
2023-11-13,11094.8701171875,11095.7900390625,11067.419921875,11093.0302734375,744200
2023-11-14,11266.2001953125,11266.349609375,11173.2802734375,11173.2802734375,2927300
2023-11-15,11347.3701171875,11391.2099609375,11345.7099609375,11352.83984375,2114200
2023-11-16,11174.4697265625,11230.8701171875,11171.7197265625,11230.8701171875,1868000
2023-11-17,11176.9697265625,11230.8701171875,11138.3798828125,11230.8701171875,25043800
2023-11-20,11182.33984375,11207.4599609375,11158.6396484375,11207.4599609375,1639700
2023-11-21,11132.7802734375,11164.419921875,11099.33984375,11164.419921875,4300800
2023-11-22,11164.740234375,11170.9501953125,11133.7998046875,11169.7998046875,2859000
2023-11-23,11184.9404296875,11201.6904296875,11184.9404296875,11187.51953125,737900
2023-11-24,11211.2197265625,11211.2197265625,11164.740234375,11187.51953125,20509100
2023-11-27,11158.169921875,11169.0703125,11154.849609375,11155.7900390625,5445100
2023-11-28,11279.6201171875,11279.6201171875,11236.7998046875,11237.3798828125,1706400
2023-11-29,11198.16015625,11238.23046875,11192.8603515625,11235.9404296875,1634800
2023-11-30,11331.5595703125,11353.9404296875,11307.0498046875,11330.2001953125,1732400
2023-12-01,11367.509765625,11367.509765625,11307.0498046875,11330.2001953125,15972600
2023-12-04,11323.0,11380.8798828125,11311.7802734375,11367.8095703125,1730400
2023-12-05,11343.849609375,11357.8701171875,11331.0703125,11356.990234375,8946000
2023-12-06,11437.259765625,11474.2900390625,11435.900390625,11463.490234375,1256000
2023-12-07,11445.4697265625,11496.6103515625,11444.75,11496.6103515625,2408200
2023-12-08,11495.6396484375,11496.6103515625,11408.25,11496.6103515625,19096000
2023-12-11,11409.9697265625,11449.4697265625,11402.16015625,11449.4697265625,4052300
2023-12-12,11435.8095703125,11435.8095703125,11382.580078125,11382.580078125,3140900
2023-12-13,11496.8203125,11510.4599609375,11475.76953125,11475.76953125,56265600
2023-12-14,11548.400390625,11579.169921875,11518.3203125,11552.8798828125,3703200
2023-12-15,11550.2001953125,11579.169921875,11481.2099609375,11552.8798828125,89953600
2023-12-18,11508.5595703125,11564.98046875,11492.6201171875,11564.98046875,2401800
2023-12-19,11604.2900390625,11617.3701171875,11574.009765625,11617.3701171875,3697900
2023-12-20,11571.0302734375,11579.7998046875,11544.849609375,11579.7998046875,2712100
2023-12-21,11601.259765625,11627.990234375,11600.25,11627.990234375,2360300
2023-12-22,11634.4296875,11634.4296875,11598.1796875,11627.990234375,8811600
2023-12-27,11687.9697265625,11701.8701171875,11646.1796875,11678.4296875,537000
2023-12-28,11761.259765625,11777.3701171875,11745.099609375,11768.6796875,1841100
2023-12-29,11770.490234375,11777.3701171875,11745.099609375,11768.6796875,5856100
2024-01-03,11672.490234375,11730.1298828125,11672.490234375,11730.1298828125,647200
2024-01-04,11724.169921875,11759.6298828125,11715.1298828125,11759.1103515625,994200
2024-01-05,11748.48046875,11761.259765625,11709.26953125,11759.1103515625,14471800
2024-01-08,11760.5,11760.5,11735.419921875,11735.419921875,1450900
2024-01-09,11810.599609375,11844.3896484375,11788.3095703125,11844.3896484375,2318400
2024-01-10,11759.98046875,11780.599609375,11750.3203125,11769.400390625,739700
2024-01-11,11786.8603515625,11811.8603515625,11783.16015625,11803.01953125,856600
2024-01-12,11858.3095703125,11858.3095703125,11767.4404296875,11803.01953125,9525500
2024-01-15,11775.490234375,11780.9296875,11765.1103515625,11772.900390625,954400
2024-01-16,11746.330078125,11770.759765625,11738.490234375,11770.759765625,1004100
2024-01-17,11727.349609375,11767.0302734375,11724.6396484375,11767.0302734375,1626000
2024-01-18,11723.7099609375,11734.490234375,11687.1796875,11687.1796875,1018000
2024-01-19,11666.0703125,11737.5595703125,11666.0703125,11687.1796875,26548000
2024-01-22,11680.2099609375,11697.8896484375,11676.419921875,11684.9501953125,2245800
2024-01-23,11746.8896484375,11802.8798828125,11733.23046875,11802.8798828125,1286300
2024-01-24,11862.6396484375,11868.849609375,11788.759765625,11856.6103515625,1958700
2024-01-25,11836.7998046875,11889.6298828125,11830.509765625,11889.6298828125,2463400
2024-01-26,11875.0302734375,11889.6298828125,11816.91015625,11889.6298828125,12881600
2024-01-29,11878.0498046875,11911.8896484375,11863.7998046875,11911.8896484375,1695900
2024-01-30,11844.5,11915.23046875,11834.48046875,11914.400390625,1683900
2024-01-31,11843.650390625,11876.0498046875,11827.919921875,11872.099609375,1025100
2024-02-01,11940.490234375,11948.400390625,11916.7802734375,11916.7802734375,3303100
2024-02-02,11931.23046875,11974.990234375,11916.7802734375,11916.7802734375,24266600
2024-02-05,11928.7001953125,11931.23046875,11844.9296875,11931.23046875,12985900
2024-02-07,11925.1298828125,11952.169921875,11921.4599609375,11952.169921875,1292800
2024-02-08,11808.5,11872.330078125,11806.4697265625,11872.330078125,3029700
2024-02-09,11862.9501953125,11872.330078125,11782.240234375,11872.330078125,17965300
2024-02-12,11727.4697265625,11763.759765625,11716.599609375,11757.9697265625,1184200
2024-02-13,11657.4697265625,11739.6796875,11654.259765625,11739.6796875,2582700
2024-02-14,11654.2197265625,11674.3203125,11639.3203125,11661.3203125,4542600
2024-02-15,11655.2900390625,11655.9501953125,11629.7197265625,11640.0400390625,2833800
2024-02-16,11724.48046875,11724.48046875,11629.7197265625,11640.0400390625,21308200
2024-02-19,11653.26953125,11653.26953125,11653.26953125,11653.26953125,0
2024-02-20,11550.349609375,11571.2197265625,11514.6796875,11571.2197265625,3415000
2024-02-21,11635.51953125,11642.48046875,11572.3798828125,11590.4697265625,2107600
2024-02-22,11720.6904296875,11721.259765625,11690.25,11690.25,2847900
2024-02-23,11719.8203125,11728.25,11682.740234375,11690.25,27053700
2024-02-26,11664.400390625,11709.8896484375,11654.98046875,11709.8896484375,1932600
2024-02-27,11662.7197265625,11695.169921875,11654.5,11694.599609375,2103700
2024-02-28,11698.0498046875,11774.75,11698.0498046875,11763.3203125,239662100
2024-02-29,11696.4296875,11742.7099609375,11683.400390625,11741.4697265625,1516300
2024-03-01,11744.3896484375,11744.3896484375,11683.400390625,11741.4697265625,24260400
2024-03-04,11712.2001953125,11737.099609375,11694.5,11724.2099609375,2129200
2024-03-05,11685.2099609375,11758.2099609375,11661.3798828125,11753.01953125,2240600
2024-03-06,11825.83984375,11827.419921875,11795.900390625,11795.900390625,1403800
2024-03-07,11814.7998046875,11821.8896484375,11786.349609375,11803.9296875,1410300
2024-03-08,11923.7197265625,11923.7197265625,11786.349609375,11803.9296875,21746600
2024-03-11,11873.669921875,11924.1201171875,11821.73046875,11923.7197265625,15839600
2024-03-12,11829.1796875,11875.08984375,11798.2998046875,11873.669921875,19014800
2024-03-13,11809.01953125,11836.9697265625,11770.83984375,11829.1796875,22660200
2024-03-14,11808.330078125,11812.3095703125,11757.91015625,11809.01953125,20305700
2024-03-15,11766.98046875,11808.330078125,11704.0302734375,11808.330078125,115959700
2024-03-18,11728.009765625,11775.2802734375,11690.7802734375,11766.98046875,22502400
2024-03-19,11817.91015625,11817.91015625,11726.650390625,11728.009765625,25850900
2024-03-20,11832.7099609375,11832.7099609375,11768.7001953125,11817.91015625,22042800
2024-03-21,11915.7099609375,11915.7099609375,11781.509765625,11832.7099609375,22943900
2024-03-22,11978.6201171875,12002.4697265625,11915.7099609375,11915.7099609375,24410700
2024-03-25,12014.1201171875,12067.0302734375,12006.259765625,12067.0302734375,820300
2024-03-26,12031.8095703125,12078.0,11988.0498046875,12067.0302734375,28396800
2024-03-27,12010.66015625,12035.76953125,11981.5498046875,12031.8095703125,28348400
2024-03-28,12105.2900390625,12117.9404296875,11950.7802734375,12010.66015625,38010900
2024-04-02,12095.849609375,12105.2900390625,12027.8095703125,12105.2900390625,16211200
2024-04-03,12040.490234375,12095.849609375,11956.919921875,12095.849609375,22917900
2024-04-04,12035.259765625,12040.490234375,11996.2900390625,12040.490234375,22894800
2024-04-05,12012.240234375,12035.8203125,11927.6201171875,12035.259765625,19252300
2024-04-08,11973.58984375,12012.240234375,11925.400390625,12012.240234375,16870500
2024-04-09,11883.5400390625,11917.9296875,11869.9296875,11916.7802734375,720000
2024-04-10,11971.919921875,11971.919921875,11868.4697265625,11916.7802734375,15090400
2024-04-11,11934.3095703125,11971.919921875,11845.0400390625,11971.919921875,21212000
2024-04-12,11931.3203125,11934.3095703125,11840.5703125,11934.3095703125,18854000
2024-04-15,11916.7802734375,11931.3203125,11790.8603515625,11931.3203125,17429700
2024-04-16,11804.83984375,11916.7802734375,11790.580078125,11916.7802734375,15651900
2024-04-17,11875.349609375,11889.1201171875,11762.2802734375,11804.83984375,16409900
2024-04-18,11836.0400390625,11875.349609375,11730.98046875,11875.349609375,21440200
2024-04-19,11796.2099609375,11836.0400390625,11727.2802734375,11836.0400390625,23080000
2024-04-22,11852.7998046875,11854.4296875,11731.0400390625,11796.2099609375,15310300
2024-04-23,11803.2802734375,11852.7998046875,11796.0703125,11852.7998046875,22843600
2024-04-24,11946.4296875,11946.4296875,11784.5302734375,11803.2802734375,18221600
2024-04-26,11805.08984375,11968.4501953125,11801.6796875,11946.4296875,17919400
2024-04-29,11916.240234375,11916.240234375,11801.990234375,11805.08984375,24123000
2024-04-30,11957.5,11957.5,11878.4501953125,11916.240234375,27849800
2024-05-01,11867.580078125,11957.5,11845.400390625,11957.5,20514900
2024-05-02,11874.0400390625,11875.830078125,11833.41015625,11867.580078125,25861800
2024-05-03,11938.080078125,11938.080078125,11809.58984375,11874.0400390625,19920200
2024-05-06,11820.7802734375,11938.080078125,11810.5400390625,11938.080078125,39847900
2024-05-07,11800.7802734375,11840.8896484375,11756.5302734375,11820.7802734375,26103800
2024-05-08,11782.8896484375,11804.6396484375,11734.7001953125,11800.7802734375,26132500
2024-05-09,11746.580078125,11785.3603515625,11694.400390625,11782.8896484375,20857800
2024-05-10,11755.169921875,11757.849609375,11704.76953125,11746.580078125,21333100
2024-05-13,11652.16015625,11757.51953125,11621.1298828125,11755.169921875,19254800
2024-05-14,11618.08984375,11659.0302734375,11602.9697265625,11652.16015625,34259500
2024-05-15,11525.8798828125,11618.08984375,11525.8798828125,11618.08984375,24322400
2024-05-16,11728.0595703125,11728.0595703125,11525.8798828125,11525.8798828125,30725400
2024-05-17,11699.7900390625,11737.41015625,11648.5498046875,11728.0595703125,19099700
2024-05-20,11735.7099609375,11739.4501953125,11661.0,11699.7900390625,23026400
2024-05-21,11675.990234375,11735.7099609375,11672.1298828125,11735.7099609375,20959800
2024-05-22,11732.2802734375,11768.8701171875,11651.259765625,11675.990234375,24919400
2024-05-23,11809.48046875,11809.48046875,11700.0400390625,11732.2802734375,24850900
2024-05-24,11783.3896484375,11809.98046875,11681.7099609375,11809.48046875,28053000
2024-05-27,11756.0,11783.3896484375,11709.9501953125,11783.3896484375,64205300
2024-05-28,11682.509765625,11779.8603515625,11682.509765625,11756.0,25453900
2024-05-29,11678.6796875,11757.900390625,11678.5498046875,11682.509765625,23167800
2024-05-30,11630.9404296875,11632.3603515625,11557.2099609375,11557.2099609375,834200
2024-05-31,11867.2900390625,11867.2900390625,11557.2099609375,11557.2099609375,89830700
2024-06-04,11880.5400390625,11891.2099609375,11754.73046875,11867.2900390625,28232100
2024-06-05,11996.7099609375,12026.5,11846.330078125,11880.5400390625,29935300
2024-06-06,11973.009765625,12006.9697265625,11872.099609375,11996.7099609375,29173800
2024-06-07,11856.5595703125,11973.009765625,11849.0498046875,11973.009765625,29986000
2024-06-10,11787.5703125,11856.91015625,11757.66015625,11856.5595703125,16095200
2024-06-11,11785.48046875,11829.8798828125,11770.0595703125,11787.5703125,32091400
2024-06-12,11741.8798828125,11811.1103515625,11741.8798828125,11785.48046875,24897000
2024-06-13,11872.6396484375,11872.6396484375,11741.8798828125,11741.8798828125,24918000
2024-06-14,11864.8896484375,11885.8896484375,11817.3798828125,11872.6396484375,17200200
2024-06-17,11698.509765625,11864.8896484375,11690.08984375,11864.8896484375,20298800
2024-06-18,11767.400390625,11835.3203125,11693.6904296875,11698.509765625,23448700
2024-06-19,11671.1904296875,11767.400390625,11658.41015625,11767.400390625,56512200
2024-06-20,11771.8095703125,11771.8095703125,11654.1103515625,11671.1904296875,27699300
2024-06-21,11682.3896484375,11778.8095703125,11682.3896484375,11771.8095703125,91687600
2024-06-24,11627.8603515625,11698.9697265625,11609.669921875,11682.3896484375,23691500
2024-06-25,11716.4404296875,11716.4404296875,11566.75,11627.8603515625,21435400
2024-06-26,11835.01953125,11835.01953125,11673.0,11716.4404296875,24345500
2024-06-27,11717.4296875,11835.01953125,11717.4296875,11835.01953125,46207900
2024-07-01,11789.3896484375,11817.0,11717.4296875,11717.4296875,29083000
2024-07-02,11776.73046875,11809.73046875,11748.6298828125,11789.3896484375,24952900
2024-07-03,11790.919921875,11815.16015625,11745.4599609375,11776.73046875,17076400
2024-07-04,11735.6298828125,11751.16015625,11728.7099609375,11746.66015625,338500
2024-07-05,11794.8095703125,11794.8095703125,11712.51953125,11746.66015625,17919900
2024-07-08,11745.5302734375,11794.8095703125,11692.1904296875,11794.8095703125,17007500
2024-07-09,11848.1298828125,11848.1298828125,11720.150390625,11745.5302734375,27457100
2024-07-10,11943.330078125,11943.330078125,11789.2802734375,11848.1298828125,22389100
2024-07-11,12058.2900390625,12058.2900390625,11917.91015625,11943.330078125,31160500
2024-07-12,12134.9697265625,12146.3798828125,11995.9501953125,12058.2900390625,26532300
2024-07-15,12123.1396484375,12163.1201171875,12043.1796875,12134.9697265625,24808300
2024-07-16,12184.490234375,12184.490234375,12085.650390625,12123.1396484375,19565500
2024-07-17,12256.3603515625,12292.0302734375,12247.400390625,12292.0302734375,1371500
2024-07-18,12329.4404296875,12329.4404296875,12246.75,12292.0302734375,19134100
2024-07-19,12325.599609375,12329.4404296875,12224.3603515625,12329.4404296875,32570200
2024-07-22,12309.91015625,12390.080078125,12309.91015625,12325.599609375,46336700
2024-07-23,12425.580078125,12440.2197265625,12309.91015625,12309.91015625,106480900
2024-07-24,12530.990234375,12530.990234375,12383.3095703125,12425.580078125,59619700
2024-07-25,12396.26953125,12530.990234375,12396.26953125,12530.990234375,51795500
2024-07-26,12349.4697265625,12422.6298828125,12349.4697265625,12396.26953125,26593100
2024-07-29,12313.6201171875,12353.6396484375,12308.33984375,12349.4697265625,33598100
2024-07-30,12391.0498046875,12435.9599609375,12313.6201171875,12313.6201171875,35416500
2024-07-31,12405.26953125,12441.5,12350.2099609375,12391.0498046875,34532700
2024-08-01,12487.9404296875,12514.0595703125,12405.26953125,12405.26953125,19747400
2024-08-02,12453.0400390625,12487.9404296875,12326.900390625,12487.9404296875,29101700
2024-08-05,12264.490234375,12453.0400390625,12207.1298828125,12453.0400390625,36040100
2024-08-06,12245.759765625,12264.490234375,12126.419921875,12264.490234375,37643100
2024-08-07,12278.2099609375,12326.169921875,12273.8701171875,12326.169921875,681000
2024-08-08,12257.2802734375,12326.169921875,12208.9296875,12326.169921875,27459400
2024-08-09,12243.4599609375,12348.25,12243.4599609375,12257.2802734375,20521600
2024-08-12,12281.25,12326.5498046875,12214.240234375,12243.4599609375,17551400
2024-08-13,12319.0595703125,12325.3203125,12253.8896484375,12281.25,23310400
2024-08-14,12572.5302734375,12572.5302734375,12319.0595703125,12319.0595703125,31642100
2024-08-15,12710.5703125,12710.5703125,12541.7099609375,12572.5302734375,32114500
2024-08-16,12727.75,12782.919921875,12653.2197265625,12710.5703125,28523200
2024-08-19,12662.1103515625,12727.75,12546.509765625,12727.75,21287100
2024-08-20,12558.080078125,12662.1103515625,12531.8798828125,12662.1103515625,24495200
2024-08-21,12502.9697265625,12558.080078125,12473.8203125,12558.080078125,16973900
2024-08-22,12469.349609375,12522.3798828125,12451.0595703125,12502.9697265625,22813000
2024-08-23,12529.990234375,12594.3798828125,12450.1396484375,12469.349609375,22573300
2024-08-26,12589.830078125,12596.150390625,12486.6201171875,12529.990234375,19469500
2024-08-27,12451.1103515625,12610.5703125,12451.1103515625,12589.830078125,28692900
2024-08-28,12470.599609375,12475.0703125,12394.4296875,12451.1103515625,35344500
2024-08-29,12353.6103515625,12480.3896484375,12327.419921875,12470.599609375,30847200
2024-08-30,12447.6796875,12447.6796875,12353.6103515625,12353.6103515625,64298600
2024-09-02,12555.51953125,12555.51953125,12393.6298828125,12447.6796875,30981800
2024-09-03,12534.509765625,12596.7001953125,12500.5703125,12555.51953125,29831300
2024-09-04,12553.349609375,12557.1103515625,12395.51953125,12534.509765625,26327900
2024-09-05,12678.66015625,12678.66015625,12549.419921875,12553.349609375,32916100
2024-09-06,12615.509765625,12681.349609375,12595.5595703125,12678.66015625,21397100
2024-09-09,12621.6201171875,12621.6201171875,12478.2099609375,12615.509765625,18976300
2024-09-10,12632.8203125,12687.5302734375,12559.0595703125,12621.6201171875,34143700
2024-09-11,12632.349609375,12668.349609375,12606.150390625,12632.8203125,21960500
2024-09-12,12820.2802734375,12820.2802734375,12594.080078125,12632.349609375,26845800
2024-09-13,12832.5498046875,12832.5498046875,12693.98046875,12820.2802734375,31044900
2024-09-16,12704.3896484375,12845.080078125,12687.2197265625,12832.5498046875,23916700
2024-09-17,12671.9501953125,12709.7001953125,12607.8095703125,12704.3896484375,29715100
2024-09-18,12586.98046875,12681.6201171875,12586.98046875,12671.9501953125,30263900
2024-09-19,12665.0,12665.0,12586.98046875,12586.98046875,32229600
2024-09-20,12478.5,12665.0,12478.5,12665.0,240567900
2024-09-23,12404.169921875,12478.5,12397.4501953125,12478.5,35320400
2024-09-24,12303.990234375,12424.7998046875,12303.990234375,12404.169921875,55212500
2024-09-25,12224.5302734375,12356.3095703125,12224.5302734375,12303.990234375,44817200
2024-09-26,12491.580078125,12491.580078125,12224.1396484375,12224.5302734375,38206100
2024-09-27,12457.41015625,12561.0302734375,12457.41015625,12491.580078125,41941400
2024-09-30,12423.8203125,12517.509765625,12409.75,12457.41015625,58940800
2024-10-01,12466.6904296875,12509.01953125,12395.1201171875,12423.8203125,38706400
2024-10-02,12451.6904296875,12496.9404296875,12388.669921875,12466.6904296875,32143000
2024-10-03,12572.66015625,12572.66015625,12447.41015625,12451.6904296875,23608700
2024-10-04,12619.9404296875,12619.9404296875,12505.5498046875,12572.66015625,22876000
2024-10-07,12596.8701171875,12629.0703125,12523.5302734375,12619.9404296875,20928500
2024-10-08,12555.990234375,12607.0302734375,12521.8095703125,12596.8701171875,28207400
2024-10-09,12776.1298828125,12776.1298828125,12541.849609375,12555.990234375,25877100
2024-10-10,12754.580078125,12833.9404296875,12741.3701171875,12776.1298828125,88100400
2024-10-11,12845.6396484375,12845.6396484375,12690.7802734375,12754.580078125,23828500
2024-10-14,12766.75,12845.6396484375,12749.9599609375,12845.6396484375,25073000
2024-10-15,12840.76953125,12840.76953125,12714.330078125,12766.75,25779000
2024-10-16,12641.3203125,12840.76953125,12641.3203125,12840.76953125,38996600
2024-10-17,12712.8203125,12768.5400390625,12710.3203125,12768.5400390625,692700
2024-10-18,12823.8896484375,12823.8896484375,12708.4404296875,12768.5400390625,37490000
2024-10-21,12923.2197265625,12923.2197265625,12721.7197265625,12823.8896484375,54008700
2024-10-22,12813.150390625,12923.2197265625,12800.599609375,12923.2197265625,36923400
2024-10-23,12787.599609375,12813.150390625,12729.5,12813.150390625,27452500
2024-10-24,12814.0703125,12873.8603515625,12708.33984375,12787.599609375,49713700
2024-10-25,12771.6103515625,12838.16015625,12742.6396484375,12814.0703125,20797200
2024-10-29,12783.3603515625,12826.48046875,12720.2099609375,12771.6103515625,28741300
2024-10-30,12694.83984375,12786.330078125,12681.7998046875,12783.3603515625,22662000
2024-10-31,12638.900390625,12715.9296875,12636.8701171875,12694.83984375,43100700
2024-11-01,12559.2802734375,12638.900390625,12551.669921875,12638.900390625,17987000
2024-11-04,12557.490234375,12590.599609375,12551.75,12590.599609375,1752100
2024-11-05,12606.33984375,12658.2998046875,12565.0400390625,12658.2998046875,2843900
2024-11-06,12630.41015625,12667.1796875,12620.3603515625,12649.169921875,2678200
2024-11-07,12611.4501953125,12628.009765625,12581.3798828125,12581.3798828125,1342200
2024-11-08,12770.330078125,12770.6298828125,12581.3798828125,12581.3798828125,24259700
2024-11-11,12640.7197265625,12686.330078125,12621.0498046875,12686.330078125,1432300
2024-11-12,12660.2197265625,12751.4697265625,12659.6396484375,12749.3603515625,1947100
2024-11-13,12614.6396484375,12675.5,12594.33984375,12674.490234375,1916000
2024-11-14,12701.259765625,12709.08984375,12667.08984375,12692.9404296875,2358500
2024-11-15,12684.8798828125,12761.2802734375,12667.08984375,12692.9404296875,31846600
2024-11-18,12786.08984375,12787.6904296875,12746.5498046875,12764.650390625,1397000
2024-11-19,12791.5302734375,12824.3203125,12783.7197265625,12816.3203125,3778600
2024-11-20,12708.23046875,12740.900390625,12701.0703125,12737.0595703125,1747700
2024-11-21,12810.7802734375,12865.91015625,12765.240234375,12765.240234375,2698300
2024-11-22,13041.900390625,13054.6904296875,12765.240234375,12765.240234375,34540000
2024-11-25,13112.849609375,13196.080078125,13090.2998046875,13196.080078125,2522500
2024-11-26,13083.5498046875,13116.6201171875,13052.830078125,13113.759765625,2148900
2024-11-27,13089.080078125,13215.8701171875,13063.849609375,13212.919921875,2968200
2024-11-28,13033.76953125,13067.01953125,13010.8701171875,13053.5595703125,1533500
2024-11-29,13066.919921875,13117.759765625,12995.900390625,13053.5595703125,30208000
2024-12-02,13084.580078125,13116.08984375,13037.8896484375,13114.6796875,1851800
2024-12-03,12977.599609375,13094.2900390625,12947.1298828125,13093.1796875,3609500
2024-12-04,12914.580078125,12915.9697265625,12876.9404296875,12896.669921875,331544600
2024-12-05,12886.169921875,12896.9501953125,12863.8896484375,12896.9501953125,2875000
2024-12-06,12809.58984375,12896.9501953125,12809.58984375,12896.9501953125,25651800
2024-12-09,12812.26953125,12858.73046875,12801.7998046875,12801.7998046875,1707900
2024-12-10,12716.3603515625,12778.490234375,12716.3603515625,12723.3701171875,1788700
2024-12-11,12754.990234375,12779.5400390625,12711.91015625,12761.1904296875,3079100
2024-12-12,12697.76953125,12713.490234375,12684.0302734375,12692.7197265625,2036400
2024-12-13,12754.259765625,12754.4296875,12671.6298828125,12692.7197265625,25940000
2024-12-16,12754.2998046875,12804.849609375,12741.26953125,12797.330078125,2070800
2024-12-17,12874.16015625,12914.2998046875,12873.830078125,12914.2998046875,1168300
2024-12-18,12723.9697265625,12865.5498046875,12689.91015625,12865.5498046875,2169700
2024-12-19,12704.41015625,12777.2998046875,12698.7802734375,12754.150390625,1952400
2024-12-20,12904.1103515625,12904.1103515625,12698.7099609375,12754.150390625,66055500
2024-12-23,12984.4697265625,13001.6103515625,12944.099609375,12988.0302734375,1190600
2024-12-24,13074.740234375,13074.740234375,12944.099609375,12988.0302734375,6614000
2024-12-27,13205.099609375,13205.099609375,13034.9296875,13074.740234375,11374900
2024-12-30,13202.349609375,13270.009765625,13165.7998046875,13270.009765625,3415000
2024-12-31,13110.740234375,13270.009765625,13110.740234375,13270.009765625,14124800
2025-01-03,13067.830078125,13134.169921875,13003.2802734375,13110.740234375,11842600
2025-01-06,13047.23046875,13072.9296875,13000.9697265625,13072.9296875,1821100
2025-01-07,13013.51953125,13042.0595703125,12981.849609375,13042.0595703125,952500
2025-01-08,13011.91015625,13043.5703125,12978.599609375,13043.1103515625,837000
2025-01-09,12940.3095703125,12950.900390625,12925.650390625,12943.740234375,916900
2025-01-10,12895.98046875,12968.51953125,12895.98046875,12943.740234375,13226900
2025-01-13,12808.830078125,12827.330078125,12795.8203125,12827.330078125,1433500
2025-01-14,12884.3798828125,12895.4697265625,12795.8203125,12827.330078125,14149400
2025-01-15,12941.75,12956.919921875,12910.2900390625,12943.5703125,1573800
2025-01-16,13004.2197265625,13013.2900390625,12989.76953125,13000.669921875,1916200
2025-01-17,13130.4296875,13130.4296875,12989.76953125,13000.669921875,30439700
2025-01-20,13025.2900390625,13088.3095703125,13019.23046875,13088.3095703125,1290300
2025-01-21,13066.650390625,13096.669921875,13038.83984375,13052.900390625,1072600
2025-01-22,13050.400390625,13065.419921875,12997.4404296875,13037.1396484375,2777000
2025-01-23,13038.759765625,13060.080078125,13016.8798828125,13060.080078125,1424300
2025-01-24,13024.7001953125,13072.6904296875,13004.0302734375,13060.080078125,14599600
2025-01-27,12922.3203125,12999.7197265625,12875.9599609375,12999.7197265625,3096600
2025-01-28,12966.3095703125,12976.76953125,12951.900390625,12957.150390625,1197600
2025-01-29,12974.419921875,13003.0400390625,12969.830078125,13003.0400390625,1775700
2025-01-30,12918.5703125,12941.7900390625,12906.0302734375,12928.3798828125,1860600
2025-01-31,12995.009765625,12995.009765625,12906.0302734375,12928.3798828125,23546600
2025-02-03,12826.0595703125,12850.1396484375,12810.3203125,12810.3203125,3398700
2025-02-04,12847.8701171875,12905.0400390625,12841.599609375,12905.0400390625,1676500
2025-02-05,12844.58984375,12905.0400390625,12817.8701171875,12905.0400390625,22899400
2025-02-07,12902.1904296875,12902.1904296875,12806.7802734375,12844.58984375,24287300
2025-02-10,12876.3701171875,12888.759765625,12863.9296875,12876.349609375,2288900
2025-02-11,12903.25,12919.98046875,12882.6796875,12917.4501953125,2231100
2025-02-12,12893.6796875,12913.9501953125,12879.240234375,12913.9501953125,3090900
2025-02-13,12917.33984375,12921.4501953125,12894.5595703125,12905.98046875,2201400
2025-02-14,12989.1796875,12989.1796875,12894.5595703125,12905.98046875,26547000
2025-02-17,13077.2099609375,13099.16015625,13053.98046875,13068.9296875,2725800
2025-02-18,13074.3798828125,13107.169921875,13051.1201171875,13051.1201171875,2627900
2025-02-19,12999.400390625,13033.3603515625,12969.7998046875,13033.3603515625,4274900
2025-02-20,12780.8798828125,12880.3603515625,12775.669921875,12880.3603515625,5309300
2025-02-21,12752.580078125,12880.3603515625,12752.580078125,12880.3603515625,43209700
2025-02-24,12484.740234375,12532.2001953125,12453.240234375,12531.7197265625,2615300
2025-02-25,12450.5,12450.5,12307.26953125,12307.26953125,19242200
2025-02-26,12484.650390625,12484.650390625,12417.169921875,12452.4599609375,4877900
2025-02-27,12553.0,12585.7802734375,12540.8701171875,12540.8701171875,1847200
2025-02-28,12601.419921875,12601.419921875,12507.5703125,12540.8701171875,211066500
2025-03-03,12386.580078125,12550.0498046875,12386.580078125,12550.0498046875,2570000
2025-03-04,12435.2001953125,12477.1904296875,12384.76953125,12469.7099609375,1821500
2025-03-05,12385.349609375,12444.7197265625,12385.099609375,12412.0703125,2678000
2025-03-06,12387.2197265625,12449.33984375,12379.0,12428.83984375,1495500
2025-03-07,12399.7802734375,12476.1904296875,12353.740234375,12428.83984375,22777300
2025-03-10,12515.9697265625,12515.9697265625,12386.8203125,12399.7802734375,25750500
2025-03-11,12410.9697265625,12517.349609375,12339.91015625,12515.9697265625,31750100
2025-03-12,12249.5498046875,12417.08984375,12249.5498046875,12410.9697265625,31351600
2025-03-13,12209.0498046875,12297.7998046875,12197.48046875,12249.5498046875,46219600
2025-03-14,12266.25,12266.25,12136.73046875,12209.0498046875,30858700
2025-03-17,12166.1396484375,12314.9501953125,12166.1396484375,12266.25,36233800
2025-03-18,12076.849609375,12215.25,12076.849609375,12166.1396484375,31213500
2025-03-19,12045.9296875,12166.0595703125,12016.3798828125,12076.849609375,34823400
2025-03-20,12054.7197265625,12133.5400390625,12038.76953125,12045.9296875,87056600
2025-03-21,12113.5400390625,12190.25,12054.7197265625,12054.7197265625,169387800
2025-03-24,12128.2099609375,12172.6298828125,12084.3701171875,12113.5400390625,18749600
2025-03-25,12184.509765625,12221.759765625,12128.2099609375,12128.2099609375,29444900
2025-03-26,12334.1796875,12381.0498046875,12184.509765625,12184.509765625,39521800
2025-03-27,12312.6904296875,12321.6103515625,12273.6298828125,12305.7900390625,1177800
2025-03-28,12287.4599609375,12382.41015625,12273.6298828125,12305.7900390625,20393000
2025-03-31,12245.5,12270.0,12239.76953125,12270.0,68833000
2025-04-01,12312.599609375,12312.599609375,12166.4697265625,12270.0,93320700
2025-04-02,12320.1904296875,12392.4501953125,12280.8603515625,12312.599609375,15890100
2025-04-03,12338.5703125,12338.5703125,12115.8603515625,12320.1904296875,21929300
2025-04-04,12225.2802734375,12338.5703125,12153.1103515625,12338.5703125,21111800
2025-04-07,11775.8798828125,12225.2802734375,11767.669921875,12225.2802734375,29936900
2025-04-08,11891.4404296875,11941.3896484375,11738.1201171875,11775.8798828125,21794800
2025-04-09,11806.5498046875,11893.080078125,11781.2900390625,11891.4404296875,29886900
2025-04-10,12201.4296875,12325.580078125,11806.5498046875,11806.5498046875,24745600
2025-04-11,12019.1298828125,12201.4296875,12000.8603515625,12201.4296875,18794800
2025-04-14,12107.5400390625,12175.7099609375,12018.83984375,12019.1298828125,18705300
2025-04-15,12011.33984375,12115.25,12011.33984375,12107.5400390625,18272500
2025-04-16,12067.919921875,12110.33984375,12011.33984375,12011.33984375,35246300
2025-04-17,12118.990234375,12153.2197265625,12031.26953125,12067.919921875,27813100
2025-04-22,11836.6904296875,12118.990234375,11836.6904296875,12118.990234375,24125500
2025-04-23,11956.4697265625,12031.0302734375,11836.6904296875,11836.6904296875,69336200
2025-04-24,12017.83984375,12059.1201171875,11956.4697265625,11956.4697265625,25386200
2025-04-28,12098.8896484375,12159.349609375,12006.1796875,12017.83984375,41510900
2025-04-29,12025.4501953125,12120.830078125,12025.4501953125,12098.8896484375,49520900
2025-04-30,11903.3095703125,12071.5400390625,11901.830078125,12025.4501953125,89316400
2025-05-01,12191.150390625,12191.150390625,12148.599609375,12148.599609375,1041300
2025-05-02,12327.8896484375,12327.8896484375,12148.599609375,12148.599609375,23022100
2025-05-05,12421.25,12421.25,12327.8896484375,12327.8896484375,21763600
2025-05-06,12421.08984375,12449.1298828125,12372.7099609375,12421.25,27035100
2025-05-07,12496.8896484375,12497.3603515625,12410.2802734375,12421.08984375,37245100
2025-05-08,12467.0302734375,12590.8896484375,12466.9697265625,12496.8896484375,32085900
2025-05-09,12605.0703125,12655.0400390625,12467.0302734375,12467.0302734375,35124200
2025-05-12,12676.75,12715.8203125,12605.0703125,12605.0703125,25302100
2025-05-13,12786.740234375,12811.9697265625,12676.75,12676.75,40864600
2025-05-14,12779.259765625,12826.599609375,12766.330078125,12786.740234375,28855900
2025-05-15,12880.8203125,12880.8203125,12747.8701171875,12779.259765625,21144900
2025-05-16,12786.7900390625,12880.8203125,12764.1796875,12880.8203125,19897500
2025-05-19,12629.0703125,12786.7900390625,12629.0703125,12786.7900390625,22260100
2025-05-20,12644.23046875,12720.0302734375,12604.400390625,12629.0703125,24652900
2025-05-21,12703.099609375,12745.080078125,12644.23046875,12644.23046875,28668700
2025-05-22,12662.25,12717.91015625,12622.0703125,12703.099609375,22889900
2025-05-23,12596.5,12666.6103515625,12588.7099609375,12662.25,35763200
2025-05-26,12547.2197265625,12606.16015625,12514.900390625,12596.5,23094500
2025-05-27,12582.330078125,12596.5,12506.7802734375,12547.2197265625,28248000
2025-05-28,12362.259765625,12606.98046875,12339.98046875,12582.330078125,35112200
2025-05-29,12281.3095703125,12370.490234375,12253.490234375,12362.259765625,60398500
2025-05-30,12418.8896484375,12418.8896484375,12281.3095703125,12281.3095703125,67656100
2025-06-03,12327.23046875,12485.419921875,12327.23046875,12418.8896484375,31014400
2025-06-04,12494.7099609375,12494.7099609375,12327.23046875,12327.23046875,35038500
2025-06-05,12577.150390625,12579.1298828125,12484.91015625,12494.7099609375,30725200
2025-06-06,12563.48046875,12630.23046875,12542.8798828125,12577.150390625,24848700
2025-06-09,12539.259765625,12593.16015625,12516.26953125,12563.48046875,13516500
2025-06-10,12564.419921875,12610.6103515625,12513.3896484375,12539.259765625,25487300
2025-06-11,12605.9296875,12654.5302734375,12564.419921875,12564.419921875,27822800
2025-06-12,12649.099609375,12649.099609375,12551.8095703125,12605.9296875,28256800
2025-06-13,12552.8701171875,12671.1103515625,12505.6298828125,12649.099609375,20865400
2025-06-16,12690.1298828125,12690.1298828125,12517.349609375,12552.8701171875,44748000
2025-06-17,12639.349609375,12732.4296875,12635.98046875,12690.1298828125,26934800
2025-06-18,12627.3203125,12654.7900390625,12602.0595703125,12639.349609375,21931900
2025-06-19,12569.0498046875,12631.5302734375,12555.4599609375,12627.3203125,98997400
2025-06-23,12532.650390625,12584.26953125,12456.4599609375,12569.0498046875,26643000
2025-06-24,12467.48046875,12598.16015625,12458.5703125,12532.650390625,21264300
2025-06-25,12460.9599609375,12506.1796875,12429.9296875,12467.48046875,26096200
2025-06-26,12480.0498046875,12493.8603515625,12421.580078125,12460.9599609375,33270100
2025-06-27,12583.58984375,12583.58984375,12473.080078125,12480.0498046875,24704600
2025-06-30,12602.8203125,12602.8203125,12527.9697265625,12583.58984375,32032500
2025-07-01,12745.2900390625,12755.599609375,12727.4599609375,12734.5302734375,1153600
2025-07-02,12784.2900390625,12838.900390625,12727.4599609375,12734.5302734375,20981200
2025-07-03,12704.48046875,12784.2900390625,12669.9599609375,12784.2900390625,21336600
2025-07-04,12766.599609375,12782.3203125,12667.8798828125,12704.48046875,18052700
2025-07-07,12764.9501953125,12784.01953125,12716.3203125,12766.599609375,21589900
2025-07-08,12859.01953125,12859.01953125,12694.6201171875,12764.9501953125,32997500
2025-07-09,12768.6103515625,12860.009765625,12719.009765625,12859.01953125,23604900
2025-07-10,12760.2001953125,12831.650390625,12720.1396484375,12768.6103515625,19887700
2025-07-11,12686.6796875,12808.41015625,12682.48046875,12760.2001953125,17440800
2025-07-14,12678.6904296875,12686.6796875,12614.759765625,12686.6796875,18255800
2025-07-15,12689.6298828125,12743.9697265625,12645.3203125,12678.6904296875,19975100
2025-07-16,12754.58984375,12789.759765625,12689.6298828125,12689.6298828125,18416600
2025-07-17,12905.41015625,12920.4296875,12754.58984375,12754.58984375,17877200
2025-07-18,12880.400390625,12906.490234375,12825.2099609375,12905.41015625,32093300
2025-07-21,12961.509765625,12967.16015625,12862.0595703125,12880.400390625,18269000
2025-07-22,12833.740234375,12966.509765625,12805.48046875,12961.509765625,25564200
2025-07-23,12794.0595703125,12858.919921875,12709.1904296875,12833.740234375,27121000
2025-07-24,12805.1298828125,12844.76953125,12783.26953125,12794.0595703125,18551100
2025-07-25,12853.4599609375,12893.4404296875,12783.9296875,12805.1298828125,17795300
2025-07-28,12910.740234375,12955.6796875,12852.3095703125,12853.4599609375,15122800
2025-07-29,12936.41015625,12941.4501953125,12872.5498046875,12910.740234375,19092700
2025-07-30,12855.9697265625,12982.75,12855.9697265625,12936.41015625,19278900
2025-07-31,12823.740234375,12882.6796875,12804.240234375,12855.9697265625,27045800
2025-08-01,12729.400390625,12833.2998046875,12729.400390625,12823.740234375,17625500
2025-08-04,12684.0400390625,12750.2001953125,12684.0400390625,12729.400390625,24888500
2025-08-05,12877.0400390625,12877.0400390625,12684.0400390625,12684.0400390625,23655800
2025-08-06,12880.16015625,12925.5400390625,12839.8701171875,12877.0400390625,25045900
2025-08-07,12887.099609375,12944.16015625,12868.9296875,12880.16015625,21199400
2025-08-08,12844.6298828125,12944.8603515625,12844.6298828125,12887.099609375,18493300
2025-08-11,12911.8603515625,12944.48046875,12842.4501953125,12844.6298828125,19207700
2025-08-12,12759.6796875,12943.6396484375,12759.6796875,12911.8603515625,27928100
2025-08-13,12766.5400390625,12866.1796875,12759.6796875,12759.6796875,28300700
2025-08-14,12834.080078125,12846.7998046875,12763.080078125,12766.5400390625,23724100
2025-08-15,12889.3798828125,12901.419921875,12834.080078125,12834.080078125,13777100
2025-08-18,12970.6396484375,12970.6396484375,12889.3798828125,12889.3798828125,19780500
2025-08-19,12928.6796875,12984.669921875,12860.9599609375,12970.6396484375,24297300
2025-08-20,13071.2998046875,13138.759765625,12915.9501953125,12928.6796875,38311600
2025-08-21,13194.0703125,13231.9404296875,13071.2998046875,13071.2998046875,24084700
2025-08-22,13042.759765625,13194.0703125,13042.759765625,13194.0703125,46351800
2025-08-25,13079.5,13157.240234375,13042.759765625,13042.759765625,21316500
2025-08-26,12957.98046875,13112.33984375,12957.98046875,13079.5,52686600
2025-08-27,12861.83984375,13015.1103515625,12853.169921875,12957.98046875,21403300
2025-08-28,12903.080078125,12927.3701171875,12844.8896484375,12861.83984375,25029000
2025-08-29,12930.73046875,12963.8095703125,12903.080078125,12903.080078125,27021500
2025-09-01,13070.4501953125,13070.4501953125,12925.6796875,12930.73046875,29721600
2025-09-02,13110.8203125,13143.8203125,13102.3095703125,13133.16015625,2045800
2025-09-03,13074.8095703125,13158.7802734375,13046.1103515625,13133.16015625,27087700
2025-09-04,13133.2001953125,13138.16015625,13018.6298828125,13074.8095703125,76657400
2025-09-05,13223.5302734375,13223.5302734375,13133.2001953125,13133.2001953125,25026600
2025-09-08,13281.1396484375,13281.1396484375,13162.5498046875,13223.5302734375,18646300
2025-09-09,13253.73046875,13312.5498046875,13205.8603515625,13281.1396484375,31850400
2025-09-10,13276.240234375,13314.01953125,13215.259765625,13253.73046875,26054500
2025-09-11,13229.150390625,13287.3701171875,13186.73046875,13276.240234375,24599200
2025-09-12,13227.900390625,13299.8203125,13202.33984375,13229.150390625,25195500
2025-09-15,13208.3095703125,13242.650390625,13114.400390625,13227.900390625,19603200
2025-09-16,13234.8896484375,13257.349609375,13175.73046875,13208.3095703125,28364400
2025-09-17,13228.3798828125,13247.509765625,13152.7802734375,13234.8896484375,26681300
2025-09-18,13120.0302734375,13240.8701171875,13104.900390625,13228.3798828125,28517800
2025-09-19,13231.66015625,13276.76953125,13094.4599609375,13120.0302734375,119747200
2025-09-22,13141.5400390625,13245.919921875,13126.1904296875,13231.66015625,18616200
2025-09-23,13136.5400390625,13163.8798828125,13095.4599609375,13141.5400390625,31266900
2025-09-24,13181.3095703125,13181.3095703125,13103.76953125,13136.5400390625,21401300
2025-09-25,13153.7900390625,13209.0,13053.7900390625,13181.3095703125,26462900
2025-09-26,13111.73046875,13171.2197265625,13058.2802734375,13153.7900390625,22331400
2025-09-29,13132.5595703125,13244.8896484375,13107.8896484375,13111.73046875,25731700
2025-09-30,13292.3603515625,13292.3603515625,13120.1298828125,13132.5595703125,51325700
2025-10-01,13433.990234375,13433.990234375,13271.599609375,13292.3603515625,34437400
2025-10-02,13451.759765625,13466.990234375,13391.58984375,13433.990234375,29535500
2025-10-03,13514.08984375,13514.08984375,13407.490234375,13451.759765625,26314100
2025-10-06,13500.150390625,13505.01953125,13438.48046875,13489.240234375,2632400
2025-10-07,13531.2900390625,13577.1796875,13438.48046875,13489.240234375,29101500
2025-10-08,13568.48046875,13626.669921875,13500.1396484375,13531.2900390625,51959600
2025-10-09,13570.8603515625,13626.76953125,13499.8896484375,13568.48046875,33162600
2025-10-10,13467.259765625,13570.8603515625,13452.0498046875,13570.8603515625,22682200
2025-10-13,13351.919921875,13467.7001953125,13315.990234375,13467.259765625,15114400
2025-10-14,13276.990234375,13382.3701171875,13185.83984375,13351.919921875,32688000
2025-10-15,13286.0,13322.2900390625,13275.330078125,13307.400390625,849100
2025-10-16,13389.099609375,13389.099609375,13275.330078125,13307.400390625,26405500
2025-10-17,13289.2099609375,13389.099609375,13274.6103515625,13389.099609375,26700600
2025-10-20,13344.9599609375,13344.9599609375,13246.23046875,13289.2099609375,25725300
2025-10-21,13291.8095703125,13377.849609375,13287.830078125,13377.849609375,1310800
2025-10-22,13306.4404296875,13377.849609375,13287.830078125,13377.849609375,24357400
2025-10-23,13377.099609375,13377.099609375,13267.2802734375,13306.4404296875,33207200
2025-10-24,13391.58984375,13426.0703125,13352.599609375,13377.099609375,27262700
2025-10-28,13413.98046875,13417.2001953125,13402.66015625,13402.66015625,1329300
2025-10-29,13409.2099609375,13478.4501953125,13384.3095703125,13402.66015625,20408000
2025-10-30,13459.2900390625,13503.169921875,13388.0703125,13409.2099609375,21871300
2025-10-31,13548.3203125,13573.849609375,13439.5595703125,13459.2900390625,28265600
2025-11-03,13562.2900390625,13564.740234375,13554.0400390625,13556.2998046875,3351600
2025-11-04,13569.4697265625,13605.9599609375,13564.0703125,13605.9599609375,6437300
2025-11-05,13625.1396484375,13635.2197265625,13603.4599609375,13620.98046875,15363200
2025-11-06,13576.8095703125,13677.7802734375,13552.3095703125,13620.98046875,38202900
2025-11-07,13599.2099609375,13659.5595703125,13521.7001953125,13576.8095703125,17337200
2025-11-10,13569.01953125,13617.48046875,13565.1904296875,13617.48046875,2112800
2025-11-11,13570.08984375,13605.7099609375,13539.8701171875,13604.5498046875,1770700
2025-11-12,13681.5498046875,13725.6201171875,13671.73046875,13671.73046875,4137500
2025-11-13,13540.080078125,13597.8701171875,13527.76953125,13597.8701171875,3961300
2025-11-14,13464.4599609375,13597.8701171875,13464.4599609375,13597.8701171875,24994500
2025-11-17,13463.76953125,13499.0400390625,13428.1796875,13499.0400390625,5602800
2025-11-18,13355.26953125,13380.0595703125,13326.330078125,13342.8203125,6078800
2025-11-19,13377.6298828125,13378.7099609375,13326.900390625,13326.900390625,1575500
2025-11-20,13296.0498046875,13439.400390625,13292.26953125,13439.400390625,1457500
2025-11-21,13419.400390625,13439.400390625,13255.1904296875,13439.400390625,28149700
2025-11-24,13518.6201171875,13563.240234375,13499.849609375,13499.849609375,2172800
2025-11-25,13572.01953125,13613.2802734375,13480.4296875,13480.4296875,2752900
2025-11-26,13576.759765625,13609.0595703125,13562.009765625,13562.009765625,3021800
2025-11-27,13434.5,13462.8203125,13432.2001953125,13432.2001953125,1371800
2025-11-28,13489.150390625,13548.509765625,13421.08984375,13432.2001953125,25606000
2025-12-01,13462.1298828125,13467.1904296875,13438.099609375,13448.490234375,3065800
2025-12-02,13482.4404296875,13523.1904296875,13466.3798828125,13502.76953125,1944100
2025-12-03,13553.66015625,13596.900390625,13552.599609375,13582.5400390625,2403300
2025-12-04,13462.1796875,13515.6201171875,13451.91015625,13515.6201171875,2558500
2025-12-05,13483.990234375,13515.6201171875,13445.509765625,13515.6201171875,28414100
2025-12-08,13508.080078125,13523.2802734375,13483.830078125,13486.3203125,3286000
2025-12-09,13424.6201171875,13454.7802734375,13390.900390625,13454.7802734375,4862100
2025-12-10,13415.7900390625,13425.5595703125,13371.0595703125,13371.0595703125,1820500
2025-12-11,13437.4697265625,13444.599609375,13394.8701171875,13395.8701171875,2062200
2025-12-12,13406.91015625,13471.9697265625,13380.080078125,13395.8701171875,18631700
2025-12-15,13401.91015625,13410.080078125,13360.4404296875,13408.1396484375,3695000
2025-12-16,13396.3095703125,13424.9501953125,13379.8603515625,13424.9501953125,2210700
2025-12-17,13290.0595703125,13299.1103515625,13260.4404296875,13295.91015625,2815700
2025-12-18,13359.0703125,13359.0703125,13256.76953125,13256.76953125,4093300
2025-12-19,13333.400390625,13410.1103515625,13256.76953125,13256.76953125,94685100
2025-12-22,13536.7900390625,13541.01953125,13488.2802734375,13508.2998046875,2419200
2025-12-23,13543.6904296875,13569.0498046875,13508.5,13517.73046875,2652600
2025-12-24,13529.0595703125,13569.0498046875,13508.5,13517.73046875,6873800
2025-12-29,13540.91015625,13549.1298828125,13524.58984375,13525.990234375,1040000
2025-12-30,13548.9697265625,13558.0400390625,13540.5498046875,13548.1298828125,595300
2025-12-31,13548.419921875,13590.7001953125,13522.1201171875,13548.1298828125,8305900
2026-01-05,13570.150390625,13587.23046875,13556.3203125,13587.23046875,1165400
2026-01-06,13662.51953125,13680.4599609375,13656.9697265625,13663.580078125,972800
2026-01-07,13668.9599609375,13715.01953125,13667.8896484375,13715.01953125,766300
2026-01-08,13732.48046875,13736.6298828125,13708.3701171875,13716.8603515625,1583300
2026-01-09,13696.25,13752.6298828125,13689.009765625,13716.8603515625,16869300
2026-01-12,13691.2099609375,13704.1103515625,13683.2900390625,13683.2900390625,1346300
2026-01-13,13597.759765625,13661.5595703125,13551.8701171875,13656.0498046875,2542700
2026-01-14,13722.1298828125,13757.7099609375,13718.259765625,13757.7099609375,1084900
2026-01-15,13715.9296875,13728.16015625,13654.4599609375,13659.7900390625,2275300
2026-01-16,13718.099609375,13749.4697265625,13654.4599609375,13659.7900390625,35566600
2026-01-19,13580.7001953125,13613.509765625,13573.919921875,13580.2900390625,1165900
2026-01-20,13479.7900390625,13573.9296875,13457.76953125,13573.9296875,3401200
2026-01-21,13466.5,13469.48046875,13417.169921875,13417.169921875,2170600
2026-01-22,13511.23046875,13556.8701171875,13508.5302734375,13556.8701171875,2419300
2026-01-23,13448.240234375,13556.8701171875,13430.330078125,13556.8701171875,19834100
2026-01-26,13428.8203125,13471.25,13422.1201171875,13460.740234375,2164700
2026-01-27,13499.099609375,13534.080078125,13492.6796875,13510.8798828125,2155200
2026-01-28,13414.1796875,13432.41015625,13403.150390625,13412.8701171875,1876200
2026-01-29,13339.76953125,13358.240234375,13310.4296875,13348.6103515625,2803500
2026-01-30,13423.1796875,13428.3603515625,13310.4296875,13348.6103515625,31755000
2026-02-02,13451.2998046875,13457.849609375,13407.490234375,13412.4404296875,1370400
2026-02-03,13306.1796875,13421.51953125,13304.5302734375,13421.51953125,1537000
2026-02-04,13425.0,13467.2900390625,13390.58984375,13467.2900390625,2092800
2026-02-05,13444.01953125,13493.9404296875,13390.58984375,13467.2900390625,23878300
2026-02-09,13433.1298828125,13447.080078125,13399.8203125,13446.3701171875,1572600
2026-02-10,13460.7802734375,13513.6796875,13413.759765625,13513.6796875,1532700
2026-02-11,13534.8896484375,13538.919921875,13483.41015625,13507.2802734375,1455000
2026-02-12,13463.6103515625,13531.48046875,13437.599609375,13531.48046875,1417600
2026-02-13,13198.1796875,13531.48046875,13198.1796875,13531.48046875,21682400
2026-02-16,13091.6201171875,13136.8603515625,13081.759765625,13117.91015625,1830900
2026-02-17,13094.5,13100.73046875,13022.2998046875,13031.6201171875,946400
2026-02-18,13277.0302734375,13285.9404296875,13239.0498046875,13247.01953125,6637300
2026-02-19,13404.759765625,13444.2001953125,13356.5302734375,13444.2001953125,1575600
2026-02-20,13308.51953125,13444.2001953125,13276.6103515625,13444.2001953125,34183100
2026-02-23,13382.7099609375,13420.91015625,13380.6904296875,13420.4296875,1352100
2026-02-24,13556.849609375,13576.919921875,13532.3095703125,13532.3095703125,3371400
2026-02-25,13517.48046875,13540.2099609375,13504.7001953125,13525.580078125,5455700
2026-02-26,13646.7802734375,13671.7998046875,13639.990234375,13670.7099609375,2262900
2026-02-27,13722.9697265625,13722.9697265625,13635.0703125,13670.7099609375,56282900
2026-03-02,13599.25,13656.650390625,13597.16015625,13656.650390625,2255600
2026-03-03,13513.48046875,13626.9599609375,13513.48046875,13620.2099609375,5283700
2026-03-04,13579.830078125,13580.1904296875,13531.1201171875,13531.1201171875,2034200
2026-03-05,13543.3701171875,13617.8896484375,13541.580078125,13617.8896484375,4765200
2026-03-06,13519.349609375,13617.8896484375,13433.2900390625,13617.8896484375,28824300
2026-03-09,13098.830078125,13519.349609375,13062.5595703125,13519.349609375,31562400
2026-03-10,13094.3701171875,13277.419921875,13094.3701171875,13098.830078125,34509600
2026-03-11,13293.1298828125,13293.1298828125,13094.3701171875,13094.3701171875,25115800
2026-03-12,13199.2900390625,13315.66015625,13141.76953125,13293.1298828125,55861500
2026-03-13,13187.33984375,13203.6103515625,13074.849609375,13199.2900390625,28679600
2026-03-16,13164.580078125,13197.509765625,13118.490234375,13187.33984375,18565900
2026-03-17,13182.23046875,13212.66015625,13115.5400390625,13164.580078125,24635600
2026-03-18,13315.599609375,13315.599609375,13142.51953125,13182.23046875,29430900
2026-03-19,13051.6103515625,13339.0595703125,13037.4599609375,13315.599609375,28226100
2026-03-20,12989.990234375,13057.6904296875,12943.3095703125,13051.6103515625,156809300
2026-03-23,12899.7197265625,12989.990234375,12807.2802734375,12989.990234375,30495000
2026-03-24,12701.75,13015.330078125,12701.75,12899.7197265625,35397200
2026-03-25,12929.2998046875,12936.3095703125,12701.75,12701.75,21003600
2026-03-26,12976.990234375,13073.6796875,12914.4404296875,12929.2998046875,22007900
2026-03-27,12935.3896484375,12979.51953125,12861.3203125,12976.990234375,33684300
2026-03-30,12748.919921875,12935.3896484375,12716.2998046875,12935.3896484375,26478100
2026-03-31,12912.1103515625,12912.1103515625,12689.7802734375,12748.919921875,48814000
2026-04-01,12825.8701171875,12979.4296875,12825.8701171875,12912.1103515625,29821400
2026-04-02,12902.150390625,12976.2998046875,12825.8701171875,12825.8701171875,29260900
2026-04-07,13069.66015625,13102.400390625,12902.150390625,12902.150390625,24748300
2026-04-08,13253.9404296875,13366.4697265625,13069.66015625,13069.66015625,34009900
2026-04-09,13273.8095703125,13425.8203125,13222.2998046875,13253.9404296875,24721000
2026-04-10,13181.4404296875,13298.8203125,13136.6904296875,13273.8095703125,28404700
2026-04-13,13020.1796875,13181.4404296875,12960.33984375,13181.4404296875,26268300
2026-04-14,13017.259765625,13137.7099609375,12977.669921875,13020.1796875,26486200
2026-04-15,13076.580078125,13093.0595703125,13017.259765625,13017.259765625,27379200
2026-04-16,13066.0595703125,13162.2802734375,13045.4501953125,13076.580078125,30136700
2026-04-17,12905.669921875,13111.669921875,12905.669921875,13066.0595703125,34203500
2026-04-20,12915.4501953125,12995.5595703125,12872.6904296875,12905.669921875,26277100
2026-04-21,12932.330078125,12975.900390625,12874.8798828125,12915.4501953125,24743100
2026-04-22,12945.599609375,12958.759765625,12850.3896484375,12932.330078125,19810600
2026-04-23,12884.9296875,13013.099609375,12861.900390625,12945.599609375,20511200
2026-04-24,12874.9404296875,12926.2802734375,12847.3896484375,12884.9296875,17396200
2026-04-28,12764.400390625,12874.9404296875,12729.3203125,12874.9404296875,42679900
2026-04-29,12770.2998046875,12783.9697265625,12726.349609375,12764.400390625,28784300
2026-04-30,12903.3095703125,12903.3095703125,12749.490234375,12770.2998046875,60834300
2026-05-01,13039.2001953125,13039.2001953125,12882.3203125,12903.3095703125,29224200
2026-05-04,13024.25,13097.6796875,13017.5595703125,13097.6796875,661400
2026-05-05,13035.7001953125,13097.6796875,12948.759765625,13097.6796875,41844700
2026-05-06,13145.1904296875,13208.740234375,13035.7001953125,13035.7001953125,30575400
2026-05-07,13270.6103515625,13282.9697265625,13145.1904296875,13145.1904296875,43826000
2026-05-08,13175.1298828125,13272.6201171875,13144.3603515625,13270.6103515625,24301700
2026-05-11,13210.48046875,13210.48046875,13052.3798828125,13175.1298828125,29953600
2026-05-12,13080.330078125,13224.16015625,12988.91015625,13210.48046875,25828300
2026-05-13,13063.0595703125,13120.91015625,13018.0595703125,13080.330078125,27633100
2026-05-14,13025.0703125,13067.0400390625,12998.080078125,13063.0595703125,24579900
2026-05-15,12965.009765625,13068.0302734375,12911.1904296875,13025.0703125,26734300
2026-05-18,12762.919921875,12966.08984375,12762.919921875,12965.009765625,28158100
2026-05-19,12974.3203125,12974.3203125,12762.919921875,12762.919921875,24620100
2026-05-20,12761.0302734375,12979.1396484375,12757.849609375,12974.3203125,27578700
2026-05-21,12878.0703125,12900.9697265625,12718.83984375,12761.0302734375,83280400
2026-05-22,12991.3095703125,12991.3095703125,12861.75,12878.0703125,28325500
2026-05-25,12970.2802734375,13101.26953125,12970.2802734375,12991.3095703125,25877600
2026-05-26,13069.740234375,13182.349609375,12970.2802734375,12970.2802734375,24450300
2026-05-27,13227.8095703125,13227.8095703125,13069.740234375,13069.740234375,32247000
2026-05-28,13206.1103515625,13310.5,13194.0302734375,13227.8095703125,43544000
2026-05-29,13244.5498046875,13324.8203125,13180.740234375,13206.1103515625,100195100
2026-06-02,13170.7099609375,13257.1904296875,13128.740234375,13244.5498046875,39028000
2026-06-03,13115.080078125,13202.3896484375,13115.080078125,13170.7099609375,22125700
2026-06-04,13101.6103515625,13127.4599609375,13048.400390625,13115.080078125,29369200
2026-06-05,13161.9697265625,13173.3896484375,13075.0498046875,13101.6103515625,33012400
2026-06-08,13038.240234375,13161.9697265625,12950.0,13161.9697265625,17581900
2026-06-09,13204.080078125,13204.080078125,13022.900390625,13038.240234375,42190700
2026-06-10,13253.650390625,13253.650390625,13107.7197265625,13204.080078125,38043600
2026-06-11,13202.16015625,13253.650390625,13136.490234375,13253.650390625,26939800
2026-06-12,13393.8701171875,13393.8701171875,13202.16015625,13202.16015625,26327600
2026-06-15,13360.58984375,13526.0703125,13338.6201171875,13393.8701171875,46019300
2026-06-16,13426.1298828125,13438.830078125,13343.5595703125,13360.58984375,28114300
2026-06-17,13392.98046875,13433.8701171875,13371.0703125,13426.1298828125,34754600
2026-06-18,13363.3095703125,13420.3603515625,13320.740234375,13392.98046875,29764000
2026-06-19,13495.6298828125,13495.6298828125,13359.490234375,13363.3095703125,131157200
2026-06-22,13446.0498046875,13584.9599609375,13446.0498046875,13495.6298828125,20406800
2026-06-23,13435.76953125,13515.1904296875,13406.900390625,13446.0498046875,26932300
2026-06-24,13400.66015625,13437.5498046875,13351.8603515625,13435.76953125,26891700
2026-06-25,13493.0498046875,13510.1298828125,13400.66015625,13400.66015625,26859600
2026-06-26,13495.240234375,13516.830078125,13450.66015625,13493.0498046875,28204000
2026-06-29,13545.5595703125,13562.3798828125,13410.490234375,13495.240234375,23727400
2026-06-30,13621.66015625,13663.3603515625,13545.5595703125,13545.5595703125,37544300
2026-07-01,13610.5,13669.330078125,13585.009765625,13621.66015625,30000600
2026-07-02,13582.1904296875,13624.599609375,13511.0595703125,13610.5,21423700
2026-07-03,13618.419921875,13637.490234375,13565.08984375,13582.1904296875,14951400
2026-07-06,13763.099609375,13763.099609375,13618.419921875,13618.419921875,26356500
2026-07-07,13762.7900390625,13832.990234375,13724.5498046875,13763.099609375,23442900
2026-07-08,13665.1796875,13777.5595703125,13614.3095703125,13762.7900390625,21936300
2026-07-09,13785.669921875,13785.669921875,13647.7001953125,13665.1796875,26244200
2026-07-13,13723.2001953125,13786.25,13670.41015625,13785.669921875,23924600
2026-07-14,13651.2197265625,13757.7802734375,13571.849609375,13723.2001953125,21109600
2026-07-15,13635.0703125,13684.41015625,13590.3203125,13651.2197265625,19410500
2026-07-16,13614.7802734375,13663.8896484375,13578.16015625,13635.0703125,15945900
2026-07-17,13694.6796875,13694.6796875,13574.8203125,13614.7802734375,43430400
2026-07-20,13696.0302734375,13707.8701171875,13622.580078125,13694.6796875,15199700
2026-07-21,13656.0302734375,13718.5595703125,13635.7802734375,13696.0302734375,23417500
2026-07-22,13763.1796875,13763.1796875,13638.83984375,13656.0302734375,25037800
2026-07-23,13795.3095703125,13832.6103515625,13709.349609375,13763.1796875,32717200
2026-07-24,13772.2900390625,13795.3095703125,13699.4599609375,13795.3095703125,21991900
2026-07-27,13850.6904296875,13850.6904296875,13707.5595703125,13772.2900390625,17804000
2026-07-28,13861.9296875,13900.6904296875,13789.3798828125,13850.6904296875,18132600
2026-07-29,13976.669921875,14000.349609375,13850.5595703125,13861.9296875,20812300
2026-07-30,13762.7802734375,13976.669921875,13721.150390625,13976.669921875,20813200
2026-07-31,13699.2802734375,13943.330078125,13699.2802734375,13762.7802734375,28701200
2026-08-03,13774.9296875,13774.9296875,13673.1396484375,13699.2802734375,17258700
2026-08-04,13903.4599609375,13903.4599609375,13757.75,13774.9296875,32074200
2026-08-05,13997.1796875,13997.1796875,13903.4599609375,13903.4599609375,24439300
2026-08-06,13958.0595703125,14012.5703125,13891.599609375,13997.1796875,36341500
2026-08-07,13824.1298828125,13958.0595703125,13824.1298828125,13958.0595703125,22412000
2026-08-10,13888.240234375,13920.3603515625,13812.990234375,13824.1298828125,23775500
2026-08-11,13860.66015625,13909.4296875,13820.919921875,13888.240234375,24732900
2026-08-12,13737.66015625,13889.6103515625,13737.66015625,13860.66015625,27566000
2026-08-13,13825.2998046875,13864.400390625,13737.66015625,13737.66015625,29982500
2026-08-14,13854.3798828125,13868.759765625,13785.01953125,13825.2998046875,17101500
2026-08-17,13721.98046875,13878.5703125,13721.98046875,13854.3798828125,21213600
2026-08-18,13866.1796875,13866.1796875,13714.3603515625,13721.98046875,18038500
2026-08-19,13929.669921875,13950.6796875,13866.1796875,13866.1796875,23223500
2026-08-20,13919.8203125,14005.4697265625,13898.2099609375,13929.669921875,27608300
2026-08-21,13972.66015625,13972.66015625,13853.23046875,13919.8203125,17297800
2026-08-24,13881.8798828125,14003.669921875,13881.8798828125,13972.66015625,19139600
2026-08-25,13992.7197265625,14018.990234375,13881.8798828125,13881.8798828125,23646300
2026-08-26,14013.2099609375,14069.2197265625,13969.599609375,13992.7197265625,22430100
2026-08-27,13880.0498046875,14049.4296875,13835.900390625,14013.2099609375,36830300
2026-08-31,13917.2998046875,13917.2998046875,13768.1796875,13768.1796875,55413600
2026-09-01,13786.900390625,13922.240234375,13752.4697265625,13917.2998046875,24741700
2026-09-02,13930.5703125,13930.5703125,13682.1201171875,13786.900390625,28908500
2026-09-03,13846.1796875,13973.4697265625,13846.1796875,13954.23046875,0
2026-09-04,13945.51953125,13965.83984375,13846.1796875,13846.1796875,0
