Date,Close,High,Low,Open,Volume
1993-07-12,2826.39697265625,2826.7971187258554,2814.5971801997653,2826.7971187258554,0
1993-07-13,2843.39697265625,2843.697021175221,2820.8969958390494,2826.396990172143,0
1993-07-14,2851.09716796875,2858.3969651552343,2845.3969785135646,2845.3969785135646,0
1993-07-15,2843.697021484375,2848.6970163331853,2834.99707927552,2848.6970163331853,0
1993-07-16,2830.4970703125,2847.997052199258,2818.7971312505706,2843.697007821866,0
1993-07-19,2822.197021484375,2825.1970183701155,2817.3969776391154,2825.1970183701155,0
1993-07-20,2839.9970703125,2840.4970697967096,2829.497081144091,2829.497081144091,0
1993-07-21,2830.4970703125,2832.2971172774983,2818.997082215488,2832.2971172774983,0
1993-07-22,2838.89697265625,2849.896961304472,2814.097193561649,2830.49707898103,0
1993-07-23,2855.89697265625,2865.997059951447,2844.6970329736982,2844.6970329736982,0
1993-07-26,2872.9970703125,2877.097163787753,2861.3969844852304,2861.3969844852304,0
1993-07-27,2876.59716796875,2878.097166441068,2857.797138287627,2872.9970739790374,0
1993-07-28,2901.89697265625,2913.797107126527,2896.297124794101,2896.297124794101,0
1993-07-29,2963.197021484375,2963.7971185473143,2892.3970426555825,2901.897033263023,0
1993-07-30,2981.197021484375,3044.497008106219,2973.697028854782,2973.697028854782,0
1993-08-02,3019.69677734375,3033.0969097440234,2999.3967498518064,2999.3967498518064,0
1993-08-03,2993.9970703125,3016.297097319592,2983.297129610736,3016.297097319592,0
1993-08-04,2985.797119140625,2991.297113743987,2970.3969877669792,2991.297113743987,0
1993-08-05,2981.197021484375,2985.997065595392,2970.3969832696835,2985.797114620013,0
1993-08-06,2993.797119140625,2995.896970601365,2976.896989194478,2981.19703381464,0
1993-08-09,2989.297119140625,3001.697009331752,2979.396982358968,2993.797114730364,0
1993-08-10,3002.89697265625,3002.89697265625,2986.2971353357643,2989.2971324089062,0
1993-08-11,3032.396728515625,3036.096919955356,3008.6968021490443,3008.6968021490443,0
1993-08-12,3086.996826171875,3087.3967281044747,3058.596953026832,3058.596953026832,0
1993-08-13,3112.69677734375,3118.096918321929,3065.9968737889344,3086.9968523765297,0
1993-08-16,3113.896728515625,3114.9968250506054,3094.996845435513,3112.6967785667944,0
1993-08-17,3166.996826171875,3167.7968741982263,3105.7969363319,3113.896781730208,0
1993-08-18,3206.69677734375,3209.296872426556,3177.496855072498,3177.496855072498,0
1993-08-19,3231.19677734375,3253.596901825706,3197.8967612244123,3206.6968014087383,0
1993-08-20,3229.896728515625,3236.1967711530715,3198.0969550758778,3231.19677606627,0
1993-08-23,3219.796875,3234.3967141242265,3200.396747638779,3229.8967185599763,0
1993-08-24,3250.896728515625,3258.496818751959,3214.6968126854786,3219.7969053625434,0
1993-08-25,3300.696533203125,3312.996569294199,3279.3965064318068,3279.3965064318068,0
1993-08-26,3330.99658203125,3338.196525815192,3257.9966569372,3300.696564294275,0
1993-08-27,3363.396484375,3386.996558048257,3342.796651793447,3342.796651793447,0
1993-08-30,3379.0966796875,3380.996580109494,3341.1965715392244,3363.3965002557898,0
1993-08-31,3360.196533203125,3436.796552942363,3341.996600544096,3379.096660462421,0
1993-09-01,3264.396484375,3336.796555053272,3262.596681571974,3336.796555053272,0
1993-09-02,3288.896484375,3294.0966742832297,3229.79669227853,3264.3965098364724,0
1993-09-03,3269.296630859375,3318.5966281455726,3264.196538535145,3288.89646388386,0
1993-09-06,3253.0966796875,3260.696525218108,3231.996604200711,3260.696525218108,0
1993-09-07,3271.896484375,3285.296616861,3253.896503178582,3253.896503178582,0
1993-09-08,3261.99658203125,3270.6965240871955,3250.2966431187456,3270.6965240871955,0
1993-09-09,3232.096923828125,3279.496779626552,3222.496835598892,3261.9967968110423,0
1993-09-10,3183.19677734375,3228.896682950221,3163.4968458138264,3228.896682950221,0
1993-09-13,3137.896728515625,3195.596865467276,3128.196787154764,3183.1967315250263,0
1993-09-14,3181.496826171875,3183.096922231886,3153.696805076762,3153.696805076762,0
1993-09-15,3117.69677734375,3174.596865903601,3107.0969346188085,3174.596865903601,0
1993-09-16,3120.596923828125,3125.196772665437,3073.696825043872,3117.696780293365,0
1993-09-17,3139.19677734375,3160.0969026974312,3134.396733368623,3134.396733368623,0
1993-09-20,3187.496826171875,3193.896722143173,3152.696811994534,3152.696811994534,0
1993-09-21,3170.096923828125,3191.596902302841,3165.9968302767943,3187.4968087515103,0
1993-09-22,3130.996826171875,3146.2968594906656,3106.3967534522208,3146.2968594906656,0
1993-09-23,3112.19677734375,3153.196735531863,3108.6967809130574,3130.996806999545,0
1993-09-24,3101.796875,3107.9968198279525,3087.496840803991,3107.9968198279525,0
1993-09-27,3147.396728515625,3153.7968685461124,3124.3967517087526,3124.3967517087526,0
1993-09-28,3171.896728515625,3196.7968500847164,3170.296876600826,3170.296876600826,0
1993-09-29,3171.496826171875,3177.7968686953263,3148.896751132313,3171.896728115429,0
1993-09-30,3177.296875,3189.496813985256,3165.8967399033145,3171.496831965586,0
1993-10-01,3180.296875,3181.696775946697,3162.696794908032,3177.296877993895,0
1993-10-04,3167.596923828125,3178.09691330748,3157.396738735876,3178.09691330748,0
1993-10-05,3210.396728515625,3214.396724561192,3189.1967983021987,3189.1967983021987,0
1993-10-06,3242.496826171875,3253.4968154048406,3229.39674133828,3229.39674133828,0
1993-10-07,3237.69677734375,3256.4968077427047,3231.3967346913896,3242.496821466519,0
1993-10-08,3259.696533203125,3260.5966787436487,3229.396516146213,3237.696556271296,0
1993-10-11,3285.196533203125,3286.796629194611,3239.896531505816,3259.696559733688,0
1993-10-13,3291.296630859375,3318.6965047487124,3287.696536941776,3287.696536941776,0
1993-10-14,3316.896484375,3319.5966769050274,3296.99660253752,3296.99660253752,0
1993-10-15,3339.196533203125,3360.996559716957,3332.496588889247,3332.496588889247,0
1993-10-18,3355.99658203125,3370.7966157860424,3351.196538091807,3351.196538091807,0
1993-10-19,3352.396484375,3357.0966748953747,3342.996591615003,3355.996578360739,0
1993-10-20,3382.796630859375,3383.6965322938668,3366.1965499758026,3366.1965499758026,0
1993-10-21,3407.796630859375,3408.796629856391,3385.0967024551865,3385.0967024551865,0
1993-10-22,3478.0966796875,3482.6965286827963,3426.296681763876,3426.296681763876,0
1993-10-25,3456.5966796875,3465.596670788085,3435.79665142696,3465.596670788085,0
1993-10-26,3436.696533203125,3477.796589983287,3427.8964931270857,3456.596659895816,0
1993-10-27,3396.5966796875,3419.0966570459486,3388.9965896791614,3419.0966570459486,0
1993-10-28,3429.296630859375,3430.7966293643312,3378.896534608611,3396.596712279402,0
1993-10-29,3449.5966796875,3458.9965727175404,3437.7966425512222,3437.7966425512222,0
1993-11-02,3436.796630859375,3457.5966590014214,3432.4965863077377,3449.596666957587,0
1993-11-03,3450.49658203125,3450.49658203125,3433.396501313878,3436.796644430164,0
1993-11-04,3427.99658203125,3434.6965265227795,3414.896497436763,3434.6965265227795,0
1993-11-05,3348.196533203125,3378.1965025779937,3338.196543411502,3378.1965025779937,0
1993-11-08,3341.796630859375,3370.896454611882,3332.7966400645096,3348.196526657352,0
1993-11-09,3364.296630859375,3365.496580812157,3331.596712909094,3341.796653718304,0
1993-11-10,3358.196533203125,3373.796614981629,3341.596696582796,3364.296624650709,0
1993-11-11,3358.396484375,3362.1965293356734,3343.696548163813,3358.1965334066226,0
1993-11-12,3354.196533203125,3355.696531674608,3323.496613314857,3355.696531674608,0
1993-11-15,3371.696533203125,3381.996571589857,3347.5967041180684,3354.196550943272,0
1993-11-16,3405.5966796875,3413.096672160261,3393.596691731082,3393.596691731082,0
1993-11-17,3445.49658203125,3457.6965211006577,3438.89649092236,3438.89649092236,0
1993-11-18,3435.696533203125,3477.8964423928373,3430.19653867474,3445.4965722817783,0
1993-11-19,3415.796630859375,3421.49657632768,3387.196561821381,3421.49657632768,0
1993-11-22,3356.5966796875,3382.996555148679,3349.4965892611585,3382.996555148679,0
1993-11-23,3327.0966796875,3365.5966401360006,3315.696544914628,3356.596649381806,0
1993-11-24,3288.896484375,3336.896434491299,3271.9965995943685,3327.096639988185,0
1993-11-25,3320.196533203125,3327.296623550203,3289.596711188417,3289.596711188417,0
1993-11-26,3334.796630859375,3342.996573626795,3322.3964970844017,3322.3964970844017,0
1993-11-29,3313.0966796875,3342.2966007351656,3308.096684845764,3334.7966084725613,0
1993-11-30,3280.0966796875,3302.9965581688225,3262.896502298151,3302.9965581688225,0
1993-12-01,3348.49658203125,3350.9965794793843,3301.896531941874,3301.896531941874,0
1993-12-02,3380.896484375,3393.696520262734,3366.59669414409,3366.59669414409,0
1993-12-03,3417.196533203125,3417.796630259142,3363.1965872152737,3380.8965206832154,0
1993-12-07,3422.0966796875,3423.2966296608724,3400.4966036052706,3417.196538097356,0
1993-12-09,3460.696533203125,3474.196519869817,3447.8964970169995,3447.8964970169995,0
1993-12-10,3457.5966796875,3465.296623247681,3439.296648949667,3460.6965301388022,0
1993-12-13,3460.0966796875,3472.996569288421,3455.896488524052,3457.596682157059,0
1993-12-14,3417.296630859375,3488.696461789251,3408.996590332923,3460.096636879076,0
1993-12-15,3416.99658203125,3422.796625057682,3387.4966115396137,3417.2966305592413,0
1993-12-16,3442.796630859375,3446.3964808011106,3414.69656110055,3416.996607645215,0
1993-12-17,3453.49658203125,3470.196516674991,3439.2966449132305,3442.7966414492403,0
1993-12-20,3518.496337890625,3523.2963817227846,3468.096488003875,3468.096488003875,0
1993-12-21,3547.596435546875,3551.896235795781,3524.196313217956,3524.196313217956,0
1993-12-22,3562.79638671875,3580.996319183369,3553.1962989301906,3553.1962989301906,0
1993-12-23,3616.396240234375,3616.396240234375,3573.9963808264406,3573.9963808264406,0
1993-12-27,3631.496337890625,3633.0964339332895,3596.196324660088,3616.396255461749,0
1993-12-28,3574.29638671875,3633.9962767240336,3556.9963556156818,3631.496279285451,0
1993-12-29,3512.496337890625,3523.596423973986,3464.796436450405,3523.596423973986,0
1993-12-30,3567.596435546875,3592.5964098846,3551.296403450603,3551.296403450603,0
1993-12-31,3615.1962890625,3615.8962395253416,3582.596468569732,3582.596468569732,0
1994-01-03,3654.496337890625,3654.696288862133,3580.996411543666,3615.196328444379,0
1994-01-04,3630.29638671875,3675.496292294624,3625.096440792389,3654.49631347863,0
1994-01-05,3621.1962890625,3625.1962850173113,3583.3962784614587,3625.1962850173113,0
1994-01-07,3636.396240234375,3644.396232177815,3598.696327028991,3621.196304369915,0
1994-01-10,3660.596435546875,3678.19627145539,3655.196294464873,3655.196294464873,0
1994-01-11,3712.396240234375,3712.496337791883,3679.6963213194767,3679.6963213194767,0
1994-01-12,3680.096435546875,3712.296354676213,3675.896244414037,3712.296354676213,0
1994-01-13,3680.79638671875,3698.196271750952,3670.396250581711,3680.096436243272,0
1994-01-14,3736.39599609375,3737.395995048292,3662.8960729349296,3680.796200705449,0
1994-01-17,3729.096435546875,3783.296333492464,3723.896245341152,3736.3962330657055,0
1994-01-18,3756.99609375,3758.895994118373,3693.696110736572,3729.0962204144994,0
1994-01-19,3811.296142578125,3812.0961905862696,3784.296170250769,3784.296170250769,0
1994-01-20,3794.39599609375,3818.996068424749,3783.7961534904375,3811.2961251798015,0
1994-01-21,3790.49609375,3796.296136600961,3777.696058112797,3794.3959920747566,0
1994-01-24,3762.59619140625,3773.395984881626,3754.396004607015,3773.395984881626,0
1994-01-25,3811.49609375,3823.596179005356,3788.296166354803,3788.296166354803,0
1994-01-26,3874.59619140625,3875.0961909021657,3811.3960598102,3811.496157365535,0
1994-01-27,3875.89599609375,3933.096133758151,3872.096195235809,3874.596192716233,0
1994-01-28,3915.696044921875,3920.696039933942,3863.496145823975,3875.896035797748,0
1994-01-31,3980.495849609375,3980.495849609375,3951.495879847116,3951.495879847116,0
1994-02-01,3896.89599609375,3954.3959384557866,3890.396002609346,3954.3959384557866,0
1994-02-02,3946.99609375,3951.3959917392735,3883.196108063233,3896.8960456766,0
1994-02-03,3924.59619140625,3969.996048562373,3912.99610529586,3946.996071454832,0
1994-02-04,3947.39599609375,3949.996091177007,3899.996140655779,3924.596213968377,0
1994-02-07,3868.796142578125,3876.89598791549,3817.696096516621,3876.89598791549,0
1994-02-08,3918.39599609375,3944.996067232382,3908.596201175668,3908.596201175668,0
1994-02-09,3910.49609375,3920.996083261412,3882.296170747428,3918.395988202433,0
1994-02-10,3887.99609375,3939.195993481595,3885.996095759388,3910.4960711443855,0
1994-02-11,3849.296142578125,3850.996092024898,3811.996131601899,3850.996092024898,0
1994-02-14,3828.49609375,3845.7961249267432,3813.496109054623,3845.7961249267432,0
1994-02-15,3828.49609375,3842.395981911565,3810.296161147685,3828.49609375,0
1994-02-16,3836.196044921875,3840.696040339704,3810.996119410109,3828.496101590554,0
1994-02-17,3850.49609375,3869.596172029609,3790.1961060949866,3836.1960594289694,0
1994-02-18,3808.196044921875,3845.895957423135,3799.296151707174,3845.895957423135,0
1994-02-21,3728.496337890625,3772.296343698616,3717.096446743788,3772.296343698616,0
1994-02-22,3744.296142578125,3750.6960382451616,3708.9961305768607,3728.496110233439,0
1994-02-23,3776.99609375,3803.096164413,3770.596198025159,3770.596198025159,0
1994-02-24,3709.996337890625,3764.296333119634,3703.19629577477,3764.296333119634,0
1994-02-25,3704.1962890625,3723.196270278396,3671.496370219009,3709.996332156482,0
1994-02-28,3739.696044921875,3743.596187332408,3722.396014164268,3722.396014164268,0
1994-03-01,3656.79638671875,3719.49627509964,3645.696300178714,3719.49627509964,0
1994-03-02,3568.096435546875,3586.296368039282,3480.7964763189066,3586.296368039282,0
1994-03-03,3625.496337890625,3654.2963576278858,3598.396267608123,3598.396267608123,0
1994-03-04,3688.596435546875,3688.596435546875,3641.096482705741,3641.096482705741,0
1994-03-07,3757.39599609375,3767.1960347335953,3720.996131591891,3720.996131591891,0
1994-03-08,3726.6962890625,3757.3962100665103,3722.096440067005,3757.3962100665103,0
1994-03-09,3699.29638671875,3713.796372364525,3693.5964411895225,3713.796372364525,0
1994-03-10,3691.1962890625,3720.096406874493,3690.49633858506,3699.29637868249,0
1994-03-11,3665.1962890625,3677.596423157184,3642.296409599344,3677.596423157184,0
1994-03-14,3732.396240234375,3737.196284352848,3709.196311825537,3709.196311825537,0
1994-03-15,3783.296142578125,3783.996093027302,3740.096236010116,3740.096236010116,0
1994-03-16,3743.59619140625,3771.196016122878,3737.196051600092,3771.196016122878,0
1994-03-17,3739.99609375,3761.796119809024,3734.3960019427823,3743.596187646121,0
1994-03-18,3705.096435546875,3721.396224123699,3680.396264647971,3721.396224123699,0
1994-03-21,3666.596435546875,3700.1962555038,3660.496343983252,3700.1962555038,0
1994-03-22,3669.996337890625,3688.396221874033,3663.296393404296,3666.596438939467,0
1994-03-23,3682.1962890625,3700.696270663439,3674.996345051292,3674.996345051292,0
1994-03-24,3624.896240234375,3679.996282224927,3614.1962998722856,3679.996282224927,0
1994-03-25,3610.096435546875,3614.796381951088,3566.696333087895,3614.796381951088,0
1994-03-28,3592.79638671875,3629.59639803691,3590.7963887573324,3610.096417913088,0
1994-03-29,3552.1962890625,3575.7963623884366,3548.6962926707943,3575.7963623884366,0
1994-03-30,3489.0966796875,3518.0966512787154,3484.2966355615663,3518.0966512787154,0
1994-03-31,3489.0966796875,3518.0966512787154,3484.2966355615663,3489.0966796875,0
1994-04-05,3483.396484375,3485.5966775286324,3407.8965584568305,3485.5966775286324,0
1994-04-06,3521.096435546875,3559.8961998807567,3515.896245642822,3515.896245642822,0
1994-04-07,3525.29638671875,3555.9963059992747,3511.496352226224,3521.096439909817,0
1994-04-08,3556.396240234375,3559.996334183519,3526.6963196452443,3526.6963196452443,0
1994-04-11,3587.396240234375,3596.9963280906,3573.0964501444805,3573.0964501444805,0
1994-04-12,3589.496337890625,3618.696259271884,3586.2963899834303,3587.396242376954,0
1994-04-13,3545.496337890625,3578.196255287068,3538.996344604406,3578.196255287068,0
1994-04-14,3498.596435546875,3518.696268023268,3461.7964252386723,3518.696268023268,0
1994-04-15,3460.196533203125,3489.3964555314296,3451.2966396506554,3489.3964555314296,0
1994-04-18,3361.696533203125,3458.8963855480965,3339.696555571365,3458.8963855480965,0
1994-04-19,3394.396484375,3395.4965809235136,3293.7967321577385,3361.6965661301265,0
1994-04-20,3344.896484375,3387.6964894681155,3335.09668970138,3387.6964894681155,0
1994-04-21,3364.396484375,3366.0966779602336,3316.996630185866,3344.896504185484,0
1994-04-22,3459.696533203125,3461.696531227249,3417.696574696517,3417.696574696517,0
1994-04-25,3459.696533203125,3477.6965154202426,3432.2966579287777,3459.696533203125,0
1994-04-26,3497.896240234375,3523.796359602717,3496.596436907699,3496.596436907699,0
1994-04-27,3534.996337890625,3545.296376048338,3527.096443730837,3527.096443730837,0
1994-04-28,3504.29638671875,3583.1962066094943,3492.8962521479048,3534.996305808161,0
1994-04-29,3520.6962890625,3525.896234825568,3472.996387506452,3504.2964037773568,0
1994-05-03,3431.99658203125,3461.596650208418,3418.196546946754,3461.596650208418,0
1994-05-04,3363.5966796875,3382.79661134908,3344.9966009319965,3382.79661134908,0
1994-05-05,3425.796630859375,3428.3964817810897,3313.1966455458214,3363.5967417452634,0
1994-05-06,3447.0966796875,3466.496562795296,3395.0967312480493,3425.7966519794177,0
1994-05-09,3397.49658203125,3420.3964613371336,3390.4965890734225,3420.3964613371336,0
1994-05-10,3476.99658203125,3488.096668775856,3429.6965797001308,3429.6965797001308,0
1994-05-11,3481.696533203125,3501.996562102786,3449.0967116906254,3476.9965866451703,0
1994-05-12,3547.496337890625,3553.596429249701,3480.796455573582,3481.6963569883565,0
1994-05-13,3569.896240234375,3580.696277983489,3543.8962669059474,3547.49636086911,0
1994-05-16,3622.596435546875,3626.5964315032497,3593.3962697530374,3593.3962697530374,0
1994-05-17,3626.1962890625,3629.196286032792,3595.4963688945904,3622.596439182377,0
1994-05-18,3645.996337890625,3677.296355280406,3642.196292879338,3642.196292879338,0
1994-05-19,3626.29638671875,3643.396222965662,3613.896252756972,3643.396222965662,0
1994-05-20,3663.896240234375,3666.9963347920425,3632.9963687754266,3632.9963687754266,0
1994-05-23,3649.596435546875,3672.596412468041,3644.796391535251,3663.8962258855568,0
1994-05-24,3631.496337890625,3633.6962868440055,3601.0964662030133,3633.6962868440055,0
1994-05-25,3556.596435546875,3629.796311347266,3550.2963932056946,3629.796311347266,0
1994-05-26,3578.096435546875,3590.4963251995887,3558.1963094298767,3558.1963094298767,0
1994-05-27,3560.896240234375,3600.196248645448,3547.5964492246926,3578.0964178578083,0
1994-05-30,3561.896240234375,3565.4963341892435,3536.196315485486,3560.8962412625087,0
1994-05-31,3512.596435546875,3522.4963275693462,3501.296398499771,3522.4963275693462,0
1994-06-01,3439.696533203125,3502.496519627957,3432.196540655742,3502.496519627957,0
1994-06-02,3476.296630859375,3477.496580851433,3416.1965922947606,3439.696569189084,0
1994-06-03,3507.396240234375,3516.196279874286,3474.6963232048283,3476.296419190401,0
1994-06-06,3509.396240234375,3546.3962016243418,3507.4963398732,3507.4963398732,0
1994-06-07,3465.99658203125,3496.3964543963743,3455.096690436353,3496.3964543963743,0
1994-06-08,3484.196533203125,3497.496568984022,3469.3964988937146,3469.3964988937146,0
1994-06-09,3465.896484375,3484.6965146630687,3459.696539317335,3484.196515156154,0
1994-06-10,3495.6962890625,3496.696288014896,3477.79640547076,3477.79640547076,0
1994-06-13,3439.99658203125,3476.296594791808,3424.396499875188,3476.296594791808,0
1994-06-14,3455.296630859375,3456.596678401497,3415.1965728699784,3439.996597165996,0
1994-06-15,3399.5966796875,3449.196483335275,3391.296639204271,3449.196483335275,0
1994-06-16,3329.796630859375,3362.6964994320765,3317.096692723729,3362.6964994320765,0
1994-06-17,3296.196533203125,3364.0966092789745,3280.396500758737,3329.7965960180168,0
1994-06-20,3237.896728515625,3245.296867746288,3159.597000578528,3245.296867746288,0
1994-06-21,3166.496826171875,3251.596838531083,3157.996834691546,3237.896656950484,0
1994-06-22,3215.296875,3224.796865622534,3168.4968723682823,3168.4968723682823,0
1994-06-23,3264.0966796875,3278.496566952541,3231.8965180931023,3231.8965180931023,0
1994-06-24,3188.996826171875,3229.396688307928,3174.3967430462617,3229.396688307928,0
1994-06-27,3174.296875,3193.4968069747783,3144.396758411326,3188.996811474109,0
1994-06-28,3228.896728515625,3248.4968069060747,3215.1967908100364,3215.1967908100364,0
1994-06-29,3238.796875,3241.7968720601816,3214.1968014503577,3228.89673821717,0
1994-06-30,3200.69677734375,3265.196713385267,3183.596940784415,3238.796837219776,0
1994-07-01,3182.396728515625,3200.696759092992,3164.19679549468,3200.696759092992,0
1994-07-04,3204.096923828125,3212.296866877521,3196.496833700168,3196.496833700168,0
1994-07-05,3136.596923828125,3171.0968889186474,3131.2968803629547,3171.0968889186474,0
1994-07-06,3093.896728515625,3146.196723692575,3076.0969420877723,3136.5968800248074,0
1994-07-07,3093.796875,3127.796840120514,3086.89673559426,3093.8967284131886,0
1994-07-08,3118.596923828125,3140.496803884142,3088.5969543594024,3093.7969002392388,0
1994-07-11,3147.69677734375,3171.396704618948,3141.99683191914,3141.99683191914,0
1994-07-12,3183.596923828125,3213.296845391212,3144.196816622959,3147.696813133702,0
1994-07-13,3217.396728515625,3257.196738082695,3205.9968374173936,3205.9968374173936,0
1994-07-14,3235.69677734375,3241.69677145848,3222.7968876532354,3222.7968876532354,0
1994-07-15,3233.996826171875,3272.0968864369183,3225.5969320717386,3235.696775675428,0
1994-07-18,3263.896484375,3284.496560458748,3232.3965173619235,3233.996613342545,0
1994-07-19,3273.196533203125,3292.196513362783,3265.9965895496443,3265.9965895496443,0
1994-07-20,3253.5966796875,3280.1965052594733,3249.1965378255627,3273.1965126131063,0
1994-07-21,3254.796630859375,3256.796628759112,3236.096699324912,3253.5966809476067,0
1994-07-22,3288.396484375,3296.496573611994,3268.996602195544,3268.996602195544,0
1994-07-25,3304.796630859375,3306.89648220324,3287.496599923717,3288.3965013367488,0
1994-07-26,3353.99658203125,3356.396481929326,3324.396514539642,3324.396514539642,0
1994-07-27,3336.296630859375,3349.49656850818,3330.7966364940085,3349.49656850818,0
1994-07-28,3313.896484375,3317.296627352451,3289.89650912869,3317.296627352451,0
1994-07-29,3364.196533203125,3364.396484171853,3328.8965202392365,3328.8965202392365,0
1994-08-01,3427.896484375,3427.896484375,3379.8965322359363,3379.8965322359363,0
1994-08-02,3445.896484375,3477.396453130327,3437.69654133661,3437.69654133661,0
1994-08-03,3434.396484375,3460.196507526511,3429.6965378805903,3445.896472930019,0
1994-08-04,3432.99658203125,3435.196531012806,3419.0966935265424,3434.396482981227,0
1994-08-05,3454.296630859375,3460.496575896508,3429.49660657046,3432.996603107272,0
1994-08-08,3469.196533203125,3475.9965753316205,3453.2966465244763,3454.296645539244,0
1994-08-09,3438.396484375,3456.596661595451,3428.5966894290736,3456.596661595451,0
1994-08-10,3440.196533203125,3440.196533203125,3407.496614519888,3438.3964861634167,0
1994-08-11,3408.196533203125,3468.896423501067,3402.196539220323,3440.196501111405,0
1994-08-12,3342.896484375,3361.5966605673693,3304.5967188473733,3361.5966605673693,0
1994-08-15,3342.896484375,3361.5966605673693,3304.5967188473733,3342.896484375,0
1994-08-16,3320.0966796875,3337.29661315241,3310.096689982276,3337.29661315241,0
1994-08-17,3301.296630859375,3351.496530057221,3294.396491518999,3320.0966602230533,0
1994-08-18,3273.0966796875,3290.3964663094994,3259.896498159441,3290.3964663094994,0
1994-08-19,3260.396484375,3291.3964518768294,3244.5966962508787,3273.0966663735285,0
1994-08-22,3228.896728515625,3258.19674854344,3216.0969364096177,3258.19674854344,0
1994-08-23,3246.796875,3247.3967279292533,3204.7969160560488,3228.8967460134654,0
1994-08-24,3267.896484375,3275.7966225964374,3253.096695166943,3253.096695166943,0
1994-08-25,3290.196533203125,3303.996567695302,3277.7966437408045,3277.7966437408045,0
1994-08-26,3322.896484375,3324.2966294191697,3262.396546605917,3290.1965668386283,0
1994-08-29,3366.696533203125,3381.196518482316,3342.4966065997232,3342.4966065997232,0
1994-08-30,3352.196533203125,3366.6965184186406,3341.596690495318,3366.6965184186406,0
1994-08-31,3336.99658203125,3355.6965140494394,3325.496593810285,3352.196517634364,0
1994-09-01,3276.796630859375,3326.2965792268524,3269.8964915724137,3326.2965792268524,0
1994-09-02,3239.69677734375,3300.4967666080547,3232.5969307836194,3276.796838654247,0
1994-09-05,3189.496826171875,3243.096870491396,3163.4968520441216,3239.6967273904606,0
1994-09-06,3135.19677734375,3164.396698955907,3127.1967854423165,3164.396698955907,0
1994-09-07,3176.496826171875,3176.9968256722955,3138.396766583676,3138.396766583676,0
1994-09-08,3262.49658203125,3266.9965773168105,3192.5967529183604,3192.5967529183604,0
1994-09-09,3232.69677734375,3278.696732181472,3206.89675384582,3262.496796914525,0
1994-09-12,3184.69677734375,3202.6967594051976,3183.196778838629,3202.6967594051976,0
1994-09-13,3227.096923828125,3237.4968159436507,3119.796980528773,3184.696819043968,0
1994-09-14,3208.496826171875,3226.1967598350693,3189.096943018388,3226.1967598350693,0
1994-09-15,3259.0966796875,3262.096676541262,3217.4966256591933,3217.4966256591933,0
1994-09-16,3218.596923828125,3285.9967597095315,3211.196784640957,3259.0968838914955,0
1994-09-19,3210.096923828125,3229.096905042812,3203.2968817232127,3218.5969154241693,0
1994-09-20,3166.096923828125,3190.29685074098,3159.3967352321747,3190.29685074098,0
1994-09-21,3142.69677734375,3168.496800116279,3132.696787442799,3166.096900196202,0
1994-09-22,3140.896728515625,3154.8967143688533,3120.796895310574,3142.6967755248297,0
1994-09-23,3193.69677734375,3197.796870925414,3165.8967561426966,3165.8967561426966,0
1994-09-26,3175.596923828125,3214.196738765435,3170.696782241162,3193.6967592539963,0
1994-09-27,3175.69677734375,3193.796856910571,3171.896732313434,3175.59692392792,0
1994-09-28,3234.896728515625,3239.796870192364,3199.096958952064,3199.096958952064,0
1994-09-29,3192.19677734375,3222.9967955490874,3174.796892299762,3222.9967955490874,0
1994-09-30,3176.596923828125,3186.196767752273,3159.5969408132905,3186.196767752273,0
1994-10-03,3149.096923828125,3156.296867743512,3121.3967564333334,3156.296867743512,0
1994-10-04,3165.19677734375,3166.5969224241617,3140.8967528819144,3149.096939971866,0
1994-10-05,3099.996826171875,3130.0968930111776,3057.196821163104,3130.0968930111776,0
1994-10-06,3105.296875,3107.896725858397,3072.096957760736,3099.996831588886,0
1994-10-07,3122.896728515625,3123.996825053837,3056.296942685963,3105.296892886872,0
1994-10-10,3159.296875,3162.7968714839053,3143.2968910735763,3143.2968910735763,0
1994-10-11,3173.396728515625,3183.896718014208,3137.096960132828,3159.2968891017563,0
1994-10-13,3277.99658203125,3279.996579945851,3154.99671028328,3173.3965934414628,0
1994-10-14,3246.996826171875,3294.296828765868,3243.79687812784,3277.996795870467,0
1994-10-17,3242.796875,3278.696742207412,3233.896737226472,3246.9968220612536,0
1994-10-18,3189.396728515625,3223.696743211166,3182.796881567631,3223.696743211166,0
1994-10-19,3188.19677734375,3192.996821393464,3141.1968241318823,3189.396727321083,0
1994-10-20,3184.19677734375,3231.2968280533205,3172.1967893046626,3188.196773356779,0
1994-10-21,3149.19677734375,3167.096905787991,3138.696787925865,3167.096905787991,0
1994-10-24,3154.996826171875,3168.6967635620413,3148.296881739934,3149.196783178412,0
1994-10-25,3107.996826171875,3124.1967608006803,3082.3967546579383,3124.1967608006803,0
1994-10-26,3101.396728515625,3125.896703443467,3093.796882777336,3107.9968194176427,0
1994-10-27,3131.096923828125,3131.096923828125,3088.7969178772896,3101.39675862112,0
1994-10-28,3186.596923828125,3187.9968247775832,3129.7969315723926,3131.09697910568,0
1994-10-31,3194.496826171875,3220.696751313341,3186.1967855900884,3186.5969316769065,0
1994-11-02,3155.69677734375,3169.1967637661983,3142.29688847688,3169.1967637661983,0
1994-11-03,3185.496826171875,3185.496826171875,3151.696811019953,3155.6968070346093,0
1994-11-04,3202.896728515625,3213.2968646942527,3178.896752297784,3185.496843413844,0
1994-11-07,3172.69677734375,3177.4968213701195,3155.896745321648,3177.4968213701195,0
1994-11-08,3166.096923828125,3169.796871291018,3157.1967862656206,3169.796871291018,0
1994-11-10,3232.296875,3237.4968210659904,3178.796927532192,3178.796927532192,0
1994-11-11,3229.296875,3233.596919601941,3208.896748565344,3232.296872051533,0
1994-11-14,3259.49658203125,3260.696531944835,3235.0967052736646,3235.0967052736646,0
1994-11-15,3306.196533203125,3318.796617833321,3280.3965110472404,3280.3965110472404,0
1994-11-16,3278.196533203125,3341.496516032351,3269.296640138732,3306.1965040093214,0
1994-11-17,3272.49658203125,3292.196512627474,3262.496592475769,3278.1965272498005,0
1994-11-18,3286.696533203125,3299.796617236067,3254.696566481185,3272.4965967983385,0
1994-11-21,3308.796630859375,3321.6965198776106,3300.696541570473,3300.696541570473,0
1994-11-22,3286.296630859375,3288.496579743156,3269.696550468321,3288.496579743156,0
1994-11-23,3253.49658203125,3255.496579930147,3230.5967037450228,3255.496579930147,0
1994-11-24,3275.99658203125,3283.796622721304,3261.3964996078075,3261.3964996078075,0
1994-11-25,3296.196533203125,3296.396484167662,3258.896523052994,3275.9966029774314,0
1994-11-28,3298.396484375,3319.896462095613,3287.6965442909554,3296.1965354828258,0
1994-11-29,3262.49658203125,3284.996558459052,3255.5966869162053,3284.996558459052,0
1994-11-30,3287.0966796875,3292.196527900232,3259.596708282352,3262.496607610746,0
1994-12-01,3272.696533203125,3281.1965243258264,3262.996592161763,3281.1965243258264,0
1994-12-02,3290.5966796875,3297.4965748642744,3263.396512628028,3272.696551796129,0
1994-12-05,3323.296630859375,3336.696519421508,3311.796642686968,3311.796642686968,0
1994-12-07,3318.896484375,3336.796612424911,3300.696551946343,3323.2966263278845,0
1994-12-09,3293.896484375,3302.1965245904444,3281.7966434149844,3302.1965245904444,0
1994-12-12,3271.896484375,3294.096656496212,3264.096687835515,3293.8964613928447,0
1994-12-13,3266.696533203125,3280.7966161063537,3249.096698102337,3271.896478934258,0
1994-12-14,3261.796630859375,3284.296607282118,3257.2966355748263,3266.696528068625,0
1994-12-15,3238.096923828125,3261.696754212322,3232.79688019485,3261.696754212322,0
1994-12-16,3250.496826171875,3262.796862990081,3232.8967457005765,3238.096935935542,0
1994-12-19,3230.296875,3264.5968901277074,3225.796879421331,3250.496806325058,0
1994-12-20,3193.496826171875,3211.896710229066,3182.5969346608845,3211.896710229066,0
1994-12-21,3173.496826171875,3184.996814670686,3165.9968336726506,3184.996814670686,0
1994-12-22,3168.69677734375,3187.796855868992,3161.9968328826694,3173.496821364058,0
1994-12-23,3189.296875,3190.096923031957,3170.396747324083,3170.396747324083,0
1994-12-27,3088.096923828125,3180.0968292741345,3059.6968065323063,3180.0968292741345,0
1994-12-28,3029.496826171875,3091.396663666755,3021.496834553002,3088.0968624362654,0
1994-12-29,3036.096923828125,3054.7968554517543,3017.696796578591,3029.496833071376,0
1994-12-30,3087.69677734375,3103.7968584508067,3058.896758119021,3058.896758119021,0
1995-01-02,3092.19677734375,3108.996808928337,3077.896743193168,3087.696781962541,0
1995-01-03,3110.396728515625,3115.0969190320816,3092.596941990909,3092.596941990909,0
1995-01-04,3107.19677734375,3121.296860597552,3094.496839144153,3110.396725247057,0
1995-01-05,3046.996826171875,3087.6967349497068,3035.096936223348,3087.6967349497068,0
1995-01-09,3003.59716796875,3044.196981883603,2973.59719723051,3044.196981883603,0
1995-01-10,2987.797119140625,2991.797115218425,2929.6970784544287,2991.797115218425,0
1995-01-11,2957.697021484375,2997.896932837033,2946.697032380194,2987.797089325606,0
1995-01-12,2963.09716796875,2971.6970129814954,2939.3969960891964,2957.697026823628,0
1995-01-13,3004.697021484375,3008.896968561151,2947.397028525801,2963.0972085300614,0
1995-01-16,3041.69677734375,3044.1967747351528,3010.6968096903565,3010.6968096903565,0
1995-01-17,3036.396728515625,3050.996810910973,3025.8967394908577,3041.6967718038195,0
1995-01-18,3041.19677734375,3043.896725697928,3005.896765355126,3036.3967335250063,0
1995-01-19,3053.096923828125,3062.39671884808,3038.1967928330896,3041.196789714461,0
1995-01-20,3023.296875,3039.3967116141707,3012.996836984757,3039.3967116141707,0
1995-01-23,2962.89697265625,2994.2970880924563,2953.7971281384744,2994.2970880924563,0
1995-01-24,2987.89697265625,2988.197021190172,2953.4971040421988,2962.896997169182,0
1995-01-25,3008.09716796875,3016.4970621315592,2986.396993790783,2987.896992329884,0
1995-01-26,3043.296875,3052.99681605589,3026.1967951772763,3026.1967951772763,0
1995-01-27,3048.69677734375,3061.9968123259505,3037.29688686779,3043.296880621532,0
1995-01-30,3038.19677734375,3045.5969160976288,3031.7968816856,3045.5969160976288,0
1995-01-31,3040.096923828125,3040.096923828125,3013.096952015802,3038.1967793274803,0
1995-02-01,3071.996826171875,3084.296862292239,3054.19679573382,3054.19679573382,0
1995-02-02,3082.496826171875,3086.9968215385493,3064.296893739178,3071.9968369829685,0
1995-02-03,3131.896728515625,3134.5969210917806,3082.9968757264232,3082.9968757264232,0
1995-02-06,3153.896728515625,3174.096903500293,3148.996831102738,3148.996831102738,0
1995-02-07,3142.096923828125,3162.296854596076,3133.496834858814,3153.8967165966696,0
1995-02-08,3124.896728515625,3130.496820484094,3116.8967366408856,3130.496820484094,0
1995-02-09,3144.796875,3162.996807803929,3127.0969416914554,3127.0969416914554,0
1995-02-10,3151.996826171875,3164.996813081848,3144.896735664892,3144.896735664892,0
1995-02-13,3123.496826171875,3131.196769519732,3112.096935411711,3131.196769519732,0
1995-02-14,3150.69677734375,3159.796865833102,3140.596934002118,3140.596934002118,0
1995-02-15,3141.69677734375,3155.89671417046,3138.096927464792,3150.6967682517125,0
1995-02-16,3107.896728515625,3134.4967990075065,3099.696785717648,3134.4967990075065,0
1995-02-17,3089.896728515625,3092.196774981227,3065.7968997544563,3092.196774981227,0
1995-02-20,3055.796875,3071.8967117939264,3051.396733085724,3071.8967117939264,0
1995-02-21,3058.996826171875,3059.296874688688,3043.496842253711,3055.79687832007,0
1995-02-22,3045.596923828125,3051.596917575509,3037.796883128452,3051.596917575509,0
1995-02-23,3072.596923828125,3082.896717876489,3054.296893902951,3054.296893902951,0
1995-02-24,3051.496826171875,3072.796852846078,3041.8967385005703,3072.5969018821693,0
1995-02-27,3012.096923828125,3022.996814686727,3003.3967376829582,3022.996814686727,0
1995-02-28,3024.496826171875,3028.9968214496976,3002.1968007448154,3012.0969368402457,0
1995-03-01,3037.596923828125,3047.796864342609,3017.796895688027,3024.496839859476,0
1995-03-02,3091.896728515625,3092.296874589251,3023.6968473508427,3037.5969795667497,0
1995-03-03,3056.296875,3092.19674006334,3050.5969297472643,3091.896691546802,0
1995-03-06,3054.396728515625,3064.0969137486486,3033.296896924866,3056.296873025557,0
1995-03-07,2976.09716796875,3047.0970980760026,2963.297131741056,3047.0970980760026,0
1995-03-08,2914.89697265625,2948.297085571036,2901.997083277845,2948.297085571036,0
1995-03-09,2871.09716796875,2942.996996945415,2854.597184805448,2914.896927962671,0
1995-03-10,2893.697021484375,2901.297111446009,2844.197071599983,2871.097190849667,0
1995-03-13,2885.39697265625,2903.4970519345866,2872.297132441546,2893.6970130569302,0
1995-03-14,2921.4970703125,2929.896964232807,2891.6970513679385,2891.6970513679385,0
1995-03-15,2886.39697265625,2939.19696789248,2878.697029299803,2921.497034686003,0
1995-03-16,2917.4970703125,2923.4970642874355,2849.0972366543847,2886.3970038862644,0
1995-03-17,2889.197021484375,2917.4970416158712,2875.4970842044345,2917.4970416158712,0
1995-03-21,2896.89697265625,2906.997060098088,2876.297139973631,2889.1970292714755,0
1995-03-22,2888.39697265625,2914.597141394042,2877.1970328444213,2896.8969640347486,0
1995-03-23,2865.09716796875,2877.297106665653,2833.5972001788487,2877.297106665653,0
1995-03-24,2885.39697265625,2898.0971550736213,2846.097207871762,2865.0971885801337,0
1995-03-27,2911.59716796875,2927.2971033431427,2906.097173502917,2906.097173502917,0
1995-03-28,2898.09716796875,2906.497061821044,2873.8969971202114,2906.497061821044,0
1995-03-29,2883.59716796875,2884.0971674607586,2857.396999275192,2884.0971674607586,0
1995-03-30,2946.4970703125,2966.19700189683,2873.797191425756,2883.5972305097503,0
1995-03-31,2931.697021484375,2954.396949971881,2916.6970364740782,2946.4970555226105,0
1995-04-03,2933.297119140625,2935.797116643704,2911.896994030041,2931.6970230825023,0
1995-04-04,2985.4970703125,2995.396962941422,2959.797144360128,2959.797144360128,0
1995-04-05,3009.39697265625,3013.9970658342486,2971.697058185737,2985.4970935793463,0
1995-04-06,2989.797119140625,3022.297087294066,2988.396974028245,3009.396953450469,0
1995-04-07,3007.59716796875,3021.6970077497817,2993.7971325831804,2993.7971325831804,0
1995-04-10,3016.69677734375,3019.396725675044,2992.096949709289,3007.596933401954,0
1995-04-11,3005.9970703125,3025.9970508202346,2999.497076647486,3016.6970110560605,0
1995-04-12,3011.197021484375,3018.896965164735,2988.597189956831,3005.99707537169,0
1995-04-17,3035.296875,3048.896714295088,3002.496860468885,3011.1968025437523,0
1995-04-18,3011.39697265625,3015.1970177874377,3001.396982384906,3015.1970177874377,0
1995-04-19,2992.39697265625,2997.197016784922,2980.2971309868994,2997.197016784922,0
1995-04-20,2987.797119140625,3006.697002952075,2982.8969774610887,2992.3969681458634,0
1995-04-21,3005.297119140625,3008.396969634388,2972.0972003333995,2987.79713620033,0
1995-04-24,3008.697021484375,3010.6970195368976,2993.89698706763,3005.297122451241,0
1995-04-25,3013.19677734375,3027.496811109517,3011.896729884977,3011.896729884977,0
1995-04-26,3027.796875,3028.996824914051,3012.3967446585066,3013.196792647997,0
1995-04-27,3075.796875,3077.396726864783,3027.596973564245,3027.7969245297963,0
1995-04-28,3091.896728515625,3106.99681067166,3071.396749558828,3075.796891526463,0
1995-05-03,3161.19677734375,3161.19677734375,3119.296917067282,3119.296917067282,0
1995-05-04,3193.19677734375,3213.396708438219,3179.3967422319547,3179.3967422319547,0
1995-05-05,3191.296875,3198.296868038324,3171.1967973338024,3193.1967754542493,0
1995-05-08,3251.996826171875,3259.0969168987003,3194.996881801704,3194.996881801704,0
1995-05-09,3271.896484375,3282.996570435606,3229.8965282500244,3251.996602819552,0
1995-05-10,3290.296630859375,3326.096642498354,3274.4965984443647,3274.4965984443647,0
1995-05-11,3282.49658203125,3314.4965487106106,3271.1965449695267,3290.296622737418,0
1995-05-12,3240.896728515625,3271.596893763284,3233.6967843946954,3271.596893763284,0
1995-05-16,3233.896728515625,3277.696734357315,3224.796883930818,3240.8967216456545,0
1995-05-17,3230.19677734375,3237.1967704659105,3209.3967489526817,3233.896724880244,0
1995-05-18,3225.396728515625,3238.1967647483643,3219.596929535195,3230.1967726204502,0
1995-05-19,3212.19677734375,3222.1967674632065,3182.9968550230137,3222.1967674632065,0
1995-05-22,3267.896484375,3268.9965808806337,3220.0967296823724,3220.0967296823724,0
1995-05-23,3297.296630859375,3314.896466131059,3267.7966614389634,3267.8965148510806,0
1995-05-24,3316.196533203125,3348.7965972588336,3315.4965827526817,3315.4965827526817,0
1995-05-25,3253.796630859375,3320.89641388966,3250.396487946699,3316.1964676548696,0
1995-05-26,3230.796875,3242.596912236158,3222.89673627646,3242.596912236158,0
1995-05-29,3210.19677734375,3227.7968575993127,3192.396746113998,3227.7968575993127,0
1995-05-30,3225.996826171875,3259.5968907714187,3204.696798299328,3210.1967928882755,0
1995-05-31,3226.496826171875,3228.19677567155,3195.496856665807,3225.9968266637125,0
1995-06-01,3253.196533203125,3260.9965738361425,3240.496595374432,3240.496595374432,0
1995-06-02,3260.396484375,3265.896478609196,3236.4966070861883,3253.196540751036,0
1995-06-05,3269.0966796875,3283.7966154900155,3248.1965550550244,3260.396493471386,0
1995-06-06,3261.49658203125,3280.7966106334165,3246.296646788536,3269.096671722792,0
1995-06-07,3249.996826171875,3253.1967742187976,3236.796887890577,3253.1967742187976,0
1995-06-08,3264.5966796875,3273.3964751617864,3228.396522275855,3249.99659731725,0
1995-06-09,3242.796875,3272.596894661901,3236.4968323379267,3264.5969024917467,0
1995-06-12,3214.19677734375,3228.2968610770063,3195.9968441432266,3228.2968610770063,0
1995-06-13,3235.296875,3238.296872057001,3221.396742151664,3221.396742151664,0
1995-06-14,3237.496826171875,3245.9968178390445,3224.596936474325,3235.296877156685,0
1995-06-15,3230.796875,3233.096921568635,3218.5969358129423,3233.096921568635,0
1995-06-16,3223.496826171875,3223.99682567958,3201.996847340575,3223.99682567958,0
1995-06-19,3235.69677734375,3238.696774401115,3222.396741561355,3223.496838138544,0
1995-06-20,3223.496826171875,3226.996822725808,3207.096939975316,3226.996822725808,0
1995-06-21,3217.496826171875,3218.696776160086,3205.1967894768472,3218.696776160086,0
1995-06-22,3236.69677734375,3239.696774402024,3196.9968651006675,3217.4968449988733,0
1995-06-23,3260.0966796875,3260.4965816119825,3222.7966699656595,3236.696557736412,0
1995-06-26,3261.49658203125,3276.3964687602825,3240.596701590064,3260.096681154562,0
1995-06-27,3259.99658203125,3263.6965293238864,3243.196550817248,3261.496580458565,0
1995-06-28,3234.296875,3246.7968627337136,3230.39673234285,3246.7968627337136,0
1995-06-29,3223.496826171875,3241.096906499233,3217.2968811044143,3234.2968643663726,0
1995-06-30,3219.096923828125,3221.296872830988,3196.796896986431,3221.296872830988,0
1995-07-03,3219.596923828125,3219.596923828125,3201.0969420651168,3219.096924321017,0
1995-07-04,3240.396728515625,3241.1967765601376,3227.5969363649665,3227.5969363649665,0
1995-07-05,3245.596923828125,3245.7968748044705,3230.796889472766,3240.396733600825,0
1995-07-06,3232.496826171875,3247.796859977657,3227.696782056675,3245.596910965802,0
1995-07-07,3316.99658203125,3317.196532997087,3271.096726984585,3271.096726984585,0
1995-07-10,3343.396484375,3347.5966753936264,3321.1965558982083,3321.1965558982083,0
1995-07-11,3376.296630859375,3388.696520650189,3322.296685525818,3343.396517681185,0
1995-07-12,3367.99658203125,3395.8964560611657,3355.5966922713715,3376.296622436184,0
1995-07-13,3344.896484375,3380.396448099508,3331.896497658983,3367.996558426534,0
1995-07-14,3330.0966796875,3336.996574949286,3311.6965520887816,3336.996574949286,0
1995-07-17,3355.696533203125,3356.1965326938466,3335.6965535742474,3335.6965535742474,0
1995-07-18,3321.296630859375,3339.0966613693686,3310.996592631089,3339.0966613693686,0
1995-07-19,3312.796630859375,3312.796630859375,3281.996613809082,3312.796630859375,0
1995-07-20,3279.696533203125,3309.4965509748617,3263.6965498776685,3309.4965509748617,0
1995-07-21,3288.896484375,3317.4965523087767,3284.296635639744,3284.296635639744,0
1995-07-24,3330.99658203125,3332.69653145879,3293.696571477037,3293.696571477037,0
1995-07-25,3349.396484375,3365.196517079618,3344.196538509529,3344.196538509529,0
1995-07-26,3363.296630859375,3379.396468013452,3359.296634924393,3359.296634924393,0
1995-07-27,3377.99658203125,3378.396483970366,3349.096708929348,3363.296645733257,0
1995-07-28,3359.196533203125,3390.8964521204616,3351.696540834336,3377.9965629022963,0
1995-07-31,3373.396484375,3374.7966294407297,3353.896504132631,3359.196547590684,0
1995-08-01,3389.696533203125,3404.096665167262,3375.896498290136,3375.896498290136,0
1995-08-02,3461.396484375,3464.1965304382093,3422.696571417497,3422.696571417497,0
1995-08-03,3453.696533203125,3468.7966159154994,3438.396499516758,3461.3964767547104,0
1995-08-04,3474.296630859375,3474.8964837848725,3460.79664414049,3460.79664414049,0
1995-08-07,3482.896484375,3489.8964775055,3467.6965481197058,3474.296639298903,0
1995-08-08,3470.99658203125,3482.096668756994,3463.996588924301,3482.096668756994,0
1995-08-09,3459.196533203125,3462.0966768219214,3444.8964985046023,3462.0966768219214,0
1995-08-10,3481.296630859375,3481.996581344032,3451.596708847154,3459.1965549011807,0
1995-08-11,3510.896240234375,3531.996315881776,3502.7963951674524,3502.7963951674524,0
1995-08-14,3497.79638671875,3498.596434709244,3487.396251123069,3498.596434709244,0
1995-08-16,3526.896240234375,3542.496321692472,3520.29639357162,3520.29639357162,0
1995-08-17,3511.1962890625,3525.896224902628,3502.1962984493152,3525.896224902628,0
1995-08-18,3513.6962890625,3518.196284372432,3495.6963078227727,3511.1962916680936,0
1995-08-21,3514.396240234375,3515.996336223276,3494.796407142381,3513.6962897918697,0
1995-08-22,3493.996337890625,3505.4963258373173,3482.996349419876,3505.4963258373173,0
1995-08-23,3492.896484375,3497.7966260643484,3477.2966461245737,3493.996580954752,0
1995-08-24,3513.79638671875,3519.996331428988,3478.896276607575,3492.896262016668,0
1995-08-25,3516.79638671875,3519.1962865634373,3500.596452416186,3513.796389842706,0
1995-08-28,3494.29638671875,3501.5964278962506,3488.6962949315352,3501.5964278962506,0
1995-08-29,3474.396484375,3485.996570619561,3465.0966888362577,3485.996570619561,0
1995-08-30,3472.396484375,3481.096671123684,3466.096685888553,3474.396482406351,0
1995-08-31,3432.796630859375,3450.296613434983,3425.996588801919,3450.296613434983,0
1995-09-01,3453.99658203125,3454.0966795884465,3418.8965191089424,3432.7966518381736,0
1995-09-04,3455.99658203125,3462.996575108281,3449.396490902467,3453.996584009241,0
1995-09-05,3455.49658203125,3456.8964829903025,3434.596700360402,3455.9965815366804,0
1995-09-06,3479.99658203125,3486.1965271136883,3469.196543810662,3469.196543810662,0
1995-09-07,3472.396484375,3472.69653290778,3462.3964942182465,3472.69653290778,0
1995-09-08,3489.796630859375,3501.696521548161,3472.0966970231293,3472.396501416996,0
1995-09-11,3513.496337890625,3516.696285727201,3486.496366032636,3489.7964114211304,0
1995-09-12,3526.396240234375,3540.196274731372,3522.196293424081,3522.196293424081,0
1995-09-13,3541.6962890625,3546.5964304801355,3530.796397989224,3530.796397989224,0
1995-09-14,3537.896240234375,3546.096427058785,3527.6962996205534,3541.696285129038,0
1995-09-15,3521.396240234375,3534.796372783155,3513.396248554042,3534.796372783155,0
1995-09-18,3496.29638671875,3509.19627555083,3489.996344489449,3509.19627555083,0
1995-09-19,3513.79638671875,3515.296385155438,3499.6963037577298,3499.6963037577298,0
1995-09-20,3507.096435546875,3528.9963150227754,3504.0964386794712,3513.79637972267,0
1995-09-21,3496.29638671875,3497.0964347088848,3485.3962516514525,3497.0964347088848,0
1995-09-22,3423.396484375,3465.996539498736,3418.796635451931,3465.996539498736,0
1995-09-25,3382.796630859375,3412.1965034975715,3371.296642478933,3412.1965034975715,0
1995-09-26,3401.796630859375,3412.196522753792,3393.396492815072,3393.396492815072,0
1995-09-27,3361.0966796875,3365.796626079902,3329.49661416601,3365.796626079902,0
1995-09-28,3343.396484375,3355.896471596209,3328.496597263469,3355.896471596209,0
1995-09-29,3376.796630859375,3382.596673816739,3354.196556078755,3354.196556078755,0
1995-10-02,3361.396484375,3387.8964574290326,3353.496590064099,3376.79661520006,0
1995-10-03,3338.296630859375,3347.696523578893,3328.496592065177,3347.696523578893,0
1995-10-04,3340.5966796875,3349.09667099064,3333.096687361201,3338.296633212693,0
1995-10-05,3319.796630859375,3356.596641799249,3307.596692248212,3340.59665827238,0
1995-10-06,3275.696533203125,3281.0966740528165,3232.796675622488,3281.0966740528165,0
1995-10-09,3227.896728515625,3260.596891675703,3210.7968918134075,3260.596891675703,0
1995-10-10,3244.796875,3244.796875,3162.196858137176,3227.8967450461228,0
1995-10-11,3271.5966796875,3281.9965711660648,3240.596712074414,3244.7966588584354,0
1995-10-13,3334.896484375,3335.3964838625457,3307.7966586342573,3307.7966586342573,0
1995-10-16,3318.296630859375,3320.596677318367,3301.396501782761,3320.596677318367,0
1995-10-17,3306.49658203125,3331.996555671594,3304.996583581818,3318.296618661522,0
1995-10-18,3327.99658203125,3332.29662644308,3291.9966190044697,3306.4966041124785,0
1995-10-19,3313.0966796875,3329.496565112246,3302.8964948980592,3327.996566659725,0
1995-10-20,3263.99658203125,3306.096635601465,3255.896492857194,3306.096635601465,0
1995-10-23,3189.19677734375,3212.296852011244,3179.6967867979606,3212.296852011244,0
1995-10-24,3200.996826171875,3210.1967682218933,3174.096950499686,3189.196789043633,0
1995-10-25,3255.99658203125,3257.496580456633,3222.4966171976976,3222.4966171976976,0
1995-10-26,3231.496826171875,3251.996806037734,3223.59693158704,3251.996806037734,0
1995-10-27,3214.796875,3218.7968710509795,3184.3967585283285,3218.7968710509795,0
1995-10-30,3252.19677734375,3267.096909287044,3250.196779295554,3250.196779295554,0
1995-10-31,3277.296630859375,3285.5966710311955,3259.096698668632,3259.096698668632,0
1995-11-02,3287.396484375,3312.3964583820507,3280.896491133167,3280.896491133167,0
1995-11-03,3277.99658203125,3296.9965622199607,3269.796639409459,3287.396474573727,0
1995-11-06,3269.696533203125,3271.096678223862,3242.896512390332,3271.096678223862,0
1995-11-07,3305.796630859375,3309.9965776887907,3250.396541654922,3269.696570528131,0
1995-11-08,3316.5966796875,3321.59667453468,3307.696542375296,3307.696542375296,0
1995-11-09,3316.796630859375,3321.196528669017,3309.496589553964,3316.59667989355,0
1995-11-10,3298.796630859375,3299.2966303413123,3279.896503957912,3299.2966303413123,0
1995-11-13,3305.696533203125,3305.696533203125,3284.096702020932,3298.7966379936133,0
1995-11-14,3325.5966796875,3329.99657750914,3309.3965010251563,3309.3965010251563,0
1995-11-15,3319.696533203125,3326.896476961918,3312.996588929532,3325.596673612699,0
1995-11-16,3364.396484375,3364.396484375,3342.39650672529,3342.39650672529,0
1995-11-17,3349.196533203125,3358.996572029978,3341.496589889304,3358.996572029978,0
1995-11-20,3384.296630859375,3395.096668780007,3368.396500433329,3368.396500433329,0
1995-11-21,3395.796630859375,3396.996580823465,3369.096706561756,3384.29664243445,0
1995-11-22,3454.796630859375,3459.396479824185,3415.3965233551053,3415.3965233551053,0
1995-11-23,3466.696533203125,3493.0966536584588,3457.896493051347,3457.896493051347,0
1995-11-24,3510.29638671875,3512.09643366898,3456.096492090802,3466.696334548164,0
1995-11-27,3514.396240234375,3527.8962261669726,3494.896260553956,3510.2963909909195,0
1995-11-28,3491.49658203125,3509.9965639208613,3472.096698678839,3509.9965639208613,0
1995-11-29,3504.596435546875,3509.696283733441,3474.296418380592,3491.496351579488,0
1995-11-30,3510.096435546875,3513.6962853067503,3470.1963306905723,3504.5964412850594,0
1995-12-01,3543.496337890625,3548.596430276065,3520.4963616604896,3520.4963616604896,0
1995-12-04,3530.896240234375,3531.6962882327207,3512.996356455694,3531.6962882327207,0
1995-12-05,3538.79638671875,3541.896237026507,3515.9963614851404,3530.896248409801,0
1995-12-07,3528.396240234375,3538.796375924488,3521.696296016348,3538.796375924488,0
1995-12-11,3545.396240234375,3551.0964296590378,3509.896276902984,3528.3962577939906,0
1995-12-12,3546.496337890625,3571.0964101448594,3542.4963420210174,3545.396241370334,0
1995-12-13,3532.996337890625,3546.896225826517,3516.196306476488,3546.496323897283,0
1995-12-14,3554.29638671875,3571.496320168964,3539.596450692706,3539.596450692706,0
1995-12-15,3577.096435546875,3578.9963359455714,3550.0964631885263,3554.2964100606387,0
1995-12-18,3566.396240234375,3606.3961991609176,3552.996351650133,3577.0964245595246,0
1995-12-19,3528.996337890625,3551.496314541954,3509.1963096093814,3551.496314541954,0
1995-12-20,3601.496337890625,3601.896239827743,3564.796424036322,3564.796424036322,0
1995-12-21,3623.6962890625,3623.6962890625,3593.596465965772,3601.496360325885,0
1995-12-22,3633.79638671875,3641.496330130687,3618.096451369138,3623.696299241283,0
1995-12-26,3633.79638671875,3633.79638671875,3607.3962668401937,3633.79638671875,0
1995-12-27,3537.396240234375,3638.596330778912,3533.4963419280166,3633.796286920058,0
1995-12-28,3599.1962890625,3612.8962262949663,3582.6963058508986,3582.6963058508986,0
1995-12-29,3630.79638671875,3632.496336176015,3601.696318413535,3601.696318413535,0
1996-01-02,3685.396240234375,3685.596435347945,3639.996383003615,3639.996383003615,0
1996-01-03,3717.6962890625,3744.896213441143,3713.196293495212,3713.196293495212,0
1996-01-04,3718.1962890625,3725.796379233303,3700.296404348625,3717.696289554957,0
1996-01-05,3693.496337890625,3705.496325992611,3671.396262146646,3705.496325992611,0
1996-01-08,3696.596435546875,3698.896237956029,3679.796403362048,3693.4963409617976,0
1996-01-09,3689.6962890625,3718.896211252773,3678.096447059988,3696.596428698326,0
1996-01-10,3655.6962890625,3673.396222503391,3643.396252555989,3673.396222503391,0
1996-01-11,3651.29638671875,3655.99633317676,3628.996360256691,3655.696284649572,0
1996-01-12,3679.29638671875,3691.896227693391,3671.49634565423,3671.49634565423,0
1996-01-15,3680.096435546875,3695.3962250093655,3677.2963895051103,3679.296387514888,0
1996-01-16,3703.596435546875,3705.3962384547335,3679.496361720734,3680.096458783609,0
1996-01-17,3718.29638671875,3721.0964327891406,3696.6963103361786,3703.596450024682,0
1996-01-18,3735.39599609375,3742.496086325157,3713.596214203136,3718.296160460093,0
1996-01-19,3742.09619140625,3747.796136628141,3728.996107424743,3735.396003087854,0
1996-01-22,3733.496337890625,3745.09642416859,3721.9963491707263,3742.0964271112257,0
1996-01-23,3710.79638671875,3718.7963788237207,3706.296391159704,3718.7963788237207,0
1996-01-24,3735.796142578125,3736.196044503727,3707.6960743040704,3710.796168718777,0
1996-01-25,3752.99609375,3768.096175689555,3742.296153714998,3742.296153714998,0
1996-01-26,3720.6962890625,3740.5964159601,3704.496353835472,3740.5964159601,0
1996-01-29,3678.596435546875,3696.796368600387,3667.6962999137822,3696.796368600387,0
1996-01-30,3707.096435546875,3708.696287482063,3652.896293776777,3678.596463700989,0
1996-01-31,3734.496337890625,3735.396239351917,3708.196314852741,3708.196314852741,0
1996-02-01,3750.89599609375,3751.496093125048,3727.296167155408,3734.496110829133,0
1996-02-02,3727.396240234375,3741.0964220866576,3719.596443210056,3741.0964220866576,0
1996-02-05,3680.79638671875,3689.796377764451,3666.896254063938,3689.796377764451,0
1996-02-06,3694.596435546875,3694.596435546875,3675.696307796437,3680.79640039744,0
1996-02-07,3697.896240234375,3710.496325412479,3688.2963962256895,3694.596438814742,0
1996-02-08,3660.396240234375,3687.896212721532,3646.296400825189,3687.896212721532,0
1996-02-09,3685.396240234375,3686.196288267508,3611.796459853476,3660.3962650763833,0
1996-02-12,3691.496337890625,3703.2963750126496,3682.696297792485,3685.396246285906,0
1996-02-13,3731.996337890625,3732.996336909353,3704.096462924285,3704.096462924285,0
1996-02-14,3729.396240234375,3733.996333373528,3711.396257909597,3731.9963353374415,0
1996-02-15,3786.09619140625,3786.496093337407,3712.196121167204,3729.396054593296,0
1996-02-16,3790.09619140625,3824.19600977701,3767.19606852381,3786.096195528832,0
1996-02-19,3781.99609375,3796.196030255413,3761.59621247635,3790.09618304004,0
1996-02-20,3780.196044921875,3794.9960784564464,3751.8960253374585,3781.9960918899287,0
1996-02-21,3837.39599609375,3838.096190693492,3784.896049535698,3784.896049535698,0
1996-02-22,3863.59619140625,3880.2961256938247,3852.196056447867,3852.196056447867,0
1996-02-23,3862.09619140625,3889.395968481865,3855.8960023648233,3863.5961898891023,0
1996-02-26,3847.49609375,3865.996074967512,3841.396002286994,3862.096176583214,0
1996-02-27,3858.196044921875,3860.296140451873,3845.69605757755,3847.4961045832088,0
1996-02-28,3909.89599609375,3911.496092151396,3874.396031560611,3874.396031560611,0
1996-02-29,3915.49609375,3916.296141779966,3890.396021134551,3909.8960016806177,0
1996-03-01,3918.196044921875,3939.4960725149135,3903.9961079066434,3915.496096441717,0
1996-03-04,3713.79638671875,3759.896194776164,3657.49639340706,3759.896194776164,0
1996-03-05,3652.79638671875,3710.096378100794,3633.996356738586,3710.096378100794,0
1996-03-06,3720.79638671875,3722.2963852424105,3666.596488891894,3666.596488891894,0
1996-03-07,3755.196044921875,3756.395994845532,3721.9961282853938,3721.9961282853938,0
1996-03-08,3762.296142578125,3808.496045782385,3698.496159991112,3755.196052293631,0
1996-03-11,3703.496337890625,3722.696270077129,3664.896278403075,3722.696270077129,0
1996-03-12,3694.29638671875,3741.896193049288,3685.196298083303,3703.496328770839,0
1996-03-13,3688.6962890625,3721.2963543536553,3679.796395554496,3694.2963811590216,0
1996-03-14,3700.596435546875,3701.496337000083,3666.596469193234,3688.696300838871,0
1996-03-15,3685.79638671875,3713.496310368717,3663.596457604135,3700.5964208419546,0
1996-03-18,3717.6962890625,3717.9963375950624,3683.796420111749,3685.796418141655,0
1996-03-19,3746.99609375,3746.99609375,3717.096222576918,3717.696075467195,0
1996-03-20,3746.99609375,3746.99609375,3717.096222576918,3746.99609375,0
1996-03-21,3810.09619140625,3822.296130070302,3793.996110256393,3793.996110256393,0
1996-03-22,3791.49609375,3804.895982288299,3784.096199030111,3804.895982288299,0
1996-03-25,3842.39599609375,3848.8959894857376,3791.796194018808,3791.796194018808,0
1996-03-26,3823.696044921875,3844.296121533291,3817.396002529811,3842.395976990085,0
1996-03-27,3839.39599609375,3846.0961845893935,3826.59620442892,3826.59620442892,0
1996-03-28,3830.196044921875,3830.29614247604,3796.596225673241,3830.29614247604,0
1996-03-29,3857.09619140625,3862.5961858361648,3823.196079254001,3830.196072164802,0
1996-04-01,3862.696044921875,3865.7961394430754,3840.196067675552,3857.096197069239,0
1996-04-02,3879.89599609375,3879.89599609375,3856.0962153676896,3862.696062238639,0
1996-04-03,3894.796142578125,3908.6960309811097,3883.096203140597,3883.096203140597,0
1996-04-08,3850.59619140625,3872.196023009855,3830.19606561685,3872.196023009855,0
1996-04-09,3886.196044921875,3889.0961884911408,3854.396028057864,3854.396028057864,0
1996-04-10,3910.99609375,3917.796135786335,3890.1960656966617,3890.1960656966617,0
1996-04-11,3888.696044921875,3909.296121885057,3875.496107009524,3909.296121885057,0
1996-04-12,3918.09619140625,3921.096188415324,3888.996122762086,3888.996122762086,0
1996-04-15,3949.59619140625,3950.596190417226,3924.696069548722,3924.696069548722,0
1996-04-16,3954.196044921875,3961.895988487171,3944.896005281024,3949.596195950324,0
1996-04-17,3964.196044921875,3965.39599491134,3933.296173026323,3954.196054775692,0
1996-04-18,3984.595947265625,3995.595935807939,3950.7959336438953,3964.195822030202,0
1996-04-19,4038.495849609375,4038.895751542143,3982.7959556806736,3984.596002658877,0
1996-04-22,4070.2958984375,4084.295884162024,4046.995873367895,4046.995873367895,0
1996-04-23,4058.495849609375,4071.595933868921,4040.595965570809,4070.29588637028,0
1996-04-24,4070.595947265625,4086.595930951999,4052.1958195420702,4058.495861946655,0
1996-04-25,4095.995849609375,4098.395749521354,4075.895772320131,4075.895772320131,0
1996-04-26,4124.29541015625,4124.395507705844,4096.495635090048,4096.495635090048,0
1996-04-29,4112.19580078125,4139.795380661736,4093.4956254528433,4124.295397225918,0
1996-04-30,4082.895751953125,4099.795637117615,4075.995856623333,4099.795637117615,0
1996-05-03,4060.7958984375,4060.995849405013,4014.895798865934,4060.995849405013,0
1996-05-06,4062.895751953125,4073.595936335011,4046.0959644271975,4060.795900582572,0
1996-05-07,4036.495849609375,4067.595915288032,4028.7959063547055,4062.895724808344,0
1996-05-08,4004.095947265625,4035.8957189915086,3987.2959158513418,4035.8957189915086,0
1996-05-09,4015.095947265625,4019.495845061216,3980.595982928117,4004.095958636274,0
1996-05-10,4057.895751953125,4059.295897005441,4006.895804115556,4015.095991040955,0
1996-05-13,4062.895751953125,4077.695785662496,4056.59595370109,4057.8957570607954,0
1996-05-14,4068.995849609375,4071.295896091444,4041.895779595296,4062.8957581752406,0
1996-05-16,4067.595947265625,4069.1957991488334,4058.295907926839,4068.99584818098,0
1996-05-17,4109.69580078125,4110.095702697382,4062.895557856382,4067.59574814293,0
1996-05-20,4143.3955078125,4156.695786674826,4120.99562922631,4120.99562922631,0
1996-05-21,4155.19580078125,4157.995602507683,4142.395521350064,4143.395520292466,0
1996-05-22,4128.095703125,4140.495592268547,4118.595713238138,4140.495592268547,0
1996-05-23,4137.595703125,4152.095687724598,4127.595713745966,4128.095713214919,0
1996-05-24,4137.49560546875,4142.495600158139,4121.095720543703,4137.595703018684,0
1996-05-27,4150.69580078125,4151.895506542316,4128.295433872541,4137.495619444385,0
1996-05-28,4166.8955078125,4189.795386005361,4156.595713987467,4156.595713987467,0
1996-05-29,4155.29541015625,4167.295397465379,4145.495615832755,4166.895495544554,0
1996-05-30,4125.99560546875,4137.895495138119,4109.69581814189,4137.895495138119,0
1996-05-31,4111.69580078125,4131.395486757711,4101.895518286924,4125.995590185306,0
1996-06-03,4088.69580078125,4092.895747689805,4064.5959717290993,4092.895747689805,0
1996-06-04,4116.49560546875,4117.695799499992,4086.2956865365513,4088.695586318308,0
1996-06-05,4125.19580078125,4130.095697905187,4113.395520383225,4116.495614736974,0
1996-06-06,4168.3955078125,4172.695796247671,4131.595741921155,4131.595741921155,0
1996-06-07,4136.49560546875,4191.39544948799,4106.395539790216,4168.395473922709,0
1996-06-10,4173.19580078125,4184.695788671333,4154.495625160735,4154.495625160735,0
1996-06-11,4224.3955078125,4225.695799428589,4159.395575430277,4173.195854042949,0
1996-06-12,4255.595703125,4262.695793449358,4228.995632937252,4228.995632937252,0
1996-06-13,4241.99560546875,4259.2953922343895,4233.995613756409,4255.595689035878,0
1996-06-14,4237.095703125,4240.5956994949565,4213.295434840852,4240.5956994949565,0
1996-06-17,4223.99560546875,4234.895496472547,4206.395526123149,4234.895496472547,0
1996-06-18,4250.99560546875,4258.995597198637,4201.995656123192,4223.995633380381,0
1996-06-19,4228.19580078125,4255.7953814709135,4214.795424083792,4250.995581772036,0
1996-06-20,4211.49560546875,4223.495592947232,4198.295423930124,4223.495592947232,0
1996-06-21,4241.49560546875,4246.895502217772,4202.39554832331,4211.495636551135,0
1996-06-24,4264.3955078125,4272.495597121471,4242.895529968589,4242.895529968589,0
1996-06-25,4269.3955078125,4291.495582720923,4263.095709609445,4264.395512959045,0
1996-06-26,4257.99560546875,4266.995596180169,4246.195812959411,4266.995596180169,0
1996-06-27,4233.095703125,4254.795387629015,4223.895517363549,4254.795387629015,0
1996-06-28,4264.095703125,4267.39550441176,4227.69583829456,4233.095735073234,0
1996-07-01,4278.29541015625,4281.595699735046,4237.595744930423,4264.09571771048,0
1996-07-02,4255.8955078125,4306.4955532204085,4248.495613109696,4278.295387026695,0
1996-07-03,4228.69580078125,4259.395475908885,4225.995608274835,4255.89547954614,0
1996-07-04,4249.69580078125,4254.595698058108,4231.9956237721735,4231.9956237721735,0
1996-07-05,4192.69580078125,4246.4955490790935,4175.895525421537,4246.4955490790935,0
1996-07-08,4192.99560546875,4193.295409842036,4145.495655251778,4192.695801095465,0
1996-07-09,4209.99560546875,4217.695792743542,4181.895537144272,4192.995623213888,0
1996-07-10,4209.99560546875,4217.695792743542,4181.895537144272,4209.99560546875,0
1996-07-11,4151.19580078125,4177.295382526759,4131.195821953591,4177.295382526759,0
1996-07-12,4114.69580078125,4141.8954787630055,4107.895515075265,4141.8954787630055,0
1996-07-15,4056.7958984375,4105.495799785914,4050.495856054767,4105.495799785914,0
1996-07-16,3985.495849609375,4040.795840849543,3953.4958829333,4040.795840849543,0
1996-07-17,4001.895751953125,4041.4958085399135,3994.9958567652975,3994.9958567652975,0
1996-07-18,4037.095947265625,4051.595932358721,4022.3957670658415,4022.3957670658415,0
1996-07-19,4055.095947265625,4091.195763833088,4043.095959547612,4043.095959547612,0
1996-07-22,3995.495849609375,4056.095884316288,3986.395761406,4055.0958853550537,0
1996-07-23,4029.895751953125,4029.9958495062847,3988.995891732152,3995.495885037807,0
1996-07-24,3976.495849609375,3994.8957327486014,3950.595974298119,3994.8957327486014,0
1996-07-25,4010.7958984375,4012.895749780189,3962.4958995904426,3976.495885103192,0
1996-07-26,3964.296142578125,4025.895935395916,3954.896005356248,4010.796096759034,0
1996-07-29,3935.696044921875,3975.8959561946062,3910.696069734806,3964.296114192036,0
1996-07-30,3932.39599609375,3947.996078253641,3890.596232928092,3935.696041643771,0
1996-07-31,3979.395751953125,3983.695796296433,3918.596010677935,3932.3958009726666,0
1996-08-01,4039.995849609375,4046.395745378349,3992.1958498874073,3992.1958498874073,0
1996-08-02,4120.19580078125,4124.595698432144,4050.0957778925,4050.0957778925,0
1996-08-05,4120.19580078125,4124.595698432144,4050.0957778925,4120.19580078125,0
1996-08-06,4100.99560546875,4117.495587787754,4094.595709982979,4117.495587787754,0
1996-08-07,4072.395751953125,4112.196004359364,4063.895760615909,4100.995820461555,0
1996-08-08,4070.095947265625,4084.795883447564,4048.0959696996174,4072.395749607952,0
1996-08-09,4030.495849609375,4058.895722708444,4010.495870204292,4058.895722708444,0
1996-08-12,4018.895751953125,4026.695792725999,3994.795923325855,4026.695792725999,0
1996-08-13,4030.595947265625,4056.3957253865433,4023.795905439648,4023.795905439648,0
1996-08-14,4025.69580078125,4034.195792017974,4016.095957162821,4030.595942213704,0
1996-08-16,4051.995849609375,4057.195795455034,4031.995870095015,4031.995870095015,0
1996-08-19,4012.2958984375,4048.195763645788,4002.79590826446,4048.195763645788,0
1996-08-20,4022.19580078125,4025.2958952386,4003.2959179397567,4012.29590865292,0
1996-08-21,3997.7958984375,4018.995827600251,3985.4958623789,4018.995827600251,0
1996-08-22,4060.19580078125,4063.095944301057,3998.39581512596,3998.39581512596,0
1996-08-23,4069.995849609375,4079.9958394118553,4038.695832699537,4060.1958107748696,0
1996-08-26,4040.995849609375,4055.4958347168576,4025.995865015428,4055.4958347168576,0
1996-08-27,4075.495849609375,4078.395748999935,4032.695844367785,4040.995884743341,0
1996-08-28,4084.495849609375,4099.696029476472,4078.795904229402,4078.795904229402,0
1996-08-29,4046.19580078125,4088.19575769974,4038.795906027952,4084.4958103230906,0
1996-08-30,4025.495849609375,4057.495816616579,4013.095960050233,4046.1957794390855,0
1996-09-02,4033.595947265625,4042.79588897117,4020.395765535524,4025.4958579440063,0
1996-09-03,4003.995849609375,4021.095929540329,3969.39578781824,4021.095929540329,0
1996-09-04,3966.196044921875,4025.195986813672,3961.8960003288025,4003.996056521307,0
1996-09-05,3953.296142578125,3978.596166407309,3938.5962059312506,3966.196032175501,0
1996-09-06,3963.09619140625,3963.196044823454,3898.0962554738335,3953.2961522375936,0
1996-09-09,3987.895751953125,3995.795890215455,3958.795928723055,3963.095973075921,0
1996-09-10,4003.69580078125,4018.3957367145854,3990.0959613637606,3990.0959613637606,0
1996-09-11,4001.2958984375,4004.095944361245,3976.6958262979606,4003.695798291926,0
1996-09-12,4030.395751953125,4034.295894421241,4000.1958318802967,4001.2959284036974,0
1996-09-13,4079.2958984375,4090.1957896913937,4035.995893664021,4035.995893664021,0
1996-09-16,4101.595703125,4122.3954855272,4093.59571169635,4093.59571169635,0
1996-09-17,4083.595947265625,4120.495812105945,4072.8957628283306,4101.595928971221,0
1996-09-18,4069.7958984375,4105.5959107566605,4066.195804452637,4083.5959331923054,0
1996-09-19,4082.19580078125,4093.0959361833984,4063.995868113345,4069.795911044536,0
1996-09-20,4093.595947265625,4115.295632296128,4086.595954362736,4086.595954362736,0
1996-09-23,4097.99560546875,4121.195775902289,4086.5957153497993,4093.5957078432793,0
1996-09-24,4135.69580078125,4136.595702168777,4094.99564871615,4097.995645528396,0
1996-09-25,4177.79541015625,4177.79541015625,4146.695833494212,4146.695833494212,0
1996-09-26,4213.8955078125,4226.695787432265,4187.7954373751445,4187.7954373751445,0
1996-09-27,4195.095703125,4240.395460359185,4180.795425136365,4213.89548811897,0
1996-09-30,4215.595703125,4229.395493426963,4167.3955580585525,4195.095724495122,0
1996-10-01,4239.69580078125,4246.495598420621,4214.395534036743,4215.595728105217,0
1996-10-02,4262.3955078125,4270.295402011457,4248.195815421138,4248.195815421138,0
1996-10-03,4243.8955078125,4271.495576889025,4236.495613131302,4262.395488655868,0
1996-10-04,4266.29541015625,4272.295403975909,4208.695860112121,4243.895530885672,0
1996-10-07,4271.29541015625,4289.795391122506,4267.095707445873,4267.095707445873,0
1996-10-08,4277.095703125,4281.495600948045,4241.6958371530845,4271.295416115795,0
1996-10-09,4257.79541015625,4300.295366291441,4248.195810689133,4277.095683204913,0
1996-10-10,4247.49560546875,4264.395490327592,4224.7954336422345,4257.795399499908,0
1996-10-11,4243.095703125,4260.995586930022,4222.895528733616,4247.4956009118205,0
1996-10-14,4266.095703125,4266.895506988617,4218.59575205499,4243.095726817416,0
1996-10-15,4328.3955078125,4328.3955078125,4275.395561622259,4275.395561622259,0
1996-10-16,4295.49560546875,4336.595661077354,4288.795417010916,4328.395474154102,0
1996-10-17,4322.29541015625,4332.595692652575,4278.195845617824,4295.495632716416,0
1996-10-18,4377.3955078125,4386.495596333039,4336.195842142196,4336.195842142196,0
1996-10-21,4402.595703125,4404.895505516911,4375.995632020096,4377.39553296651,0
1996-10-22,4403.3955078125,4410.69579349566,4384.795428718886,4402.595703923194,0
1996-10-23,4384.79541015625,4404.195781337803,4371.3955212421415,4403.395489171122,0
1996-10-24,4406.69580078125,4413.795403076246,4373.295443464407,4384.795431996164,0
1996-10-25,4396.8955078125,4402.195795483813,4383.495618861433,4402.195795483813,0
1996-10-28,4383.595703125,4413.295380382483,4378.095708638715,4396.8954944795305,0
1996-10-29,4352.19580078125,4364.195788664534,4338.09571736224,4364.195788664534,0
1996-10-30,4308.79541015625,4372.795344882853,4306.695802922635,4352.19575651733,0
1996-10-31,4306.69580078125,4316.495595469088,4294.895519853449,4308.7954080138215,0
1996-11-04,4316.595703125,4324.095695489596,4289.995632549081,4306.695810859884,0
1996-11-05,4373.8955078125,4375.495603861105,4316.995662637045,4316.995662637045,0
1996-11-06,4427.29541015625,4427.29541015625,4396.795440430505,4396.795440430505,0
1996-11-07,4433.69580078125,4434.395507118975,4403.995634906563,4427.295416500097,0
1996-11-08,4428.095703125,4458.595672856217,4415.995617477119,4433.695795223606,0
1996-11-11,4421.3955078125,4431.995594933069,4412.395516757807,4428.0956964655215,0
1996-11-12,4459.49560546875,4470.095692679331,4422.195837537648,4422.195837537648,0
1996-11-13,4469.8955078125,4470.395507320931,4450.895526492134,4459.495615693296,0
1996-11-14,4492.8955078125,4504.995593633575,4477.495620531483,4477.495620531483,0
1996-11-15,4489.8955078125,4499.795400466629,4458.595733759975,4492.895504876223,0
1996-11-18,4483.69580078125,4496.195788529842,4474.695809602264,4489.895501736089,0
1996-11-19,4506.8955078125,4507.595702442262,4445.99566485026,4483.695823402529,0
1996-11-20,4512.8955078125,4530.495588330285,4499.595716075964,4506.895513655127,0
1996-11-21,4511.595703125,4518.395501189139,4481.895536742023,4512.895506546423,0
1996-11-22,4544.29541015625,4549.795404837516,4503.3955473644455,4511.595734747008,0
1996-11-25,4584.794921875,4589.5952097314375,4554.995148924297,4554.995148924297,0
1996-11-26,4597.1953125,4617.3949980765865,4586.595226102405,4586.595226102405,0
1996-11-27,4566.49560546875,4584.59568570653,4542.195824165954,4584.59568570653,0
1996-11-28,4616.6953125,4624.29491383734,4550.09528528276,4566.495170281297,0
1996-11-29,4667.794921875,4667.895019426542,4632.095252187891,4632.095252187891,0
1996-12-02,4683.4951171875,4698.495101549155,4655.294951275292,4667.794938243338,0
1996-12-03,4757.1953125,4758.195311473595,4697.49517846406,4697.49517846406,0
1996-12-04,4724.4951171875,4732.395011366631,4707.695329862747,4732.395011366631,0
1996-12-05,4713.9951171875,4747.695277592971,4702.794933476284,4724.495106311486,0
1996-12-09,4704.09521484375,4710.59520809681,4649.294978757199,4710.59520809681,0
1996-12-10,4753.1953125,4760.0952077556985,4731.495139479425,4731.495139479425,0
1996-12-11,4677.794921875,4732.495060089974,4669.294930747527,4732.495060089974,0
1996-12-12,4663.89501953125,4701.995077299072,4648.995132786769,4677.794907322668,0
1996-12-13,4650.9951171875,4655.794916835966,4603.294971952641,4655.794916835966,0
1996-12-16,4750.39501953125,4750.695312191337,4695.9951731037445,4695.9951731037445,0
1996-12-17,4733.294921875,4764.095183070555,4713.895039543945,4750.3950018910045,0
1996-12-18,4815.59521484375,4828.995103600572,4767.294970849431,4767.294970849431,0
1996-12-19,4908.89501953125,4911.695309714589,4807.095316102559,4815.595307647731,0
1996-12-20,4966.794921875,5011.095171292564,4944.195334717456,4944.195334717456,0
1996-12-23,4996.4951171875,5008.1953010660245,4952.59525774478,4966.794950899414,0
1996-12-26,4815.59521484375,4828.995103600572,4767.294970849431,4828.995103600572,0
1996-12-27,5106.99462890625,5188.194738819521,5082.294459571244,5082.294459571244,0
1996-12-30,5144.99462890625,5149.4946242085,5113.794466165018,5113.794466165018,0
1996-12-31,5154.79443359375,5217.794367950288,5138.694840993894,5144.994639117252,0
1997-01-02,5018.59521484375,5097.495040422382,5011.395026536631,5097.495040422382,0
1997-01-03,5141.0947265625,5147.49462222004,5025.994749155497,5025.994749155497,0
1997-01-07,5161.5947265625,5226.394463820168,5136.394557472994,5141.094747894533,0
1997-01-08,5221.49462890625,5248.894503065102,5203.694842528512,5203.694842528512,0
1997-01-09,5231.39453125,5241.994618023098,5146.194911693541,5221.494639070509,0
1997-01-10,5258.69482421875,5306.894482020127,5198.294495285071,5231.394559133779,0
1997-01-13,5351.69482421875,5355.694820204255,5296.59478186227,5296.59478186227,0
1997-01-14,5350.19482421875,5404.19477000787,5320.094756780144,5351.694822712892,0
1997-01-15,5327.29443359375,5397.194753743732,5304.694847004143,5350.194801130103,0
1997-01-16,5384.79443359375,5385.094726262972,5313.594797580981,5327.2944909473945,0
1997-01-17,5470.19482421875,5471.494627629994,5366.794535120782,5384.794517446898,0
1997-01-20,5470.19482421875,5471.494627629994,5366.794535120782,5470.19482421875,0
1997-01-21,5516.39453125,5520.294429796574,5416.294531057135,5470.194869201522,0
1997-01-22,5463.0947265625,5571.494522331956,5450.1948369014,5516.394478847839,0
1997-01-23,5450.69482421875,5489.394493115495,5431.694842941259,5463.094714343696,0
1997-01-24,5324.69482421875,5400.59465000129,5320.294438032481,5400.59465000129,0
1997-01-27,5253.89453125,5327.594651218344,5219.094762138552,5324.694751839181,0
1997-01-28,5353.79443359375,5361.494621181181,5208.694969787063,5253.894631472601,0
1997-01-29,5279.99462890625,5316.294396667679,5236.194868774215,5316.294396667679,0
1997-01-30,5256.69482421875,5331.99455196781,5248.794441666065,5279.994605099408,0
1997-01-31,5327.39453125,5386.294374210767,5222.294539555849,5256.694895498316,0
1997-02-03,5294.0947265625,5318.394506596796,5263.794464334709,5318.394506596796,0
1997-02-04,5297.5947265625,5337.094686514516,5287.794443530002,5294.094730111056,0
1997-02-05,5378.99462890625,5393.094712483127,5317.5947878721545,5317.5947878721545,0
1997-02-06,5415.5947265625,5415.794433395684,5345.294503316302,5378.994665205561,0
1997-02-07,5449.79443359375,5474.594702120373,5386.9946907991,5415.594760268295,0
1997-02-10,5447.29443359375,5483.194788820595,5439.594734154491,5449.794431128724,0
1997-02-11,5419.19482421875,5459.594686521229,5407.694835616664,5447.294405743582,0
1997-02-12,5435.39453125,5462.094700178194,5413.694845661728,5419.194840226799,0
1997-02-13,5458.19482421875,5491.9945956458505,5453.894535481665,5453.894535481665,0
1997-02-14,5499.29443359375,5500.694822851006,5454.7944770563145,5458.194864360197,0
1997-02-17,5509.0947265625,5514.294428524298,5474.294467522274,5499.294443148539,0
1997-02-18,5505.19482421875,5567.494568124066,5485.69484324373,5509.094722757599,0
1997-02-19,5481.39453125,5533.094675902705,5471.694833723263,5505.194800897408,0
1997-02-20,5434.79443359375,5457.694801586795,5419.294448912061,5457.694801586795,0
1997-02-21,5377.89453125,5413.094691406853,5355.894553222157,5413.094691406853,0
1997-02-24,5296.49462890625,5345.794383599627,5278.994646652713,5345.794383599627,0
1997-02-25,5333.89453125,5358.394506579159,5320.89454434065,5320.89454434065,0
1997-02-26,5311.39453125,5360.494579254326,5299.694836049948,5333.894508497127,0
1997-02-27,5357.49462890625,5368.294422766543,5304.39458448483,5311.394577467069,0
1997-02-28,5305.39453125,5358.494575148643,5288.994645509223,5357.494576161025,0
1997-03-03,5273.99462890625,5315.59468419655,5248.994654366497,5305.394499272029,0
1997-03-04,5336.69482421875,5352.394515449113,5308.194852902425,5308.194852902425,0
1997-03-05,5319.0947265625,5369.894479953633,5292.094753826423,5336.694806446613,0
1997-03-06,5402.69482421875,5421.09470827024,5373.894559881807,5373.894559881807,0
1997-03-07,5503.0947265625,5503.994628027935,5395.494733925276,5402.694922210297,0
1997-03-10,5620.6943359375,5620.6943359375,5502.394166292492,5503.094360875064,0
1997-03-11,5603.09423828125,5702.793841052722,5590.994153278532,5620.694317532408,0
1997-03-12,5537.5947265625,5628.894442695428,5531.59473238209,5603.094663031975,0
1997-03-13,5566.6943359375,5600.894006970959,5520.293994152437,5537.594268911314,0
1997-03-14,5568.09423828125,5576.094229862759,5481.194427383254,5566.694337410633,0
1997-03-17,5458.5947265625,5575.794318272861,5446.494640812372,5568.094618817885,0
1997-03-18,5414.79443359375,5475.494568696002,5398.59474263145,5458.594683115745,0
1997-03-19,5432.0947265625,5469.694787040928,5417.894545290716,5417.894545290716,0
1997-03-20,5355.49462890625,5434.394452120363,5342.794446330925,5432.094649739364,0
1997-03-21,5357.69482421875,5403.8944849348,5345.994640635694,5355.494631111946,0
1997-03-24,5349.29443359375,5383.294399455229,5338.794444136529,5357.694815784135,0
1997-03-25,5438.79443359375,5441.7944306310965,5387.594777124837,5387.594777124837,0
1997-03-26,5520.69482421875,5537.294417443976,5441.894607914869,5441.894607914869,0
1997-03-31,5424.29443359375,5468.594682696741,5408.694839665345,5468.594682696741,0
1997-04-01,5326.49462890625,5367.59468511831,5284.794475643062,5367.59468511831,0
1997-04-02,5310.39453125,5372.394468541387,5299.794444314999,5326.49461262214,0
1997-04-03,5279.89453125,5317.194786274211,5254.494654744856,5310.394500223208,0
1997-04-04,5336.0947265625,5355.394511823629,5279.194881491797,5279.894587818751,0
1997-04-07,5461.0947265625,5462.894529479859,5390.094796392324,5390.094796392324,0
1997-04-08,5482.79443359375,5493.694813540443,5452.194854194926,5461.094747820099,0
1997-04-09,5527.19482421875,5547.794413575942,5511.594741721999,5511.594741721999,0
1997-04-10,5488.29443359375,5524.494593479133,5477.294444358839,5524.494593479133,0
1997-04-11,5441.39453125,5526.394447348251,5431.494638678239,5488.294387299822,0
1997-04-14,5452.5947265625,5464.694812299526,5363.994716181939,5441.394542282773,0
1997-04-15,5585.89404296875,5593.194328279798,5496.594331953004,5496.594331953004,0
1997-04-16,5587.994140625,5613.594211437912,5545.293990086382,5585.894045170837,0
1997-04-17,5629.2939453125,5640.39403141498,5601.994169040576,5601.994169040576,0
1997-04-18,5628.09423828125,5633.694330107278,5575.194391011212,5629.293944063494,0
1997-04-21,5670.89404296875,5671.793944382689,5596.5943150504445,5628.094282503527,0
1997-04-22,5729.994140625,5730.49414011371,5651.594318451307,5670.894103403241,0
1997-04-23,5802.2939453125,5823.29392410593,5777.194361284005,5777.194361284005,0
1997-04-24,5772.6943359375,5823.793893445651,5755.994157575942,5802.293915268465,0
1997-04-25,5732.59423828125,5750.1943179481805,5711.994161680663,5750.1943179481805,0
1997-04-28,5757.2939453125,5762.094233395849,5723.793979406445,5732.594263418875,0
1997-04-29,5838.1943359375,5855.59422081824,5761.79402198999,5761.79402198999,0
1997-04-30,5909.2939453125,5909.2939453125,5848.094298963911,5848.094298963911,0
1997-05-05,6059.8935546875,6060.793456088616,5973.693937949179,5973.693937949179,0
1997-05-06,6043.19384765625,6120.393473598477,6037.293463228902,6059.893537146463,0
1997-05-07,6042.59375,6061.393534938601,6023.393574857003,6043.1938470258565,0
1997-05-08,6064.8935546875,6066.193846295335,5981.993739108592,6042.593773339461,0
1997-05-09,6128.09375,6164.393517087154,6094.293492042531,6094.293492042531,0
1997-05-12,6283.69384765625,6289.793450869558,6134.093901122741,6134.093901122741,0
1997-05-13,6324.19384765625,6363.09371095582,6296.593777702465,6296.593777702465,0
1997-05-14,6304.3935546875,6378.9935772318,6261.393597982536,6324.193827720102,0
1997-05-16,6253.8935546875,6346.093656417571,6240.293470835236,6304.393503430421,0
1997-05-19,6228.69384765625,6235.0937434778725,6188.493693311692,6235.0937434778725,0
1997-05-20,6299.8935546875,6311.693835766505,6241.69390629714,6241.69390629714,0
1997-05-21,6448.99365234375,6471.193825804923,6384.293520714705,6384.293520714705,0
1997-05-22,6402.19384765625,6495.693754952829,6389.493664935745,6448.993605942659,0
1997-05-23,6432.29345703125,6460.793428906286,6384.493699514551,6402.193877359775,0
1997-05-26,6582.193359375,6591.993153884922,6416.293141045687,6432.293124428902,0
1997-05-27,6675.4931640625,6703.7929397700445,6640.693395011176,6640.693395011176,0
1997-05-28,6522.29296875,6747.693123135786,6487.193396162444,6675.49300349537,0
1997-05-29,6416.49365234375,6538.793336043621,6406.2934671220055,6522.29335236659,0
1997-05-30,6300.79345703125,6418.393436212858,6281.9936712833605,6416.49353578314,0
1997-06-02,6298.09375,6369.893482322744,6179.99377137311,6300.7934543103,0
1997-06-03,6404.79345703125,6407.3935521106005,6324.693927041211,6324.693927041211,0
1997-06-04,6411.3935546875,6445.493618582684,6376.193882505993,6404.793463565728,0
1997-06-05,6514.39306640625,6531.292951015953,6393.093389005668,6411.393174490122,0
1997-06-06,6616.193359375,6639.59323754169,6524.793063185982,6524.793063185982,0
1997-06-09,6511.4931640625,6729.2927400982535,6491.193380686249,6616.193249458085,0
1997-06-10,6514.4931640625,6525.49315251974,6419.793068122879,6511.493167210526,0
1997-06-11,6565.693359375,6620.593204559225,6529.793006128013,6529.793006128013,0
1997-06-12,6673.09326171875,6673.19335927246,6576.593360573549,6576.593360573549,0
1997-06-13,6685.29296875,6743.292909443105,6664.093283396143,6673.093274193349,0
1997-06-16,6627.193359375,6721.29287168653,6615.6933712372165,6685.292908820424,0
1997-06-17,6543.79296875,6673.193224197732,6511.893099730273,6627.193272251329,0
1997-06-18,6619.693359375,6619.693359375,6495.893194250569,6543.793047129731,0
1997-06-19,6674.79296875,6723.292919079152,6639.493200214484,6639.493200214484,0
1997-06-20,6761.89306640625,6767.6933535111975,6705.193416695525,6705.193416695525,0
1997-06-23,6801.9931640625,6826.693334551566,6746.193415453208,6761.89310670642,0
1997-06-24,6797.09326171875,6831.693324577203,6693.49326825455,6801.9931591346,0
1997-06-25,6913.193359375,6913.693358880588,6854.993221612243,6854.993221612243,0
1997-06-26,6934.4931640625,6960.193334040091,6902.1933912157165,6913.193380372063,0
1997-06-27,6939.39306640625,6953.493150172627,6863.993238338234,6934.493168889348,0
1997-06-30,6884.59326171875,6989.792864293879,6883.593262711682,6939.393011993789,0
1997-07-01,6969.89306640625,6972.193357118919,6854.393179686324,6884.593345379081,0
1997-07-02,7094.99267578125,7097.792477578491,7002.792575647664,7002.792575647664,0
1997-07-03,7174.392578125,7198.492651177884,7083.092866643866,7094.992756839215,0
1997-07-04,7174.29248046875,7191.2924631135065,7125.492725600808,7174.392578022811,0
1997-07-07,7204.49267578125,7209.592768252653,7122.392661589372,7174.292511170788,0
1997-07-08,7139.0927734375,7221.092689311219,7128.992686143246,7204.492608685512,0
1997-07-09,7164.69287109375,7222.292421586713,7152.492688253077,7152.492688253077,0
1997-07-10,7095.19287109375,7149.59271728168,7076.892597015989,7149.59271728168,0
1997-07-11,7112.49267578125,7127.39256278157,7074.292519806056,7095.19288890852,0
1997-07-14,7169.392578125,7179.8925673982585,7127.892620521167,7127.892620521167,0
1997-07-15,7064.0927734375,7167.792372950548,7044.492696103075,7167.792372950548,0
1997-07-16,7136.0927734375,7164.292451525655,7079.092831940108,7079.092831940108,0
1997-07-17,7034.79248046875,7196.392409876507,7020.392593117329,7136.092667969608,0
1997-07-18,6846.193359375,7033.892878987911,6770.293044536613,7033.892878987911,0
1997-07-21,6768.29296875,6815.593213945771,6700.993232034853,6815.593213945771,0
1997-07-22,6963.193359375,6963.393066210193,6796.993327225143,6796.993327225143,0
1997-07-23,6958.89306640625,7129.19319208388,6909.99321209835,6963.193355150692,0
1997-07-24,6756.09326171875,6983.4929339753935,6727.493193000568,6958.892861209943,0
1997-07-28,6817.693359375,6881.292904980262,6740.293046357437,6756.093323483628,0
1997-07-29,6697.09326171875,6822.792840444416,6640.89312377153,6817.693236274745,0
1997-07-30,6868.29296875,6871.292965764135,6729.593399764926,6729.593399764926,0
1997-07-31,6810.89306640625,6927.892948976146,6789.193381154478,6868.2929111390895,0
1997-08-01,6730.4931640625,6825.892969511849,6702.693387610306,6810.892984746833,0
1997-08-04,6625.89306640625,6742.193239388048,6579.093310002085,6730.4930561466335,0
1997-08-05,6664.39306640625,6695.493132161905,6578.393154619837,6625.893105897217,0
1997-08-06,6835.09326171875,6837.693356774584,6658.993340184173,6664.393237127359,0
1997-08-07,6864.09326171875,6932.493095943234,6831.593294085406,6835.093290599766,0
1997-08-08,6783.09326171875,6816.792934787787,6733.393116493588,6816.792934787787,0
1997-08-11,6782.193359375,6825.493120419618,6705.493241370413,6783.093260811717,0
1997-08-12,6817.89306640625,6832.193345036873,6798.893085456517,6798.893085456517,0
1997-08-13,6723.39306640625,6804.193277222255,6707.393082674061,6804.193277222255,0
1997-08-14,6708.4931640625,6749.693317392148,6677.293000542887,6723.393051223303,0
1997-08-18,6552.193359375,6610.093201311543,6521.193391717427,6610.093201311543,0
1997-08-19,6674.09326171875,6682.893057393063,6606.493233301803,6606.493233301803,0
1997-08-20,6779.29296875,6779.29296875,6717.19342199342,6717.19342199342,0
1997-08-21,6716.193359375,6826.193247413906,6694.193381767219,6779.292904525443,0
1997-08-22,6630.39306640625,6682.193305968935,6564.593329558301,6682.193305968935,0
1997-08-25,6674.39306640625,6695.993141939625,6623.393118640581,6630.393111471163,0
1997-08-26,6600.9931640625,6687.892976413476,6558.693403180305,6674.392990393957,0
1997-08-27,6578.9931640625,6655.892986503084,6558.993184843584,6600.993141203308,0
1997-08-28,6556.693359375,6630.392989567814,6505.393119891324,6578.99314081299,0
1997-08-29,6532.29296875,6544.593248846709,6500.19339296668,6544.593248846709,0
1997-09-01,6599.09326171875,6599.993163130301,6532.093331123336,6532.293037947712,0
1997-09-02,6702.39306640625,6702.493163960407,6619.493248614087,6619.493248614087,0
1997-09-03,6692.29296875,6794.892961604033,6671.39308775473,6702.393056089372,0
1997-09-04,6694.39306640625,6709.39305108911,6640.99321859142,6692.292970894499,0
1997-09-05,6759.4931640625,6805.993117036671,6696.593325329935,6696.593325329935,0
1997-09-08,6796.09326171875,6799.093258701164,6730.193425661194,6759.49320087714,0
1997-09-09,6783.79296875,6810.993136653255,6775.292977315328,6796.093249323922,0
1997-09-10,6745.693359375,6827.493081168458,6714.993195173372,6783.792930140732,0
1997-09-11,6694.9931640625,6714.593241706048,6665.593291737554,6714.593241706048,0
1997-09-12,6671.4931640625,6767.792870076621,6657.89308034156,6694.993139983278,0
1997-09-15,6778.59326171875,6781.393063582763,6709.993233242858,6709.993233242858,0
1997-09-16,6879.89306640625,6881.693357586211,6745.693492717174,6778.593362371252,0
1997-09-17,6884.29296875,6960.093186450955,6874.593271350316,6879.893070775243,0
1997-09-18,6965.4931640625,6986.193339059841,6887.693435727681,6887.693435727681,0
1997-09-19,6975.59326171875,7001.292943564842,6932.093304347811,6965.493173960377,0
1997-09-22,7116.99267578125,7122.692865227587,7009.692981517698,7009.692981517698,0
1997-09-23,7102.892578125,7142.092733015868,7063.5928139618445,7116.9926612418085,0
1997-09-24,7198.69287109375,7201.892574869502,7093.592880370153,7102.892675595694,0
1997-09-25,7125.392578125,7207.092689457638,7115.392588404028,7198.692795748171,0
1997-09-26,7205.892578125,7208.792477521231,7072.892713308822,7125.392659946787,0
1997-09-29,7219.49267578125,7250.492644331595,7182.192908934588,7205.892591922367,0
1997-09-30,7269.69287109375,7307.392540142567,7235.592807793329,7235.592807793329,0
1997-10-01,7331.892578125,7335.092770240657,7247.092858148465,7269.692933228294,0
1997-10-02,7250.79248046875,7332.292398143511,7234.692887356378,7331.892496203713,0
1997-10-03,7239.0927734375,7305.992608094726,7217.5927951903,7250.7924686314755,0
1997-10-06,7089.69287109375,7213.692742991982,7079.492686318855,7213.692742991982,0
1997-10-07,7120.892578125,7129.2924718290105,6995.092902829192,7089.692903184284,0
1997-10-08,6986.39306640625,7169.392887347424,6958.493191361536,7120.892934802905,0
1997-10-09,6772.09326171875,6952.89288390213,6675.693456683619,6952.89288390213,0
1997-10-10,6826.193359375,6843.593244294028,6685.893206906676,6772.09331589602,0
1997-10-13,6863.09326171875,6907.19331544944,6831.493195537531,6831.493195537531,0
1997-10-14,6830.59326171875,6897.892999053857,6813.9931806755685,6863.093229193354,0
1997-10-15,6754.89306640625,6807.6933059412695,6696.99322265702,6807.6933059412695,0
1997-10-16,6766.09326171875,6799.493130317856,6690.793044827517,6754.89307772205,0
1997-10-17,6664.193359375,6716.593207968495,6648.193375787322,6716.593207968495,0
1997-10-20,6678.79296875,6687.093253223169,6563.393184521262,6664.193374318106,0
1997-10-21,6854.193359375,6858.593257330571,6743.193470079246,6743.193470079246,0
1997-10-22,6826.693359375,6938.3929545554,6808.093280344016,6854.193331837789,0
1997-10-23,6656.9931640625,6752.693261102421,6551.993271884858,6752.693261102421,0
1997-10-24,6604.79296875,6736.193223376199,6567.193398290424,6656.993110035538,0
1997-10-27,6313.8935546875,6505.4934597192905,6288.693872990683,6505.4934597192905,0
1997-10-28,6049.8935546875,6057.493644369601,5403.494330557348,6057.493644369601,0
1997-10-29,6391.99365234375,6394.993649364562,6171.793675703832,6171.793675703832,0
1997-10-30,6463.3935546875,6474.693836558317,6187.293728187072,6391.993722465055,0
1997-10-31,6380.3935546875,6521.493511967766,6336.493696018361,6463.393472113448,0
1997-11-03,6445.29345703125,6495.893504853972,6419.893579702605,6419.893579702605,0
1997-11-04,6450.99365234375,6504.893501651063,6426.293481335753,6445.293462640129,0
1997-11-05,6515.09326171875,6524.59325175092,6468.293017854982,6468.293017854982,0
1997-11-06,6481.29345703125,6508.093723752325,6447.493685446607,6508.093723752325,0
1997-11-07,6317.49365234375,6371.993597583597,6218.793556202585,6371.993597583597,0
1997-11-10,6277.99365234375,6329.393502717301,6253.7934814999535,6317.493612405487,0
1997-11-11,6220.99365234375,6238.093732551753,6154.893622133361,6238.093732551753,0
1997-11-12,6151.09375,6172.89353219109,6083.793526482099,6172.89353219109,0
1997-11-13,6239.29345703125,6248.693838092605,6133.693955089782,6151.09383973145,0
1997-11-14,6299.29345703125,6355.693790822903,6285.293471138721,6285.293471138721,0
1997-11-17,6512.4931640625,6515.893062837495,6415.093363955932,6415.093363955932,0
1997-11-18,6537.09326171875,6573.693321101763,6492.893112627016,6512.493189787168,0
1997-11-19,6557.79296875,6562.593256714861,6450.6934710170535,6537.093283296399,0
1997-11-20,6766.39306640625,6777.292957738081,6621.593408006648,6621.593408006648,0
1997-11-21,6825.693359375,6832.893059195745,6767.19341796274,6767.19341796274,0
1997-11-24,6670.29296875,6759.593170200941,6657.693372287485,6759.593170200941,0
1997-11-25,6741.29296875,6767.79294187798,6672.093331889917,6672.093331889917,0
1997-11-26,6856.39306640625,6885.393037492799,6814.093303892314,6814.093303892314,0
1997-11-27,6919.59326171875,6939.693339517926,6843.493239242496,6856.393128842313,0
1997-11-28,6932.09326171875,6953.493142959459,6861.193429291374,6919.593274045349,0
1997-12-01,7135.99267578125,7140.992670649371,6989.992825632138,6989.992825632138,0
1997-12-02,7136.5927734375,7161.69284533378,7088.392627592361,7135.992676397123,0
1997-12-03,7092.49267578125,7137.992628794722,7066.492702630695,7136.59272789661,0
1997-12-04,7187.99267578125,7217.192841340186,7122.992742013055,7122.992742013055,0
1997-12-05,7196.99267578125,7215.692852062998,7087.492787216842,7187.99268494034,0
1997-12-09,7260.99267578125,7274.4926621637105,7171.792570445577,7196.992740338474,0
1997-12-10,7158.49267578125,7244.092685855766,7128.192902094993,7244.092685855766,0
1997-12-11,7003.19287109375,7044.692827691439,6967.492713117901,7044.692827691439,0
1997-12-12,7059.69287109375,7102.292436272984,7009.89262979125,7009.89262979125,0
1997-12-15,7123.5927734375,7157.092738994055,7089.592808395027,7089.592808395027,0
1997-12-16,7250.892578125,7259.892569033995,7192.492734771674,7192.492734771674,0
1997-12-17,7243.392578125,7297.892523016912,7221.192893541152,7250.8925705413185,0
1997-12-18,7224.29248046875,7263.592733593647,7205.492694841074,7243.39255876073,0
1997-12-19,7045.69287109375,7100.692813919584,7019.792507392991,7100.692813919584,0
1997-12-22,7062.5927734375,7100.492636477428,6973.992767663346,7045.692888619673,0
1997-12-23,7070.19287109375,7115.292433748799,7035.3926141756,7062.592781310655,0
1997-12-26,7049.79248046875,7052.292477871436,7025.992700507481,7052.292477871436,0
1997-12-29,7277.392578125,7281.692866765791,7078.3927784052585,7078.3927784052585,0
1997-12-30,7335.0927734375,7362.092746477554,7287.392625754434,7287.392625754434,0
1997-12-31,7255.392578125,7374.592653106669,7255.192871295351,7335.092692981333,0
1998-01-02,7451.392578125,7451.392578125,7318.892708363479,7318.892708363479,0
1998-01-05,7591.7919921875,7604.992173916064,7450.292137801028,7451.392234325199,0
1998-01-07,7548.9921875,7621.29191736405,7491.892148936943,7591.791947893756,0
1998-01-08,7482.1923828125,7619.891946065325,7449.892123569931,7548.992117751335,0
1998-01-09,7455.29248046875,7480.492651024131,7405.89262665634,7480.492651024131,0
1998-01-12,7390.49267578125,7392.492673799186,7235.193025000757,7392.492673799186,0
1998-01-13,7492.1923828125,7517.892063045352,7453.592325406544,7453.592325406544,0
1998-01-14,7550.59228515625,7583.192349081637,7526.392114883353,7526.392114883353,0
1998-01-15,7578.2919921875,7581.192379822475,7512.392157780226,7550.59231371199,0
1998-01-16,7723.89208984375,7736.692369865376,7627.492285005696,7627.492285005696,0
1998-01-19,7732.39208984375,7800.791923079042,7712.492207606047,7723.892098431802,0
1998-01-20,7807.09228515625,7844.092248130659,7680.892216131234,7732.392164595613,0
1998-01-21,7812.09228515625,7840.492159098644,7740.7920634914435,7807.092290156506,0
1998-01-22,7839.2919921875,7840.692381416897,7698.592425374954,7812.092312262971,0
1998-01-23,7749.09228515625,7895.391942346981,7734.792006604792,7839.291901249817,0
1998-01-26,7853.9921875,7855.692381121288,7751.592387015078,7751.592387015078,0
1998-01-27,7924.59228515625,7930.092279734053,7852.392161022613,7853.9922571014,0
1998-01-28,7953.591796875,8000.491650271629,7933.291525092668,7933.291525092668,0
1998-01-29,7940.39208984375,7979.99214853776,7903.692418921067,7953.592272168677,0
1998-01-30,7958.99169921875,7965.091790512948,7900.291565127193,7940.391620961337,0
1998-02-02,8096.69189453125,8105.891592130911,8030.191962707413,8030.191962707413,0
1998-02-03,8104.19189453125,8108.4916948146465,8035.491769585385,8096.691902213175,0
1998-02-04,8166.49169921875,8170.091793215706,8055.091910106644,8104.191957855446,0
1998-02-05,8109.8916015625,8243.691757581722,8090.291523967672,8166.491641286466,0
1998-02-06,8182.49169921875,8186.79149954429,8073.192005411027,8109.89167521206,0
1998-02-09,8048.49169921875,8220.491521827389,8024.291528865004,8182.491561018503,0
1998-02-10,8084.8916015625,8103.791484501686,8003.491782792175,8048.491736590595,0
1998-02-11,8155.69189453125,8171.191878755521,8099.491756418685,8099.491756418685,0
1998-02-12,8062.591796875,8183.891476679319,8037.991724545571,8155.691798680838,0
1998-02-13,8113.3916015625,8133.391581100594,8032.991781475512,8062.591848848041,0
1998-02-16,8144.79150390625,8149.791498810494,8070.991774431898,8113.391633563743,0
1998-02-17,8283.69140625,8287.191402536477,8163.391240920682,8163.391240920682,0
1998-02-18,8324.69140625,8342.590801414633,8256.191478571016,8283.691449537031,0
1998-02-19,8357.9912109375,8406.090769732162,8326.891634266067,8326.891634266067,0
1998-02-20,8516.791015625,8588.891527157022,8366.291170936141,8366.291170936141,0
1998-02-23,8511.291015625,8593.391516782596,8497.791029565567,8516.79100994551,0
1998-02-24,8641.3916015625,8645.991206259294,8450.091014882182,8511.291147948714,0
1998-02-25,8818.4912109375,8825.59081323659,8678.191546081462,8678.191546081462,0
1998-02-26,8783.19140625,8875.790922963584,8767.090836423831,8818.491175614134,0
1998-02-27,8900.0908203125,8903.590816856165,8523.09119260907,8783.191521690984,0
1998-03-02,9112.5908203125,9156.290973476353,8923.291198203833,8923.291198203833,0
1998-03-03,9132.0908203125,9148.191390754217,9034.191500471932,9112.590839080003,0
1998-03-04,8929.8916015625,9217.79073226619,8887.291057553712,9132.090621302266,0
1998-03-05,8958.291015625,8958.491210741087,8779.29119124339,8929.891629425401,0
1998-03-06,9227.2900390625,9227.990233633956,8978.190693319702,8978.190693319702,0
1998-03-09,9269.490234375,9344.690350462415,9157.4903523695,9227.290083521348,0
1998-03-10,9261.7900390625,9295.29000374016,9212.089896153797,9269.490226255928,0
1998-03-11,9262.08984375,9288.3905972694,9168.290137961643,9261.790039378602,0
1998-03-12,9347.890625,9449.890518441982,9246.089950099898,9262.089933384916,0
1998-03-13,9450.490234375,9502.190376263372,9411.290079569815,9411.290079569815,0
1998-03-16,9448.7900390625,9529.390541696815,9400.490284294334,9450.490232617796,0
1998-03-17,9521.1904296875,9568.0897956466,9505.390641205411,9505.390641205411,0
1998-03-18,9502.990234375,9534.290006897692,9425.990313502973,9521.190410984324,0
1998-03-20,9797.08984375,9845.289991017156,9591.69063442704,9591.69063442704,0
1998-03-23,9940.58984375,9941.190429097484,9804.89075831064,9804.89075831064,0
1998-03-24,10093.890625,10105.089832915004,9898.790227817994,9940.58999206511,0
1998-03-25,10302.9892578125,10407.78895323288,10161.689600448011,10161.689600448011,0
1998-03-26,10170.9892578125,10321.189294489795,10110.789126080945,10302.989118399586,0
1998-03-27,10242.8896484375,10335.689355801696,10210.489291792235,10210.489291792235,0
1998-03-30,10225.689453125,10305.189369609554,10080.189605974025,10242.889630368543,0
1998-03-31,10209.0888671875,10301.389551317054,10143.889717041222,10225.68943565758,0
1998-04-01,10352.2890625,10357.78905679286,10141.089086341904,10209.089015780892,0
1998-04-02,10414.8896484375,10422.1894455958,10288.58899745727,10352.289127067805,0
1998-04-03,10572.2890625,10624.78900915637,10476.7891595346,10476.7891595346,0
1998-04-06,10814.0888671875,10875.38958754436,10551.48951866586,10572.289302691872,0
1998-04-07,10689.9892578125,10949.788801431878,10631.889706820744,10814.088742482048,0
1998-04-08,10534.689453125,10634.588765320506,10455.889728789314,10634.588765320506,0
1998-04-14,10509.5888671875,10781.98897938362,10429.389730411607,10534.689427468911,0
1998-04-15,10339.5888671875,10563.2888300897,10307.588900433468,10509.588690568293,0
1998-04-16,10323.5888671875,10353.189422324209,10200.588995174743,10339.588850538752,0
1998-04-17,10410.189453125,10415.689447449602,10211.789267227494,10323.58895654983,0
1998-04-20,10482.689453125,10592.58875456765,10463.5888867609,10463.5888867609,0
1998-04-21,10429.3896484375,10464.18941728152,10381.58891642187,10464.18941728152,0
1998-04-22,10291.7890625,10489.58866073162,10270.88967025151,10429.389504815264,0
1998-04-23,9966.58984375,10289.190113592094,9888.190506506004,10289.190113592094,0
1998-04-24,9888.2900390625,9959.28996894333,9716.290208928658,9959.28996894333,0
1998-04-27,9549.58984375,9861.789719799895,9503.290086409672,9861.789719799895,0
1998-04-28,9903.990234375,9918.69041519269,9619.890905130274,9619.890905130274,0
1998-04-29,9677.990234375,9911.489998760882,9629.19047892914,9903.990006328786,0
1998-04-30,10025.58984375,10090.58978043552,9682.690763695162,9682.690763695162,0
1998-05-04,10259.7890625,10267.78905412386,10163.18955426646,10163.18955426646,0
1998-05-05,10001.490234375,10233.789812241246,9973.490261714647,10233.789812241246,0
1998-05-06,9962.990234375,10061.78994222,9822.890762324125,10001.490196637717,0
1998-05-07,9741.08984375,9912.19025815613,9716.790063423485,9912.19025815613,0
1998-05-08,9762.390625,9900.99009572961,9590.790210719768,9741.089865057818,0
1998-05-11,9993.58984375,9993.990233983744,9803.490420138043,9803.490420138043,0
1998-05-12,9839.2900390625,9922.690346911597,9809.589873227806,9922.690346911597,0
1998-05-13,9768.2900390625,9903.890489436546,9720.890672386437,9839.289968081945,0
1998-05-14,9854.890625,9857.790036189352,9612.7902789699,9768.290124878573,0
1998-05-15,9836.890625,9938.39052423544,9806.089874327608,9854.890607130425,0
1998-05-18,9795.1904296875,9849.890570464964,9655.58998292908,9836.890583425711,0
1998-05-19,9959.1904296875,9972.790025727223,9748.69063609605,9795.19059049986,0
1998-05-20,10100.390625,10157.789983565575,9998.890723135806,9998.890723135806,0
1998-05-21,10088.990234375,10222.589714432555,10066.19045175652,10100.390613965015,0
1998-05-22,10153.689453125,10196.189408161788,10041.588985785202,10088.989326262585,0
1998-05-25,10391.5888671875,10401.889637789196,10181.789279377952,10181.789279377952,0
1998-05-26,10377.9892578125,10527.689298171486,10325.18950777767,10391.58885311065,0
1998-05-27,9992.990234375,10166.390455545064,9961.589874435924,10166.390455545064,0
1998-05-28,10059.890625,10146.69034542679,9878.89080070533,9992.9902993184,0
1998-05-29,10005.6904296875,10179.5896740231,9987.190447743613,10059.890572100276,0
1998-06-02,10079.490234375,10097.690412054057,9914.690589355449,10005.690501189183,0
1998-06-03,10116.1904296875,10165.089796545188,10088.990260632578,10088.990260632578,0
1998-06-04,10098.7900390625,10168.589776252997,10035.19049118886,10116.190412861177,0
1998-06-05,10265.5888671875,10309.189407500226,10165.989362036094,10165.989362036094,0
1998-06-08,10280.2890625,10402.689325225234,10244.789099594993,10265.588882548169,0
1998-06-09,10051.490234375,10315.390368605207,10004.290084920274,10280.289816769997,0
1998-06-10,10120.8896484375,10121.98925664539,9953.689630589037,10051.489331473142,0
1998-06-11,9953.6904296875,10122.789873158028,9943.290049266374,10120.890460959052,0
1998-06-12,9748.08984375,9943.890428847204,9733.290053888912,9943.890428847204,0
1998-06-15,9593.2900390625,9733.08970143896,9465.790168852793,9733.08970143896,0
1998-06-16,9684.890625,9694.089834474104,9534.290190918357,9593.290131426586,0
1998-06-17,9900.7900390625,9905.190425347188,9783.49035007332,9783.49035007332,0
1998-06-18,9760.990234375,9994.390391489018,9731.890654113397,9900.789899196454,0
1998-06-19,9765.6904296875,9897.690297688516,9676.990323074511,9760.99023907516,0
1998-06-22,9722.390625,9762.490194097112,9618.79014312368,9762.490194097112,0
1998-06-23,9873.490234375,9874.290038271434,9669.290241031662,9722.39077444874,0
1998-06-24,9901.58984375,9948.789992510485,9818.589925610197,9873.49026208873,0
1998-06-25,10136.0888671875,10148.689439770962,9972.289236094211,9972.289236094211,0
1998-06-26,10109.490234375,10135.08981902116,10059.79008707214,10135.08981902116,0
1998-06-29,10242.689453125,10273.989224986355,10135.989369715951,10135.989369715951,0
1998-06-30,10146.3896484375,10231.088777514824,10079.28913354067,10231.088777514824,0
1998-07-01,10342.2890625,10348.389642101034,10180.78923024444,10180.78923024444,0
1998-07-02,10394.2890625,10452.088807453189,10344.689504384663,10344.689504384663,0
1998-07-03,10542.8896484375,10542.8896484375,10402.289205758289,10402.289205758289,0
1998-07-06,10642.0888671875,10651.989247818998,10485.289220774492,10542.889748569678,0
1998-07-07,10642.7890625,10708.489191498764,10614.689481487016,10642.088867894234,0
1998-07-08,10719.8896484375,10719.8896484375,10620.08896719577,10642.78913976088,0
1998-07-09,10635.2890625,10821.088679520357,10583.389700858515,10719.889562986657,0
1998-07-10,10636.689453125,10683.889600769207,10530.789169450636,10635.28906391428,0
1998-07-13,10729.3896484375,10745.989241193109,10608.389769581709,10636.689545935677,0
1998-07-14,10791.689453125,10849.28900516466,10745.489303800729,10745.489303800729,0
1998-07-15,10703.9892578125,10880.788885069443,10645.58892579624,10791.689365111926,0
1998-07-16,10765.7890625,10810.489213210343,10690.58894222276,10703.98931947676,0
1998-07-17,10952.4892578125,10973.58884649305,10773.189628981849,10773.189628981849,0
1998-07-20,10893.189453125,10989.788967239552,10868.289087055196,10952.48919933477,0
1998-07-21,10758.3896484375,10898.989117424777,10736.689474792493,10893.18931852834,0
1998-07-22,10560.7890625,10752.1892584372,10552.789070637404,10752.1892584372,0
1998-07-23,10614.8896484375,10670.189397162076,10543.689525178985,10560.789117249324,0
1998-07-24,10559.189453125,10662.38954344888,10479.689534002708,10614.88959177204,0
1998-07-27,10360.689453125,10606.889393172063,10356.289067062417,10559.189247316108,0
1998-07-28,10340.0888671875,10519.489071435895,10295.98930362698,10360.689431723336,0
1998-07-29,10410.2890625,10468.689392862763,10270.089011857375,10340.088939625726,0
1998-07-30,10568.7890625,10569.689452209836,10424.689599588652,10424.689599588652,0
1998-07-31,10493.689453125,10638.78891396448,10457.489294869903,10568.788985622055,0
1998-08-03,10410.9892578125,10437.789034847658,10339.58894085923,10437.789034847658,0
1998-08-04,10495.2890625,10568.88957310556,10402.989352283532,10410.989344095342,0
1998-08-05,10289.2890625,10347.4891970506,10210.389730809704,10347.4891970506,0
1998-08-06,10115.1904296875,10344.190208601602,10044.089912393392,10289.289870979668,0
1998-08-07,10217.9892578125,10219.789060607864,10093.58899796968,10115.189561198476,0
1998-08-10,10039.7900390625,10198.690275126486,10036.589846862802,10198.690275126486,0
1998-08-11,9708.6904296875,9940.990000713156,9615.290133010523,9940.990000713156,0
1998-08-12,9887.2900390625,9934.690382870427,9765.890744905451,9765.890744905451,0
1998-08-13,9847.6904296875,9979.19029928348,9701.290184242724,9887.289999792933,0
1998-08-14,9919.490234375,10000.890544862325,9883.290074701144,9883.290074701144,0
1998-08-17,9910.6904296875,9962.390574056604,9721.890811036108,9919.490225704008,0
1998-08-18,10112.890625,10122.390615826229,10017.089936260998,10017.089936260998,0
1998-08-19,10205.2890625,10212.889640437055,10120.189542701592,10120.189542701592,0
1998-08-20,9998.1904296875,10228.990008943993,9987.390635548583,10205.28983678038,0
1998-08-21,9417.1904296875,9835.28960549372,9231.190622569273,9835.28960549372,0
1998-08-24,9262.7900390625,9507.690171492848,9093.89080306801,9417.190266905582,0
1998-08-25,9453.2900390625,9528.789961068074,9397.19048764057,9397.19048764057,0
1998-08-26,9113.19140625,9405.891319273043,9018.090912030557,9405.891319273043,0
1998-08-27,8580.0908203125,8924.891248364314,8555.99123562404,8924.891248364314,0
1998-08-28,8382.9912109375,8743.191028602138,7869.991748786607,8580.090613665621,0
1998-08-31,8264.69140625,9621.39015878508,8211.891657712242,8382.991085132044,0
1998-09-01,8239.19140625,8306.290944047341,7937.691727871308,8264.691379048198,0
1998-09-02,8548.69140625,8621.391526818206,8464.691492611813,8464.691492611813,0
1998-09-03,8380.3916015625,8516.991067676743,8220.891768840364,8516.991067676743,0
1998-09-04,8337.291015625,8484.191251389704,8280.09088061213,8380.391556126477,0
1998-09-07,8452.9912109375,8551.991108001597,8368.191494421157,8368.191494421157,0
1998-09-08,8710.0908203125,8735.290990196349,8445.791282320859,8452.99147036789,0
1998-09-09,8504.8916015625,8706.790806979809,8493.191418341117,8706.790806979809,0
1998-09-10,7903.9921875,8402.0913045416,7739.392252538369,8402.0913045416,0
1998-09-11,7707.9921875,7863.092127953407,7456.6926375192625,7863.092127953407,0
1998-09-14,7899.9921875,8003.092183198084,7823.692458267212,7823.692458267212,0
1998-09-15,7833.09228515625,7888.892034190691,7611.192604128832,7888.892034190691,0
1998-09-16,8034.19189453125,8099.291436646585,7995.291544097387,7995.291544097387,0
1998-09-17,7671.09228515625,7906.9919472518,7578.092379870501,7906.9919472518,0
1998-09-18,7628.6923828125,7660.392057380295,7416.692599920258,7660.392057380295,0
1998-09-21,7211.392578125,7472.492410596368,7090.792602955577,7472.492410596368,0
1998-09-22,7506.59228515625,7600.592187325676,7376.292127797633,7376.292127797633,0
1998-09-23,8008.19189453125,8017.891591508413,7693.4920254165745,7693.4920254165745,0
1998-09-24,7884.6923828125,8358.49171803878,7861.792014878192,8008.192260443389,0
1998-09-25,7969.29150390625,7974.991693281456,7565.192315439303,7884.691982649763,0
1998-09-28,8062.29150390625,8227.091138919195,7883.491883307422,7969.291599657174,0
1998-09-29,8066.091796875,8114.991648896117,7934.391737094479,8062.291507817112,0
1998-09-30,7676.4921875,8014.591941066233,7635.69242433513,8014.591941066233,0
1998-10-01,7676.4921875,8014.591941066233,7635.69242433513,7676.4921875,0
1998-10-02,7156.892578125,7360.692662528876,6869.693165007807,7360.692662528876,0
1998-10-05,7145.79248046875,7451.892264382083,7076.492746811357,7156.892566747751,0
1998-10-06,7566.89208984375,7572.99218120191,7343.592515703733,7343.592515703733,0
1998-10-07,7405.29248046875,7688.292200567333,7365.692910259781,7566.892418294271,0
1998-10-08,7195.19287109375,7405.39236415616,7026.392749952084,7405.292266601803,0
1998-10-09,7381.19287109375,7493.892466295312,7270.6929807407105,7270.6929807407105,0
1998-10-13,7715.89208984375,7757.9921448728255,7561.592441387829,7561.592441387829,0
1998-10-14,7956.091796875,7982.591769226944,7621.492048314687,7715.891852168859,0
1998-10-15,8060.29150390625,8098.091757946924,7881.391785799934,7956.091904183537,0
1998-10-16,8455.291015625,8476.790993276314,8205.69166570225,8205.69166570225,0
1998-10-19,8396.69140625,8518.691278549166,8325.791089838434,8455.290954287138,0
1998-10-20,8654.3916015625,8661.8915939458,8420.49144847737,8420.49144847737,0
1998-10-21,8493.4912109375,8608.191287558391,8429.59088643654,8608.191287558391,0
1998-10-22,8254.19140625,8620.990820369507,8244.491221266257,8493.490956131354,0
1998-10-23,8410.19140625,8453.691360790413,8263.49136424624,8263.49136424624,0
1998-10-26,8467.69140625,8565.391500154432,8436.590852593401,8436.590852593401,0
1998-10-27,8716.791015625,8774.790957144176,8512.791221316169,8512.791221316169,0
1998-10-28,8534.3916015625,8558.391576846352,8422.891716389602,8558.391576846352,0
1998-10-29,8541.0908203125,8693.590663385161,8475.891668654565,8534.391608456208,0
1998-10-30,8799.9912109375,8814.291001342968,8660.59095953963,8660.59095953963,0
1998-11-02,9015.4912109375,9055.891562176825,8928.291100635035,8928.291100635035,0
1998-11-03,8943.0908203125,9183.69116979355,8909.291048842631,9015.491139784142,0
1998-11-04,9131.19140625,9165.991177441612,9037.191496727906,9037.191496727906,0
1998-11-05,9109.0908203125,9149.590781235418,9028.39167942645,9131.19138492589,0
1998-11-06,9204.08984375,9289.289948664396,9198.190435946826,9198.190435946826,0
1998-11-09,9094.8916015625,9310.790806985722,9070.191430119592,9204.090714785369,0
1998-11-10,8934.291015625,9066.090690655252,8873.590880025944,9066.090690655252,0
1998-11-11,8940.69140625,9060.790897562329,8912.09084842801,8934.291021916837,0
1998-11-12,8992.4912109375,8992.691406054333,8789.09101911136,8940.691456877938,0
1998-11-13,8842.0908203125,9050.191199397652,8805.191442928082,8992.491061439248,0
1998-11-16,9056.791015625,9058.691404405788,8933.79113498887,8933.79113498887,0
1998-11-17,8984.291015625,9043.691348140435,8944.291054755762,9043.691348140435,0
1998-11-18,8972.3916015625,9069.191311428158,8897.991283817628,8984.291003968734,0
1998-11-19,9240.58984375,9289.990182167816,9028.090068323663,9028.090068323663,0
1998-11-20,9431.890625,9462.890592903144,9319.589960024268,9319.589960024268,0
1998-11-23,9441.890625,9574.690292334526,9387.690485746,9431.89063534286,0
1998-11-24,9479.1904296875,9614.789899365594,9408.690502317737,9441.89066342686,0
1998-11-25,9514.990234375,9515.890624075892,9423.589937557876,9479.190466430273,0
1998-11-26,9758.990234375,9767.690420981398,9579.590023272178,9579.590023272178,0
1998-11-27,9877.2900390625,9893.08982812883,9671.49043784799,9758.990351337285,0
1998-11-30,9645.490234375,9981.89028441008,9610.990269304662,9877.28980437586,0
1998-12-01,9339.7900390625,9469.390489490594,9236.589951655356,9469.390489490594,0
1998-12-02,9230.490234375,9484.58957491933,9207.990258179403,9339.789923426197,0
1998-12-03,9329.6904296875,9470.690282099356,9002.79038123712,9230.490338210266,0
1998-12-04,9381.990234375,9473.089748925377,9137.690683976594,9329.690484125817,0
1998-12-07,9454.1904296875,9558.990126123052,9409.190476169815,9409.190476169815,0
1998-12-09,9596.390625,9611.690414117897,9360.590083708934,9454.190574395278,0
1998-12-10,9468.08984375,9665.089640559476,9458.890634488294,9596.390492667497,0
1998-12-11,9236.1904296875,9343.990120396043,9177.089906238269,9343.990120396043,0
1998-12-14,9260.490234375,9304.190383603624,9130.589980735962,9236.190455312766,0
1998-12-15,9271.7900390625,9318.089794984222,9206.290108051096,9260.490246276644,0
1998-12-16,9362.1904296875,9397.990197032552,9328.99026900582,9328.99026900582,0
1998-12-17,9322.58984375,9424.289932529342,9239.990320899878,9362.190388205028,0
1998-12-18,9351.890625,9426.69035157858,9259.589940134134,9322.589874347035,0
1998-12-21,9602.6904296875,9644.789996248604,9368.890862766584,9368.890862766584,0
1998-12-22,9679.890625,9703.990210061966,9595.8907097439,9602.690507571377,0
1998-12-23,9866.7900390625,9874.89061698248,9679.690614868578,9679.890809982937,0
1998-12-28,9953.58984375,10020.8905589702,9883.3906938735,9883.3906938735,0
1998-12-29,9940.6904296875,10038.49013829764,9897.5898860915,9953.58983107777,0
1998-12-30,9836.58984375,10054.890408274336,9822.190443983016,9940.690326338035,0
1999-01-04,10447.7890625,10475.789033711044,9971.289552426342,9971.289552426342,0
1999-01-05,10650.689453125,10680.588837031257,10350.489560591352,10447.789267143264,0
1999-01-07,10443.3896484375,10920.088376849852,10384.088928184883,10650.68923989432,0
1999-01-08,10412.2890625,10591.689268040756,10320.28915741479,10443.38961635157,0
1999-01-11,10248.5888671875,10566.788728974809,10248.5888671875,10412.28889091576,0
1999-01-12,10010.490234375,10374.890269513504,9984.290064621791,10248.58961147474,0
1999-01-13,9321.6904296875,9801.789536099235,9060.590117284908,9801.789536099235,0
1999-01-14,9304.1904296875,9496.190228165611,9144.890792199987,9321.69041131962,0
1999-01-15,9596.2900390625,9620.990209238971,8905.590546637492,9304.19072694116,0
1999-01-18,10071.490234375,10084.990221285,9801.59010545342,9801.59010545342,0
1999-01-19,9971.6904296875,10135.890464193166,9814.990387836828,10071.490136637658,0
1999-01-20,10090.08984375,10230.289903370824,10000.589930371883,10000.589930371883,0
1999-01-21,9920.7900390625,10081.890466419249,9869.990284380228,10081.890466419249,0
1999-01-22,9611.990234375,9709.6903304258,9451.490397440211,9709.6903304258,0
1999-01-25,9665.58984375,9700.49019911344,9364.190734205977,9611.99028852929,0
1999-01-26,9589.58984375,9790.890420004169,9435.69058641187,9665.589766354957,0
1999-01-27,9609.490234375,9747.490094132922,9596.49024758621,9596.49024758621,0
1999-01-28,9832.1904296875,9865.190396910946,9496.790372191848,9609.49045556726,0
1999-01-29,9878.7900390625,10014.289905114832,9759.589961584596,9832.190475753248,0
1999-02-01,9998.1904296875,10140.190290990662,9941.58989903396,9941.58989903396,0
1999-02-02,9943.58984375,9964.190409455632,9819.589965530597,9964.190409455632,0
1999-02-03,9944.1904296875,10064.789920628586,9870.089916519908,9943.5898443398,0
1999-02-04,9855.390625,10091.390391149784,9831.7900624481,9944.190341696596,0
1999-02-05,9809.2900390625,9917.690321769747,9761.589891237814,9855.39057910467,0
1999-02-08,9648.7900390625,9812.990068186711,9636.089856603969,9809.289876619208,0
1999-02-09,9499.990234375,9734.390384045651,9474.390651315389,9648.789886102171,0
1999-02-10,9656.6904296875,9667.790027837693,9363.690725992456,9499.990392842728,0
1999-02-11,9690.490234375,9708.490216235456,9606.990318522328,9656.690463749335,0
1999-02-12,9739.390625,9914.890449027444,9643.890720757146,9690.490283407062,0
1999-02-15,9901.08984375,9903.29003689241,9665.990466257792,9739.390784486724,0
1999-02-16,9799.2900390625,9987.589656097278,9779.690449219755,9901.089742300026,0
1999-02-17,9797.890625,9832.390590613646,9681.790154780638,9799.290037667695,0
1999-02-18,9758.6904296875,9849.99014301041,9635.290162550456,9797.890585771987,0
1999-02-19,9840.890625,9862.290017826776,9742.990331526527,9758.690511258928,0
1999-02-22,9945.1904296875,9989.890581106933,9827.990349458974,9840.890727416518,0
1999-02-23,10133.7890625,10149.489241169736,10016.389772885046,10016.389772885046,0
1999-02-24,10224.5888671875,10275.289009233267,10062.18962374537,10133.789157896255,0
1999-02-25,10052.08984375,10142.589755829158,10035.089860265518,10142.589755829158,0
1999-02-26,9997.2900390625,10050.190378013009,9935.190490348028,10050.190378013009,0
1999-03-01,9838.890625,10016.19025370814,9810.089872336286,9997.289881842767,0
1999-03-02,9822.990234375,9880.890567437798,9738.29012326797,9838.890609192482,0
1999-03-03,9707.58984375,9905.08964506948,9682.490259624636,9822.990118284824,0
1999-03-04,9834.2900390625,9857.290016223113,9694.08998297115,9707.589969565424,0
1999-03-05,10004.990234375,10042.19039337734,9874.290166635625,9874.290166635625,0
1999-03-08,9861.390625,10023.690268963976,9851.19043978863,10004.990092170052,0
1999-03-09,9915.2900390625,10040.08972083409,9819.190524336453,9861.390678085783,0
1999-03-10,9940.08984375,9981.089803469657,9872.5899100652,9915.290063427004,0
1999-03-11,10191.5888671875,10195.689448802885,9977.78928785006,9977.78928785006,0
1999-03-12,10094.6904296875,10276.190254104184,10075.79005734676,10191.58975000939,0
1999-03-15,10120.9892578125,10167.588817727788,10063.08892864159,10094.689481038984,0
1999-03-16,10213.8896484375,10250.189414947685,10158.989315552468,10158.989315552468,0
1999-03-17,10119.08984375,10199.289961663811,10074.990276934146,10199.289961663811,0
1999-03-18,10039.6904296875,10065.690404397275,9958.89070359404,10065.690404397275,0
1999-03-19,10073.6904296875,10188.39051380758,10059.490248140924,10059.490248140924,0
1999-03-22,9955.08984375,10027.089773120371,9925.890653643472,10027.089773120371,0
1999-03-23,9728.390625,9904.390448326556,9714.0898581055,9904.390448326556,0
1999-03-24,9720.6904296875,9733.79002590235,9588.790171572477,9728.390617264218,0
1999-03-25,9868.2900390625,9871.089840979326,9700.790204819745,9720.690575751409,0
1999-03-26,9659.08984375,9906.08959402596,9614.589888740767,9868.28982755514,0
1999-03-29,9748.08984375,9756.690421071453,9640.790146555211,9659.089932910008,0
1999-03-30,9676.990234375,9831.890468680982,9656.290059952276,9748.089771999235,0
1999-03-31,9740.6904296875,9780.89058469694,9666.690503876853,9676.990298238194,0
1999-04-06,10011.2900390625,10016.58983858025,9826.890804874298,9826.890804874298,0
1999-04-07,10027.6904296875,10062.08981024962,9939.490320270072,10011.290055034264,0
1999-04-08,10100.58984375,10123.29001711513,9991.790144254086,10027.69050016929,0
1999-04-09,10101.890625,10239.089711117917,10009.490323699536,10100.58984500748,0
1999-04-12,10039.1904296875,10096.890568872175,9964.790111435428,10096.890568872175,0
1999-04-13,10120.7890625,10189.489184894312,10082.789102833089,10082.789102833089,0
1999-04-14,10080.390625,10118.89058770222,9990.089931231005,10118.89058770222,0
1999-04-15,9999.990234375,10093.8905333004,9962.290075879097,10080.390546483994,0
1999-04-16,9777.2900390625,10060.489951512964,9722.790093497422,9999.990011940725,0
1999-04-19,9851.6904296875,9863.39061340203,9684.390790838092,9777.290112812849,0
1999-04-20,9661.990234375,9790.28990938668,9605.290096370803,9790.28990938668,0
1999-04-21,9771.08984375,9784.89061120695,9673.190527532062,9673.190527532062,0
1999-04-22,9794.7900390625,9895.78993836334,9744.08989429918,9771.089867379602,0
1999-04-23,9901.58984375,9946.39058081445,9775.29016362788,9794.790144395669,0
1999-04-26,9907.1904296875,9961.990180358292,9853.69048242298,9901.589849270553,0
1999-04-27,10069.890625,10076.890618211512,9885.790217600244,9907.190587471494,0
1999-04-28,10010.390625,10090.99015574622,9936.990305980597,10069.8905669549,0
1999-04-29,10007.58984375,10031.290015935354,9907.69052717144,10010.39062226694,0
1999-04-30,9975.390625,10054.589766216284,9930.290083214652,10007.589812227909,0
1999-05-03,10090.7900390625,10090.990234181256,9911.290212778134,9975.390736680682,0
1999-05-04,10019.1904296875,10191.190262040636,9998.190450156011,10090.789969275,0
1999-05-05,10012.08984375,10063.789988635044,9960.890674938812,10019.190422761714,0
1999-05-06,10072.990234375,10128.69037568698,10031.390665330207,10031.390665330207,0
1999-05-07,10154.9892578125,10207.18939790646,10004.089026813328,10072.989344553946,0
1999-05-10,10172.689453125,10188.18943675728,10031.38979764754,10154.989276503586,0
1999-05-11,10167.0888671875,10222.58880854822,10122.588914204582,10172.689447207626,0
1999-05-12,10184.689453125,10215.289030225438,10049.78920478453,10167.088885751502,0
1999-05-13,10274.9892578125,10320.189405869623,10139.789203847527,10184.689547530588,0
1999-05-14,10167.189453125,10416.28879931302,10135.989290777165,10274.989143916277,0
1999-05-17,9966.08984375,10104.690293874955,9957.08985256896,10104.690293874955,0
1999-05-18,9984.7900390625,10087.49013392916,9913.79010850399,9966.089862039713,0
1999-05-19,10174.3896484375,10177.689449641048,9984.889848512636,9984.889848512636,0
1999-05-20,10151.189453125,10225.989178657966,10126.289088850051,10174.389623886624,0
1999-05-21,10213.689453125,10225.78904977432,10122.689548833612,10151.189518858935,0
1999-05-24,10170.3896484375,10288.189328702409,10155.18946917976,10213.68940739085,0
1999-05-25,10140.9892578125,10146.489251986444,10038.989365859352,10146.489251986444,0
1999-05-26,10097.6904296875,10143.690385200263,10047.390673645634,10140.990192499165,0
1999-05-27,9990.890625,10167.28986664055,9968.690451387123,10097.690325295824,0
1999-05-28,10030.58984375,10033.490231551228,9932.089939647962,9990.8906636505,0
1999-05-31,10072.2900390625,10097.089819705285,9951.390742218347,10030.589884180536,0
1999-06-01,10056.890625,10141.390542947353,9993.990295453625,10072.290024109096,0
1999-06-02,10068.7900390625,10095.589817757147,9981.39070976779,10056.89063654112,0
1999-06-03,10221.4892578125,10231.689442405202,10103.889772027684,10103.889772027684,0
1999-06-04,10244.689453125,10245.68945207644,10115.08900308155,10221.489282139308,0
1999-06-07,10280.189453125,10300.68943170374,10215.889715626909,10244.689490220351,0
1999-06-08,10221.7890625,10294.389572140848,10212.9892670603,10280.18939175147,0
1999-06-09,10242.7890625,10286.189407608625,10199.0889130183,10221.789084523856,0
1999-06-10,10096.1904296875,10253.08969198787,10077.290057344044,10242.789897262934,0
1999-06-11,10195.2890625,10197.289060392715,10083.889765812508,10096.189557540429,0
1999-06-14,10099.990234375,10172.890554513082,10070.290067779428,10172.890554513082,0
1999-06-15,10179.689453125,10190.989245888317,10071.989371463756,10099.989341916593,0
1999-06-16,10190.7890625,10238.189403159944,10089.98936406622,10179.689464825173,0
1999-06-17,10194.9892578125,10263.989185109122,10169.6894797827,10190.789066925629,0
1999-06-18,10337.4892578125,10343.08886136868,10227.088981909792,10227.088981909792,0
1999-06-21,10382.689453125,10430.189403980376,10340.789105851136,10340.789105851136,0
1999-06-22,10387.689453125,10390.789059294611,10324.889713380391,10382.689458295628,0
1999-06-23,10380.689453125,10381.489256984843,10314.389717046064,10381.489256984843,0
1999-06-24,10333.5888671875,10484.389491674094,10309.989282345232,10380.689404162067,0
1999-06-25,10290.2890625,10359.889575780477,10262.088896626075,10333.58882198623,0
1999-06-28,10291.0888671875,10300.489248000064,10219.088942343464,10290.289063334863,0
1999-06-29,10299.5888671875,10316.68943528958,10239.088930287267,10291.088876052758,0
1999-06-30,10218.5888671875,10351.588727372751,10211.08887507179,10299.588782037164,0
1999-07-01,10370.4892578125,10398.889619019215,10289.989341197688,10289.989341197688,0
1999-07-02,10402.2890625,10404.189451162516,10313.38974024164,10370.48929065134,0
1999-07-05,10555.5888671875,10555.5888671875,10445.389760584674,10445.389760584674,0
1999-07-06,10474.3896484375,10510.889611004346,10417.289121060412,10510.889611004346,0
1999-07-07,10402.7890625,10442.189412439186,10372.689484206598,10442.189412439186,0
1999-07-08,10311.2890625,10434.18932508886,10292.189473022743,10402.788967176406,0
1999-07-09,10333.189453125,10351.889628997153,10282.989309999615,10311.289085267206,0
1999-07-12,10311.8896484375,10343.389615623091,10292.489278022416,10333.189430936412,0
1999-07-13,10118.990234375,10265.490092991064,10071.8906704548,10265.490092991064,0
1999-07-14,10009.2900390625,10141.08971515884,9997.589855165355,10118.990127345438,0
1999-07-15,10134.5888671875,10162.989227709451,10025.289178352528,10025.289178352528,0
1999-07-16,10119.1904296875,10171.289988783305,10089.190458639268,10134.589828888656,0
1999-07-19,10190.8896484375,10215.9892313551,10106.889736981564,10119.18952870389,0
1999-07-20,10057.890625,10194.990101259407,10005.890675488916,10190.890495864884,0
1999-07-21,9999.7900390625,10020.99021367127,9933.589908399925,10020.99021367127,0
1999-07-22,9896.08984375,10002.589738654144,9812.890707102282,9999.789936729534,0
1999-07-23,9771.58984375,9859.890536753208,9744.49026145804,9859.890536753208,0
1999-07-26,9684.890625,9780.89052819983,9509.49041123737,9771.589756328134,0
1999-07-27,9583.390625,9725.089699356426,9546.490271977036,9684.890521570018,0
1999-07-28,9571.490234375,9657.289951522542,9529.089887010336,9583.390612858251,0
1999-07-29,9292.58984375,9544.58957892233,9234.190491059646,9544.58957892233,0
1999-07-30,9391.890625,9401.089834184724,9264.99036632504,9292.58994700218,0
1999-08-02,9400.08984375,9440.589801675147,9156.290292342524,9391.890633518047,0
1999-08-03,9434.1904296875,9503.19035826352,9308.589973762952,9400.089879048544,0
1999-08-04,9436.1904296875,9491.99017662718,9351.490322032145,9434.19043175732,0
1999-08-05,9194.490234375,9332.89047800274,9142.589898874232,9332.89047800274,0
1999-08-06,9140.69140625,9293.49106401582,9107.39163358128,9194.491159207344,0
1999-08-09,9335.6904296875,9354.589823980235,9100.390871135758,9140.69063366758,0
1999-08-10,9230.1904296875,9339.190314364636,9207.390649122372,9335.690318067664,0
1999-08-11,9360.390625,9382.490211318667,9235.39075541142,9235.39075541142,0
1999-08-12,9407.890625,9485.190349448458,9384.190454288868,9384.190454288868,0
1999-08-13,9561.6904296875,9572.890613560936,9357.390833656958,9407.890782079932,0
1999-08-16,9474.490234375,9611.289898059218,9445.58987353842,9561.690339807888,0
1999-08-17,9613.490234375,9646.390591578993,9474.7901799575,9474.7901799575,0
1999-08-18,9570.890625,9706.789900398147,9543.79006671446,9613.49019090868,0
1999-08-19,9569.2900390625,9608.089804154171,9501.589912839145,9570.890623366577,0
1999-08-20,9738.2900390625,9758.08982389464,9608.69055965076,9608.69055965076,0
1999-08-23,9729.990234375,9788.99017515898,9668.890686323315,9738.290030732309,0
1999-08-24,9861.6904296875,9867.690423745951,9695.990398460905,9729.990364792138,0
1999-08-25,9941.390625,9983.9901925286,9886.690483420534,9886.690483420534,0
1999-08-26,9931.890625,10043.089734412428,9869.290100615057,9941.390615659044,0
1999-08-27,10058.390625,10079.79001828597,9861.990425058655,9931.890747817895,0
1999-08-30,10006.1904296875,10071.789975040076,9941.58990679742,10058.390574054834,0
1999-08-31,9806.08984375,9924.78992085224,9805.089844745871,9924.78992085224,0
1999-09-01,9903.58984375,9909.490228556811,9850.190482342969,9850.190482342969,0
1999-09-02,9693.990234375,9891.3904261411,9679.58985825679,9891.3904261411,0
1999-09-03,9943.08984375,9944.89062323136,9656.890906090845,9693.990479028424,0
1999-09-06,9975.390625,10017.5898024382,9928.290085172595,9943.08987537152,0
1999-09-07,9871.1904296875,10061.289850996058,9862.290047867698,9975.390521914254,0
1999-09-08,9891.58984375,9957.089779084175,9816.79011290969,9871.190449827116,0
1999-09-09,10027.990234375,10027.990234375,9872.890776041546,9891.589976581578,0
1999-09-10,10026.58984375,10116.990146327573,9962.89068704124,10027.99023301106,0
1999-09-13,9918.990234375,10063.490092109369,9883.890659556871,10026.589737814176,0
1999-09-14,9779.1904296875,9962.289856217065,9776.290041958864,9918.990094769262,0
1999-09-15,9728.58984375,9840.390512773723,9690.3906633446,9779.190378894336,0
1999-09-16,9645.6904296875,9710.990168263324,9608.589881311857,9710.990168263324,0
1999-09-17,9728.1904296875,9769.990192414389,9698.58987346446,9698.58987346446,0
1999-09-20,9722.7900390625,9821.190330853691,9707.19044535582,9728.190424263325,0
1999-09-21,9621.7900390625,9723.190326771391,9582.790078645468,9722.789936552766,0
1999-09-22,9654.990234375,9689.490199479706,9525.290170248774,9621.790072643096,0
1999-09-23,9720.390625,9762.49019207952,9620.690529851556,9654.99030007967,0
1999-09-24,9617.6904296875,9659.69038704152,9555.589906805722,9659.69038704152,0
1999-09-27,9707.7900390625,9708.490233670636,9630.790116521155,9630.790116521155,0
1999-09-28,9639.890625,9691.990181595902,9610.390654884744,9691.990181595902,0
1999-09-29,9552.490234375,9704.890469199418,9501.690481620695,9639.890535649629,0
1999-09-30,9525.390625,9574.890574251642,9420.290146813655,9552.490206591956,0
1999-10-01,9482.7900390625,9541.6903690304,9427.490291324126,9525.390581128848,0
1999-10-04,9600.990234375,9608.589836020084,9441.890786827636,9482.790159289434,0
1999-10-05,9656.2900390625,9665.990224564985,9570.1905167619,9600.99029030089,0
1999-10-06,9624.6904296875,9644.69040939466,9568.089901179332,9644.69040939466,0
1999-10-07,9720.990234375,9733.589831092551,9592.790167851208,9624.690526429376,0
1999-10-08,9770.890625,9771.089843550888,9676.589937999866,9720.990284248448,0
1999-10-11,9808.1904296875,9835.490207193698,9760.390672592315,9770.890662137894,0
1999-10-13,9592.490234375,9675.589759150613,9581.390636299937,9675.589759150613,0
1999-10-14,9548.890625,9625.490156036863,9515.790072914348,9592.490189785842,0
1999-10-15,9376.6904296875,9515.690284922088,9330.99028197074,9515.690284922088,0
1999-10-18,9290.7900390625,9332.190386171258,9224.589913333491,9332.190386171258,0
1999-10-19,9413.390625,9425.089831613028,9294.589966995993,9294.589966995993,0
1999-10-20,9405.58984375,9520.99011455734,9352.390680235569,9413.390616900622,0
1999-10-21,9270.1904296875,9414.690277465026,9210.79010163741,9405.589701114472,0
1999-10-22,9389.390625,9395.790032406669,9316.089919987877,9316.089919987877,0
1999-10-25,9304.7900390625,9483.190242451736,9283.08986652491,9389.390536209525,0
1999-10-26,9443.2900390625,9445.089841888765,9275.690603007732,9304.790182289877,0
1999-10-27,9419.1904296875,9450.58981119576,9319.790142118696,9443.29001407654,0
1999-10-28,9610.2900390625,9617.890617276573,9386.090071573804,9419.190623875733,0
1999-10-29,9741.490234375,9786.289994151748,9665.190506176265,9665.190506176265,0
1999-11-02,9847.890625,9850.19042740691,9697.690578632832,9741.490339886455,0
1999-11-03,9936.890625,9941.290034738917,9771.99039643312,9847.890712465967,0
1999-11-04,10113.390625,10131.490216897791,9887.090062268844,9936.890795430592,0
1999-11-05,10231.2890625,10242.78905042576,10076.689615444357,10113.38977222408,0
1999-11-08,10336.7890625,10347.689441797118,10132.689665228969,10231.289172137487,0
1999-11-09,10260.0888671875,10435.788878544236,10238.489280427002,10336.788982195918,0
1999-11-10,10354.2890625,10387.489223368577,10240.889766085029,10260.088964916577,0
1999-11-11,10497.0888671875,10499.98925484439,10386.38976172134,10386.38976172134,0
1999-11-12,10469.8896484375,10549.889566356967,10384.189541053973,10497.08883928092,0
1999-11-15,10555.8896484375,10574.088848667108,10472.289147575942,10472.289147575942,0
1999-11-16,10619.689453125,10627.889640142725,10467.9894112624,10555.889712973169,0
1999-11-17,10639.689453125,10695.889591695954,10526.389762828669,10619.68947331765,0
1999-11-18,10725.8896484375,10754.889619393463,10594.38978013718,10639.689539456089,0
1999-11-19,10792.9892578125,10807.289048267518,10665.189580323136,10725.88971522121,0
1999-11-22,10613.5888671875,10867.088610616249,10591.58888945404,10792.989076238604,0
1999-11-23,10685.0888671875,10708.189429900993,10608.18953043527,10613.588939069508,0
1999-11-24,10720.189453125,10736.58885075445,10643.588943945197,10685.088902360078,0
1999-11-25,10945.189453125,10946.88964676884,10761.089047873367,10761.089047873367,0
1999-11-26,10971.2890625,11022.78901207547,10914.989312936605,10945.189478679576,0
1999-11-29,10892.4892578125,11006.489145385658,10859.289095242044,10971.288984787603,0
1999-11-30,10958.0888671875,10985.088840719493,10750.189656928083,10892.489322119573,0
1999-12-01,11084.2880859375,11084.388671768656,10900.988475041637,10958.088024048722,0
1999-12-02,11166.587890625,11169.38866893573,10987.188664832604,11084.28817230675,0
1999-12-03,11309.98828125,11357.688427138391,11089.588118990789,11166.588039207963,0
1999-12-07,11549.587890625,11569.988260550836,11342.388882108768,11342.388882108768,0
1999-12-09,11560.087890625,11747.787895661311,11469.688568202551,11549.587901269102,0
1999-12-10,11434.48828125,11561.388541819995,11348.288174280544,11560.087761903113,0
1999-12-13,11465.7880859375,11587.88854708072,11380.788172812709,11434.48831324032,0
1999-12-14,11480.087890625,11547.488212448476,11339.3888154991,11465.788100534572,0
1999-12-15,11372.48828125,11457.988193146846,11296.188555185348,11457.988193146846,0
1999-12-16,11427.087890625,11435.188468255164,11333.587986511371,11372.48833724314,0
1999-12-17,11613.087890625,11684.988208695497,11314.088192345158,11427.088078317138,0
1999-12-20,11673.087890625,11714.18843530118,11541.888803587304,11613.087950859644,0
1999-12-21,11572.7880859375,11665.888577600275,11521.288138086991,11665.888577600275,0
1999-12-22,11585.48828125,11659.28801128889,11538.988328284817,11572.788098783763,0
1999-12-23,11686.587890625,11718.988248760474,11613.087964327202,11613.087964327202,0
1999-12-27,11615.6884765625,11822.48807261555,11614.388673186337,11686.587819096594,0
1999-12-28,11517.587890625,11654.587751232348,11467.688527333388,11615.688376748623,0
1999-12-29,11581.388671875,11581.488281149208,11458.488405607928,11517.587955182426,0
1999-12-30,11641.388671875,11735.38857725043,11606.087926160331,11606.087926160331,0
2000-01-03,11609.98828125,11881.787811591768,11574.388707808068,11641.388640180485,0
2000-01-04,11206.587890625,11529.987943069958,11159.788134876091,11529.987943069958,0
2000-01-05,10863.0888671875,11068.08866446926,10824.889686211542,11068.08866446926,0
2000-01-07,11102.388671875,11137.888634404218,10882.688708459347,10882.688708459347,0
2000-01-10,11173.2880859375,11364.287885613398,11120.587945897876,11120.587945897876,0
2000-01-11,11012.3896484375,11234.588650440415,10919.889738667813,11173.288905548598,0
2000-01-12,10851.7890625,10947.088772850304,10821.389678529857,10947.088772850304,0
2000-01-13,10931.8896484375,11169.788828729108,10827.58896967824,10851.789141210516,0
2000-01-14,11183.98828125,11212.08786118184,10976.28830356864,10976.28830356864,0
2000-01-17,11285.587890625,11394.188363793735,11191.488378961229,11191.488378961229,0
2000-01-18,11066.2890625,11355.38936780416,11032.489290622369,11285.588654310595,0
2000-01-19,11120.6884765625,11134.388657438034,10931.58808989505,11066.28814326344,0
2000-01-20,11047.5888671875,11258.088662506796,10970.389723502538,11120.689382045288,0
2000-01-21,10969.2890625,11073.8895460026,10904.389711993212,11047.588790508842,0
2000-01-24,10954.9892578125,11142.189269561368,10908.789107802708,10969.289048477984,0
2000-01-25,10863.4892578125,10901.489220236846,10808.78911658936,10901.489220236846,0
2000-01-26,11031.3896484375,11044.289049938772,10923.588972162042,10923.588972162042,0
2000-01-27,11206.587890625,11293.587799649033,11084.188604555664,11084.188604555664,0
2000-01-28,11009.2890625,11310.889354154477,10987.48927908339,11206.588674674667,0
2000-01-31,10835.0888671875,10959.989133983145,10770.48932185816,10959.989133983145,0
2000-02-01,10969.9892578125,10987.889630908843,10839.989385112807,10839.989385112807,0
2000-02-02,11195.587890625,11215.788064793383,10926.688758027103,10969.988517391475,0
2000-02-03,11544.087890625,11564.488260540971,11208.88901214544,11208.88901214544,0
2000-02-04,11580.087890625,11704.88854557996,11510.688546792844,11544.087927056033,0
2000-02-07,11506.7880859375,11708.688270943194,11468.98831974606,11580.087815975046,0
2000-02-08,11834.7880859375,11834.7880859375,11491.988620688377,11506.788410721194,0
2000-02-09,11939.48828125,12102.787925656952,11851.087977390953,11851.087977390953,0
2000-02-10,12020.587890625,12067.58784480522,11757.788342138132,11939.488360313117,0
2000-02-11,12432.5869140625,12463.687468242228,12133.787414488734,12133.787414488734,0
2000-02-14,12458.5869140625,12912.28664705452,12333.487432163996,12432.5869405565,0
2000-02-15,12165.0869140625,12633.187011497364,12144.387716913889,12458.586607770374,0
2000-02-16,12235.0869140625,12390.487143441856,12089.887845973264,12165.08698669549,0
2000-02-17,12326.6875,12418.787014521284,12125.987511389349,12235.08700840227,0
2000-02-18,12367.9873046875,12474.08680515502,12323.78715474493,12326.68754239278,0
2000-02-21,12260.287109375,12292.787075721855,12112.887847941853,12292.787075721855,0
2000-02-22,12076.8876953125,12411.187148581974,12053.887719490242,12260.2869165844,0
2000-02-23,12312.287109375,12318.18749391606,12119.28730837887,12119.28730837887,0
2000-02-24,12352.287109375,12572.887468586026,12312.08695537902,12312.287150485769,0
2000-02-25,12690.8876953125,12694.987300586468,12456.187734781792,12456.187734781792,0
2000-02-28,12466.9873046875,12710.4870567282,12372.287205809473,12690.887467311744,0
2000-02-29,12585.787109375,12625.887654862989,12499.687586848788,12499.687586848788,0
2000-03-01,12538.6875,12702.38752956764,12500.887733584435,12585.787061687102,0
2000-03-02,12709.5869140625,12711.586912064748,12450.187759107816,12538.687670707302,0
2000-03-03,12744.9873046875,12864.786990042245,12315.28753739997,12709.58694932488,0
2000-03-06,12816.787109375,12852.887659554102,12678.487441676394,12744.987375806732,0
2000-03-07,12667.1875,12968.48700271902,12654.187513028852,12816.786959443383,0
2000-03-08,12668.287109375,12717.787059769453,12472.687696016688,12667.187501101957,0
2000-03-09,12563.1875,12744.586730755524,12539.787133021466,12668.287003170182,0
2000-03-10,12513.6875,12769.387435901308,12445.88776409629,12563.187449781602,0
2000-03-13,12359.6875,12862.786592614346,12198.08708005115,12513.687341818322,0
2000-03-14,12555.787109375,12557.887693188572,12302.487560801825,12359.687698278552,0
2000-03-15,12279.4873046875,12468.88749949857,12229.586965652634,12468.88749949857,0
2000-03-16,12260.8876953125,12474.887473730334,12222.387735176582,12279.487285428895,0
2000-03-17,12369.787109375,12553.586725425985,12206.387863011789,12260.887807077615,0
2000-03-20,12362.3876953125,12529.68732819491,12362.08691437138,12369.787101776325,0
2000-03-21,12308.287109375,12375.387626102054,12156.68765636639,12362.387639510816,0
2000-03-22,12172.1875,12488.986974272912,12091.787193230675,12308.286967426377,0
2000-03-23,12073.287109375,12273.187289800802,11970.8878029875,12172.187396004292,0
2000-03-24,12213.787109375,12239.987277454396,12030.687690318066,12073.287255414023,0
2000-03-27,12161.9873046875,12266.4871956051,12120.687543110833,12213.787055303736,0
2000-03-28,12211.0869140625,12297.887605069764,12084.28724120286,12161.987355734082,0
2000-03-29,12088.5869140625,12204.78698734285,12043.18754767796,12204.78698734285,0
2000-03-30,11833.388671875,12001.388505502702,11827.888677321713,12001.388505502702,0
2000-03-31,11934.98828125,11978.88862877004,11633.788381680257,11833.388771633729,0
2000-04-03,11686.388671875,11958.587617672296,11622.188540940411,11934.988031962232,0
2000-04-04,11584.1884765625,11771.48809177472,11575.188485667037,11686.388568487757,0
2000-04-05,11374.587890625,11618.787834348774,11189.788276328616,11584.188260620229,0
2000-04-06,11607.888671875,11648.087850041898,11412.68867362676,11412.68867362676,0
2000-04-07,11790.587890625,11790.688476462528,11683.888777924014,11683.888777924014,0
2000-04-10,11768.6884765625,11918.488132085991,11743.788110732205,11790.587868818531,0
2000-04-11,11515.2880859375,11722.188266006631,11502.58790354958,11722.188266006631,0
2000-04-12,11542.087890625,11667.188349547265,11499.087934283109,11515.288113147471,0
2000-04-13,11647.1884765625,11660.488267868492,11379.388941319923,11542.087996371229,0
2000-04-14,11363.888671875,11631.9880047787,11323.388713639655,11631.9880047787,0
2000-04-17,11217.2880859375,11267.388619534751,10771.58835624946,11267.388619534751,0
2000-04-18,11261.48828125,11390.888537220571,11117.888821305176,11217.288131932351,0
2000-04-19,11339.7880859375,11410.988207670458,11265.688553138349,11265.688553138349,0
2000-04-20,11501.98828125,11543.28804385942,11317.188664844774,11339.788251194286,0
2000-04-25,11425.48828125,11460.587854624517,11325.388774543791,11460.587854624517,0
2000-04-26,11481.48828125,11573.888577565278,11447.587925225896,11447.587925225896,0
2000-04-27,11272.98828125,11525.38840949435,11232.688518455814,11481.488064505622,0
2000-04-28,11467.888671875,11501.788051296568,11349.688597348217,11349.688597348217,0
2000-05-02,11867.1884765625,11867.1884765625,11569.188770834731,11569.188770834731,0
2000-05-03,11667.888671875,11974.38836403925,11633.48831580031,11867.188276394132,0
2000-05-04,11597.48828125,11700.388567898804,11513.288171017995,11667.888600738585,0
2000-05-05,11560.888671875,11652.488188399711,11454.688584212725,11597.488244150669,0
2000-05-08,11303.98828125,11484.18828975066,11267.888709299124,11484.18828975066,0
2000-05-09,11071.689453125,11366.288776668178,11053.489275471027,11303.989032426334,0
2000-05-10,10832.2890625,11151.588550543904,10808.08889118638,11071.689215716146,0
2000-05-11,11036.2890625,11038.588864948984,10685.589208541696,10832.289261063494,0
2000-05-12,11102.587890625,11184.888585006853,10972.688613670818,11036.288155916682,0
2000-05-15,11009.2890625,11164.689301495,10938.289131777368,11102.588776151377,0
2000-05-16,11220.6884765625,11260.388630412644,11058.488450649726,11058.488450649726,0
2000-05-17,10905.2890625,11227.588549708384,10899.08887329496,11220.689142442105,0
2000-05-18,10889.5888671875,11081.088678279828,10849.98929687605,10905.289047012337,0
2000-05-19,10544.8896484375,10930.889255215732,10488.28912015954,10889.58851603922,0
2000-05-22,10326.2890625,10628.48894344131,10264.489322101268,10544.889421032862,0
2000-05-23,10380.0888671875,10503.788934484784,10330.88969935293,10330.88969935293,0
2000-05-24,10342.3896484375,10412.889575212312,10211.2891986683,10380.088828031012,0
2000-05-25,10560.5888671875,10588.88961965009,10382.489438974504,10382.489438974504,0
2000-05-26,10437.0888671875,10545.088756030542,10370.088936145983,10545.088756030542,0
2000-05-29,10558.8896484375,10563.78905751554,10436.889772555242,10437.088991102564,0
2000-05-30,10648.4892578125,10721.689379280777,10544.689557838055,10558.889738825425,0
2000-05-31,10688.4892578125,10813.088741962036,10643.48930303853,10648.489298013415,0
2000-06-01,10875.4892578125,10898.889625323953,10640.489489931855,10688.489442520244,0
2000-06-02,11141.48828125,11220.488198156949,10870.788370662887,10875.488561031672,0
2000-06-05,11004.189453125,11183.489082781867,10992.989268746016,11141.489123781836,0
2000-06-06,10782.4892578125,11047.689188916307,10751.088898470494,11004.189232253677,0
2000-06-07,10688.8896484375,10768.58878709096,10520.289231941106,10768.58878709096,0
2000-06-08,10799.5888671875,10954.88949396232,10738.588927863217,10738.588927863217,0
2000-06-09,10873.189453125,11001.18932666729,10783.289151317167,10799.588939901265,0
2000-06-12,10791.2890625,10961.288893273688,10766.189478110378,10873.189371597347,0
2000-06-13,10805.9892578125,10946.889508369166,10690.889762857414,10791.289077113386,0
2000-06-14,10880.689453125,10965.78897848372,10798.489338966278,10805.989331561752,0
2000-06-15,10875.9892578125,10949.989184722956,10837.3896865622,10880.689448482632,0
2000-06-16,10723.7890625,10918.78886716564,10663.58892749092,10875.989105351331,0
2000-06-19,10595.5888671875,10754.588705987768,10564.789093725913,10723.788932526182,0
2000-06-20,10563.3896484375,10688.489130595564,10563.3896484375,10595.588834443306,0
2000-06-21,10351.3896484375,10530.489071951504,10351.3896484375,10530.489071951504,0
2000-06-22,10490.4892578125,10566.18937560861,10413.088946444876,10413.088946444876,0
2000-06-23,10533.0888671875,10631.58876673222,10415.78918212827,10490.489301257736,0
2000-06-26,10488.8896484375,10603.288945338056,10467.189475349214,10533.088821920954,0
2000-06-27,10528.189453125,10588.289001178857,10449.588947385657,10488.88968853608,0
2000-06-28,10583.189453125,10615.489225027468,10505.88972689855,10528.189508951244,0
2000-06-29,10366.3896484375,10623.988990874775,10366.3896484375,10583.189228466095,0
2000-06-30,10581.2890625,10605.289038135084,10387.58906383289,10387.58906383289,0
2000-07-03,10676.689453125,10696.989237388185,10454.18967698974,10581.289158485544,0
2000-07-04,10848.8896484375,10892.189410251103,10661.489443369566,10676.689623631384,0
2000-07-05,10757.5888671875,10962.689248318256,10733.588891153116,10848.889557267525,0
2000-07-06,10739.5888671875,10844.989152386712,10685.088921700632,10757.588849183165,0
2000-07-07,10896.689453125,10896.689453125,10747.289209781928,10747.289209781928,0
2000-07-10,10828.8896484375,10920.689362060286,10807.689474155432,10896.689385868103,0
2000-07-11,10874.7890625,10902.289035335349,10749.088991354847,10828.889693777195,0
2000-07-12,10878.689453125,11015.68931784416,10830.989304914125,10874.789066351446,0
2000-07-13,10848.189453125,10974.78893713757,10782.989322375532,10878.689422923057,0
2000-07-14,11002.5888671875,11002.5888671875,10772.789286860849,10848.189603870052,0
2000-07-17,10949.189453125,11063.889535905902,10892.489313440685,11002.588814797691,0
2000-07-18,10791.4892578125,10976.989073160155,10775.389664463542,10949.189296145429,0
2000-07-19,10850.689453125,10924.389575474346,10747.088969752023,10791.489316420662,0
2000-07-20,10986.0888671875,10997.78905105957,10801.1896339193,10850.689585518292,0
2000-07-21,10879.5888671875,11039.489099931692,10844.989291975107,10986.08876203262,0
2000-07-24,10831.4892578125,10924.389556303133,10812.489276655831,10879.5888194845,5545600
2000-07-25,10714.5888671875,10842.189325195868,10703.389659665554,10831.489140611116,7368000
2000-07-26,10743.7890625,10840.189356739076,10722.588888384516,10722.588888384516,6643800
2000-07-27,10725.9892578125,10856.588736390791,10713.389661056124,10743.789044673333,6989400
2000-07-28,10559.9892578125,10734.989079793297,10526.789096272983,10725.989088948569,6670000
2000-07-31,10531.5888671875,10584.689398962624,10374.989417543446,10559.98922884422,7334200
2000-08-01,10548.9892578125,10591.289019425543,10481.088936331374,10531.58888490655,6354300
2000-08-02,10644.4892578125,10656.088855481436,10522.789185317071,10548.98935418893,7650100
2000-08-03,10452.9892578125,10645.689255093655,10452.9892578125,10644.489061014556,7487500
2000-08-04,10583.3896484375,10610.088840087705,10517.889714920224,10517.889714920224,6189300
2000-08-07,10707.689453125,10711.088863777137,10585.889770629596,10585.889770629596,5904300
2000-08-08,10867.5888671875,10929.98919613221,10657.5890747641,10707.689611179176,7614700
2000-08-09,10951.8896484375,11084.989127261557,10872.088945460211,10872.088945460211,8876700
2000-08-10,11110.587890625,11149.988239692988,10980.98841794338,10980.98841794338,7802500
2000-08-11,11094.587890625,11094.587890625,10975.988406521685,11094.587890625,5232700
2000-08-14,11210.587890625,11250.188435166912,11100.88878654663,11100.88878654663,4705800
2000-08-15,11207.888671875,11283.388592933754,11163.087937467775,11210.587887802752,3829800
2000-08-16,11342.6884765625,11364.288063621789,11201.988426614893,11207.888811143885,7358600
2000-08-17,11155.48828125,11350.488076404295,11131.48830646178,11342.68827991042,6743600
2000-08-18,11065.4892578125,11252.288881158123,11056.489266549535,11155.489170442126,10857800
2000-08-21,11093.48828125,11114.58786833618,10980.18859624809,11065.488310828132,6197400
2000-08-22,10934.5888671875,11137.788862875444,10928.189459411806,11093.48910170822,7222800
2000-08-23,10798.0888671875,10954.08871199526,10695.58896915676,10934.588731394291,8254500
2000-08-24,10720.0888671875,10843.28893904596,10713.588873700892,10798.088789026788,7918200
2000-08-25,10818.2890625,10899.689372297304,10724.689546066087,10724.689546066087,6761900
2000-08-28,10907.4892578125,10919.588855271271,10845.789123265076,10845.789123265076,3808300
2000-08-29,10840.5888671875,10921.98917715107,10783.588923670048,10907.489191519438,5063500
2000-08-30,10869.5888671875,10911.088826173958,10782.989343397,10840.588895847566,6173400
2000-08-31,10884.689453125,10937.088815474148,10753.088997065048,10869.588882090377,8104500
2000-09-01,11170.087890625,11190.988259323029,10938.588133495765,10938.588133495765,9607600
2000-09-04,11246.2880859375,11297.68842300281,11143.288193264469,11170.08797002632,7462900
2000-09-05,11188.1884765625,11296.287972711754,11128.488343781206,11246.288025082778,9589600
2000-09-06,11238.48828125,11278.188435165814,11146.888767388897,11188.188529011744,5623000
2000-09-07,11282.48828125,11282.48828125,11161.088016719466,11238.488326951308,6954400
2000-09-08,11103.2880859375,11322.287854798442,11094.388681267705,11282.48809211683,5738000
2000-09-11,11229.7880859375,11252.488257561428,11071.088056235069,11103.288217945365,6698700
2000-09-12,11311.7880859375,11340.288056412192,11176.28822631221,11229.78817088751,6704500
2000-09-13,11212.48828125,11367.08772904514,11187.988306856189,11311.78798215426,6555400
2000-09-14,11451.587890625,11451.587890625,11210.688723081774,11212.488525927482,8217100
2000-09-15,11463.087890625,11510.188428411477,11346.188596069009,11451.587902381474,14264600
2000-09-18,11188.087890625,11372.988087579804,11188.087890625,11372.988087579804,7578800
2000-09-19,11065.4892578125,11179.788951539816,11018.588912717552,11179.788951539816,7800900
2000-09-20,10901.2890625,11162.489000424708,10888.189466033413,11065.489096008923,7168400
2000-09-21,10803.3896484375,11000.88945205655,10748.68950751526,10901.28896515529,8389500
2000-09-22,11029.3896484375,11029.3896484375,10629.589256577205,10803.38986855231,9528900
2000-09-25,11159.087890625,11192.188441801856,11057.587997215422,11057.587997215422,7264500
2000-09-26,10955.9892578125,11141.689271048848,10955.9892578125,11141.689271048848,6626400
2000-09-27,10957.5888671875,11047.788974073022,10899.088924537467,10955.989259380663,6366500
2000-09-28,11023.0888671875,11052.088838926536,10890.789191428285,10957.5889310183,7966500
2000-09-29,10949.9892578125,11108.689297436666,10949.9892578125,11023.088795475198,6404500
2000-10-02,11152.48828125,11152.48828125,10909.288341485788,10949.988494031608,5784900
2000-10-03,11271.1884765625,11300.38864151534,11103.988455089277,11152.488404663469,6224200
2000-10-04,11159.2880859375,11265.988169200597,11108.288139494289,11265.988169200597,6555000
2000-10-05,11237.2880859375,11277.388630056346,11194.087935676062,11194.087935676062,7336600
2000-10-06,11149.98828125,11304.587728139424,11141.08789997939,11237.287994184622,7096100
2000-10-09,10838.7890625,11112.18918216158,10817.989278426903,11112.18918216158,7210100
2000-10-10,10950.689453125,10980.588837857402,10884.989322261696,10884.989322261696,6905800
2000-10-11,10618.689453125,10901.78877610816,10614.789066445748,10901.78877610816,10419200
2000-10-13,10385.3896484375,10423.48921840399,10242.889795833042,10423.48921840399,13545000
2000-10-16,10455.189453125,10654.588662314723,10414.489299629886,10414.489299629886,8694700
2000-10-17,10375.3896484375,10556.189265933632,10375.3896484375,10455.189370504144,8181200
2000-10-18,10056.08984375,10339.39034988248,9826.590066620798,10339.39034988248,13345100
2000-10-19,10367.2890625,10396.289032451345,10085.58915907414,10085.58915907414,10486500
2000-10-20,10443.5888671875,10573.989123683894,10316.889778759114,10367.289140981256,13088300
2000-10-23,10329.8896484375,10497.189279147924,10290.989298265484,10443.588748950317,7729100
2000-10-24,10666.8896484375,10666.8896484375,10320.189802272209,10329.88998781605,9140800
2000-10-25,10517.3896484375,10646.3895166804,10449.489327164118,10646.3895166804,8133600
2000-10-26,10324.689453125,10537.389427136606,10310.989272066674,10517.389447945325,10360800
2000-10-27,10395.689453125,10465.588794958348,10315.78914506346,10324.68952649142,12371100
2000-10-30,10307.2890625,10464.189289604636,10296.189464692923,10395.689360994802,7778800
2000-10-31,10363.0888671875,10513.788906287107,10346.58888429108,10346.58888429108,12566000
2000-11-02,10506.9892578125,10578.689379819876,10382.588994372456,10382.588994372456,10792400
2000-11-03,10542.689453125,10615.689378743706,10506.389685424165,10506.989294188208,8548100
2000-11-06,10610.4892578125,10673.889584250244,10557.189507086312,10557.189507086312,8086700
2000-11-07,10573.5888671875,10635.288999816044,10541.588899697716,10610.48922032376,7133300
2000-11-08,10488.3896484375,10665.889466642544,10462.58889361258,10573.588779926722,6848100
2000-11-09,10273.4892578125,10460.189257907352,10192.189538133784,10460.189257907352,7781600
2000-11-10,9985.990234375,10296.390321449648,9985.990234375,10273.489953219663,10297500
2000-11-13,9897.2900390625,10085.69024379361,9791.890728997168,9985.990146854883,7897400
2000-11-14,10274.7890625,10280.189447478951,9965.98958065922,9965.98958065922,8861400
2000-11-15,10294.0888671875,10340.689404495955,10121.489437925133,10274.789082639898,10907000
2000-11-16,10135.2890625,10284.288904578088,10055.088952189972,10284.288904578088,8978100
2000-11-17,9845.890625,10094.789792192409,9845.890625,10094.789792192409,12062900
2000-11-20,9548.6904296875,9941.890222867189,9496.19048338018,9845.89032104809,12511100
2000-11-21,9593.990234375,9646.089790718392,9400.390822062873,9548.690475797664,13792400
2000-11-22,9252.490234375,9591.08948637234,9252.490234375,9591.08948637234,12331200
2000-11-23,9334.7900390625,9352.589825128687,9179.590006113089,9252.490320473154,8368600
2000-11-24,9642.2900390625,9653.99022252516,9346.990533451695,9346.990533451695,8602100
2000-11-27,9541.890625,9796.989973294189,9535.490240925456,9642.289936309067,7398700
2000-11-28,9357.990234375,9592.390380389366,9351.089850950964,9541.890433089096,7764300
2000-11-29,9477.2900390625,9513.690392179711,9216.390893836682,9357.990357304228,10222400
2000-11-30,9214.490234375,9463.089580281492,9208.790045103628,9463.089580281492,11127300
2000-12-01,9339.390625,9394.58978603164,9260.490316876188,9260.490316876188,7661400
2000-12-04,9069.0908203125,9353.891325555844,9009.491268696784,9339.39133960811,7038900
2000-12-05,9461.08984375,9481.190408939934,9162.490542585663,9162.490542585663,9022300
2000-12-07,9497.2900390625,9621.289911559155,9356.390769880216,9461.089880972952,11651800
2000-12-11,9788.08984375,9794.790032377688,9646.890765875009,9646.890765875009,12854800
2000-12-12,9753.490234375,9901.990085690391,9732.190451013785,9788.089809107378,10902800
2000-12-13,9716.890625,9865.089694807648,9708.290047706214,9753.490197591866,10692400
2000-12-14,9518.2900390625,9655.190289229866,9511.9902408385,9655.190289229866,10692400
2000-12-15,9155.69140625,9411.090575140492,9155.69140625,9411.090575140492,15642200
2000-12-18,9052.791015625,9333.891328651283,9024.49123841284,9155.691306347431,8943700
2000-12-19,9255.490234375,9267.890611916151,9044.79026137562,9052.790252934694,9562700
2000-12-20,8864.291015625,9196.691076670915,8864.291015625,9196.691076670915,9562700
2000-12-21,8964.19140625,9005.89156067702,8756.391805302424,8864.29111357359,9562700
2000-12-22,9038.9912109375,9078.99117204354,8931.291120347176,8964.191478981515,9562700
2000-12-27,9078.4912109375,9142.691344096613,8985.590910251072,9038.991249178174,0
2000-12-28,9075.5908203125,9157.79093602005,8972.991310297808,9078.49120812868,0
2000-12-29,9109.791015625,9180.590752005412,9063.991255124787,9075.590853308577,0
2001-01-02,9080.19140625,9246.691245088476,8946.19153595357,9109.790986974442,0
2001-01-03,9200.890625,9200.890625,8950.090109944205,9080.190557795922,0
2001-01-04,9597.1904296875,9713.789920416642,9456.79018192683,9456.79018192683,0
2001-01-05,9601.390625,9706.690322586624,9536.79010476803,9597.190433959537,12372200
2001-01-08,9623.58984375,9641.290021101086,9468.690586872925,9601.390647526836,9830600
2001-01-09,9581.7900390625,9694.8905097296,9494.190518967693,9623.589801148271,9830600
2001-01-10,9585.7900390625,9642.789980993206,9507.190509761602,9581.790043137538,9830600
2001-01-11,9699.7900390625,9699.7900390625,9527.190603458412,9585.790153836131,9571800
2001-01-12,9890.1904296875,9906.089828050852,9747.690570392597,9747.690570392597,9571800
2001-01-15,9891.990234375,9936.490190443508,9814.4903108849,9890.19043146431,11562400
2001-01-16,9722.390625,9888.289872425516,9722.390625,9888.289872425516,11562400
2001-01-17,10020.08984375,10020.08984375,9754.69068834672,9754.69068834672,12908500
2001-01-18,10070.7900390625,10081.790028395832,9910.79019421403,10020.089892913831,11412200
2001-01-19,9955.490234375,10219.489975410106,9949.390630983276,10070.789925961735,17344700
2001-01-22,10019.1904296875,10079.089785366576,9894.890746153911,9955.490296463013,9108500
2001-01-23,10100.390625,10125.589819386005,9892.0900451467,10019.190508196334,9108500
2001-01-24,10116.1904296875,10205.490148169863,10060.690483264158,10100.390640252266,11709000
2001-01-25,10131.9892578125,10187.289003869832,10069.489324076489,10116.18946987633,8690900
2001-01-26,10090.08984375,10113.790016124449,9969.99035061248,10113.790016124449,8858600
2001-01-29,9949.890625,10127.390450787358,9899.589893119191,10090.089706147315,7792400
2001-01-30,10036.1904296875,10065.39059658704,9963.0899148798,9963.0899148798,8892700
2001-01-31,10115.990234375,10147.790008364103,9983.190557887689,10036.19050672338,10881400
2001-02-01,10122.9892578125,10168.289014429369,10033.588962056192,10115.989265240663,10090700
2001-02-02,9848.490234375,10126.989958218574,9845.089847121775,10122.989962184913,8261000
2001-02-05,9846.6904296875,9864.990216225871,9754.589935092254,9848.490232590017,7264900
2001-02-06,9934.7900390625,9940.290033656158,9836.089940769478,9846.690516286904,1292700
2001-02-07,9880.6904296875,9890.390615412778,9771.390733026848,9890.390615412778,8926700
2001-02-08,10020.7900390625,10056.390590305966,9868.990382309295,9880.69056621954,9114700
2001-02-09,9936.2900390625,9984.390577725631,9875.29009901471,9984.390577725631,8919700
2001-02-12,10096.490234375,10115.589825276307,9872.190646636718,9936.290194012734,8225600
2001-02-13,10054.1904296875,10125.589774399888,9993.589902611233,10096.490193289284,7920200
2001-02-14,9759.6904296875,10007.789790812278,9719.589883874927,10007.789790812278,11831300
2001-02-15,9865.2900390625,9913.390577385402,9764.089943927713,9764.089943927713,10256100
2001-02-16,9789.490234375,9811.89060265424,9669.990353583558,9811.89060265424,9616000
2001-02-19,9861.2900390625,9908.69038274699,9740.890744231292,9789.4903054782,6374500
2001-02-20,9680.490234375,9923.690184348736,9680.490234375,9861.289856672842,8013600
2001-02-21,9592.08984375,9730.390484197296,9475.690548192631,9680.490144375406,10320100
2001-02-22,9418.7900390625,9613.69022761036,9348.49030726343,9592.089664068835,12060100
2001-02-23,9344.7900390625,9538.39042268098,9231.589962047949,9418.789961730052,11506700
2001-02-26,9476.390625,9520.08979871706,9362.790156130235,9362.790156130235,7798200
2001-02-27,9554.08984375,9574.089823307206,9444.990345890048,9476.39070441946,11380200
2001-02-28,9551.390625,9687.890485438496,9462.790129650277,9554.089840990242,11246100
2001-03-01,9486.08984375,9508.990210799808,9373.190545913703,9508.990210799808,9029100
2001-03-02,9570.890625,9603.990200601964,9447.390751012668,9486.089930276094,7619600
2001-03-05,9688.08984375,9695.190422530097,9593.190525346312,9593.190525346312,7281900
2001-03-06,9892.08984375,9917.190404907837,9740.29018892148,9740.29018892148,8915400
2001-03-07,9923.2900390625,9950.290012491512,9802.890743486343,9892.089874454445,9242600
2001-03-08,9798.1904296875,9962.99007012309,9789.49024304627,9923.289914378798,8609200
2001-03-09,9726.58984375,9807.990152648012,9677.990283169602,9798.190357799636,8202200
2001-03-12,9494.7900390625,9678.890435648216,9493.589844984428,9678.890435648216,7081900
2001-03-13,9510.890625,9592.390541317234,9372.089986268196,9494.790055594298,9773200
2001-03-14,9392.990234375,9633.190179958445,9173.8908527914,9510.890502422442,12671100
2001-03-15,9476.2900390625,9513.79000041757,9345.089978955928,9392.990320218069,8945800
2001-03-16,9289.990234375,9459.08966599291,9254.089881488402,9459.08966599291,11635000
2001-03-19,9251.2900390625,9393.289889168022,9242.990243136232,9289.99019352327,6878000
2001-03-20,9216.6904296875,9392.39043883552,9193.690454057323,9251.29000240222,9885100
2001-03-21,8899.791015625,9173.89133087246,8899.791015625,9173.89133087246,14602900
2001-03-22,8531.791015625,8878.39124451073,8531.791015625,8878.39124451073,15603500
2001-03-23,8810.4912109375,8830.99119048738,8679.191537230328,8679.191537230328,10745800
2001-03-26,9063.3916015625,9067.391597683574,8849.791222760161,8849.791222760161,8604200
2001-03-27,9263.2900390625,9263.2900390625,8951.790367454354,9063.390835739452,9821800
2001-03-28,9163.390625,9274.589725242697,9115.690480522584,9263.289932597632,11224000
2001-03-29,9222.7900390625,9222.7900390625,8968.590112911625,9163.39068789548,8438700
2001-03-30,9308.2900390625,9352.390578732711,9148.990401501347,9222.790128763192,9065100
2001-04-02,9324.2900390625,9379.089786356484,9160.690601030386,9308.29005581979,7771700
2001-04-03,9011.791015625,9254.191169840822,9011.791015625,9254.191169840822,9421300
2001-04-04,9172.390625,9173.890623402987,8784.790451731136,9011.79021004992,15856400
2001-04-05,9340.1904296875,9401.690365386316,9157.990424874,9172.390800442705,14872600
2001-04-06,9328.390625,9482.089682846858,9209.990358324849,9340.190417334636,8944600
2001-04-09,9453.490234375,9493.490193054326,9251.090052833018,9328.390754230008,7116000
2001-04-10,9601.7900390625,9618.490217389866,9435.990403003669,9453.490385205085,9114800
2001-04-11,9613.890625,9684.789967044166,9529.589929381198,9601.790051354055,8898600
2001-04-12,9648.7900390625,9663.190415112753,9564.490319695486,9613.890660321968,4762600
2001-04-17,9526.490234375,9572.990186707802,9417.190541730844,9572.990186707802,7518600
2001-04-18,9797.7900390625,9856.690370980532,9614.49041707287,9614.49041707287,10215000
2001-04-19,9797.990234375,9903.99012872525,9745.89067692746,9797.790039262034,11473300
2001-04-20,9547.490234375,9856.089528100032,9535.290051541424,9797.989978152003,9644600
2001-04-23,9269.390625,9530.190154926137,9243.490261661933,9530.190154926137,11452900
2001-04-24,9418.890625,9452.790003915194,9261.790201946207,9269.39078000333,9145900
2001-04-25,9350.390625,9410.690366709952,9235.08996417096,9410.690366709952,7545600
2001-04-26,9523.890625,9556.29000584076,9351.49041115106,9351.49041115106,10799000
2001-04-27,9634.58984375,9708.58976874364,9463.790212185091,9523.890737204669,10191100
2001-04-30,9760.990234375,9772.089832645132,9623.49037194015,9634.589970210282,7669600
2001-05-02,9633.490234375,9833.089641412853,9633.490234375,9760.990105126317,7831400
2001-05-03,9497.1904296875,9718.390397547895,9461.19046670499,9633.490094222876,8070300
2001-05-04,9542.6904296875,9582.99019313376,9399.19057653977,9497.190476250416,8274900
2001-05-07,9589.1904296875,9673.490148524224,9558.190461257847,9558.190461257847,4796800
2001-05-08,9657.990234375,9707.789988707746,9539.790158579872,9589.190499253984,7033300
2001-05-09,9654.2900390625,9667.990220516826,9497.59000225713,9657.990230632138,8132000
2001-05-10,9781.490234375,9854.58977076903,9624.490391120196,9654.290166056257,9919300
2001-05-11,9684.490234375,9846.49007101796,9657.690456711802,9781.490136562452,8354900
2001-05-14,9602.1904296875,9701.990132876652,9578.390649204866,9684.490150674492,8257800
2001-05-15,9667.58984375,9673.089838194232,9536.190562419248,9602.190495750036,5353700
2001-05-16,9588.08984375,9637.089793842755,9473.390741822896,9637.089793842755,10518100
2001-05-17,9661.490234375,9741.89054373311,9642.089863359475,9642.089863359475,10404100
2001-05-18,9728.390625,9755.589816446703,9621.79014607098,9661.490301531378,9836100
2001-05-21,9678.1904296875,9739.289977410968,9583.89072015163,9728.390574346338,6130600
2001-05-22,9626.890625,9747.089721818698,9596.58987448742,9678.19037764846,10561400
2001-05-23,9632.58984375,9707.190354056684,9575.190487879596,9626.890630777923,7052800
2001-05-24,9616.1904296875,9671.390568942055,9584.589875841622,9632.58982709576,5132200
2001-05-25,9468.390625,9638.890449147795,9422.190477337976,9616.19027724808,7511400
2001-05-28,9545.58984375,9575.990203273885,9451.4903306436,9468.390703978655,3524600
2001-05-29,9487.1904296875,9581.28994220131,9455.790071384412,9545.589783636717,6218000
2001-05-30,9439.890625,9526.289949681866,9426.690443343168,9487.19038075561,7970100
2001-05-31,9500.6904296875,9514.490220190391,9370.58997747841,9439.890687495194,8396200
2001-06-01,9399.390625,9498.890521623223,9374.29006514107,9498.890521623223,8006900
2001-06-04,9561.490234375,9561.490234375,9441.790161318131,9441.790161318131,6586100
2001-06-05,9601.7900390625,9601.7900390625,9489.490348590854,9561.490275362396,6487400
2001-06-06,9530.6904296875,9637.08973472792,9516.89063913996,9601.789966210335,6600700
2001-06-07,9516.7900390625,9600.49014848639,9485.589875765952,9530.69041542367,7012100
2001-06-08,9607.2900390625,9663.890567466657,9570.589881055002,9570.589881055002,7000000
2001-06-11,9606.7900390625,9657.589792110344,9545.790101070988,9607.290038554234,7211000
2001-06-12,9443.990234375,9616.589665272337,9432.08985605567,9606.789870718383,9250800
2001-06-13,9522.490234375,9538.490217966491,9455.19049870558,9455.19049870558,8389500
2001-06-14,9476.58984375,9496.890604080068,9443.390659211756,9496.890604080068,5592300
2001-06-15,9363.2900390625,9481.789915470756,9266.089945126723,9476.589725581896,13213300
2001-06-18,9018.69140625,9307.691124608633,9007.391612574584,9307.691124608633,12552100
2001-06-19,9047.8916015625,9105.391545707433,9008.691444328775,9018.691434614851,11322700
2001-06-20,9021.4912109375,9038.790998770924,8862.79117023631,9038.790998770924,12841400
2001-06-21,8920.8916015625,9086.691242900475,8900.891621266928,9021.491111824604,12149800
2001-06-22,8925.19140625,9051.191282171902,8855.891669805262,8920.891605796718,10455000
2001-06-25,8964.291015625,9026.290954837,8867.891696077464,8925.191444585276,8238900
2001-06-26,8792.69140625,8956.191242817644,8758.391635848115,8956.191242817644,9944700
2001-06-27,8787.5908203125,8890.691303132251,8766.090841816078,8792.691401148564,98200
2001-06-28,8855.8916015625,8894.991172132986,8634.09104043929,8787.590888097797,141600
2001-06-29,8878.3916015625,8913.090785962439,8774.791118183117,8855.891623836096,140000
2001-07-02,9073.291015625,9083.991200572507,8827.691644155762,8878.391790356342,88000
2001-07-03,9015.8916015625,9104.89151480172,8954.691465910413,9073.29095966974,93600
2001-07-04,8884.9912109375,8994.191298228914,8850.891635293912,8994.191298228914,70400
2001-07-05,8787.5908203125,8893.691300131752,8761.491237041453,8884.991113520895,84200
2001-07-06,8501.8916015625,8738.790770724017,8456.391648599318,8738.790770724017,146400
2001-07-09,8526.19140625,8577.09076784386,8344.591007511823,8501.891626611467,102600
2001-07-10,8465.0908203125,8648.891410727587,8448.590837443962,8526.19134281107,88000
2001-07-11,8266.0908203125,8370.491099932116,8228.891641115164,8370.491099932116,125600
2001-07-12,8166.69189453125,8424.591046460138,8074.491792932689,8266.091207562395,134200
2001-07-13,8303.8916015625,8313.791005147204,8118.691602270667,8166.691551466228,108400
2001-07-16,8296.0908203125,8349.69134946441,8217.1914898377,8303.891593298187,60400
2001-07-17,8372.69140625,8387.59080467216,8220.590979976829,8296.090900722322,99000
2001-07-18,8210.0908203125,8403.590613167195,8148.591374430107,8372.691232183084,105200
2001-07-19,8354.19140625,8354.19140625,8177.591494386436,8210.090971913973,95000
2001-07-20,8304.0908203125,8324.491189345717,8237.191477056367,8324.491189345717,67600
2001-07-23,8378.8916015625,8463.691317299093,8248.291152618718,8304.090898774914,72400
2001-07-24,8373.791015625,8401.69137696601,8295.090902915494,8378.891596208972,71600
2001-07-25,8153.49169921875,8360.591097753184,8129.59182120662,8360.591097753184,95200
2001-07-26,8230.9912109375,8286.090761477133,8157.491289420806,8157.491289420806,82200
2001-07-27,8216.9912109375,8313.891497915964,8152.691475026318,8230.991195962828,81000
2001-07-30,8417.8916015625,8451.891566063372,8251.791189049294,8251.791189049294,81200
2001-07-31,8479.9912109375,8479.9912109375,8313.291188400759,8417.891665925396,85800
2001-08-01,8557.291015625,8608.191353971042,8462.791112684403,8479.991290330863,80200
2001-08-02,8608.69140625,8684.891523765822,8482.891729997957,8557.29106810229,92000
2001-08-03,8564.69140625,8648.090734728341,8558.590826572898,8608.691361097368,57200
2001-08-06,8636.19140625,8669.691372157044,8555.491293066103,8564.691479015562,60400
2001-08-07,8567.69140625,8624.6913477773,8489.090900943876,8624.6913477773,59000
2001-08-08,8439.19140625,8560.290889504988,8379.191468737408,8560.290889504988,82400
2001-08-09,8291.9912109375,8374.391514222632,8278.79102961648,8374.391514222632,89000
2001-08-10,8202.9912109375,8387.59062252419,8157.091357772966,8291.991115578903,91400
2001-08-13,8337.69140625,8350.991196917708,8189.791171531994,8202.991352929705,66200
2001-08-14,8449.9912109375,8505.790957586187,8378.991284786427,8378.991284786427,71400
2001-08-16,8322.8916015625,8382.491147999743,8242.29110073999,8382.491147999743,89400
2001-08-17,8200.0908203125,8383.59062363282,8127.391191202531,8322.891469941691,91800
2001-08-20,8190.29150390625,8223.291470461103,8083.791611842861,8200.091298661753,63600
2001-08-21,8195.9912109375,8268.290938093582,8171.39113966141,8190.291021737661,69400
2001-08-22,8305.5908203125,8373.89152928598,8155.791174144541,8195.991326916823,92800
2001-08-23,8401.291015625,8423.090797506524,8273.391735365121,8305.590920429746,79600
2001-08-24,8540.5908203125,8541.090819797953,8382.391764364045,8401.29115897731,77000
2001-08-27,8515.5908203125,8627.891485655384,8495.291036576697,8540.590794509671,42400
2001-08-28,8372.8916015625,8582.691186022419,8345.391630429345,8515.590670520636,67400
2001-08-29,8425.291015625,8478.290960336722,8287.391745415727,8372.891656224261,65000
2001-08-30,8232.0908203125,8484.990940926513,8232.0908203125,8425.290809353372,65000
2001-08-31,8321.0908203125,8333.991197311616,8158.69157778245,8232.09091431769,81000
2001-09-03,8152.99169921875,8374.391864430258,8119.791537708233,8321.091137447169,61400
2001-09-04,8291.19140625,8306.09080451842,8141.791173996447,8152.991357436213,74400
2001-09-05,8117.29150390625,8259.291358696517,8092.0918226443155,8259.291358696517,85600
2001-09-06,7904.6923828125,8176.192114479269,7890.792005925757,8117.291782067647,108600
2001-09-07,7727.1923828125,7950.0920597957775,7705.192405055356,7904.692203353095,139000
2001-09-10,7678.6923828125,7784.192275474184,7522.792150804424,7727.192333467397,114400
2001-09-12,7336.69287109375,7404.792412484994,6887.893026161779,7404.792412484994,149300
2001-09-13,7338.69287109375,7357.192852630256,7242.9927712926,7336.6928730898035,0
2001-09-14,6911.79296875,7391.592787184633,6909.093264388825,7338.692937160168,0
2001-09-17,7094.79248046875,7094.79248046875,6660.59322167758,6911.792669386276,0
2001-09-18,7043.79248046875,7046.192868597797,6838.292694149858,7046.192868597797,122600
2001-09-19,6933.59326171875,7104.992995076836,6885.193407093169,7043.7928601025005,156600
2001-09-20,6725.29296875,7001.59298087305,6696.292998227078,6933.593049991716,144600
2001-09-21,6498.3935546875,6638.79331988821,6260.093982771954,6638.79331988821,225800
2001-09-24,6885.693359375,6908.0932394807305,6583.293268964954,6583.293268964954,142000
2001-09-25,7000.49267578125,7041.092730959963,6768.79272288328,6885.692991202153,155800
2001-09-26,7050.892578125,7145.29238240956,6907.992824220479,7000.492728134838,135200
2001-09-27,7197.892578125,7197.892578125,6961.89281826666,7050.892727704762,125200
2001-09-28,7313.99267578125,7368.192816817829,7255.792538750259,7255.792538750259,124400
2001-10-01,7193.0927734375,7340.99252518537,7128.492741558904,7313.992552677537,113600
2001-10-02,7309.892578125,7312.092771232995,7101.992884088393,7193.092890466096,112800
2001-10-03,7244.99267578125,7330.692784456486,7144.292582270028,7309.892512515466,121600
2001-10-04,7466.29248046875,7466.29248046875,7325.992813411199,7325.992813411199,135800
2001-10-05,7169.29248046875,7385.692650017238,7125.692915635488,7385.692650017238,164800
2001-10-08,7199.99267578125,7233.09273976634,6925.892856954039,7169.292511698603,113000
2001-10-09,7278.392578125,7313.192836074383,7122.193028276763,7199.992754674694,103400
2001-10-10,7529.59228515625,7529.59228515625,7189.792344754668,7278.392350481964,124000
2001-10-11,7553.09228515625,7739.192190321073,7533.292012667805,7533.292012667805,131000
2001-10-15,7511.89208984375,7551.492146315244,7426.992275797301,7551.492146315244,114800
2001-10-16,7643.6923828125,7716.092211157503,7515.892220466323,7515.892220466323,116400
2001-10-17,7918.59228515625,7935.192366434825,7743.692555368946,7743.692555368946,150400
2001-10-18,7802.2919921875,7881.99210769561,7721.492268405436,7881.99210769561,104600
2001-10-19,7590.6923828125,7843.4919273134,7547.59232951573,7802.291774404963,121600
2001-10-22,7780.39208984375,7780.39208984375,7585.092481261815,7590.692573294863,75800
2001-10-23,7963.091796875,7963.091796875,7827.692035672886,7827.692035672886,133200
2001-10-24,8096.69189453125,8126.09176673406,7888.291717559468,7963.09193384255,126200
2001-10-25,7879.2919921875,8176.591990376435,7817.892150723111,8096.692167255205,112800
2001-10-26,7958.29150390625,8001.891556086094,7900.49175950594,7900.49175950594,98400
2001-10-29,7792.6923828125,7959.692215388184,7779.8921026765665,7958.291826167133,91800
2001-10-30,7562.4921875,7673.2918777248915,7550.092297966066,7673.2918777248915,119800
2001-10-31,7774.2919921875,7826.392037487651,7514.892350518253,7562.492400340515,127600
2001-11-01,7754.7919921875,7764.992177223909,7605.492337910682,7764.992177223909,66800
2001-11-02,7677.4921875,7817.192240655837,7602.692458927573,7754.791913528466,91800
2001-11-05,7925.9921875,7946.69236240873,7711.992398435529,7711.992398435529,84800
2001-11-06,8017.79150390625,8070.491644658546,7960.191954163788,7960.191954163788,122600
2001-11-07,8118.3916015625,8118.3916015625,7939.591979691576,8017.791606766347,116600
2001-11-08,8363.291015625,8416.691350131077,8095.891394294069,8118.391370648629,138800
2001-11-09,8221.9912109375,8285.790947424992,8192.391633203562,8285.790947424992,81400
2001-11-12,8059.79150390625,8268.691679384909,7958.191999168605,8221.991532168902,96800
2001-11-13,8383.0908203125,8405.391578181774,8159.09154344074,8159.09154344074,116600
2001-11-14,8463.5908203125,8578.090701409468,8364.491313847928,8383.090903908082,144000
2001-11-15,8500.291015625,8611.090705748727,8389.391716229266,8463.590858259433,154600
2001-11-16,8536.5908203125,8550.491196626017,8383.691563671287,8500.291052998342,128000
2001-11-19,8691.0908203125,8742.69135406779,8551.79115649494,8551.79115649494,102000
2001-11-20,8540.5908203125,8710.590645366865,8487.691460688362,8691.090665434158,110400
2001-11-21,8425.3916015625,8549.49108148143,8387.891640681097,8540.590700140985,108000
2001-11-22,8506.0908203125,8542.290978220573,8450.590877658757,8450.590877658757,76000
2001-11-23,8531.69140625,8577.29096864986,8430.291120084175,8506.090846685338,85400
2001-11-26,8563.0908203125,8651.790924584186,8522.991252095257,8531.691438477981,98600
2001-11-27,8439.291015625,8661.391370257063,8438.99121124973,8563.090691381873,131400
2001-11-28,8348.291015625,8518.891421954766,8332.791031943349,8439.2909198205,93000
2001-11-29,8272.8916015625,8415.790863809818,8233.291057696342,8348.290935521272,107000
2001-11-30,8364.69140625,8364.69140625,8226.791160521425,8272.891698019539,122400
2001-12-03,8302.8916015625,8302.8916015625,8131.591489924238,8302.8916015625,89800
2001-12-04,8514.5908203125,8514.5908203125,8336.59100405022,8336.59100405022,106800
2001-12-05,8825.4912109375,8825.4912109375,8552.591092086177,8552.591092086177,141600
2001-12-07,8703.19140625,8875.99103643292,8692.69141685359,8825.491087431134,115000
2001-12-10,8559.8916015625,8664.590712810317,8542.291033696782,8664.590712810317,76000
2001-12-11,8636.69140625,8690.590765462232,8497.090962375816,8559.89167971715,116800
2001-12-12,8532.4912109375,8711.391417282779,8521.791026646937,8636.691298916623,97000
2001-12-13,8319.4912109375,8587.090537609249,8319.4912109375,8532.490985915525,98600
2001-12-14,8281.5908203125,8363.290928918546,8256.491237575112,8319.491170714726,93400
2001-12-17,8543.0908203125,8579.491173489112,8277.991483669546,8281.591089341302,85400
2001-12-18,8474.0908203125,8604.991075171842,8459.791030456296,8543.090748747929,97000
2001-12-19,8326.9912109375,8526.79080473837,8272.691463562884,8474.090665050382,152000
2001-12-20,8232.791015625,8263.790982530434,8129.191516849488,8263.790982530434,153400
2001-12-21,8284.8916015625,8318.290980193127,8099.491407620084,8232.79107089607,153200
2001-12-27,8434.8916015625,8440.491205102775,8268.191579949555,8284.891757860656,97400
2001-12-28,8397.5908203125,8519.691278457567,8397.5908203125,8434.891562522904,100800
2002-01-02,8377.0908203125,8446.590747394679,8247.691542012924,8397.590798804365,80800
2002-01-03,8554.69140625,8575.790993947352,8408.79116552244,8408.79116552244,99400
2002-01-04,8463.0908203125,8608.4910599369,8416.291064227336,8554.691311121345,125000
2002-01-07,8177.29150390625,8506.191560664294,8156.5918178872835,8463.09101847822,143200
2002-01-08,8186.591796875,8262.392012986245,8105.091879511707,8177.291513336258,126600
2002-01-09,8066.091796875,8234.491525919295,7968.491799658498,8186.591672869083,121600
2002-01-10,7935.39208984375,8011.092210628465,7835.292090737293,8011.092210628465,153600
2002-01-11,7983.091796875,8085.7913971196895,7913.991771068631,7935.391651160887,127400
2002-01-14,7800.2919921875,7944.791847461493,7759.69242347561,7944.791847461493,107200
2002-01-15,7948.6923828125,7975.291966043673,7737.692590197036,7800.292138045064,132000
2002-01-16,7804.09228515625,7905.192281603583,7783.092306178853,7905.192281603583,119600
2002-01-17,7977.49169921875,8014.491660719357,7848.491833446363,7848.491833446363,120600
2002-01-18,8008.79150390625,8020.991686573765,7898.391715987315,7977.49173165967,99800
2002-01-21,7902.4921875,8049.791846565263,7879.192405846948,8008.791887098322,63200
2002-01-22,8033.091796875,8090.391542353335,7825.891815667077,7902.49183417074,107800
2002-01-23,8078.29150390625,8078.29150390625,7926.591952752612,8033.091843319535,104800
2002-01-24,8213.291015625,8232.790994758025,8045.591488049418,8078.29116008867,117500
2002-01-25,8184.99169921875,8228.491655103418,8103.391684316874,8213.29147520613,89000
2002-01-28,8273.0908203125,8293.290994164992,8196.590901583524,8196.590901583524,100300
2002-01-29,8178.3916015625,8319.591165281134,8163.591811896268,8273.091212476958,96800
2002-01-30,8019.69189453125,8088.691823112881,7973.991746520684,8088.691823112881,114100
2002-01-31,8050.3916015625,8140.291411210305,8006.691939590093,8019.69192618577,88400
2002-02-01,8171.091796875,8189.19187614389,8066.991804970989,8066.991804970989,81200
2002-02-04,8014.29150390625,8122.291392045651,7986.191923635316,8122.291392045651,124500
2002-02-05,7852.6923828125,7966.391976726104,7778.492261320343,7966.391976726104,118400
2002-02-06,7708.09228515625,7885.391910142564,7693.892104236275,7852.692236253913,128800
2002-02-07,7872.39208984375,7872.39208984375,7645.59251023037,7708.092448205923,116800
2002-02-08,7829.7919921875,7888.592226485875,7771.292050558245,7872.392047337777,83000
2002-02-11,7819.6923828125,7963.391946276359,7798.492208680675,7829.79198209719,87200
2002-02-12,7787.7919921875,7913.192257014383,7718.4922570196,7819.692350810933,112700
2002-02-13,7867.1923828125,7886.791972724165,7711.392244560772,7787.792071035824,113200
2002-02-14,8021.3916015625,8022.691893185668,7832.591992250607,7867.192054101655,137000
2002-02-15,7920.39208984375,8024.592182375578,7917.492190360397,8006.492102572847,127000
2002-02-18,7832.39208984375,7977.192238380104,7832.39208984375,7884.892037477138,86200
2002-02-19,7708.59228515625,7828.291870874427,7700.092293770816,7825.192264640815,113800
2002-02-20,7716.39208984375,7783.692314674049,7646.592355825343,7703.492200560559,115200
2002-02-21,7736.4921875,7829.692288696747,7708.09231383514,7803.992119336909,99600
2002-02-22,7662.39208984375,7705.291948447224,7627.992222573768,7703.8920475308,94200
2002-02-25,7775.09228515625,7779.992182576528,7669.892195549981,7713.692444507749,67800
2002-02-26,7846.9921875,7918.192311925342,7805.292033704357,7848.29199089341,96800
2002-02-27,8101.3916015625,8101.3916015625,7883.491922481327,7899.791710467873,120200
2002-02-28,8135.49169921875,8204.491628816942,7984.19204890487,8038.491798189407,115600
2002-03-01,8230.69140625,8254.391576254508,8083.791172490964,8118.391233199881,95400
2002-03-04,8384.9912109375,8395.19139555827,8298.99130108173,8312.590896201773,127000
2002-03-05,8307.19140625,8413.491098471735,8274.791049904787,8373.991140262948,110800
2002-03-06,8320.4912109375,8346.090793271269,8230.791110376593,8276.491257415326,108000
2002-03-07,8382.19140625,8468.991119924533,8332.191458676942,8374.491219011454,115800
2002-03-08,8369.69140625,8447.790933612223,8347.291039147758,8355.491225849193,120400
2002-03-11,8317.8916015625,8422.090710210983,8260.691466690263,8404.89150963444,103800
2002-03-12,8225.8916015625,8301.891520359382,8207.391621329049,8294.19133327425,100200
2002-03-13,8198.9912109375,8313.891478393001,8177.791038350922,8255.991149835345,118800
2002-03-14,8253.291015625,8272.391581222,8178.491290592931,8178.591388142586,86200
2002-03-15,8318.791015625,8321.891598286638,8183.191549515071,8229.991304757168,143400
2002-03-18,8394.69140625,8409.291000339537,8336.391662601085,8358.39163956758,92800
2002-03-19,8471.291015625,8471.291015625,8391.191489354185,8403.691476385304,66800
2002-03-20,8390.0908203125,8481.090724985303,8365.391627436207,8436.99116180692,82400
2002-03-21,8334.3916015625,8397.391535125695,8295.491251960002,8344.191395915592,85200
2002-03-22,8345.9912109375,8411.391532690212,8304.491254640603,8381.391564282816,66000
2002-03-25,8167.19189453125,8330.491533248047,8166.291504821367,8285.091188765997,94400
2002-03-26,8123.19189453125,8155.691861320769,8074.591846537543,8143.991677964242,161400
2002-03-27,8157.99169921875,8166.591788124384,8065.991792828933,8163.69188873129,124000
2002-03-28,8249.69140625,8291.090776206407,8154.491312361848,8155.89121321417,69400
2002-04-02,8202.0908203125,8260.49114835783,8145.691466685498,8235.790979513135,115000
2002-04-03,8236.0908203125,8264.991180096767,8094.891263960954,8170.791085308963,98000
2002-04-04,8164.69189453125,8248.491614022254,8125.991738563961,8194.591278196001,91000
2002-04-05,8170.091796875,8236.892021974983,8155.291518943274,8161.691903065509,91200
2002-04-08,7976.091796875,8162.691700335267,7933.09184162539,8156.091609547784,117800
2002-04-09,8038.49169921875,8098.691832366835,8021.391619220542,8042.691890194011,104000
2002-04-10,8098.19189453125,8128.091766227134,7956.291649356359,8003.79160066812,93200
2002-04-11,7971.091796875,8145.991517085065,7962.691903278569,8123.991539994976,118800
2002-04-12,8027.29150390625,8057.691863095151,7958.591867915232,7999.99172744863,101800
2002-04-15,8116.8916015625,8122.79149787269,7979.891741666117,8032.791589911563,88000
2002-04-16,8353.4912109375,8353.4912109375,8127.391351170505,8136.691634354032,127600
2002-04-17,8393.791015625,8442.191355570443,8362.791048084786,8392.191407924935,115600
2002-04-18,8348.0908203125,8470.790886443541,8315.891635462543,8377.391570713995,104600
2002-04-19,8420.3916015625,8428.491202483274,8289.090957361894,8354.891669930223,112000
2002-04-22,8363.4912109375,8392.391571191562,8311.49126558343,8359.291020038914,83400
2002-04-23,8356.8916015625,8400.290969981263,8319.89164047589,8364.59081221513,96000
2002-04-24,8324.9912109375,8364.59077850548,8269.991269003378,8305.590840794332,104600
2002-04-25,8171.091796875,8310.991557098536,8133.591834970151,8272.891986427814,119400
2002-04-26,8181.99169921875,8270.49160943396,8152.491729147013,8214.191861863592,102800
2002-04-29,8146.29150390625,8181.891565287305,8042.192000604941,8152.491692900979,85000
2002-04-30,8154.3916015625,8183.391572041914,8063.291596641705,8120.79153810951,115200
2002-05-02,8047.99169921875,8229.691707123997,8014.4917337709585,8202.19173548775,120200
2002-05-03,8018.99169921875,8118.691791327669,7970.8916513527965,8024.991693007914,140000
2002-05-06,7945.89208984375,8055.891981690487,7945.89208984375,8041.192289112158,77200
2002-05-07,7910.6923828125,7954.392046686513,7788.09240623444,7881.892118286528,129400
2002-05-08,8087.8916015625,8093.791497851057,7970.692014815767,7984.491805340238,140000
2002-05-09,8041.3916015625,8165.291376009864,8030.29151536439,8148.791393042084,105600
2002-05-10,7897.09228515625,8032.592151107835,7869.292019689973,8026.891961434465,108000
2002-05-13,7998.091796875,8020.191871594794,7810.6920890231395,7891.291614748307,86000
2002-05-14,8103.591796875,8133.491668591308,7965.791645059574,8026.391680641173,98400
2002-05-15,8162.091796875,8166.391597189638,8059.591901116563,8134.791531670398,100000
2002-05-16,8088.091796875,8168.891518638018,8066.691916493874,8118.491668019465,128400
2002-05-17,8090.591796875,8193.391984372867,8083.891608436756,8137.091749167003,114400
2002-05-20,7999.99169921875,8122.8914740418495,7979.591818041891,8108.691781744182,63200
2002-05-21,7949.9921875,8039.89200149872,7939.59229537628,7974.192359030862,94600
2002-05-22,7857.09228515625,7942.692297698303,7837.292011875398,7919.892027400423,120200
2002-05-23,7902.09228515625,7931.092256485074,7833.892157270639,7890.492198968566,107400
2002-05-24,7950.1923828125,7985.192348418712,7926.5923083475855,7945.092290168012,75000
2002-05-27,7992.99169921875,8024.191862129649,7925.891671246377,7925.891671246377,52000
2002-05-28,7925.09228515625,8054.692255053765,7903.092306843673,8023.291895383018,80200
2002-05-29,7946.6923828125,7979.692350369789,7910.992222597307,7920.092311307138,96400
2002-05-30,7854.7919921875,7950.492092315171,7809.692427669239,7935.392009677702,92400
2002-05-31,7949.89208984375,7957.092278080497,7845.792094488412,7884.49225176958,106800
2002-06-03,7899.6923828125,8016.791876380485,7890.392099041382,7917.492169896676,82600
2002-06-04,7666.9921875,7829.092119979909,7660.791998505359,7827.5921215083745,116800
2002-06-05,7619.09228515625,7727.692271455745,7588.592316430449,7726.19227299382,92600
2002-06-06,7577.4921875,7703.692252698474,7554.792015591694,7665.092194839422,107800
2002-06-07,7480.59228515625,7494.992172461201,7399.592369750065,7472.992195437299,171400
2002-06-10,7483.09228515625,7549.592215728974,7440.392134423572,7542.592223037109,75200
2002-06-11,7553.89208984375,7571.092267367223,7430.292120018921,7510.892134315812,109000
2002-06-12,7387.5927734375,7484.992579216982,7380.992682324722,7439.892526273897,111200
2002-06-13,7296.49267578125,7488.592580607631,7276.592793413,7452.192714802063,108000
2002-06-14,7128.19287109375,7286.492513128355,7014.19298822864,7286.492513128355,136600
2002-06-17,7332.99267578125,7332.99267578125,7151.892759008231,7180.193023710577,94800
2002-06-18,7350.79248046875,7398.192823864762,7276.79255420116,7390.892538169907,111600
2002-06-19,7212.69287109375,7247.692835552601,7161.092825835408,7231.292461581565,101200
2002-06-20,7060.29248046875,7192.792343015808,7038.792502772435,7144.092686504694,101000
2002-06-21,6925.4931640625,7055.993035250162,6850.393140535132,6971.193314265812,172600
2002-06-24,6651.39306640625,6946.693055881844,6638.593274873675,6894.693109324541,134800
2002-06-25,6773.59326171875,6836.393003028499,6729.193404183515,6758.993178796963,150400
2002-06-26,6683.39306640625,6716.093228272227,6433.593517219824,6716.093228272227,154400
2002-06-27,6695.79296875,6802.292860021041,6644.493216435969,6797.792864615222,165800
2002-06-28,6912.9931640625,6932.9931442854495,6799.493276297262,6810.293070305348,152400
2002-07-01,6893.59326171875,6999.2928639344345,6796.093358403196,6851.393108253456,113400
2002-07-02,6713.39306640625,6837.493037697242,6713.39306640625,6794.193277099884,132000
2002-07-03,6592.193359375,6807.193136425678,6579.693372337169,6738.693207458369,128200
2002-07-04,6686.59326171875,6716.993132983652,6635.293021196026,6685.593262741084,96600
2002-07-05,7078.392578125,7078.392578125,6744.79282565412,6752.593110551688,157800
2002-07-08,7133.79248046875,7165.092741301724,6996.892718679103,7009.792607778621,110000
2002-07-09,6997.69287109375,7164.592598749909,6927.792553630752,7110.292362615149,117400
2002-07-10,6858.29296875,6997.392927759704,6838.893085742897,6915.19330266014,103000
2002-07-11,6637.693359375,6775.993021632322,6631.093268515962,6737.292866175812,117800
2002-07-12,6724.59326171875,6831.892957329911,6633.293061561927,6799.993087414222,101400
2002-07-15,6420.8935546875,6777.193495420299,6408.293469487618,6726.893252178063,108400
2002-07-16,6421.19384765625,6579.5935934143,6271.793604720513,6557.293322490431,163800
2002-07-17,6660.59326171875,6729.3929957953205,6379.793256942238,6411.89332165337,153400
2002-07-18,6751.59326171875,6861.693247899591,6639.5933751177945,6703.493212763438,194800
2002-07-19,6420.3935546875,6659.3933183953895,6420.3935546875,6659.3933183953895,142400
2002-07-22,6251.8935546875,6458.493442579291,6251.8935546875,6373.993528373524,134800
2002-07-23,6158.59375,6433.293173898836,6105.793511452402,6309.393399258456,170000
2002-07-24,6004.494140625,6179.1941654596985,5824.194511879571,6074.293877199712,262600
2002-07-25,6310.09375,6368.99359309329,6166.49379679852,6365.493596614121,197400
2002-07-26,6303.3935546875,6313.493642172739,6118.39374098639,6239.593814247744,142800
2002-07-29,6659.79296875,6659.79296875,6260.093671989674,6361.893372184978,136600
2002-07-30,6322.29345703125,6743.493229454274,6322.29345703125,6672.793105125522,192000
2002-07-31,6249.29345703125,6507.493390079795,6213.793493089977,6368.993530759618,194400
2002-08-01,6074.8935546875,6363.993350263375,6037.593788974525,6250.393371307742,149800
2002-08-02,6114.09375,6146.893520634756,6029.29354507088,6089.393580331233,133200
2002-08-05,5963.1943359375,6176.594028596851,5963.1943359375,6145.39386394132,110400
2002-08-06,6168.59375,6220.893500869587,5815.594113246542,5879.393852282318,156200
2002-08-07,6091.69384765625,6268.993467594308,6058.893588865969,6208.993530115338,180600
2002-08-08,6396.09375,6421.693822250047,6172.194069860342,6184.893764288072,165200
2002-08-09,6400.29345703125,6495.693753040544,6320.9937309913,6453.493599581135,124800
2002-08-12,6221.09375,6384.493485619795,6207.393568666399,6375.393397248767,64000
2002-08-13,6271.3935546875,6280.593740687936,6136.893690822937,6235.193884296124,80600
2002-08-14,6104.59375,6247.093601826328,6086.493671164508,6137.0937162060045,84400
2002-08-16,6326.59375,6345.693828492584,6175.1939995600405,6277.993701105598,120200
2002-08-19,6582.9931640625,6583.493163543289,6258.993500511498,6268.093588717999,86000
2002-08-20,6466.29345703125,6606.293319599968,6453.7934693019,6556.19375940535,80400
2002-08-21,6528.09326171875,6624.693258219653,6431.193460844289,6442.893155624123,95600
2002-08-22,6678.79296875,6683.493159251719,6539.6935017473215,6575.793074173366,94800
2002-08-23,6590.09326171875,6707.493042283107,6566.093286614047,6688.493061991883,85400
2002-08-26,6534.09326171875,6650.292847182543,6515.393085970286,6538.893061384722,42600
2002-08-27,6703.09326171875,6727.193334797304,6552.693512755423,6594.493274814759,99000
2002-08-28,6472.69384765625,6617.393412783198,6460.293469192082,6613.193709870523,86200
2002-08-29,6370.8935546875,6482.793345539604,6332.393593047036,6477.693741245608,94400
2002-08-30,6435.69384765625,6450.293442631371,6316.093867963902,6422.693860478403,120800
2002-09-02,6341.29345703125,6432.993560551636,6327.093764213941,6432.993560551636,55800
2002-09-03,6141.8935546875,6315.293277822375,6141.193848379397,6311.993476545224,114000
2002-09-04,6165.09375,6211.593702123078,6040.39368308022,6098.493720915958,101400
2002-09-05,6080.3935546875,6230.793300020709,5989.793551613561,6224.993501387937,138800
2002-09-06,6261.59375,6261.59375,6019.993897264273,6079.893738884887,83200
2002-09-09,6143.29345703125,6231.993560692949,6114.993681584946,6218.09367271148,82600
2002-09-10,6295.69384765625,6325.3935247426925,6191.893659344418,6197.793555739576,73600
2002-09-11,6491.99365234375,6514.493630344017,6257.194077235493,6339.393703894672,110800
2002-09-12,6251.09375,6435.893367033228,6242.793465459751,6395.293310604196,93000
2002-09-13,6141.29345703125,6250.793343851894,6045.393653809776,6246.593641161467,137000
2002-09-16,6086.99365234375,6204.9935292907785,6063.193872475204,6166.89347136614,70400
2002-09-17,6081.99365234375,6280.19364079885,6071.693858405941,6250.693671587384,125800
2002-09-18,5905.494140625,6020.793830913246,5898.694342684194,6011.494035452914,146800
2002-09-19,5818.994140625,5992.493965921174,5814.494145156224,5930.094126410287,131800
2002-09-20,5761.09423828125,5861.29384340355,5715.293991894071,5785.293920699986,198400
2002-09-23,5580.09423828125,5844.9938624672905,5520.2940081057,5760.993950671353,157600
2002-09-24,5390.89453125,5637.194578823363,5358.594758743635,5571.594546526197,158800
2002-09-25,5447.39453125,5545.194727788426,5293.494780650352,5318.394658442992,149200
2002-09-26,5682.39404296875,5682.39404296875,5488.094438632411,5557.494269414839,132400
2002-09-27,5630.59423828125,5716.793855610444,5573.594297597197,5654.09421382643,108200
2002-09-30,5431.69482421875,5492.994568290424,5304.694949801695,5475.7943899862,158600
2002-10-01,5368.5947265625,5484.394415396408,5324.794477414388,5477.194715568209,140000
2002-10-02,5614.39404296875,5614.39404296875,5454.694502605441,5517.994241231154,154600
2002-10-03,5551.6943359375,5679.594103293145,5497.594295379571,5510.394086557902,113400
2002-10-04,5499.19482421875,5629.394404083356,5470.594754496345,5540.894490521707,136800
2002-10-07,5464.29443359375,5544.594647631911,5375.594813749232,5426.394568503433,120200
2002-10-08,5454.0947265625,5599.394388161523,5432.394552619939,5485.2944028688735,147000
2002-10-09,5364.49462890625,5516.694671831478,5333.294464832296,5489.394406196578,151400
2002-10-10,5447.5947265625,5462.59471177316,5266.894709412433,5294.794584248109,173000
2002-10-11,5660.994140625,5665.594233519954,5471.0944348357,5482.094423450233,173000
2002-10-14,5603.2939453125,5742.293799960091,5568.293981912027,5641.694295782182,124600
2002-10-15,5889.39404296875,5898.594229127958,5665.594460940095,5670.894260354809,164400
2002-10-16,5865.39404296875,6014.893893622315,5808.794001854458,5813.394094915336,153600
2002-10-17,6023.494140625,6074.094189059876,5930.394133532108,5943.594316004084,176000
2002-10-18,6010.7939453125,6123.69422588131,5874.294078373776,6105.194243915255,155400
2002-10-21,6031.3935546875,6064.393519957146,5926.893664666955,5998.193882596783,90000
2002-10-22,6040.79345703125,6145.993541799667,6009.693880335636,6075.893517804412,139400
2002-10-23,5881.39404296875,6132.694085578286,5878.494143514043,6058.694159301168,117600
2002-10-24,6054.19384765625,6054.19384765625,5936.293580646448,5972.193933630912,109200
2002-10-25,6092.49365234375,6092.49365234375,5907.393747539661,5964.393688152479,126200
2002-10-28,6164.59375,6261.993552051584,6151.393568279672,6164.093750514848,129600
2002-10-29,6005.89404296875,6200.893852726131,6005.89404296875,6110.594136135407,138400
2002-10-30,6038.09375,6091.593693757208,5944.293555640416,6087.793404783581,126800
2002-10-31,6139.3935546875,6186.893505576239,6028.49376700552,6073.493720479062,146800
2002-11-04,6366.19384765625,6366.19384765625,6223.693989741166,6271.693941880983,170400
2002-11-05,6369.09375,6394.693822142344,6257.393666011617,6321.093797838391,134200
2002-11-06,6319.09375,6459.893413251418,6238.493733308082,6449.693716465968,150000
2002-11-07,6115.59375,6378.193575091805,6096.393574616246,6339.293224843269,151600
2002-11-08,6074.19384765625,6168.893455724481,6031.193892592079,6031.193892592079,115800
2002-11-11,6059.99365234375,6110.393501895213,5978.593835263795,6069.093740467938,83400
2002-11-12,6141.8935546875,6161.793436464692,6053.293548599489,6068.59382575538,120200
2002-11-13,6133.49365234375,6133.49365234375,6010.793584015624,6096.093788705751,111000
2002-11-14,6271.69384765625,6326.493596880269,6051.694070320652,6148.693972145893,132200
2002-11-15,6250.79345703125,6358.493542974735,6250.79345703125,6317.593682164633,114400
2002-11-18,6356.29345703125,6391.793421579525,6250.593855555972,6251.593854557333,96800
2002-11-19,6299.29345703125,6321.793434358529,6267.893586328443,6303.393550555928,79200
2002-11-20,6264.29345703125,6349.993565503178,6182.993734725377,6313.093700550342,103600
2002-11-21,6498.8935546875,6508.493642967068,6344.293608033464,6350.693992407025,138400
2002-11-22,6539.193359375,6559.993142318837,6444.593360611632,6502.593299979695,109000
2002-11-25,6580.693359375,6632.6933053581415,6527.093317397766,6580.993163751067,104800
2002-11-26,6471.49365234375,6605.49352090808,6449.193869529308,6596.793334129282,136400
2002-11-27,6700.09326171875,6700.09326171875,6420.193644949575,6441.89332984118,124800
2002-11-28,6704.09326171875,6766.792904817291,6650.3931211624695,6708.193355194273,91200
2002-11-29,6685.59326171875,6760.892989413198,6652.293002799109,6708.99314013641,121200
2002-12-02,6736.29296875,6848.792854585994,6657.493244027845,6659.593339552935,134400
2002-12-03,6582.39306640625,6772.593064192518,6582.39306640625,6722.892920494541,117200
2002-12-04,6512.79296875,6584.892990728849,6499.893079946191,6570.093201575458,125600
2002-12-05,6425.29345703125,6655.9934244313445,6405.193867512975,6563.393418256209,132400
2002-12-09,6290.99365234375,6454.393389816031,6275.7934723683375,6380.49356203772,142600
2002-12-10,6332.09375,6371.193808460094,6261.893625060157,6263.893623055244,109400
2002-12-11,6371.49365234375,6398.093723499447,6284.793543406991,6385.79344278496,124800
2002-12-12,6251.59375,6385.493516386468,6232.393574182707,6381.493520447929,117000
2002-12-13,6120.59375,6274.393395182178,6094.293484307206,6272.893396737823,135800
2002-12-16,6311.3935546875,6318.393547647288,6068.694091750165,6091.194069120912,100800
2002-12-17,6266.59375,6342.593673016968,6226.39359540767,6329.193784246443,101000
2002-12-18,6155.79345703125,6270.393436515687,6149.893560771284,6253.493551598554,101200
2002-12-19,6168.29345703125,6249.793373161464,6074.093846938764,6205.09371212966,132000
2002-12-20,6207.99365234375,6253.393508266274,6131.893632499558,6208.593749386402,197000
2002-12-23,6240.19384765625,6250.793446249116,6178.693910215278,6214.293483377644,73600
2002-12-27,6081.29345703125,6211.59361399265,6081.29345703125,6147.893485170367,81600
2002-12-30,6036.8935546875,6064.993622797168,5981.093808672164,6037.693846814761,89600
2003-01-02,6283.99365234375,6283.99365234375,6032.594003946557,6050.593985764219,90400
2003-01-03,6237.29345703125,6330.993556985718,6208.493681653109,6285.393505736368,84000
2003-01-07,6349.29345703125,6385.293421040568,6299.193897742891,6349.893554087557,125600
2003-01-08,6377.19384765625,6466.293368344416,6309.793524119392,6315.59381131472,152600
2003-01-09,6432.99365234375,6446.793443414521,6237.3937476926585,6330.593851041408,121000
2003-01-10,6438.8935546875,6475.593713819872,6346.993742941368,6414.393578840319,142800
2003-01-13,6534.693359375,6576.193315961928,6467.693429463573,6469.893134193714,133600
2003-01-14,6589.193359375,6589.193359375,6503.893154900674,6564.8930916164845,118600
2003-01-15,6566.79296875,6645.493082136809,6544.292992172153,6619.193304827,155800
2003-01-16,6610.59326171875,6610.59326171875,6498.493279983785,6508.493269642912,133600
2003-01-17,6458.19384765625,6570.79334635899,6421.993687924312,6558.493553760761,161200
2003-01-20,6390.79345703125,6483.493560269363,6387.093753674731,6408.293439649391,91200
2003-01-21,6346.29345703125,6502.293300997907,6338.093758201459,6443.8934570665415,112600
2003-01-22,6249.69384765625,6352.5936454872735,6227.093772954326,6337.693758276962,164800
2003-01-23,6310.19384765625,6383.593676164411,6273.993688758822,6314.193843632507,138400
2003-01-24,6268.8935546875,6378.193736982815,6261.793464220546,6340.993579337857,128200
2003-01-27,6022.39404296875,6234.993933779935,6022.39404296875,6230.493938158122,166400
2003-01-28,5955.39404296875,6086.893913589057,5918.094274979632,6069.194223972124,164800
2003-01-29,5940.994140625,5964.694312562928,5789.794094435315,5964.694312562928,173400
2003-01-30,6019.59423828125,6039.094219300286,5935.19441809091,5959.194394729724,173200
2003-01-31,5947.6943359375,5967.594218676867,5888.694394061332,5911.793980679759,172200
2003-02-03,6017.1943359375,6042.793920384343,5977.3940817251205,5989.394070039869,104400
2003-02-04,5872.89404296875,6010.893905286555,5872.494141023982,6009.694199452249,116800
2003-02-05,6002.59423828125,6002.59423828125,5816.594419843195,5885.99425444296,188000
2003-02-06,5885.59423828125,5975.393953569076,5828.19439308164,5907.594216379278,124200
2003-02-07,5809.2939453125,5898.094148715513,5782.293972545235,5898.094148715513,108600
2003-02-10,5787.59423828125,5830.1942928090975,5741.894089235696,5821.494106304688,104400
2003-02-11,5923.2939453125,5932.594229081326,5837.394127941613,5846.494216595974,114400
2003-02-12,5840.1943359375,5879.394003640341,5821.994158884952,5871.293914110784,107400
2003-02-13,5817.59423828125,5899.19425375145,5765.094291158241,5793.394067342721,116800
2003-02-14,5972.7939453125,6031.594180597587,5830.9942797319945,5840.594367970455,105200
2003-02-17,6082.8935546875,6106.293432612874,6040.293501485504,6051.993684588561,80000
2003-02-18,6164.99365234375,6186.893532138748,6047.993772810219,6080.693934453684,120400
2003-02-19,6036.79345703125,6148.393437340714,6036.79345703125,6136.193743137377,119200
2003-02-20,5989.2939453125,6123.893911288508,5956.894074665807,6065.793870472001,116800
2003-02-21,6043.19384765625,6043.19384765625,5941.493759167595,5981.493717152397,93600
2003-02-24,5952.09423828125,6073.39392355862,5952.09423828125,6064.994029483914,96400
2003-02-25,5803.1943359375,5924.29382304065,5793.69434552946,5911.79383566165,134200
2003-02-26,5781.994140625,5896.594122147569,5749.2939784502905,5878.494042833632,144600
2003-02-27,5887.6943359375,5903.094222955436,5771.494256266167,5813.394116911592,134800
2003-02-28,5999.39404296875,5999.39404296875,5834.094399722987,5873.794067981114,130200
2003-03-03,5987.1943359375,6112.79382239441,5979.293953044219,6025.694298259465,108800
2003-03-04,5861.7939453125,5953.0941470187245,5819.994182407514,5953.0941470187245,105000
2003-03-05,5879.7939453125,5892.194323580185,5799.294025532865,5823.694391842235,96600
2003-03-06,5816.89404296875,5909.494047348735,5804.394055560026,5886.594168072103,121400
2003-03-07,5716.494140625,5812.4940422256295,5711.394048196316,5798.393959021888,157200
2003-03-10,5569.39404296875,5755.9939443094245,5569.39404296875,5749.393853596911,135400
2003-03-11,5606.39404296875,5653.793895773793,5534.494215769209,5593.293959003708,150000
2003-03-12,5452.39453125,5637.494446566364,5447.694828848375,5630.29425834669,171200
2003-03-13,5670.6943359375,5670.6943359375,5509.59440474145,5509.894209119169,144200
2003-03-14,5904.89404296875,5905.293944915681,5707.794140893018,5721.794127000954,188600
2003-03-17,6064.49365234375,6102.793416943197,5719.893915377246,5744.793791658498,188400
2003-03-18,6089.59375,6206.893432416936,6039.893606493818,6084.193853284982,236000
2003-03-19,6171.29345703125,6258.393465098354,6075.29355577463,6128.793500745767,142200
2003-03-20,6102.09375,6192.493558306042,6038.793522878826,6126.993626441844,137600
2003-03-21,6257.99365234375,6258.493651836587,6135.593874153485,6153.693953450323,201600
2003-03-24,6004.994140625,6169.493980114228,5988.99415623699,6162.094084990928,125000
2003-03-25,6123.79345703125,6146.793433190482,5882.094000535078,5965.194012053493,155000
2003-03-26,6142.79345703125,6228.59366133835,6085.693906660076,6168.6938208921065,139000
2003-03-27,6022.39404296875,6101.494063666123,5999.094260950335,6064.094197709869,114000
2003-03-28,6029.19384765625,6064.893517102172,5942.893645546084,6048.9936314981405,96000
2003-03-31,5870.494140625,5921.094187777043,5828.594280101749,5919.494091717858,132400
2003-04-01,5953.1943359375,5965.694323634506,5893.294004268833,5900.793996887036,113800
2003-04-02,6174.49365234375,6186.59373756057,6028.69399754483,6030.8937023146855,147000
2003-04-03,6237.99365234375,6302.193782327496,6158.693928350047,6197.9936930469,173200
2003-04-04,6324.09375,6360.993615306402,6178.193994099604,6230.093844350134,163200
2003-04-07,6454.19384765625,6567.093638963815,6434.393574160936,6476.093728461614,208600
2003-04-08,6397.29345703125,6478.393474216746,6378.493670997666,6386.993662563627,153800
2003-04-09,6468.49365234375,6541.893482658847,6321.293601481469,6357.793565663357,187200
2003-04-10,6407.79345703125,6474.293391155418,6366.893595203516,6375.393586783297,130400
2003-04-11,6442.29345703125,6511.493584160172,6426.493667911441,6437.4936570730415,142400
2003-04-14,6488.59375,6505.993635321804,6377.493761030557,6425.593811631528,98400
2003-04-15,6560.79296875,6589.993133637748,6470.693453253081,6533.993191986197,107200
2003-04-16,6503.09375,6629.193724570328,6498.5937543924365,6602.993554831759,116600
2003-04-17,6574.39306640625,6575.393065366468,6441.79310662509,6458.593382125211,76200
2003-04-22,6577.59326171875,6591.993149097037,6492.8931544330735,6546.393098831843,86600
2003-04-23,6587.39306640625,6667.193276563902,6543.793013995096,6646.993102213736,135200
2003-04-24,6526.89306640625,6642.493042988935,6517.593271458884,6575.393015609858,178800
2003-04-25,6492.49365234375,6567.793383411338,6454.5937870543785,6529.393518610812,99000
2003-04-28,6607.79296875,6620.093248993783,6453.393226136889,6466.493310240753,122400
2003-04-29,6557.193359375,6674.693236880241,6557.193359375,6641.593173731127,165200
2003-04-30,6489.49365234375,6598.293350609529,6489.49365234375,6576.293372128665,171000
2003-05-02,6456.3935546875,6473.993635040087,6339.2935721590575,6471.893539448563,180200
2003-05-05,6491.29345703125,6563.69377685798,6474.893570724495,6503.39354285516,93600
2003-05-06,6568.693359375,6576.693351049533,6469.993266778159,6486.5933471589615,145200
2003-05-07,6428.99365234375,6578.09360278641,6405.893577495321,6550.493532381044,168200
2003-05-08,6300.49365234375,6448.593600791443,6293.893561336997,6441.093608347577,147800
2003-05-09,6387.79345703125,6389.993650157382,6259.893681783628,6336.293508207603,125400
2003-05-12,6394.99365234375,6430.793421496481,6315.093829308384,6428.793423481674,107400
2003-05-13,6375.99365234375,6441.393489578325,6331.293501532736,6415.393515462745,122600
2003-05-14,6363.3935546875,6444.9935709455385,6346.793473590277,6353.893564163996,135400
2003-05-15,6413.79345703125,6431.793439216878,6340.093822939664,6368.293502062023,92400
2003-05-16,6481.49365234375,6488.293450371863,6394.39363998897,6419.793517457329,107200
2003-05-19,6279.59375,6429.593598374352,6269.093760613796,6421.893410845499,111600
2003-05-20,6298.09375,6344.493605578753,6234.493716444281,6296.593751511803,116000
2003-05-21,6198.8935546875,6308.593637667305,6177.793478637691,6302.493546257539,137200
2003-05-22,6317.8935546875,6317.8935546875,6214.293561119289,6252.893619993641,109000
2003-05-23,6346.19384765625,6377.093719093008,6286.993711557528,6346.693847156135,96800
2003-05-26,6338.19384765625,6405.693780055545,6331.293463941935,6367.593720556235,50600
2003-05-27,6363.59375,6379.093734538835,6251.993763664236,6332.6938784787335,90600
2003-05-28,6472.8935546875,6476.493648813311,6402.593818939579,6413.29351547815,153400
2003-05-29,6482.99365234375,6532.593701435389,6439.293499819129,6442.593789556485,108400
2003-05-30,6508.4931640625,6558.493111547039,6438.6934326863775,6470.193399601638,154000
2003-06-02,6595.39306640625,6618.693335224933,6542.393121339187,6551.493209563454,135200
2003-06-03,6562.89306640625,6562.89306640625,6491.693433536842,6526.393104424767,126400
2003-06-04,6637.693359375,6657.993143156435,6561.593340091605,6593.593307135913,144000
2003-06-05,6591.09326171875,6679.392974826402,6563.493192687849,6658.392996606482,136600
2003-06-06,6717.693359375,6728.69334818139,6622.193456555882,6622.29306582952,144400
2003-06-09,6670.09326171875,6703.69332493951,6635.4931995228535,6672.292966495602,74400
2003-06-10,6696.79296875,6726.693328853376,6635.093324700376,6642.793023871945,110000
2003-06-11,6791.193359375,6791.193359375,6676.893181459501,6721.293039110863,144400
2003-06-12,6849.09326171875,6858.893056625278,6795.593315115933,6800.993212070159,149800
2003-06-13,6857.193359375,6936.3929874521245,6813.793012015815,6855.693360870349,144600
2003-06-16,6960.89306640625,6960.89306640625,6787.893236300546,6812.893211749347,129600
2003-06-17,6977.09326171875,7032.292914667109,6940.393102363917,7011.093228406647,171200
2003-06-18,7015.79248046875,7030.392562883073,6958.592833151742,6979.792518051332,139600
2003-06-19,6908.59326171875,7019.7928587198585,6900.393074520199,7008.6932603277255,153600
2003-06-20,7081.5927734375,7081.5927734375,6883.193076290918,6901.992861534524,210400
2003-06-23,6919.693359375,7019.392967913404,6906.893079051596,6963.193316401566,117800
2003-06-24,6871.39306640625,6953.59317994278,6853.292986756685,6925.893012187517,127200
2003-06-25,6941.29296875,6953.292956932149,6869.093332822534,6908.393098806763,154400
2003-06-26,6944.59326171875,6972.693331714587,6877.293034997241,6885.493222237855,103200
2003-06-27,6970.09326171875,6999.693330344654,6918.593312227462,6986.593245536346,102200
2003-06-30,6861.9931640625,6993.593130618481,6844.792985884867,6952.993073408126,178400
2003-07-01,6739.09326171875,6883.292822478218,6735.2929726049015,6877.493023673863,165200
2003-07-02,6830.89306640625,6866.693323548306,6809.493185478184,6826.493168465648,143000
2003-07-03,6795.29296875,6871.993086903618,6735.693419331031,6848.792914930056,140400
2003-07-04,6800.39306640625,6830.093231863348,6771.1933887273,6776.19338370117,74600
2003-07-07,6944.59326171875,6964.493144473973,6830.1934719848805,6830.1934719848805,140000
2003-07-08,6965.693359375,7006.292928906713,6919.893111353338,6948.493180942276,134200
2003-07-09,6915.693359375,6989.292895999257,6890.7929933632,6967.193308468978,125200
2003-07-10,6838.4931640625,6910.193287701672,6835.292971948996,6900.693297198112,116000
2003-07-11,6968.59326171875,6968.59326171875,6813.893218161387,6815.99331375752,99600
2003-07-14,7045.99267578125,7062.792463005588,6953.39267438151,6993.092828426211,109200
2003-07-15,6999.99267578125,7051.5927194474425,6971.692900704315,7019.992654854911,135400
2003-07-16,6932.79296875,7053.792849440563,6916.993179641556,7022.693270730661,134000
2003-07-17,6945.29296875,6964.792949557052,6889.093317033524,6931.593275202738,116800
2003-07-18,6900.39306640625,6965.393002013469,6887.893078789477,6934.693325395135,128800
2003-07-21,6825.193359375,6960.593126105839,6800.292993689563,6943.493045576588,93200
2003-07-22,6862.39306640625,6882.493144039911,6811.393117209587,6842.093281940276,93000
2003-07-23,6867.9931640625,6902.593227280179,6833.093296455726,6894.893039631927,137000
2003-07-24,6981.09326171875,6988.993156326866,6870.793076756747,6892.9932503306745,147200
2003-07-25,6903.79296875,6968.993099503204,6874.593290631433,6935.792937064551,82600
2003-07-28,6996.69287109375,7021.892551745684,6962.392614030904,6969.2925091517645,92600
2003-07-29,6923.9931640625,7034.493054967888,6878.993208490169,6970.292923039056,105600
2003-07-30,6984.29296875,7010.093236466514,6917.393131885047,6925.093319660922,115600
2003-07-31,7061.69287109375,7067.892571694819,6940.992800968472,7013.292530668424,174000
2003-08-01,6995.392578125,7080.992586157518,6973.39260115911,7027.79244654589,114800
2003-08-04,6944.9931640625,7036.093172049265,6919.893091112182,6986.993122722058,92400
2003-08-05,6991.29248046875,7018.292452183036,6960.592805599097,6978.092787265765,95000
2003-08-06,6924.29296875,6957.792935677499,6897.393092962878,6941.99314658818,125000
2003-08-07,6900.29296875,6950.7929187210375,6876.792992030805,6950.7929187210375,97000
2003-08-08,6930.79296875,6978.792921406979,6896.393100335318,6941.19334911696,80400
2003-08-11,6965.39306640625,6977.393054629288,6930.193393920467,6944.393087015933,61200
2003-08-12,7015.29248046875,7019.6928664995885,6958.492735082236,6975.492717333641,66200
2003-08-13,6998.19287109375,7062.892510411189,6969.192901444745,7046.992624708055,77200
2003-08-14,7110.29248046875,7110.29248046875,7011.292582447242,7019.69296441912,107200
2003-08-18,7170.69287109375,7184.992661175298,7127.492719906324,7140.092804692719,107000
2003-08-19,7192.392578125,7221.49264614782,7159.392611729809,7192.892577615837,92600
2003-08-20,7179.79248046875,7195.292464656974,7146.6929048591455,7179.392578532946,73800
2003-08-21,7214.892578125,7238.792456206721,7189.79250594916,7190.692895660127,93000
2003-08-22,7205.892578125,7258.892524254755,7184.992697024322,7204.592774758647,70000
2003-08-25,7166.392578125,7190.292456042523,7148.892596010386,7189.99265166143,49600
2003-08-26,7129.99267578125,7214.692784086351,7111.192890405655,7177.992626473747,66600
2003-08-27,7143.29248046875,7173.492644816171,7107.592810041377,7170.792452272255,70200
2003-08-28,7175.0927734375,7207.09274077245,7138.192908760536,7143.192903656622,80600
2003-08-29,7111.29248046875,7213.092668589211,7103.992683299618,7199.792389318977,115800
2003-09-01,7194.392578125,7202.392569980644,7145.792529945808,7156.392616810688,67200
2003-09-02,7203.892578125,7220.892560841067,7162.792522255298,7197.092780350874,83800
2003-09-03,7291.69287109375,7312.192850502327,7226.592838827923,7226.592838827923,148200
2003-09-04,7265.69287109375,7297.9926432213,7248.8925950606035,7273.792472303906,99400
2003-09-05,7230.5927734375,7285.992619664054,7203.792507616042,7263.492642455374,91400
2003-09-08,7286.99267578125,7300.192857826134,7234.092826607592,7243.992719000875,88000
2003-09-09,7219.99267578125,7315.392481348026,7203.8925944574985,7312.292386836622,95800
2003-09-10,7115.99267578125,7212.092674525451,7094.992697395724,7197.992591381877,131000
2003-09-11,7113.392578125,7160.292432178881,7081.692903732936,7101.992687519009,89200
2003-09-12,7022.892578125,7145.392450369114,7018.692875473646,7142.492551049688,116600
2003-09-15,7057.5927734375,7086.892547718321,7031.492702867345,7055.592775513055,92800
2003-09-16,7131.99267578125,7132.192870888159,7046.792567965226,7071.592835465276,92600
2003-09-17,7146.69287109375,7182.992638579786,7138.992683672712,7167.392556911128,115800
2003-09-18,7195.69287109375,7195.69287109375,7130.792546528292,7144.89262983261,143000
2003-09-19,7102.69287109375,7218.692751475949,7090.192883983599,7213.492561525828,209400
2003-09-22,6953.29296875,7069.193245430851,6935.393084004026,7067.993051298289,138200
2003-09-23,6953.09326171875,6985.993131716975,6876.493239371855,6985.893034159136,151400
2003-09-24,6908.9931640625,6996.593175045021,6892.393082830802,6988.993084908498,146800
2003-09-25,6895.693359375,6895.693359375,6826.793037053254,6850.193404480667,152000
2003-09-26,6809.39306640625,6891.093179700153,6790.493183036059,6870.493102724284,151600
2003-09-29,6771.9931640625,6836.292903843112,6738.493197878788,6812.093221240049,103600
2003-09-30,6703.59326171875,6798.792871670932,6664.693399042835,6798.792871670932,171800
2003-10-01,6750.9931640625,6750.9931640625,6701.693409295069,6722.292997811286,137400
2003-10-02,6762.39306640625,6840.693280223232,6733.593290831738,6828.093195304099,143600
2003-10-03,6922.29296875,6922.29296875,6767.193512539594,6768.793120334941,144800
2003-10-06,6894.193359375,6918.59323752505,6868.6933846595,6910.99314740467,110400
2003-10-07,6894.09326171875,6908.693344898077,6839.49321820196,6908.693344898077,100400
2003-10-08,6924.29296875,6957.393033728548,6854.293037856716,6867.693415252331,121600
2003-10-09,7019.0927734375,7019.0927734375,6894.292610694083,6939.9927583198105,122400
2003-10-10,6974.693359375,7041.2929034754,6950.993187291177,7013.193321640963,133200
2003-10-13,7063.0927734375,7065.192868916013,6993.492747954422,6996.99274432503,81600
2003-10-14,7040.69287109375,7082.692827402472,7017.592797467804,7078.29244135506,88000
2003-10-15,7043.49267578125,7106.792414646131,7034.092783212035,7053.692860487025,123400
2003-10-16,7034.29248046875,7086.192817054282,7014.392598845077,7027.19287848597,107600
2003-10-17,6993.5927734375,7067.29240328493,6973.69289193441,7053.692808152453,105000
2003-10-20,6984.79296875,7014.893036947656,6960.792992238505,6971.893079031225,96800
2003-10-21,7007.392578125,7039.492642229841,6977.192902658847,7017.292470121252,98800
2003-10-22,6914.59326171875,7028.593149015649,6914.59326171875,7003.792880565056,107200
2003-10-23,6879.89306640625,6893.393052992515,6812.7930354213295,6860.193378948827,119000
2003-10-24,6868.9931640625,6895.493137690052,6827.793009751887,6876.693351711868,81000
2003-10-27,6950.9931640625,6966.19334442642,6898.393118135638,6906.993207334152,86600
2003-10-28,7023.79248046875,7028.8925728067625,6957.892646843544,6961.592838297586,118000
2003-10-29,7030.392578125,7070.1928296300985,7010.392598960852,7064.192835880855,80000
2003-10-30,7119.0927734375,7152.792445798072,7009.892690471519,7017.692975415231,175400
2003-10-31,7129.49267578125,7143.19285701938,7072.19292995851,7079.792531526343,156400
2003-11-03,7215.29248046875,7216.092772625127,7137.092852817676,7138.192949357221,142600
2003-11-04,7199.69287109375,7239.392537738689,7181.092792359286,7204.692866007275,157400
2003-11-05,7196.0927734375,7210.892563061701,7148.792528611172,7182.89259156021,114000
2003-11-06,7228.0927734375,7254.492649030284,7153.892653311904,7193.192906457749,145200
2003-11-07,7267.79248046875,7302.292445700931,7246.192892861034,7247.892598179383,119400
2003-11-10,7222.892578125,7276.092719491041,7211.3925897863155,7238.992659455309,94200
2003-11-11,7191.392578125,7198.992668040785,7163.692899305046,7198.792472932178,88200
2003-11-12,7246.69287109375,7246.69287109375,7176.592844287465,7194.392630984754,96600
2003-11-13,7258.79248046875,7318.892517483258,7235.292504180541,7284.092747909191,140200
2003-11-14,7293.79248046875,7310.992658509322,7251.292523145998,7258.992710726188,117000
2003-11-17,7133.99267578125,7226.792385194561,7123.192882181517,7225.992581328191,113800
2003-11-18,7127.29248046875,7185.192811593639,7088.692910759822,7185.192811593639,121600
2003-11-19,7131.49267578125,7139.892569498103,7037.992771807956,7065.892645497848,140600
2003-11-20,7111.5927734375,7161.292429283149,7028.192956987096,7161.292429283149,144200
2003-11-21,7144.99267578125,7151.792473498385,7082.692934956227,7096.392627944138,117400
2003-11-24,7243.79248046875,7245.892576001587,7143.49277719456,7163.192952588157,116000
2003-11-25,7251.892578125,7272.292459865412,7217.992710019215,7259.892570045221,122600
2003-11-26,7227.392578125,7288.192809478971,7226.092774754717,7231.292476516604,124200
2003-11-27,7249.892578125,7262.592760607114,7232.592790914646,7245.092778286507,61200
2003-11-28,7252.49267578125,7272.492655583474,7186.192938049182,7244.592781415523,104200
2003-12-01,7372.29248046875,7373.492674588882,7280.892668928805,7284.592860565242,138200
2003-12-02,7348.69287109375,7369.292459937766,7310.692908967157,7366.592755597229,117200
2003-12-03,7384.29248046875,7386.592771155922,7314.592842570108,7327.392634561946,111000
2003-12-04,7367.0927734375,7375.992666933151,7318.592821655198,7360.292487229461,107600
2003-12-05,7348.0927734375,7367.392558887919,7316.692902391603,7355.192864016727,82200
2003-12-09,7390.99267578125,7413.592751041605,7332.892635700135,7363.892604980235,175400
2003-12-10,7358.79248046875,7375.192854770429,7298.292540684443,7373.092759204408,132200
2003-12-11,7432.19287109375,7432.19287109375,7362.992743976045,7379.492727715771,122600
2003-12-12,7434.392578125,7477.792437712053,7404.492705238023,7454.0927540292705,122200
2003-12-15,7471.7919921875,7532.492124031988,7462.492197223858,7511.192341615524,154000
2003-12-16,7486.9921875,7491.992182282624,7425.892153600196,7433.892145252394,123200
2003-12-17,7506.2919921875,7509.8920860967955,7469.492225800958,7485.792013523745,142800
2003-12-18,7585.4921875,7585.4921875,7491.192479934275,7502.992272468855,152200
2003-12-19,7617.59228515625,7620.29198941872,7565.592338486695,7583.19241809254,211600
2003-12-22,7619.09228515625,7651.092252343976,7573.592331811202,7579.892130038986,111600
2003-12-23,7696.4921875,7696.4921875,7629.592353064453,7638.492246374164,97200
2003-12-29,7760.39208984375,7762.392087830322,7689.992258372537,7692.892157796917,102200
2003-12-30,7737.1923828125,7817.992105913837,7730.992193760536,7801.592220129596,140600
2004-01-02,7879.1923828125,7879.1923828125,7743.592419608445,7746.092417129609,94600
2004-01-05,7911.39208984375,7920.492178513662,7836.992260969834,7874.192419547176,114800
2004-01-07,7913.6923828125,7987.99211415034,7894.892108403626,7987.99211415034,237400
2004-01-08,7943.39208984375,7991.791944585184,7922.792012448127,7942.692383500677,193000
2004-01-09,7924.59228515625,8001.992111194984,7873.2920427621075,8001.992111194984,177000
2004-01-12,7934.59228515625,7934.59228515625,7850.092368355938,7875.092343740645,134600
2004-01-13,7946.09228515625,8011.492123199685,7937.392098397666,7957.992175800174,133000
2004-01-14,7978.091796875,7988.891590325888,7913.991765911432,7923.891657954869,138200
2004-01-15,7957.29150390625,7975.591777784764,7912.991745430781,7975.591777784764,148000
2004-01-16,7979.29150390625,8004.691868107492,7941.691933645726,7981.191892554293,141000
2004-01-19,8016.29150390625,8041.091771194598,7992.291528757959,8000.591813131856,93800
2004-01-20,7987.8916015625,8040.79144893429,7970.791521676148,8022.891565191571,158800
2004-01-21,8051.8916015625,8051.8916015625,7975.491777980146,7981.891673726175,138400
2004-01-22,8101.29150390625,8109.89159275064,8058.691938179806,8102.891599923003,148200
2004-01-23,8114.49169921875,8132.791485186343,8081.09183104165,8111.191897906807,115600
2004-01-26,8031.3916015625,8127.991599378587,8011.691914891706,8127.991599378587,129200
2004-01-27,8061.091796875,8134.791428015225,8061.091796875,8085.791478472145,134800
2004-01-28,8116.3916015625,8116.691894224135,8020.191992916339,8027.291595030447,155000
2004-01-29,8013.091796875,8088.591718664447,7984.891630775121,8050.791464853072,145400
2004-01-30,7929.89208984375,8036.692277593355,7910.492206612693,8036.692277593355,176800
2004-02-02,7958.591796875,7972.991684199722,7919.091838073308,7937.191916851244,132400
2004-02-03,7960.29150390625,7968.791495042684,7919.6919368674035,7963.991695360288,133200
2004-02-04,7888.7919921875,7936.392042704037,7874.292006547257,7934.291947127573,171400
2004-02-05,7949.09228515625,7990.192342418681,7869.592363290094,7880.792059314097,158400
2004-02-06,8024.8916015625,8028.791499872276,7952.491774107629,7979.991745662229,149600
2004-02-09,8135.19189453125,8135.19189453125,8051.291589514321,8059.091874524012,148400
2004-02-10,8171.8916015625,8185.591782958735,8109.89166454032,8137.091832223642,154600
2004-02-11,8197.19140625,8197.19140625,8118.691490417934,8155.791060014621,133800
2004-02-12,8242.291015625,8242.291015625,8180.591374386379,8222.791036418555,155800
2004-02-13,8199.5908203125,8259.491146730916,8173.691434011303,8220.991187998652,145000
2004-02-16,8226.4912109375,8226.4912109375,8176.791068723903,8186.991253138675,68000
2004-02-17,8258.8916015625,8266.291007750597,8227.291049254116,8232.99123850051,130000
2004-02-18,8282.9912109375,8285.291013184686,8248.991247014781,8285.291013184686,128400
2004-02-19,8340.5908203125,8350.891590707859,8264.991290602,8285.590878269777,135200
2004-02-20,8237.791015625,8310.19132900467,8213.291041764507,8306.99113710652,134800
2004-02-23,8245.19140625,8298.290959022883,8234.89161254169,8246.59081882078,88600
2004-02-24,8159.591796875,8234.591232296563,8106.691948346451,8232.99162454885,144000
2004-02-25,8173.591796875,8202.491669869165,8122.59184866856,8155.691912709675,123200
2004-02-26,8160.19189453125,8218.291444805722,8113.891648660438,8214.491643983487,111800
2004-02-27,8249.3916015625,8278.991179401533,8189.191470388392,8194.491269429383,144400
2004-03-01,8300.3916015625,8306.991203949357,8256.391648152872,8277.090844985047,121000
2004-03-02,8353.9912109375,8363.391591672553,8316.090860186681,8340.590834410761,108600
2004-03-03,8280.3916015625,8336.991150860997,8261.09084079892,8325.19135869816,133800
2004-03-04,8337.8916015625,8346.991201345512,8275.691471815835,8299.491251415728,114000
2004-03-05,8346.0908203125,8365.891580710808,8278.191477753124,8340.691411935984,125400
2004-03-08,8369.69140625,8375.991204322045,8343.991237925398,8355.391616578794,83600
2004-03-09,8286.69140625,8334.19135587042,8259.391630517293,8322.391563698062,101800
2004-03-10,8292.8916015625,8315.191382616003,8237.090879451827,8255.590859844979,124600
2004-03-11,8112.3916015625,8204.791409360692,8034.891680862159,8200.391999799767,197000
2004-03-12,8032.591796875,8062.091766390095,7881.79165974125,7944.791594637895,199000
2004-03-15,7699.09228515625,7904.29178396541,7681.3921078046515,7845.791843327056,306000
2004-03-16,7810.6923828125,7857.092238745656,7659.292143622778,7672.7921301196675,266000
2004-03-17,7948.09228515625,7966.092267463343,7845.292093233949,7876.09235592788,202600
2004-03-18,7820.39208984375,7974.492033555569,7795.192407986751,7974.492033555569,160600
2004-03-19,7879.09228515625,7910.492156365513,7791.792078749865,7863.592300525232,205400
2004-03-22,7727.7919921875,7818.291900695579,7671.492244416876,7813.892002799957,141000
2004-03-23,7768.2919921875,7839.092213953116,7707.592346201327,7715.092338658654,138200
2004-03-24,7752.89208984375,7827.492112326417,7710.392132670467,7777.192358325399,164000
2004-03-25,7914.7919921875,7914.7919921875,7799.692496424432,7802.792102739885,157200
2004-03-26,7952.79150390625,7974.591774120817,7918.191930644794,7973.191873238223,108000
2004-03-29,8021.091796875,8030.991688973656,7889.491835407503,7970.391654030519,94400
2004-03-30,8004.19189453125,8037.691859789968,7961.69193860601,8036.391568169692,93200
2004-03-31,8018.091796875,8066.291454007244,7990.391630239276,8015.191897533389,117800
2004-04-01,8097.8916015625,8097.991699116145,8015.991783170538,8039.891661015607,117600
2004-04-02,8269.69140625,8273.391597629921,8076.691611370987,8102.091486719642,169400
2004-04-05,8285.8916015625,8311.691378883499,8240.391649825491,8251.391638157516,112400
2004-04-06,8281.791015625,8320.290974766864,8251.491243093176,8293.691393620707,130000
2004-04-07,8294.791015625,8306.491198540125,8262.291050061578,8292.090823173592,98400
2004-04-08,8390.0908203125,8421.19137367053,8307.791101838295,8314.991289608219,110800
2004-04-13,8444.291015625,8477.991175861398,8411.891635284714,8414.590851225292,118600
2004-04-14,8351.9912109375,8396.491164108802,8278.291093181948,8373.590797582578,134000
2004-04-15,8310.3916015625,8370.391538106622,8293.891619012866,8352.590775682693,106600
2004-04-16,8387.8916015625,8390.991207689647,8314.991287324445,8317.090894499419,137000
2004-04-19,8340.3916015625,8404.090753186656,8306.891636864593,8354.391586809386,82400
2004-04-20,8375.19140625,8414.790974068568,8363.09083301104,8374.391602401827,96400
2004-04-21,8282.0908203125,8323.691362102963,8254.590849495828,8311.290984637406,113600
2004-04-22,8293.5908203125,8321.391572100889,8223.991284695017,8281.69141886029,139000
2004-04-23,8331.69140625,8376.691358779759,8325.691412579366,8358.691377767856,101600
2004-04-26,8362.8916015625,8397.891564778947,8329.191441667512,8358.991215036649,109200
2004-04-27,8358.9912109375,8378.29099533224,8317.590863842901,8362.391597987164,102000
2004-04-28,8232.69140625,8368.590675229063,8232.69140625,8368.590675229063,145400
2004-04-29,8159.3916015625,8224.69182809947,8116.391645307579,8207.1918459027,182800
2004-04-30,8109.49169921875,8134.791478009691,8076.3916354433395,8132.491675676242,168200
2004-05-03,8170.591796875,8178.391593638422,8071.491799897797,8084.091884753194,104000
2004-05-04,8151.591796875,8184.091763780222,8117.691929051549,8183.991666225902,139800
2004-05-05,8235.791015625,8265.991178708522,8108.59144433845,8113.891243370116,168800
2004-05-06,8119.29150390625,8238.69177246204,8116.79150646213,8233.691777573798,184600
2004-05-07,8026.99169921875,8134.091686121981,8000.091824692392,8121.891503425795,194000
2004-05-10,7815.09228515625,7929.192268750363,7797.192400706446,7925.492077136828,231800
2004-05-11,7908.9921875,7920.192371748961,7835.392162545831,7843.292057086068,159400
2004-05-12,7828.9921875,7940.492076234992,7820.99219548314,7939.791881621211,169200
2004-05-13,7866.39208984375,7886.791971927376,7816.392139501155,7878.492175482812,167400
2004-05-14,7779.6923828125,7830.992135983912,7735.492231886547,7798.892070563096,173800
2004-05-17,7671.89208984375,7717.592238618524,7605.692450225425,7704.291959193817,156400
2004-05-18,7724.89208984375,7749.89206456025,7694.8921201839485,7724.492187904437,137200
2004-05-19,7899.9921875,7922.59226280647,7784.09239977245,7821.492265130538,170000
2004-05-20,7817.1923828125,7835.09226726711,7765.692434281535,7828.092274262901,82600
2004-05-21,7806.4921875,7881.692307554506,7770.592321083744,7849.192340079485,115800
2004-05-24,7883.89208984375,7955.592214105402,7828.392144841118,7857.492213660814,122600
2004-05-25,7841.4921875,7852.892078486007,7793.792039711287,7832.092294521389,117200
2004-05-26,7926.09228515625,7974.291944678611,7901.09230979794,7952.492161478472,110800
2004-05-27,7965.3916015625,7996.8915687362,7922.791548300015,7933.291537357914,106400
2004-05-28,7951.591796875,8029.091715971717,7943.991707152593,8018.891531307338,120400
2004-05-31,7959.29150390625,7963.891596765042,7916.891645781505,7927.891634309566,48400
2004-06-01,7848.39208984375,7939.092194870933,7837.192393960978,7932.39200622798,98000
2004-06-02,7908.6923828125,7964.392034821566,7882.492213381501,7884.592308963198,102200
2004-06-03,7901.89208984375,7913.291980916573,7836.092350211614,7912.692372134399,125600
2004-06-04,8010.69189453125,8019.19188572345,7888.291630738967,7910.491803047365,103000
2004-06-07,8108.99169921875,8111.891598594014,8054.591852561482,8054.591852561482,98400
2004-06-08,8103.69189453125,8146.991654865899,8093.491709667013,8135.791471025982,99200
2004-06-09,8075.19189453125,8152.091717826896,8067.591804687407,8127.491645457948,114000
2004-06-10,8097.69189453125,8099.991696861269,8049.791553007928,8051.191942197417,85200
2004-06-11,8062.29150390625,8078.591780092547,8035.691921917671,8078.591780092547,78800
2004-06-14,7965.19189453125,8050.391512773252,7939.291530897847,8030.691826271676,121000
2004-06-15,8028.591796875,8042.891586777911,7960.991769110588,7973.891658117111,117600
2004-06-16,8069.29150390625,8073.691890004627,8029.59183771356,8055.19190903533,96400
2004-06-17,8102.8916015625,8129.791476349424,8060.291547546687,8081.291526033845,124000
2004-06-18,8109.19189453125,8135.091770363208,8064.191940594382,8071.591835363406,173400
2004-06-21,8129.29150390625,8203.89201366952,8113.491715351839,8130.291502885156,108200
2004-06-22,8056.49169921875,8117.691831475403,8031.591822529893,8115.291443323576,109600
2004-06-23,8107.19189453125,8107.19189453125,8066.691935998296,8072.291539639981,94800
2004-06-24,8162.591796875,8189.79147624609,8142.991719150649,8151.491710506756,108000
2004-06-25,8120.49169921875,8172.09174412934,8104.191911192923,8136.891584798507,92800
2004-06-28,8184.3916015625,8192.99169049636,8101.691978406939,8101.691978406939,112400
2004-06-29,8131.19189453125,8163.691861353443,8116.891616161034,8160.191864926438,103400
2004-06-30,8078.29150390625,8156.391521311476,8078.29150390625,8134.991640956995,155800
2004-07-01,8085.29150390625,8141.491641520763,8043.391644579077,8095.791493126414,185800
2004-07-02,8034.591796875,8070.591759682343,8012.691917156682,8046.591784477448,114800
2004-07-05,8060.29150390625,8072.591784207724,8025.191930678066,8030.391632354475,60000
2004-07-06,8022.79150390625,8081.691833590024,8001.691916361938,8080.791443896612,100600
2004-07-07,8063.79150390625,8098.89156543087,8021.291547655253,8021.691937868096,135800
2004-07-08,8084.99169921875,8084.99169921875,8009.291581626814,8056.59182603287,135200
2004-07-09,8047.49169921875,8053.891594961171,7993.591852471309,8037.891611464744,103200
2004-07-12,8053.591796875,8132.791422275745,8030.491723027836,8031.791526375638,93400
2004-07-13,8076.49169921875,8100.291479445535,8068.391609887534,8080.091793174929,79400
2004-07-14,8029.591796875,8057.691865482137,7963.891669481567,8052.491675545457,125600
2004-07-15,7983.091796875,8051.591725649097,7983.091796875,8031.191844517047,101200
2004-07-16,8010.8916015625,8042.691861580236,7986.091822572207,7986.391626949054,91600
2004-07-19,7981.3916015625,8004.09177326644,7962.89162080279,7983.891598962461,74400
2004-07-20,7989.99169921875,8005.391585563599,7932.591856507545,7959.791535281121,87600
2004-07-21,8031.3916015625,8061.491668109064,8018.691907656918,8045.291489540131,118600
2004-07-22,7925.1923828125,7969.692338945312,7912.392102462017,7969.692338945312,134600
2004-07-23,7848.7919921875,7947.391991699666,7829.292011597315,7939.291902106052,151400
2004-07-26,7740.89208984375,7843.092182010745,7715.092311194692,7829.291902969935,163600
2004-07-27,7842.2919921875,7842.2919921875,7735.292098780913,7763.092364055007,145000
2004-07-28,7809.09228515625,7906.192285670127,7788.092306165393,7905.891993001801,140000
2004-07-29,7872.7919921875,7886.692369018576,7828.992230964331,7843.092314628479,130600
2004-07-30,7919.2919921875,7924.692377484938,7856.29205433788,7892.492213938382,131400
2004-08-02,7868.9921875,7884.791976501139,7839.392119231317,7879.992176578981,123200
2004-08-03,7894.1923828125,7899.791986645843,7865.092313955179,7868.692408048591,108800
2004-08-04,7812.2919921875,7864.592232854617,7778.192416912983,7864.592232854617,115600
2004-08-05,7836.4921875,7873.192346224702,7828.9921949770305,7833.291995377895,82400
2004-08-06,7680.9921875,7784.69227733694,7680.9921875,7768.892000438986,142000
2004-08-09,7633.59228515625,7691.59222579697,7599.192418018593,7676.892045529177,122600
2004-08-10,7654.6923828125,7655.592284237797,7614.592326083002,7623.092317407776,86600
2004-08-11,7607.6923828125,7700.291897095103,7544.892154334631,7693.791903770083,114400
2004-08-12,7624.1923828125,7675.592232486891,7568.392147022178,7601.592308314517,107200
2004-08-13,7578.2919921875,7594.192366420722,7538.692423635897,7567.092296702073,86800
2004-08-17,7670.6923828125,7696.392063668961,7605.892155841934,7650.392110519312,117800
2004-08-18,7709.09228515625,7709.09228515625,7641.492256006798,7670.39212906302,80400
2004-08-19,7734.4921875,7772.892051056597,7725.99219608572,7747.092272429085,88800
2004-08-20,7707.09228515625,7724.392072307358,7668.49222662798,7712.49218202625,71200
2004-08-23,7788.89208984375,7809.99216633597,7741.692430155221,7756.492219998073,67600
2004-08-24,7792.6923828125,7816.791968026658,7767.592310320122,7785.392097162592,87000
2004-08-25,7784.09228515625,7816.992154480064,7761.492210182552,7799.791976430513,78400
2004-08-26,7838.1923828125,7853.2919771374,7819.792010527559,7827.99219766675,79400
2004-08-27,7882.2919921875,7882.2919921875,7811.392160115815,7842.592324504406,78400
2004-08-30,7881.6923828125,7906.492162917934,7870.292003487797,7894.791979202903,55400
2004-08-31,7869.4921875,7930.492126941832,7853.992202887731,7862.192390059431,129200
2004-09-01,7938.89208984375,7952.791978508906,7893.792036569533,7894.792035585454,95000
2004-09-02,7983.8916015625,7999.691878103843,7915.091868405472,7940.291549236837,136600
2004-09-03,8061.091796875,8071.191884130845,7971.691986589284,7971.691986589284,140200
2004-09-06,8107.591796875,8108.891600231725,8055.6919476677795,8065.59183987574,91200
2004-09-07,8112.091796875,8116.691889824157,8081.591828084406,8101.791514446119,99200
2004-09-08,8096.3916015625,8112.891584645982,8078.091815636755,8102.791497344791,136200
2004-09-09,8039.091796875,8067.591767447295,8034.691899074373,8065.291476853715,109000
2004-09-10,8055.8916015625,8079.291479795043,8039.991715601974,8044.491710965184,94400
2004-09-13,8120.091796875,8131.191883184163,8073.891648790701,8074.791550214524,113400
2004-09-14,8091.79150390625,8109.29148595429,8071.791524422776,8108.89158402077,108000
2004-09-15,8060.69189453125,8112.691840982474,8045.491714871669,8075.891585910082,194200
2004-09-16,8078.79150390625,8085.091790401593,8048.491730351104,8062.991715452687,114400
2004-09-17,8085.29150390625,8118.19186075403,8060.19192029979,8091.0917909201235,157000
2004-09-20,8053.49169921875,8089.891564044945,8016.29154224867,8089.791466491866,124400
2004-09-21,8071.091796875,8081.291493416287,8035.791540211092,8038.191928367392,103800
2004-09-22,8021.69189453125,8076.791446889683,8008.991712360795,8063.991655447303,132000
2004-09-23,7990.8916015625,8008.591778488404,7965.391628051371,7991.39160104311,115400
2004-09-24,7986.091796875,7996.791492784936,7957.291533841379,7978.891609046409,89400
2004-09-27,7939.6923828125,7988.291944366494,7927.192395112241,7971.492156209653,93200
2004-09-28,7988.29150390625,7993.091791886932,7912.291582879172,7930.491759279532,118600
2004-09-29,8047.99169921875,8070.291480906027,7987.29156651299,8009.891640859291,130200
2004-09-30,8029.19189453125,8099.591724093879,8029.19189453125,8082.191839738569,154400
2004-10-01,8220.5908203125,8220.5908203125,8037.691601797096,8037.691601797096,182200
2004-10-04,8304.8916015625,8335.3915692844,8235.090894182553,8235.090894182553,215200
2004-10-05,8305.291015625,8338.491175803478,8267.39164166946,8289.791032027835,156000
2004-10-06,8323.5908203125,8349.491183588738,8280.090866245058,8301.291039171829,168200
2004-10-07,8332.69140625,8362.991178978247,8301.590853116391,8332.791015519935,159800
2004-10-08,8323.19140625,8379.29095638541,8289.491246523947,8290.891635670174,154000
2004-10-11,8301.69140625,8320.290995933476,8284.491229147456,8303.691404132587,94200
2004-10-13,8296.3916015625,8332.19136832431,8279.49122884148,8286.291026325385,224600
2004-10-14,8255.4912109375,8278.790990819301,8225.590852145388,8261.491204549713,155000
2004-10-15,8261.0908203125,8261.0908203125,8205.491270090453,8227.59085595347,158200
2004-10-18,8266.9912109375,8309.191361384854,8253.191420921265,8282.29099935901,118400
2004-10-19,8347.69140625,8367.39158082071,8312.991247472375,8314.291050791348,153400
2004-10-20,8288.5908203125,8301.991196727999,8272.391618739823,8290.891599122799,130400
2004-10-21,8345.5908203125,8356.291004356224,8307.291055959953,8313.691439844464,123000
2004-10-22,8372.3916015625,8402.991178815066,8340.791048798224,8355.090838474274,106200
2004-10-25,8230.19140625,8290.590755811734,8226.79101925629,8286.290955716011,142400
2004-10-26,8232.4912109375,8268.491172503702,8200.291050002106,8254.090797252638,114000
2004-10-27,8338.3916015625,8338.3916015625,8253.391691156461,8282.991269332093,154600
2004-10-28,8435.3916015625,8435.3916015625,8366.39167345539,8366.79108710173,202400
2004-10-29,8418.291015625,8490.090745350455,8412.791021367233,8430.191393825487,178200
2004-11-02,8506.0908203125,8506.0908203125,8463.5908642263,8468.090859576603,193400
2004-11-03,8525.69140625,8576.590767840782,8510.59083587955,8551.89157455297,179600
2004-11-04,8533.791015625,8541.291007900661,8482.291068665467,8530.291019229693,148800
2004-11-05,8570.5908203125,8613.891557157991,8555.191422041942,8590.1913861498,182400
2004-11-08,8578.0908203125,8587.291006198542,8543.791050768346,8563.791030276483,115000
2004-11-09,8549.5908203125,8580.691374278327,8538.791026727293,8573.79099074699,140000
2004-11-10,8527.8916015625,8585.290956467761,8520.99121804921,8560.891567551893,188000
2004-11-11,8558.4912109375,8564.691399882773,8483.391678685262,8516.491254068962,247800
2004-11-12,8549.9912109375,8598.891551294828,8543.791021998555,8589.790974712372,252600
2004-11-15,8520.0908203125,8600.090737787057,8509.291026765733,8591.79094166137,236400
2004-11-16,8458.19140625,8546.090728974694,8440.590838601574,8535.090740404985,183800
2004-11-17,8623.9912109375,8623.9912109375,8474.291168190442,8477.19155585954,192200
2004-11-18,8636.291015625,8645.590810848196,8584.391654379933,8588.191455200416,140800
2004-11-19,8625.8916015625,8702.790937271006,8611.49122561028,8644.59080125958,143600
2004-11-22,8603.3916015625,8608.991205217051,8534.291086216783,8549.891656217034,122800
2004-11-23,8607.19140625,8660.590765784806,8586.391622801786,8644.090782633435,126400
2004-11-24,8667.9912109375,8676.191397935276,8621.590867360947,8651.791032051457,131200
2004-11-25,8755.3916015625,8755.3916015625,8674.791096535473,8682.491284118172,118800
2004-11-26,8739.19140625,8742.891597841193,8706.691438935432,8742.59081689369,93600
2004-11-29,8715.4912109375,8784.090751133881,8699.991226568327,8733.391583511022,122600
2004-11-30,8692.9912109375,8729.391564759864,8674.391620367645,8697.590815662063,160600
2004-12-01,8773.8916015625,8797.891577521026,8673.291116399432,8676.491308506207,141600
2004-12-02,8811.3916015625,8828.590803156883,8768.191449340678,8811.3916015625,156600
2004-12-03,8787.8916015625,8839.590768606444,8762.291041228971,8813.19138094685,175400
2004-12-07,8818.3916015625,8838.49119090476,8772.191452296493,8778.99125020681,133200
2004-12-09,8775.5908203125,8844.090751707412,8761.590834333978,8830.191351565649,162600
2004-12-10,8827.19140625,8831.090816429933,8796.090851278717,8805.29103743077,106200
2004-12-13,8887.8916015625,8892.29101127451,8834.29106862952,8834.891653973114,128400
2004-12-14,8893.791015625,8932.491172693055,8879.590834345468,8916.491188504633,128600
2004-12-15,8871.19140625,8931.991150700635,8871.19140625,8916.99116556175,126600
2004-12-16,8898.791015625,8911.291003279146,8877.090841745096,8886.79102747702,151000
2004-12-17,8865.9912109375,8926.290955848466,8812.090873745154,8904.290977657554,244000
2004-12-20,8894.4912109375,8922.691378384097,8858.391637234176,8866.79104299683,105800
2004-12-21,8941.791015625,8941.791015625,8898.891643729137,8906.99124514288,102000
2004-12-22,9024.9912109375,9030.691400698825,8967.59087621229,8975.891649378515,118000
2004-12-23,9054.19140625,9054.19140625,9015.59085778273,9018.491245592271,117600
2004-12-27,9050.69140625,9075.6913819727,9039.79102621028,9048.590822352362,54800
2004-12-28,9077.0908203125,9077.0908203125,9045.491241534382,9050.191432295836,44200
2004-12-29,9100.69140625,9100.69140625,9063.090856625518,9087.891613923995,62600
2004-12-30,9080.791015625,9118.79097884582,9080.791015625,9105.391577752252,117400
2005-01-03,9124.0908203125,9154.290986533755,9057.49127509157,9085.191443721027,102200
2005-01-04,9119.9912109375,9139.891582384234,9094.191431113608,9117.590822625789,110400
2005-01-05,9024.3916015625,9066.191365540248,9018.691411801545,9064.391562605617,150800
2005-01-07,9041.0908203125,9072.891570648224,9008.891632864108,9055.39158766038,174000
2005-01-10,9028.4912109375,9058.790986128752,9003.590844552527,9045.590803666377,113600
2005-01-11,8966.3916015625,9052.191322147148,8952.09083433044,9039.391530006298,180600
2005-01-12,8945.69140625,8983.5907830767,8919.891626910554,8971.391576312311,165400
2005-01-13,9016.791015625,9016.791015625,8971.991254605797,8974.791056564207,127800
2005-01-14,9025.0908203125,9033.590812034803,8968.39165677884,8970.291068991603,133400
2005-01-17,9094.3916015625,9094.3916015625,9040.191458630465,9040.191458630465,105000
2005-01-18,9096.8916015625,9104.7910079929,9040.691460548387,9085.791026349943,161400
2005-01-19,9087.5908203125,9137.090772438629,9086.491212000985,9112.99118637154,127400
2005-01-20,9017.69140625,9055.590783374,9002.391616474388,9034.79099895894,139200
2005-01-21,8999.3916015625,9029.59079081911,8985.291029396021,9001.191404492261,176000
2005-01-24,8967.0908203125,8984.290998766306,8906.991269843862,8981.891587055581,146400
2005-01-25,9033.19140625,9045.49119897012,8950.49129140258,8954.891677746118,155200
2005-01-26,9058.0908203125,9075.191389657322,9028.391630379614,9044.590833411532,139000
2005-01-27,9125.291015625,9125.291015625,9060.090883110282,9080.59086336564,183800
2005-01-28,9139.3916015625,9164.590796079236,9115.89162416168,9124.691420386696,141200
2005-01-31,9223.890625,9224.589843009717,9161.890690641294,9163.19049395265,150000
2005-02-01,9256.990234375,9256.990234375,9193.589910633918,9218.890665192988,124800
2005-02-02,9306.990234375,9315.790029829064,9247.290101704568,9260.190478793478,132000
2005-02-03,9310.390625,9331.589821514262,9280.790070110384,9309.890625524447,143600
2005-02-04,9422.490234375,9422.490234375,9319.29014602078,9321.190534676189,167000
2005-02-07,9461.6904296875,9487.089817534716,9446.190445685384,9449.089856755336,182200
2005-02-08,9479.1904296875,9490.49022273376,9441.99027269924,9474.690434323473,164600
2005-02-09,9450.7900390625,9486.589806757633,9410.3906667452,9485.490198518872,146800
2005-02-10,9451.1904296875,9479.890595345,9417.790073574062,9447.790042576016,137000
2005-02-11,9588.2900390625,9588.2900390625,9468.089966173167,9481.089952932747,151600
2005-02-14,9584.990234375,9592.19042235162,9559.390651082023,9588.08984059198,107800
2005-02-15,9634.2900390625,9647.690416104448,9574.790099373544,9578.990290428595,135400
2005-02-16,9575.58984375,9619.789993985163,9540.190465789408,9617.990191133184,196000
2005-02-17,9585.6904296875,9638.490180584136,9573.0898565871,9584.490235597725,162200
2005-02-18,9570.08984375,9606.490197230918,9557.0898570156,9591.290017429166,129800
2005-02-21,9464.58984375,9596.289903173529,9453.790050205796,9577.58972715599,136000
2005-02-22,9350.2900390625,9455.190320127604,9307.190474701523,9448.289936709498,228200
2005-02-23,9354.08984375,9357.390621554005,9261.39072177744,9329.890650263842,192800
2005-02-24,9352.58984375,9380.390595971492,9325.589871942362,9377.190404000514,146400
2005-02-25,9439.6904296875,9444.589838681424,9402.290077754216,9416.190453998885,152000
2005-02-28,9390.990234375,9467.089764614631,9380.890635502505,9454.390559070443,141200
2005-03-01,9472.2900390625,9475.990230560225,9370.790143705612,9372.190532886856,139600
2005-03-02,9443.58984375,9467.490209659609,9390.089899074344,9464.589822033902,133200
2005-03-03,9418.7900390625,9460.589800411017,9411.990241425192,9436.490216023036,155400
2005-03-04,9537.990234375,9537.990234375,9410.690560025325,9411.890754108985,136400
2005-03-07,9545.890625,9581.790002336766,9524.99025575647,9568.089821039806,121000
2005-03-08,9480.1904296875,9541.890561442167,9480.1904296875,9536.289981273872,134600
2005-03-09,9410.2900390625,9527.390503477793,9410.2900390625,9496.6903400247,162400
2005-03-10,9319.390625,9366.789989393545,9296.890648577328,9365.789990441424,161000
2005-03-11,9330.1904296875,9385.78998086815,9317.39063839715,9370.690387297433,109800
2005-03-14,9296.490234375,9360.890557349803,9280.390641912038,9318.79001563739,117800
2005-03-15,9354.6904296875,9359.190424989829,9306.790089067015,9311.290084369342,139200
2005-03-16,9201.1904296875,9337.39048044494,9192.190439239585,9335.190287467602,184600
2005-03-17,9235.7900390625,9260.890598459482,9157.990316637904,9197.89066507357,156600
2005-03-18,9263.890625,9300.790000164649,9239.690455198355,9254.390635014512,165000
2005-03-21,9225.390625,9287.089778437774,9215.690439955722,9236.890612826575,141000
2005-03-22,9299.1904296875,9306.190422336398,9209.490328574337,9234.089912115867,136000
2005-03-23,9252.08984375,9277.089817362408,9196.790097431647,9205.990283033309,126400
2005-03-24,9309.2900390625,9329.089822979644,9244.89069255616,9265.190475948792,91000
2005-03-29,9324.08984375,9331.190422250678,9234.089938011784,9266.08990449648,110800
2005-03-30,9280.08984375,9305.089817442024,9245.490270784823,9277.290042008788,107000
2005-03-31,9258.7900390625,9355.789936752735,9240.490253676531,9333.690350687077,150800
2005-04-01,9289.490234375,9338.289987761504,9244.69047678348,9254.690466270937,168800
2005-04-04,9205.990234375,9260.990176031595,9164.290083297614,9257.289984644223,189400
2005-04-05,9298.08984375,9304.290032550549,9239.290100818867,9246.390679298753,119200
2005-04-06,9382.08984375,9382.08984375,9316.589911927536,9320.290103388585,140800
2005-04-07,9392.390625,9407.08982846668,9334.990294056302,9376.990250387356,132000
2005-04-08,9385.7900390625,9442.190371004694,9369.69044643863,9439.089788293257,110000
2005-04-11,9334.7900390625,9355.690407822502,9311.190454376292,9340.99022788865,133000
2005-04-12,9303.08984375,9335.6903954661,9272.089876291238,9333.990201938324,102200
2005-04-13,9373.890625,9377.1904262498,9348.89065104472,9359.790053752333,122400
2005-04-14,9364.490234375,9382.5898248751,9308.8906829812,9316.790088805916,130600
2005-04-15,9155.19140625,9278.491092568742,9155.19140625,9275.19129104908,191200
2005-04-18,9025.791015625,9054.79098738564,8938.891686182633,9046.590800058251,241400
2005-04-19,9046.19140625,9073.590793691912,9020.99123542138,9050.491206759916,220000
2005-04-20,9016.5908203125,9093.79094037298,8997.691424672481,9091.29094280989,132000
2005-04-21,9018.69140625,9077.391544356951,8968.791064254807,8975.590862315641,137800
2005-04-22,9096.3916015625,9115.891582721342,9068.491237895229,9108.891589484834,104600
2005-04-25,9106.19140625,9129.99118796656,9047.49126759337,9050.491264697848,123200
2005-04-26,9083.69140625,9122.290978277402,9062.29103633125,9115.090789931552,183800
2005-04-27,8984.9912109375,9068.090739025058,8953.590851028137,9066.79093560902,154400
2005-04-28,8985.3916015625,9034.090772677397,8950.69144019197,9015.49118149559,153600
2005-04-29,9001.5908203125,9025.691382718454,8940.491270594484,8955.69145106568,136400
2005-05-02,9119.8916015625,9139.691387168465,9020.09091649286,9027.891690225064,98600
2005-05-03,9168.2900390625,9168.2900390625,9083.190520331447,9094.490312982947,131800
2005-05-04,9195.6904296875,9195.990234056617,9120.790118605017,9168.690458360888,107000
2005-05-05,9235.490234375,9244.89061506002,9211.589869022291,9232.690432648014,109400
2005-05-06,9263.08984375,9273.089833207498,9201.58990858639,9224.39066579866,122400
2005-05-09,9223.490234375,9250.58981505757,9205.790057803051,9245.589820351452,125200
2005-05-10,9146.0908203125,9241.691314381382,9144.791016874064,9241.691314381382,147000
2005-05-11,9149.8916015625,9188.590783139434,9121.891628458285,9139.991220447457,151200
2005-05-12,9213.08984375,9224.589831560324,9176.890663370148,9188.29006534959,119600
2005-05-13,9222.490234375,9222.490234375,9136.190521069611,9144.690512069035,117000
2005-05-16,9217.6904296875,9242.190403731154,9193.690455114123,9221.990229819605,86000
2005-05-17,9213.2900390625,9240.190401174466,9193.589864631196,9238.290012563784,102800
2005-05-18,9364.1904296875,9364.1904296875,9241.790166709954,9241.790166709954,186400
2005-05-19,9400.08984375,9411.490222531302,9361.890664684606,9386.58985777495,129200
2005-05-20,9368.490234375,9407.089803514176,9368.490234375,9403.69039299519,126400
2005-05-23,9396.990234375,9416.690409214509,9372.589869107567,9408.89061263278,92400
2005-05-24,9372.390625,9414.690385612985,9338.890659905512,9403.690397074492,97200
2005-05-25,9351.2900390625,9375.890599309443,9332.990253485608,9354.29003592958,97000
2005-05-26,9417.890625,9421.890620852311,9343.290116417464,9349.990304782386,115600
2005-05-27,9381.490234375,9428.28999034648,9364.390642799752,9419.99019429862,82800
2005-05-30,9466.7900390625,9466.7900390625,9352.490352282746,9363.69053604151,76000
2005-05-31,9427.08984375,9472.390578072476,9421.390630903876,9466.789997936678,130200
2005-06-01,9550.7900390625,9550.990234170302,9444.089952850192,9455.390722545224,134800
2005-06-02,9539.6904296875,9587.39057617014,9519.390645780555,9542.390622235856,122200
2005-06-03,9497.6904296875,9560.789974182886,9487.089854649625,9550.690375192398,112400
2005-06-06,9449.390625,9497.089794454523,9442.99024098958,9480.690397340246,104000
2005-06-07,9535.490234375,9537.29003721926,9465.0899158494,9473.69049297875,149400
2005-06-08,9487.6904296875,9513.290012712998,9458.29006932412,9499.089832016662,132600
2005-06-09,9493.990234375,9495.589842104626,9444.890675504355,9459.089879648896,123200
2005-06-10,9561.490234375,9573.990221608145,9525.990270632876,9536.290064800683,125800
2005-06-13,9579.1904296875,9579.39062479591,9526.690483209224,9563.990249871013,109000
2005-06-14,9614.390625,9617.790035609616,9543.79011077356,9565.490284044545,111600
2005-06-15,9563.58984375,9643.49015278676,9555.79004702707,9632.390554745842,153600
2005-06-16,9624.6904296875,9642.190411931266,9579.490280237016,9593.390656758096,134000
2005-06-17,9682.2900390625,9706.190405581425,9617.089909511304,9633.190479209656,176600
2005-06-20,9659.490234375,9671.290027133056,9634.190455265263,9670.890613474356,107600
2005-06-21,9712.490234375,9713.390624094684,9666.08989040419,9688.290063395065,134600
2005-06-22,9726.1904296875,9752.890598191576,9698.190457800996,9717.089852887477,139400
2005-06-23,9769.58984375,9779.390615203209,9725.790082844484,9727.390667182051,125600
2005-06-24,9677.390625,9712.790003340364,9664.690442503475,9695.990215605823,149000
2005-06-27,9622.890625,9644.8906026737,9590.69046236528,9629.690422786842,203400
2005-06-28,9682.490234375,9685.890621570416,9624.089902651764,9638.089888531573,164800
2005-06-29,9769.1904296875,9796.890597309944,9714.290093942798,9719.790088444812,159600
2005-06-30,9783.1904296875,9815.490202133222,9746.890661234596,9760.79006142265,171600
2005-07-01,9829.08984375,9829.08984375,9727.890725545692,9730.9903318411,144400
2005-07-04,9814.990234375,9817.290036774264,9789.390650470828,9808.29004572899,84600
2005-07-05,9807.390625,9814.890617531946,9766.089884874857,9805.790040656268,120000
2005-07-06,9832.490234375,9849.490217490624,9811.49025523217,9824.890632547922,150400
2005-07-07,9644.390625,9802.49007428817,9399.29028724386,9799.690272435666,371800
2005-07-08,9793.1904296875,9794.690428191723,9691.290140675965,9742.290089819568,162000
2005-07-11,9876.2900390625,9878.690427314008,9819.589899814808,9831.089888443676,158000
2005-07-12,9873.390625,9904.1903992239,9841.589875203654,9904.1903992239,146400
2005-07-13,9937.7900390625,9938.589842964053,9874.49029657812,9880.589899959188,172200
2005-07-14,9965.1904296875,9996.390594424658,9944.089864428,9949.190445367063,175800
2005-07-15,9943.7900390625,9983.49019538616,9920.490257257316,9961.089826760175,153000
2005-07-18,9960.990234375,9981.589823554432,9927.490267217932,9944.790054944946,111800
2005-07-19,10044.990234375,10044.990234375,9966.49031069173,9969.190503379134,174800
2005-07-20,10006.990234375,10037.790009005606,9982.089868049778,10016.08983486988,152400
2005-07-21,10021.490234375,10067.990189062266,9962.890682103409,10030.39061632686,237400
2005-07-22,10018.7900390625,10044.490209324247,9998.690449279193,10010.890632699797,122400
2005-07-25,10017.08984375,10047.990204250347,9979.490271030689,10036.690410578978,93600
2005-07-26,10043.2900390625,10052.190421033183,9989.08989645168,10014.290067260714,132800
2005-07-27,10088.6904296875,10098.990224405032,10046.690470342515,10046.690470342515,150800
2005-07-28,10128.7890625,10139.989245934035,10110.088887020156,10114.088882777922,141200
2005-07-29,10115.58984375,10162.39057981841,10082.990265846744,10156.690390008893,163000
2005-08-01,10068.890625,10125.690374598506,10058.58985374052,10122.589791668202,126800
2005-08-02,10113.890625,10113.890625,10043.69049747033,10048.08990728491,111600
2005-08-03,10149.689453125,10151.088865706395,10074.889727603731,10099.88970114436,154200
2005-08-04,10074.2900390625,10147.690358536083,10067.290045848022,10143.990166810408,178200
2005-08-05,10045.390625,10082.490198308657,10028.990250318622,10042.790041590655,133600
2005-08-08,10115.490234375,10128.690416943871,10045.190497555775,10052.089904957498,100000
2005-08-09,10145.5888671875,10145.5888671875,10062.58895506812,10074.38972382342,125000
2005-08-10,10229.189453125,10229.189453125,10146.689539762318,10150.189536086797,163600
2005-08-11,10222.0888671875,10226.489253188223,10155.989327275176,10189.189487698295,155200
2005-08-12,10187.189453125,10253.689383002154,10169.789080848344,10253.389578630791,107400
2005-08-15,10184.8896484375,10206.189430659731,10162.489281438571,10163.789084755146,37800
2005-08-16,10139.7890625,10223.788973509709,10105.689489250408,10211.788986222606,78000
2005-08-17,10094.08984375,10123.990205447604,10043.190478930585,10110.390609229666,126000
2005-08-18,10037.890625,10107.49016666326,10029.39063326944,10093.490180283516,128200
2005-08-19,10132.8896484375,10136.489253996448,10055.489339866945,10062.689527546305,116600
2005-08-22,10174.7890625,10182.989249155027,10147.789091005629,10148.989285051006,64200
2005-08-23,10104.08984375,10160.190375466213,10104.08984375,10158.890572034976,92000
2005-08-24,10078.890625,10095.990217806886,10032.890669570214,10082.290035768749,120400
2005-08-25,9983.1904296875,10030.490188106054,9975.490241907375,10026.58980129644,126600
2005-08-26,9904.7900390625,10014.390516939438,9903.39062637975,9988.690346966014,117800
2005-08-29,9938.490234375,9946.089836282585,9823.790151767544,9862.390699775897,124600
2005-08-30,9922.2900390625,9977.890570277355,9922.2900390625,9939.390608169437,133800
2005-08-31,10008.890625,10019.690419150194,9906.890724520796,9916.690519646683,194600
2005-09-01,10134.0888671875,10143.289052747756,10048.389739279026,10049.88973768902,161000
2005-09-02,10144.9892578125,10184.789020357372,10113.789095536802,10119.889675014603,140400
2005-09-05,10250.8896484375,10250.8896484375,10148.689560223267,10157.189551315894,115000
2005-09-06,10373.189453125,10377.489253359749,10253.588991042425,10253.989381252792,234200
2005-09-07,10407.9892578125,10421.08885366728,10377.28909418594,10391.789079220362,165200
2005-09-08,10441.189453125,10445.489253388743,10371.68952462847,10418.489281167072,146600
2005-09-09,10486.5888671875,10494.189445339169,10444.189496557809,10450.489294791958,108000
2005-09-12,10494.689453125,10532.489219121297,10437.08892614643,10519.889622643032,134800
2005-09-13,10429.7890625,10514.189366196695,10421.889656573512,10479.58881589612,151200
2005-09-14,10459.0888671875,10483.68942785857,10421.189492050204,10433.3896748323,142400
2005-09-15,10475.689453125,10492.088850370908,10432.289107004435,10451.689477735526,144600
2005-09-16,10532.0888671875,10560.588838119,10467.588932974108,10472.489318600969,183200
2005-09-19,10535.9892578125,10561.689426921856,10475.889709713249,10511.088892575186,123000
2005-09-20,10583.3896484375,10583.3896484375,10536.989304909055,10556.989284608986,130800
2005-09-21,10500.2890625,10567.489189064265,10494.588873019007,10542.48921464017,160800
2005-09-22,10536.5888671875,10572.489221211628,10464.389722045456,10486.489308889642,213800
2005-09-23,10631.189453125,10642.789050779293,10542.088957218277,10558.38972199732,192200
2005-09-26,10724.8896484375,10740.98924168694,10664.189513923036,10670.98931179977,242600
2005-09-27,10678.4892578125,10725.88960075441,10669.088876643957,10714.389612322995,249200
2005-09-28,10801.689453125,10818.389631829315,10708.389741223264,10711.68954262914,233800
2005-09-29,10780.5888671875,10832.88959632307,10751.889677034462,10818.489220047151,173400
2005-09-30,10813.8896484375,10851.389611186183,10793.588887353657,10834.289042235863,172200
2005-10-03,10880.689453125,10880.689453125,10815.38971290603,10835.789106828805,170200
2005-10-04,10919.189453125,10919.189453125,10824.889741208595,10883.889683165056,153000
2005-10-05,10823.0888671875,10874.289011682573,10822.689453521429,10843.48923756462,227000
2005-10-06,10750.8896484375,10761.889637446417,10680.689523268304,10723.289090078217,272800
2005-10-07,10732.3896484375,10765.289029570584,10698.08890151956,10742.48924770368,193200
2005-10-10,10800.5888671875,10819.789043403644,10753.989304160088,10754.088913436017,137000
2005-10-11,10810.189453125,10866.189397477328,10795.189468030629,10795.189468030629,152200
2005-10-12,10721.7890625,10768.389601748302,10690.789093558948,10766.789017414432,148400
2005-10-13,10567.0888671875,10735.389477348115,10567.0888671875,10689.389524110298,205200
2005-10-14,10629.2890625,10645.489241440251,10512.989375347455,10645.489241440251,182400
2005-10-17,10629.4892578125,10678.889598513397,10615.389662686584,10646.68943574246,140400
2005-10-18,10529.8896484375,10663.889511736004,10521.588875655629,10633.288957016011,140200
2005-10-19,10402.4892578125,10454.48920411447,10356.489305314602,10452.189401801874,228000
2005-10-20,10382.2890625,10512.689318204464,10350.989290197267,10469.489167589634,189800
2005-10-21,10368.7890625,10409.789020023562,10325.989302153555,10343.789088400268,150400
2005-10-24,10534.4892578125,10534.4892578125,10347.089058282489,10359.089046045909,184800
2005-10-25,10476.5888671875,10562.689364841714,10464.389660945975,10556.489175886589,0
2005-10-26,10473.3896484375,10544.489184888203,10435.189492305555,10470.489260787324,187600
2005-10-27,10328.5888671875,10424.588767343374,10327.38964968474,10409.489173672617,177400
2005-10-28,10339.4892578125,10362.38962464522,10255.989344564534,10327.689465384366,173200
2005-10-31,10493.7890625,10493.7890625,10412.8897312518,10417.18953153772,250200
2005-11-01,10427.189453125,10485.588807023942,10415.088879653622,10469.389604962513,176200
2005-11-02,10424.4892578125,10469.88960165353,10336.0889582819,10432.389640296346,236400
2005-11-03,10476.8896484375,10500.389624342451,10432.588912610028,10467.88965766539,290400
2005-11-04,10412.2890625,10486.68937636742,10389.189476956462,10479.189384105037,218600
2005-11-07,10420.8896484375,10455.588831418469,10361.98931852885,10406.189468278417,160800
2005-11-08,10440.189453125,10483.189408881206,10410.389679099277,10440.689452610535,168000
2005-11-09,10456.2890625,10475.88962830101,10428.088896158722,10434.088889994677,123800
2005-11-10,10438.3896484375,10491.18939878857,10407.588898884673,10484.889600584218,164800
2005-11-11,10510.2890625,10518.88963964716,10471.389688195148,10491.389667753889,165800
2005-11-14,10504.5888671875,10561.68939473294,10473.78909399642,10490.689467338783,157800
2005-11-15,10456.2890625,10508.189399805591,10412.989302296171,10489.58883297724,187400
2005-11-16,10391.689453125,10455.48919186088,10338.689507912564,10453.489193928335,192400
2005-11-17,10445.189453125,10468.389624577656,10421.088891973335,10430.88966314389,149400
2005-11-18,10527.0888671875,10577.289011274124,10485.889690478494,10502.28908780651,161000
2005-11-21,10535.0888671875,10556.889626208182,10498.189490749744,10532.889650679948,132600
2005-11-22,10522.8896484375,10559.088830233924,10491.689484975375,10557.389613218553,122000
2005-11-23,10626.689453125,10631.78905734497,10534.789155399132,10544.588950180329,157000
2005-11-24,10634.189453125,10670.3896118697,10593.389689651614,10642.989248923335,100200
2005-11-25,10656.2890625,10672.58885075632,10624.989289364574,10649.289069556418,97200
2005-11-28,10618.7890625,10716.788963361269,10609.5888764946,10677.189394046012,148200
2005-11-29,10620.0888671875,10657.889610202164,10582.989295338602,10604.189469207193,120000
2005-11-30,10557.7890625,10604.189405914243,10540.489275414438,10596.78902281888,136800
2005-12-01,10678.689453125,10678.689453125,10579.98935709949,10579.98935709949,135200
2005-12-02,10649.7890625,10699.489207681152,10611.789100829652,10692.189410356785,124800
2005-12-05,10532.0888671875,10668.989118181304,10495.489295142175,10668.989118181304,158600
2005-12-06,10539.2890625,10562.289039057236,10501.3896870665,10538.789063009624,96800
2005-12-07,10506.5888671875,10555.58881708878,10478.989286030972,10553.8896000761,156600
2005-12-08,10495.7890625,10495.7890625,10423.889722024744,10436.989317992624,109600
2005-12-09,10489.2890625,10501.088855103211,10438.289114729563,10453.289099367928,96800
2005-12-12,10539.9892578125,10587.889599618242,10499.989298579814,10521.689471775848,112200
2005-12-13,10533.5888671875,10561.78903374138,10501.88968076443,10543.989247206158,117000
2005-12-14,10502.3896484375,10572.389576839283,10484.789080502436,10559.588808682329,151400
2005-12-15,10483.4892578125,10517.58883224646,10450.58890089973,10509.389621898,205200
2005-12-16,10555.2890625,10602.088819559078,10462.789156637766,10488.389716521408,281400
2005-12-19,10528.2890625,10586.98919791978,10514.08888167618,10549.58884545498,144000
2005-12-20,10572.2890625,10584.389636142469,10495.889726064586,10513.489317557169,153000
2005-12-21,10682.689453125,10694.689441058175,10576.189560218052,10578.489362592942,153600
2005-12-22,10701.2890625,10717.189437163855,10668.489290737629,10675.78908809743,111600
2005-12-23,10723.8896484375,10753.289033050452,10704.189472858789,10725.789060597346,87200
2005-12-27,10772.689453125,10791.489239065944,10716.088923627767,10718.289116746306,81800
2005-12-28,10769.4892578125,10781.38963656729,10741.789090129943,10747.18947536825,66800
2005-12-29,10778.0888671875,10811.88961474934,10765.189465981432,10787.389639167708,72600
2005-12-30,10733.8896484375,10771.389610908547,10696.889685466069,10767.789028574414,90800
2006-01-02,10786.689453125,10814.588839403215,10719.98932423745,10725.789123149078,63200
2006-01-03,10818.0888671875,10839.28904144857,10769.28911095737,10794.088891019088,127200
2006-01-04,10895.7890625,10898.889645380626,10830.889712421942,10869.289088626394,199400
2006-01-05,10913.5888671875,10929.5888514388,10883.289092323908,10907.289068700858,127200
2006-01-06,10913.5888671875,10929.5888514388,10883.289092323908,10907.289068700858,0
2006-01-09,10962.4892578125,10966.088863660232,10928.088900896548,10943.088886198002,208200
2006-01-10,10869.8896484375,10935.088802754322,10869.8896484375,10932.088805719077,137400
2006-01-11,10966.189453125,10966.189453125,10908.78911872784,10909.289118238054,163400
2006-01-12,10955.7890625,10969.389635102094,10925.68948263774,10934.989278206758,203800
2006-01-13,10850.689453125,10942.989166435742,10825.48928276068,10938.389561614353,166000
2006-01-16,10898.3896484375,10905.789055206646,10821.588942887453,10825.889719898316,119000
2006-01-17,10806.2890625,10843.989220335974,10795.088878321243,10834.489229779612,177400
2006-01-18,10708.0888671875,10740.689420420636,10674.189487132327,10718.989246877409,174800
2006-01-19,10821.4892578125,10821.4892578125,10763.38970611129,10764.689509508513,186600
2006-01-20,10740.8896484375,10872.389516921745,10737.78906560096,10834.088773977111,195400
2006-01-23,10712.189453125,10723.289051369318,10611.088968571104,10642.8897179313,171600
2006-01-24,10665.5888671875,10747.588784598673,10645.489278056442,10728.288999349565,199200
2006-01-25,10824.0888671875,10824.0888671875,10690.38978112494,10704.088986279392,203200
2006-01-26,10890.189453125,10952.58880563618,10788.0889679004,10792.189549793044,295400
2006-01-27,11023.189453125,11026.889644831634,10886.28919591041,10944.489334506405,209800
2006-01-30,11037.9892578125,11051.689439791962,10979.6895098624,11012.389673351054,152000
2006-01-31,11104.2880859375,11112.087882393596,11022.788171947255,11025.18856003904,195600
2006-02-01,11221.087890625,11221.087890625,11030.088090095758,11030.48848030261,191600
2006-02-02,11135.98828125,11252.988158127358,11125.688487401298,11218.68838953458,236200
2006-02-03,11175.7880859375,11202.488253252635,11120.688534338997,11161.988295720235,186200
2006-02-06,11187.48828125,11216.988250349164,11164.78810971564,11199.788073053627,179200
2006-02-07,11175.087890625,11215.888629089328,11099.087970322276,11195.888650062294,191200
2006-02-08,11202.587890625,11209.2880789286,11083.388796566223,11114.087983202564,219000
2006-02-09,11344.888671875,11344.888671875,11221.98840820034,11226.38879427994,185400
2006-02-10,11312.587890625,11366.888615624686,11293.587910307147,11339.087863173583,174600
2006-02-13,11395.48828125,11395.48828125,11281.188594104586,11325.0879630224,132000
2006-02-14,11395.888671875,11412.288069073486,11320.38874951394,11389.488287831717,152400
2006-02-15,11377.388671875,11426.087840464686,11366.888682690023,11398.98825900235,173200
2006-02-16,11447.1884765625,11447.1884765625,11384.087955222454,11410.888709035906,138200
2006-02-17,11491.2880859375,11501.38866157449,11428.587954566236,11460.688507767776,175800
2006-02-20,11535.587890625,11535.587890625,11456.888751823724,11473.488344335565,115800
2006-02-21,11626.888671875,11657.78805479399,11541.988366821082,11563.988344647289,253000
2006-02-22,11755.2880859375,11755.2880859375,11604.788235969563,11619.188612238946,203600
2006-02-23,11738.98828125,11785.888625055512,11708.488311697389,11755.18846039025,173400
2006-02-24,11786.888671875,11786.888671875,11738.688524484009,11753.888704684196,163400
2006-02-27,11832.7880859375,11832.7880859375,11786.488327103549,11821.087902212425,143000
2006-02-28,11740.6884765625,11840.08779141142,11691.788134746468,11825.388587333158,210400
2006-03-01,11902.1884765625,11902.1884765625,11758.088032504544,11764.58802610473,196600
2006-03-02,11809.587890625,11918.587782463524,11776.388704818824,11914.388567880436,212200
2006-03-03,11755.6884765625,11834.788007086516,11725.78811574391,11783.58786281328,168800
2006-03-06,11759.087890625,11812.388618757112,11740.788104174511,11765.688469984563,169000
2006-03-07,11701.2880859375,11714.388658754877,11610.28817707321,11706.1884716548,181600
2006-03-08,11629.1884765625,11735.988173627791,11566.7881488184,11722.287992120984,164600
2006-03-09,11699.587890625,11727.888643527896,11657.48832341852,11701.4882793465,145000
2006-03-10,11771.7880859375,11771.7880859375,11635.28822182236,11642.188605578069,148200
2006-03-13,11845.388671875,11854.688467362128,11805.888710952668,11808.688512870298,137000
2006-03-14,11834.98828125,11839.688471908472,11773.28814703164,11815.48830055846,125800
2006-03-15,11845.6884765625,11884.488242866011,11831.888685526912,11869.3886484288,172200
2006-03-16,11862.48828125,11874.38866011882,11804.188534155826,11860.288088111034,261000
2006-03-17,11872.888671875,11949.587814921597,11835.288123049904,11877.388667433426,223000
2006-03-20,11921.98828125,11962.788045833264,11896.587915592358,11909.28809842118,97000
2006-03-21,11933.388671875,11944.587879627225,11857.78816017823,11944.587879627225,158400
2006-03-22,11951.587890625,11959.288078387326,11859.988371065,11876.188550492929,167800
2006-03-23,11906.1884765625,11969.988218454651,11880.388697268614,11957.488230757855,140400
2006-03-24,11954.388671875,11954.388671875,11895.28814387307,11908.488326245582,137000
2006-03-27,11839.587890625,11954.08777729373,11839.087891119898,11939.488182369318,115000
2006-03-28,11774.1884765625,11870.488185403716,11754.087910630924,11855.388591057215,156200
2006-03-29,11817.2880859375,11839.788063625138,11753.888734745697,11773.08793445659,180600
2006-03-30,11869.7880859375,11883.98826723051,11805.188540340045,11870.188476167204,154200
2006-03-31,11854.2880859375,11871.587873523013,11779.188550803372,11856.18847468384,145600
2006-04-03,11919.98828125,11958.587852677085,11901.788103830411,11923.48827780909,143600
2006-04-04,11893.7880859375,11893.7880859375,11829.788148995563,11892.58789180753,147600
2006-04-05,11916.388671875,11916.388671875,11839.788161267556,11888.188504294956,150600
2006-04-06,11908.1884765625,11943.988246019742,11883.58791483421,11938.587860709216,164600
2006-04-07,11816.6884765625,11921.98817682304,11807.6884854879,11903.388585893475,135600
2006-04-10,11817.48828125,11817.48828125,11764.388724530896,11792.38869676487,96600
2006-04-11,11674.587890625,11822.188328403729,11657.08790819118,11796.68835400016,165200
2006-04-12,11601.6884765625,11667.88860500691,11567.587925069629,11666.888606017,174400
2006-04-13,11609.388671875,11645.288049699948,11564.18852218844,11604.488286196549,75000
2006-04-18,11584.98828125,11626.288044160883,11552.087923905228,11589.388667423806,169400
2006-04-19,11720.087890625,11721.288084737444,11659.78814623036,11671.68852495634,178000
2006-04-20,11782.587890625,11814.188445133155,11716.288151878029,11720.087952786314,153000
2006-04-21,11913.7880859375,11913.7880859375,11806.087996561955,11819.888764237116,156400
2006-04-24,11901.2880859375,11955.788032273456,11856.587934639554,11884.3886885152,144800
2006-04-25,11920.48828125,11975.488227180856,11878.587931816242,11889.788116118109,155800
2006-04-26,11925.587890625,11958.087858688712,11886.88870990298,11940.788071000952,125600
2006-04-27,11891.2880859375,11946.188422458748,11825.2881509798,11944.88861905219,153200
2006-04-28,11892.48828125,11913.88865078727,11812.888750311657,11876.188492624164,177800
2006-05-02,11929.2880859375,11929.2880859375,11835.888763625931,11843.288170419615,134000
2006-05-03,11876.48828125,11956.88859254253,11858.3886897342,11939.4882190868,173800
2006-05-04,11928.48828125,11934.78807974847,11851.587966173178,11901.087917543584,165800
2006-05-05,12034.388671875,12034.388671875,11922.2881950978,11935.188573160773,131600
2006-05-08,12067.6875,12087.187479485852,12031.48734277038,12070.487301742083,135600
2006-05-09,12083.287109375,12096.187486446212,12042.487347553792,12073.086924779327,128800
2006-05-10,12064.787109375,12085.487282905502,12046.586933213848,12057.287117266957,140000
2006-05-11,12008.388671875,12105.988186004555,11998.08790067732,12052.188433819176,176000
2006-05-12,11710.1884765625,11931.787864176098,11710.1884765625,11919.087681573066,229600
2006-05-15,11587.6884765625,11673.08780425977,11517.888742464198,11661.288011505523,207400
2006-05-16,11595.888671875,11637.087848989308,11553.888714319955,11567.087919730902,196600
2006-05-17,11248.1884765625,11636.087486498456,11248.1884765625,11615.287703480886,208800
2006-05-18,11210.2880859375,11332.087763300888,11069.088038229418,11241.388639363828,258600
2006-05-19,11270.7880859375,11294.188452232078,11173.688577521269,11197.188553087277,183000
2006-05-22,10950.189453125,11247.988965669774,10918.289093794405,11246.588576418562,266400
2006-05-23,11160.6884765625,11169.488272010192,10993.088066605837,11004.788249633117,247400
2006-05-24,11047.189453125,11120.788990932471,10961.489341146516,11085.189416174178,224000
2006-05-25,11208.1884765625,11208.1884765625,10984.28832003688,11107.68858164042,155400
2006-05-26,11414.7880859375,11414.7880859375,11236.688659404495,11268.68862655241,193600
2006-05-29,11371.388671875,11410.688436062248,11368.988283723713,11401.88864044335,74400
2006-05-30,11165.587890625,11384.287856402769,11143.188500071594,11347.488090338156,152600
2006-05-31,11340.48828125,11344.288082010957,11049.188777578293,11072.38894891678,225600
2006-06-01,11346.388671875,11375.7880555733,11244.788190872268,11327.688495876371,145800
2006-06-02,11360.6884765625,11470.587777261935,11317.087935599724,11445.688388883596,151600
2006-06-05,11287.7880859375,11379.988185529748,11262.48830751571,11379.988185529748,115600
2006-06-06,11111.98828125,11223.787968033075,11090.08791372122,11134.087867318683,208600
2006-06-07,11224.6884765625,11267.087846359396,11105.788210071234,11180.98832687364,181600
2006-06-08,10952.5888671875,11097.788920089268,10952.5888671875,11027.389575073728,256800
2006-06-09,11098.1884765625,11121.68845174851,11037.587954614037,11086.388684334584,151400
2006-06-12,11031.3896484375,11109.389572482443,11018.489270374675,11060.789033871357,154200
2006-06-13,10797.4892578125,10908.98914688368,10772.38967340853,10867.78899256032,237800
2006-06-14,10851.9892578125,10873.389627253662,10744.189559833969,10833.389666848898,163000
2006-06-15,11036.2890625,11045.889639092766,10892.589007058152,10906.08899391792,196200
2006-06-16,10962.7890625,11176.489048412748,10935.189480169203,11143.788885142394,252800
2006-06-19,11056.7890625,11101.389605105987,11000.588921788563,11032.5888906991,152400
2006-06-20,11103.48828125,11109.188470546454,10965.08803669422,10987.38879440774,173000
2006-06-21,11155.388671875,11155.388671875,11046.38878637952,11134.087913001476,155400
2006-06-22,11246.2880859375,11257.688464683186,11197.58794137106,11247.98827947838,134200
2006-06-23,11274.1884765625,11302.888642043135,11212.087955174256,11247.988308483287,131400
2006-06-26,11276.587890625,11315.188436448405,11259.988298500472,11313.788047278702,137800
2006-06-27,11214.48828125,11313.087787591949,11205.08790044807,11313.087787591949,118600
2006-06-28,11188.7880859375,11237.188425869655,11158.488312984937,11180.48828994292,135400
2006-06-29,11386.587890625,11386.587890625,11239.088042427617,11271.388790434612,164400
2006-06-30,11548.087890625,11585.288048187584,11448.188577938165,11486.688538869235,186600
2006-07-03,11569.587890625,11573.888667518777,11499.98835174686,11527.888714111788,123200
2006-07-04,11603.087890625,11603.087890625,11547.988336898798,11595.488288925357,106600
2006-07-05,11521.1884765625,11554.988246870642,11469.188529454124,11552.087859195764,130600
2006-07-06,11636.7880859375,11650.488267453324,11505.788217860045,11510.88879866104,141200
2006-07-07,11626.6884765625,11645.988261797396,11541.388757850133,11619.68848361792,123400
2006-07-10,11649.48828125,11650.488280244055,11549.28818673333,11581.788154040136,98800
2006-07-11,11535.1884765625,11616.188394273617,11520.08790596587,11590.688420179376,116600
2006-07-12,11537.2880859375,11630.888576802332,11525.788097618364,11569.488248543385,125400
2006-07-13,11374.98828125,11479.087783379522,11351.988304945056,11470.287987757756,154000
2006-07-14,11240.1884765625,11330.087796898131,11240.1884765625,11270.188445285254,140200
2006-07-17,11179.388671875,11264.38858277418,11120.88873319733,11243.087823852617,150400
2006-07-18,11160.98828125,11198.587851146422,11115.98832849879,11172.188464802595,109400
2006-07-19,11425.6884765625,11425.6884765625,11190.588131755516,11211.888891158407,151000
2006-07-20,11446.388671875,11523.788006696484,11422.688500826604,11468.08786840948,133200
2006-07-21,11333.888671875,11434.087787023454,11321.58790334346,11384.188424554734,148000
2006-07-24,11561.587890625,11561.587890625,11337.48850839567,11343.888892533285,146400
2006-07-25,11611.888671875,11644.288053239956,11539.888744537526,11586.788111269056,155800
2006-07-26,11635.1884765625,11635.1884765625,11572.6885395113,11632.488283969584,121000
2006-07-27,11768.388671875,11777.18846779982,11676.087982536368,11683.388756516388,188800
2006-07-28,11887.388671875,11892.288081107596,11717.48844873996,11728.788242287968,140000
2006-07-31,11817.98828125,11886.688408439262,11789.288114396664,11871.788032589517,100600
2006-08-01,11706.587890625,11830.188352833628,11698.488289358016,11806.888571470115,110400
2006-08-02,11862.98828125,11877.788071317656,11752.188586015016,11767.087985359274,114200
2006-08-03,11800.6884765625,11873.68840406945,11756.488325143246,11873.68840406945,114400
2006-08-04,11934.087890625,11934.087890625,11830.08799274833,11848.488365304973,121800
2006-08-07,11790.48828125,11845.08783635765,11771.587909410371,11836.188431140408,82200
2006-08-08,11833.98828125,11878.788041573996,11801.388704157123,11847.087877652966,89200
2006-08-09,11911.587890625,11922.18846613354,11784.988405799952,11854.988336933258,103600
2006-08-10,11810.388671875,11834.688452451264,11723.388758199868,11807.18847973786,140600
2006-08-11,11777.2880859375,11863.188391089156,11707.587959978688,11836.087832117511,105800
2006-08-14,11903.2880859375,11913.087880977131,11829.78815829795,11849.28813910028,82600
2006-08-15,11991.2880859375,12008.288069323891,11853.188611523248,11853.688611034611,85000
2006-08-16,12045.888671875,12071.688451463384,11986.188534641318,12000.988324930957,106000
2006-08-17,12087.787109375,12098.387684179146,12025.98736959326,12050.387734591546,103600
2006-08-18,12067.787109375,12092.687473804815,12014.287165656942,12092.687473804815,78400
2006-08-21,12054.8876953125,12077.586890157394,12003.38774954842,12029.086941233938,91400
2006-08-22,12080.787109375,12121.487261917013,12003.38777664898,12094.787094662865,108800
2006-08-23,12012.6884765625,12098.888587784118,12008.188480952384,12098.888587784118,83600
2006-08-24,12055.9873046875,12085.787077994954,11970.187590349646,12018.487344176072,103200
2006-08-25,12042.888671875,12098.988226660384,12011.48831180521,12067.98825682598,86000
2006-08-28,12116.5869140625,12119.9873011247,11980.987446763616,12044.787184604103,79000
2006-08-29,12146.5869140625,12190.086868597424,12103.086959527578,12103.086959527578,126400
2006-08-30,12171.8876953125,12199.98727537956,12160.586925849237,12171.987304583608,109000
2006-08-31,12144.6875,12195.48725158455,12104.28715160705,12191.586865036776,119800
2006-09-01,12192.9873046875,12231.887654809538,12150.18754456302,12152.187542480626,100600
2006-09-04,12278.5869140625,12282.387691382726,12210.287179992773,12216.586978166664,86800
2006-09-05,12212.3876953125,12272.687437315772,12181.387727538326,12272.687437315772,129200
2006-09-06,12102.8876953125,12215.887576781382,12092.586924867484,12214.086797420308,123000
2006-09-07,12014.48828125,12065.788035900496,11991.888693918296,12059.688432474955,130000
2006-09-08,12081.6875,12094.38768196728,12027.88775184472,12032.586965656834,110400
2006-09-11,12055.1875,12068.887680884844,11969.187590566466,12047.68750789824,131200
2006-09-12,12164.8876953125,12177.1874871639,12029.387836720549,12059.887804890694,159000
2006-09-13,12206.8876953125,12225.287090239404,12152.787165640211,12225.287090239404,161200
2006-09-14,12214.4873046875,12282.887624219593,12205.187509665882,12230.586897329144,184600
2006-09-15,12278.3876953125,12337.487243581169,12195.98738988579,12222.086972274969,270000
2006-09-18,12287.787109375,12329.88765181569,12252.3877318859,12294.586907037186,136600
2006-09-19,12240.8876953125,12291.586861481204,12207.687534432667,12279.68745975985,148200
2006-09-20,12426.0869140625,12426.0869140625,12216.087128612176,12225.187705251925,210600
2006-09-21,12476.8876953125,12502.78708302221,12394.38777925669,12411.586980506392,193400
2006-09-22,12389.4873046875,12443.987248842266,12368.887716420571,12401.287097283936,129800
2006-09-25,12393.287109375,12485.387600967511,12333.287170837142,12426.987270166064,182200
2006-09-26,12617.3876953125,12628.187489133506,12431.387882461046,12472.98744997956,214800
2006-09-27,12949.9873046875,12953.287106140093,12616.6878267448,12634.287418866325,283600
2006-09-28,12930.1875,12991.586853778455,12838.687589837828,12945.68748478157,221800
2006-09-29,12934.6875,13001.58684840122,12900.387728977505,12929.687504907462,186200
2006-10-02,12915.8876953125,12981.086849976804,12874.787149773638,12937.18747906397,154600
2006-10-03,12860.4873046875,12901.086873984375,12819.586954437544,12893.887662341123,173400
2006-10-04,12982.5869140625,12999.787092555422,12866.487418217985,12912.4873732359,275600
2006-10-05,13116.38671875,13122.886711974726,13044.386793799173,13064.486382223353,254600
2006-10-06,13152.0859375,13286.285993308667,13074.986408271612,13123.186553479029,275200
2006-10-09,13143.486328125,13180.585898908968,13097.286180869964,13114.386749019428,152600
2006-10-10,13234.486328125,13234.486328125,13154.886800980225,13175.786193452625,202600
2006-10-11,13260.88671875,13285.18649838461,13165.986425966492,13202.386779063,183600
2006-10-12,13406.88671875,13414.98631986531,13245.08610249862,13283.786258346052,159200
2006-10-13,13454.486328125,13465.585926221063,13346.3868285961,13414.38675949747,162400
2006-10-16,13476.5859375,13476.5859375,13402.886793517117,13437.48636779116,182000
2006-10-17,13245.2861328125,13486.88646936848,13233.386731032644,13456.28591501708,204600
2006-10-18,13398.1865234375,13425.186495885991,13269.686654562272,13279.58605852315,164600
2006-10-19,13463.6865234375,13502.686483834485,13331.086072150849,13363.386820600634,155200
2006-10-20,13557.986328125,13565.286125451385,13459.186623067137,13504.78618645953,169400
2006-10-23,13620.6865234375,13620.6865234375,13506.486442754262,13576.886762714366,144400
2006-10-24,13579.7861328125,13635.886662269037,13547.686555754755,13619.686483266572,148600
2006-10-25,13636.2861328125,13674.286094713363,13558.686601239557,13564.586009387252,201800
2006-10-26,13633.0859375,13730.486230447585,13622.686533866492,13684.085886354946,211600
2006-10-27,13725.7861328125,13744.28611438518,13650.1865987401,13682.08598102851,216800
2006-10-30,13713.1865234375,13713.4863278261,13600.48644048557,13639.486401603095,167000
2006-10-31,13752.986328125,13773.486307745923,13669.78621552192,13692.486388268127,168600
2006-11-01,13772.5859375,13842.3866494597,13765.686530286455,13769.186526812053,110800
2006-11-02,13719.2861328125,13788.486259164016,13651.986395192163,13750.886687258651,207800
2006-11-03,13794.6865234375,13872.186446627544,13739.08599260553,13787.085945032912,200800
2006-11-06,13968.486328125,13968.486328125,13847.486446555533,13861.38682357532,258000
2006-11-07,14058.28515625,14069.285144788244,13977.585045025318,14005.98540605774,214200
2006-11-08,14090.3857421875,14099.084951893758,13985.285265512995,14015.385820157806,194600
2006-11-09,14111.3857421875,14124.98533744533,14055.085019380918,14106.584965920983,150600
2006-11-10,14002.3857421875,14069.685476470144,13987.385757879563,14050.285106140622,277600
2006-11-13,14091.8857421875,14122.584929025865,13987.38585081456,14012.58504337014,177400
2006-11-14,14113.185546875,14145.885708247162,14061.18560084708,14094.485370971892,200000
2006-11-15,14174.28515625,14184.485341021104,14106.685616735853,14166.385750351154,170800
2006-11-16,14241.28515625,14241.28515625,14153.685636978951,14171.785227736902,134000
2006-11-17,14169.9853515625,14245.78507789088,14120.885792944917,14219.084910180089,224000
2006-11-20,14255.9853515625,14256.68554615553,14074.38592878616,14101.885900529143,170800
2006-11-21,14228.0849609375,14285.78509684518,14214.0849753511,14218.6855565521,135400
2006-11-22,14294.5849609375,14337.985307087809,14258.685583663042,14272.185569828873,176800
2006-11-23,14284.3857421875,14334.285105078903,14229.385798589172,14315.185515290264,116800
2006-11-24,14088.0849609375,14258.58478365606,14046.985394296798,14243.584799252669,180200
2006-11-27,13786.7861328125,14100.386407763544,13786.7861328125,14051.886455859256,260400
2006-11-28,13732.0859375,13802.585867309192,13660.286204297414,13745.48631478338,282800
2006-11-29,13977.9853515625,13977.9853515625,13798.58514894261,13840.885885862925,238000
2006-11-30,13849.2861328125,14031.88653848873,13849.2861328125,14014.386555764537,220600
2006-12-01,13660.5859375,13965.1862185855,13551.08604709038,13910.486078018344,220000
2006-12-04,13846.38671875,13846.38671875,13655.38690734256,13694.586087387424,196200
2006-12-05,14032.4853515625,14040.185538836817,13887.685698030597,13898.685686547766,195200
2006-12-06,14007.0849609375,14080.98527427846,13989.385760697103,14063.785096953694,124800
2006-12-07,14062.78515625,14117.88568479228,13956.785266664314,13965.38584364306,160800
2006-12-08,14076.5849609375,14106.084930239113,13957.585084771672,14027.685597760868,119400
2006-12-11,14209.5849609375,14209.5849609375,14115.985448052765,14119.38583517236,158600
2006-12-12,14200.185546875,14209.685537075127,14165.285192252042,14192.38575023351,142400
2006-12-13,14327.4853515625,14328.88574075574,14187.085104482874,14204.985476806512,193000
2006-12-14,14351.8857421875,14390.084921949014,14287.68561240169,14350.785157373326,173400
2006-12-15,14387.5849609375,14420.785122447907,14319.78522527897,14388.68554575446,289800
2006-12-18,14317.4853515625,14376.584900471851,14303.785170266863,14368.18549500291,161000
2006-12-19,14176.78515625,14259.685461216655,14122.985407152131,14238.485287809644,173800
2006-12-20,14201.685546875,14268.385673389144,14162.685587101809,14248.985302774803,170200
2006-12-21,14150.3857421875,14199.584910006666,14109.28519879716,14164.185532589498,130000
2006-12-22,14066.0849609375,14121.985293347829,14030.28519353192,14116.084908867497,110200
2006-12-27,14199.3857421875,14199.3857421875,13955.085212963968,13955.085212963968,132400
2006-12-28,14160.78515625,14204.685501462867,14118.985394801712,14176.685530427068,112400
2006-12-29,14146.4853515625,14181.185510943593,14082.885808043711,14168.584938053766,102400
2007-01-02,14364.3857421875,14381.084943908076,14157.285367445727,14173.185741855928,184400
2007-01-03,14375.0849609375,14396.584939028686,14307.685615555993,14383.185538620384,199400
2007-01-04,14382.3857421875,14382.3857421875,14231.185700872004,14298.985436505582,214600
2007-01-05,14304.685546875,14390.485263700954,14286.084979985051,14290.785170484412,227600
2007-01-08,14322.28515625,14380.584901310132,14290.285188978682,14312.785165966328,214400
2007-01-09,14311.4853515625,14417.485243066929,14288.185570723354,14376.485285032197,236200
2007-01-10,14116.0849609375,14239.385614236871,14065.685599175047,14236.685421726395,253400
2007-01-11,14328.78515625,14328.78515625,14105.185775462529,14183.185695722552,238600
2007-01-12,14368.185546875,14373.685541267729,14292.785233121,14302.28522343571,193200
2007-01-15,14416.685546875,14455.685507248105,14411.885747064458,14414.285158688976,167200
2007-01-16,14355.5849609375,14482.584831346843,14314.585002773854,14415.885680656653,182400
2007-01-17,14294.9853515625,14408.18543087598,14232.985415095423,14367.685472377323,196800
2007-01-18,14265.28515625,14383.485230187682,14220.985397052107,14354.084869752707,211800
2007-01-19,14397.8857421875,14398.285155843636,14181.985571219762,14239.38590344555,213200
2007-01-22,14359.685546875,14500.385598658178,14351.68555503586,14416.185489238927,173800
2007-01-23,14368.5849609375,14394.185520775824,14304.685612018897,14354.58497521016,159600
2007-01-24,14540.685546875,14560.185527230518,14415.785282075823,14419.28527854989,200600
2007-01-25,14537.28515625,14605.584892115545,14490.585007994718,14567.685516242198,182200
2007-01-26,14415.3857421875,14486.885669531644,14377.485390075582,14486.485279313503,177000
2007-01-29,14506.9853515625,14512.38573673446,14391.685663298931,14403.08506585088,148000
2007-01-30,14553.3857421875,14564.084950168412,14459.78525046182,14491.98541336385,162000
2007-01-31,14553.185546875,14580.28512897305,14449.985455438044,14523.885771679044,193200
2007-02-01,14571.4853515625,14656.885656336195,14570.885742790277,14637.48528521402,211000
2007-02-02,14631.185546875,14631.185546875,14545.285242251592,14573.285214218604,166200
2007-02-05,14616.685546875,14625.885732967328,14558.98540938798,14602.885756017267,171000
2007-02-06,14703.185546875,14743.785115801606,14644.585019319824,14653.185596688772,215600
2007-02-07,14854.5849609375,14867.285143726069,14707.9854961275,14734.885860225451,226400
2007-02-08,14825.9853515625,14892.98528536492,14773.68559854844,14856.685516542484,207800
2007-02-09,14875.4853515625,14927.185495963966,14866.485360425122,14880.38573736191,173600
2007-02-12,14768.9853515625,14834.185482207047,14728.985391235972,14831.88567980058,167600
2007-02-13,14824.5849609375,14855.084930799934,14780.98539464401,14817.28516346306,150800
2007-02-14,14905.685546875,14909.985347336908,14815.18563581303,14866.985389594754,183600
2007-02-15,14876.8857421875,14938.28509579349,14848.785183919048,14929.584909047577,147200
2007-02-16,14851.185546875,14862.38573114022,14777.485424256469,14806.985395159232,317400
2007-02-19,14915.78515625,14947.785124823591,14872.885784317952,14884.28518718537,131400
2007-02-20,14886.0849609375,14937.185496590257,14836.485400370231,14932.084915671909,181400
2007-02-21,14788.78515625,14963.58478779674,14765.285179526958,14931.584819493026,189000
2007-02-22,14791.28515625,14880.685458338086,14761.68557618872,14850.785097324682,182800
2007-02-23,14767.0849609375,14827.785096037564,14703.885804878875,14824.385685347164,157800
2007-02-26,14856.0849609375,14882.185521139254,14786.585029466012,14792.485414273098,147600
2007-02-27,14408.28515625,14747.185202326284,14401.584967749364,14742.485011792316,308200
2007-02-28,14248.3857421875,14366.185425767855,14070.885924670976,14182.5850285857,383000
2007-03-01,14064.8857421875,14347.784861613402,13820.585215374049,14228.58479044658,406800
2007-03-02,13962.1865234375,14193.686296751232,13880.18660373242,14113.186375577345,308600
2007-03-05,13749.0859375,13830.186442792432,13654.88681242013,13689.786191779236,327800
2007-03-06,13825.88671875,13859.286099785168,13767.98638538036,13843.085920492384,224600
2007-03-07,13912.6865234375,13958.786087510864,13823.786220174048,13919.186517050011,232200
2007-03-08,14193.9853515625,14200.985344338384,13983.585178074103,14002.885939405383,235800
2007-03-09,14257.185546875,14306.084910696218,14098.085124404026,14197.085022687328,183600
2007-03-12,14146.4853515625,14359.78493538202,14088.085021410016,14311.284985602868,200000
2007-03-13,13982.8857421875,14206.185312946907,13982.485351981948,14141.885575619655,222000
2007-03-14,13602.38671875,13794.186330658073,13602.38671875,13720.786013808358,360200
2007-03-15,13940.38671875,13940.38671875,13755.88689969609,13776.486488868277,277400
2007-03-16,13977.3857421875,14039.584895752176,13866.385858516467,13937.68558848115,334400
2007-03-19,14250.185546875,14250.185546875,14093.185708262536,14101.58511369089,204200
2007-03-20,14323.185546875,14323.185546875,14151.685722269256,14281.685589317342,255400
2007-03-21,14310.4853515625,14385.385665518364,14275.68558249659,14333.885718234516,237000
2007-03-22,14490.0849609375,14540.985300105904,14409.485433042846,14530.68550583076,237000
2007-03-23,14545.685546875,14555.185537307902,14433.185660169596,14486.08502095905,213000
2007-03-26,14469.5849609375,14625.98519322907,14414.585016617277,14565.985253970644,234000
2007-03-27,14536.78515625,14578.285114431294,14495.68558829024,14561.88571689415,247600
2007-03-28,14482.9853515625,14535.485298462798,14410.885815110694,14493.48534094256,185200
2007-03-29,14605.28515625,14605.28515625,14519.48543761572,14529.385818311088,205000
2007-03-30,14641.685546875,14730.38565344649,14539.385844534378,14575.785222180715,212000
2007-04-02,14730.78515625,14735.785151277956,14580.485501021954,14619.885852466858,208600
2007-04-03,14953.1845703125,14971.98435535558,14783.784356698512,14791.084153758253,278600
2007-04-04,14943.083984375,14988.583936798694,14890.984429477076,14979.083946732208,206000
2007-04-05,14974.884765625,14974.884765625,14914.084047815302,14942.784213181656,132400
2007-04-10,15005.484375,15021.9843578188,14907.984476525276,14972.984408841758,158800
2007-04-11,14997.583984375,15063.784110717928,14956.884808026804,15006.78417010243,185200
2007-04-12,14882.9853515625,14978.38564829066,14775.185652975832,14971.885654688218,215200
2007-04-13,14965.2841796875,14984.484354953422,14893.984449442842,14904.98443795794,174200
2007-04-16,15020.7841796875,15059.484334743118,14999.184592780935,15008.784192170191,222200
2007-04-17,14965.984375,15020.284122996703,14855.084100158683,15012.384717181454,199400
2007-04-18,14870.3857421875,14930.185487967798,14800.08503018894,14910.38570278456,186400
2007-04-19,14821.685546875,14821.685546875,14623.285352331131,14735.685631869675,234800
2007-04-20,15080.884765625,15136.184513017548,14856.98460697843,14859.984603870194,278600
2007-04-23,14987.083984375,15111.684440408502,14948.384805971386,15091.083875948418,143800
2007-04-24,14578.685546875,14988.385330527502,14516.485414060233,14956.28477684414,365200
2007-04-25,14620.3857421875,14635.385727158737,14468.685698866107,14594.38576823736,279600
2007-04-26,14610.9853515625,14789.685367716924,14570.28519705448,14789.685367716924,268200
2007-04-27,14403.5849609375,14618.28493790025,14341.985414209204,14612.084748893338,240000
2007-04-30,14374.5849609375,14532.58479992758,14354.885762261993,14385.985339944931,170200
2007-05-02,14416.8857421875,14462.885695448736,14362.985406328537,14421.7851512719,198600
2007-05-03,14395.5849609375,14454.58490090125,14175.985575019058,14452.685488771524,276800
2007-05-04,14620.28515625,14636.485335331126,14426.185741348168,14430.185737340467,309600
2007-05-07,14672.0849609375,14692.985330695816,14566.385847716256,14667.68555126732,146200
2007-05-08,14556.685546875,14664.584852358095,14508.285204955411,14661.385636827476,193400
2007-05-09,14609.3857421875,14647.084923137549,14513.885837942682,14613.685542563706,206000
2007-05-10,14575.3857421875,14712.285018664585,14500.685621949517,14625.785105598035,239600
2007-05-11,14736.28515625,14751.084946225938,14449.28544153882,14475.78541519682,259200
2007-05-14,14685.9853515625,14796.685436457945,14668.785173406202,14780.885647529836,150600
2007-05-15,14824.185546875,14824.185546875,14650.88591343258,14672.585110740638,219600
2007-05-16,14918.78515625,14928.485342038091,14763.78530844105,14791.785280948474,217200
2007-05-17,14968.1845703125,14997.58395368555,14899.384837443717,14929.584024669366,158000
2007-05-18,15068.384765625,15114.284132092644,14937.284315630706,15007.284243045033,266600
2007-05-21,15055.484375,15158.48426810385,15041.984389010662,15108.484319995185,182600
2007-05-22,15070.884765625,15107.784141431435,15015.084042227363,15056.184585553166,152600
2007-05-23,15223.884765625,15223.884765625,15072.68472549632,15081.384911879404,197600
2007-05-24,15094.884765625,15219.984245507168,15082.68458294114,15138.384720597376,189600
2007-05-25,15053.1845703125,15086.284145330594,14970.084070632183,15046.984381435712,192400
2007-05-28,15124.583984375,15126.684568142417,15067.684629094443,15097.884793207568,55200
2007-05-29,15188.583984375,15198.583974087678,15123.78424634914,15163.28420571422,230200
2007-05-30,15137.2841796875,15144.384758295644,15035.384870807457,15107.684600865765,163600
2007-05-31,15329.384765625,15340.484363686355,15243.784266938736,15283.884812002383,276200
2007-06-01,15501.484375,15543.784137050694,15321.484556434056,15330.384938087756,288400
2007-06-04,15414.2841796875,15511.78408085476,15372.484417371172,15482.18450148397,196200
2007-06-05,15314.884765625,15461.88461564851,15304.784189992606,15435.484251958464,228600
2007-06-06,14928.78515625,15282.38539522752,14925.385745523074,15280.084616235092,327400
2007-06-07,14725.8857421875,15041.985037125674,14678.285203600191,14985.985092831095,370600
2007-06-08,14816.4853515625,14874.185489829291,14604.58517043432,14644.18571722042,293800
2007-06-11,14940.583984375,14977.884726615544,14870.084058104472,14908.784212943994,203800
2007-06-12,14764.28515625,14950.985166327428,14704.685606006904,14920.685391701956,250600
2007-06-13,14829.78515625,14842.385729741014,14638.085150293282,14722.785261941435,286800
2007-06-14,15078.384765625,15078.384765625,14927.484531370605,14937.984520489976,277200
2007-06-15,15252.083984375,15288.484337709651,15110.78432444196,15121.3848995197,361400
2007-06-18,15103.583984375,15251.184417616509,15053.184622451785,15239.8846246189,220000
2007-06-19,15000.1845703125,15164.384594585414,14913.284270207532,15111.484259064251,221000
2007-06-20,15035.6845703125,15094.984313376037,15010.98440066828,15060.884739437124,202800
2007-06-21,14882.3857421875,14951.084893318286,14790.785246410554,14918.885706261308,247400
2007-06-22,14784.8857421875,14942.98519492213,14756.78518409122,14910.285032008009,192800
2007-06-25,14848.28515625,14857.885732716142,14595.08521072955,14671.98552548926,224800
2007-06-26,14755.185546875,14884.78502758812,14708.485397924793,14727.885769289776,252200
2007-06-27,14681.685546875,14751.285086808077,14582.385841262332,14679.985353258844,272600
2007-06-28,14819.8857421875,14840.685526315843,14744.285230975904,14806.584974084391,195400
2007-06-29,14891.9853515625,14891.9853515625,14712.185723734134,14870.084982479704,203800
2007-07-02,14804.685546875,14850.885696474945,14741.185609704762,14790.785170003674,154200
2007-07-03,14869.3857421875,14917.885694408222,14854.885756472026,14863.485357375208,160400
2007-07-04,14989.6845703125,15000.684558846291,14878.08410070549,14883.984485180024,144800
2007-07-05,14907.3857421875,15025.685430630232,14884.985373573763,15022.084848230772,157400
2007-07-06,15058.2841796875,15058.2841796875,14875.184760302833,14901.384928429126,163200
2007-07-09,14974.6845703125,15145.884586990169,14950.984399729412,15102.284046546678,139600
2007-07-10,14823.8857421875,15021.084766072428,14751.485423105923,14953.18541910565,191000
2007-07-11,14766.185546875,14795.38571322018,14601.785319339271,14701.485415746702,208400
2007-07-12,14941.7841796875,14941.7841796875,14672.484656613293,14803.284324520286,199200
2007-07-13,15023.484375,15082.68450874209,14981.084028472986,15055.984341198788,171200
2007-07-16,15110.384765625,15117.583976930606,15009.884869547628,15041.384836974865,161000
2007-07-17,15153.7841796875,15168.484359842709,15047.884874817306,15077.084063460152,204400
2007-07-18,15058.583984375,15197.384621603493,15037.78420126965,15047.284191412326,211400
2007-07-19,15207.2841796875,15297.184477942808,15123.48446110154,15136.084057530856,209600
2007-07-20,14930.0849609375,15249.685233303802,14925.785160468686,15196.685285303936,236400
2007-07-23,15056.6845703125,15056.6845703125,14874.984563558284,14933.88489305976,142000
2007-07-24,14913.28515625,15135.185328915592,14869.385785307251,15020.584855543357,215800
2007-07-25,14937.685546875,15036.885644908278,14774.88590183475,14846.58505027396,244600
2007-07-26,14540.3857421875,15012.88526617676,14540.084961240516,14984.58451343782,305600
2007-07-27,14587.4853515625,14655.485283278438,14378.68575654704,14389.48555038962,257600
2007-07-30,14507.8857421875,14650.285012471171,14462.285202292316,14603.385645762395,195200
2007-07-31,14802.3857421875,14802.3857421875,14604.085157175714,14617.785338930516,221200
2007-08-01,14595.685546875,14733.485213264796,14441.785310706464,14508.88582930093,294800
2007-08-02,14678.5849609375,14755.985274321154,14626.185599166742,14676.98535315882,212200
2007-08-03,14534.28515625,14719.485164907928,14533.88574259005,14712.584781237509,185000
2007-08-06,14432.0849609375,14539.285047442869,14385.285203751337,14404.885769794437,178400
2007-08-07,14652.8857421875,14654.98534946353,14522.68567703554,14580.885814165573,160000
2007-08-08,15004.1845703125,15028.68454479881,14719.584280750954,14721.684864500958,226200
2007-08-09,14838.28515625,14988.785007675711,14755.685628417712,14955.685430976797,286200
2007-08-10,14453.8857421875,14703.485098603493,14434.185566840342,14604.185394552287,332800
2007-08-13,14731.78515625,14753.985329487929,14552.085139620833,14568.685709051684,205000
2007-08-14,14553.0849609375,14733.385560705565,14519.485385382222,14606.685492923276,189800
2007-08-15,14520.4853515625,14547.485324324609,14367.085115689471,14442.885820470823,163600
2007-08-16,13979.685546875,14295.685215758724,13959.885762934457,14254.084673411831,289600
2007-08-17,14237.4853515625,14375.584818851916,13841.585368264778,13936.785465629317,319000
2007-08-20,14269.0849609375,14381.28504106701,14228.885783455398,14277.885733152754,180000
2007-08-21,14239.78515625,14324.185460052582,14067.085138593651,14287.98530197911,167400
2007-08-22,14359.185546875,14412.18549280742,14287.385815433568,14297.585023778904,148800
2007-08-23,14292.4853515625,14482.08476661614,14292.4853515625,14461.485178353758,153200
2007-08-24,14334.3857421875,14349.985335621135,14195.085103290074,14201.485487374464,114400
2007-08-27,14305.4853515625,14403.3856419402,14291.485365898114,14388.584875845792,87400
2007-08-28,14124.78515625,14300.485169348707,14091.084995887037,14294.284980466258,149200
2007-08-29,14183.5849609375,14209.285129707534,14014.08513599251,14034.08511533705,167200
2007-08-30,14313.3857421875,14346.084927472884,14127.085151599067,14285.8857703312,156200
2007-08-31,14479.78515625,14528.9853017893,14370.485462135255,14380.185647634587,183600
2007-09-03,14546.8857421875,14561.084946639172,14467.08504129529,14517.685576279013,99000
2007-09-04,14590.0849609375,14593.084957925505,14437.785309158768,14475.88585684334,154400
2007-09-05,14240.0849609375,14562.08462970408,14240.0849609375,14545.885427617815,201600
2007-09-06,14198.3857421875,14345.685394906332,14050.485504150787,14281.185461450748,249400
2007-09-07,13873.38671875,14210.085605691684,13816.28618908364,14148.785861413546,273600
2007-09-10,13726.2861328125,13935.785924143169,13703.58596011019,13861.986192962857,244200
2007-09-11,13965.486328125,13991.686497788163,13775.886904363271,13833.786261743697,200400
2007-09-12,13980.3857421875,13992.685533987464,13838.485500243436,13950.385773621016,226800
2007-09-13,14077.78515625,14101.385717630274,13835.185799308283,13928.885897122487,251400
2007-09-14,13860.986328125,14025.486165869504,13765.886812552031,14017.486173760348,231000
2007-09-17,13696.88671875,13822.186398366628,13519.086114975924,13819.28601063672,276000
2007-09-18,14041.9853515625,14045.685543015004,13594.585427659951,13594.585427659951,276000
2007-09-19,14494.78515625,14537.485308409705,14314.785338157912,14338.485509519003,379600
2007-09-20,14427.0849609375,14458.185515297277,14342.48543746002,14400.08498835173,214800
2007-09-21,14450.5849609375,14550.084860075282,14383.585028854772,14395.185603032867,281400
2007-09-24,14494.685546875,14550.185490786342,14403.985443224705,14439.38579807384,145200
2007-09-25,14311.8857421875,14446.084823582654,14223.985441529823,14408.084862476206,195600
2007-09-26,14513.685546875,14552.685507512946,14373.78529744915,14376.585099310854,222200
2007-09-27,14581.5849609375,14704.485228098769,14550.885773027436,14614.685513622691,230600
2007-09-28,14576.4853515625,14618.385700080324,14460.285273023665,14576.985351060031,212400
2007-10-01,14602.9853515625,14629.084934756682,14443.88590178215,14518.985435823868,264000
2007-10-02,14789.9853515625,14817.58493360206,14696.98544367235,14722.08502818798,282200
2007-10-03,14783.78515625,14800.285139901076,14723.285216196056,14755.584988879493,200800
2007-10-04,14717.9853515625,14801.785072846264,14710.985358529417,14754.285120121762,263000
2007-10-05,14892.0849609375,14900.385734022537,14712.58513750055,14741.785304090625,190000
2007-10-08,14808.9853515625,14921.285045167777,14801.584968257654,14915.18544182625,132400
2007-10-09,14862.685546875,14907.285112293344,14754.585067479691,14810.785207402188,210800
2007-10-10,14863.78515625,14917.18549424833,14807.885797276984,14884.285136047023,197800
2007-10-11,15099.984375,15142.18452664508,14877.7844096132,14911.984569536424,311400
2007-10-12,15261.2841796875,15264.184567342989,14991.584260502565,15056.684779788033,265800
2007-10-15,15187.484375,15309.984248971194,15185.083986844538,15275.884674678096,319400
2007-10-16,15279.6845703125,15309.484344526762,15114.584153206628,15156.784305365269,267200
2007-10-17,15430.484375,15489.28412014653,15218.084199452678,15271.98453549788,298200
2007-10-18,15507.083984375,15569.583921399812,15406.184671979052,15478.684598927834,304200
2007-10-19,15529.6845703125,15627.28408148896,15472.084042329056,15476.284233415588,268600
2007-10-22,15327.7841796875,15363.083948390746,15199.284310679066,15254.584058994518,239600
2007-10-23,15429.583984375,15479.48432446767,15363.684637046465,15398.184602109555,258200
2007-10-24,15231.2841796875,15443.083767100574,15187.484419931949,15417.884574201144,224000
2007-10-25,15385.984375,15407.784157549066,15323.48443847085,15393.18456300046,243600
2007-10-26,15603.884765625,15652.684521446708,15418.684755763124,15436.384933351494,242400
2007-10-29,15738.083984375,15775.583947144489,15680.684627299424,15703.58401862707,205000
2007-10-30,15782.484375,15792.284169985493,15676.584089218568,15716.584049617744,217400
2007-10-31,15890.484375,15897.284173001306,15728.984533801642,15794.384860118967,286400
2007-11-01,15759.583984375,15928.28401242814,15622.58412020491,15864.083880767514,208200
2007-11-02,15823.6845703125,15862.58394596405,15652.084153820775,15652.084153820775,248600
2007-11-05,15825.884765625,15846.384745385234,15685.48451361809,15708.784295301562,235000
2007-11-06,15895.384765625,15966.384695832798,15868.584010719867,15925.484345412422,201200
2007-11-07,15841.884765625,15955.2840678407,15640.184769251104,15920.484297476542,267600
2007-11-08,15945.68359375,15968.383765428624,15612.58335461384,15647.1839045276,387200
2007-11-09,15731.1845703125,16040.384458512191,15682.68461848508,15999.184304121747,278400
2007-11-12,15774.6845703125,15821.884718872729,15648.384890726233,15660.484488116448,240000
2007-11-13,15814.7841796875,15824.48436541622,15634.384943859368,15710.584087324649,259600
2007-11-14,15808.884765625,15943.583851242698,15754.184624376385,15913.884661846434,272000
2007-11-15,15725.7841796875,15870.984230730512,15660.984439384449,15795.884695973748,278600
2007-11-16,15768.984375,15826.184513634647,15559.984582091443,15634.384898995466,290600
2007-11-19,15539.2841796875,15935.283781503536,15539.2841796875,15770.283947413522,272200
2007-11-20,15699.984375,15699.984375,15485.784392864443,15622.084061903255,278200
2007-11-21,15364.484375,15568.184363158634,15294.684641295737,15550.68438095534,267600
2007-11-22,15317.083984375,15456.784037179088,15272.384811222752,15416.88466381805,204200
2007-11-23,15392.1845703125,15400.784170957824,15266.984502093788,15317.984450322438,210400
2007-11-26,15330.1845703125,15575.283929874624,15293.984411896325,15476.784030268778,229000
2007-11-27,15315.583984375,15346.184539093732,15165.084137915348,15287.384794393887,278600
2007-11-28,15566.484375,15592.583958177309,15229.385103991452,15392.58415892892,293600
2007-11-29,15656.583984375,15692.583948447658,15485.084155528864,15666.083974894174,257600
2007-11-30,15759.884765625,15799.18453134909,15643.484490404036,15660.484473549552,287800
2007-12-03,15734.984375,15846.484264279474,15709.98439982523,15767.083952499794,175600
2007-12-04,15708.1845703125,15803.984279707607,15614.98446770655,15715.484367738858,222200
2007-12-05,15802.1845703125,15849.18452383954,15737.584048251178,15805.784176128254,202200
2007-12-06,15695.884765625,15901.38456105327,15667.084013045684,15889.484182274906,178800
2007-12-07,15819.583984375,15855.484339541226,15759.484434360314,15786.08401746291,185600
2007-12-10,15832.6845703125,15892.684511099606,15739.884857207417,15760.884836482905,196400
2007-12-11,15890.484375,15906.784163660031,15771.78429640444,15903.484362217205,175200
2007-12-12,15859.984375,15983.38464405305,15679.184748433368,15719.384904141323,253200
2007-12-13,15499.1845703125,15757.083724382335,15486.484387803275,15755.58372589451,263600
2007-12-14,15575.6845703125,15596.184549747612,15429.484521662944,15564.083996012305,197800
2007-12-17,15318.484375,15444.48424647893,15302.684586428437,15404.384678005872,212400
2007-12-18,15282.083984375,15441.38460274982,15276.083990509627,15282.88476480625,214400
2007-12-19,15177.083984375,15350.684391588684,15177.083984375,15329.58382737448,251400
2007-12-20,15140.1845703125,15271.78404387398,15107.384799475078,15213.484299353084,219800
2007-12-21,15289.2841796875,15348.284119392065,15233.784236406089,15299.184560194732,345200
2007-12-27,15256.1845703125,15397.884620499375,15178.684649685963,15344.184480185208,190200
2007-12-28,15182.2841796875,15251.684498888466,15124.884824698122,15201.984354725368,175400
2008-01-02,15002.484375,15185.98418388602,14971.38479801503,15101.88466210018,190600
2008-01-03,14856.4853515625,15016.385584526484,14769.585046620869,14966.084852872811,335800
2008-01-04,14602.28515625,14867.08469530103,14510.985443150776,14794.284963643351,330400
2008-01-07,14666.9853515625,14701.485317106164,14529.48548888848,14551.685662028882,280800
2008-01-08,14670.4853515625,14808.78501815818,14670.4853515625,14707.285119505535,318400
2008-01-09,14603.4853515625,14665.084899148338,14471.185679581911,14577.885767865882,338600
2008-01-10,14523.9853515625,14684.88557990856,14480.085005214018,14672.38559251566,320200
2008-01-11,14457.9853515625,14568.685434716688,14428.685576560736,14501.885697708864,296400
2008-01-14,14431.8857421875,14540.885631552055,14343.38583201536,14397.985385971537,261400
2008-01-15,13945.1865234375,14394.886277863903,13945.1865234375,14362.886309236706,354000
2008-01-16,13817.0859375,14054.785897610653,13687.58606563889,13806.286143498794,498000
2008-01-17,13775.5859375,13994.986110376603,13731.186567502606,13981.686318888767,317800
2008-01-18,13655.38671875,13997.386376337394,13608.18657069464,13740.085852698596,410000
2008-01-21,12625.787109375,13494.38682192974,12625.787109375,13477.086058075773,545200
2008-01-22,12839.6875,12909.187431281556,11937.188392351016,12509.287436059902,551600
2008-01-23,12254.5869140625,13038.086102385443,12164.087007817156,13019.98651176097,488200
2008-01-24,13106.6865234375,13106.6865234375,12490.586580167495,12556.586511321506,463600
2008-01-25,13141.0859375,13490.985964091962,13100.38676109308,13295.486167488303,378600
2008-01-28,13026.6865234375,13080.085881455869,12813.086161679605,12880.28628646368,264800
2008-01-29,13246.5859375,13308.986263721275,13050.28633541441,13120.886848484728,297200
2008-01-30,13217.0859375,13381.285962962487,13117.68662625706,13185.08597060106,293400
2008-01-31,13228.986328125,13338.486214959205,12958.286412575086,13281.486273867427,401000
2008-02-01,13494.6865234375,13549.986272099151,13320.386895338224,13440.686578146477,348200
2008-02-04,13515.6865234375,13652.08579952448,13476.486367778156,13608.286039142897,296400
2008-02-05,12814.6875,13466.286463845994,12781.487337578386,13464.086270713193,393800
2008-02-06,13037.2861328125,13084.88666883251,12721.387050025443,12739.387031149316,362600
2008-02-07,12889.4873046875,13060.48713626371,12724.287272086362,13010.687380625754,337000
2008-02-08,12934.787109375,13068.086783230736,12768.687663024282,12964.487275537203,271400
2008-02-11,12818.787109375,13029.187291626458,12774.086958332084,12830.08690287155,229800
2008-02-12,13254.6865234375,13254.6865234375,12808.68698347478,12926.686861760882,305400
2008-02-13,13266.6865234375,13342.085859797831,13095.786308932316,13137.086071058684,290400
2008-02-14,13313.1865234375,13455.886572205276,13251.986390974009,13420.68641304131,270400
2008-02-15,13073.88671875,13381.486006456387,12979.686621946228,13292.88648973337,343600
2008-02-18,13312.1865234375,13347.186487491854,13147.386888002437,13155.486489058989,195000
2008-02-19,13269.6865234375,13392.986201088255,13043.98656066566,13259.986338119186,272800
2008-02-20,13080.38671875,13138.886657604724,12998.186609354656,13096.786115671532,298000
2008-02-21,13172.986328125,13288.08581804145,13116.186582388373,13150.68654658182,220000
2008-02-22,13017.486328125,13155.285988085654,12960.886778194808,13055.386678944398,258200
2008-02-25,13156.5859375,13180.286108184093,12995.386886262551,13141.786148191935,233600
2008-02-26,13436.5859375,13444.686515195071,13182.386977400258,13222.386936699855,264000
2008-02-27,13454.2861328125,13505.486276096824,13255.3869208659,13461.18651642552,261400
2008-02-28,13272.0859375,13439.48615568226,13272.0859375,13398.585807189633,307200
2008-02-29,13170.38671875,13305.986187362316,13055.786251776604,13203.986293246056,377800
2008-03-03,12862.4873046875,13020.6873438561,12829.487337258564,12997.987170948736,277400
2008-03-04,12630.0869140625,12956.986976099228,12584.7871549087,12913.086629601288,282000
2008-03-05,12948.0869140625,12968.687479801602,12682.48756510178,12731.78732145196,273400
2008-03-06,12803.287109375,12993.687311205513,12746.487361008236,12981.78693238053,283200
2008-03-07,12691.287109375,12818.687372559329,12583.487412521388,12673.586931768292,312200
2008-03-10,12654.9873046875,12835.187319225775,12571.387779178416,12672.98728663016,290200
2008-03-11,13056.0859375,13137.986242361874,12713.186882509355,12743.68685057086,361400
2008-03-12,13131.2861328125,13291.585770601148,13080.286185912011,13272.285986007964,298600
2008-03-13,13073.1865234375,13106.186488926296,12848.786367489094,12925.786286962952,338600
2008-03-14,13021.38671875,13312.48602248372,12905.286254712806,13088.686452775784,291800
2008-03-17,12655.9873046875,12871.887478741472,12638.387712966778,12678.086891894243,324600
2008-03-18,13030.486328125,13036.986321305065,12780.086200225363,12891.586083237216,273200
2008-03-19,12964.6875,13195.98707819377,12874.287197897002,13152.086730556974,308800
2008-03-20,12964.1875,13048.586831413597,12790.187670391104,12840.187621428142,413600
2008-03-25,13434.1865234375,13434.1865234375,13304.886850337349,13370.386783678536,329800
2008-03-26,13402.986328125,13426.585913426965,13299.886823917872,13377.78615851823,255400
2008-03-27,13537.88671875,13596.386659671069,13354.98651283542,13357.48651031068,253800
2008-03-28,13442.38671875,13578.48618970204,13413.386748245057,13556.886602295375,217600
2008-03-31,13268.986328125,13370.286028437018,13181.086028069232,13359.286039771,256000
2008-04-01,13699.0859375,13699.0859375,13193.986832220811,13205.586430019252,284800
2008-04-02,13838.6865234375,13841.486325358946,13692.486472562756,13782.88677387714,259400
2008-04-03,13738.88671875,13844.68641815384,13619.886837169455,13839.486228016169,239800
2008-04-04,13846.38671875,13846.38671875,13695.286282008556,13777.386786880295,333800
2008-04-07,13919.5859375,14019.585839279684,13862.986383717318,13906.686536107349,205200
2008-04-08,13759.38671875,13862.585834957245,13674.986411988508,13861.186422285256,190000
2008-04-09,13598.986328125,13734.486191898875,13579.085957507034,13691.986234626627,208200
2008-04-10,13507.88671875,13565.98626932011,13309.486528933803,13560.186470502818,220400
2008-04-11,13278.2861328125,13613.68617809568,13226.386772187738,13570.28583215748,219000
2008-04-14,13160.2861328125,13241.58585303986,13106.786188392183,13214.786076193945,211000
2008-04-15,13408.88671875,13444.88668204397,13263.086086160218,13274.186660779427,240600
2008-04-16,13637.5859375,13652.085922963555,13442.286328603152,13528.786241885751,208000
2008-04-17,13568.6865234375,13681.48621446748,13537.68655467322,13673.186418142895,191400
2008-04-18,13924.88671875,13945.686503015642,13621.186821619243,13631.686811310035,234800
2008-04-21,13728.88671875,13933.186319986293,13677.18657492295,13927.18632596137,207200
2008-04-22,13593.38671875,13696.286029319048,13537.286189236956,13681.286044405642,203000
2008-04-23,13662.986328125,13682.986308112007,13466.186720365138,13616.98637415488,281000
2008-04-24,13669.1865234375,13669.1865234375,13426.58618014806,13633.686558944446,232600
2008-04-25,13772.7861328125,13832.585878138398,13693.68660195748,13731.286174008394,206600
2008-04-28,13877.7861328125,13904.18649742885,13766.786242165434,13766.786242165434,185000
2008-04-29,13707.1865234375,13834.78600554173,13668.786171113929,13803.085841847733,205000
2008-04-30,13798.2861328125,13798.2861328125,13561.18675836472,13698.3868177341,186000
2008-05-02,14059.9853515625,14169.18543310457,13913.38589492258,13916.185696693095,248600
2008-05-05,14073.9853515625,14122.785105458406,13973.985455644051,14049.185572687022,114400
2008-05-06,14005.78515625,14120.285036496318,13884.485478427989,14071.285087744618,218200
2008-05-07,14026.78515625,14091.285088891498,14004.08498464372,14036.88573163928,179000
2008-05-08,14073.9853515625,14073.9853515625,13881.285356815351,13897.985534746029,185600
2008-05-09,13945.0859375,14015.186454710389,13843.886817966437,14000.286078693836,206200
2008-05-12,14053.8857421875,14108.385685381929,13987.38581150072,13991.385807331504,149200
2008-05-13,14016.3857421875,14138.485223957092,13959.285215925403,14111.584861445492,189800
2008-05-14,14187.185546875,14214.584932647307,14033.185705881664,14068.285279015938,200400
2008-05-15,14186.3857421875,14186.3857421875,14078.885853188667,14145.385784522829,146000
2008-05-16,14124.78515625,14301.284973206752,14078.18559520216,14255.185411640376,235000
2008-05-19,14247.5849609375,14247.5849609375,14110.18568813997,14148.885843663496,149400
2008-05-20,13992.0849609375,14166.685364084293,13973.584980305292,14158.385568085923,196400
2008-05-21,13857.1865234375,14049.186334005291,13803.085990877047,14047.28594525527,208600
2008-05-22,13851.986328125,13886.286098958715,13667.28631511094,13742.286241086204,274000
2008-05-23,13577.5859375,13863.585649514172,13577.5859375,13863.386430964774,198800
2008-05-26,13583.6865234375,13613.986297628511,13514.18659338864,13524.28619259847,96200
2008-05-27,13451.38671875,13664.18630714981,13445.085943904054,13624.085761970162,218000
2008-05-28,13499.1865234375,13598.786031938864,13397.88682134558,13504.58593203152,218800
2008-05-29,13539.486328125,13631.686430335869,13430.086047969991,13573.286098682236,212000
2008-05-30,13600.88671875,13630.68649348219,13540.686583951843,13581.98634712402,244000
2008-06-02,13299.986328125,13612.08561667392,13286.38673272986,13610.486008943257,257000
2008-06-03,13431.6865234375,13451.486307971152,13216.886937390682,13264.886888532385,239800
2008-06-04,13341.1865234375,13383.585894049676,13173.686695089153,13343.686520875535,236800
2008-06-05,13239.2861328125,13415.68634127348,13187.386772345151,13378.886574588165,201000
2008-06-06,12909.787109375,13378.986843282735,12902.387702588978,13332.187084617495,261600
2008-06-09,12823.8876953125,12889.387630469282,12690.687631864568,12815.887703232282,260400
2008-06-10,12755.1875,12841.887609019375,12622.187632375544,12679.18757564317,273800
2008-06-11,12584.287109375,12913.486972583258,12562.287131569074,12789.487097677124,307800
2008-06-12,12853.287109375,12853.287109375,12598.3879470788,12608.88793670786,306600
2008-06-13,12998.6875,13022.687476560155,12726.88796076854,12847.987451870376,253600
2008-06-16,12826.5869140625,13049.687279182968,12728.0870115543,12996.88752675484,251200
2008-06-17,12885.0869140625,12992.18739447692,12839.687544730716,12880.887699449868,210200
2008-06-18,12631.4873046875,12852.18727818486,12537.987398659849,12848.786890977428,247400
2008-06-19,12584.9873046875,12728.487159929666,12549.487340498672,12551.787142866207,286800
2008-06-20,12412.4873046875,12639.786876896284,12307.487412079872,12630.086691504994,420000
2008-06-23,12403.3876953125,12493.48721246741,12327.086992159007,12370.287143254604,236600
2008-06-24,12205.5869140625,12460.887429768543,12131.987381240073,12404.98709728677,261000
2008-06-25,12446.0869140625,12446.0869140625,12259.387885750068,12260.48749400344,275400
2008-06-26,12077.6875,12375.187187286869,12076.48730594907,12374.687187812437,255200
2008-06-27,12089.787109375,12145.287051095303,11885.08712901502,12031.887756111782,271400
2008-06-30,12046.1884765625,12135.888584613112,11874.488448282891,12092.488236208756,274800
2008-07-01,11770.888671875,12035.188213433665,11642.288213968328,12028.488024791674,284800
2008-07-02,11856.888671875,11957.188377431336,11682.088063389094,11777.888749954533,300400
2008-07-03,11980.087890625,12032.688425109412,11629.688819317842,11712.48854301184,334200
2008-07-04,11765.888671875,12021.787831063572,11695.788155757164,12009.78784301548,214800
2008-07-07,11982.1884765625,12005.788062856773,11815.488444284993,11869.288196355574,253200
2008-07-08,11794.6884765625,11943.287938294776,11682.588002003731,11732.5879523257,286600
2008-07-09,11999.7880859375,11999.7880859375,11854.988422658418,11923.688550879766,283200
2008-07-10,11739.48828125,11892.388519244869,11699.4883211793,11797.888613577834,228200
2008-07-11,11383.48828125,11844.587415945767,11380.88867455117,11837.78761825833,250400
2008-07-14,11442.98828125,11602.287922798936,11442.98828125,11448.788079997934,226400
2008-07-15,11151.587890625,11345.78788186063,10932.388902222296,11327.587705673955,325000
2008-07-16,11287.6884765625,11329.488237853962,11018.588170001882,11160.788217683908,293200
2008-07-17,11642.087890625,11709.488213405852,11441.78828755606,11453.588080366066,362600
2008-07-18,11895.2880859375,11928.688443657838,11493.4886770863,11610.388952545944,307400
2008-07-21,11784.587890625,11939.287932101734,11692.788177224347,11867.388589536891,239400
2008-07-22,11610.087890625,11734.587764959895,11372.18871668824,11721.488168807096,342000
2008-07-23,11934.888671875,11951.587874228217,11773.888829959164,11814.288204353916,290600
2008-07-24,11675.087890625,12013.888331807524,11667.388679603006,12002.987952123667,259200
2008-07-25,11589.888671875,11592.688473731569,11458.988413605664,11556.488315021716,224200
2008-07-28,11484.587890625,11640.287927062856,11473.688487684134,11573.787994918672,210400
2008-07-29,11683.7880859375,11696.288073400108,11320.688840748264,11323.38903335249,288200
2008-07-30,11817.888671875,11922.287982413982,11740.688553114998,11787.488311395336,273000
2008-07-31,11881.2880859375,11977.488186365934,11775.087995372254,11887.388665857878,298000
2008-08-01,11569.48828125,11776.787875963466,11558.388683117795,11718.988129821406,222600
2008-08-04,11447.587890625,11580.388535928669,11410.087929013232,11556.087779555044,161000
2008-08-05,11751.388671875,11751.488281150669,11473.788362766792,11536.188691164776,224000
2008-08-06,11774.388671875,11832.08783319849,11647.68860266386,11820.388626092414,196400
2008-08-07,11717.48828125,11896.587711506285,11683.988314753577,11704.288099139105,183200
2008-08-08,11799.888671875,11831.18844547795,11612.088077134236,11666.988413236406,167800
2008-08-11,12047.6875,12047.6875,11748.487619970909,11806.087168650089,151400
2008-08-12,11996.087890625,12078.68839587164,11912.788167311415,12008.587878414,179200
2008-08-13,11695.388671875,11956.888409852922,11691.087894934368,11904.287876621023,193400
2008-08-14,11606.7880859375,11776.287914802637,11527.587970589098,11741.988144745768,183800
2008-08-15,11686.087890625,11711.988255277243,11586.988380626488,11648.48831895466,206400
2008-08-18,11677.48828125,11784.287978760432,11539.588029012515,11674.18847987396,113800
2008-08-19,11335.2880859375,11550.58766804204,11333.488283110688,11536.787877621164,184600
2008-08-20,11379.888671875,11422.08784716925,11251.888803686346,11373.288092734623,188800
2008-08-21,11217.388671875,11322.18836707878,11185.488314576143,11319.688369690515,150000
2008-08-22,11497.2880859375,11506.587881146072,11200.688778874932,11225.58816755843,138800
2008-08-25,11327.087890625,11458.988144788967,11326.388672598396,11453.888540689904,98800
2008-08-26,11419.888671875,11440.488260111317,11218.888878135009,11271.988433020824,147000
2008-08-27,11479.587890625,11545.988213466311,11320.688638772208,11399.488363018296,174600
2008-08-28,11662.587890625,11687.288061118385,11408.388927298078,11464.688675414714,179000
2008-08-29,11707.2880859375,11741.988246515866,11618.888760360873,11685.188498683725,163200
2008-09-01,11693.7880859375,11745.18842505244,11580.08800456779,11607.488367733937,109000
2008-09-02,11903.888671875,11936.288054042016,11634.288351344783,11705.588085841458,199000
2008-09-03,11849.087890625,11931.98819926158,11749.68857486844,11820.988309040493,194200
2008-09-04,11480.087890625,11859.787698344027,11476.388675651118,11850.087512933373,234600
2008-09-05,11139.6884765625,11414.188187793789,11118.488303552196,11409.487997425804,309600
2008-09-08,11554.1884765625,11657.488176479046,11343.088104731987,11343.088104731987,272400
2008-09-09,11349.98828125,11610.68820739242,11289.087953503982,11512.88850368214,258200
2008-09-10,11180.7880859375,11344.087719468229,11125.08794900514,11334.787924527982,311400
2008-09-11,11136.48828125,11212.688396378328,10980.188641034132,11148.488268622605,232000
2008-09-12,11411.98828125,11415.988277142482,11177.58813132598,11252.388835764585,232800
2008-09-15,10898.9892578125,11160.088609844535,10819.689531283855,11031.389517942058,464200
2008-09-16,10911.4892578125,11015.88954565708,10651.589123055046,10778.289193633344,542000
2008-09-17,10661.3896484375,11108.588416599614,10639.088889657269,11021.389285709589,374800
2008-09-18,10631.5888671875,10855.189227198563,10571.088928316807,10628.98926043915,363800
2008-09-19,11557.888671875,11557.888671875,10779.389461209272,10779.389461209272,708000
2008-09-22,11328.48828125,11599.287805809045,11328.48828125,11596.087613806982,313200
2008-09-23,11176.48828125,11313.488137603174,11088.688568622088,11302.188344763712,308400
2008-09-24,11112.888671875,11298.78788990328,11089.788110297475,11298.78788990328,217400
2008-09-25,11438.587890625,11472.087856304528,11131.38898659804,11154.488572307682,249000
2008-09-26,11387.888671875,11461.988204997597,11239.28823885534,11302.488369131504,215200
2008-09-29,10945.689453125,11397.588423690222,10916.58889574702,11395.889206607848,277200
2008-09-30,10987.4892578125,11052.689389380495,10672.589175057265,10744.689690503934,319800
2008-10-01,11182.48828125,11182.48828125,10956.588127358307,11064.288209805914,273200
2008-10-02,11002.2890625,11364.389294897564,10978.889671283714,11186.08868773302,306600
2008-10-03,11418.48828125,11441.488257645216,10964.688942294992,11047.389052732691,294400
2008-10-06,10725.9892578125,11214.488768575264,10710.889663559898,11210.188968194056,324400
2008-10-07,10861.9892578125,11128.788798643112,10644.289277798867,10935.689380237747,359600
2008-10-08,10297.5888671875,10905.488623666655,10154.989406568697,10612.28873421296,481000
2008-10-09,9902.890625,10535.789414936426,9820.490315633144,10411.89012305583,395000
2008-10-10,8997.69140625,9462.290561798476,8834.991369865022,9443.09038524096,596400
2008-10-13,9955.6904296875,9955.6904296875,9357.191016760878,9559.290427894775,407600
2008-10-14,10224.4892578125,10573.088500937574,10032.18965516134,10308.588778829757,394200
2008-10-15,9706.7900390625,10200.189933297002,9593.990347858396,10143.78959941419,328600
2008-10-16,9308.1904296875,9699.989823321315,9146.590013291983,9305.290042105422,394200
2008-10-17,9655.1904296875,9800.690282523445,9345.190743232915,9799.28989331485,372200
2008-10-20,9944.2900390625,9944.2900390625,9758.490416836436,9900.690472503731,308000
2008-10-21,9794.990234375,10105.089534580373,9716.89070286539,10105.089534580373,306200
2008-10-22,8995.291015625,9594.490625475304,8927.491277182842,9584.090245012245,487400
2008-10-23,8811.19140625,9045.99097672762,8419.191797265119,9007.891405356504,433600
2008-10-24,8353.19140625,8496.590669430636,7991.89149343386,8444.991114347666,409600
2008-10-27,8009.8916015625,8186.791320582187,7737.1921771341085,7976.991733313419,350000
2008-10-28,7905.39208984375,8244.692047499477,7820.092369453658,8221.392265837974,368800
2008-10-29,8650.0908203125,8650.0908203125,8260.291411686894,8376.291293823368,452400
2008-10-30,8822.8916015625,8964.491069880958,8694.991338347363,8812.691416411075,328200
2008-10-31,9115.9912109375,9137.691385328064,8686.591234312815,8843.291278545037,259200
2008-11-03,9231.7900390625,9231.7900390625,8977.39089410996,9185.790087722433,225600
2008-11-04,9726.7900390625,9726.7900390625,9241.990721109916,9279.290488348726,312000
2008-11-05,9744.6904296875,9883.789899664202,9507.69066719641,9631.290152706397,278600
2008-11-06,9133.8916015625,9577.690979205248,9110.991232973318,9361.990991449478,288600
2008-11-07,9343.490234375,9392.289988057995,9013.690774387154,9153.090042752388,220200
2008-11-10,9293.7900390625,9525.789795284383,9268.190456586744,9484.289838891244,241800
2008-11-11,8911.8916015625,9171.391345639338,8906.491216263454,9123.290807139429,267400
2008-11-12,8646.791015625,9083.09037683441,8604.590863207,9070.090390048295,300000
2008-11-13,8740.5908203125,8823.290932466267,8525.891817452133,8684.491267348158,244800
2008-11-14,8832.19140625,9069.19117040754,8796.691441576613,9067.990976289377,242600
2008-11-17,8498.791015625,8827.191066633628,8416.491296048122,8788.590520615055,299400
2008-11-18,8530.791015625,8532.691404292078,8268.591090450584,8480.791067138707,267400
2008-11-19,8211.4912109375,8535.99086361353,8211.4912109375,8532.090477163258,280800
2008-11-20,7988.3916015625,8072.791416205942,7830.891765221438,7995.891593769216,412600
2008-11-21,7974.3916015625,8240.491422227537,7862.391718146508,8062.8915094403155,371200
2008-11-24,8622.5908203125,8622.5908203125,8093.191945869691,8173.691863815605,345000
2008-11-25,8696.5908203125,8861.790848668385,8453.491456621763,8533.891765991548,331000
2008-11-26,8654.0908203125,8719.790948900194,8460.991407048547,8585.99128009914,273400
2008-11-27,8849.291015625,8862.191393437422,8720.291143746896,8727.491331908212,242000
2008-11-28,8910.5908203125,8920.491201172146,8726.191588134277,8885.791040086544,204000
2008-12-01,8510.4912109375,8914.391184441793,8423.891690996656,8913.990794230289,229800
2008-12-02,8834.69140625,8834.69140625,8293.191944952756,8359.491683682938,313200
2008-12-03,8879.8916015625,8926.991164319701,8646.09105172159,8781.891698559999,209200
2008-12-04,8836.0908203125,9113.1911306245,8699.59095608587,8815.09084120071,276800
2008-12-05,8491.19140625,8743.290754682002,8409.29110039837,8696.391389164099,247000
2008-12-08,9036.4912109375,9061.99118613574,8825.191611763992,8893.491350021874,214800
2008-12-09,9063.0908203125,9125.790954820644,8894.89176467595,8972.991298312805,286000
2008-12-10,9152.3916015625,9162.891591479336,8975.090990574681,9069.991290066708,204400
2008-12-11,9182.58984375,9249.390553957875,9019.99040729845,9140.490279147614,198600
2008-12-12,8975.4912109375,8975.4912109375,8710.991469943354,8880.991303474562,251200
2008-12-15,9023.8916015625,9111.89151585261,8929.991302394228,8994.291044455262,233800
2008-12-16,9167.6904296875,9167.6904296875,8995.49041780623,9010.390792559025,197800
2008-12-17,9196.890625,9282.89053368187,9047.39078374489,9281.49014454386,252600
2008-12-18,9257.7900390625,9327.890551054134,9202.290097606883,9219.58988404562,268600
2008-12-19,9268.390625,9332.89055703975,9099.290217234877,9151.990357019957,330600
2008-12-22,9098.8916015625,9234.590689234145,9095.191409824196,9232.290886768134,178800
2008-12-23,9068.4912109375,9186.790900970494,9040.79104247164,9075.291009034723,123800
2008-12-29,9017.69140625,9138.191288805196,8955.29107644327,9080.991149242618,125000
2008-12-30,9195.7900390625,9195.7900390625,9068.089979363242,9081.790160126602,142400
2009-01-02,9486.2900390625,9486.2900390625,9219.090118817936,9261.990465279338,155200
2009-01-05,9644.08984375,9644.08984375,9506.29017859872,9543.390726968131,199800
2009-01-06,9723.990234375,9799.99015804967,9617.7901457173,9677.089890851154,133200
2009-01-07,9569.990234375,9726.19027029434,9503.790106615928,9726.19027029434,209200
2009-01-08,9469.490234375,9576.089733816869,9357.690544983448,9452.69044701266,230600
2009-01-09,9378.490234375,9528.990077662673,9309.490306223175,9527.69027432863,195000
2009-01-12,9199.890625,9350.589683783914,9179.1904516606,9329.49009680599,179200
2009-01-13,9057.291015625,9111.590767620815,8920.191539289322,9098.790975354046,249600
2009-01-14,8692.69140625,9138.290565085728,8594.191505841914,9132.090376042155,313600
2009-01-15,8611.0908203125,8735.790888347665,8500.391714549505,8685.891525215835,249800
2009-01-16,8620.0908203125,8883.990941864387,8620.0908203125,8778.290854323917,243200
2009-01-19,8494.791015625,8788.290711958061,8389.891710095664,8739.090567550069,229400
2009-01-20,8276.4912109375,8617.29065371951,8223.69146231969,8462.491013418547,299800
2009-01-21,8230.69140625,8388.891432630166,8077.091472613922,8212.391621103745,330400
2009-01-22,8159.29150390625,8451.191597569335,8117.091839806446,8380.991473674296,249800
2009-01-23,8172.79150390625,8208.29146785034,7981.692088623372,8152.591817391023,224800
2009-01-26,8375.19140625,8420.491163399196,8091.491508656801,8106.491492915573,268000
2009-01-27,8349.4912109375,8410.59075599628,8168.991400939989,8408.191344459512,251400
2009-01-28,8701.4912109375,8733.290983505196,8396.291323896401,8413.49150183562,350600
2009-01-29,8477.3916015625,8664.991016441001,8403.090897344866,8650.290836369133,245600
2009-01-30,8450.3916015625,8511.891537597798,8326.391730531981,8456.691399697722,274600
2009-02-02,8233.3916015625,8316.090732032013,8118.291138493583,8275.391556727971,223000
2009-02-03,8361.8916015625,8365.891597358162,8180.29120650253,8294.791086153375,237200
2009-02-04,8495.3916015625,8547.590766308902,8285.891818304326,8413.191491291625,220000
2009-02-05,8440.19140625,8452.891588337363,8209.191646798019,8333.090931839919,244200
2009-02-06,8544.69140625,8608.69134041972,8411.391738674427,8498.291063352353,226800
2009-02-09,8584.791015625,8600.991194351845,8462.59094542027,8494.99130287396,194400
2009-02-10,8397.291015625,8653.7907471584,8390.391608783795,8523.391469578892,214600
2009-02-11,8355.791015625,8388.290981439819,8246.291130802765,8330.191433176993,217200
2009-02-12,8200.8916015625,8327.39146599002,8116.591398939993,8302.2909069533,219400
2009-02-13,8265.4912109375,8393.790879198286,8254.891612833522,8291.290988190956,211800
2009-02-16,8074.99169921875,8228.891931640223,8074.99169921875,8205.991564555921,159800
2009-02-17,7843.1923828125,8006.092122893977,7783.792051355383,7987.992043266977,326200
2009-02-18,7861.39208984375,7910.392041148542,7706.992340939495,7889.992159077802,259000
2009-02-19,7875.89208984375,7964.291904499205,7822.092338522974,7903.291965008163,249000
2009-02-20,7603.59228515625,7760.092124356597,7601.791994037254,7739.992047352672,305200
2009-02-23,7540.39208984375,7780.991938217696,7514.892116263933,7729.09208964669,245000
2009-02-24,7483.39208984375,7547.192316206439,7403.592368465439,7436.792040836946,312400
2009-02-25,7512.09228515625,7642.791856261268,7384.9923196826785,7625.592167117521,278800
2009-02-26,7811.6923828125,7861.992137195046,7564.79223911317,7571.192623337124,326000
2009-02-27,7620.89208984375,7736.291873886283,7522.09238644002,7731.891976053054,251200
2009-03-02,7270.49267578125,7464.292285237037,7270.49267578125,7428.592614169265,304200
2009-03-03,7219.392578125,7359.192729263689,7199.092794032039,7315.892480223912,292600
2009-03-04,7357.49267578125,7390.692838043734,7257.3926777723,7295.4927375007965,254400
2009-03-05,7025.892578125,7296.992393170275,7025.892578125,7295.292199630161,318800
2009-03-06,6936.89306640625,7086.7928210318005,6883.29302156998,7061.892943225549,327600
2009-03-09,6817.39306640625,6969.993011047459,6702.593376830714,6965.392918003815,332800
2009-03-10,7153.29248046875,7153.29248046875,6771.693261811194,6808.093126885313,371800
2009-03-11,7204.69287109375,7357.09261850944,7063.292624214828,7142.992738504988,315000
2009-03-12,7340.49267578125,7340.49267578125,7008.593104601247,7142.792677730446,272000
2009-03-13,7427.79248046875,7543.192757302623,7375.992726858703,7492.492611983302,293800
2009-03-16,7636.89208984375,7647.3920791023165,7531.59239287728,7546.592377532375,278400
2009-03-17,7645.2919921875,7715.692310872476,7530.392207256476,7604.792033573221,274200
2009-03-18,7661.59228515625,7812.391936073851,7552.692493857253,7739.192303684021,269400
2009-03-19,7701.59228515625,7845.592139082709,7675.292018866507,7736.692347206975,272800
2009-03-20,7709.9921875,7709.9921875,7527.192568042523,7640.092355985431,355600
2009-03-23,7952.29150390625,7972.391580581586,7783.291680312078,7838.491818005429,288000
2009-03-24,7989.49169921875,8106.091675732011,7902.291594503878,8093.19178679076,303000
2009-03-25,8072.3916015625,8121.691843836172,7947.591925205595,7952.692017617457,272200
2009-03-26,8076.19189453125,8109.891566925679,7973.691999881546,8107.591764601936,219800
2009-03-27,7927.59228515625,8113.391906741555,7911.692398481553,8043.492073282838,223200
2009-03-30,7601.09228515625,7787.991995402083,7589.09229748999,7782.192196675691,269200
2009-03-31,7814.9921875,7814.9921875,7639.692558056226,7644.292162833089,224600
2009-04-01,7960.99169921875,8001.99165646884,7637.192232151066,7761.291712129794,298800
2009-04-02,8334.69140625,8347.39158816996,8102.691650897372,8115.791246458643,411800
2009-04-03,8319.8916015625,8410.691310329963,8245.29109443234,8280.590861829465,302400
2009-04-06,8321.0908203125,8502.19121496466,8224.491312969689,8434.991090631567,276000
2009-04-07,8345.9912109375,8455.69129072617,8247.590923936654,8402.991150911552,268200
2009-04-08,8404.69140625,8415.291004540652,8175.091548693879,8210.79121839281,198400
2009-04-09,8704.791015625,8713.991201648247,8400.091127962201,8457.5910699056,261600
2009-04-14,8834.791015625,8862.891573607389,8677.491367422972,8688.291161366576,418000
2009-04-15,8711.8916015625,8825.290901221197,8662.891650996497,8748.290978903193,302800
2009-04-16,8874.4912109375,8925.790964819074,8703.791184681813,8790.89168435727,273600
2009-04-17,9030.8916015625,9030.8916015625,8802.991432734962,8898.291144674684,349000
2009-04-20,8718.19140625,9018.090517975475,8671.991257513215,8988.290743329997,289000
2009-04-21,8615.791015625,8758.790869749288,8413.591026578917,8706.691313521613,352000
2009-04-22,8834.0908203125,8838.590815835441,8547.291300962672,8608.191630997757,294800
2009-04-23,8769.19140625,8876.29090828281,8717.691457866647,8777.791007005913,225600
2009-04-24,8888.19140625,8905.191389439617,8730.79117126977,8768.691524417114,247400
2009-04-27,8776.9912109375,8799.79099279386,8633.791159022,8739.891638713096,286200
2009-04-28,8656.291015625,8706.891550185848,8503.691561190048,8619.191443918611,287400
2009-04-29,8891.291015625,8933.590778499083,8696.991403003134,8730.090979659122,284600
2009-04-30,9037.9912109375,9100.790954554916,8957.291094102435,8986.891651254651,315200
2009-05-04,9074.69140625,9095.991190308134,8927.590962782908,9048.090846075798,235600
2009-05-05,9136.69140625,9195.59076365412,9037.491306363278,9065.191475029533,284200
2009-05-06,9228.990234375,9272.890578546998,9086.589994430336,9119.6905453426,258800
2009-05-07,9228.890625,9443.890397496258,9175.89068108232,9292.190362706371,334400
2009-05-08,9408.08984375,9443.690392734024,9278.58997817124,9310.089945474185,286200
2009-05-11,9316.7900390625,9460.289888649568,9232.19051836259,9457.58969616734,261000
2009-05-12,9268.990234375,9377.789924433297,9181.890716766333,9196.890700962644,308400
2009-05-13,9000.5908203125,9351.191063889424,8982.491228611721,9320.090508321568,341600
2009-05-14,8984.19140625,9002.691388151821,8838.491353473073,8979.291020418954,255000
2009-05-15,8978.5908203125,9084.991106783207,8922.090875619793,9035.391545960776,219600
2009-05-18,9159.2900390625,9163.190425528912,8828.490587073013,8879.490532696927,238800
2009-05-19,9341.58984375,9387.289991287922,9232.790152800846,9251.690523667548,263400
2009-05-20,9389.390625,9449.390562595856,9261.089977191676,9356.890658802246,289800
2009-05-21,9225.2900390625,9299.890546030065,9180.589891068284,9282.390564555037,193200
2009-05-22,9308.58984375,9378.190356669726,9206.390732216903,9250.089905122182,194000
2009-05-25,9347.390625,9371.690404300463,9175.59002323755,9336.79005013738,97800
2009-05-26,9405.6904296875,9438.79000469628,9209.590047354704,9294.6905449351,224600
2009-05-27,9510.7900390625,9521.990222874714,9422.890715254523,9448.990297830622,249200
2009-05-28,9435.490234375,9495.990171758254,9368.490303719163,9406.990263872143,209000
2009-05-29,9424.2900390625,9555.589707694837,9413.089855355838,9519.289940621831,239000
2009-06-01,9630.890625,9671.589802481449,9538.49032806796,9554.79011622764,214400
2009-06-02,9664.7900390625,9708.789994603483,9554.390736551124,9566.089943479856,243400
2009-06-03,9464.7900390625,9713.589587042448,9426.490273892108,9706.690180098649,240800
2009-06-04,9454.58984375,9530.490155977734,9375.290120971007,9484.490203490985,192400
2009-06-05,9518.990234375,9626.589733362624,9455.190495140276,9505.890638439005,231600
2009-06-08,9396.1904296875,9498.490128053136,9341.890681434676,9484.990142083909,189000
2009-06-09,9497.6904296875,9536.190390101436,9435.790102709065,9460.290077517937,193200
2009-06-10,9627.58984375,9706.390545069497,9605.890647010308,9618.6904387145,228800
2009-06-11,9708.390625,9738.589813372775,9618.890715027545,9624.790123155855,181000
2009-06-12,9714.390625,9741.190402746375,9651.79010199318,9688.290065300716,157400
2009-06-15,9518.6904296875,9679.390460131077,9494.58986847578,9673.49007555953,191600
2009-06-16,9497.890625,9587.990141735683,9494.990237357146,9540.28999546794,193600
2009-06-17,9283.1904296875,9471.490036289722,9200.69051647482,9451.39044805886,352600
2009-06-18,9383.990234375,9414.190398259134,9218.89079681382,9309.089921696412,243800
2009-06-19,9580.890625,9603.690406448104,9350.690664326072,9373.590055047644,361200
2009-06-22,9338.490234375,9566.7898003207,9331.390632424333,9566.7898003207,251600
2009-06-23,9348.6904296875,9413.289971581937,9284.99030091604,9305.089889295044,250200
2009-06-24,9617.58984375,9641.190405723675,9313.290348045812,9389.59007525917,235400
2009-06-25,9667.1904296875,9714.890576814154,9470.790237462505,9618.589892845404,222200
2009-06-26,9686.890625,9789.390521666992,9624.99029677845,9717.890593748069,196000
2009-06-29,9845.6904296875,9854.190421256631,9632.79025023137,9642.390826646366,237600
2009-06-30,9787.7900390625,9890.589741183094,9728.2900984277,9889.789937293586,238000
2009-07-01,9903.6904296875,9929.39059965811,9792.490344024867,9798.089947878329,219200
2009-07-02,9643.490234375,9922.289756731983,9643.490234375,9857.78982204881,228000
2009-07-03,9707.7900390625,9723.790022967196,9590.99035187053,9696.790050128022,128400
2009-07-06,9568.990234375,9634.089777312716,9469.290140811348,9627.58978394628,177400
2009-07-07,9519.990234375,9683.289871549405,9506.589857496134,9597.789959255386,201400
2009-07-08,9360.58984375,9503.490085291429,9325.990270471706,9461.789933483456,199800
2009-07-09,9443.08984375,9517.69035253896,9390.290093665662,9400.290083324116,177000
2009-07-10,9344.890625,9430.990144399027,9324.58986496476,9382.289999979295,178600
2009-07-13,9567.390625,9579.290026916546,9241.190762646156,9295.29031680067,175400
2009-07-14,9633.990234375,9676.089801075204,9551.69051311173,9612.589865442776,175800
2009-07-15,9905.2900390625,9905.2900390625,9670.790270255811,9687.09005887335,240800
2009-07-16,9997.58984375,10069.289969025967,9855.089982943568,9887.690537036917,227400
2009-07-17,10041.890625,10125.789957471348,9962.890701826533,10049.290031866662,173000
2009-07-20,10142.7890625,10163.689430989503,10078.68952101257,10136.88965468554,173800
2009-07-21,10122.189453125,10222.68934646935,10095.78909051742,10162.989214513696,218800
2009-07-22,10153.3896484375,10153.3896484375,10046.588980181568,10123.289094346092,169200
2009-07-23,10369.7890625,10402.98922342006,10170.789268646247,10176.689653158968,237200
2009-07-24,10438.5888671875,10496.789002607156,10342.989356192453,10360.889728396462,210200
2009-07-27,10591.689453125,10638.689405457222,10488.189558095532,10535.889705030111,201000
2009-07-28,10663.9892578125,10737.588793048264,10600.389712503416,10614.289112564593,255600
2009-07-29,10661.5888671875,10743.288980182257,10598.689516499851,10648.88966123271,231800
2009-07-30,10874.3896484375,10895.289041854683,10662.989466642648,10743.18958273004,248000
2009-07-31,10855.0888671875,10932.889571445983,10778.289138500952,10841.48927127065,267200
2009-08-03,10900.9892578125,10952.689402178004,10800.08896661791,10809.889738209911,182000
2009-08-04,10876.7890625,10905.689424582282,10758.189570256807,10905.689424582282,157200
2009-08-05,10704.3896484375,10922.489038942987,10672.58889910054,10880.588690366289,188200
2009-08-06,10775.9892578125,10849.889574768991,10730.189498781096,10808.68942052741,196000
2009-08-07,10947.5888671875,10983.989222095095,10713.189683126328,10738.68965810479,185400
2009-08-10,10922.9892578125,10934.189442110206,10848.189526686616,10934.189442110206,108000
2009-08-11,10831.8896484375,11011.288884586424,10785.98930333273,10947.889533398244,142200
2009-08-12,10933.7890625,10955.889626724222,10737.689645788008,10808.189576523506,143200
2009-08-13,11046.7890625,11144.088772570709,10925.78918016346,10942.489359236268,175200
2009-08-14,10901.8896484375,11120.689237530614,10852.789110881262,11055.489106463128,137800
2009-08-17,10598.4892578125,10857.389386027107,10537.88970985868,10857.389386027107,183000
2009-08-18,10708.2890625,10708.2890625,10599.189562569867,10626.48933987117,110200
2009-08-19,10695.4892578125,10749.189399190394,10511.88983283855,10616.889727380209,127200
2009-08-20,10892.4892578125,10917.98923266439,10795.0889632438,10804.789148989965,123600
2009-08-21,11160.98828125,11193.888637330474,10847.688805518874,10880.08818556286,205800
2009-08-24,11303.7880859375,11349.18842949551,11189.688594850582,11239.78815228687,162000
2009-08-25,11427.7880859375,11433.188471024616,11219.488494853087,11255.38884866368,183600
2009-08-26,11376.388671875,11446.087818828326,11318.988340377738,11400.688451531443,164400
2009-08-27,11356.888671875,11422.688408666205,11293.788151048577,11342.688491215136,147200
2009-08-28,11442.6884765625,11522.788003905524,11395.78813396934,11419.3886957369,160000
2009-08-31,11365.087890625,11481.38855195526,11342.888694764995,11359.78809140222,132400
2009-09-01,11172.98828125,11442.987998061732,11167.587896289177,11433.988007501344,178400
2009-09-02,10999.689453125,11138.788926656836,10874.389770803926,11126.588743258912,220600
2009-09-03,11018.0888671875,11109.189364305728,10969.389695917209,11022.68944863962,176000
2009-09-04,11222.6884765625,11222.6884765625,11064.688641546192,11088.188617007478,194000
2009-09-07,11388.587890625,11416.48825254079,11319.688547459276,11328.188538712866,133600
2009-09-08,11366.587890625,11463.688376453623,11319.888720021014,11425.388611252503,193600
2009-09-09,11461.98828125,11469.88866379764,11319.288231834194,11324.988421318814,166200
2009-09-10,11340.7880859375,11516.68829479995,11259.988364742589,11514.087711549704,218400
2009-09-11,11452.587890625,11531.388591242943,11387.388738589403,11388.388737566163,170200
2009-09-14,11492.587890625,11517.08786564289,11282.988494974094,11343.48843328358,182400
2009-09-15,11593.2880859375,11631.788047020897,11480.988394764992,11520.688549947705,165400
2009-09-16,11746.888671875,11799.988228277638,11648.788183802995,11657.488370436153,205800
2009-09-17,11770.98828125,11836.788020429773,11687.28816926616,11836.788020429773,211000
2009-09-18,11777.2880859375,11837.688416462384,11718.1885353683,11728.587939083089,280800
2009-09-21,11727.388671875,11773.988234684764,11622.988385573382,11772.288041071204,165200
2009-09-22,11816.6884765625,11899.28800402257,11771.58793535174,11784.188508793104,182600
2009-09-23,11853.2880859375,11879.587864623732,11801.087942232658,11813.087930368873,155000
2009-09-24,11695.888671875,11900.888466474504,11640.788141145733,11807.988168931388,216400
2009-09-25,11643.7880859375,11712.488212107588,11560.98836458278,11692.78803662209,156600
2009-09-28,11891.1884765625,11891.1884765625,11541.18882148668,11621.988546546165,183200
2009-09-29,11853.6884765625,11938.188393024502,11801.688527970498,11933.488202358689,174200
2009-09-30,11756.087890625,11929.48810840051,11628.8887986701,11869.988167711475,225400
2009-10-01,11518.1884765625,11851.08755192929,11511.3886787932,11766.587637900566,216400
2009-10-02,11326.6884765625,11427.78798133854,11268.488341464672,11385.388611143022,264400
2009-10-05,11556.98828125,11578.988258942092,11270.988571252812,11322.188714648528,257200
2009-10-06,11817.087890625,11835.98826250691,11591.788309362211,11594.68869711096,279400
2009-10-07,11721.388671875,11854.287953068137,11671.288136026758,11821.888571397723,207800
2009-10-08,11814.2880859375,11905.688385901323,11753.08795133023,11857.788042789312,223000
2009-10-09,11743.1884765625,11907.48811729228,11691.788137230871,11808.988215587196,213800
2009-10-12,11748.7880859375,11870.28796474826,11734.087905287595,11760.688464692546,138400
2009-10-13,11608.2880859375,11735.688347949925,11542.087957455076,11716.988171515548,190400
2009-10-14,11870.888671875,11881.688465901118,11713.088046403234,11714.188631254256,264000
2009-10-15,11849.6884765625,11942.787993866728,11792.788142209089,11900.288035897063,241400
2009-10-16,11676.388671875,11952.888394372152,11611.48834638578,11889.388458102463,311200
2009-10-19,11885.2880859375,11906.988259853892,11730.48843388058,11747.688612233913,206000
2009-10-20,11790.1884765625,11951.787925317203,11782.587898179523,11945.688322004851,180800
2009-10-21,11875.1884765625,11911.388636151723,11644.888899140711,11786.587978058316,204800
2009-10-22,11828.587890625,11855.488254599428,11686.288226915798,11712.98839577606,198400
2009-10-23,11739.7880859375,11960.388451669956,11733.38867826294,11910.988110356771,214800
2009-10-26,11622.587890625,11833.188264219676,11583.788125058283,11796.787910296196,195800
2009-10-27,11633.98828125,11679.288040307702,11546.388760112746,11590.38871579222,193600
2009-10-28,11429.7880859375,11599.98810674707,11378.7881382268,11587.988119050437,235200
2009-10-29,11683.388671875,11690.38866485382,11357.688803248142,11398.688762124091,232200
2009-10-30,11414.7880859375,11761.087535104018,11366.188526456206,11688.987999748477,214000
2009-11-02,11465.7880859375,11514.788035856498,11344.288210117946,11353.988395516251,156200
2009-11-03,11242.388671875,11358.388550959986,11179.888737023177,11328.48819150228,215400
2009-11-04,11387.6884765625,11398.788074515216,11285.988385906703,11308.688557859095,166800
2009-11-05,11548.888671875,11621.087817363948,11249.588194327596,11313.888910331145,180000
2009-11-06,11580.587890625,11627.688428900028,11391.588081879669,11517.98834459639,188600
2009-11-09,11816.7880859375,11816.7880859375,11653.78824758501,11654.68863731709,141000
2009-11-10,11813.98828125,11891.888594602678,11777.788121845831,11807.3886784214,182200
2009-11-11,11801.388671875,11893.587799071493,11784.888688259443,11822.888650525574,187200
2009-11-12,11834.48828125,11916.388590775656,11757.38874822052,11790.18852042902,209800
2009-11-13,11866.98828125,11868.587889045371,11754.088002114968,11835.288117241676,203200
2009-11-16,11986.888671875,12007.087870877644,11910.087965707726,11942.988324168326,188800
2009-11-17,11959.388671875,12016.0878350667,11928.587920806,11964.888666485673,175400
2009-11-18,12034.388671875,12102.58782421458,11999.288120117431,12003.988310853018,174200
2009-11-19,11846.1884765625,12029.688295036727,11816.988310136036,12028.388491635047,176200
2009-11-20,11719.2880859375,11942.188253672566,11702.188493661308,11888.88850228237,203600
2009-11-23,11940.48828125,11975.88863713204,11832.88877747635,11845.888764717776,131800
2009-11-24,11905.1884765625,11972.988214512025,11807.98837692792,11832.788157204011,142800
2009-11-25,11965.7880859375,12021.488226699808,11900.587954479051,12004.087853115943,131600
2009-11-26,11657.48828125,11904.48803295223,11639.188494958456,11894.188238618652,180200
2009-11-27,11776.7880859375,11829.1884244204,11415.78844515807,11431.389015571882,205600
2009-11-30,11644.6884765625,11874.587659263632,11603.58793198695,11839.388475936688,169800
2009-12-01,11862.087890625,11878.188460656484,11735.888796549145,11746.188591061307,185800
2009-12-02,11868.7880859375,11930.488220329842,11788.18855614314,11856.688488509142,163000
2009-12-03,11905.2880859375,11998.28799439476,11881.288109561432,11968.988218547953,161000
2009-12-04,12032.1884765625,12055.288063439655,11831.58808599975,11864.388835303462,188000
2009-12-07,12011.7880859375,12064.98822934772,11930.488360566347,11975.788121059211,120800
2009-12-08,11808.888671875,12034.988056876458,11758.388721989477,11957.287938670985,153000
2009-12-09,11541.1884765625,11833.68817956268,11497.388716348622,11771.68824251649,291200
2009-12-10,11594.6884765625,11610.388656006831,11468.688603910554,11535.087950863242,226200
2009-12-11,11615.98828125,11676.688415325378,11598.288103794262,11610.48828679865,210800
2009-12-14,11705.888671875,11748.8886288278,11645.488341716691,11705.38867237555,151200
2009-12-15,11735.48828125,11757.4882592814,11592.388814770364,11696.688515306923,185800
2009-12-16,11863.1884765625,11875.188464708615,11739.688598558723,11747.088005311907,207600
2009-12-17,11696.888671875,11820.488157419508,11648.587939016006,11764.38860424891,190800
2009-12-18,11644.98828125,11814.08772045445,11622.587913167255,11709.587825616269,255600
2009-12-21,11830.7880859375,11842.988269165353,11656.788258289542,11696.88880450625,160000
2009-12-22,11890.7880859375,11943.3886200355,11809.9883608807,11810.1885559959,148400
2009-12-23,11967.48828125,11990.388649450604,11916.38872191248,11957.087900809214,124600
2009-12-28,12023.1884765625,12070.888625382664,11995.688503366147,12013.988290217228,92200
2009-12-29,12035.087890625,12056.488260412132,11985.18852515028,12034.688476951416,99400
2009-12-30,11939.98828125,12020.087812009648,11922.988297934988,12018.38859492738,103400
2010-01-04,12145.0869140625,12145.0869140625,11986.087080265725,11986.487470472191,184200
2010-01-05,12204.3876953125,12240.487267135812,12139.787176574093,12141.787174493644,238400
2010-01-06,12222.4873046875,12230.687491482591,12147.586991860322,12216.387701648066,123800
2010-01-07,12166.287109375,12199.6874651473,12079.087005054318,12162.987308130783,192400
2010-01-08,12162.9873046875,12232.187427771263,12079.887782048956,12217.98724728043,213200
2010-01-11,12074.4873046875,12233.88752771651,12066.086922894798,12192.48718062051,230800
2010-01-12,11966.087890625,12134.1883119367,11941.087915108228,12094.388546226306,186800
2010-01-13,11958.2880859375,12027.188409042328,11909.587938349629,11922.988315842676,181800
2010-01-14,11999.7880859375,12050.38862245954,11902.288181153932,12049.087842479856,153800
2010-01-15,11844.98828125,12085.287848198932,11818.587916744002,12028.488099705835,236400
2010-01-18,11870.6884765625,11897.688449908112,11788.788166789527,11888.48826367804,95600
2010-01-19,12022.587890625,12049.188450634196,11772.488525028792,11850.388839722193,202400
2010-01-20,11708.98828125,12038.987950975212,11642.488347805374,11987.287807405955,233600
2010-01-21,11443.98828125,11788.787732859668,11414.087921243246,11771.787750267807,288200
2010-01-22,11373.388671875,11423.488229629133,11204.488455278995,11409.988243539055,302600
2010-01-25,11249.2880859375,11383.28794634548,11223.68850323042,11275.388644685198,203600
2010-01-26,11347.2880859375,11385.488241799334,11140.3888855472,11158.788280607989,217400
2010-01-27,11042.189453125,11203.889491130642,10997.689496415953,11199.489104786477,328400
2010-01-28,10829.2890625,11200.488889598288,10829.2890625,11154.889325456088,287000
2010-01-29,10947.689453125,11045.288966732553,10821.189577250314,10903.989300692348,222400
2010-02-01,10995.189453125,11033.689415510931,10839.389800652163,10852.38978795131,202800
2010-02-02,11140.888671875,11158.38865346732,10945.488486785302,11022.388796521289,208600
2010-02-03,10888.3896484375,11201.58855819402,10867.789082823954,11189.58857003288,269200
2010-02-04,10241.689453125,10920.088155636337,10220.68947515122,10882.288390595824,503400
2010-02-05,10103.2900390625,10277.490065996964,9916.590024210258,10123.290019730945,537800
2010-02-08,10206.2890625,10259.189397447044,9970.889896196695,10132.08894528362,310600
2010-02-09,10275.3896484375,10339.189386426922,10084.889847591465,10160.78918230662,279600
2010-02-10,10454.9892578125,10543.08877666789,10358.88974717686,10383.088941062915,306800
2010-02-11,10281.689453125,10557.389360389498,10162.689577454665,10554.488972794788,263000
2010-02-12,10224.8896484375,10409.788868246354,10149.189532654938,10393.889470887634,183600
2010-02-15,10293.5888671875,10386.788965238204,10240.289118122571,10298.489252698551,110000
2010-02-16,10393.8896484375,10430.48921998648,10230.389817416188,10397.889644303465,151800
2010-02-17,10498.5888671875,10551.489203684718,10426.48933158496,10470.889676779394,198800
2010-02-18,10574.189453125,10574.189453125,10417.889807220366,10466.689562332802,197400
2010-02-19,10676.689453125,10676.689453125,10403.989532185347,10472.389853990411,244800
2010-02-22,10570.4892578125,10773.58866078912,10541.088897065416,10752.489072856431,150200
2010-02-23,10312.8896484375,10638.588527930651,10267.489305102736,10597.588570637328,212000
2010-02-24,10253.9892578125,10333.788978900968,10089.38982087361,10304.689400010997,221800
2010-02-25,10126.189453125,10312.389450910552,10047.189536930651,10195.588793566449,219800
2010-02-26,10333.5888671875,10345.18944106573,10118.38987214564,10243.389742203171,230200
2010-03-01,10434.8896484375,10504.88957637614,10287.589018825996,10434.68945333109,164800
2010-03-02,10521.4892578125,10532.889636797989,10339.289248521827,10441.7891438719,176200
2010-03-03,10664.4892578125,10679.48924270323,10411.789317041035,10485.089047894766,194800
2010-03-04,10745.2890625,10814.588797907769,10577.089035338977,10595.589016844337,231200
2010-03-05,11019.7890625,11032.789049827496,10718.589160799818,10780.089100849134,217400
2010-03-08,11078.2890625,11123.789018380456,11031.68949831079,11103.088843140114,170600
2010-03-09,11002.7890625,11108.58876389367,10911.088956715685,11101.088771216024,170600
2010-03-10,11120.98828125,11120.98828125,10976.788237888408,11018.288194157796,166400
2010-03-11,11045.3896484375,11127.989177480376,10988.289118033088,11076.189423170696,156000
2010-03-12,11076.9892578125,11181.288961352751,11049.389675202883,11078.889646594547,148400
2010-03-15,10957.7890625,11078.28894437103,10932.189478220896,11069.889538542671,145600
2010-03-16,11059.2890625,11061.789060071686,10921.089001424967,11028.588897007405,167000
2010-03-17,11166.7880859375,11189.98825690307,11090.388752050669,11127.988321967594,172200
2010-03-18,11073.4892578125,11156.38956801744,11021.289113138397,11119.588822467163,177400
2010-03-19,10990.7890625,11141.389501243506,10929.588927003344,11132.389510039924,277800
2010-03-22,10861.8896484375,10960.389551023103,10694.189618976912,10959.588770565058,212800
2010-03-23,10996.189453125,11013.88963114618,10864.789190865036,10884.489366932416,215000
2010-03-24,10866.2890625,11041.088694384216,10747.489375255402,11026.989098947784,217800
2010-03-25,11091.388671875,11092.788084458933,10825.88895239216,10908.488474495569,189800
2010-03-26,11071.0888671875,11123.989206483731,11003.989322918642,11054.088883682443,150000
2010-03-29,11090.98828125,11166.388592206951,11012.988363664796,11108.188458388777,134400
2010-03-30,10980.689453125,11156.989085342118,10967.989270236834,11133.588717609227,131800
2010-03-31,10871.2890625,11014.78892070427,10773.98935395673,10942.788991849166,196200
2010-04-01,11067.8896484375,11067.8896484375,10892.989427565815,10950.38976247964,127800
2010-04-06,11160.587890625,11185.087864899737,10968.18867858396,11143.188494832071,165600
2010-04-07,11191.2880859375,11235.688430069502,11083.188589756885,11152.288126775584,213800
2010-04-08,11076.2890625,11152.989183425936,10976.989354116964,11133.989201852808,203000
2010-04-09,11394.1884765625,11408.488266542883,11139.488543205018,11161.08813036517,257600
2010-04-12,11460.7880859375,11554.787989821823,11416.08793633127,11467.988273887748,191800
2010-04-13,11460.98828125,11535.68840018235,11403.488340043135,11415.788132154215,196600
2010-04-14,11503.6884765625,11566.087827059097,11460.188520875688,11519.587874428364,155800
2010-04-15,11523.48828125,11543.888651128951,11371.98843531696,11533.08788086274,196800
2010-04-16,11259.6884765625,11546.88837296586,11210.488332456052,11441.688287142491,318000
2010-04-19,11199.48828125,11264.087823030315,11118.188561631663,11155.488327290002,200600
2010-04-20,11305.587890625,11334.688446398466,11140.08806217301,11256.28813703891,186400
2010-04-21,11064.689453125,11337.288797846097,11041.789084732893,11328.489001701904,210800
2010-04-22,10821.8896484375,11079.189197720436,10753.389716432936,11045.08864563234,297200
2010-04-23,10918.189453125,11027.288955159189,10759.689609069816,10833.189536754711,225400
2010-04-26,10939.2890625,11092.588716649963,10837.7891621711,11042.689351587753,243600
2010-04-27,10480.8896484375,10904.488823652622,10480.8896484375,10884.588453424129,317200
2010-04-28,10166.9892578125,10480.288731475584,10077.889742577829,10350.788868301912,502800
2010-04-29,10440.9892578125,10511.288990172285,10138.589178311118,10190.689710645109,325200
2010-04-30,10492.189453125,10648.588707061712,10382.18956574586,10477.088882647871,270800
2010-05-03,10422.7890625,10452.189422823689,10271.98941323329,10426.189449620411,162600
2010-05-04,9859.08984375,10411.789491602482,9812.790084923334,10363.58934403319,462200
2010-05-05,9635.1904296875,9904.489961429876,9505.69056094045,9864.58961124537,516200
2010-05-06,9352.58984375,9837.489728060653,9267.490323232742,9539.19023484634,460600
2010-05-07,9046.0908203125,9568.79050777688,8925.891718346362,9175.391475935689,539400
2010-05-10,10351.8896484375,10351.8896484375,9058.590209248276,9059.190794562548,694200
2010-05-11,10008.58984375,10146.789904217334,9731.290309630413,10056.690382754632,372000
2010-05-12,10089.7900390625,10284.890436167794,9812.190698368122,9927.890781697752,296200
2010-05-13,9977.490234375,10222.489994577643,9846.290167476624,10222.489994577643,230200
2010-05-14,9314.6904296875,9896.78942878344,9192.589971761476,9891.08923944708,397400
2010-05-17,9286.08984375,9488.390412252598,9140.490387493235,9224.290104053587,292000
2010-05-18,9627.58984375,9716.789948583491,9419.590054731978,9480.890773802364,280400
2010-05-19,9376.490234375,9518.39047721074,9233.19057893425,9430.28998303,292600
2010-05-20,9270.490234375,9564.08953446963,9037.490479819218,9471.690217741472,323400
2010-05-21,9407.2900390625,9443.490196795936,9005.891041688767,9288.490357699904,468400
2010-05-24,9287.890625,9552.28976106366,9169.790163237609,9514.78980049248,184400
2010-05-25,9004.3916015625,9027.391579112538,8812.091008014459,8969.891635237442,342200
2010-05-26,9042.5908203125,9241.790822009996,9042.5908203125,9155.99110071664,329200
2010-05-27,9334.890625,9395.089780773107,8906.79048691621,9129.490449252837,351400
2010-05-28,9425.490234375,9492.089774747104,9372.19048491066,9452.089816190526,237600
2010-05-31,9359.390625,9403.789992736023,9328.390657345488,9346.089857628072,114200
2010-06-01,9299.6904296875,9356.190370356791,9019.39091934312,9282.190448064268,241600
2010-06-02,9267.990234375,9304.490195915212,9031.89087377646,9212.08990265184,229400
2010-06-03,9276.1904296875,9488.78981524585,9258.29005790734,9469.69022597818,209200
2010-06-04,8923.3916015625,9315.09043451014,8881.691447322417,9289.59045962625,324000
2010-06-07,8795.291015625,8962.590653131338,8663.99134214419,8825.191376370813,244800
2010-06-08,8669.791015625,8888.891379447943,8563.590927973597,8880.39138806487,263200
2010-06-09,8868.69140625,8868.69140625,8610.591076095438,8725.891743080016,273000
2010-06-10,9198.1904296875,9242.589796611644,8712.290554937443,8807.790453546175,291800
2010-06-11,9561.6904296875,9648.690340832029,9265.690732000368,9275.990526168396,422400
2010-06-14,9583.990234375,9690.690320965245,9483.690531888073,9661.990154896834,265800
2010-06-15,9741.990234375,9764.890602044074,9413.990563170422,9475.79030590825,257000
2010-06-16,9683.2900390625,9838.789882240477,9572.190541731652,9803.890503374096,250800
2010-06-17,9755.08984375,9841.289952769295,9650.890729311646,9670.99031856535,239400
2010-06-18,9971.7900390625,10051.789960716564,9773.590037852253,9774.790231989373,398800
2010-06-21,10071.890625,10209.490100959643,10015.990288575522,10127.690375584509,204000
2010-06-22,10016.08984375,10071.690375477328,9871.99037487108,10020.69042520196,225600
2010-06-23,9885.990234375,10031.28989553191,9824.6904902409,9896.589833279457,186400
2010-06-24,9586.490234375,9969.789648600688,9549.290076957786,9953.69005562612,221800
2010-06-25,9534.990234375,9677.589697701304,9451.490319894632,9576.39058259825,229400
2010-06-28,9688.490234375,9705.190412854365,9490.09004372975,9612.390701705395,186800
2010-06-29,9160.390625,9544.890215096211,9160.390625,9525.390235884572,247600
2010-06-30,9263.390625,9407.390473192894,9122.589992184438,9212.089897832104,280000
2010-07-01,9178.1904296875,9340.990061155651,8977.690643019936,9041.690574923798,277600
2010-07-02,9250.7900390625,9434.289845350364,9158.690526912633,9227.99025844366,209600
2010-07-05,9281.490234375,9367.28994878736,9201.990318021735,9247.290075046583,153600
2010-07-06,9614.990234375,9698.089759348584,9346.290311972052,9355.990497432398,222600
2010-07-07,9987.390625,9987.390625,9456.990752997575,9529.790486501828,345200
2010-07-08,10080.490234375,10120.690390743,9929.58998993686,10067.890637206048,321000
2010-07-09,10127.2890625,10185.48919607863,10044.689540739717,10165.389608023605,204200
2010-07-12,10058.1904296875,10146.390539365391,9967.490322436888,10145.390540336304,153800
2010-07-13,10259.4892578125,10259.4892578125,10043.989483451314,10084.58905031658,181600
2010-07-14,10278.4892578125,10315.189414769173,10159.389772909975,10309.588834684911,183800
2010-07-15,10160.189453125,10318.689285545948,10077.289150149016,10232.68937647212,249600
2010-07-16,9991.6904296875,10253.890368732424,9913.29011568898,10196.190229814578,206800
2010-07-19,9929.7900390625,10157.589619716531,9849.890703578394,9961.290008083306,154000
2010-07-20,10061.2900390625,10076.190415224992,9804.89087386452,10036.190454049498,192400
2010-07-21,10040.7900390625,10168.289915056725,10003.49027065258,10129.089757870111,185000
2010-07-22,10302.8896484375,10334.68941996934,9967.789411888343,9974.38999094383,203200
2010-07-23,10388.189453125,10417.289032408797,10221.389820921158,10257.489392966423,279600
2010-07-26,10506.689453125,10512.389642609549,10330.989437450677,10476.689483797392,174600
2010-07-27,10644.9892578125,10684.689413062346,10533.088980109527,10544.78916361501,257400
2010-07-28,10643.8896484375,10721.788983881252,10595.889696880738,10712.38957930496,196600
2010-07-29,10659.4892578125,10787.989128315705,10602.48931525466,10677.989239168994,217400
2010-07-30,10499.7890625,10638.588725183505,10430.289133604409,10607.788952006822,214600
2010-08-02,10835.3896484375,10860.789037319088,10489.789405127513,10535.389945856712,219400
2010-08-03,10871.3896484375,10883.989245362643,10727.389790725978,10781.889736873742,183000
2010-08-04,10843.2890625,10905.689391306483,10720.489379467212,10865.389626543,150800
2010-08-05,10839.9892578125,10953.088755108422,10786.389701553464,10868.389620293374,150200
2010-08-06,10651.0888671875,10907.288804108788,10576.489333050084,10886.18921601384,166800
2010-08-09,10812.5888671875,10831.189434645545,10764.789109988533,10802.789072235988,106400
2010-08-10,10718.4892578125,10801.889564852798,10673.889693135672,10757.289023614449,117600
2010-08-11,10374.7890625,10688.088542793264,10335.989297986263,10631.889382232584,208200
2010-08-12,10342.3896484375,10432.389554958536,10259.689539021983,10334.989265498954,173600
2010-08-13,10275.7890625,10448.189272899874,10201.588944755418,10438.389478456962,165400
2010-08-16,10258.2890625,10335.689372073604,10143.689573130314,10284.489230376432,119600
2010-08-17,10369.4892578125,10380.489246417152,10203.889819988884,10283.689542008511,138800
2010-08-18,10390.9892578125,10411.889626830733,10250.889793272096,10322.789133005175,107400
2010-08-19,10237.9892578125,10538.189138140942,10225.58888019857,10440.989044815426,175800
2010-08-20,10094.2900390625,10302.589642232528,10018.690502825551,10220.890502521584,154400
2010-08-23,10221.189453125,10306.189363792444,10087.689593429664,10117.088976594225,119938000
2010-08-24,10052.2900390625,10140.69034380814,9954.790133781962,10129.490159376424,157979000
2010-08-25,9893.990234375,10088.690237513549,9773.790157703092,10034.690290812894,186301000
2010-08-26,10004.390625,10056.390574241086,9934.790107001929,9992.790050386217,138039000
2010-08-27,10148.189453125,10164.789044928792,9938.089089585546,9951.289270925226,148166000
2010-08-30,10135.9892578125,10211.588787066628,10097.68949371534,10201.489188395248,74499000
2010-08-31,10186.9892578125,10186.9892578125,9964.189688067308,9980.889865769455,181126000
2010-09-01,10544.7890625,10544.7890625,10170.089248901691,10232.68977106679,200281000
2010-09-02,10537.5888671875,10578.588825391484,10467.689524381514,10513.88967259684,148750000
2010-09-03,10599.3896484375,10708.78895162684,10503.088964785573,10556.889691510029,180728000
2010-09-06,10622.689453125,10678.889591605148,10597.88967351626,10678.789005769366,79130000
2010-09-07,10479.0888671875,10592.389532292194,10410.28913302709,10579.189350511291,145891000
2010-09-08,10586.189453125,10609.38962489545,10419.989426461649,10449.08900630826,147374000
2010-09-09,10712.8896484375,10773.58880632234,10497.889864025272,10547.289228553307,186434000
2010-09-10,10689.5888671875,10724.989222237957,10622.689520353528,10642.689500255135,140766000
2010-09-13,10765.189453125,10831.189387266088,10733.989288946,10775.689442647446,154164000
2010-09-14,10806.5888671875,10834.989229581388,10689.88976444114,10759.88969485837,161443000
2010-09-15,10751.7890625,10846.489163196968,10669.989339539174,10845.98916369652,146178000
2010-09-16,10716.7890625,10787.588796219972,10703.489271143811,10741.789037440776,133924000
2010-09-17,10588.5888671875,10839.689198382195,10544.38969327783,10799.58865312694,313047000
2010-09-20,10743.0888671875,10751.2890543005,10569.089041172729,10622.088988177224,173247000
2010-09-21,10762.4892578125,10902.489118076726,10718.088911504092,10718.189497341196,213903000
2010-09-22,10555.189453125,10805.489003078588,10511.889692504368,10803.889395331536,220396000
2010-09-23,10501.4892578125,10653.48910232876,10401.78916448526,10652.788907732502,229657000
2010-09-24,10727.5888671875,10748.389627608432,10418.389958057182,10456.889919504829,234779000
2010-09-27,10612.9892578125,10767.28890632197,10574.78910116519,10731.989137363964,147302000
2010-09-28,10590.689453125,10663.98918346423,10413.589046821298,10570.889668520516,207880000
2010-09-29,10486.7890625,10670.288874531176,10427.289123449018,10610.389521826835,175515000
2010-09-30,10514.4892578125,10680.989087707008,10378.789201138732,10407.38975785631,233735000
2010-10-01,10450.0888671875,10637.989064660156,10391.588927322618,10520.08879523095,227229000
2010-10-04,10382.9892578125,10493.288948384505,10310.189528443228,10449.189384634688,186749000
2010-10-05,10651.189453125,10654.689449595102,10340.989570662565,10404.48950662012,205515000
2010-10-06,10700.189453125,10803.28895899583,10674.289088502022,10724.588842692345,225497000
2010-10-07,10740.2890625,10830.189363208809,10595.489402637755,10701.389687343752,177982000
2010-10-08,10720.7890625,10758.088829813283,10631.989346789458,10705.889663366635,156847000
2010-10-11,10700.7890625,10756.889592119933,10645.389704051184,10723.789039411042,145726000
2010-10-12,10648.189453125,10666.48923935117,10529.68957267095,10637.889658828217,157526000
2010-10-13,10866.0888671875,10894.789034127089,10662.389849813824,10680.1896369045,223613000
2010-10-14,10849.689453125,10982.08873610007,10847.389650714516,10898.789013886932,214966000
2010-10-15,10868.189453125,10895.689425943852,10785.689534668443,10865.989259987184,228686000
2010-10-18,10897.689453125,10908.088856936489,10751.18959753441,10820.088943680708,165844000
2010-10-19,10895.2890625,11021.588742662594,10854.088907808706,10883.6894645616,269322000
2010-10-20,10896.8896484375,10915.289044361818,10806.689542044543,10841.088922196028,172940000
2010-10-21,10892.2890625,10942.98920781103,10797.48935130582,10830.189514368783,233268000
2010-10-22,10924.7890625,10984.18939471751,10826.088964237882,10860.588930314563,133642000
2010-10-25,10870.2890625,10988.389531728792,10835.189487810942,10985.989143475894,149932000
2010-10-26,10797.7890625,10855.889590636152,10729.689520873872,10824.989230752397,172823000
2010-10-27,10700.0888671875,10865.389482486524,10693.689459549583,10747.389600950666,222956000
2010-10-28,10753.4892578125,10777.588843113244,10657.289158598996,10715.68949088504,238585000
2010-10-29,10812.8896484375,10878.689387755505,10683.889776593882,10735.289139593102,201939000
2010-11-01,10649.4892578125,10903.389392327295,10602.189500836475,10901.788808004314,193508000
2010-11-02,10762.0888671875,10768.588860699529,10540.189674613854,10562.18965265456,284248000
2010-11-03,10569.4892578125,10795.08863790198,10528.389690208607,10788.489035234415,239127000
2010-11-04,10602.7890625,10744.288919139795,10567.389684302289,10698.38955158012,313369000
2010-11-05,10428.0888671875,10660.389409139963,10369.889708389645,10657.489021502712,324960000
2010-11-08,10291.7890625,10351.389586228686,10217.389726092766,10334.989212721786,230096000
2010-11-09,10409.7890625,10448.588827148807,10237.689630719797,10254.389808798858,216064000
2010-11-10,10235.3896484375,10417.489066696562,10171.088934672016,10379.58871584852,260498000
2010-11-11,10149.4892578125,10242.088769180467,10062.889740094157,10224.48917843282,286054000
2010-11-12,10226.7890625,10296.088794395277,9890.989610535202,9980.389907254408,334717000
2010-11-15,10349.689453125,10377.78903333478,10131.58909355902,10165.489448998042,184836000
2010-11-16,10095.390625,10299.390427663844,10095.390625,10264.890461036872,209493000
2010-11-17,10189.2890625,10219.58883524358,10073.989379368655,10085.588976514631,179678000
2010-11-18,10325.2890625,10363.289022965737,10248.989337192936,10250.289140528152,232811000
2010-11-19,10271.689453125,10327.389590186,10133.189597968883,10326.689395605768,333406000
2010-11-22,9996.390625,10393.390237165082,9968.29006651436,10388.78965572196,270912000
2010-11-23,9691.7900390625,9943.289785646752,9691.7900390625,9943.289785646752,353051000
2010-11-24,9742.58984375,9790.289991249572,9567.690605000267,9706.89066078359,284383000
2010-11-25,9721.7900390625,9790.890555587914,9556.09001019716,9790.890555587914,214012000
2010-11-26,9547.1904296875,9652.789931046938,9442.58995074368,9649.390520461626,338450000
2010-11-29,9324.6904296875,9676.69006104294,9312.690442254929,9586.98995967217,356379000
2010-11-30,9267.1904296875,9397.69029216872,9203.390692231198,9362.190329578045,387037000
2010-12-01,9678.390625,9715.790001326031,9331.390975127266,9344.190766899606,382574000
2010-12-02,9947.58984375,9986.490196186229,9548.9906256829,9788.390781286937,449858000
2010-12-03,10014.7900390625,10037.390602961732,9882.89075361767,9915.49033120416,281357000
2010-12-06,9889.890625,10034.089701362773,9853.089880088346,10015.890500583302,169558000
2010-12-07,9924.6904296875,10027.89052345392,9826.290135885709,9883.990274422844,254821000
2010-12-08,10078.390625,10161.99015336984,9834.290275587611,9865.690635786708,196241000
2010-12-09,10185.4892578125,10230.289015251668,10106.98934060291,10167.689471897653,241240000
2010-12-10,10121.8896484375,10226.189342433529,10064.489318730484,10224.5887581947,190485000
2010-12-13,10151.189453125,10219.689380637035,10093.689513972562,10165.789047050424,166397000
2010-12-14,10162.689453125,10181.289042839822,10038.389779825004,10164.58886517978,184160000
2010-12-15,10009.7900390625,10080.08977516506,9944.58990735973,10072.490173204287,227045000
2010-12-16,10010.2900390625,10060.089795167418,9919.690518072646,9993.589860042004,192704000
2010-12-17,9898.08984375,10057.490077108,9850.089891107576,10056.990077601307,379742000
2010-12-20,9996.08984375,10057.490174390285,9851.089985406814,9915.589922393956,246700000
2010-12-21,10203.3896484375,10238.889611062936,10037.68962757494,10070.889787934118,187802000
2010-12-22,10183.4892578125,10253.8895741748,10165.789081171264,10214.789029483023,156057000
2010-12-23,10106.890625,10219.990125094377,10100.290045440206,10202.289946884395,121337000
2010-12-27,9898.990234375,10092.890433712142,9853.99027876869,10077.589667556767,131680000
2010-12-28,9903.490234375,9978.89055064932,9862.990274311163,9916.790025947852,83585000
2010-12-29,9981.490234375,10011.890595257091,9900.589922900715,9933.589890614425,95653000
2010-12-30,9859.08984375,9997.690292400992,9858.79003935946,9985.089718944611,155838000
2011-01-03,9888.2900390625,9993.589739756551,9850.490271705858,9899.39061403713,135778000
2011-01-04,9888.390625,9974.190344952996,9799.390712894969,9895.49022736354,194824000
2011-01-05,9801.390625,9882.390544295651,9599.290240425413,9877.490158553155,241101000
2011-01-06,9702.6904296875,9832.58971300815,9678.390649457397,9803.190328535728,179999000
2011-01-07,9560.6904296875,9699.390483326892,9497.790103311105,9682.390500691274,268083000
2011-01-10,9437.7900390625,9491.78998318679,9387.890676632687,9488.289986808366,271713000
2011-01-11,9582.08984375,9592.990223265837,9404.690610484637,9467.390741896046,270518000
2011-01-12,10101.1904296875,10106.190424853608,9595.990722791776,9606.391103361902,415429000
2011-01-13,10370.7890625,10410.189412313646,10096.789346312187,10105.78933698989,484937000
2011-01-14,10385.0888671875,10422.989218608918,10249.489398074653,10337.789111426193,292458000
2011-01-17,10279.9892578125,10354.889570169598,10245.489293863617,10328.289012028645,207148000
2011-01-18,10583.3896484375,10591.889639809971,10304.589150171243,10314.189726364117,320746000
2011-01-19,10556.4892578125,10617.989195230724,10493.289126811878,10596.689412217687,294236000
2011-01-20,10636.8896484375,10682.989211256585,10515.489380414549,10542.588962421698,365740000
2011-01-21,10829.0888671875,10937.5887595583,10660.489425058964,10663.38981280685,441528000
2011-01-24,10815.3896484375,10925.48914845819,10690.28918675374,10852.189416574303,235973000
2011-01-25,10664.3896484375,10855.389456044328,10626.689491100184,10840.788884813912,294500000
2011-01-26,10670.689453125,10812.288919951758,10668.6894551384,10714.989213215911,229377000
2011-01-27,10828.689453125,10899.288992464426,10579.889895249593,10644.189636150992,297157000
2011-01-28,10746.9892578125,10961.088653183764,10713.389682022063,10821.989182846086,341939000
2011-01-31,10805.9892578125,10918.588755252824,10603.389849840702,10738.189520524427,266180000
2011-02-01,10967.8896484375,10987.08884838339,10777.089054061713,10886.189533143854,283883000
2011-02-02,11010.189453125,11044.289029230453,10917.389738978352,11004.189458978946,246889000
2011-02-03,10860.689453125,11019.088710516551,10756.588970152134,10979.588749585524,362088000
2011-02-04,10854.689453125,10906.289011435238,10770.389731863508,10875.289042113913,228777000
2011-02-07,10922.5888671875,10984.989196442795,10782.289200482428,10854.289129671675,279793000
2011-02-08,10965.0888671875,10992.08884073639,10869.389742191226,10921.588909803178,196967000
2011-02-09,10935.5888671875,11053.889532229045,10910.689477584032,10950.588852452798,202681000
2011-02-10,10791.8896484375,10885.288969530831,10685.689558835984,10877.788976996282,276284000
2011-02-11,10803.5888671875,10875.588795596776,10656.389794799978,10771.689484843084,177823000
2011-02-14,10774.689453125,10894.18933398559,10733.789103276971,10847.58879450806,187491000
2011-02-15,10826.189453125,10899.588794357674,10719.189559294666,10753.289134834677,180920000
2011-02-16,11047.7890625,11092.088824113149,10850.989449168284,10851.989448195947,323647000
2011-02-17,11112.98828125,11148.988243287704,10998.98840146394,11056.18853645836,245438000
2011-02-18,11068.0888671875,11164.989163765444,10960.989361758446,11137.588799734003,325457000
2011-02-21,10810.4892578125,11050.288824215511,10792.189471309166,11049.288825209193,212236000
2011-02-22,10701.8896484375,10792.889557094932,10601.289163479294,10720.189434756305,260887000
2011-02-23,10633.3896484375,10740.989149112072,10611.588889211318,10705.189380590631,217729000
2011-02-24,10647.5888671875,10674.588839947646,10543.289167726352,10563.189538274177,217940000
2011-02-25,10822.689453125,10848.588841480758,10669.38980059687,10702.989376622216,233462000
2011-02-28,10850.7890625,10922.989186335,10730.689572022458,10829.88966912772,216216000
2011-03-01,10761.8896484375,10939.689275650877,10707.38970283767,10898.788925851348,256468000
2011-03-02,10643.7890625,10710.88958071666,10576.189521349475,10681.989219259194,233014000
2011-03-03,10566.8896484375,10781.889429871013,10512.18950873258,10682.889530513256,262825000
2011-03-04,10498.689453125,10627.18932164481,10463.789098209803,10595.989158256103,221762000
2011-03-07,10495.689453125,10623.889517226577,10417.489337849194,10478.088885201429,257321000
2011-03-08,10568.689453125,10568.689453125,10412.889806794788,10529.389688382418,198314000
2011-03-09,10559.4892578125,10602.389604794898,10497.289125776306,10594.489222206972,411425000
2011-03-10,10435.5888671875,10479.289017515935,10351.189540003988,10444.889638863471,243919000
2011-03-11,10398.3896484375,10452.789006302057,10313.588954791923,10346.189507051016,256479000
2011-03-14,10415.8896484375,10637.689224377124,10364.489310823052,10386.18948375558,505812000
2011-03-15,10329.689453125,10376.889599352498,10076.489521123529,10250.189535799607,471079000
2011-03-16,10092.58984375,10422.190110765136,10079.890637287795,10372.190159145262,358245000
2011-03-17,10325.5888671875,10374.989206419044,10085.489507598964,10183.689600749369,0
2011-03-18,10328.3896484375,10448.588742172737,10262.088936144492,10382.78900592118,370068000
2011-03-21,10574.3896484375,10574.3896484375,10418.889806404864,10473.689555423036,223977000
2011-03-22,10576.0888671875,10734.288901815416,10549.689479938992,10584.789053663177,269854000
2011-03-23,10637.9892578125,10658.889627332412,10512.088994320946,10548.38973891464,246215000
2011-03-24,10755.5888671875,10765.989247425076,10521.989491120812,10545.289272537562,246475000
2011-03-25,10710.3896484375,10801.088776219098,10702.389656461244,10776.088801293294,171675000
2011-03-28,10750.9892578125,10765.989242824797,10677.789135640194,10721.689482400789,149945000
2011-03-29,10734.9892578125,10778.088824059034,10658.68952947589,10759.989232795762,198381000
2011-03-30,10732.2890625,10830.389550246537,10699.189486255103,10816.889563758972,201587000
2011-03-31,10576.4892578125,10784.788850937048,10570.88965412483,10755.788880391352,247985000
2011-04-01,10729.8896484375,10729.8896484375,10580.589016659247,10657.189525908449,212310000
2011-04-04,10756.0888671875,10813.889590711478,10661.689547402317,10710.189498965046,172979000
2011-04-05,10678.5888671875,10749.288991378806,10624.588921509054,10742.28899842049,222697000
2011-04-06,10845.0888671875,10882.289025652808,10658.68963775562,10686.38980563078,241416000
2011-04-07,10849.0888671875,10928.088788966004,10778.389718440016,10836.789074678596,274742000
2011-04-08,10913.189453125,10950.088830866309,10885.289089963184,10916.588863841354,184078000
2011-04-11,10878.2890625,10958.189374224345,10860.08888515997,10896.189435448585,156876000
2011-04-12,10784.4892578125,10882.288965083908,10756.189481313771,10812.489229922356,219734000
2011-04-13,10785.9892578125,10867.088786417316,10767.588885513149,10814.58883870406,219983000
2011-04-14,10622.689453125,10751.08873734381,10558.088932514733,10747.788935993232,261200000
2011-04-15,10558.5888671875,10647.58877664001,10484.689528309342,10647.18936298387,325846000
2011-04-18,10344.8896484375,10574.788823771494,10289.088925131262,10574.788823771494,349381000
2011-04-19,10376.4892578125,10433.189394426585,10306.289135174184,10355.58888882446,209775000
2011-04-20,10535.3896484375,10569.88961326034,10433.2891666046,10461.38972388996,240176000
2011-04-21,10584.0888671875,10634.088816440682,10528.489314242564,10603.789042505556,176355000
2011-04-26,10650.5888671875,10700.189403097884,10546.88975302846,10574.88972478768,169712000
2011-04-27,10740.8896484375,10769.689424321745,10619.38976995206,10673.088934996407,194417000
2011-04-28,10867.7890625,10889.9892358689,10808.989315932684,10809.8897056677,182170000
2011-04-29,10878.8896484375,10911.289030507744,10805.489330290484,10889.289052231274,140332000
2011-05-02,10877.2890625,10928.189402856868,10841.789097559038,10917.389608835025,139444000
2011-05-03,10825.5888671875,10865.588827495703,10775.789111916094,10864.989218715691,184413000
2011-05-04,10712.5888671875,10883.088696216584,10686.8896742077,10812.788962023054,198034000
2011-05-05,10627.2890625,10758.88951541423,10574.18950679865,10749.288939181104,215316000
2011-05-06,10610.4892578125,10628.389630314949,10481.58899768768,10544.48932463163,258553000
2011-05-09,10396.2890625,10548.288905442918,10368.088896325922,10546.88949282639,227390000
2011-05-10,10474.3896484375,10498.08884288239,10337.189593832836,10401.489332576652,222694000
2011-05-11,10531.4892578125,10590.28900252388,10461.389719939483,10527.489261892522,154751000
2011-05-12,10487.5888671875,10487.5888671875,10383.88975465403,10459.689481701676,187824000
2011-05-13,10356.4892578125,10566.889430201563,10321.789098492469,10512.088705793189,229668000
2011-05-16,10363.8896484375,10390.889620451988,10245.088990324564,10280.189539880292,166999000
2011-05-17,10306.3896484375,10431.788931798304,10306.088867501,10366.588804442868,177689000
2011-05-18,10343.689453125,10386.989212844586,10269.389725599678,10381.289023451878,181075000
2011-05-19,10376.7890625,10420.989212055929,10286.588960563824,10378.489256052437,189011000
2011-05-20,10226.5888671875,10449.889413878707,10190.889685936543,10389.288891597054,281705000
2011-05-23,10082.6904296875,10122.490195826798,10030.589894212157,10110.490207449428,220742000
2011-05-24,10115.890625,10177.589784187192,10074.390665063012,10076.79007680918,182084000
2011-05-25,10217.3896484375,10243.189426000064,10042.589050966417,10054.1896247075,212616000
2011-05-26,10203.189453125,10348.989104310776,10158.889695077456,10252.18940153656,215045000
2011-05-27,10261.189453125,10365.788952997347,10203.689513320276,10289.68942328908,179685000
2011-05-30,10257.5888671875,10277.689432074823,10224.889682681487,10239.189472393637,78572000
2011-05-31,10475.9892578125,10500.588841962832,10324.9894126493,10326.289216003968,257020000
2011-06-01,10339.2890625,10548.989039940994,10313.289089513131,10505.989084616558,202365000
2011-06-02,10260.9892578125,10375.18933356941,10214.588915763828,10254.088874411484,154967000
2011-06-03,10285.689453125,10315.489226690155,10132.989417289647,10287.289060829398,188748000
2011-06-06,10157.689453125,10280.088737745064,10123.289098879834,10278.689325162502,150677000
2011-06-07,10168.0888671875,10206.88960744604,10124.689498974732,10161.989264256492,145107000
2011-06-08,10082.490234375,10148.089780212067,10050.490265369295,10137.890571340746,162621000
2011-06-09,10121.689453125,10141.789041168233,10019.48936627784,10079.189498230364,163515000
2011-06-10,9950.7900390625,10129.890449232304,9910.790078318138,10103.490084516408,187982000
2011-06-13,9946.1904296875,9999.890572274742,9903.589885577165,9958.190417905362,120643000
2011-06-14,10132.5888671875,10166.289026772363,9991.889797601332,9991.889797601332,180570000
2011-06-15,9933.08984375,10118.089661869148,9919.390638468249,10118.089661869148,224518000
2011-06-16,9918.490234375,9928.890614759912,9808.19053828724,9880.08988155852,243908000
2011-06-17,10135.189453125,10159.389622787978,9803.789413747638,9862.089156643817,513625000
2011-06-20,10038.08984375,10053.49021939264,9918.790155124028,10029.790047137014,207430000
2011-06-21,10231.8896484375,10233.088865928474,10075.189617640175,10078.4894188633,222132000
2011-06-22,10226.189453125,10264.389608309824,10170.088926118777,10240.789047163733,166037000
2011-06-23,9942.58984375,10171.289814433085,9910.490265903249,10170.69020564702,256048000
2011-06-24,9812.6904296875,10085.690157997184,9767.790083747486,10054.589603011069,262013000
2011-06-27,9872.1904296875,9918.089798346093,9758.490346847746,9791.089923975063,162572000
2011-06-28,9936.6904296875,10001.99017019943,9823.58995490339,9898.589881194628,214092000
2011-06-29,10143.5888671875,10234.889551748933,9998.189607104636,10001.489408297604,235843000
2011-06-30,10359.8896484375,10359.8896484375,10191.789236803608,10205.189613533734,241843000
2011-07-01,10491.9892578125,10536.78901663192,10321.689627485695,10359.38978419902,265148000
2011-07-04,10467.9892578125,10524.189395452757,10428.389689074338,10524.189395452757,121604000
2011-07-05,10330.0888671875,10443.288944784028,10307.789085689388,10442.788945303972,178936000
2011-07-06,10204.4892578125,10288.58877865658,10129.78914113624,10286.689366593577,247531000
2011-07-07,10196.189453125,10356.489088928944,10122.989334932428,10234.289022360228,226504000
2011-07-08,9938.1904296875,10261.08952645768,9920.390642490716,10232.289750069882,334061000
2011-07-11,9670.58984375,9870.289837400009,9588.089927060662,9867.390426265412,338073000
2011-07-12,9603.390625,9690.289950695143,9276.09017657968,9553.79008950096,449762000
2011-07-13,9666.890625,9719.69037634847,9507.990394898185,9520.390772996152,293129000
2011-07-14,9598.58984375,9678.390543810605,9535.390689298947,9563.490270085378,205287000
2011-07-15,9484.1904296875,9607.08971720379,9449.790074483652,9553.390553746429,287267000
2011-07-18,9347.7900390625,9511.08967315107,9332.190445984375,9443.78993877152,235905000
2011-07-19,9443.7900390625,9540.690329484944,9379.390691594012,9395.490284320762,218847000
2011-07-20,9732.7900390625,9744.39061336029,9531.290241242086,9546.590030578182,293575000
2011-07-21,10017.58984375,10073.490179880682,9650.490592240882,9803.09005285464,369237000
2011-07-22,10059.2900390625,10221.490076910137,10017.190470558038,10099.290000230274,377171000
2011-07-25,9866.1904296875,10009.589701812389,9826.5898829469,10005.190292104457,211892000
2011-07-26,9833.390625,9930.289942830952,9756.890700972734,9897.78997510695,201925000
2011-07-27,9643.2900390625,9782.19028902516,9569.69050422072,9762.190309278858,238022000
2011-07-28,9656.990234375,9707.39057403269,9517.089985224036,9544.290153030382,247610000
2011-07-29,9630.6904296875,9678.99018539852,9499.790171796789,9540.290130729389,254006000
2011-08-01,9318.1904296875,9752.289584119066,9316.390626886225,9712.9898206184,290079000
2011-08-02,9114.8916015625,9342.590600753034,9114.8916015625,9236.09070344589,387974000
2011-08-03,9037.69140625,9297.29076316728,8958.590897236936,9033.691410139956,306543000
2011-08-04,8686.4912109375,9219.690866754248,8686.4912109375,9217.690868777863,385372000
2011-08-05,8671.19140625,8920.691153358699,8462.691617584012,8479.39179596932,467593000
2011-08-08,8459.3916015625,9030.7904219582,8453.590826339338,8727.59054166158,428022000
2011-08-09,8428.8916015625,8660.790773816656,8101.891454254282,8530.090714789096,466340000
2011-08-10,7965.99169921875,8645.990990640887,7933.791537459699,8637.590608769315,449668000
2011-08-11,8249.3916015625,8293.691359052174,7767.291529263807,8207.090865380527,518475000
2011-08-12,8647.291015625,8647.291015625,8045.991822094935,8302.69175649893,307890000
2011-08-15,8708.9912109375,8731.391578956182,8581.391730335143,8727.49119226743,125248000
2011-08-16,8674.291015625,8674.291015625,8494.191588732363,8664.791025250688,183972000
2011-08-17,8728.19140625,8795.2909480575,8552.291192751956,8636.291108166219,166738000
2011-08-18,8317.69140625,8644.191061247315,8166.391273155698,8612.490899431452,255857000
2011-08-19,8141.8916015625,8292.99154517008,8014.9918285949825,8288.991549248136,328676000
2011-08-22,8293.8916015625,8391.491107511003,8081.391338468435,8090.691621581645,169798000
2011-08-23,8279.791015625,8480.090607692926,8183.391215610386,8386.691292774525,173694000
2011-08-24,8369.0908203125,8427.09075940205,8221.39175667329,8340.691436074501,136005000
2011-08-25,8299.0908203125,8477.891412205663,8245.191463331532,8474.290830081321,149803000
2011-08-26,8185.49169921875,8337.19174069457,8031.091953449407,8330.291357067143,161053000
2011-08-29,8394.9912109375,8423.491181099705,8261.891740909825,8318.791095402044,95897000
2011-08-30,8444.791015625,8504.19134442808,8376.991281501249,8463.191387099496,151261000
2011-08-31,8718.5908203125,8718.5908203125,8444.791291637628,8498.791237201205,197599000
2011-09-01,8761.0908203125,8801.69136551983,8615.391747726748,8747.99122407892,171201000
2011-09-02,8463.4912109375,8655.491011551903,8408.291072948563,8653.090623419628,168596000
2011-09-05,8066.49169921875,8304.191649927354,8056.391611955943,8302.191651985442,193160000
2011-09-06,7936.39208984375,8145.692176779719,7866.292061193223,8022.192298351687,256231000
2011-09-07,8156.591796875,8166.191884761455,8038.991818897621,8134.391624155121,194621000
2011-09-08,8277.791015625,8347.191332563225,8148.891250142411,8165.29113507335,173917000
2011-09-09,7910.1923828125,8276.291630609647,7903.192389726042,8225.392266817895,206216000
2011-09-12,7640.6923828125,7786.891940356769,7592.392139230067,7762.692258069352,303337000
2011-09-13,7834.1923828125,7836.892087151521,7505.292320176859,7780.792045439975,264721000
2011-09-14,8045.69189453125,8062.991681370471,7743.891912931076,7749.492004809683,267632000
2011-09-15,8337.8916015625,8436.290911901213,8107.991453277754,8134.291230242372,259608000
2011-09-16,8388.3916015625,8445.09076090511,8275.19152485707,8444.391542887726,412179000
2011-09-19,8222.69140625,8272.191353340544,8152.291090874422,8177.691454349505,161604000
2011-09-20,8362.19140625,8374.391588739525,8151.491432393234,8173.391311719165,165457000
2011-09-21,8210.291015625,8379.39142054163,8184.991238020745,8378.790835247051,176487000
2011-09-22,7830.7919921875,8043.291780184091,7773.992244167069,8011.092105277301,295675000
2011-09-23,7996.8916015625,7998.8915994865,7639.592167752159,7945.791556948146,272080000
2011-09-26,8201.69140625,8312.69128730077,7842.691790959678,7846.3914940262675,259222000
2011-09-27,8531.8916015625,8562.09078920304,8333.491415317925,8380.691562007558,278759000
2011-09-28,8480.19140625,8626.491059309225,8364.891721061706,8409.090894002682,212410000
2011-09-29,8592.4912109375,8653.89153875751,8420.291191764456,8424.491382780678,230920000
2011-09-30,8546.5908203125,8592.590773007503,8427.291138309283,8555.19139740542,191595000
2011-10-03,8353.791015625,8394.391558846479,8288.791084011731,8346.590827887852,178801000
2011-10-04,8225.3916015625,8271.891551875993,8065.091479878943,8267.79097032008,268613000
2011-10-05,8477.291015625,8477.291015625,8295.691594528149,8404.191482037933,228970000
2011-10-06,8704.791015625,8704.791015625,8501.191611820459,8510.391797843706,275941000
2011-10-07,8798.3916015625,8849.891550117158,8674.090944481359,8728.791085151717,226775000
2011-10-10,8892.3916015625,8894.391599585742,8790.590920930263,8847.991254821918,193051000
2011-10-11,8845.4912109375,8858.891588247609,8732.19151882691,8858.791002410053,191610000
2011-10-12,9026.4912109375,9029.891598251555,8730.49149915137,8784.791250967395,227639000
2011-10-13,8943.4912109375,9073.191278789483,8857.691490568202,8996.191354459837,227865000
2011-10-14,8975.4912109375,9033.391544864806,8840.89173336623,8953.291037364057,178735000
2011-10-17,8864.291015625,9087.790794021996,8825.29105429398,9032.491044164934,177398000
2011-10-18,8811.291015625,8831.191386399832,8715.090916269912,8782.791044053074,165342000
2011-10-19,8849.4912109375,8907.290958219937,8800.491259602855,8881.0907889287,189561000
2011-10-20,8608.19140625,8822.290797027057,8573.89163658296,8740.090685641817,236393000
2011-10-21,8852.9912109375,8891.790977105413,8657.091014798072,8663.491399068907,226385000
2011-10-24,8957.0908203125,8976.290996785005,8815.791154273991,8924.891633157655,153223000
2011-10-25,8879.5908203125,8971.090729745441,8803.791090651945,8929.89155177459,169945000
2011-10-26,8832.4912109375,8977.090676424019,8787.691450829483,8873.790974528305,184485000
2011-10-27,9270.490234375,9305.089807302473,9030.890877396305,9098.990415034586,303581000
2011-10-28,9224.390625,9350.990100347391,9158.79010851208,9309.390535012782,268027000
2011-10-31,8954.8916015625,9178.191187085537,8954.8916015625,9127.391432257067,190210000
2011-11-01,8579.5908203125,8775.391400981427,8480.891702671368,8775.391400981427,270047000
2011-11-02,8574.4912109375,8690.790896414986,8435.991352903231,8667.790919990524,206727000
2011-11-03,8712.5908203125,8789.691328472769,8407.191714329638,8424.99150106112,269539000
2011-11-04,8596.3916015625,8800.891392479256,8514.590903946597,8800.891392479256,209087000
2011-11-07,8476.3916015625,8595.8914776546,8311.590991192155,8436.891642519506,209084000
2011-11-08,8518.4912109375,8652.090682469532,8466.891654801004,8471.391650158075,162063000
2011-11-09,8340.5908203125,8620.69111108878,8250.99130535476,8609.290732477155,227936000
2011-11-10,8310.8916015625,8464.491048500638,8211.291120956039,8226.791104564258,191501000
2011-11-11,8556.0908203125,8580.090795659034,8263.191707124392,8301.691667576124,192929000
2011-11-14,8372.19140625,8616.891344678375,8341.491243166296,8615.790759896261,154797000
2011-11-15,8237.5908203125,8333.19130424947,8191.691455222132,8316.691321854056,197888000
2011-11-16,8304.0908203125,8415.691288131893,8213.29111172755,8213.39169755859,173684000
2011-11-17,8270.5908203125,8335.891532168178,8200.29109033172,8272.391599648832,190560000
2011-11-18,8310.0908203125,8361.790960945,8221.691499744424,8224.590910740399,247998000
2011-11-21,8020.99169921875,8303.191602487603,8020.99169921875,8291.291224178092,176206000
2011-11-22,7904.89208984375,8105.29179413006,7892.592297312283,8087.992006540148,190502000
2011-11-23,7739.2919921875,7936.092086494572,7739.2919921875,7848.092175326897,192305000
2011-11-24,7721.7919921875,7877.092128031802,7670.592336957348,7822.092183677831,176746000
2011-11-25,7763.4921875,7778.791976791129,7601.192546136674,7732.292023584618,141861000
2011-11-28,8119.8916015625,8119.8916015625,7858.092064506736,7881.791747310338,225496000
2011-11-29,8127.99169921875,8181.391547027448,7989.692035770968,8072.491755898543,167352000
2011-11-30,8449.4912109375,8452.791012192585,8017.791464674055,8033.791448031059,332723000
2011-12-01,8420.9912109375,8491.491137356108,8369.491264688446,8440.991190063347,176853000
2011-12-02,8558.5908203125,8624.491143262567,8497.291078575465,8506.191460060407,214198000
2011-12-05,8705.791015625,8737.99117842934,8634.29108780883,8638.191474496136,179729000
2011-12-06,8712.791015625,8746.691372052881,8633.59090020593,8665.291063540764,135237000
2011-12-07,8644.291015625,8844.191203001956,8511.791150343925,8789.790867688369,262733000
2011-12-08,8461.19140625,8766.691088912208,8435.191433257472,8697.89135569043,244973000
2011-12-09,8649.69140625,8659.090810761645,8382.091092224615,8387.79128174508,211495000
2011-12-12,8380.9912109375,8609.391362041522,8380.9912109375,8600.09059054515,156325000
2011-12-13,8327.791015625,8443.790893199957,8260.89167216736,8412.590730815778,210154000
2011-12-14,8181.99169921875,8370.491507982222,8181.99169921875,8281.091208055474,177401000
2011-12-15,8250.3916015625,8313.191339350045,8172.591391473562,8201.291067931325,205005000
2011-12-16,8203.3916015625,8322.69127843307,8153.091362485111,8306.790904843632,366661000
2011-12-19,8252.9912109375,8353.99110337718,8120.891253961731,8131.391242779718,163045000
2011-12-20,8454.3916015625,8454.3916015625,8215.391850023165,8247.79123040374,184441000
2011-12-21,8378.3916015625,8606.49097165773,8317.191470449885,8534.991046662259,191474000
2011-12-22,8462.8916015625,8488.790988727416,8401.791079080416,8401.791079080416,117950000
2011-12-23,8542.69140625,8568.491184393657,8521.291037642555,8539.691409336516,76689000
2011-12-27,8529.5908203125,8585.790957715244,8492.891639378076,8536.491203827205,70029000
2011-12-28,8358.3916015625,8560.391389154558,8344.89161575808,8516.891434895871,97456000
2011-12-29,8487.8916015625,8487.8916015625,8307.191593361682,8409.491292119643,97822000
2011-12-30,8566.291015625,8571.691400709175,8485.491293838466,8551.291031015067,89131000
2012-01-03,8732.3916015625,8743.291004654862,8597.09095649121,8739.191399406074,186689000
2012-01-04,8581.791015625,8701.290893238905,8526.791071953328,8683.391497508115,243803000
2012-01-05,8329.5908203125,8598.691122305756,8301.191436215933,8598.691122305756,192704000
2012-01-06,8289.0908203125,8445.89143530417,8233.79107426025,8369.691320787933,153765000
2012-01-09,8278.8916015625,8404.391468328944,8250.090850888042,8314.491173144173,173948000
2012-01-10,8472.8916015625,8486.09080662076,8338.991349834318,8341.090957031363,200515000
2012-01-11,8426.791015625,8521.191307791398,8371.291073510909,8463.09078245219,234067000
2012-01-12,8426.9912109375,8575.891446264666,8418.991219281217,8455.891571420416,265513000
2012-01-13,8450.5908203125,8548.191304740321,8367.391688094009,8501.090767789878,243066000
2012-01-16,8449.5908203125,8483.59078494655,8354.590919129128,8368.391686023899,143473000
2012-01-17,8535.291015625,8574.99117005698,8447.391692075249,8551.290999149305,203479000
2012-01-18,8420.69140625,8581.790847478112,8410.99122106203,8539.391477669782,231351000
2012-01-19,8603.791015625,8603.791015625,8433.8917751203,8464.590962510047,316961000
2012-01-20,8561.8916015625,8612.391549722646,8526.29105217013,8610.39155177571,271034000
2012-01-23,8619.5908203125,8667.491162095379,8529.191498426682,8552.69147446467,219158000
2012-01-24,8591.3916015625,8596.99120520906,8518.991285003605,8551.491251755879,214926000
2012-01-25,8555.3916015625,8638.69132067514,8462.991305861498,8618.491146114537,213599000
2012-01-26,8713.791015625,8721.590812445327,8583.59095163726,8594.89172148887,223131000
2012-01-27,8657.291015625,8746.590729653566,8624.791048619645,8670.891587754915,171538000
2012-01-30,8516.9912109375,8624.191295625458,8496.691427198251,8588.391527881333,177904000
2012-01-31,8509.19140625,8576.891531635687,8489.391622013507,8537.790986084767,229793000
2012-02-01,8696.5908203125,8726.790985103713,8551.391748305487,8558.590959779725,223557000
2012-02-02,8772.291015625,8781.991201218769,8689.291098783602,8723.9912593296,210818000
2012-02-03,8861.19140625,8861.19140625,8733.191533207972,8748.791127110357,260454000
2012-02-06,8835.291015625,8841.791009159017,8751.090904072054,8833.79101711715,179784000
2012-02-07,8846.8916015625,8856.891591627877,8725.791135933874,8841.6914114162,178247000
2012-02-08,8849.291015625,8921.69133434244,8841.59082796028,8859.39159153067,199361000
2012-02-09,8902.0908203125,8967.391537090894,8868.191439718965,8878.991233743795,195273000
2012-02-10,8797.0908203125,8860.39153831955,8746.291066378393,8851.590765862293,172345000
2012-02-13,8788.291015625,8883.290920616755,8772.191422351007,8856.090752506812,145672000
2012-02-14,8771.8916015625,8832.790954606437,8721.491261436498,8760.291027248282,149295000
2012-02-15,8741.5908203125,8853.391489154692,8719.090842934665,8820.191327222648,151604000
2012-02-16,8558.0908203125,8651.691310123355,8476.791099118895,8649.191312690824,305249000
2012-02-17,8656.9912109375,8708.090768433367,8612.891646334849,8647.791024965543,258808000
2012-02-20,8818.0908203125,8818.0908203125,8715.49131319926,8726.5909115112,161960000
2012-02-21,8767.0908203125,8864.391504017965,8695.891672940083,8825.191348003864,190679000
2012-02-22,8656.9912109375,8778.090697365516,8654.491213475638,8775.290895520533,179455000
2012-02-23,8527.69140625,8672.290866593612,8482.29106241685,8637.89148798482,249965000
2012-02-24,8527.69140625,8568.191364508732,8456.391675047546,8553.090794134629,193668000
2012-02-27,8537.19140625,8549.691393381228,8429.090931602243,8483.291071115545,169653000
2012-02-28,8526.69140625,8594.991140536145,8461.291083037728,8558.19137378076,197819000
2012-02-29,8465.8916015625,8628.391432859516,8438.291044279162,8538.491135566603,234671000
2012-03-01,8547.69140625,8567.790994957837,8401.89175147927,8441.991319622362,199094000
2012-03-02,8563.3916015625,8602.191366427745,8520.09086475434,8566.791012136004,151559000
2012-03-05,8453.4912109375,8540.590729755464,8420.991244727591,8514.191343140305,167063000
2012-03-06,8166.591796875,8426.391825774814,8166.591796875,8423.791242480629,287919000
2012-03-07,8161.79150390625,8202.19185344291,8081.59187844037,8164.69189158147,289619000
2012-03-08,8307.3916015625,8307.3916015625,8147.891282029558,8221.291106717688,239945000
2012-03-09,8282.69140625,8339.991150134676,8233.29106804548,8321.590779034974,240617000
2012-03-12,8180.19189453125,8296.391971930694,8159.491720224079,8276.691796608782,283676000
2012-03-13,8376.791015625,8378.49120915363,8219.191571605845,8243.49135079763,202583000
2012-03-14,8391.0908203125,8499.691292498837,8373.391620101136,8423.391567729795,261394000
2012-03-15,8426.69140625,8429.791012392103,8322.090929411088,8401.39162795024,251306000
2012-03-16,8486.291015625,8486.291015625,8379.391712275727,8449.99124853236,424100000
2012-03-19,8591.791015625,8591.791015625,8443.491362642182,8478.291131730894,197670000
2012-03-20,8567.4912109375,8606.191366548986,8508.291076356161,8576.69139681188,185873000
2012-03-21,8490.8916015625,8625.491071611359,8432.291076283374,8602.790899796182,228467000
2012-03-22,8353.5908203125,8463.39148603794,8311.291060129843,8449.090719834203,255496000
2012-03-23,8281.791015625,8386.790904193718,8192.590914976234,8360.391518147604,249692000
2012-03-26,8224.69140625,8310.79092361741,8114.891230615817,8310.79092361741,199200000
2012-03-27,8140.29150390625,8345.691685081505,8130.991708701895,8284.891942392444,256270000
2012-03-28,7980.79150390625,8180.09158958398,7963.69191231645,8136.591634828064,244326000
2012-03-29,7910.9921875,8022.492077388288,7866.39213388853,7965.192329287152,280010000
2012-03-30,8007.99169921875,8015.091789515315,7903.091905610157,7945.6919591088035,259621000
2012-04-02,8042.79150390625,8042.79150390625,7866.791685551639,8024.691913211423,244563000
2012-04-03,7824.4921875,8072.59203743665,7824.4921875,8032.192175430842,224107000
2012-04-04,7660.6923828125,7833.692206384437,7634.292019111025,7809.291840643331,347351000
2012-04-05,7660.4921875,7712.79193884996,7545.092402845923,7681.791970465064,194453000
2012-04-10,7433.5927734375,7633.4924788227645,7433.5927734375,7582.492529072328,290368000
2012-04-11,7576.6923828125,7588.1923709546,7412.892258741786,7448.692514796077,290566000
2012-04-12,7519.9921875,7619.3919865775615,7400.792116024139,7610.692288584405,308033000
2012-04-13,7250.5927734375,7485.492438496301,7218.392610652138,7468.692650779182,345668000
2012-04-16,7209.0927734375,7331.392453872249,7186.592796296792,7231.99265251567,253824800
2012-04-17,7373.29248046875,7373.29248046875,7136.792715394466,7157.792694534254,286424800
2012-04-18,7079.19287109375,7363.992381124225,7079.19287109375,7354.49239095303,386705000
2012-04-19,6908.09326171875,7151.093021257148,6906.993165151106,7122.093049954212,380127200
2012-04-20,7040.5927734375,7058.792461535899,6858.292670112702,6936.692979179084,405539800
2012-04-23,6846.59326171875,6993.792821779535,6811.193394719772,6986.693219493088,323957800
2012-04-24,6999.892578125,7010.392567138515,6848.693029298831,6868.592910820678,280715200
2012-04-25,7118.892578125,7202.892491702325,7033.992763129782,7036.292565451148,304911800
2012-04-26,7027.0927734375,7159.792342158256,6955.092848481792,7151.692741225333,286928200
2012-04-27,7145.79248046875,7184.792440494984,6840.7927930841015,6906.19311667577,260329200
2012-04-30,7010.99267578125,7208.292274354511,7001.992685183328,7182.492496619431,200836800
2012-05-02,6831.89306640625,7117.592975849708,6776.493219495143,7100.892797247273,328073200
2012-05-03,6851.89306640625,6991.993024288784,6828.09328546311,6868.693342613846,271072800
2012-05-04,6875.9931640625,6989.593148780535,6820.393121682398,6855.993183945971,238106800
2012-05-07,7063.19287109375,7078.192855539429,6743.1932029192585,6766.193179069301,205943600
2012-05-08,7006.892578125,7175.692694649061,6967.692912068679,7050.892532132389,265161800
2012-05-09,6812.693359375,7022.292758435471,6732.593342092059,7016.992959065853,371381800
2012-05-10,7045.69287109375,7079.392543093134,6843.892787902517,6905.392723971404,350192400
2012-05-11,6995.5927734375,7027.292447279948,6789.292696460009,6958.092812699064,307603000
2012-05-14,6809.39306640625,6906.993066082036,6762.793015531708,6896.593174178718,219614600
2012-05-15,6700.693359375,6892.8928703274605,6643.993221907051,6848.392915725584,255003200
2012-05-16,6611.4931640625,6758.892914002632,6536.193437230972,6621.292958617526,325322000
2012-05-17,6537.89306640625,6652.593141789816,6434.693467279183,6635.292866910012,251827000
2012-05-18,6566.693359375,6626.893003738331,6380.193553521573,6400.193532701565,393737600
2012-05-21,6523.9931640625,6605.493078665671,6455.093333913021,6571.493114291342,211506000
2012-05-22,6661.29296875,6682.993141793396,6520.193504173783,6565.393164820337,205436400
2012-05-23,6440.49365234375,6603.293296578304,6420.393574497843,6579.093613397908,254664600
2012-05-24,6534.39306640625,6589.2929113166765,6357.093447200264,6495.693399860551,239097200
2012-05-25,6542.9931640625,6612.792895825179,6458.393154793989,6542.292969481544,181672000
2012-05-28,6401.19384765625,6620.593532435306,6392.093759023978,6585.19366519535,225608000
2012-05-29,6251.69384765625,6449.093549570248,6221.393585452866,6432.79327315198,280790600
2012-05-30,6090.3935546875,6303.193625867348,6073.6938650613465,6184.793358643929,331142800
2012-05-31,6089.79345703125,6167.89347328046,6011.993733437781,6134.393508198929,402042000
2012-06-01,6064.99365234375,6152.693755868831,5994.093824204157,6109.693800872825,347827200
2012-06-04,6239.49365234375,6273.293422645555,5987.793713094447,5998.893799458189,205104800
2012-06-05,6267.79345703125,6332.69378192898,6231.293493996287,6293.193821932239,205623000
2012-06-06,6418.8935546875,6465.893508209155,6276.193988772126,6312.593855119979,277318600
2012-06-07,6438.09375,6538.3934557967295,6421.493668710647,6449.09373915453,270686000
2012-06-08,6551.9931640625,6578.493136414096,6323.593500016592,6391.793135892632,242093600
2012-06-11,6516.39306640625,6940.29252406378,6498.093280915902,6897.592861826056,362914400
2012-06-12,6522.4931640625,6593.292894547924,6439.293055948365,6509.693372789897,254535200
2012-06-13,6615.29296875,6638.99313957184,6490.693488130335,6529.293057618327,214979800
2012-06-14,6695.9931640625,6696.393065997991,6558.593401990128,6581.993280444949,219611400
2012-06-15,6718.9931640625,6829.792856021835,6658.99322510674,6743.993138627399,506761600
2012-06-18,6519.89306640625,6862.592902406927,6503.29298615475,6855.792616568099,277028000
2012-06-19,6693.89306640625,6717.393042407604,6479.393285457717,6546.493314590075,212727600
2012-06-20,6796.09326171875,6806.893055543139,6668.193488024626,6715.69344024619,217636600
2012-06-21,6773.4931640625,6914.892923702936,6675.393165410625,6729.493208468088,247857200
2012-06-22,6876.29296875,6959.9930808536055,6697.093439866596,6716.893224870511,276895400
2012-06-25,6623.9931640625,6857.492923091575,6612.292980824547,6844.593034060465,235446800
2012-06-26,6528.39306640625,6708.292780375436,6512.292985608536,6590.292903934139,218002400
2012-06-27,6666.89306640625,6666.89306640625,6512.9933218644965,6576.793061134564,250549200
2012-06-28,6721.693359375,6724.493161215112,6593.493294441496,6666.193415818239,205109200
2012-06-29,7102.19287109375,7102.19287109375,6872.492912661995,6939.1930391892165,445205800
2012-07-02,7123.99267578125,7178.392522196198,7036.892667673031,7082.392620894261,272362400
2012-07-03,7219.49267578125,7219.49267578125,7122.192969804887,7143.492752883629,238493800
2012-07-04,7168.49267578125,7202.692836150636,7116.192924529644,7173.592768226615,164931600
2012-07-05,6954.193359375,7180.79274600393,6912.193400660751,7148.2927779512365,256422200
2012-07-06,6738.89306640625,6921.193174449652,6726.693371750378,6910.492989991426,329276800
2012-07-09,6688.29296875,6785.69325982459,6611.593340111528,6738.193308373106,285046400
2012-07-10,6726.89306640625,6812.193272692058,6638.193449512457,6723.5932650720415,204163200
2012-07-11,6805.89306640625,6829.693335469665,6678.993291522471,6693.093375016392,220999200
2012-07-12,6630.09326171875,6755.292839663356,6600.792998959947,6748.993041471244,233862400
2012-07-13,6664.59326171875,6687.4931405738735,6563.29307265458,6620.593306849927,195775000
2012-07-16,6532.09326171875,6659.193226362904,6485.093310904932,6631.292864936067,204862400
2012-07-17,6558.193359375,6642.593173744544,6529.693389081965,6573.193343739756,202328000
2012-07-18,6591.193359375,6607.792951534032,6497.193456865306,6595.093257674041,267875800
2012-07-19,6632.59326171875,6682.493112632803,6579.4932187905015,6625.193367001763,205900400
2012-07-20,6246.29345703125,6668.093321355306,6232.593763922007,6623.393171468336,420760000
2012-07-23,6177.3935546875,6240.493587504539,5905.293736630743,6156.993673305898,381197000
2012-07-24,5956.2939453125,6254.593944835094,5950.793950723,6252.093947294413,235090000
2012-07-25,6004.89404296875,6093.094152218529,5939.394106881399,5950.3940961479775,201585200
2012-07-26,6368.79345703125,6368.79345703125,5954.994064769796,5958.194256892724,352307200
2012-07-27,6617.59326171875,6617.59326171875,6244.193745094651,6403.093483295844,282898400
2012-07-30,6801.79296875,6805.493160343734,6589.193573041631,6625.69353635844,284309200
2012-07-31,6738.09326171875,6913.693181225184,6691.093309401192,6803.99309720573,212508200
2012-08-01,6719.9931640625,6787.193291015426,6569.193512776495,6715.193364257614,164431600
2012-08-02,6373.3935546875,6864.593260783877,6364.79346559661,6690.193532135588,326798600
2012-08-03,6755.693359375,6755.693359375,6296.093726777508,6377.0936448154725,247045200
2012-08-06,7053.5927734375,7061.892569506765,6738.392905418176,6751.792793847923,227925200
2012-08-07,7211.0927734375,7218.692863374431,7012.992876988892,7018.693066511779,263132800
2012-08-08,7150.19287109375,7232.192787098068,7039.792593556019,7184.492640646671,190321600
2012-08-09,7110.19287109375,7235.792351088566,7026.592859553979,7189.192789715833,195991200
2012-08-10,7047.69287109375,7079.892544661928,6962.192959948367,7068.692849269809,141567600
2012-08-13,7069.5927734375,7119.792428461051,6991.892658623645,7036.792514450378,104720800
2012-08-14,7124.79248046875,7153.092744345098,7074.292532382215,7109.092789576633,113792800
2012-08-15,7128.892578125,7146.6928528057615,7066.792544270277,7111.292498551058,71586400
2012-08-16,7417.29248046875,7419.292478493849,7123.292770779291,7140.792753498901,230811800
2012-08-17,7560.9921875,7612.092232356421,7452.492299609014,7463.1924838654,276573200
2012-08-20,7469.59228515625,7644.992004048179,7387.392175817432,7556.992096087913,201818400
2012-08-21,7544.4921875,7558.392075450087,7430.392207996975,7468.892168129357,128242400
2012-08-22,7340.69287109375,7515.992500875031,7326.392592393186,7495.192716940635,159613400
2012-08-23,7282.892578125,7426.992530863614,7176.892684726381,7391.49256656502,145116800
2012-08-24,7310.29248046875,7323.092760612835,7182.992803323436,7259.7925310649025,107758000
2012-08-27,7398.892578125,7398.892578125,7216.792660730812,7293.792584508015,102652600
2012-08-28,7333.49267578125,7404.092702926754,7284.192920331161,7391.692812967213,108404800
2012-08-29,7305.99267578125,7365.392518576974,7274.292512247995,7339.192837810764,137264000
2012-08-30,7194.99267578125,7304.692759423392,7178.7924969598935,7278.092688844965,124946200
2012-08-31,7420.49267578125,7424.692866948052,7161.392833863265,7173.693114691318,302455200
2012-09-03,7434.19287109375,7442.092765654469,7351.192952865849,7398.492710953297,107274400
2012-09-04,7488.1923828125,7542.791935223285,7444.192428718057,7460.592313951656,173196000
2012-09-05,7493.9921875,7562.392018536806,7421.592360633196,7468.692409187563,161515200
2012-09-06,7861.9921875,7864.892086962105,7532.99251442858,7536.192706561033,304454200
2012-09-07,7882.7919921875,8026.9920445858,7834.392137812016,7882.092285849717,306828600
2012-09-10,7857.6923828125,7890.791959278291,7796.892150294299,7839.392108038774,167640800
2012-09-11,7930.39208984375,7933.392086888351,7729.992384920592,7820.092393816247,168453000
2012-09-12,7992.091796875,8076.591709111332,7928.691960379865,7972.491719575868,234365200
2012-09-13,7935.89208984375,7968.291960291402,7865.092354855147,7957.592263793483,161497000
2012-09-14,8154.49169921875,8230.991621346438,8087.491767420644,8101.891655106177,288950200
2012-09-17,8147.99169921875,8156.591788113644,8049.591897119976,8087.591858407447,168226400
2012-09-18,8058.29150390625,8099.691851885084,7949.091909360623,8084.991671715122,163760600
2012-09-19,8098.79150390625,8149.391549700453,8031.49176819699,8094.891605559665,177132600
2012-09-20,8022.091796875,8087.991631029539,7961.39166437137,8034.291491282735,168749800
2012-09-21,8230.69140625,8230.69140625,8035.891321296596,8063.491389480387,340749200
2012-09-24,8138.3916015625,8182.091752302877,8082.891658169863,8165.891573513807,107284400
2012-09-25,8174.99169921875,8197.892066591012,8117.4917576034495,8125.591847034973,125007600
2012-09-26,7854.39208984375,8082.49196061672,7840.392103769066,8080.592060162738,252681200
2012-09-27,7842.2919921875,7914.791919962991,7790.592336659504,7895.992134003859,145562200
2012-09-28,7708.4921875,7939.192148999789,7678.692413014352,7908.692179911283,175962800
2012-10-01,7784.09228515625,7838.492132901621,7702.992268895987,7712.792063747928,156295600
2012-10-02,7867.09228515625,7913.692336535822,7710.192538623469,7727.9923256347,141834000
2012-10-03,7826.6923828125,7900.791918222331,7802.29201654362,7840.6923688379,186837800
2012-10-04,7812.7919921875,7913.291891691356,7784.392118242562,7866.092231858002,125260000
2012-10-05,7954.3916015625,7972.791484705108,7825.491833731712,7848.391712178363,142985800
2012-10-08,7890.9921875,7913.092263276005,7855.192418256166,7910.492168193987,112256000
2012-10-09,7745.39208984375,7901.492030047573,7734.892100434714,7893.692233227449,182717200
2012-10-10,7667.9921875,7765.092186226345,7664.492191065956,7705.692344401862,164971000
2012-10-11,7734.6923828125,7777.692339379983,7565.492358402103,7615.39221034403,148864200
2012-10-12,7652.39208984375,7791.492045489712,7652.39208984375,7723.992114401917,112345200
2012-10-15,7678.4921875,7723.392044160285,7624.692437551183,7653.892114873152,111705600
2012-10-16,7940.1923828125,7941.791990613617,7741.5924805623135,7746.9923775930065,218384000
2012-10-17,8128.19189453125,8131.891597784239,7986.991843416961,8005.791628905492,279964400
2012-10-18,8100.29150390625,8156.591739181282,8035.491765622342,8143.791459329631,189465000
2012-10-19,7913.39208984375,8070.592129960438,7880.892121929359,8053.791853577769,197259000
2012-10-22,7877.09228515625,7955.692304857002,7841.492222808141,7911.192348992057,139769000
2012-10-23,7747.6923828125,7886.592145094624,7699.792040488517,7863.891972672178,153870800
2012-10-24,7791.4921875,7819.692354536298,7653.192521485056,7773.092303605745,141521000
2012-10-25,7779.1923828125,7851.291919779259,7766.292005143112,7780.592283750355,127757800
2012-10-26,7775.59228515625,7803.69235457905,7665.592395678266,7708.392157362851,162980000
2012-10-29,7728.59228515625,7779.692331157671,7684.492232078838,7749.392068818147,122887000
2012-10-30,7833.89208984375,7843.992177427493,7755.892167630677,7763.592355264016,93858400
2012-10-31,7842.89208984375,7939.891993219732,7830.892101797237,7831.392101299175,164282800
2012-11-01,7886.39208984375,7928.791950184908,7790.292087387087,7807.092363712973,90289200
2012-11-02,7968.8916015625,7995.891573438029,7834.591936767999,7905.391667707089,119302600
2012-11-05,7818.59228515625,7894.692306771776,7793.292017468054,7891.592212213205,108850800
2012-11-06,7837.59228515625,7868.29196158611,7800.892126426413,7812.292017406768,112424600
2012-11-07,7660.6923828125,7918.592022145959,7638.492210140101,7899.69213907662,190265000
2012-11-08,7624.09228515625,7717.992091279728,7606.392107981336,7696.3920157573375,134221400
2012-11-09,7636.59228515625,7673.992149238636,7495.992331338652,7613.292016024488,158789000
2012-11-12,7567.7919921875,7633.291924569597,7548.092305492935,7632.0922187768465,112765200
2012-11-13,7693.39208984375,7715.492165057774,7490.592491095561,7521.892263998709,179054200
2012-11-14,7672.9921875,7756.492102481918,7642.792022936755,7695.592262145268,215127000
2012-11-15,7695.4921875,7744.291942645758,7610.392176237683,7615.392171161665,135767000
2012-11-16,7588.1923828125,7724.992046656526,7588.1923828125,7693.992078572856,207278400
2012-11-19,7763.7919921875,7775.092273785073,7601.692545928916,7661.792094827319,180508600
2012-11-20,7778.6923828125,7787.192374275566,7695.492271061715,7722.392146388678,122783400
2012-11-21,7805.39208984375,7825.392069825557,7716.792080868192,7751.792045836354,129036000
2012-11-22,7875.59228515625,7894.392071194571,7808.992253566491,7828.492234222727,137975000
2012-11-23,7909.59228515625,7915.592279229907,7825.092368618908,7887.192404937416,142357800
2012-11-26,7874.7919921875,7892.992169443792,7842.592317101215,7882.79198425079,126452600
2012-11-27,7863.6923828125,7955.192291908253,7819.692426526018,7936.592212730996,251031000
2012-11-28,7837.59228515625,7854.892072599348,7753.692466443711,7839.39208804971,242358600
2012-11-29,7973.69189453125,7975.491697345117,7883.7915974943535,7887.39169140283,250039600
2012-11-30,7934.59228515625,7989.592231002607,7922.692394529283,7967.892057056373,301074800
2012-12-03,7889.1923828125,8027.791854935381,7874.0923001095425,7963.392016365426,216205000
2012-12-04,7902.39208984375,7945.692340004804,7870.892120985397,7871.892119996773,135636800
2012-12-05,7883.1923828125,7976.692290151051,7844.692420967213,7948.492122785834,210381200
2012-12-06,7910.7919921875,7947.7919556472625,7841.792060330104,7905.79199712537,241408400
2012-12-07,7848.4921875,7942.592191487777,7813.092320393778,7915.692315920543,325544600
2012-12-10,7804.39208984375,7804.39208984375,7670.792125926259,7796.092293464669,251311200
2012-12-11,7920.89208984375,7926.992181483384,7806.192495942507,7813.592390987625,251448000
2012-12-12,7986.79150390625,7988.291502347281,7927.291565745346,7935.091850607154,229127600
2012-12-13,8017.091796875,8036.9916786147,7977.291545114856,8005.891613159009,198052000
2012-12-14,8024.091796875,8045.291481975551,8003.591818081866,8025.891599700636,176921200
2012-12-17,8040.29150390625,8049.291494614677,7974.991766634071,8017.791527135182,183125000
2012-12-18,8168.79150390625,8171.591794029463,8062.891709173403,8068.59189869361,295580600
2012-12-19,8264.19140625,8321.991149466809,8185.391197086177,8192.29109209181,436319400
2012-12-20,8264.19140625,8297.891565721993,8216.791066035807,8226.69144613164,437325800
2012-12-21,8290.9912109375,8290.9912109375,8203.791108063544,8223.491282492405,620088200
2012-12-24,8299.4912109375,8304.291010542069,8255.991257003434,8261.59086044852,82703400
2012-12-27,8280.8916015625,8345.39153310442,8231.191459000076,8236.491258062546,203332600
2012-12-28,8130.99169921875,8308.691713120545,8103.8916292284675,8276.591159953914,253633200
2012-12-31,8167.49169921875,8167.49169921875,8041.692022383917,8111.891658069907,105477400
2013-01-02,8447.5908203125,8447.5908203125,8286.691573653176,8337.891715695903,280533400
2013-01-03,8403.3916015625,8422.590800232161,8334.29108789686,8374.991240641286,182282600
2013-01-04,8435.791015625,8446.99119926828,8386.691457405734,8411.691431358819,230118600
2013-01-07,8418.9912109375,8485.590750785463,8406.291028883441,8434.290999652683,289121800
2013-01-08,8452.9912109375,8493.491168827359,8374.691487662738,8388.191473626024,335514800
2013-01-09,8606.3916015625,8614.191398284653,8485.391725130603,8491.791132657867,445024000
2013-01-10,8618.8916015625,8649.290984625413,8548.391673454375,8607.291027454616,493389400
2013-01-11,8664.69140625,8677.391588680022,8579.991296853375,8637.991238020917,252442200
2013-01-14,8632.0908203125,8721.090729694157,8601.291046984858,8699.191337929282,250463600
2013-01-15,8600.9912109375,8607.491204295377,8520.59090247086,8549.59087283677,271883200
2013-01-16,8581.0908203125,8603.99118748212,8525.491267884567,8588.891593572667,291650800
2013-01-17,8628.8916015625,8664.8915648943,8565.891665731851,8568.391663185448,234678400
2013-01-18,8603.9912109375,8679.790938194825,8600.69140962078,8662.29095607123,305696200
2013-01-21,8665.8916015625,8665.8916015625,8608.891659372599,8628.291053759976,194477600
2013-01-22,8632.0908203125,8675.391557474353,8588.49125532991,8654.991187620697,223749600
2013-01-23,8613.291015625,8650.391563704841,8585.491239304587,8637.891576459915,229704400
2013-01-24,8665.5908203125,8672.991203431673,8576.391692032583,8597.191475623933,199089000
2013-01-25,8724.5908203125,8734.090810742307,8616.291124724992,8642.590902918368,180051600
2013-01-28,8672.4912109375,8755.89151704117,8672.4912109375,8755.89151704117,170355600
2013-01-29,8642.9912109375,8690.891552852616,8606.791052436962,8674.391569631458,179377600
2013-01-30,8571.8916015625,8689.1912859785,8556.090836513582,8647.090743208171,187322400
2013-01-31,8362.291015625,8543.691215591998,8362.291015625,8542.491021540945,306581000
2013-02-01,8229.69140625,8301.290939158856,8159.491285909114,8233.391597610807,598095600
2013-02-04,7919.59228515625,8227.69207887897,7916.791994949924,8224.99188623015,395048000
2013-02-05,8093.591796875,8126.791469856692,7895.491902389843,7901.491896236254,340040400
2013-02-06,8056.19189453125,8160.991591237291,8012.991743730476,8115.391540565528,323687200
2013-02-07,8014.591796875,8160.091646179562,8005.591806196367,8081.491629930021,267892800
2013-02-08,8174.8916015625,8183.291495377002,8008.692063290186,8025.391753364579,231593600
2013-02-11,8078.591796875,8181.4915934888495,8055.991722440405,8181.4915934888495,176146200
2013-02-12,8234.69140625,8240.791009114762,8045.091510957779,8068.991387792678,243712000
2013-02-13,8306.19140625,8343.391562199755,8211.891701344213,8257.691457569439,267526200
2013-02-14,8247.3916015625,8328.691319610693,8155.491308873607,8271.99118472227,264982800
2013-02-15,8150.19189453125,8251.1917916652,8150.19189453125,8237.291415197411,242670000
2013-02-18,8108.8916015625,8145.391564198798,8037.291577200624,8110.891599515174,0
2013-02-19,8225.291015625,8230.791009748029,8086.991358716384,8089.991355510764,256625000
2013-02-20,8162.99169921875,8274.39197656306,8146.891617934348,8235.09123527719,174829600
2013-02-21,8014.49169921875,8117.591690092125,7981.991732879664,8117.491592539547,273812400
2013-02-22,8178.99169921875,8178.99169921875,8051.091926679268,8059.2916253887215,218057800
2013-02-25,8244.4912109375,8400.090654435286,8135.191522769232,8232.691418829201,329551400
2013-02-26,7980.69189453125,8099.791380029926,7911.091869266541,7943.191933535259,407966800
2013-02-27,8136.69189453125,8136.69189453125,7966.391775296992,8015.891724798797,290260000
2013-02-28,8230.291015625,8252.2909921314,8142.791109065456,8185.791063146146,351215800
2013-03-01,8187.091796875,8285.791403836058,8105.191977568365,8220.491665355077,335826000
2013-03-04,8246.291015625,8271.691379177782,8129.191531056981,8135.091427112504,232940000
2013-03-05,8423.291015625,8429.491204468075,8313.090935297889,8325.391703712974,255574000
2013-03-06,8358.8916015625,8484.991078348607,8356.291018359416,8436.191324972227,188364600
2013-03-07,8389.0908203125,8454.691337521808,8379.891611200304,8393.391597056672,176284000
2013-03-08,8628.0908203125,8638.291005234514,8439.791207437662,8444.091007745143,328120200
2013-03-11,8554.3916015625,8610.191348919509,8495.59088072629,8604.991158949855,174802200
2013-03-12,8532.291015625,8598.09075253258,8506.691432619979,8528.991214336605,186354400
2013-03-13,8498.291015625,8516.691387220055,8434.891667131074,8502.691401699052,210766000
2013-03-14,8657.8916015625,8670.391588873132,8529.590950556963,8532.791142620787,278296400
2013-03-15,8619.0908203125,8649.891570154348,8544.491287008164,8645.191379634729,417423800
2013-03-18,8507.791015625,8527.590799858126,8351.791176782264,8383.191534968797,265680000
2013-03-19,8320.9912109375,8532.391378270679,8250.491285403179,8499.891412598829,356447000
2013-03-20,8416.291015625,8494.391520002795,8326.991304192445,8394.291038599393,244362000
2013-03-21,8351.19140625,8447.79091396057,8260.791110765178,8412.59075569385,284508000
2013-03-22,8329.4912109375,8395.090751093572,8258.891676057294,8321.791023750038,238206400
2013-03-25,8140.591796875,8461.891762221288,8100.291544999524,8434.591008809262,363679400
2013-03-26,7990.49169921875,8183.691693828847,7968.191917696985,8175.091605106647,358732400
2013-03-27,7900.39208984375,8040.192244567626,7822.492264533188,8037.992051430842,478772600
2013-03-28,7919.9921875,7971.992136205808,7797.192503945514,7892.892116576011,274669000
2013-04-02,8050.3916015625,8058.991690351174,7888.091964222609,7917.591933805108,281994600
2013-04-03,7904.2919921875,8037.5921534040945,7880.192406632219,8015.291882476644,247912000
2013-04-04,7847.89208984375,8040.491995768672,7821.692408894027,7966.391971878274,319341000
2013-04-05,7798.39208984375,7934.992050652919,7716.092367604859,7880.392007695488,274021600
2013-04-08,7787.09228515625,7878.592193357796,7774.392102585371,7809.791969413751,196775000
2013-04-09,7872.4921875,7897.291967576706,7811.592345592006,7846.592310858757,234157400
2013-04-10,8136.3916015625,8178.991655757994,7910.192125300916,7917.592020095262,425646200
2013-04-11,8159.49169921875,8178.89158182669,8063.091894944061,8127.891633709752,214751600
2013-04-12,8040.3916015625,8103.3915365223,8010.991729570743,8084.891555621407,231794200
2013-04-15,8014.091796875,8093.69181208369,7941.391676863333,8051.691855586117,233258200
2013-04-16,7948.6923828125,8033.692299268967,7934.4922014568765,7976.791964569375,208225200
2013-04-17,7802.9921875,7992.391900213257,7743.5923446284705,7984.692200891088,308068600
2013-04-18,7812.4921875,7923.891978443848,7764.192431112305,7843.492156499999,245637600
2013-04-19,7915.4921875,7955.791952412094,7851.092348718153,7887.992214642158,290492000
2013-04-22,8027.69189453125,8058.291472265723,7927.591900380237,7983.791549300015,184179200
2013-04-23,8289.291015625,8310.191384089523,8031.49148428008,8046.391370825611,372071000
2013-04-24,8389.291015625,8412.391577361137,8287.491317588217,8300.19149959534,329226800
2013-04-25,8365.0908203125,8388.790990723623,8270.19150595914,8359.99121629557,251465400
2013-04-26,8296.9912109375,8329.691371610485,8251.491259135926,8323.391573596406,251945800
2013-04-29,8450.8916015625,8463.891588042306,8324.691537500086,8324.691537500086,305490000
2013-04-30,8418.9912109375,8524.191296425663,8397.791037757064,8488.790942757101,263763800
2013-05-02,8406.3916015625,8563.491046686664,8286.590945566651,8393.891614631504,297681800
2013-05-03,8544.791015625,8566.090798403817,8410.291153969834,8445.691508182483,249998400
2013-05-06,8503.791015625,8553.790963947735,8472.590852559317,8551.191357259548,111252600
2013-05-07,8543.9912109375,8589.391554859916,8500.090865472059,8541.891603722332,245774800
2013-05-08,8596.9912109375,8614.491193046539,8499.991310104542,8543.991265121555,263525000
2013-05-09,8572.69140625,8607.99117474678,8536.391638778457,8597.790989891913,240239200
2013-05-10,8544.4912109375,8669.19127798061,8511.691439988608,8582.991171335545,278400000
2013-05-13,8457.791015625,8574.590698938051,8404.991265805289,8554.19130607394,227580600
2013-05-14,8474.5908203125,8489.79099986078,8366.691518153186,8481.19139940449,259973000
2013-05-15,8582.4912109375,8595.590806897611,8438.590967676268,8464.691526884995,260686000
2013-05-16,8542.291015625,8589.691357480348,8521.891622551195,8569.891573164612,175163400
2013-05-17,8582.3916015625,8589.991203154894,8518.391667103604,8528.09087592083,333373600
2013-05-20,8515.19140625,8613.790913854271,8445.391673607177,8585.391529104556,192352800
2013-05-21,8464.4912109375,8537.991134619218,8398.191475092002,8500.191369180919,216784400
2013-05-22,8462.3916015625,8505.491166174177,8381.191490584652,8469.491203563835,246352400
2013-05-23,8343.5908203125,8356.590806618433,8243.491316381405,8267.691486201666,282410000
2013-05-24,8264.5908203125,8394.590682062835,8216.491262089461,8388.79088354319,189939000
2013-05-27,8363.5908203125,8363.5908203125,8297.791084772092,8301.391666925841,101407000
2013-05-28,8511.291015625,8583.590745653222,8398.191523040568,8408.491317092134,298979200
2013-05-29,8441.69140625,8495.790959299278,8424.191424470097,8466.191380741864,271570400
2013-05-30,8433.4912109375,8487.090764453093,8395.191446164552,8404.39163188897,237142600
2013-05-31,8320.5908203125,8441.391473960444,8304.590837213325,8441.391473960444,306736400
2013-06-03,8284.3916015625,8368.590730984104,8191.891211416605,8266.590839197654,231561400
2013-06-04,8362.9912109375,8418.391543339674,8337.491237736625,8341.391624262526,204150400
2013-06-05,8290.69140625,8429.991063264244,8283.291023470236,8308.391582798327,261977400
2013-06-06,8216.69140625,8418.290799982282,8216.69140625,8308.590722011519,278270200
2013-06-07,8266.5908203125,8308.691361488587,8165.0914165082,8229.19144601312,297871400
2013-06-10,8227.3916015625,8321.691305512606,8184.591354315901,8270.790969262825,276422600
2013-06-11,8089.29150390625,8182.491603581989,7980.091908929554,8179.591704213954,392860200
2013-06-12,8123.79150390625,8245.291379759305,8054.491770028289,8067.991756234184,276164800
2013-06-13,8071.69189453125,8098.091769725848,7958.591913184965,8039.491732332811,291659000
2013-06-14,8070.8916015625,8140.591725189552,8052.991717628491,8101.791472126234,243709200
2013-06-17,8136.29150390625,8194.091249625479,8072.391666754187,8132.691898203629,221823400
2013-06-18,8180.19189453125,8210.991667964938,8099.291585999161,8134.391648037917,207778000
2013-06-19,8098.29150390625,8182.091710979452,8079.091816554756,8178.691812120612,186335000
2013-06-20,7822.09228515625,8013.991995835617,7786.892125000743,7973.492036285911,320728200
2013-06-21,7700.1923828125,7876.992008121745,7700.092285257808,7859.692220986351,448845600
2013-06-24,7553.1923828125,7734.791804353614,7508.392136182028,7682.092151831241,273348600
2013-06-25,7607.6923828125,7674.592216455398,7581.292019298591,7645.992148169162,251344200
2013-06-26,7822.9921875,7847.992162533555,7588.692616797828,7636.592471305968,283593200
2013-06-27,7844.39208984375,7879.592250099199,7709.892223796795,7826.69240044023,246997000
2013-06-28,7762.6923828125,7936.891914526505,7724.39212838975,7872.4920769958,235237600
2013-07-01,7907.09228515625,7946.092246622844,7745.492347166723,7816.992276522145,217103200
2013-07-02,7886.59228515625,7934.492140050151,7855.592315864983,7934.492140050151,247288200
2013-07-03,7763.7919921875,7770.592278313301,7612.792144134682,7763.291992690636,276478400
2013-07-04,8001.99169921875,8035.691859572746,7780.79173336569,7802.39180861533,242192600
2013-07-05,7868.39208984375,8030.592124108382,7846.99220874787,7994.592159852626,221456600
2013-07-08,8017.591796875,8068.091744591343,7895.192021254309,7921.991798195437,231503200
2013-07-09,8014.79150390625,8111.49159906813,7965.791554654652,8058.091752029681,188744800
2013-07-10,7994.99169921875,8014.491678972941,7895.991802005159,7975.591817016882,165098400
2013-07-11,8030.69189453125,8086.591739095124,7980.491751107232,8083.191840265619,175152800
2013-07-12,7844.6923828125,8036.491996487478,7800.7920359076925,8034.891900424757,221675400
2013-07-15,7855.09228515625,7918.892026389947,7782.592357263065,7832.392112420837,156704800
2013-07-16,7798.1923828125,7891.592191585078,7736.592346869305,7867.992117572201,189287800
2013-07-17,7812.6923828125,7858.092239757511,7702.692492809681,7813.992186200228,176349800
2013-07-18,7957.29150390625,7964.691886811417,7781.491882607054,7789.591971813562,192536000
2013-07-19,7943.1923828125,7978.892054731458,7887.492242283684,7938.592289680656,156177600
2013-07-22,7965.99169921875,8016.891548523465,7917.091847829983,7954.891613129093,140787400
2013-07-23,8073.69189453125,8137.991633110448,8011.891665100989,8014.891662016611,205390000
2013-07-24,8192.4912109375,8199.09081323232,8095.191510634994,8120.191483814541,253079800
2013-07-25,8282.0908203125,8287.291010106492,8152.291153370095,8198.491299654399,229578800
2013-07-26,8353.5908203125,8395.891557056631,8303.191459276673,8307.791063812292,230054800
2013-07-29,8376.0908203125,8411.790978164694,8349.090848643667,8374.590821886453,168772600
2013-07-30,8456.4912109375,8467.391590233437,8363.29111249041,8402.491267061117,185393200
2013-07-31,8433.3916015625,8480.090771643834,8375.891661487449,8440.69139864234,191524600
2013-08-01,8540.19140625,8543.39159826905,8431.6915179117,8466.291091678855,194874800
2013-08-02,8573.9912109375,8578.291011217343,8489.491297557022,8564.791025055965,158458500
2013-08-05,8560.791015625,8617.290957618501,8549.590831811334,8585.090795364773,128491700
2013-08-06,8529.4912109375,8613.090734168858,8469.891662975793,8567.191367402544,151413900
2013-08-07,8574.0908203125,8577.691402559143,8447.991340198578,8508.090887967199,158511500
2013-08-08,8671.791015625,8675.49120718727,8581.090912239171,8587.491296377231,195763900
2013-08-09,8735.4912109375,8765.69137586463,8628.191514207723,8685.291066133002,204533100
2013-08-12,8717.69140625,8770.191353320239,8692.791040729222,8733.491195008359,156533300
2013-08-13,8758.4912109375,8778.79099525436,8695.491274157335,8737.59084128582,136741700
2013-08-14,8789.291015625,8789.291015625,8706.791098122772,8763.391627461215,143327600
2013-08-15,8737.5908203125,8796.691346801323,8633.89170587249,8777.090780579852,138968900
2013-08-16,8821.291015625,8828.090813537545,8710.391712056635,8739.291097325333,206850900
2013-08-19,8657.0908203125,8818.790851459959,8641.090836556394,8807.790862627635,170388200
2013-08-20,8502.3916015625,8613.191291714533,8422.590902803799,8613.191291714533,214205800
2013-08-21,8461.791015625,8557.991111016732,8426.991247083197,8526.290948630442,120911500
2013-08-22,8629.69140625,8671.090778148575,8476.191562584643,8485.19155341844,171806500
2013-08-23,8686.791015625,8712.391575660538,8574.991324053433,8655.391633331554,128811400
2013-08-26,8649.8916015625,8716.991142758372,8590.391662019752,8669.590800296355,81286900
2013-08-27,8393.9912109375,8643.290754591933,8378.491227167005,8596.490998906864,208051600
2013-08-28,8398.0908203125,8421.891576653703,8275.891729450548,8367.590852232388,192416400
2013-08-29,8432.0908203125,8458.09079321182,8353.991292343362,8433.691404581656,142640200
2013-08-30,8290.4912109375,8424.29087377893,8290.4912109375,8406.191283591988,171995200
2013-09-02,8429.5908203125,8476.191357662228,8369.791077974844,8370.19146818238,155566400
2013-09-03,8445.19140625,8513.590749128074,8331.090939058908,8438.491217910507,142579800
2013-09-04,8490.291015625,8517.891572990684,8358.590956647055,8473.291033223208,159255300
2013-09-05,8549.9912109375,8564.090805818658,8472.99129009046,8512.791053865332,213564800
2013-09-06,8654.9912109375,8678.790991456546,8523.991343966638,8534.291138194792,219660800
2013-09-09,8632.4912109375,8645.19139331947,8568.691471206905,8628.891605227394,152835800
2013-09-10,8801.5908203125,8813.89158927924,8678.291138749175,8698.090923665073,273337600
2013-09-11,8875.19140625,8882.590812984901,8761.391714257828,8789.491295805938,255352000
2013-09-12,8924.19140625,8951.391574774194,8861.590881965136,8878.19145155343,261211500
2013-09-13,8941.5908203125,8951.590810483092,8863.691482820506,8901.0908601216,188249600
2013-09-16,8999.4912109375,9056.29096015336,8960.291053908568,9017.4911933584,197762200
2013-09-17,8991.9912109375,9005.491197742176,8911.691484737545,8992.491210448785,177115400
2013-09-18,9062.4912109375,9072.391591960828,8995.491275915949,9019.39164336169,236025100
2013-09-19,9153.69140625,9198.691363042575,9096.090875618567,9193.090782482564,297735200
2013-09-20,9171.7900390625,9171.7900390625,9118.39068185674,9121.890678130136,288147700
2013-09-23,9109.4912109375,9187.790940079483,9057.491261108338,9163.790963235257,186866500
2013-09-24,9167.58984375,9171.690425319424,9076.390722148371,9109.690491363835,182432800
2013-09-25,9242.890625,9249.490227402155,9120.089973495678,9154.690522875784,205467800
2013-09-26,9272.390625,9285.890610781897,9176.390726106503,9253.589863550846,238809000
2013-09-27,9228.390625,9299.08976893508,9191.589882693112,9283.089785866508,237704000
2013-09-30,9186.08984375,9199.690415228892,9036.89078361178,9073.190549709425,204351100
2013-10-01,9341.490234375,9346.89061935442,9173.390800731708,9177.590015091837,216831300
2013-10-02,9349.990234375,9378.190400233752,9272.890705526832,9315.690465511996,196877500
2013-10-03,9295.6904296875,9383.390532866304,9260.390662084314,9367.58976821586,162512700
2013-10-04,9420.890625,9432.690417455922,9267.590002660285,9288.99037110182,220135600
2013-10-07,9381.890625,9389.190422089128,9321.589906517114,9380.39062656135,165528900
2013-10-08,9318.890625,9410.78994275766,9311.290047027438,9388.190357065638,226696600
2013-10-09,9438.990234375,9470.790006162302,9295.589992112586,9302.39076632647,215016900
2013-10-10,9660.490234375,9695.08980877388,9485.690606389466,9499.490397126992,313979500
2013-10-11,9668.490234375,9707.289999872932,9624.390669542612,9707.289999872932,204909400
2013-10-14,9695.990234375,9700.990229339095,9615.290120342186,9631.690494449029,161741800
2013-10-15,9805.2900390625,9805.2900390625,9699.190535357802,9733.58991516008,250630900
2013-10-16,9878.990234375,9890.69041812158,9723.990387596165,9733.089987975984,269117100
2013-10-17,9917.990234375,9918.39062460576,9817.089943100207,9854.89068713018,231677900
2013-10-18,10001.7900390625,10002.58984296908,9915.490318636988,9946.58989764674,234130300
2013-10-21,10037.7900390625,10063.890599607132,9965.990304227951,10019.589861456698,226982900
2013-10-22,10012.890625,10054.89058403722,9992.890644506087,10022.290029895212,207246200
2013-10-23,9828.2900390625,9965.089707822564,9792.290074832928,9960.28990790426,300665900
2013-10-24,9915.390625,9915.390625,9807.990340153072,9807.990340153072,224518100
2013-10-25,9815.490234375,9887.49016274085,9772.290082043184,9855.99019408079,240606900
2013-10-28,9736.1904296875,9863.990106188958,9674.990295760155,9839.99013026149,232987500
2013-10-29,9863.890625,9872.990225366051,9665.590040075083,9699.690592251744,256184900
2013-10-30,9778.6904296875,9980.190228456928,9744.08987830432,9862.890540912387,240984100
2013-10-31,9907.890625,9909.89062302872,9739.290205242018,9754.790189964591,258118400
2013-11-01,9838.2900390625,9929.089753620929,9816.49025601377,9906.58977595472,142497900
2013-11-04,9873.7900390625,9917.289996039077,9827.29008505306,9873.890624900516,162713200
2013-11-05,9795.6904296875,9923.890497193412,9731.890688603924,9915.990114444545,222791600
2013-11-06,9837.08984375,9887.390575064695,9781.19048518076,9804.190462347871,178254300
2013-11-07,9740.390625,10025.890338760644,9712.589871622777,9835.690334140898,359243400
2013-11-08,9747.1904296875,9778.589812291231,9613.589977603126,9684.890687417568,271391600
2013-11-11,9789.490234375,9819.589813723798,9669.990353583558,9757.19046190853,123206600
2013-11-12,9707.58984375,9824.089726553642,9684.089867390468,9780.089770816645,181544300
2013-11-13,9675.1904296875,9740.789972849794,9615.190490248262,9674.690430192171,199524300
2013-11-14,9708.6904296875,9784.789962516696,9610.390723876164,9769.089782996449,309214000
2013-11-15,9695.890625,9749.289985279083,9650.390670827195,9716.890603848986,185947700
2013-11-18,9783.08984375,9853.589773375928,9640.69057183256,9679.589947065127,200883100
2013-11-19,9629.7900390625,9751.690306067743,9626.19043333788,9750.089721753406,180785400
2013-11-20,9559.490234375,9636.089765498726,9506.990288007022,9614.990177678292,228662800
2013-11-21,9599.2900390625,9614.490218911436,9466.990368967136,9502.790137234537,161717200
2013-11-22,9677.390625,9701.790014440649,9587.990324590415,9622.690484886372,183663000
2013-11-25,9689.08984375,9753.890559687416,9656.490267232084,9724.490198695014,171693700
2013-11-26,9714.58984375,9743.19040093669,9659.790094150138,9692.190452204566,263269200
2013-11-27,9808.390625,9828.089824136692,9706.490335830991,9750.19048763388,173646200
2013-11-28,9859.7900390625,9892.890592215572,9814.19047485157,9823.089880099658,155232600
2013-11-29,9837.58984375,9923.289953989311,9824.589856654888,9875.990196255558,179884800
2013-12-02,9745.490234375,9852.69032226593,9715.589873712135,9838.190336795871,170200800
2013-12-03,9604.990234375,9743.89048377677,9604.990234375,9743.89048377677,275215100
2013-12-04,9540.490234375,9654.089727469807,9496.589888686298,9616.589765854686,189023300
2013-12-05,9392.08984375,9582.990035882469,9384.69043738119,9528.089702341256,242676100
2013-12-06,9400.490234375,9418.89060588492,9232.090018691231,9406.190423765904,247008400
2013-12-09,9487.390625,9498.990222435224,9389.890725359255,9414.390700140775,225519400
2013-12-10,9438.2900390625,9556.089721864835,9418.490254861472,9469.890592303487,151929600
2013-12-11,9358.6904296875,9493.089703506776,9355.089847507144,9453.289940349612,206933800
2013-12-12,9272.08984375,9370.490130737058,9245.290067288775,9340.490162333866,183489400
2013-12-13,9272.6904296875,9361.190336482954,9242.890656383925,9262.390635847329,160213000
2013-12-16,9429.490234375,9463.79000354004,9264.690600361777,9270.290203937562,204900800
2013-12-17,9343.390625,9425.289953462085,9343.390625,9394.990180443623,156690100
2013-12-18,9443.58984375,9456.690416140184,9348.290137612012,9398.190476635027,190494400
2013-12-19,9617.08984375,9657.089803132243,9535.790121617889,9536.99031571166,151936800
2013-12-20,9689.890625,9721.890592749927,9623.390692019684,9681.79004722639,396897000
2013-12-23,9758.390625,9758.390625,9650.490342355277,9696.089906096906,185889400
2013-12-24,9819.490234375,9826.390618137468,9756.290101915944,9767.290090976298,85834400
2013-12-27,9900.08984375,9900.08984375,9826.290111859871,9839.6904892665,180126900
2013-12-30,9901.890625,9949.789991822305,9864.790075652489,9919.490217017606,188242900
2013-12-31,9916.6904296875,9923.290032563433,9881.690464154295,9910.490240480738,79586800
2014-01-02,9760.2900390625,9951.990042570214,9758.390626900453,9923.5896803611,304375400
2014-01-03,9797.990234375,9830.089811756456,9722.49030962553,9764.99026726596,209216600
2014-01-06,9888.490234375,9928.690389986834,9766.390745582394,9768.390743607246,188619600
2014-01-07,10178.689453125,10188.489247470185,9881.88996166798,9912.489538749393,514204600
2014-01-08,10253.5888671875,10281.98922805882,10117.189596023898,10190.389714648183,479865100
2014-01-09,10234.189453125,10382.98910162683,10186.289112777986,10255.68943055782,389287000
2014-01-10,10290.5888671875,10361.788988175287,10248.789106134129,10293.58886405585,283436900
2014-01-13,10365.4892578125,10395.989226204116,10298.289132142285,10336.289092761346,347556400
2014-01-14,10381.9892578125,10381.9892578125,10223.089031600695,10274.088978831329,343749400
2014-01-15,10524.9892578125,10529.789057601149,10368.389808268605,10380.789209675822,381454500
2014-01-16,10455.4892578125,10552.689353259597,10441.38966292372,10532.189374321702,331148000
2014-01-17,10465.689453125,10501.789025446697,10393.489331920113,10453.68946544202,288502600
2014-01-20,10454.0888671875,10485.88961576037,10403.489309806502,10439.989272300658,183408000
2014-01-21,10357.3896484375,10510.489099025095,10344.189466815596,10469.788945924844,239283500
2014-01-22,10279.689453125,10440.489089778255,10241.489297731336,10399.48913262286,295355400
2014-01-23,10241.189453125,10350.8895333709,10215.789089142949,10254.088853657062,327843800
2014-01-24,9868.890625,10240.789671054914,9835.490267425865,10214.690087506397,531982300
2014-01-27,9758.390625,9915.890467383397,9725.690462411903,9876.990115687586,380955000
2014-01-28,9879.08984375,9922.78999586426,9802.49031009476,9838.690469622872,298254700
2014-01-29,9896.1904296875,10054.089687933983,9716.490411704144,9986.08975503676,368664600
2014-01-30,9964.490234375,9995.49020399371,9775.690614719171,9890.690502014382,311979200
2014-01-31,9920.1904296875,9993.190357824977,9761.790194994715,9974.390571644344,343616300
2014-02-03,9725.390625,9980.089587997336,9712.490247328748,9911.490047505677,280156700
2014-02-04,9754.2900390625,9814.190369717562,9654.790138678023,9684.690499367918,306710800
2014-02-05,9774.990234375,9837.490171934942,9700.39069952806,9752.390647577937,267970200
2014-02-06,9964.58984375,9983.690410968318,9807.19058394394,9840.690551112872,393666100
2014-02-07,10072.390625,10086.690415823225,9910.690586462788,9995.99030844846,328602400
2014-02-10,9982.6904296875,10117.78990690065,9943.790077116995,10114.190301046983,232430600
2014-02-11,10091.1904296875,10091.1904296875,9984.990337148827,10044.79008396586,313939600
2014-02-12,10080.7900390625,10151.289970766671,10041.290077327538,10126.089799866488,371607700
2014-02-13,10098.890625,10098.890625,9949.990378361506,10046.190480648527,321596600
2014-02-14,10132.7890625,10184.689398103314,10057.789142010508,10110.989280923348,240155800
2014-02-17,10118.58984375,10181.890563907386,10084.589876563952,10155.089808523257,167514400
2014-02-18,10042.6904296875,10114.490164556131,9988.790091475794,10109.490169418184,286231000
2014-02-19,10053.7900390625,10102.690382188755,9945.890729806664,10021.290070630945,295425000
2014-02-20,10062.1904296875,10062.1904296875,9918.490373839748,9945.490347635552,284533600
2014-02-21,10070.990234375,10108.790002408869,10009.190489613398,10104.089811654045,227194300
2014-02-24,10193.0888671875,10193.0888671875,10035.289228800257,10060.189593183515,238493000
2014-02-25,10242.4892578125,10242.689452915038,10150.88974450586,10176.08893682728,239977200
2014-02-26,10224.2890625,10268.989210848122,10191.689487375865,10243.889627844092,215455700
2014-02-27,10164.0888671875,10228.08879954747,10063.889754335596,10213.28901050152,253334400
2014-02-28,10114.1904296875,10174.190371755336,9996.089957780374,10172.390568805611,439188100
2014-03-03,9878.6904296875,9991.589732142877,9855.089867080444,9951.58977168502,391420600
2014-03-04,10126.689453125,10126.689453125,9955.18963504854,9991.08901102971,330191500
2014-03-05,10215.189453125,10249.58883101347,10089.088999793432,10104.889764427511,348114600
2014-03-06,10303.9892578125,10358.889591202418,10247.489316715217,10250.989313066377,301321700
2014-03-07,10164.189453125,10345.28887110216,10147.588884732078,10327.48908522665,260257400
2014-03-10,10194.5888671875,10291.98915518039,10119.088946742871,10151.3896939571,329690600
2014-03-11,10163.2890625,10244.989171458772,10137.88967528363,10234.889572758642,212295000
2014-03-12,10070.390625,10168.990138759456,9984.190513278892,10128.58978731215,263713900
2014-03-13,9950.2900390625,10117.789874671253,9950.2900390625,10112.289880069176,238531000
2014-03-14,9811.990234375,9944.28990738799,9703.08995213569,9881.39055592762,469886400
2014-03-17,9974.990234375,9992.490217242324,9811.190590049153,9822.890773907042,267210100
2014-03-18,10051.390625,10109.289982809249,9902.790183438165,9975.089917881443,268470200
2014-03-19,10093.2900390625,10135.490193544816,10022.790107273748,10085.490241921589,186679700
2014-03-20,10079.890625,10085.490228949977,9970.890730601552,10007.99030403365,253694900
2014-03-21,10053.08984375,10157.490132960003,10042.390635393269,10094.789998554746,442910600
2014-03-24,9913.08984375,10089.990060106313,9868.690473426395,10061.690283297608,282607800
2014-03-25,9990.490234375,10035.190385993455,9885.5899462892,9939.79008862149,267193000
2014-03-26,10140.7890625,10180.38960648845,9994.08902258757,10028.989376242454,279649200
2014-03-27,10198.9892578125,10204.389642749493,10087.088985047583,10118.189538228116,255552100
2014-03-28,10328.8896484375,10341.889634917336,10208.789187406132,10239.78915516574,263012700
2014-03-31,10340.4892578125,10420.588783976338,10325.889663604246,10349.588857734409,339242900
2014-04-01,10463.0888671875,10487.588842033998,10359.489364175475,10368.088964721486,310888300
2014-04-02,10435.7890625,10503.689383231102,10391.289108306488,10477.78901926691,237133600
2014-04-03,10584.0888671875,10644.389587236044,10451.489392392665,10462.189576845149,337366400
2014-04-04,10677.189453125,10705.088839118276,10572.289168038871,10612.489322906496,300098300
2014-04-07,10606.189453125,10678.189380201851,10561.28910797608,10594.088879443232,216044600
2014-04-08,10480.4892578125,10626.58871743993,10384.088965994912,10611.38951426866,335475500
2014-04-09,10485.189453125,10571.489169397528,10477.189461321075,10493.389640036325,241313300
2014-04-10,10336.0888671875,10536.588658810191,10326.389658517784,10523.689258153903,335982800
2014-04-11,10205.3896484375,10332.088733824112,10091.088987500312,10272.288992081789,366861500
2014-04-14,10188.189453125,10191.289059231847,9984.289277487553,10097.689548545972,318266900
2014-04-15,10103.490234375,10247.78989958828,10071.589874583598,10199.789945983095,253737500
2014-04-16,10267.8896484375,10267.8896484375,10179.389741025425,10210.588927135075,217015400
2014-04-17,10292.3896484375,10316.189428285124,10184.889760635346,10290.588869066978,231004200
2014-04-22,10437.7890625,10448.989246285684,10279.68961583512,10339.088968765996,238298100
2014-04-23,10424.3896484375,10482.489197941728,10394.889678836806,10439.289047146378,258917000
2014-04-24,10461.9892578125,10531.088796237304,10338.689579726952,10486.989232142963,236755500
2014-04-25,10306.189453125,10442.88950595442,10280.989284078749,10398.4891616081,191450000
2014-04-28,10320.8896484375,10391.288989226963,10247.889724417277,10351.289030859718,187967800
2014-04-29,10460.9892578125,10488.48922957331,10342.588988770443,10348.489373336455,285723600
2014-04-30,10458.9892578125,10500.389605916154,10397.689516084556,10424.689488353504,280911700
2014-05-02,10474.4892578125,10540.989189613018,10441.289096548662,10453.588888622024,196334200
2014-05-05,10476.9892578125,10502.689426774295,10342.489395716884,10460.189470350031,208232700
2014-05-06,10481.3896484375,10549.189383638271,10414.789130757672,10504.889624352798,224625800
2014-05-07,10413.7890625,10494.489174567512,10371.48930144618,10401.9892699844,271535000
2014-05-08,10591.189453125,10597.889641641788,10412.489439060231,10448.88979276592,291313500
2014-05-09,10487.189453125,10592.58875922539,10438.689502804236,10572.989169926546,324681600
2014-05-12,10566.9892578125,10578.18944173912,10478.189543396991,10512.389703942305,243557000
2014-05-13,10587.189453125,10600.889634536748,10533.389703024886,10587.289062398931,272278900
2014-05-14,10613.8896484375,10639.088841683706,10521.588960603896,10602.789073734755,248096700
2014-05-15,10364.9892578125,10665.088556167117,10323.38969155094,10616.48899716029,409937900
2014-05-16,10478.689453125,10494.88963182995,10282.38984967327,10354.088994921172,312919000
2014-05-19,10425.4892578125,10525.989154259689,10307.289184290672,10469.68940758217,243528900
2014-05-20,10453.7890625,10478.98923191711,10401.588920827737,10418.389684813474,245813300
2014-05-21,10531.3896484375,10547.489241390656,10364.089037836824,10407.389774919371,205707400
2014-05-22,10520.5888671875,10557.989219624373,10474.88969509925,10552.088835024038,205291500
2014-05-23,10558.8896484375,10576.489239907389,10465.989352325503,10525.489291792672,159882100
2014-05-26,10687.4892578125,10695.489249771565,10576.2891742692,10593.789156679655,141443100
2014-05-27,10714.189453125,10744.78903182046,10659.389703380451,10669.289107517678,208487200
2014-05-28,10757.189453125,10757.189453125,10672.189538006374,10701.48931343496,236689000
2014-05-29,10734.7890625,10770.28902697557,10664.989327660342,10755.689432210223,182658100
2014-05-30,10798.689453125,10803.389643761902,10697.78916287235,10708.088957313948,319903000
2014-06-02,10827.3896484375,10877.389598831003,10800.189480111128,10818.989266146778,196097200
2014-06-03,10776.689453125,10873.588770598408,10744.289094796626,10838.289001097664,206171300
2014-06-04,10755.5888671875,10775.088847711815,10667.18954141418,10756.189452525165,193394100
2014-06-05,10876.3896484375,10969.989165367891,10714.189613323671,10760.98937178887,382160700
2014-06-06,11064.2890625,11085.088846993234,10888.389819215996,10917.589009616848,338353600
2014-06-09,11164.087890625,11188.18845126456,11057.688588248007,11089.78816392864,267298300
2014-06-10,11153.48828125,11177.587865304042,11095.587951459736,11136.587908381887,246596300
2014-06-11,11074.8896484375,11167.788972391476,11045.18948193294,11134.389590725004,211582800
2014-06-12,11088.48828125,11137.288034364004,11045.98832616562,11081.688483748794,186194000
2014-06-13,11113.6884765625,11134.288064216413,11009.98839059582,11078.988317839336,197257500
2014-06-16,11008.189453125,11099.189364324013,10971.68948874298,11054.989212143611,213704700
2014-06-17,11058.4892578125,11093.489223813624,11012.989302011038,11031.08889380414,198939900
2014-06-18,11112.2880859375,11130.78806642787,11052.68853941474,11082.388703406164,197069400
2014-06-19,11187.7880859375,11249.388607350977,11158.78811631378,11192.38866705608,222993200
2014-06-20,11155.087890625,11215.788022170214,11142.587903756606,11174.888651073716,385514000
2014-06-23,11118.2880859375,11185.087820217634,11093.888697592118,11163.388624338731,176415300
2014-06-24,11105.888671875,11168.78801956715,11082.48830594168,11147.58784662472,183077100
2014-06-25,10966.689453125,11069.489157117236,10890.189528058876,11058.088777659235,340431300
2014-06-26,10988.9892578125,11046.38959232632,10910.789138943825,11005.98924119432,237044700
2014-06-27,10959.8896484375,11059.788964585036,10924.189488116028,11010.189403824375,172851300
2014-06-30,10923.4892578125,10996.288990908552,10850.58893887786,10975.58881595266,198883900
2014-07-01,11007.7890625,11007.7890625,10911.889742022911,10954.48930982621,271826600
2014-07-02,11016.189453125,11037.4892370425,10955.18951260771,11008.9892648336,206188700
2014-07-03,11089.98828125,11100.188465784002,10958.088030003511,11001.688569868482,231683700
2014-07-04,11009.3896484375,11083.989185023524,11004.789066988924,11082.68938160428,151365000
2014-07-07,10888.4892578125,11005.189337992944,10874.489271624376,10985.98916162264,159943600
2014-07-08,10689.0888671875,10920.88941548547,10662.989284041734,10898.689242483424,348809900
2014-07-09,10746.8896484375,10770.98923372346,10680.889714408557,10736.389658932894,264369500
2014-07-10,10533.5888671875,10743.588653029048,10423.588979365735,10743.588653029048,378313700
2014-07-11,10538.7890625,10681.489112358342,10489.789112445647,10563.689427744055,240402900
2014-07-14,10606.2890625,10639.989223680535,10526.588947908813,10602.489261660989,189414500
2014-07-15,10475.8896484375,10581.389540255794,10427.689502550398,10545.088796229304,246842800
2014-07-16,10668.3896484375,10680.189441243583,10496.589040176526,10522.189600336376,225511600
2014-07-17,10543.2890625,10642.989156231572,10507.78909866967,10617.588791486112,208172200
2014-07-18,10526.9892578125,10526.9892578125,10425.2891662791,10477.489308324351,201066400
2014-07-21,10481.9892578125,10530.588817381537,10447.588902441788,10521.689412439351,156589300
2014-07-22,10648.8896484375,10667.889629271056,10504.689598588428,10530.989376745729,231977700
2014-07-23,10659.0888671875,10699.989216593289,10604.789117223072,10624.189488296455,213231700
2014-07-24,10860.689453125,10860.689453125,10618.089107140811,10668.289252800903,335618500
2014-07-25,10888.0888671875,10941.889595357708,10832.08892243704,10839.588915037548,273050900
2014-07-28,10879.7890625,10963.889565400654,10801.588944398589,10940.489197880066,200633400
2014-07-29,10901.189453125,10964.289000320809,10854.189499439424,10901.588866793913,199820700
2014-07-30,10937.3896484375,11016.08878989292,10888.588915117274,10927.789071929232,241840300
2014-07-31,10707.189453125,10943.889410963851,10663.289106543842,10934.889419993262,302656400
2014-08-01,10513.9892578125,10701.38945696992,10478.289098975005,10682.788890036698,297750900
2014-08-04,10496.189453125,10589.38955305308,10463.889681494278,10585.78897080055,206949800
2014-08-05,10353.7890625,10534.689265438745,10314.38968931485,10524.68927581386,258778800
2014-08-06,10246.189453125,10330.288974329384,10121.489388549053,10281.989220279736,306362900
2014-08-07,10078.58984375,10258.890450298168,10049.890652808012,10235.789886743903,321042500
2014-08-08,10104.7900390625,10182.99015879965,9946.890777599408,9981.1905491384,274092000
2014-08-11,10193.4892578125,10245.689398115011,10148.588914504751,10226.588832306232,173366500
2014-08-12,10241.4892578125,10324.088780549751,10161.889731928582,10195.889696266388,190718600
2014-08-13,10303.9892578125,10330.189425810617,10250.48931358764,10304.088867083654,183228000
2014-08-14,10294.7890625,10339.189406795073,10210.68954087938,10274.088888787275,156132300
2014-08-15,10222.189453125,10417.68924768022,10203.689472566066,10320.788958884785,197004300
2014-08-18,10353.3896484375,10372.18943361923,10284.08893909064,10350.389651550156,150174700
2014-08-19,10386.4892578125,10416.588836057124,10367.18947308573,10407.489236093352,119977400
2014-08-20,10420.8896484375,10428.088859766322,10338.289147647249,10390.588898422486,135510700
2014-08-21,10556.3896484375,10569.289049373563,10386.689625811829,10429.78919132869,168281900
2014-08-22,10500.189453125,10588.689362585432,10436.389713707633,10582.088783400632,155283800
2014-08-25,10690.0888671875,10695.689447497123,10563.588994303876,10607.08895059192,148342300
2014-08-26,10826.8896484375,10835.489249280175,10669.389804705172,10672.389801728646,215487300
2014-08-27,10837.3896484375,10883.789016508232,10787.38969799822,10821.889663801325,190905600
2014-08-28,10722.189453125,10844.38952600951,10687.989292076449,10808.489171351825,179770300
2014-08-29,10728.7890625,10785.289005929497,10614.489372254931,10742.689439207265,190471100
2014-09-01,10746.4892578125,10784.08882960298,10693.889701016002,10749.189450425887,107653300
2014-09-02,10754.9892578125,10822.588799668423,10736.389667014952,10768.489244328584,168158100
2014-09-03,10886.7890625,10927.18941326126,10783.389750463431,10799.189539561,218737500
2014-09-04,11100.087890625,11146.58784153338,10835.388951326904,10853.788345964522,400312200
2014-09-05,11148.888671875,11181.988246458584,11062.18856769417,11085.48834789095,269753500
2014-09-08,11102.587890625,11162.988217497626,11042.988344157153,11158.388612977496,179761600
2014-09-09,10951.5888671875,11080.588740654186,10939.689464796878,11060.18934660103,204785900
2014-09-10,10937.7890625,10937.7890625,10821.289176916503,10909.889675837958,237811600
2014-09-11,10886.2890625,10963.489181634275,10823.889710010872,10951.889583705331,210035000
2014-09-12,10888.8896484375,10930.189412381653,10838.889697763818,10895.689446416813,153430500
2014-09-15,10841.2890625,10894.789009489105,10815.189478986003,10849.789054077708,156410300
2014-09-16,10798.689453125,10836.689415323865,10737.289123579065,10829.889617400584,258025000
2014-09-17,10907.3896484375,10939.189421806865,10818.088955135654,10854.989309419188,246255600
2014-09-18,10990.9892578125,11016.489232889764,10899.189542846654,10931.78912036003,262363200
2014-09-19,11001.8896484375,11191.788877083389,11001.8896484375,11108.889543963362,381036100
2014-09-22,10947.8896484375,11026.48918068979,10930.489274885937,10961.889634700565,194774200
2014-09-23,10801.7890625,10918.88953198316,10781.189473610924,10918.88953198316,263280400
2014-09-24,10856.8896484375,10860.489254250924,10679.189628947634,10798.889705824678,256971600
2014-09-25,10783.0888671875,10948.588702315425,10733.088916997796,10847.788998045284,276503300
2014-09-26,10851.3896484375,10890.989218611438,10701.18960181352,10770.588947175069,203758900
2014-09-29,10685.9892578125,10852.689285548287,10625.489318630613,10828.18931017711,241844600
2014-09-30,10825.4892578125,10860.088832854168,10713.989368454402,10724.489358035207,277850000
2014-10-01,10753.189453125,10889.288926539772,10734.588885769035,10793.889607778989,274950800
2014-10-02,10418.0888671875,10769.288700374613,10418.0888671875,10742.48892332061,406480200
2014-10-03,10567.5888671875,10581.9892431742,10436.389781804268,10560.989264521142,239757900
2014-10-06,10645.689453125,10728.788978647215,10632.489271132335,10657.588855180236,198107400
2014-10-07,10430.689453125,10609.989073158344,10422.088876044922,10609.989073158344,268329800
2014-10-08,10338.9892578125,10460.889521783389,10319.98927755344,10384.588819809653,327285500
2014-10-09,10273.689453125,10470.788856412522,10200.98933382787,10465.288862163326,307914900
2014-10-10,10150.4892578125,10290.889499852963,10102.389699340903,10186.689414814642,358995300
2014-10-13,10187.2890625,10274.788970234,10042.18960612798,10072.38976959532,239626200
2014-10-14,10204.8896484375,10236.789028921085,10016.489456132154,10138.088937505338,300587900
2014-10-15,9838.490234375,10225.589459517689,9774.89068812852,10204.690066199795,448114700
2014-10-16,9669.6904296875,9941.989959373945,9370.490536543304,9897.190199930666,786593000
2014-10-17,9956.7900390625,9977.390604794951,9651.09014358062,9722.990463685748,436588400
2014-10-20,9915.1904296875,9958.890581959042,9802.79014976728,9898.890641053917,335391200
2014-10-21,10152.0888671875,10167.789045887235,9851.489575884376,9893.489531443138,368717900
2014-10-22,10249.8896484375,10249.8896484375,10066.989449497318,10169.588951345006,335121500
2014-10-23,10333.689453125,10358.989231512604,10126.989472683475,10202.689589303382,311530900
2014-10-24,10339.2890625,10368.989226954987,10260.68953478737,10299.38968989166,278418200
2014-10-27,10195.189453125,10474.788767899465,10093.389755699012,10469.389359526063,383783900
2014-10-28,10394.7890625,10423.3896188811,10248.589018273617,10260.189592222843,276850100
2014-10-29,10247.7890625,10441.088664562274,10204.78910757446,10405.989091980206,313345400
2014-10-30,10263.689453125,10340.288982329364,9994.78934393636,10304.58882438138,358028100
2014-10-31,10477.7890625,10513.289026104225,10324.78921936067,10448.389678578753,401751800
2014-11-03,10374.3896484375,10508.788923335936,10333.28910505766,10454.288979768038,285477600
2014-11-04,10154.3896484375,10455.18913491341,10140.489272517514,10360.98903925388,338022800
2014-11-05,10276.8896484375,10310.588831962548,10131.189605421778,10246.588898860153,312655000
2014-11-06,10261.7890625,10463.28885156714,10175.289153049342,10242.689473118722,372892100
2014-11-07,10126.2890625,10311.489061348317,10017.489373229577,10290.98908309514,319455200
2014-11-10,10272.9892578125,10282.389638607776,10052.189684009152,10103.88982526021,224421200
2014-11-11,10338.7890625,10418.389565731148,10296.088911553725,10319.78908224132,246120300
2014-11-12,10157.2890625,10342.58867121758,10136.389670540366,10306.98909949212,287992200
2014-11-13,10140.3896484375,10252.288943959858,10044.189555034243,10207.58879600031,288333000
2014-11-14,10147.9892578125,10195.088817330106,10056.789159040163,10192.289015606344,405111200
2014-11-17,10308.9892578125,10336.289034053048,10040.889927802742,10061.089125504745,355982600
2014-11-18,10432.8896484375,10466.289028110448,10296.28920315016,10320.088983332302,318105500
2014-11-19,10376.7890625,10451.788984859102,10328.889698023548,10395.789042830973,335202200
2014-11-20,10209.189453125,10351.48910808371,10132.189534144904,10351.48910808371,372096700
2014-11-21,10520.7890625,10542.48923565567,10208.989576173464,10225.58916859955,432600000
2014-11-24,10642.4892578125,10715.088793907857,10528.789177265216,10558.689537709752,361456200
2014-11-25,10699.5888671875,10792.288969430829,10609.38973899574,10621.889726445988,448003600
2014-11-26,10646.9892578125,10736.38955823784,10610.088904417791,10723.18937624355,230988600
2014-11-27,10727.5888671875,10745.389630612512,10629.088965821444,10660.3897157281,195149600
2014-11-28,10770.689453125,10772.18945162897,10656.48937171038,10722.289110772264,228444400
2014-12-01,10672.7890625,10757.58878183638,10648.18947788454,10700.58883920696,231093300
2014-12-02,10749.189453125,10762.9892440217,10653.18954906237,10701.088915256703,228185900
2014-12-03,10875.8896484375,10903.08884032268,10754.889767949877,10776.08896576129,285479100
2014-12-04,10619.8896484375,10928.288750549396,10586.989291091735,10902.689167068784,397238400
2014-12-05,10900.689453125,10906.0888618666,10718.089047132797,10756.389790638968,335915100
2014-12-08,10805.189453125,10919.288949065784,10805.189453125,10864.588808134486,189142400
2014-12-09,10461.5888671875,10707.288810209942,10461.189453535128,10704.288813290405,367386400
2014-12-10,10396.8896484375,10593.288859578048,10347.189504475768,10536.288918471051,272364900
2014-12-11,10431.7890625,10505.788986298205,10322.68956547076,10397.389683860434,273894000
2014-12-12,10144.9892578125,10407.488979860384,10127.48927634264,10358.189227374733,293905100
2014-12-15,9903.890625,10268.190070473944,9900.290042612816,10149.589601481162,334259400
2014-12-16,10081.890625,10095.08983096485,9660.990642071489,9954.190553381664,563114900
2014-12-17,10049.490234375,10100.490184815631,9916.89075385398,9990.690486826348,342107900
2014-12-18,10391.2890625,10391.2890625,10167.189684791882,10217.989436964195,417879700
2014-12-19,10363.5888671875,10500.088725701082,10186.689636486644,10483.389524260332,497368700
2014-12-22,10370.9892578125,10457.98916769869,10294.889727260785,10387.48924072195,186407300
2014-12-23,10477.689453125,10477.689453125,10314.389815859462,10380.18955308618,161428200
2014-12-24,10481.7890625,10495.889633986628,10437.789107593042,10456.088893526136,45207600
2014-12-29,10394.189453125,10446.28900865615,10216.18963708426,10427.78902777551,220893700
2014-12-30,10279.189453125,10365.389558354747,10269.3896586787,10365.389558354747,163930600
2014-12-31,10279.4892578125,10305.789035016423,10253.48928498278,10260.189473293503,83605300
2015-01-02,10350.7890625,10440.288969615798,10232.28918548076,10386.689415867131,220239700
2015-01-05,9993.2900390625,10390.78965061864,9977.790054209368,10267.190162027313,299610800
2015-01-06,9871.08984375,10060.789851389289,9871.08984375,10040.69026189913,282855400
2015-01-07,9891.390625,10051.19027191965,9836.39067930064,9937.289993746726,290122400
2015-01-08,10114.990234375,10142.990207342127,9970.29017876471,10053.190489352724,320452300
2015-01-09,9718.990234375,10079.989871643173,9610.08995317282,10079.989871643173,789490200
2015-01-12,9797.490234375,9882.089759425626,9682.08995877495,9805.490226401029,454276600
2015-01-13,9965.990234375,9996.089814255569,9757.290243566598,9762.390824506065,407220100
2015-01-14,9845.990234375,10013.789872632482,9778.890691551862,9801.690473625677,474511500
2015-01-15,9982.490234375,10008.890599173172,9646.39095379767,9953.089872511651,408080100
2015-01-16,10038.890625,10060.190408967512,9882.089996282406,9948.589931592644,367663400
2015-01-19,10157.4892578125,10193.789024110702,10036.6895808783,10091.28913251082,253509700
2015-01-20,10283.8896484375,10332.289011943736,10186.68955465678,10194.889741403656,446596900
2015-01-21,10335.2890625,10340.289057303156,10146.98945352543,10324.989268517797,367573500
2015-01-22,10510.5888671875,10560.889597028405,10339.58904195527,10382.189584353531,508500200
2015-01-23,10581.4892578125,10692.989144619294,10532.38969828272,10604.889624681757,493574600
2015-01-26,10696.0888671875,10716.88962754709,10450.989503968209,10502.589061521265,309103700
2015-01-27,10598.8896484375,10707.088757525533,10528.08893894544,10669.48918625845,322879500
2015-01-28,10456.8896484375,10686.98902143527,10395.5889301607,10676.588641494403,366625000
2015-01-29,10507.5888671875,10513.088861564707,10320.789253470211,10391.189572123094,336720400
2015-01-30,10403.2890625,10581.588683079575,10336.088936576743,10562.588702698502,418610700
2015-02-02,10328.0888671875,10400.98918198929,10136.389847822578,10396.588795941108,443722900
2015-02-03,10598.189453125,10634.189416635903,10414.589053282489,10426.78923622904,446421200
2015-02-04,10577.7890625,10687.989145899704,10497.389730086386,10620.889604667096,386829400
2015-02-05,10535.4892578125,10535.4892578125,10388.889797913129,10451.689538568806,301147200
2015-02-06,10573.0888671875,10606.789028260862,10497.48933462112,10547.0888936033,278007700
2015-02-09,10364.8896484375,10473.288950154798,10289.689531062517,10467.788955855,290048000
2015-02-10,10500.0888671875,10561.389585723382,10338.589032411006,10389.789175342852,275834900
2015-02-11,10364.7890625,10516.489100588822,10342.789085301032,10496.088731107002,237217400
2015-02-12,10562.189453125,10607.088821522968,10328.48949549511,10349.589083410949,328004200
2015-02-13,10739.4892578125,10794.889593023248,10606.689585958038,10618.48937884278,427944600
2015-02-16,10689.4892578125,10793.088763077258,10679.889658084425,10717.789034060708,220583500
2015-02-17,10697.9892578125,10730.088834955306,10526.589039295852,10591.588974027372,272473600
2015-02-18,10805.2890625,10852.588820163966,10764.08890814705,10764.588907649972,298366800
2015-02-19,10910.3896484375,10918.38964056084,10726.289243762183,10780.98938521784,350256400
2015-02-20,10879.2890625,10916.789025472615,10758.98937659616,10889.789052132332,336297400
2015-02-23,10990.0888671875,11015.389623707448,10935.088920946822,11001.289051552456,272017200
2015-02-24,11064.4892578125,11082.689435454982,10951.0889772845,11027.689488852811,297628100
2015-02-25,11049.4892578125,11072.489235452183,11011.689489873504,11027.889669436374,255498600
2015-02-26,11139.48828125,11145.88866514179,11014.388803479744,11023.288208180064,271208100
2015-02-27,11178.2880859375,11184.488274750036,11070.788198634926,11142.888708985907,412536300
2015-03-02,11178.48828125,11239.788021675113,11123.288143805486,11190.488268670048,312325400
2015-03-03,11014.689453125,11212.788869301536,11001.689465803369,11197.588688813168,246878300
2015-03-04,11051.2890625,11079.28903528318,10921.38977470354,11048.088870298185,253266900
2015-03-05,11124.388671875,11154.288054440633,11039.188566314731,11078.087939399518,260657700
2015-03-06,11091.888671875,11158.88860108855,11070.188499489064,11144.488225677767,272187500
2015-03-09,11054.189453125,11078.789038594732,10962.38973764619,11007.88969343046,221014700
2015-03-10,10902.189453125,11081.1892767522,10858.38969159445,11060.489101836078,299027000
2015-03-11,11021.7890625,11048.189427394362,10907.989368725315,10950.289132186115,265916200
2015-03-12,11011.7890625,11067.989202988309,10993.08888542984,11022.8896376087,439287600
2015-03-13,11033.7890625,11077.689410384852,10993.48929704722,11072.889610370305,253107600
2015-03-16,11114.6884765625,11146.6884428234,11077.388711201937,11082.3887059302,292847600
2015-03-17,11028.0888671875,11128.989159528031,10953.689525595551,11117.489170729885,260645800
2015-03-18,11049.9892578125,11075.989232536764,10957.68954285367,11057.389641243257,295712600
2015-03-19,11090.98828125,11146.488222608705,11040.18853023757,11062.888701565043,259184200
2015-03-20,11419.587890625,11458.288046223506,11090.188814590934,11109.78840385289,618645900
2015-03-23,11452.7880859375,11465.38865898181,11364.288176492597,11393.98834141522,328734600
2015-03-24,11579.2880859375,11618.288046467822,11409.888843314502,11428.488433865896,331905900
2015-03-25,11464.6884765625,11591.688346748268,11449.288101679153,11560.688378435209,252131500
2015-03-26,11453.7880859375,11453.7880859375,11294.688639342414,11400.388726509656,308558600
2015-03-27,11427.388671875,11524.188377294717,11403.888695974149,11469.688433184232,310086500
2015-03-30,11529.087890625,11543.188462229964,11432.288184329636,11459.788156377266,304316200
2015-03-31,11521.087890625,11596.087814338336,11444.587968437396,11510.788096414002,336270600
2015-04-01,11569.7880859375,11662.787991740212,11454.288202924454,11481.988370180145,305804100
2015-04-02,11633.98828125,11649.88865585878,11559.188551907198,11583.58794139254,205806700
2015-04-07,11730.48828125,11771.788044679062,11669.288147076391,11715.587905510463,366059600
2015-04-08,11655.48828125,11771.388555345662,11615.788125853132,11738.38858852474,301549800
2015-04-09,11734.587890625,11747.288073254458,11655.188555854673,11688.388718011818,299820800
2015-04-10,11749.2880859375,11777.98825262443,11679.18854647984,11755.2880799531,336786900
2015-04-13,11866.388671875,11884.58787265223,11760.788190224126,11761.68857995994,229311700
2015-04-14,11704.6884765625,11862.58773253605,11645.587949796529,11798.488187337602,377819300
2015-04-15,11778.388671875,11815.587853614174,11710.38873953062,11742.388707692682,292619200
2015-04-16,11611.6884765625,11772.2879238573,11580.288117627377,11772.2879238573,287015300
2015-04-17,11359.388671875,11597.988035102397,11299.888733257256,11565.48806863052,465820400
2015-04-20,11384.587890625,11418.788050733492,11306.388752369452,11400.18846050402,209411300
2015-04-21,11422.2880859375,11503.988197429388,11368.188532066191,11438.988264116371,337592400
2015-04-22,11399.1884765625,11480.388588398548,11276.288212283114,11452.18842207677,306266200
2015-04-23,11425.7880859375,11461.087854420131,11291.288223885991,11417.488289762608,244085900
2015-04-24,11505.388671875,11605.4881792942,11434.587962738671,11469.587927089651,340437300
2015-04-27,11640.1884765625,11679.788046070666,11365.488557803914,11531.988390180346,310809300
2015-04-28,11607.6884765625,11684.587812989896,11542.988346569176,11655.988232488116,280716900
2015-04-29,11378.888671875,11651.888390721406,11371.488288871416,11618.98803397942,310361400
2015-04-30,11384.98828125,11469.188389893983,11257.98841197299,11351.087925519178,386580900
2015-05-04,11429.087890625,11501.788011394849,11280.488433615605,11377.087943942848,224660600
2015-05-05,11115.587890625,11503.888262504392,11102.8886852633,11416.388354752284,319652500
2015-05-06,11163.587890625,11232.788013296074,11048.288206971003,11100.388738217029,275553700
2015-05-07,11180.2880859375,11214.78804977596,10928.188740803384,11125.087948483671,322768200
2015-05-08,11424.6884765625,11424.6884765625,11212.888889126123,11260.788254056371,309356600
2015-05-11,11445.7880859375,11481.58785397147,11377.688546286094,11433.688488950653,198981300
2015-05-12,11322.587890625,11353.988248750986,11221.48838588684,11331.988271520711,292895200
2015-05-13,11324.587890625,11430.888561874444,11282.388715542957,11365.988238408678,249275600
2015-05-14,11398.6884765625,11428.2880555068,11203.888872144344,11304.58798736772,211842200
2015-05-15,11317.2880859375,11438.78796012762,11265.888725097668,11438.78796012762,230823100
2015-05-18,11344.98828125,11367.988257492289,11203.08803720016,11336.788094407842,234028800
2015-05-19,11497.6884765625,11537.788045066953,11403.988376751637,11406.08798398666,282087100
2015-05-20,11574.087890625,11588.68846177944,11460.588005543495,11505.087960487346,192408700
2015-05-21,11595.388671875,11595.388671875,11515.68855711053,11517.88875019943,185431700
2015-05-22,11554.1884765625,11609.888615381547,11533.688497354451,11594.688435485716,168214900
2015-05-25,11322.2880859375,11455.287948280507,11262.087952933103,11421.188374199111,156476200
2015-05-26,11240.2880859375,11344.688367718243,11169.388745792292,11297.087831407478,315131700
2015-05-27,11431.087890625,11467.788048313789,11247.188665089529,11281.688629721377,241034200
2015-05-28,11382.7880859375,11450.688406658108,11291.888765457206,11387.888666623876,191886700
2015-05-29,11217.587890625,11402.688283192478,11192.087917264222,11375.587725566293,327769600
2015-06-01,11238.087890625,11343.188366966791,11180.488341313128,11264.788058095346,194253900
2015-06-02,11271.388671875,11369.087789048206,11151.288210804749,11314.488236439816,232391400
2015-06-03,11267.587890625,11361.787987965565,11201.087959787636,11302.888635160789,227416500
2015-06-04,11146.087890625,11292.688322430053,11069.98836125936,11201.188418631024,239541800
2015-06-05,11061.9892578125,11127.88958444235,10984.08894283572,11061.489258298045,227463000
2015-06-08,10917.2890625,11056.088730614028,10917.2890625,11022.788958692208,205932600
2015-06-09,10938.0888671875,10944.989251035702,10749.98944254306,10894.989300140152,295299200
2015-06-10,11097.48828125,11138.38862868496,10854.388928583588,10879.88890165607,241562600
2015-06-11,11156.6884765625,11231.288007579727,11085.087965832665,11097.587952702945,243780700
2015-06-12,11030.4892578125,11159.288937066733,10932.588962528996,11124.489166269448,215491700
2015-06-15,10842.0888671875,10939.889551537972,10775.588933074689,10893.588816162082,223282600
2015-06-16,10871.3896484375,10895.48923399933,10659.689662309016,10765.989361960146,241068500
2015-06-17,10813.3896484375,10933.889528731066,10779.489291489635,10899.989171783203,189361600
2015-06-18,10871.8896484375,10888.389632134362,10654.289277504387,10788.48934021784,309136800
2015-06-19,10944.2890625,11029.088783953724,10880.789124827324,10890.689505734766,354736100
2015-06-22,11368.1884765625,11394.188449760764,11168.888877320413,11184.488470614777,353604700
2015-06-23,11402.48828125,11497.087793401655,11384.488299749231,11461.488220613626,271933300
2015-06-24,11321.888671875,11420.08778898375,11220.388776932728,11418.988180746905,272689800
2015-06-25,11308.388671875,11441.287948215544,11213.087989383974,11244.98834695101,294850600
2015-06-26,11372.2880859375,11434.788021533475,11199.888849526456,11238.68861423214,217127700
2015-06-29,10853.8896484375,11202.58852207724,10816.389685551534,11148.389356968615,463510800
2015-06-30,10769.4892578125,10954.489073281678,10723.189499307384,10811.58882519466,369234200
2015-07-01,10911.4892578125,11036.889524982931,10784.289187726445,10857.68950609,310649600
2015-07-02,10846.3896484375,10960.689339923396,10835.489268608158,10931.989173035336,209127500
2015-07-03,10779.7890625,10860.689372506882,10729.989307438544,10835.689397419654,197292400
2015-07-06,10540.0888671875,10653.689337346324,10495.989302757642,10571.789030192009,353557100
2015-07-07,10345.9892578125,10588.489006026257,10332.08888162019,10554.889431537522,325139700
2015-07-08,10430.2890625,10478.689403277336,10324.28917166962,10364.689520686174,320299300
2015-07-09,10706.3896484375,10761.088812305445,10463.589110799863,10479.389876196268,306819800
2015-07-10,11036.0888671875,11069.789029697306,10896.889783929582,10958.189528949806,358655000
2015-07-13,11224.1884765625,11253.488250659217,11121.788192849755,11178.188524589306,306039600
2015-07-14,11258.2880859375,11258.2880859375,11140.7882082431,11220.087930387535,302647200
2015-07-15,11335.6884765625,11360.38864634015,11234.28819076436,11261.988357440632,208079200
2015-07-16,11510.587890625,11536.28805977256,11398.588004650335,11405.18858386789,282712200
2015-07-17,11480.6884765625,11550.988209492543,11472.58789889355,11550.988209492543,229032100
2015-07-20,11556.087890625,11612.587833329771,11499.388729372253,11506.88872176669,178798500
2015-07-21,11458.587890625,11579.688352712506,11432.087917726643,11571.888556001895,222068300
2015-07-22,11484.2880859375,11525.388629935353,11365.488402475085,11389.188573603553,261183800
2015-07-23,11441.888671875,11553.587776223094,11429.388684677451,11551.988168486409,229334700
2015-07-24,11309.2880859375,11460.287929470584,11300.888680578511,11415.38856193307,339313800
2015-07-27,11145.388671875,11264.188351651312,11136.688485710258,11252.688363742904,334763800
2015-07-28,11252.388671875,11293.988237926318,11168.087978419582,11179.488357171707,224447300
2015-07-29,11282.888671875,11325.587846276345,11185.788186789005,11309.988253103553,218993700
2015-07-30,11168.587890625,11362.38846852785,11117.587944137193,11347.688288639658,292611300
2015-07-31,11180.6884765625,11200.88865070271,11039.488429245184,11198.388653323016,278118300
2015-08-03,11265.888671875,11288.488257741968,11141.188606275206,11180.587979354574,278421700
2015-08-04,11150.48828125,11244.787986832003,11098.488335900016,11240.287991561332,409879000
2015-08-05,11279.48828125,11302.888647563344,11184.68857505403,11194.988369040626,255667300
2015-08-06,11253.587890625,11326.988204815716,11239.38868666112,11263.587880211666,209266300
2015-08-07,11178.1884765625,11263.98819130113,11176.78808740561,11244.88860194935,202368800
2015-08-10,11311.6884765625,11329.98826229168,11129.28827490154,11239.488356048309,174264900
2015-08-11,11152.2880859375,11319.08771535306,11137.788101173986,11278.488148639815,231916800
2015-08-12,10880.0888671875,11054.38947634609,10840.289101795315,11054.38947634609,308273600
2015-08-13,10947.8896484375,11057.088760040151,10938.489267036255,11030.78898115828,213797500
2015-08-14,10879.2890625,11034.288909453471,10851.588894538589,10952.389576258203,221082000
2015-08-17,10900.2890625,11023.288941284154,10774.389772510704,10983.088785588732,202495900
2015-08-18,10897.8896484375,10952.18939960105,10846.088918248137,10877.989277428547,167048400
2015-08-19,10782.3896484375,10905.28894005894,10776.7890680797,10843.689392053811,229362100
2015-08-20,10586.9892578125,10797.489044226926,10564.789085025612,10748.189289561882,292081300
2015-08-21,10271.689453125,10576.189134677612,10270.189454693707,10434.389478284947,336668200
2015-08-24,9756.58984375,10077.989912677296,9502.390879434366,9973.690212386084,637103700
2015-08-25,10115.390625,10168.08979287304,9819.890910282053,9880.390851874052,448305600
2015-08-26,9984.490234375,10132.890479852766,9875.390731707985,10005.790018229618,345702900
2015-08-27,10290.189453125,10357.288992453105,10176.189572132342,10229.58893044991,332907900
2015-08-28,10352.8896484375,10352.8896484375,10235.689574732129,10322.689484460774,202082600
2015-08-31,10258.9892578125,10319.088804257266,10190.389720268076,10297.189413125618,184683800
2015-09-01,9992.7900390625,10148.49008221447,9921.089913820177,10136.089703707952,286174100
2015-09-02,9938.2900390625,10071.08971325755,9855.790120129088,10009.690359527667,278087000
2015-09-03,10042.390625,10118.69035549057,9945.890718840394,10023.79005715044,311827100
2015-09-04,9821.7900390625,9950.789910800302,9737.89070841956,9946.990109890874,325761700
2015-09-07,9805.390625,9931.789913175822,9796.589852515082,9893.490146632765,170275700
2015-09-08,9866.1904296875,9987.690309426062,9857.589852262912,9860.290044902742,222434100
2015-09-09,10037.7900390625,10192.990083383056,10031.08985026852,10078.789999174214,263822000
2015-09-10,9858.990234375,9989.690300225173,9839.99025319505,9929.190360152174,260439000
2015-09-11,9737.890625,9885.990085853738,9722.690444930971,9876.990094879364,261365400
2015-09-14,9696.390625,9836.890483496942,9685.58985462789,9764.789970174768,213979200
2015-09-15,9782.490234375,9834.789986852917,9620.690591208197,9708.2901131347,275760300
2015-09-16,9976.7900390625,9982.990228306042,9842.99036534272,9869.490339403634,286866000
2015-09-17,10106.58984375,10141.790005049885,9988.890738728303,10014.99032288424,344891500
2015-09-18,9847.1904296875,10050.289837645389,9801.690474810574,10048.589644019,557110300
2015-09-21,9856.7900390625,9951.9901400554,9820.290075224875,9826.08987416622,220604700
2015-09-22,9550.1904296875,9857.789724524337,9528.190452183757,9856.089530950385,335148000
2015-09-23,9474.58984375,9659.089653582829,9463.89063602786,9528.990178303626,386536600
2015-09-24,9291.390625,9540.19016818918,9231.290102230563,9492.089632807276,405846400
2015-09-25,9519.490234375,9575.28998182,9430.190521296136,9444.190506934168,317510500
2015-09-28,9394.1904296875,9598.58963126911,9357.390663254784,9500.890514081128,284114700
2015-09-29,9393.890625,9514.390499731711,9264.390759624424,9280.39074299129,303210600
2015-09-30,9559.890625,9606.289991664593,9491.08991403134,9580.589822605343,277069000
2015-10-01,9567.2900390625,9717.990080550868,9543.790063049642,9668.890521293286,273444200
2015-10-02,9603.58984375,9688.089757824371,9428.790216811409,9650.390577409627,280401400
2015-10-05,9971.2900390625,9980.890615597442,9731.49046922853,9777.290229060924,332672200
2015-10-06,10103.2900390625,10138.19039595356,9909.490421697585,9996.490337605315,281156000
2015-10-07,10169.9892578125,10289.788935959985,10119.889701355827,10176.088860744712,369632100
2015-10-08,10181.189453125,10190.289052899,10063.189577626836,10137.789108291763,300043500
2015-10-09,10309.5888671875,10354.088820820292,10224.889736690677,10279.088898967271,365518500
2015-10-12,10246.3896484375,10378.989118796864,10208.489297546756,10318.788986597434,222784500
2015-10-13,10115.2900390625,10229.289929003357,10049.790102298237,10227.390516774609,259780200
2015-10-14,10037.58984375,10128.990145451156,9992.39066897452,10065.390597952495,253688800
2015-10-15,10101.6904296875,10132.690399718844,10055.089888800225,10132.089814361949,239299900
2015-10-16,10231.4892578125,10243.989244688584,10153.088949501109,10174.88970786218,246079200
2015-10-19,10207.2890625,10310.389539934187,10164.689497956932,10221.48924286818,186379800
2015-10-20,10100.58984375,10216.990121834891,10055.089887741044,10196.789946052671,218586200
2015-10-21,10157.4892578125,10188.289029927291,10003.98942014829,10126.088900395363,208277800
2015-10-22,10365.3896484375,10402.489219364305,10109.489523014989,10130.089111041574,272762700
2015-10-23,10476.2890625,10591.88952990298,10418.189512699171,10449.689480399706,344634400
2015-10-26,10478.2890625,10517.588826897962,10408.58893864304,10473.88965294771,248738200
2015-10-27,10322.3896484375,10458.189311802544,10300.68947570769,10458.189311802544,243678900
2015-10-28,10421.8896484375,10440.08884842898,10296.789191445192,10320.989361813774,218571200
2015-10-29,10397.189453125,10455.189393200511,10298.088969576322,10451.789006088731,254878400
2015-10-30,10360.689453125,10405.689406468073,10258.689558880702,10394.18941839151,294535100
2015-11-02,10418.189453125,10463.489211103952,10259.089031235828,10279.289205719942,265782300
2015-11-03,10465.189453125,10465.189453125,10375.389740614077,10398.588935550832,284752700
2015-11-04,10473.4892578125,10631.588705031998,10453.989277812754,10524.789009884147,308326500
2015-11-05,10431.189453125,10552.689328002698,10384.98930539007,10483.889594166145,252121000
2015-11-06,10453.189453125,10500.289014098284,10318.489396236591,10425.789090657896,300129500
2015-11-09,10325.189453125,10476.889490610833,10322.889650830182,10451.588735683395,260461100
2015-11-10,10336.7890625,10376.289021450892,10244.289158627656,10363.98922954557,213290500
2015-11-11,10377.189453125,10463.088778266829,10344.189487285676,10345.08890041713,205122100
2015-11-12,10143.9892578125,10368.989019544342,10113.389680841556,10350.588648404795,276463500
2015-11-13,10111.390625,10201.190342958542,10012.290134774184,10118.290032399023,229553700
2015-11-16,10124.4892578125,10158.088831538003,10005.189579703188,10012.389767376217,172141400
2015-11-17,10363.7890625,10375.98924516687,10199.58903738273,10214.58902183507,246057800
2015-11-18,10261.0888671875,10307.389599965923,10226.4892940343,10283.989233838432,257182700
2015-11-19,10354.689453125,10408.389592727768,10325.68948321022,10340.489272544086,272118200
2015-11-20,10290.2890625,10384.989158953646,10247.588911762829,10373.189366584123,231927700
2015-11-23,10277.3896484375,10307.689421454912,10206.78913629344,10262.289078283498,184507500
2015-11-24,10207.189453125,10231.289037137263,10045.589037258014,10231.289037137263,219025200
2015-11-25,10227.2890625,10247.088846390883,10083.089018647372,10184.189498394437,418774800
2015-11-26,10332.2890625,10352.889627019678,10174.789226248104,10217.28918206211,268316400
2015-11-27,10310.689453125,10390.68936977712,10264.489305946105,10285.789088442434,200143600
2015-11-30,10386.8896484375,10430.289017616096,10275.889763234289,10298.989348719551,258600500
2015-12-01,10379.189453125,10469.189359977468,10344.889683936855,10409.88961666364,208114000
2015-12-02,10341.9892578125,10446.989148749486,10323.489277028364,10411.889575832289,233402800
2015-12-03,10092.890625,10476.589472492726,10083.290048351775,10353.390372947051,355470500
2015-12-04,10078.6904296875,10131.490183215315,9931.08998676566,10046.089875337912,289629100
2015-12-07,10042.390625,10158.190317079216,10021.890644935009,10138.990140437742,219572700
2015-12-08,9837.08984375,10031.190236997214,9790.39067135991,10028.990043868924,221179300
2015-12-09,9835.490234375,9932.08974783667,9713.19055111844,9865.290009474404,250831100
2015-12-10,9778.6904296875,9872.490140700616,9719.390684220514,9779.39062430074,258205300
2015-12-11,9630.6904296875,9791.589680596408,9606.79006329773,9772.8904808076,263237400
2015-12-14,9428.490234375,9732.089529294895,9428.490234375,9657.98999666901,273724800
2015-12-15,9711.58984375,9747.490198274896,9492.490454693456,9496.290255560012,302446400
2015-12-16,9710.990234375,9817.3905180011,9635.690505410872,9762.49018258531,342148400
2015-12-17,9878.490234375,10000.390504492483,9850.890652284246,9909.089813500032,324197600
2015-12-18,9717.08984375,9874.190271802385,9644.890697559767,9794.089766365476,408984200
2015-12-21,9365.7900390625,9558.190229073552,9365.7900390625,9520.490073070669,356508800
2015-12-22,9415.58984375,9456.289996849271,9351.790105234066,9451.79000151656,220106900
2015-12-23,9640.990234375,9661.89060382944,9503.890763871836,9505.589980900651,236264000
2015-12-24,9682.890625,9706.190406188636,9653.08987380538,9662.990254445407,70619000
2015-12-28,9552.490234375,9724.8904487532,9532.990254310063,9675.589717903926,137892200
2015-12-29,9670.390625,9677.690422315814,9606.390689630209,9611.690488965718,147769300
2015-12-30,9641.890625,9696.390569800658,9607.890659436289,9649.990226171456,141292900
2015-12-31,9544.1904296875,9615.589770694123,9538.79004458818,9604.190368295504,79920900
2016-01-04,9313.1904296875,9440.890491096274,9263.690481592155,9429.789916798612,279173100
2016-01-05,9335.1904296875,9446.190313569545,9260.19050814558,9431.49013363503,208637600
2016-01-06,9197.390625,9330.289897952429,9122.589923172049,9330.289897952429,288658500
2016-01-07,9059.291015625,9102.991168540872,8889.691570790483,8973.791098574551,395763700
2016-01-08,8909.19140625,9137.990985222988,8909.19140625,9093.290834007914,310720000
2016-01-11,8886.0908203125,9021.991076521155,8835.090870755575,8849.89163736642,301412900
2016-01-12,8915.3916015625,9041.491086624816,8818.891696695022,8867.89164838939,297575500
2016-01-13,8934.4912109375,9073.991073708308,8877.89165724077,8998.491147979305,300798700
2016-01-14,8787.69140625,8854.49114412734,8662.191531769455,8852.49114612765,329170700
2016-01-15,8543.5908203125,8796.391341498596,8491.891654747069,8769.391369274323,458709500
2016-01-18,8469.291015625,8627.090656554883,8427.291059210731,8525.491152615437,281055300
2016-01-19,8554.8916015625,8656.891496770588,8527.491239087885,8624.290944326007,298446300
2016-01-20,8281.3916015625,8398.391477390227,8205.991290960046,8390.191290780607,371165600
2016-01-21,8444.19140625,8502.491150256723,8277.090994237496,8311.791153432641,358233200
2016-01-22,8722.8916015625,8795.691332898019,8565.69156464254,8637.99129648185,374439300
2016-01-25,8567.69140625,8763.191205698897,8525.89164444228,8763.191205698897,263311000
2016-01-26,8692.4912109375,8697.991205376402,8402.291309048946,8426.091089672256,422229300
2016-01-27,8740.9912109375,8740.9912109375,8608.89173438846,8676.090885569745,225518600
2016-01-28,8590.5908203125,8811.391375660705,8516.791091129753,8697.79090594823,354355700
2016-01-29,8815.791015625,8815.791015625,8671.590964075353,8728.191493583929,402067900
2016-02-01,8788.4912109375,8896.491102930588,8718.391671666597,8849.290954821305,320614100
2016-02-02,8528.69140625,8772.490959695027,8478.491262670195,8767.990964332403,385374100
2016-02-03,8314.4912109375,8519.691189337696,8180.391255035311,8510.290808649628,432076300
2016-02-04,8468.0908203125,8521.691350617813,8286.991398901253,8437.090852487481,375804500
2016-02-05,8499.4912109375,8614.991091502625,8411.291106830015,8477.090843476031,412587000
2016-02-08,8122.091796875,8540.891661830112,8083.391641114075,8537.89166489611,352121500
2016-02-09,7927.59228515625,8212.59151601337,7861.992252147656,8128.9919890242045,484316800
2016-02-10,8143.69189453125,8249.791395760121,7920.891828660312,8013.791636312245,386483800
2016-02-11,7746.2919921875,8047.291688615142,7746.2919921875,8047.291688615142,461010900
2016-02-12,7920.7919921875,7920.7919921875,7771.192530366658,7849.89215977425,385245700
2016-02-15,8179.19189453125,8217.491660349631,8081.391700816562,8132.991746105696,304548800
2016-02-16,8137.591796875,8262.791376195946,8091.991745733254,8262.791376195946,303507100
2016-02-17,8364.8916015625,8366.891599461085,8140.891348640214,8166.19161502576,324399200
2016-02-18,8295.3916015625,8479.590625151523,8255.391643942914,8420.290883292779,312111600
2016-02-19,8194.19140625,8335.19125501403,8104.99130661323,8284.891504277875,312662200
2016-02-22,8386.9912109375,8399.291002735557,8281.691516597748,8290.291116960883,246102900
2016-02-23,8267.5908203125,8447.790824059024,8258.991220079513,8345.391518854585,270113900
2016-02-24,8013.69189453125,8269.091044044962,7968.091844108665,8254.991449274674,307973300
2016-02-25,8215.5908203125,8260.191358536216,8103.491330861854,8128.091402200877,258736000
2016-02-26,8349.19140625,8397.79096446501,8265.191494675386,8313.291053416737,321918200
2016-02-29,8461.3916015625,8463.39159948505,8222.591068360682,8291.891777626275,295553300
2016-03-01,8610.9912109375,8611.590819700492,8423.591011588049,8454.590979947016,322245900
2016-03-02,8764.4912109375,8778.491196898265,8641.191529895352,8662.29111811161,353541200
2016-03-03,8766.9912109375,8811.991165824254,8692.891675848583,8787.891580609512,273569500
2016-03-04,8811.5908203125,8877.891535431294,8734.59089711556,8812.590819315057,322349700
2016-03-07,8786.791015625,8834.691358337275,8672.791129654357,8785.691407349892,272400400
2016-03-08,8740.291015625,8848.79090651967,8663.191483779754,8736.291019647317,310223700
2016-03-09,8761.0908203125,8889.590691402365,8740.991231101261,8765.491206523066,315888800
2016-03-10,8766.8916015625,9105.790675868871,8730.590856705046,8781.99119579972,533686300
2016-03-11,9090.5908203125,9101.291005279732,8913.590991441373,8930.291170607627,476002100
2016-03-14,9142.69140625,9217.290943910888,9120.0908420389,9156.090807431372,362896100
2016-03-15,8988.291015625,9122.191275317686,8961.590846420851,9099.4911022022,376244300
2016-03-16,8962.791015625,9061.991113660228,8898.590883268222,9018.391547039691,253937700
2016-03-17,8978.791015625,9071.191315802187,8782.791207483187,9064.891517281369,385793800
2016-03-18,9051.0908203125,9074.491188214572,8904.691548411025,8995.291069809353,395747100
2016-03-21,9020.9912109375,9138.891486693426,8966.491264036258,9006.090834829789,182192400
2016-03-22,8991.9912109375,8991.9912109375,8840.391749740707,8969.291037812882,216829500
2016-03-23,8927.0908203125,9045.991093875631,8880.191452424222,9017.191317542613,186646500
2016-03-24,8789.791015625,8890.790914633471,8781.69141434893,8862.491138243404,209356300
2016-03-29,8808.291015625,8906.491112951773,8751.491267613254,8843.191371425832,235004200
2016-03-30,8870.19140625,8960.691316577822,8856.090834284105,8874.391597400725,223834700
2016-03-31,8723.0908203125,8827.89149596923,8698.291040612337,8825.491107762771,318399000
2016-04-01,8602.291015625,8677.191329723462,8531.79108765561,8624.590797528548,325370400
2016-04-04,8597.4912109375,8712.891483590853,8552.191452559138,8589.291024007905,212417400
2016-04-05,8387.69140625,8491.49110217074,8377.691416728512,8483.7909149269,272827800
2016-04-06,8398.5908203125,8468.891527993335,8340.191467364486,8398.791015415498,287750100
2016-04-07,8292.8916015625,8431.391454776081,8256.090859315063,8418.19127345354,311341800
2016-04-08,8427.5908203125,8462.790978915056,8309.891724309882,8309.891724309882,297771900
2016-04-11,8497.5908203125,8563.39153350479,8344.391760016366,8413.391688649705,270182600
2016-04-12,8546.291015625,8587.891558780226,8425.590944441255,8519.791042877749,326591700
2016-04-13,8820.69140625,8820.69140625,8596.0910441075,8660.09098033705,415148700
2016-04-14,8861.4912109375,8870.891592238951,8743.49132797292,8853.991218376192,343392500
2016-04-15,8850.8916015625,8886.590784862698,8809.291056934939,8855.39159709394,275854000
2016-04-18,8881.5908203125,8891.491201140261,8674.091025650563,8703.391777905066,243875900
2016-04-19,8971.291015625,9004.191374017928,8890.191485702204,8914.491266583509,293009300
2016-04-20,9147.19140625,9161.891587437856,8939.991410025246,8948.391792578754,305434000
2016-04-21,9197.1904296875,9218.690406858712,9120.589925084818,9178.490254230945,324423800
2016-04-22,9232.7900390625,9244.390612729943,9161.58991905916,9183.8906767214,299600000
2016-04-25,9139.9912109375,9257.491097949003,9123.69142192396,9225.391519441124,232568900
2016-04-26,9282.990234375,9299.49021701716,9162.690556241714,9171.8907418757,295440900
2016-04-27,9332.58984375,9360.190400806268,9276.990292554388,9306.690456788629,306651800
2016-04-28,9268.990234375,9268.990234375,9085.49042770677,9227.589887368587,353270500
2016-04-29,9025.69140625,9195.89143582465,9025.69140625,9161.39146942012,333507900
2016-05-02,9022.0908203125,9092.590751633486,8980.791055858048,9066.891557918903,144920400
2016-05-03,8764.8916015625,9015.09056942356,8753.69141748107,9009.391356388487,297607600
2016-05-04,8654.291015625,8802.29086532038,8648.590826101457,8767.790900357606,279480200
2016-05-05,8689.3916015625,8792.491106655401,8660.891630389377,8698.191397349266,237813300
2016-05-06,8702.0908203125,8768.290948763244,8563.891741142788,8659.49125396282,266577400
2016-05-09,8660.791015625,8839.691224700173,8643.590837767422,8776.090703305155,249799400
2016-05-10,8775.19140625,8831.090764324781,8711.791079125545,8749.39162740306,225696500
2016-05-11,8663.8916015625,8793.691274575056,8614.090870832722,8772.991100261796,217295500
2016-05-12,8663.0908203125,8786.991085235577,8582.191488325705,8629.39163575171,247425000
2016-05-13,8721.4912109375,8752.590788971973,8596.291141795078,8622.691505815174,211088900
2016-05-16,8682.0908203125,8701.590800572261,8579.791119185133,8626.39165794793,120694400
2016-05-17,8698.69140625,8829.491078778943,8645.791069074921,8743.691360782539,221831300
2016-05-18,8775.0908203125,8797.191384114249,8632.79115815123,8647.29114362816,201504000
2016-05-19,8674.69140625,8785.19129429323,8669.590825480329,8745.49113920431,245147900
2016-05-20,8771.19140625,8793.790992979368,8713.791073142285,8737.491244706325,172275200
2016-05-23,8713.9912109375,8809.891504836021,8677.29105264133,8776.19134351401,181046800
2016-05-24,8918.0908203125,8938.790995224319,8670.891845184962,8687.291243085334,208850000
2016-05-25,9124.9912109375,9149.290992219794,8982.090957952003,8988.491342412244,307936100
2016-05-26,9079.19140625,9101.79099374759,9020.39165848328,9074.39160620892,383453400
2016-05-27,9107.291015625,9126.29099728892,9026.59089819278,9045.391661298956,262448800
2016-05-30,9116.8916015625,9133.99119445278,9066.491259525525,9110.891607346744,119753200
2016-05-31,9033.9912109375,9155.491092731712,9013.191426485862,9130.49111705389,309221200
2016-06-01,8916.8916015625,9033.391486732711,8880.891637046383,9028.290905822672,264047200
2016-06-02,8957.8916015625,9056.590723473557,8907.491260387947,8918.590858872542,316094100
2016-06-03,8801.5908203125,9038.39136509902,8756.79106036099,9004.290813213533,272779100
2016-06-06,8823.4912109375,8870.89155434711,8785.590858064968,8810.09083366059,180467900
2016-06-07,8894.4912109375,8945.891550771423,8865.791043984977,8872.991232182634,208139400
2016-06-08,8831.3916015625,8866.891566232687,8798.191439291033,8857.891575189542,252005700
2016-06-09,8769.4912109375,8832.691342908822,8751.291033865795,8806.790978241988,316748600
2016-06-10,8490.4912109375,8732.590569699627,8486.79101945531,8732.191156050587,388954600
2016-06-13,8303.791015625,8424.891473384962,8291.491223956089,8388.191316917366,290427500
2016-06-14,8126.69189453125,8270.391943065371,8124.791505847349,8238.591194297353,342432200
2016-06-15,8250.791015625,8315.790946384554,8193.291076876165,8216.79105184308,322391100
2016-06-16,8199.8916015625,8220.590798126044,8106.991310512775,8150.691458985225,331333900
2016-06-17,8361.9912109375,8425.191339822057,8278.291103599917,8290.19148171675,472788200
2016-06-20,8647.0908203125,8652.090815230413,8578.590889937092,8592.69146154251,281896800
2016-06-21,8667.291015625,8697.891570532021,8607.691466686894,8636.89163238898,272659900
2016-06-22,8701.9912109375,8774.290942601843,8605.691503513273,8711.891591563057,247584300
2016-06-23,8885.291015625,8911.991184526496,8684.79121395337,8758.891726592872,319105900
2016-06-24,7787.7001953125,8328.400390625,7743.39990234375,8263.599609375,108447500
2016-06-27,7645.5,8053.2001953125,7579.7998046875,8001.5,768018900
2016-06-28,7835.0,7916.89990234375,7793.7001953125,7836.7998046875,467336500
2016-06-29,8105.2998046875,8105.2998046875,7935.10009765625,7947.0,407524600
2016-06-30,8163.2998046875,8186.7998046875,7993.89990234375,8081.7001953125,456692600
2016-07-01,8268.900390625,8304.400390625,8134.10009765625,8240.099609375,304249300
2016-07-04,8255.900390625,8328.099609375,8229.400390625,8302.900390625,216883900
2016-07-05,8067.60009765625,8196.0,8050.39990234375,8176.2001953125,321763000
2016-07-06,7926.2001953125,8040.10009765625,7857.7998046875,8005.7001953125,376839600
2016-07-07,8008.2001953125,8064.39990234375,7966.2998046875,7996.39990234375,269739200
2016-07-08,8185.89990234375,8242.7998046875,7961.2001953125,7985.60009765625,327413800
2016-07-11,8305.099609375,8319.7001953125,8168.7001953125,8265.7998046875,245091400
2016-07-12,8506.0,8528.2998046875,8292.599609375,8313.7998046875,376504700
2016-07-13,8473.900390625,8580.2998046875,8426.400390625,8471.900390625,384221700
2016-07-14,8552.2998046875,8593.7998046875,8454.2001953125,8563.7001953125,271812400
2016-07-15,8531.0,8582.2998046875,8446.2001953125,8527.2998046875,264729100
2016-07-18,8524.400390625,8609.099609375,8446.2998046875,8552.900390625,208110000
2016-07-19,8485.2001953125,8559.0,8439.2998046875,8490.7001953125,221863600
2016-07-20,8575.5,8576.599609375,8470.2998046875,8556.0,228569300
2016-07-21,8583.599609375,8620.900390625,8501.0,8589.2998046875,274297800
2016-07-22,8599.900390625,8618.900390625,8516.2998046875,8566.2998046875,299865000
2016-07-25,8575.7001953125,8647.599609375,8537.099609375,8605.7001953125,187645100
2016-07-26,8560.2001953125,8587.2998046875,8485.7998046875,8574.5,214209300
2016-07-27,8661.400390625,8720.2001953125,8581.599609375,8593.599609375,240186300
2016-07-28,8479.2001953125,8659.099609375,8479.2001953125,8630.0,256587100
2016-07-29,8587.2001953125,8619.0,8505.599609375,8525.099609375,293413200
2016-08-01,8513.400390625,8679.099609375,8496.7998046875,8667.5,258295400
2016-08-02,8277.2998046875,8498.2001953125,8256.599609375,8495.599609375,342281900
2016-08-03,8263.5,8329.7001953125,8229.400390625,8319.099609375,244861000
2016-08-04,8385.5,8424.599609375,8318.599609375,8324.099609375,214141800
2016-08-05,8539.400390625,8552.5,8422.0,8422.400390625,179769100
2016-08-08,8562.5,8632.400390625,8548.099609375,8573.5,171197100
2016-08-09,8665.400390625,8673.900390625,8531.7998046875,8541.099609375,166826100
2016-08-10,8658.900390625,8688.599609375,8598.7001953125,8610.5,187369700
2016-08-11,8719.5,8719.5,8626.5,8699.0,142879200
2016-08-12,8716.400390625,8747.599609375,8698.0,8704.5,123766500
2016-08-15,8720.599609375,8753.599609375,8694.599609375,8711.0,81080100
2016-08-16,8621.7001953125,8714.2998046875,8621.7001953125,8689.0,153277400
2016-08-17,8487.0,8652.7001953125,8485.599609375,8646.2001953125,154959300
2016-08-18,8550.099609375,8555.099609375,8481.2998046875,8549.2001953125,166802000
2016-08-19,8450.599609375,8556.2998046875,8393.5,8556.2001953125,162782700
2016-08-22,8468.0,8522.7998046875,8407.599609375,8431.2998046875,135099200
2016-08-23,8580.900390625,8602.400390625,8506.2998046875,8512.7998046875,163441900
2016-08-24,8655.5,8665.900390625,8509.7998046875,8532.0,196134900
2016-08-25,8599.5,8628.099609375,8555.0,8612.2998046875,132154700
2016-08-26,8659.5,8673.900390625,8566.5,8595.7001953125,125654500
2016-08-29,8616.400390625,8660.900390625,8573.7001953125,8611.2001953125,98605500
2016-08-30,8685.400390625,8731.900390625,8629.0,8629.400390625,155905500
2016-08-31,8716.7998046875,8780.7001953125,8671.400390625,8677.400390625,297356800
2016-09-01,8762.7998046875,8884.900390625,8730.7998046875,8746.2998046875,300780300
2016-09-02,8908.900390625,8912.599609375,8743.2001953125,8789.900390625,227596500
2016-09-05,8953.2998046875,8979.2998046875,8913.5,8928.400390625,153716100
2016-09-06,8899.5,8996.2998046875,8893.900390625,8991.400390625,187938400
2016-09-07,9015.2998046875,9021.900390625,8908.7001953125,8931.7998046875,206123200
2016-09-08,9101.099609375,9115.599609375,8974.900390625,9028.599609375,251730200
2016-09-09,9025.5,9135.7998046875,9004.7998046875,9065.5,232053100
2016-09-12,8866.599609375,8880.7001953125,8790.7998046875,8877.099609375,243739800
2016-09-13,8724.2001953125,8924.0,8724.2001953125,8907.2001953125,216031400
2016-09-14,8702.400390625,8779.599609375,8684.2001953125,8769.900390625,232216100
2016-09-15,8720.5,8742.7998046875,8665.400390625,8697.0,214617800
2016-09-16,8633.400390625,8725.099609375,8603.2998046875,8700.900390625,406191900
2016-09-19,8715.5,8736.2998046875,8689.5,8723.5,185972500
2016-09-20,8686.099609375,8735.2001953125,8649.5,8695.099609375,167672000
2016-09-21,8758.5,8837.400390625,8748.0,8817.0,247434800
2016-09-22,8934.900390625,8966.099609375,8815.2998046875,8819.7998046875,279394200
2016-09-23,8823.599609375,8893.900390625,8785.7998046875,8885.900390625,315879000
2016-09-26,8711.400390625,8765.400390625,8630.0,8765.400390625,261947400
2016-09-27,8688.2001953125,8781.0,8634.2001953125,8776.0,268218800
2016-09-28,8740.400390625,8806.5,8715.7998046875,8744.0,196357700
2016-09-29,8796.2998046875,8864.7998046875,8778.400390625,8834.0,226720500
2016-09-30,8779.400390625,8805.400390625,8543.099609375,8649.0,452000800
2016-10-03,8751.599609375,8788.900390625,8707.2001953125,8759.0,157193600
2016-10-04,8769.0,8810.099609375,8741.2001953125,8769.0,212647000
2016-10-05,8778.2998046875,8788.2001953125,8669.2998046875,8691.2998046875,243782000
2016-10-06,8757.400390625,8846.400390625,8742.2998046875,8820.7998046875,273331200
2016-10-07,8624.2998046875,8762.2998046875,8596.0,8759.900390625,284890200
2016-10-10,8701.5,8713.7001953125,8566.7001953125,8631.2998046875,200512900
2016-10-11,8693.2001953125,8752.599609375,8657.5,8690.400390625,210898300
2016-10-12,8686.5,8760.0,8677.099609375,8714.5,165217700
2016-10-13,8608.7001953125,8634.900390625,8551.2001953125,8634.900390625,289157500
2016-10-14,8767.900390625,8800.7998046875,8635.5,8640.7998046875,244609600
2016-10-17,8740.7001953125,8784.7998046875,8714.5,8721.0,215142900
2016-10-18,8865.2998046875,8879.7998046875,8769.900390625,8786.5,253498100
2016-10-19,8950.099609375,8956.900390625,8842.5,8890.2998046875,261206800
2016-10-20,9061.2001953125,9077.2001953125,8961.599609375,8975.400390625,297549800
2016-10-21,9100.400390625,9100.400390625,9035.599609375,9063.7001953125,260459500
2016-10-24,9216.2001953125,9255.2998046875,9145.5,9156.400390625,335319800
2016-10-25,9139.7001953125,9236.599609375,9116.400390625,9207.7998046875,286933500
2016-10-26,9173.2998046875,9183.7001953125,9111.2001953125,9151.5,271798600
2016-10-27,9197.2001953125,9200.0,9102.7998046875,9163.5,310939300
2016-10-28,9201.2998046875,9206.599609375,9086.0,9150.400390625,341230200
2016-10-31,9143.2998046875,9171.7001953125,9109.2001953125,9144.900390625,271723100
2016-11-01,9040.7001953125,9214.099609375,9032.0,9206.5,224858200
2016-11-02,8873.400390625,8973.900390625,8864.7998046875,8972.7998046875,271690400
2016-11-03,8879.900390625,8929.7001953125,8835.5,8858.2001953125,248753000
2016-11-04,8791.599609375,8866.099609375,8755.099609375,8862.2998046875,230506300
2016-11-07,8918.7998046875,8960.099609375,8890.7001953125,8949.400390625,211367900
2016-11-08,8937.0,8952.0,8859.7998046875,8936.7998046875,253818500
2016-11-09,8901.5,8901.900390625,8570.400390625,8595.2998046875,582353800
2016-11-10,8756.7998046875,9053.900390625,8708.400390625,8983.0,559622100
2016-11-11,8639.2001953125,8840.099609375,8614.099609375,8819.5,358277200
2016-11-14,8658.2001953125,8765.2001953125,8602.099609375,8733.0,331686800
2016-11-15,8687.099609375,8707.900390625,8620.599609375,8665.7001953125,282996400
2016-11-16,8638.5,8753.099609375,8563.599609375,8712.900390625,287027500
2016-11-17,8718.0,8718.0,8611.599609375,8622.400390625,274428900
2016-11-18,8622.900390625,8756.2998046875,8581.5,8754.7001953125,293094300
2016-11-21,8614.599609375,8660.900390625,8558.5,8659.900390625,199677200
2016-11-22,8651.5,8684.7001953125,8640.7001953125,8672.7998046875,285020700
2016-11-23,8627.5,8673.599609375,8604.7998046875,8666.599609375,273134500
2016-11-24,8657.2001953125,8672.7001953125,8614.599609375,8657.400390625,166344500
2016-11-25,8674.400390625,8674.7998046875,8623.7998046875,8671.0,170456600
2016-11-28,8619.2998046875,8698.900390625,8586.7001953125,8651.7998046875,270082700
2016-11-29,8667.0,8697.7998046875,8591.400390625,8614.2998046875,215903500
2016-11-30,8688.2001953125,8714.900390625,8638.400390625,8662.7001953125,350822000
2016-12-01,8669.2001953125,8711.2998046875,8632.7001953125,8671.599609375,365923400
2016-12-02,8607.099609375,8635.599609375,8576.0,8610.599609375,249927400
2016-12-05,8664.7001953125,8750.7998046875,8512.400390625,8533.900390625,287995000
2016-12-06,8893.2998046875,8906.599609375,8670.5,8692.400390625,316375500
2016-12-07,8960.400390625,8974.7001953125,8912.599609375,8951.2001953125,361002000
2016-12-08,9145.400390625,9179.599609375,8992.599609375,9002.5,468932800
2016-12-09,9169.599609375,9179.400390625,9093.400390625,9121.099609375,330164800
2016-12-12,9186.400390625,9208.599609375,9148.5,9171.7001953125,258101300
2016-12-13,9331.2998046875,9341.900390625,9132.599609375,9160.900390625,362541300
2016-12-14,9218.400390625,9319.400390625,9207.099609375,9306.900390625,297101300
2016-12-15,9340.7998046875,9354.7998046875,9220.2998046875,9225.7998046875,363016800
2016-12-16,9412.7998046875,9452.900390625,9299.2998046875,9310.2998046875,577320300
2016-12-19,9336.7001953125,9387.0,9336.0,9376.7998046875,266991700
2016-12-20,9407.900390625,9421.5,9322.2998046875,9329.099609375,261181900
2016-12-21,9371.7001953125,9420.7998046875,9300.2998046875,9384.7001953125,336065600
2016-12-22,9333.599609375,9374.7998046875,9297.5,9341.5,181125400
2016-12-23,9367.7001953125,9377.900390625,9339.599609375,9347.400390625,156027000
2016-12-27,9376.599609375,9390.900390625,9346.900390625,9354.7998046875,109294800
2016-12-28,9344.900390625,9369.2001953125,9317.7001953125,9357.2001953125,151820400
2016-12-29,9327.099609375,9333.400390625,9269.5,9283.400390625,130742400
2016-12-30,9352.099609375,9352.099609375,9293.2001953125,9310.0,166814400
2017-01-03,9494.7001953125,9552.099609375,9438.7998046875,9448.2998046875,280878700
2017-01-04,9462.900390625,9538.400390625,9424.099609375,9522.099609375,238018000
2017-01-05,9488.2001953125,9507.2001953125,9413.599609375,9427.900390625,221279300
2017-01-06,9515.900390625,9515.900390625,9451.2001953125,9487.0,144566300
2017-01-09,9492.7998046875,9536.900390625,9446.2001953125,9536.900390625,194378000
2017-01-10,9452.0,9497.2998046875,9425.0,9497.099609375,220458300
2017-01-11,9408.599609375,9468.099609375,9378.599609375,9456.400390625,298554800
2017-01-12,9407.400390625,9452.2998046875,9343.0,9378.0,261902900
2017-01-13,9511.599609375,9524.2998046875,9416.7001953125,9445.099609375,210314400
2017-01-16,9410.0,9465.2001953125,9407.7998046875,9457.2001953125,197583800
2017-01-17,9394.900390625,9429.0,9361.900390625,9390.400390625,255119800
2017-01-18,9386.2001953125,9430.7998046875,9362.2001953125,9425.099609375,211880300
2017-01-19,9379.099609375,9431.2998046875,9327.400390625,9406.400390625,259102800
2017-01-20,9380.099609375,9439.0,9345.2001953125,9377.5,238865500
2017-01-23,9304.7998046875,9362.400390625,9279.0,9337.7998046875,197619300
2017-01-24,9387.2001953125,9387.2001953125,9296.599609375,9319.2001953125,201309700
2017-01-25,9549.2998046875,9588.7998046875,9479.400390625,9483.5,404755500
2017-01-26,9512.7998046875,9623.5,9495.5,9601.599609375,285947300
2017-01-27,9504.099609375,9533.5,9420.2001953125,9531.400390625,234868100
2017-01-30,9361.2998046875,9472.7998046875,9349.099609375,9460.599609375,220036700
2017-01-31,9315.2001953125,9430.2998046875,9315.2001953125,9365.900390625,282766800
2017-02-01,9330.7998046875,9423.2998046875,9304.5,9416.0,304379900
2017-02-02,9406.400390625,9426.400390625,9301.5,9321.2001953125,293592400
2017-02-03,9462.7001953125,9482.599609375,9396.7998046875,9435.2998046875,393825900
2017-02-06,9357.2998046875,9482.0,9337.400390625,9459.400390625,287143900
2017-02-07,9331.5,9389.2001953125,9304.5,9321.900390625,284076000
2017-02-08,9329.7001953125,9378.400390625,9236.599609375,9362.0,312727400
2017-02-09,9438.400390625,9444.900390625,9318.099609375,9353.900390625,274080900
2017-02-10,9378.099609375,9498.2998046875,9356.0,9478.2001953125,231384700
2017-02-13,9484.099609375,9501.2998046875,9387.7001953125,9421.900390625,178862800
2017-02-14,9510.2001953125,9528.599609375,9461.0,9489.099609375,206909700
2017-02-15,9584.099609375,9612.7998046875,9528.2001953125,9557.099609375,235349200
2017-02-16,9554.7001953125,9614.599609375,9526.0,9582.5,213987000
2017-02-17,9500.2998046875,9571.0,9438.2001953125,9564.7998046875,234061700
2017-02-20,9526.599609375,9577.7001953125,9512.0,9564.400390625,178864500
2017-02-21,9561.0,9591.2998046875,9467.599609375,9523.599609375,209805000
2017-02-22,9477.2001953125,9606.099609375,9439.7001953125,9577.7001953125,280841300
2017-02-23,9493.400390625,9541.7998046875,9479.7001953125,9519.7998046875,276005300
2017-02-24,9453.5,9530.400390625,9383.099609375,9513.7001953125,285872900
2017-02-27,9464.2998046875,9499.2998046875,9427.7001953125,9494.0,194245300
2017-02-28,9555.5,9570.7001953125,9484.0,9515.0,279234600
2017-03-01,9751.5,9756.5,9616.599609375,9618.0,351704200
2017-03-02,9716.0,9762.2998046875,9715.7998046875,9753.099609375,275016300
2017-03-03,9798.5,9799.599609375,9669.2001953125,9694.5,308709300
2017-03-06,9804.099609375,9825.2998046875,9753.900390625,9772.2998046875,228402800
2017-03-07,9801.7001953125,9819.7998046875,9767.400390625,9817.7001953125,172061100
2017-03-08,9850.5,9881.2998046875,9785.099609375,9792.2998046875,247118100
2017-03-09,9998.400390625,10014.5,9837.400390625,9844.900390625,390804800
2017-03-10,10006.400390625,10091.400390625,9989.099609375,10038.7998046875,405124800
2017-03-13,9995.900390625,10023.400390625,9957.400390625,10020.0,193631600
2017-03-14,9905.099609375,9995.0,9886.900390625,9987.7001953125,234655700
2017-03-15,9983.2001953125,10000.099609375,9913.2001953125,9931.2001953125,265807200
2017-03-16,10168.0,10175.2998046875,10063.7001953125,10090.7998046875,412425100
2017-03-17,10245.7998046875,10250.2001953125,10143.900390625,10153.0,452778600
2017-03-20,10214.0,10243.0,10189.0,10216.7001953125,188819600
2017-03-21,10211.900390625,10334.7001953125,10188.900390625,10270.5,313017600
2017-03-22,10229.2998046875,10268.7998046875,10092.7998046875,10151.7998046875,299747100
2017-03-23,10324.900390625,10324.900390625,10202.0,10248.900390625,226579900
2017-03-24,10309.400390625,10330.2998046875,10276.2001953125,10312.5,189556100
2017-03-27,10302.900390625,10302.900390625,10191.099609375,10218.5,221937100
2017-03-28,10389.0,10394.7998046875,10312.900390625,10345.599609375,215145300
2017-03-29,10367.599609375,10424.5,10303.2001953125,10409.2001953125,232255800
2017-03-30,10405.900390625,10406.0,10348.5,10372.099609375,207203700
2017-03-31,10462.900390625,10462.900390625,10352.2001953125,10368.5,252476900
2017-04-03,10325.2998046875,10457.7001953125,10324.599609375,10457.7001953125,321622900
2017-04-04,10361.2001953125,10361.2001953125,10270.2998046875,10304.099609375,303646300
2017-04-05,10402.7001953125,10467.2998046875,10369.099609375,10377.2001953125,254049700
2017-04-06,10518.900390625,10534.5,10322.0,10349.599609375,230287500
2017-04-07,10529.0,10529.0,10443.5,10466.900390625,194305600
2017-04-10,10437.7001953125,10509.0,10436.5,10507.900390625,222748500
2017-04-11,10416.2998046875,10463.2001953125,10358.900390625,10381.400390625,309439500
2017-04-12,10360.5,10486.0,10353.7998046875,10441.2998046875,310210400
2017-04-13,10326.099609375,10350.400390625,10264.599609375,10347.900390625,233810100
2017-04-18,10264.5,10370.599609375,10216.900390625,10365.599609375,283861300
2017-04-19,10370.2998046875,10377.5,10266.0,10272.7001953125,324419400
2017-04-20,10372.5,10473.900390625,10328.5,10349.2998046875,292272500
2017-04-21,10377.0,10434.400390625,10307.7001953125,10388.599609375,325215300
2017-04-24,10766.7998046875,10769.7998046875,10668.0,10714.2001953125,496989600
2017-04-25,10783.099609375,10828.7998046875,10719.0,10786.099609375,299930000
2017-04-26,10763.400390625,10815.2998046875,10710.900390625,10810.400390625,278421400
2017-04-27,10683.900390625,10722.2001953125,10663.2998046875,10718.7998046875,273464800
2017-04-28,10715.7998046875,10745.5,10622.7998046875,10658.400390625,298337300
2017-05-02,10820.2998046875,10820.2998046875,10719.400390625,10737.7001953125,225313300
2017-05-03,10837.0,10841.099609375,10769.0,10793.0,192962800
2017-05-04,11012.900390625,11012.900390625,10856.400390625,10872.099609375,310817000
2017-05-05,11135.400390625,11135.400390625,10967.2001953125,10971.5,363491900
2017-05-08,11096.2998046875,11184.400390625,11036.7998046875,11177.2998046875,316178000
2017-05-09,11049.2001953125,11135.099609375,11047.099609375,11120.099609375,268383400
2017-05-10,11034.7998046875,11053.5,10958.400390625,11029.599609375,347633500
2017-05-11,10861.400390625,11052.599609375,10823.900390625,11051.2998046875,400682600
2017-05-12,10897.0,10907.599609375,10836.0,10861.900390625,262435000
2017-05-15,10957.7998046875,10960.5,10891.900390625,10941.099609375,200105000
2017-05-16,10982.400390625,10991.2001953125,10928.2998046875,10959.7998046875,263755600
2017-05-17,10786.099609375,10965.900390625,10761.2998046875,10925.900390625,304084200
2017-05-18,10684.900390625,10756.5,10564.2998046875,10727.7998046875,414319000
2017-05-19,10835.400390625,10843.599609375,10689.900390625,10711.7998046875,320250400
2017-05-22,10793.400390625,10851.0,10761.400390625,10843.5,226730400
2017-05-23,10916.2998046875,10928.7001953125,10756.5,10766.2998046875,238314200
2017-05-24,10907.400390625,10942.7998046875,10882.2998046875,10931.2001953125,204710400
2017-05-25,10937.7001953125,10983.900390625,10920.7001953125,10971.2001953125,184795500
2017-05-26,10904.2001953125,10918.7998046875,10801.599609375,10911.099609375,179953300
2017-05-29,10884.0,10915.400390625,10844.7998046875,10864.0,110544400
2017-05-30,10876.900390625,10918.5,10788.7001953125,10812.5,217854300
2017-05-31,10880.0,10957.7998046875,10856.2001953125,10885.0,740246400
2017-06-01,10881.0,10909.099609375,10836.400390625,10891.599609375,434893600
2017-06-02,10905.900390625,11007.7001953125,10879.599609375,10960.0,426278800
2017-06-05,10884.7001953125,10916.400390625,10842.099609375,10889.599609375,297625800
2017-06-06,10879.7001953125,10907.7998046875,10817.900390625,10859.0,403560300
2017-06-07,10871.7001953125,10946.900390625,10761.7001953125,10813.599609375,276982200
2017-06-08,10953.099609375,10981.2998046875,10837.400390625,10847.2001953125,262972200
2017-06-09,10978.2998046875,11048.0,10884.7001953125,10947.2001953125,223090700
2017-06-12,10842.400390625,10936.599609375,10818.5,10929.7001953125,193102400
2017-06-13,10882.099609375,10937.0,10846.5,10872.599609375,154037100
2017-06-14,10775.7998046875,10934.0,10775.2998046875,10858.5,189418700
2017-06-15,10699.599609375,10751.599609375,10598.0,10750.7998046875,225300500
2017-06-16,10759.400390625,10786.2998046875,10702.099609375,10731.900390625,348073200
2017-06-19,10848.900390625,10884.2001953125,10807.599609375,10839.7998046875,151494000
2017-06-20,10746.099609375,10901.5,10746.099609375,10892.2998046875,155900900
2017-06-21,10740.7001953125,10761.5,10615.900390625,10721.900390625,138994100
2017-06-22,10709.900390625,10725.2001953125,10641.900390625,10709.599609375,128773800
2017-06-23,10630.7998046875,10715.5,10596.2998046875,10685.599609375,120330400
2017-06-26,10696.599609375,10757.0,10656.5,10666.099609375,123202500
2017-06-27,10647.900390625,10726.2001953125,10643.900390625,10674.0,180892300
2017-06-28,10702.7001953125,10716.7001953125,10526.599609375,10607.7998046875,232685600
2017-06-29,10531.099609375,10772.0,10514.5,10735.900390625,242894100
2017-06-30,10444.5,10583.7001953125,10433.2001953125,10541.2001953125,197988500
2017-07-03,10604.2001953125,10615.099609375,10502.2001953125,10507.599609375,161641800
2017-07-04,10566.7001953125,10611.400390625,10530.2998046875,10543.2998046875,150484000
2017-07-05,10523.599609375,10589.5,10509.5,10535.900390625,191741800
2017-07-06,10498.400390625,10546.2001953125,10402.0,10546.099609375,211678300
2017-07-07,10488.7998046875,10505.7001953125,10433.5,10495.2001953125,164172700
2017-07-10,10509.5,10535.900390625,10451.400390625,10525.400390625,152202800
2017-07-11,10449.099609375,10536.900390625,10438.7998046875,10531.5,156562500
2017-07-12,10560.400390625,10580.5,10470.5,10482.2001953125,191888400
2017-07-13,10658.2998046875,10674.099609375,10583.099609375,10594.5,205967900
2017-07-14,10655.099609375,10704.2998046875,10619.2998046875,10664.599609375,164865000
2017-07-17,10651.2001953125,10670.2998046875,10604.2001953125,10665.5,144914700
2017-07-18,10524.5,10684.599609375,10511.5,10616.0,179655500
2017-07-19,10588.099609375,10588.099609375,10456.099609375,10533.900390625,275332600
2017-07-20,10564.7998046875,10627.2001953125,10534.7998046875,10597.400390625,244518200
2017-07-21,10426.599609375,10562.7998046875,10381.2001953125,10530.7001953125,207706400
2017-07-24,10446.5,10480.2001953125,10368.099609375,10432.0,161233400
2017-07-25,10523.400390625,10621.2998046875,10446.2001953125,10451.2001953125,206504500
2017-07-26,10575.400390625,10584.599609375,10508.5,10523.7998046875,152251800
2017-07-27,10603.400390625,10652.900390625,10544.400390625,10549.2998046875,161507700
2017-07-28,10536.099609375,10577.2998046875,10497.7001953125,10574.400390625,226261700
2017-07-31,10502.2001953125,10593.900390625,10495.400390625,10536.599609375,166102800
2017-08-01,10586.7001953125,10622.2001953125,10510.900390625,10613.400390625,150972800
2017-08-02,10513.900390625,10607.7998046875,10493.099609375,10592.2998046875,135542300
2017-08-03,10549.099609375,10553.7998046875,10416.900390625,10487.2001953125,133004200
2017-08-04,10658.400390625,10696.099609375,10516.400390625,10525.0,148692900
2017-08-07,10676.5,10689.7998046875,10643.5,10682.7998046875,90544600
2017-08-08,10734.7001953125,10758.2001953125,10665.2001953125,10674.400390625,111255100
2017-08-09,10596.0,10705.900390625,10525.099609375,10681.400390625,153526500
2017-08-10,10450.0,10584.2998046875,10416.7001953125,10576.599609375,148105500
2017-08-11,10282.900390625,10399.0,10252.400390625,10377.2998046875,163182000
2017-08-14,10461.2001953125,10490.599609375,10329.2998046875,10329.400390625,108126800
2017-08-15,10481.5,10508.7001953125,10436.7001953125,10489.0,79389800
2017-08-16,10544.2998046875,10575.900390625,10517.400390625,10521.0,95932800
2017-08-17,10443.7998046875,10537.099609375,10428.599609375,10535.7001953125,129085000
2017-08-18,10385.7001953125,10392.5,10284.7998046875,10323.599609375,129448100
2017-08-21,10360.2001953125,10418.2001953125,10330.400390625,10360.0,84931000
2017-08-22,10409.7998046875,10440.400390625,10360.2001953125,10425.2001953125,83380200
2017-08-23,10338.099609375,10445.0,10309.7998046875,10414.0,95485300
2017-08-24,10357.400390625,10421.900390625,10357.2001953125,10378.7001953125,98551800
2017-08-25,10345.2998046875,10419.7998046875,10334.0,10373.900390625,71646600
2017-08-28,10285.900390625,10360.2001953125,10284.2001953125,10313.7001953125,51537000
2017-08-29,10192.599609375,10244.7001953125,10134.2998046875,10233.2001953125,147974000
2017-08-30,10245.7998046875,10274.2998046875,10216.7998046875,10264.599609375,94776200
2017-08-31,10299.5,10354.2998046875,10275.099609375,10279.5,179780900
2017-09-01,10325.5,10366.5,10314.099609375,10328.7998046875,103848500
2017-09-04,10243.2001953125,10274.7001953125,10229.7998046875,10234.099609375,80706600
2017-09-05,10179.7998046875,10287.599609375,10173.599609375,10244.7001953125,136704600
2017-09-06,10131.0,10176.900390625,10096.7998046875,10130.900390625,132345600
2017-09-07,10124.900390625,10189.5,10118.400390625,10175.2001953125,179636700
2017-09-08,10129.599609375,10165.7001953125,10087.599609375,10118.400390625,141953700
2017-09-11,10322.599609375,10343.5,10197.7998046875,10199.900390625,145464200
2017-09-12,10336.2001953125,10372.5,10324.7001953125,10354.5,129026600
2017-09-13,10371.0,10395.099609375,10308.0,10324.7998046875,170750900
2017-09-14,10361.099609375,10365.099609375,10284.2998046875,10352.7001953125,156376500
2017-09-15,10317.400390625,10370.7998046875,10287.2001953125,10321.2001953125,302199200
2017-09-18,10338.400390625,10410.2001953125,10330.099609375,10358.0,133377700
2017-09-19,10378.400390625,10399.099609375,10296.099609375,10312.2001953125,129987400
2017-09-20,10292.099609375,10375.5,10248.400390625,10349.0,146938000
2017-09-21,10297.0,10340.7998046875,10266.7998046875,10318.2001953125,149861300
2017-09-22,10305.0,10313.900390625,10270.900390625,10286.599609375,130093900
2017-09-25,10216.5,10272.400390625,10186.7001953125,10270.0,146849900
2017-09-26,10189.599609375,10224.7001953125,10166.7001953125,10203.7998046875,118754700
2017-09-27,10368.900390625,10398.900390625,10216.7001953125,10221.2998046875,218242200
2017-09-28,10328.5,10406.5,10319.400390625,10381.2001953125,178756800
2017-09-29,10381.5,10381.5,10277.5,10336.900390625,199148100
2017-10-02,10255.7001953125,10327.2001953125,10185.900390625,10262.2998046875,249447000
2017-10-03,10257.5,10276.599609375,10151.099609375,10250.599609375,173270700
2017-10-04,9964.900390625,10226.7998046875,9947.2998046875,10226.7998046875,348214600
2017-10-05,10214.7001953125,10259.900390625,9922.2998046875,9934.2998046875,327001700
2017-10-06,10185.5,10214.5,10116.599609375,10185.2001953125,207012700
2017-10-09,10236.0,10306.7998046875,10206.099609375,10210.599609375,173267900
2017-10-10,10142.2998046875,10225.0,10107.7998046875,10225.0,208199100
2017-10-11,10278.400390625,10313.099609375,10247.2998046875,10304.599609375,250976600
2017-10-12,10275.900390625,10304.0,10244.7998046875,10284.5,117355200
2017-10-13,10258.0,10299.7001953125,10231.5,10298.599609375,141950000
2017-10-16,10181.400390625,10248.7001953125,10153.900390625,10244.400390625,155271000
2017-10-17,10216.7998046875,10297.099609375,10134.0,10164.900390625,167144400
2017-10-18,10273.400390625,10283.5,10165.400390625,10237.0,181891400
2017-10-19,10197.5,10276.599609375,10167.400390625,10251.2998046875,185402000
2017-10-20,10222.7001953125,10249.0,10176.5,10202.0,196126000
2017-10-23,10161.400390625,10216.400390625,10141.400390625,10202.400390625,145125400
2017-10-24,10205.7001953125,10235.400390625,10148.2998046875,10150.599609375,157492600
2017-10-25,10153.2998046875,10273.400390625,10137.099609375,10199.0,180681800
2017-10-26,10347.7998046875,10422.7001953125,10121.2001953125,10140.2998046875,374887200
2017-10-27,10197.5,10382.400390625,10136.900390625,10354.2998046875,290366700
2017-10-30,10446.0,10470.7001953125,10293.0,10321.2001953125,266075500
2017-10-31,10523.5,10570.5,10438.099609375,10463.2001953125,238017300
2017-11-01,10506.7001953125,10594.2001953125,10486.2001953125,10591.400390625,200543400
2017-11-02,10457.7998046875,10538.400390625,10403.2001953125,10509.0,155335600
2017-11-03,10357.7998046875,10464.2998046875,10295.900390625,10463.2998046875,190286600
2017-11-06,10316.5,10358.099609375,10264.0,10358.099609375,131982800
2017-11-07,10230.7001953125,10376.2001953125,10212.5,10365.7001953125,166404200
2017-11-08,10228.7001953125,10242.7001953125,10155.400390625,10236.2001953125,173574400
2017-11-09,10141.099609375,10244.7001953125,10117.2001953125,10223.2001953125,163555100
2017-11-10,10092.7001953125,10168.0,10075.7998046875,10138.599609375,158359400
2017-11-13,10049.900390625,10124.0,9984.2001953125,10124.0,143989700
2017-11-14,9990.400390625,10101.7998046875,9970.900390625,10063.599609375,143165300
2017-11-15,10013.900390625,10029.7998046875,9889.400390625,9920.599609375,178551000
2017-11-16,10088.7001953125,10173.5,10043.099609375,10074.0,161035600
2017-11-17,10010.400390625,10087.5,9998.7001953125,10074.400390625,182668400
2017-11-20,10025.5,10061.7998046875,9981.2998046875,9999.7001953125,115329400
2017-11-21,9993.400390625,10072.2001953125,9989.2998046875,10017.400390625,146583800
2017-11-22,10013.900390625,10092.400390625,10005.7998046875,10010.2001953125,124899000
2017-11-23,10032.7998046875,10079.2001953125,9983.2001953125,9994.099609375,115050400
2017-11-24,10053.5,10125.400390625,10036.599609375,10044.900390625,111154500
2017-11-27,10063.099609375,10136.599609375,10014.400390625,10027.400390625,114372400
2017-11-28,10144.400390625,10148.7998046875,10059.5,10083.7998046875,117467900
2017-11-29,10267.7001953125,10314.2001953125,10211.099609375,10221.7998046875,216014600
2017-11-30,10211.0,10323.099609375,10211.0,10266.599609375,270742600
2017-12-01,10085.0,10225.5,10083.7998046875,10225.5,183507100
2017-12-04,10208.599609375,10248.400390625,10127.599609375,10182.7998046875,143875100
2017-12-05,10211.2998046875,10246.099609375,10162.2998046875,10204.599609375,132385800
2017-12-06,10184.0,10201.7998046875,10098.099609375,10156.400390625,146631100
2017-12-07,10262.599609375,10271.2001953125,10171.2998046875,10195.7998046875,129943800
2017-12-08,10321.099609375,10380.2998046875,10316.5,10322.5,161045100
2017-12-11,10306.900390625,10348.7998046875,10285.099609375,10339.2998046875,141869500
2017-12-12,10288.2998046875,10326.2001953125,10248.099609375,10319.599609375,160150900
2017-12-13,10260.5,10355.0,10260.5,10300.2001953125,132939800
2017-12-14,10176.5,10293.099609375,10176.5,10250.0,170193600
2017-12-15,10150.400390625,10212.2998046875,10113.7998046875,10156.7001953125,321595200
2017-12-18,10244.099609375,10257.7998046875,10188.099609375,10197.900390625,178889800
2017-12-19,10234.2998046875,10283.5,10228.400390625,10239.0,116423200
2017-12-20,10207.7001953125,10246.5,10140.5,10242.0,129664900
2017-12-21,10304.599609375,10322.599609375,10144.400390625,10192.599609375,152663400
2017-12-22,10182.0,10235.7998046875,10138.2998046875,10145.599609375,138510600
2017-12-27,10165.2001953125,10213.2001953125,10138.7998046875,10167.2001953125,96218000
2017-12-28,10093.099609375,10162.7998046875,10076.5,10150.2998046875,97238400
2017-12-29,10043.900390625,10100.2001953125,10028.7001953125,10091.2998046875,118042900
2018-01-02,10079.099609375,10097.900390625,10017.0,10089.599609375,146991300
2018-01-03,10116.0,10145.2001953125,10083.599609375,10101.400390625,137802800
2018-01-04,10314.400390625,10325.0,10151.0,10154.599609375,189788300
2018-01-05,10411.400390625,10411.400390625,10343.099609375,10343.099609375,145843400
2018-01-08,10398.400390625,10456.900390625,10398.400390625,10439.7998046875,135172700
2018-01-09,10426.5,10461.900390625,10385.599609375,10400.900390625,132564600
2018-01-10,10428.2998046875,10474.900390625,10399.099609375,10423.2001953125,210844800
2018-01-11,10435.2001953125,10475.0,10401.2001953125,10435.900390625,208917700
2018-01-12,10462.400390625,10492.2001953125,10443.400390625,10463.7001953125,154547300
2018-01-15,10467.2001953125,10493.7001953125,10446.900390625,10471.599609375,112255300
2018-01-16,10520.400390625,10572.900390625,10466.2001953125,10479.0,160056900
2018-01-17,10474.599609375,10504.900390625,10441.2001953125,10475.599609375,144364100
2018-01-18,10432.7001953125,10509.2001953125,10403.2001953125,10500.099609375,123091800
2018-01-19,10479.5,10500.099609375,10396.2001953125,10417.5,143558400
2018-01-22,10584.0,10601.900390625,10488.2998046875,10503.599609375,179083500
2018-01-23,10609.5,10643.400390625,10583.7001953125,10640.2998046875,168200500
2018-01-24,10563.0,10617.2001953125,10563.0,10595.2998046875,129488500
2018-01-25,10595.2998046875,10630.5,10559.7001953125,10564.599609375,183930300
2018-01-26,10595.400390625,10635.099609375,10563.2001953125,10598.599609375,139534800
2018-01-29,10555.599609375,10605.7001953125,10540.0,10605.5,150492500
2018-01-30,10428.2001953125,10506.400390625,10416.2001953125,10481.900390625,180465900
2018-01-31,10451.5,10482.7001953125,10422.099609375,10436.400390625,190192400
2018-02-01,10399.0,10543.7001953125,10359.400390625,10518.2998046875,197535400
2018-02-02,10211.2001953125,10369.2001953125,10205.2998046875,10359.2998046875,203689700
2018-02-05,10064.5,10173.7998046875,10058.5,10138.400390625,195011800
2018-02-06,9810.0,9967.2998046875,9721.5,9794.900390625,313297200
2018-02-07,9976.900390625,9988.5,9811.7001953125,9950.7998046875,234404500
2018-02-08,9756.2998046875,9959.7998046875,9726.5,9928.5,228483100
2018-02-09,9639.599609375,9752.2001953125,9581.099609375,9710.900390625,255495900
2018-02-12,9771.099609375,9815.2001953125,9731.0,9760.099609375,170166600
2018-02-13,9650.7001953125,9797.400390625,9650.7001953125,9788.5,164804700
2018-02-14,9686.2001953125,9743.900390625,9595.900390625,9715.7001953125,178708500
2018-02-15,9714.900390625,9832.099609375,9674.900390625,9770.7001953125,165506400
2018-02-16,9832.099609375,9839.7001953125,9768.7001953125,9785.2001953125,188851400
2018-02-19,9806.2001953125,9905.400390625,9797.2001953125,9865.099609375,122821700
2018-02-20,9895.2998046875,9901.099609375,9806.900390625,9806.900390625,153238700
2018-02-21,9823.2998046875,9876.099609375,9777.5,9874.5,155384500
2018-02-22,9876.5,9903.099609375,9744.900390625,9767.599609375,175175500
2018-02-23,9822.400390625,9891.099609375,9764.900390625,9882.900390625,181436600
2018-02-26,9902.400390625,9915.099609375,9841.7001953125,9888.400390625,156602500
2018-02-27,9900.2001953125,9937.2001953125,9863.400390625,9930.2998046875,153537600
2018-02-28,9840.2998046875,9887.2001953125,9830.2001953125,9869.7998046875,203423600
2018-03-01,9738.599609375,9808.900390625,9715.2001953125,9795.2998046875,161713700
2018-03-02,9531.099609375,9680.0,9510.7998046875,9680.0,208309000
2018-03-05,9590.7998046875,9604.2001953125,9494.5,9500.0,147001100
2018-03-06,9586.7998046875,9677.0,9586.2998046875,9663.599609375,143029000
2018-03-07,9599.2998046875,9612.400390625,9547.099609375,9561.2998046875,132064100
2018-03-08,9646.2001953125,9666.400390625,9564.2001953125,9617.0,144630300
2018-03-09,9686.099609375,9704.900390625,9631.5,9651.0,117278700
2018-03-12,9727.5,9761.2998046875,9702.5,9747.400390625,110658800
2018-03-13,9691.7001953125,9811.400390625,9670.7001953125,9737.2001953125,151206300
2018-03-14,9688.5,9737.400390625,9632.2001953125,9698.900390625,159016100
2018-03-15,9684.2001953125,9720.599609375,9647.5,9715.2998046875,146814900
2018-03-16,9761.0,9800.7998046875,9664.0,9676.2001953125,313971200
2018-03-19,9664.099609375,9747.2998046875,9646.0,9733.900390625,123279600
2018-03-20,9681.599609375,9693.2001953125,9608.5,9676.2998046875,129603000
2018-03-21,9630.900390625,9702.400390625,9592.099609375,9701.5,145644800
2018-03-22,9487.400390625,9648.2998046875,9432.599609375,9580.400390625,199763700
2018-03-23,9393.099609375,9428.900390625,9327.599609375,9399.2001953125,226994800
2018-03-26,9381.0,9460.599609375,9343.2998046875,9418.099609375,159534000
2018-03-27,9473.599609375,9519.2001953125,9441.599609375,9518.2001953125,137671300
2018-03-28,9555.0,9555.0,9348.900390625,9397.7998046875,177665900
2018-03-29,9600.400390625,9657.5,9581.7001953125,9595.599609375,153270700
2018-04-03,9549.599609375,9577.5,9500.0,9532.099609375,129871700
2018-04-04,9513.2998046875,9560.400390625,9417.2998046875,9555.5,151218600
2018-04-05,9740.900390625,9761.7998046875,9616.7001953125,9637.5,162491700
2018-04-06,9682.7998046875,9734.2001953125,9658.900390625,9688.2998046875,114953400
2018-04-09,9742.7998046875,9790.2001953125,9716.7998046875,9735.099609375,99214300
2018-04-10,9763.5,9806.0,9738.7001953125,9798.5,125802100
2018-04-11,9735.7998046875,9786.2998046875,9717.2998046875,9742.599609375,122928200
2018-04-12,9747.0,9767.599609375,9706.099609375,9733.0,127527600
2018-04-13,9767.2998046875,9858.900390625,9744.400390625,9764.0,137074600
2018-04-16,9766.099609375,9796.5,9747.2998046875,9768.7001953125,100400800
2018-04-17,9803.900390625,9824.400390625,9762.2998046875,9785.400390625,112396600
2018-04-18,9857.2998046875,9871.2998046875,9800.2998046875,9814.5,146904000
2018-04-19,9868.0,9902.7001953125,9838.7998046875,9861.7998046875,120796500
2018-04-20,9884.2001953125,9908.0,9847.099609375,9864.400390625,139382700
2018-04-23,9922.0,9922.0,9862.599609375,9898.599609375,118071400
2018-04-24,9883.400390625,9939.400390625,9848.400390625,9922.7001953125,188820600
2018-04-25,9858.0,9858.400390625,9793.0,9829.2001953125,161124600
2018-04-26,9902.2998046875,9914.7001953125,9856.7001953125,9871.5,131267400
2018-04-27,9925.400390625,9947.2998046875,9883.7998046875,9894.2001953125,139092700
2018-04-30,9980.599609375,9995.400390625,9916.099609375,9924.0,142924100
2018-05-02,10088.900390625,10098.900390625,9981.400390625,9982.599609375,157392800
2018-05-03,10038.7998046875,10095.2001953125,10017.599609375,10080.7001953125,140956500
2018-05-04,10104.099609375,10104.099609375,10029.400390625,10047.099609375,162050000
2018-05-07,10140.900390625,10148.599609375,10106.2998046875,10114.2001953125,89759400
2018-05-08,10168.099609375,10180.5,10091.900390625,10135.099609375,177955800
2018-05-09,10221.2001953125,10222.7001953125,10138.900390625,10163.7001953125,133256100
2018-05-10,10246.599609375,10257.099609375,10191.099609375,10243.2998046875,116750700
2018-05-11,10271.400390625,10284.5,10242.099609375,10245.2001953125,120333700
2018-05-14,10257.7998046875,10291.400390625,10215.2998046875,10277.2001953125,108963000
2018-05-15,10207.599609375,10265.0,10159.099609375,10237.900390625,152740700
2018-05-16,10111.0,10194.2001953125,10089.7998046875,10189.7998046875,212003400
2018-05-17,10216.400390625,10216.400390625,10108.5,10120.7998046875,153622900
2018-05-18,10112.400390625,10221.0,10088.400390625,10209.2998046875,249545800
2018-05-21,10066.5,10155.900390625,10055.7998046875,10155.2001953125,110379200
2018-05-22,10138.7998046875,10156.400390625,10060.7998046875,10081.5,145394700
2018-05-23,10025.0,10101.7998046875,9957.7998046875,10101.7998046875,157919000
2018-05-24,9996.0,10092.5,9964.0,10045.5,155881200
2018-05-25,9826.5,10053.099609375,9722.7998046875,10031.0,298273900
2018-05-28,9764.400390625,9921.400390625,9732.599609375,9891.400390625,155744000
2018-05-29,9521.2998046875,9668.400390625,9447.599609375,9668.400390625,364026100
2018-05-30,9566.2001953125,9618.2998046875,9477.2001953125,9553.0,283877200
2018-05-31,9465.5,9649.0,9400.2998046875,9625.099609375,355887300
2018-06-01,9632.400390625,9677.5,9529.0,9544.7001953125,238950800
2018-06-04,9750.2998046875,9830.7001953125,9686.7998046875,9716.2998046875,193668500
2018-06-05,9686.400390625,9812.900390625,9686.400390625,9730.599609375,183418200
2018-06-06,9791.599609375,9793.7998046875,9654.400390625,9702.7001953125,202426600
2018-06-07,9829.0,9940.599609375,9814.7998046875,9844.2001953125,190777600
2018-06-08,9746.2998046875,9772.2001953125,9713.2001953125,9762.7001953125,176047100
2018-06-11,9898.2998046875,9915.2001953125,9799.099609375,9835.0,199952400
2018-06-12,9914.400390625,9961.599609375,9901.599609375,9940.599609375,158176100
2018-06-13,9899.099609375,9923.900390625,9838.2998046875,9900.2001953125,172849800
2018-06-14,9957.7001953125,9973.900390625,9836.5,9862.400390625,180248400
2018-06-15,9851.0,9985.900390625,9798.900390625,9980.099609375,377069300
2018-06-18,9769.400390625,9859.5,9717.0,9818.0,145639000
2018-06-19,9755.400390625,9782.599609375,9598.5,9656.599609375,172889800
2018-06-20,9788.900390625,9876.7998046875,9788.900390625,9835.0,164700200
2018-06-21,9702.099609375,9844.0,9683.400390625,9824.400390625,161703000
2018-06-22,9792.099609375,9799.5,9724.900390625,9738.900390625,155310100
2018-06-25,9617.900390625,9737.900390625,9617.900390625,9711.400390625,151252400
2018-06-26,9637.400390625,9699.7998046875,9619.099609375,9670.2998046875,158746500
2018-06-27,9658.599609375,9723.900390625,9506.599609375,9636.599609375,182574800
2018-06-28,9589.0,9669.2001953125,9541.900390625,9603.599609375,144694900
2018-06-29,9622.7001953125,9741.2998046875,9620.2998046875,9671.099609375,200359300
2018-07-02,9558.2998046875,9591.0,9443.5,9526.2998046875,153110800
2018-07-03,9660.900390625,9693.400390625,9556.099609375,9591.599609375,134418700
2018-07-04,9757.5,9767.2001953125,9642.7998046875,9643.7998046875,137321600
2018-07-05,9866.2001953125,9919.5,9773.5,9773.5,184522600
2018-07-06,9905.0,9926.900390625,9833.2001953125,9905.0,166583400
2018-07-09,9927.0,9971.599609375,9912.7001953125,9923.5,130079800
2018-07-10,9889.2998046875,9938.0,9873.2998046875,9935.599609375,147677900
2018-07-11,9733.599609375,9833.400390625,9733.599609375,9822.5,175886600
2018-07-12,9767.400390625,9784.7998046875,9694.400390625,9774.7998046875,128896600
2018-07-13,9734.7998046875,9807.5,9717.599609375,9807.5,132524900
2018-07-16,9716.900390625,9781.099609375,9697.099609375,9733.599609375,113168400
2018-07-17,9719.400390625,9759.5,9643.900390625,9716.400390625,175052500
2018-07-18,9753.2001953125,9753.2001953125,9672.7001953125,9739.099609375,143477800
2018-07-19,9721.099609375,9796.7001953125,9696.2001953125,9748.900390625,147188300
2018-07-20,9724.7998046875,9751.2998046875,9654.2998046875,9710.400390625,162179600
2018-07-23,9726.099609375,9747.599609375,9661.400390625,9699.7001953125,116977600
2018-07-24,9773.099609375,9820.099609375,9753.900390625,9775.900390625,160661400
2018-07-25,9703.099609375,9771.7001953125,9686.2001953125,9769.7998046875,149288900
2018-07-26,9780.0,9789.7001953125,9732.5,9741.2001953125,184755200
2018-07-27,9867.900390625,9896.0,9775.900390625,9781.599609375,230693900
2018-07-30,9854.099609375,9905.2998046875,9825.099609375,9827.900390625,140605100
2018-07-31,9870.7001953125,9924.400390625,9843.5,9846.2001953125,203079100
2018-08-01,9799.2998046875,9902.2998046875,9795.099609375,9871.099609375,136278200
2018-08-02,9698.2001953125,9783.7998046875,9666.599609375,9765.900390625,196964000
2018-08-03,9739.7998046875,9762.7001953125,9671.2001953125,9710.2998046875,146427500
2018-08-06,9722.7001953125,9788.400390625,9699.2998046875,9758.400390625,114093700
2018-08-07,9772.7998046875,9813.599609375,9743.400390625,9751.7998046875,101972500
2018-08-08,9747.099609375,9794.0,9700.400390625,9763.900390625,107985900
2018-08-09,9754.599609375,9756.7001953125,9693.2001953125,9745.2001953125,108327800
2018-08-10,9602.099609375,9675.599609375,9557.400390625,9669.599609375,224945200
2018-08-13,9530.400390625,9558.400390625,9475.099609375,9543.7998046875,177470700
2018-08-14,9507.0,9596.2998046875,9476.900390625,9574.7998046875,164122900
2018-08-15,9386.7998046875,9547.599609375,9339.5,9537.0,163614400
2018-08-16,9427.400390625,9458.900390625,9384.7001953125,9440.7998046875,138149500
2018-08-17,9417.2998046875,9457.0,9357.599609375,9450.2998046875,141114900
2018-08-20,9468.599609375,9512.5,9437.099609375,9448.900390625,95322000
2018-08-21,9549.0,9591.0,9459.400390625,9465.900390625,110664100
2018-08-22,9580.2001953125,9595.400390625,9512.400390625,9535.5,114116300
2018-08-23,9567.2998046875,9630.2001953125,9556.2001953125,9592.5,93554900
2018-08-24,9589.5,9625.7998046875,9559.7001953125,9559.7001953125,99415000
2018-08-27,9659.7998046875,9662.7001953125,9596.2001953125,9631.599609375,79600000
2018-08-28,9606.5,9671.099609375,9598.400390625,9667.599609375,114910500
2018-08-29,9569.5,9597.099609375,9502.2998046875,9585.7001953125,104423100
2018-08-30,9467.599609375,9574.099609375,9445.099609375,9546.099609375,144314100
2018-08-31,9399.099609375,9470.599609375,9375.099609375,9466.2998046875,172662900
2018-09-03,9376.099609375,9421.599609375,9356.099609375,9387.7001953125,89353100
2018-09-04,9376.2998046875,9436.099609375,9308.7001953125,9414.7001953125,159837500
2018-09-05,9301.2998046875,9377.599609375,9301.2998046875,9353.2001953125,180705200
2018-09-06,9208.7001953125,9291.7998046875,9208.2001953125,9267.7001953125,160949600
2018-09-07,9171.2001953125,9237.900390625,9111.099609375,9209.2001953125,162079000
2018-09-10,9270.7998046875,9300.900390625,9161.0,9173.0,144735800
2018-09-11,9284.099609375,9302.5,9211.7998046875,9301.099609375,122171200
2018-09-12,9306.7998046875,9319.7001953125,9248.7001953125,9286.5,130324000
2018-09-13,9329.2001953125,9387.099609375,9296.7001953125,9308.0,159385300
2018-09-14,9365.2998046875,9378.2998046875,9324.2001953125,9359.400390625,132227500
2018-09-17,9404.599609375,9434.400390625,9349.900390625,9350.2998046875,147148400
2018-09-18,9447.5,9453.599609375,9385.7998046875,9406.7001953125,141909700
2018-09-19,9486.2998046875,9502.900390625,9422.400390625,9464.400390625,205653800
2018-09-20,9583.7001953125,9607.0,9488.2998046875,9489.5,232060300
2018-09-21,9590.400390625,9665.400390625,9563.2998046875,9614.2998046875,408472800
2018-09-24,9512.7998046875,9586.0,9499.900390625,9549.900390625,142107200
2018-09-25,9493.599609375,9568.0,9480.400390625,9524.7998046875,141858900
2018-09-26,9524.7998046875,9530.2998046875,9471.099609375,9519.599609375,136920500
2018-09-27,9527.5,9542.7998046875,9406.7998046875,9492.5,151514500
2018-09-28,9389.2001953125,9468.900390625,9299.599609375,9468.0,243629600
2018-10-01,9407.0,9475.2001953125,9367.599609375,9384.2998046875,155283900
2018-10-02,9305.5,9356.099609375,9285.099609375,9349.099609375,187248100
2018-10-03,9361.099609375,9424.7001953125,9300.7998046875,9360.599609375,156817500
2018-10-04,9314.5,9378.7001953125,9304.7001953125,9349.0,170694500
2018-10-05,9253.900390625,9318.099609375,9239.900390625,9318.099609375,133292600
2018-10-08,9199.2001953125,9243.0,9167.400390625,9227.099609375,140669500
2018-10-09,9260.5,9283.2998046875,9136.2001953125,9231.7001953125,171340200
2018-10-10,9162.900390625,9273.0,9158.7998046875,9243.2001953125,177151900
2018-10-11,9007.900390625,9121.0,8970.7998046875,9018.400390625,238991600
2018-10-12,8902.0,9098.099609375,8897.5,9094.7001953125,168952300
2018-10-15,8923.7001953125,8936.5,8849.400390625,8883.099609375,169650800
2018-10-16,9074.7001953125,9096.7998046875,8934.0,8967.7998046875,200179100
2018-10-17,8997.2001953125,9140.2998046875,8967.099609375,9113.400390625,185707600
2018-10-18,8889.599609375,9063.7998046875,8887.900390625,8970.7001953125,313573200
2018-10-19,8892.099609375,8960.2001953125,8768.599609375,8874.7001953125,349736000
2018-10-22,8806.5,9013.099609375,8796.2998046875,8997.7001953125,197331300
2018-10-23,8726.099609375,8781.900390625,8681.7001953125,8715.400390625,249657200
2018-10-24,8677.400390625,8805.5,8677.400390625,8767.0,201042600
2018-10-25,8785.2001953125,8797.900390625,8637.5,8639.5,253389100
2018-10-26,8730.400390625,8746.099609375,8627.599609375,8746.099609375,234582300
2018-10-29,8821.2001953125,8882.7001953125,8752.900390625,8775.7001953125,184715100
2018-10-30,8806.099609375,8874.0,8776.2001953125,8849.5,194834000
2018-10-31,8893.5,8962.599609375,8883.7998046875,8911.5,299960800
2018-11-01,8954.7998046875,8985.2998046875,8875.7998046875,8882.5,169058700
2018-11-02,8993.0,9073.5,8976.5,9058.7001953125,173424100
2018-11-05,9010.7001953125,9065.2998046875,9002.2001953125,9005.400390625,142754200
2018-11-06,8988.900390625,9013.099609375,8911.2998046875,9002.2998046875,146180800
2018-11-07,9167.900390625,9174.2001953125,9117.7001953125,9165.2001953125,249729100
2018-11-08,9177.0,9232.2998046875,9147.7998046875,9182.7001953125,147221000
2018-11-09,9134.7998046875,9156.7998046875,9079.7001953125,9117.7001953125,203274000
2018-11-12,9076.2998046875,9180.599609375,9068.2998046875,9174.7998046875,141480000
2018-11-13,9145.400390625,9163.2998046875,9074.5,9097.2001953125,153897400
2018-11-14,9106.599609375,9176.400390625,9036.7001953125,9097.7998046875,139660600
2018-11-15,9073.5,9189.7998046875,9018.599609375,9133.7001953125,184704800
2018-11-16,9056.7998046875,9131.5,9015.900390625,9111.599609375,202082100
2018-11-19,9006.2998046875,9138.2998046875,9006.2998046875,9073.7998046875,123709000
2018-11-20,8866.5,8977.0,8829.599609375,8970.7001953125,176400500
2018-11-21,8960.599609375,8979.2001953125,8896.2998046875,8905.7001953125,145074500
2018-11-22,8906.2001953125,8947.599609375,8878.7001953125,8917.400390625,118001300
2018-11-23,8916.7001953125,8951.099609375,8867.7001953125,8903.2001953125,94332900
2018-11-26,9091.2001953125,9104.599609375,8984.0,8984.0,173686100
2018-11-27,9085.599609375,9156.400390625,9033.0,9091.7001953125,173492800
2018-11-28,9102.7001953125,9163.099609375,9096.7998046875,9120.400390625,148526900
2018-11-29,9098.900390625,9199.599609375,9080.7001953125,9168.900390625,145113100
2018-11-30,9077.2001953125,9117.7998046875,9046.2001953125,9112.400390625,207833400
2018-12-03,9179.599609375,9262.099609375,9159.099609375,9239.7998046875,167657400
2018-12-04,9061.7001953125,9170.7998046875,9057.7001953125,9148.5,164515000
2018-12-05,9012.2001953125,9048.5,8945.5,8983.7001953125,136505900
2018-12-06,8764.5,8927.400390625,8743.7001953125,8926.0,214511000
2018-12-07,8815.5,8914.599609375,8805.2001953125,8819.599609375,164630900
2018-12-10,8660.0,8804.599609375,8644.0,8771.0,174111000
2018-12-11,8735.5,8826.400390625,8671.900390625,8709.400390625,210506500
2018-12-12,8853.400390625,8887.7001953125,8718.099609375,8724.900390625,219177100
2018-12-13,8926.2998046875,8974.900390625,8868.599609375,8915.7998046875,216181100
2018-12-14,8886.099609375,8908.0,8787.599609375,8865.900390625,151976500
2018-12-17,8812.5,8906.2001953125,8807.900390625,8862.900390625,173085500
2018-12-18,8700.7998046875,8802.099609375,8700.7998046875,8781.099609375,225824800
2018-12-19,8769.099609375,8804.2001953125,8717.7998046875,8720.099609375,188358900
2018-12-20,8596.5,8698.5,8567.0,8647.7998046875,231916600
2018-12-21,8556.7998046875,8598.400390625,8468.400390625,8563.2001953125,389118700
2018-12-24,8480.599609375,8528.400390625,8471.2001953125,8490.2001953125,53509900
2018-12-27,8363.900390625,8557.7001953125,8286.2001953125,8555.599609375,211956000
2018-12-28,8493.7001953125,8513.400390625,8378.7001953125,8386.2001953125,143834400
2018-12-31,8539.900390625,8583.2998046875,8490.7001953125,8510.7998046875,64725600
2019-01-02,8550.0,8582.400390625,8354.7998046875,8448.2998046875,130757800
2019-01-03,8523.2998046875,8590.900390625,8488.099609375,8497.5,135067300
2019-01-04,8737.7998046875,8774.2998046875,8588.099609375,8593.7998046875,169088900
2019-01-07,8776.2998046875,8783.5,8710.400390625,8781.2001953125,128758600
2019-01-08,8847.2998046875,8895.900390625,8773.400390625,8783.099609375,160821000
2019-01-09,8823.599609375,8892.900390625,8807.0,8887.400390625,160455800
2019-01-10,8856.7998046875,8856.7998046875,8784.5,8790.0,148189600
2019-01-11,8877.099609375,8900.400390625,8836.0,8855.900390625,151619400
2019-01-14,8818.599609375,8840.400390625,8751.2001953125,8819.2001953125,126001000
2019-01-15,8850.099609375,8915.900390625,8768.2001953125,8878.400390625,136519800
2019-01-16,8912.7001953125,8912.7001953125,8836.7001953125,8869.5,176317700
2019-01-17,8908.599609375,8939.099609375,8850.599609375,8868.099609375,152919300
2019-01-18,9069.099609375,9080.7998046875,8950.900390625,8962.2998046875,203550000
2019-01-21,9053.7998046875,9070.599609375,9033.2001953125,9064.7998046875,90493500
2019-01-22,9037.5,9055.599609375,9001.099609375,9009.0,143279700
2019-01-23,9128.7998046875,9169.7001953125,9006.400390625,9011.900390625,135905300
2019-01-24,9150.0,9205.400390625,9088.0,9150.0,163420400
2019-01-25,9185.2001953125,9225.400390625,9164.599609375,9206.900390625,161488700
2019-01-28,9062.400390625,9181.5,9048.900390625,9149.5,134493400
2019-01-29,9119.099609375,9163.7998046875,9034.099609375,9064.599609375,144375500
2019-01-30,9071.5,9142.099609375,9034.099609375,9123.900390625,154213400
2019-01-31,9056.7001953125,9117.099609375,8981.7001953125,9103.7998046875,222886900
2019-02-01,9019.400390625,9078.7001953125,8942.400390625,9058.599609375,286844600
2019-02-04,8975.2001953125,9036.0,8905.7998046875,9015.2998046875,221478000
2019-02-05,9092.0,9092.0,8949.2001953125,8982.0,210161400
2019-02-06,9100.900390625,9113.7001953125,9055.7998046875,9070.400390625,149917800
2019-02-07,8938.2998046875,9098.400390625,8938.2998046875,9062.400390625,178617900
2019-02-08,8856.7998046875,8928.400390625,8826.5,8915.400390625,165209900
2019-02-11,8936.400390625,8974.7998046875,8893.099609375,8905.099609375,132243300
2019-02-12,8983.099609375,9032.2998046875,8961.400390625,8989.5,138794100
2019-02-13,8982.400390625,9015.599609375,8956.900390625,8993.2998046875,155297300
2019-02-14,8952.5,9038.0,8943.900390625,9035.7001953125,169672900
2019-02-15,9123.2001953125,9134.7998046875,8918.5,8953.400390625,208112700
2019-02-18,9155.5,9174.7001953125,9123.599609375,9134.599609375,115182800
2019-02-19,9136.400390625,9187.599609375,9096.099609375,9152.099609375,117857500
2019-02-20,9181.099609375,9189.7001953125,9148.7001953125,9156.7998046875,130317300
2019-02-21,9191.2001953125,9224.7001953125,9162.900390625,9202.5,137605200
2019-02-22,9204.599609375,9238.900390625,9175.2998046875,9184.7001953125,131199600
2019-02-25,9204.2998046875,9261.400390625,9198.7998046875,9244.2001953125,131229800
2019-02-26,9227.2001953125,9235.7998046875,9141.7998046875,9172.0,127095100
2019-02-27,9211.7001953125,9226.2001953125,9160.900390625,9206.2001953125,174514400
2019-02-28,9277.7001953125,9293.099609375,9141.0,9166.2998046875,260630500
2019-03-01,9267.7001953125,9361.400390625,9267.7001953125,9313.5,167873400
2019-03-04,9259.7998046875,9322.0,9248.0,9309.2998046875,112921800
2019-03-05,9258.2001953125,9298.7001953125,9204.2998046875,9255.7001953125,140185000
2019-03-06,9296.7001953125,9344.599609375,9235.400390625,9243.099609375,140841100
2019-03-07,9249.900390625,9366.7001953125,9216.099609375,9301.0,253052000
2019-03-08,9129.2998046875,9205.5,9110.5,9173.2001953125,197951600
2019-03-11,9171.900390625,9181.7001953125,9106.7998046875,9157.7001953125,129690000
2019-03-12,9161.7001953125,9213.7998046875,9137.2001953125,9206.900390625,144895900
2019-03-13,9192.7001953125,9202.7001953125,9123.0,9134.7001953125,162606600
2019-03-14,9209.7998046875,9283.900390625,9192.099609375,9193.7001953125,155127700
2019-03-15,9342.2001953125,9342.2001953125,9216.099609375,9219.5,372906700
2019-03-18,9409.099609375,9418.7998046875,9343.900390625,9350.7998046875,152580300
2019-03-19,9492.2998046875,9532.900390625,9417.900390625,9428.400390625,150401500
2019-03-20,9405.599609375,9509.2001953125,9405.599609375,9467.7001953125,138666600
2019-03-21,9355.599609375,9397.599609375,9326.2001953125,9387.400390625,179840500
2019-03-22,9199.400390625,9395.2001953125,9188.2998046875,9394.599609375,216682000
2019-03-25,9179.900390625,9232.7998046875,9127.2998046875,9159.400390625,169093200
2019-03-26,9183.099609375,9211.7001953125,9151.5,9189.7001953125,168850600
2019-03-27,9229.900390625,9323.5,9146.099609375,9194.7998046875,239047700
2019-03-28,9174.7001953125,9245.599609375,9170.400390625,9214.099609375,153242700
2019-03-29,9240.2998046875,9273.7998046875,9190.5,9226.5,181744200
2019-04-01,9341.7001953125,9355.2001953125,9269.7001953125,9304.7998046875,200871300
2019-04-02,9363.5,9400.7001953125,9322.900390625,9356.7001953125,152284200
2019-04-03,9487.7998046875,9491.2001953125,9436.5,9457.099609375,173813100
2019-04-04,9534.099609375,9551.5,9472.0,9488.900390625,164758800
2019-04-05,9510.2998046875,9553.599609375,9476.5,9542.400390625,178692100
2019-04-08,9437.7001953125,9495.099609375,9425.2001953125,9483.400390625,121814500
2019-04-09,9407.7998046875,9511.2001953125,9388.2998046875,9428.2998046875,137599800
2019-04-10,9406.5,9467.5,9395.2001953125,9423.5,152200600
2019-04-11,9445.400390625,9468.7001953125,9372.2998046875,9423.099609375,178531100
2019-04-12,9468.5,9509.2001953125,9390.2001953125,9441.2998046875,212327200
2019-04-15,9497.099609375,9528.400390625,9468.099609375,9488.099609375,156927200
2019-04-16,9497.2998046875,9543.7001953125,9462.900390625,9492.400390625,140510300
2019-04-17,9549.7998046875,9580.599609375,9460.5,9486.0,193154800
2019-04-18,9581.900390625,9581.900390625,9480.0,9553.7001953125,165266400
2019-04-23,9527.2001953125,9588.2001953125,9492.2001953125,9586.0,159546500
2019-04-24,9456.400390625,9525.2001953125,9427.400390625,9506.2998046875,157933200
2019-04-25,9501.2001953125,9503.7998046875,9421.2998046875,9450.7998046875,147415600
2019-04-26,9506.0,9527.400390625,9448.7998046875,9512.099609375,153319300
2019-04-29,9517.2001953125,9517.2001953125,9414.400390625,9435.2998046875,146296500
2019-04-30,9570.599609375,9570.599609375,9455.5,9497.2998046875,186881700
2019-05-02,9418.2001953125,9559.7001953125,9412.2001953125,9545.5,205611000
2019-05-03,9409.599609375,9450.7001953125,9388.7001953125,9427.900390625,126736800
2019-05-06,9331.0,9347.2001953125,9236.2998046875,9259.0,121602300
2019-05-07,9235.099609375,9404.599609375,9221.0,9332.900390625,199265700
2019-05-08,9227.0,9261.2001953125,9158.2998046875,9233.900390625,185752600
2019-05-09,9095.2001953125,9184.7998046875,9079.7998046875,9162.099609375,166997800
2019-05-10,9117.5,9179.400390625,9099.099609375,9149.400390625,147760300
2019-05-13,9046.7998046875,9127.599609375,9025.7001953125,9127.599609375,147442300
2019-05-14,9127.599609375,9127.599609375,9053.599609375,9078.2001953125,139675700
2019-05-15,9177.099609375,9177.099609375,9061.900390625,9143.0,143425500
2019-05-16,9304.2998046875,9304.2998046875,9136.7001953125,9161.400390625,157566000
2019-05-17,9280.099609375,9321.599609375,9223.099609375,9278.7001953125,159798300
2019-05-20,9199.7001953125,9334.900390625,9177.900390625,9286.0,153317000
2019-05-21,9239.099609375,9255.0,9185.2001953125,9229.0,131576400
2019-05-22,9232.2001953125,9288.7001953125,9182.5,9232.2998046875,146552900
2019-05-23,9114.0,9186.7001953125,9098.400390625,9170.7001953125,161094300
2019-05-24,9174.599609375,9211.099609375,9141.400390625,9150.2998046875,121673100
2019-05-27,9216.400390625,9294.599609375,9204.7001953125,9225.900390625,60178000
2019-05-28,9191.7998046875,9224.900390625,9132.900390625,9220.400390625,218900800
2019-05-29,9080.5,9116.7001953125,9035.099609375,9113.2001953125,148987100
2019-05-30,9157.7998046875,9175.2001953125,9114.099609375,9120.7998046875,101389200
2019-05-31,9004.2001953125,9074.0,8959.5,9054.900390625,208657500
2019-06-03,9022.7998046875,9022.7998046875,8903.099609375,8945.7001953125,156185500
2019-06-04,9117.599609375,9138.5,8964.2001953125,8972.7001953125,197017100
2019-06-05,9150.5,9173.400390625,9095.0,9136.7998046875,158753000
2019-06-06,9169.2001953125,9246.2001953125,9136.7001953125,9169.2001953125,212720900
2019-06-07,9236.099609375,9261.400390625,9185.7001953125,9186.7001953125,150664700
2019-06-10,9294.099609375,9302.2001953125,9248.099609375,9284.2001953125,102323700
2019-06-11,9282.099609375,9332.5,9273.400390625,9288.599609375,144701200
2019-06-12,9238.5,9274.599609375,9223.099609375,9244.400390625,145203300
2019-06-13,9247.099609375,9301.7001953125,9208.7998046875,9227.599609375,126134300
2019-06-14,9194.2001953125,9244.7001953125,9169.2998046875,9233.7998046875,114978600
2019-06-17,9131.7001953125,9205.099609375,9127.900390625,9199.599609375,118121500
2019-06-18,9240.7001953125,9253.400390625,9060.400390625,9112.900390625,200005900
2019-06-19,9231.2001953125,9263.2998046875,9192.400390625,9257.2998046875,180123200
2019-06-20,9208.5,9292.7001953125,9204.7998046875,9272.099609375,208459300
2019-06-21,9227.2001953125,9297.7001953125,9209.2998046875,9228.2001953125,332946000
2019-06-24,9192.5,9285.400390625,9173.2998046875,9230.0,121857400
2019-06-25,9159.7998046875,9173.2001953125,9120.7001953125,9165.2998046875,147680800
2019-06-26,9157.400390625,9220.7001953125,9142.400390625,9162.2998046875,147062800
2019-06-27,9147.7998046875,9196.7998046875,9125.7998046875,9168.0,137193400
2019-06-28,9198.7998046875,9216.2998046875,9118.5,9148.7998046875,152187200
2019-07-01,9264.599609375,9314.2998046875,9217.5,9290.2998046875,150272600
2019-07-02,9281.5,9298.400390625,9223.400390625,9284.0,126162300
2019-07-03,9394.400390625,9407.5,9277.099609375,9290.5,135394000
2019-07-04,9401.0,9402.400390625,9355.2001953125,9371.0,159068600
2019-07-05,9335.0,9417.7998046875,9314.2001953125,9391.7001953125,165025000
2019-07-08,9284.7001953125,9340.2001953125,9268.900390625,9303.2998046875,141917000
2019-07-09,9273.900390625,9273.900390625,9227.599609375,9258.7001953125,137948800
2019-07-10,9252.900390625,9299.599609375,9218.2998046875,9241.2998046875,140842800
2019-07-11,9280.2998046875,9300.400390625,9230.7998046875,9268.2001953125,110811300
2019-07-12,9293.2001953125,9318.7001953125,9281.7001953125,9284.7001953125,117153600
2019-07-15,9323.599609375,9355.2998046875,9280.099609375,9313.2001953125,115955100
2019-07-16,9377.099609375,9393.900390625,9316.2998046875,9326.0,125329000
2019-07-17,9284.2001953125,9363.099609375,9277.099609375,9359.099609375,141211100
2019-07-18,9225.7001953125,9258.900390625,9180.5,9198.5,155709800
2019-07-19,9170.5,9289.400390625,9152.900390625,9263.099609375,167669600
2019-07-22,9163.5,9194.7998046875,9137.400390625,9172.599609375,131493500
2019-07-23,9281.599609375,9299.0,9210.900390625,9224.099609375,157246300
2019-07-24,9329.7001953125,9341.2998046875,9269.5,9287.400390625,142611300
2019-07-25,9289.900390625,9453.0,9232.0,9354.599609375,209481800
2019-07-26,9225.5,9290.2001953125,9204.900390625,9281.099609375,220713700
2019-07-29,9215.400390625,9257.400390625,9194.400390625,9201.2998046875,143203100
2019-07-30,8986.599609375,9216.400390625,8957.0,9216.400390625,229899500
2019-07-31,8971.0,9002.2998046875,8946.7001953125,8993.599609375,175707000
2019-08-01,9038.2001953125,9038.2001953125,8939.400390625,8947.599609375,148850400
2019-08-02,8897.599609375,8997.0,8870.7001953125,8905.7001953125,236593200
2019-08-05,8777.2001953125,8864.5,8753.0,8824.0,182745400
2019-08-06,8699.400390625,8820.900390625,8699.400390625,8774.599609375,177519500
2019-08-07,8746.099609375,8820.7001953125,8679.7998046875,8743.7001953125,175612000
2019-08-08,8869.0,8869.0,8790.5,8828.7998046875,161818100
2019-08-09,8757.7998046875,8825.599609375,8740.2998046875,8814.099609375,157538800
2019-08-12,8676.400390625,8811.0,8675.7998046875,8796.900390625,141735900
2019-08-13,8695.099609375,8782.0,8610.2001953125,8628.2001953125,200738700
2019-08-14,8522.7001953125,8684.0,8497.900390625,8684.0,193781300
2019-08-15,8519.0,8566.0,8409.2001953125,8551.099609375,186021200
2019-08-16,8670.400390625,8670.7001953125,8530.0,8530.0,307070400
2019-08-19,8733.2998046875,8774.400390625,8702.7001953125,8726.900390625,149328300
2019-08-20,8618.2998046875,8727.599609375,8618.2998046875,8707.099609375,140086000
2019-08-21,8701.5,8722.900390625,8644.2998046875,8645.900390625,109016400
2019-08-22,8716.400390625,8806.400390625,8675.599609375,8684.400390625,143420500
2019-08-23,8649.5,8782.599609375,8649.5,8764.400390625,133607400
2019-08-26,8679.2001953125,8702.0,8592.2001953125,8603.2998046875,86668500
2019-08-27,8728.900390625,8767.900390625,8662.099609375,8682.2001953125,156833800
2019-08-28,8747.099609375,8753.7998046875,8678.900390625,8711.5,107404400
2019-08-29,8794.2998046875,8841.099609375,8725.900390625,8728.2001953125,142695300
2019-08-30,8812.900390625,8858.7998046875,8797.099609375,8809.099609375,146442000
2019-09-02,8815.5,8858.400390625,8804.900390625,8810.7998046875,97947400
2019-09-03,8809.2001953125,8828.7998046875,8772.7998046875,8806.7998046875,158817500
2019-09-04,8856.599609375,8904.5,8856.599609375,8872.2998046875,169520500
2019-09-05,8992.7001953125,8995.400390625,8908.099609375,8913.0,215605500
2019-09-06,8990.099609375,9025.900390625,8958.599609375,8992.7998046875,168793800
2019-09-09,9010.599609375,9026.2998046875,8987.599609375,8997.7001953125,179010000
2019-09-10,9078.2001953125,9088.099609375,8947.7001953125,9007.400390625,265631700
2019-09-11,9059.5,9124.0,9029.400390625,9109.2998046875,212019200
2019-09-12,9082.2998046875,9112.900390625,8994.2998046875,9078.099609375,231323500
2019-09-13,9137.900390625,9153.5,9084.2998046875,9099.7998046875,226196600
2019-09-16,9052.0,9101.2001953125,9049.0,9099.900390625,174344900
2019-09-17,9004.2001953125,9052.099609375,8975.7998046875,9050.599609375,221426400
2019-09-18,9031.7001953125,9049.7001953125,8963.7998046875,9016.5,182235100
2019-09-19,9136.0,9138.5,9027.7998046875,9043.099609375,168884400
2019-09-20,9179.0,9210.900390625,9132.2001953125,9137.0,405543700
2019-09-23,9093.599609375,9168.2998046875,9055.900390625,9154.900390625,161360300
2019-09-24,9118.2001953125,9154.2001953125,9103.7998046875,9116.099609375,139483100
2019-09-25,9085.2998046875,9119.2001953125,9000.900390625,9087.2001953125,148045500
2019-09-26,9129.7001953125,9143.0,9061.400390625,9064.599609375,132267400
2019-09-27,9184.099609375,9210.5,9131.0,9149.7001953125,127034300
2019-09-30,9244.599609375,9257.2998046875,9189.599609375,9194.7998046875,177878400
2019-10-01,9165.900390625,9298.7998046875,9165.099609375,9277.0,150847200
2019-10-02,8912.2001953125,9157.099609375,8912.2001953125,9150.099609375,193947900
2019-10-03,8902.2001953125,8971.400390625,8850.599609375,8935.7998046875,152587800
2019-10-04,8961.7998046875,8961.7998046875,8858.599609375,8944.2001953125,148747800
2019-10-07,9044.099609375,9046.2998046875,8930.400390625,8954.7001953125,131080300
2019-10-08,8940.099609375,9071.5,8900.7998046875,9066.5,140370600
2019-10-09,8991.900390625,9035.599609375,8934.2001953125,8952.7001953125,103638000
2019-10-10,9104.400390625,9112.2001953125,8970.2998046875,8997.400390625,156096600
2019-10-11,9273.7998046875,9273.7998046875,9104.7998046875,9112.900390625,248406500
2019-10-14,9246.5,9247.599609375,9195.2001953125,9229.2001953125,125125400
2019-10-15,9356.099609375,9370.2998046875,9278.2998046875,9292.0,191056900
2019-10-16,9386.7001953125,9398.599609375,9288.2001953125,9346.5,205491300
2019-10-17,9340.0,9494.5,9340.0,9360.900390625,195287100
2019-10-18,9329.7998046875,9362.2001953125,9307.599609375,9310.2998046875,150240700
2019-10-21,9402.2998046875,9424.2998046875,9342.099609375,9350.2998046875,167986800
2019-10-22,9380.2001953125,9417.400390625,9344.599609375,9393.2998046875,139500300
2019-10-23,9385.0,9392.2998046875,9332.400390625,9339.2998046875,146308800
2019-10-24,9391.7998046875,9448.0,9378.599609375,9413.5,157225400
2019-10-25,9430.2001953125,9433.2998046875,9381.099609375,9409.900390625,124881200
2019-10-28,9433.0,9455.599609375,9394.599609375,9432.2998046875,123721700
2019-10-29,9400.099609375,9445.5,9362.2001953125,9440.7001953125,155531300
2019-10-30,9284.5,9386.599609375,9219.7001953125,9384.5,192868000
2019-10-31,9257.5,9305.2998046875,9208.900390625,9296.2998046875,227115200
2019-11-01,9328.0,9343.099609375,9252.7998046875,9293.099609375,160721600
2019-11-04,9416.400390625,9439.0,9354.2998046875,9376.5,180099600
2019-11-05,9407.900390625,9432.2998046875,9373.7998046875,9424.2001953125,218124200
2019-11-06,9398.400390625,9443.900390625,9360.900390625,9407.2998046875,173974000
2019-11-07,9447.2998046875,9482.5,9409.599609375,9435.400390625,190107600
2019-11-08,9393.7001953125,9436.099609375,9369.7001953125,9418.5,182548400
2019-11-11,9388.5,9400.400390625,9334.400390625,9370.2998046875,153710200
2019-11-12,9306.7001953125,9436.7998046875,9306.7001953125,9427.7998046875,182145300
2019-11-13,9194.5,9270.2001953125,9132.7998046875,9270.2001953125,246050000
2019-11-14,9173.2998046875,9216.900390625,9170.2998046875,9203.099609375,154125900
2019-11-15,9261.400390625,9273.2998046875,9186.900390625,9222.099609375,161258700
2019-11-18,9258.0,9293.099609375,9213.0,9265.099609375,135267700
2019-11-19,9259.2001953125,9327.5,9234.400390625,9288.0,121796100
2019-11-20,9225.400390625,9240.400390625,9165.400390625,9223.7001953125,139899200
2019-11-21,9214.0,9223.099609375,9152.099609375,9175.099609375,142003800
2019-11-22,9254.7001953125,9295.5,9229.7001953125,9238.5,173881100
2019-11-25,9319.900390625,9340.2998046875,9292.2998046875,9300.0,128376200
2019-11-26,9324.7998046875,9329.7001953125,9288.2001953125,9323.599609375,214687000
2019-11-27,9362.7001953125,9388.7001953125,9333.400390625,9353.5,135045800
2019-11-28,9359.0,9373.099609375,9343.7998046875,9353.599609375,107163700
2019-11-29,9352.0,9404.5,9312.5,9334.5,140835600
2019-12-02,9156.2998046875,9390.900390625,9146.599609375,9367.2001953125,200666300
2019-12-03,9135.7001953125,9209.7998046875,9110.099609375,9176.7998046875,162636000
2019-12-04,9270.7998046875,9277.599609375,9144.7998046875,9146.2001953125,152240500
2019-12-05,9243.400390625,9325.7998046875,9243.400390625,9284.2998046875,120855300
2019-12-06,9382.7001953125,9395.400390625,9247.7001953125,9267.2998046875,125323400
2019-12-09,9354.599609375,9403.5,9354.599609375,9378.2001953125,106942600
2019-12-10,9321.099609375,9355.7001953125,9246.099609375,9355.599609375,136834300
2019-12-11,9392.5,9421.5,9300.2998046875,9315.400390625,145840600
2019-12-12,9468.5,9505.599609375,9370.0,9416.2998046875,213476500
2019-12-13,9563.7001953125,9650.900390625,9554.099609375,9598.2001953125,261410400
2019-12-16,9680.599609375,9692.400390625,9599.7001953125,9607.900390625,163326900
2019-12-17,9615.900390625,9652.400390625,9608.099609375,9630.7001953125,157680000
2019-12-18,9621.7998046875,9659.2001953125,9606.099609375,9606.099609375,156463700
2019-12-19,9617.2001953125,9635.400390625,9567.400390625,9622.599609375,165383700
2019-12-20,9675.5,9675.5,9605.7998046875,9620.400390625,366705600
2019-12-23,9659.599609375,9670.900390625,9639.0,9650.2001953125,119328700
2019-12-24,9661.7998046875,9661.7998046875,9607.7998046875,9632.099609375,35436200
2019-12-27,9700.5,9700.5,9657.5,9673.0,103106600
2019-12-30,9612.599609375,9682.099609375,9612.599609375,9672.5,95100900
2019-12-31,9549.2001953125,9564.900390625,9518.5,9564.900390625,62697500
2020-01-02,9691.2001953125,9705.400390625,9615.099609375,9639.099609375,142379600
2020-01-03,9646.599609375,9650.7001953125,9581.2001953125,9631.2001953125,135130000
2020-01-06,9600.900390625,9618.2001953125,9492.7001953125,9585.400390625,103520400
2020-01-07,9579.7998046875,9657.900390625,9557.900390625,9623.099609375,133476100
2020-01-08,9591.400390625,9604.2998046875,9520.2998046875,9535.099609375,133957600
2020-01-09,9581.7998046875,9644.7998046875,9573.7998046875,9629.2001953125,151793500
2020-01-10,9573.599609375,9623.599609375,9557.900390625,9611.2998046875,132894500
2020-01-13,9543.900390625,9586.599609375,9507.400390625,9586.599609375,124149000
2020-01-14,9528.2998046875,9548.400390625,9466.0,9548.099609375,143774600
2020-01-15,9511.7001953125,9530.2001953125,9475.0,9521.2001953125,161995000
2020-01-16,9572.5,9579.5,9481.599609375,9516.7001953125,133841500
2020-01-17,9681.2998046875,9709.900390625,9611.2998046875,9616.099609375,159823200
2020-01-20,9658.7998046875,9680.900390625,9623.099609375,9676.599609375,99959200
2020-01-21,9611.2998046875,9620.7001953125,9550.0,9593.400390625,126448800
2020-01-22,9573.7001953125,9632.7998046875,9557.0,9622.0,134567800
2020-01-23,9518.5,9604.7001953125,9499.2998046875,9549.400390625,169141000
2020-01-24,9562.0,9639.900390625,9552.5,9576.7998046875,154731100
2020-01-27,9366.2998046875,9482.7998046875,9357.7998046875,9447.099609375,164515500
2020-01-28,9484.2001953125,9488.0,9363.7998046875,9401.7998046875,154919400
2020-01-29,9546.7001953125,9574.2998046875,9510.7001953125,9532.7001953125,187145800
2020-01-30,9477.900390625,9528.400390625,9439.2998046875,9460.7998046875,164094200
2020-01-31,9367.900390625,9545.099609375,9365.099609375,9519.2998046875,303553700
2020-02-03,9404.7001953125,9431.599609375,9361.5,9404.400390625,168665700
2020-02-04,9562.900390625,9577.2998046875,9462.400390625,9465.900390625,174133900
2020-02-05,9717.7998046875,9721.900390625,9540.2001953125,9553.400390625,221922900
2020-02-06,9811.2998046875,9816.2001953125,9757.0,9767.099609375,248416700
2020-02-07,9811.0,9816.2001953125,9761.7998046875,9789.2998046875,179586900
2020-02-10,9816.0,9820.400390625,9773.5,9790.599609375,132132500
2020-02-11,9882.599609375,9884.0,9817.7998046875,9863.400390625,167628300
2020-02-12,9940.400390625,9946.599609375,9888.599609375,9897.900390625,199830200
2020-02-13,9909.7998046875,9910.099609375,9794.2998046875,9893.900390625,161753500
2020-02-14,9956.7998046875,9969.7001953125,9905.2001953125,9910.900390625,127061800
2020-02-17,10022.2001953125,10022.2001953125,9955.2001953125,9979.2001953125,105784200
2020-02-18,10005.7998046875,10041.5,9967.7998046875,9977.400390625,184042000
2020-02-19,10083.599609375,10100.2001953125,10020.7001953125,10042.0,151866100
2020-02-20,9931.0,10050.2998046875,9931.0,10048.7001953125,178849000
2020-02-21,9886.2001953125,9946.400390625,9843.5,9893.0,194954500
2020-02-24,9483.5,9676.7998046875,9459.599609375,9649.7998046875,256063800
2020-02-25,9250.7998046875,9518.900390625,9248.0,9507.0,263346200
2020-02-26,9316.7998046875,9362.7998046875,9030.7001953125,9213.0,299256300
2020-02-27,8985.900390625,9204.400390625,8877.400390625,9182.2001953125,341792600
2020-02-28,8723.2001953125,8818.599609375,8582.7001953125,8748.099609375,497983900
2020-03-02,8741.5,8913.5,8541.099609375,8910.2001953125,355485000
2020-03-03,8811.599609375,9014.2998046875,8776.400390625,8860.2001953125,351219900
2020-03-04,8910.0,8963.7001953125,8745.900390625,8827.7998046875,321258300
2020-03-05,8683.0,8962.5,8639.900390625,8960.7998046875,342803500
2020-03-06,8375.599609375,8542.0,8310.400390625,8532.599609375,345901100
2020-03-09,7708.7001953125,8022.89990234375,7621.39990234375,7884.0,598769200
2020-03-10,7461.5,8007.7001953125,7440.60009765625,7815.60009765625,506034000
2020-03-11,7436.39990234375,7717.10009765625,7364.60009765625,7589.2998046875,369150100
2020-03-12,6390.89990234375,7077.7001953125,6347.0,7040.7998046875,723609100
2020-03-13,6629.60009765625,7140.5,6468.2998046875,6763.7001953125,473165800
2020-03-16,6107.2001953125,6362.5,5814.5,6331.0,583614700
2020-03-17,6498.5,6557.2998046875,6083.0,6444.5,388451800
2020-03-18,6274.7998046875,6524.2001953125,6174.10009765625,6370.5,398609500
2020-03-19,6395.7998046875,6506.39990234375,6228.2998046875,6368.2001953125,346225500
2020-03-20,6443.2998046875,6769.89990234375,6371.10009765625,6645.39990234375,486796200
2020-03-23,6230.2001953125,6472.0,6148.0,6223.7001953125,282033200
2020-03-24,6717.2998046875,6717.2998046875,6403.60009765625,6433.2998046875,301211900
2020-03-25,6942.39990234375,7058.10009765625,6625.7998046875,6985.89990234375,322631900
2020-03-26,7033.2001953125,7033.2001953125,6759.10009765625,6789.0,248806600
2020-03-27,6777.89990234375,6936.7001953125,6661.89990234375,6916.7001953125,225316500
2020-03-30,6659.89990234375,6789.10009765625,6507.0,6748.60009765625,232005200
2020-03-31,6785.39990234375,6802.0,6624.7001953125,6746.7998046875,258181200
2020-04-01,6579.39990234375,6687.7998046875,6565.2001953125,6627.2998046875,235113700
2020-04-02,6574.10009765625,6658.89990234375,6424.5,6633.7001953125,233309800
2020-04-03,6581.60009765625,6632.5,6509.39990234375,6563.60009765625,215387500
2020-04-06,6844.2998046875,6874.89990234375,6728.60009765625,6807.89990234375,225965400
2020-04-07,7002.0,7119.10009765625,6903.60009765625,6986.89990234375,260857500
2020-04-08,6951.7998046875,6952.5,6860.60009765625,6930.2001953125,155910100
2020-04-09,7070.60009765625,7116.7998046875,6918.7001953125,7049.2998046875,240348600
2020-04-14,7108.60009765625,7209.7001953125,7080.2998046875,7209.7001953125,259986200
2020-04-15,6839.5,7086.7998046875,6816.39990234375,7065.60009765625,289924500
2020-04-16,6763.39990234375,6950.89990234375,6733.10009765625,6930.7998046875,237962600
2020-04-17,6875.7998046875,7000.2998046875,6845.0,6942.5,251272600
2020-04-20,6831.5,6933.2998046875,6715.0,6932.5,186644500
2020-04-21,6634.89990234375,6760.89990234375,6634.89990234375,6741.2998046875,200783000
2020-04-22,6719.7998046875,6729.60009765625,6654.2001953125,6685.10009765625,177928500
2020-04-23,6746.5,6797.60009765625,6713.60009765625,6758.7001953125,163723500
2020-04-24,6613.89990234375,6710.7998046875,6578.10009765625,6641.2998046875,182925300
2020-04-27,6731.7998046875,6790.10009765625,6667.2998046875,6780.89990234375,147263100
2020-04-28,6836.39990234375,6857.89990234375,6707.89990234375,6724.60009765625,233782400
2020-04-29,7055.7001953125,7055.7001953125,6816.7998046875,6829.39990234375,247762400
2020-04-30,6922.2998046875,7128.39990234375,6918.2998046875,7084.7998046875,314979200
2020-05-04,6673.2998046875,6767.7001953125,6673.2998046875,6767.7001953125,241555200
2020-05-05,6747.7001953125,6815.89990234375,6680.7001953125,6772.2001953125,203873600
2020-05-06,6671.7001953125,6762.5,6666.2001953125,6719.7998046875,166015200
2020-05-07,6730.89990234375,6747.2001953125,6666.39990234375,6714.89990234375,167460700
2020-05-08,6783.10009765625,6807.39990234375,6715.39990234375,6790.7001953125,128578300
2020-05-11,6672.2001953125,6854.7001953125,6651.7001953125,6830.89990234375,217443300
2020-05-12,6762.7001953125,6795.10009765625,6663.2001953125,6672.7001953125,172853600
2020-05-13,6631.39990234375,6728.2001953125,6631.39990234375,6694.0,245673600
2020-05-14,6545.60009765625,6609.0,6421.39990234375,6569.7001953125,258952900
2020-05-15,6474.89990234375,6624.2998046875,6466.0,6594.39990234375,203854400
2020-05-18,6779.2998046875,6790.2001953125,6558.10009765625,6583.10009765625,203486600
2020-05-19,6609.10009765625,6872.60009765625,6555.60009765625,6864.2001953125,501358300
2020-05-20,6683.60009765625,6697.10009765625,6499.10009765625,6593.39990234375,341451800
2020-05-21,6686.10009765625,6773.39990234375,6579.89990234375,6612.7001953125,258583100
2020-05-22,6697.5,6751.7998046875,6585.7001953125,6618.2001953125,292688300
2020-05-25,6856.7998046875,6856.7998046875,6725.2001953125,6766.60009765625,187072800
2020-05-26,7003.89990234375,7023.7998046875,6917.10009765625,6940.60009765625,383729100
2020-05-27,7174.5,7229.0,7030.2001953125,7034.0,501006600
2020-05-28,7224.10009765625,7244.5,7141.39990234375,7237.2998046875,375466600
2020-05-29,7096.5,7201.7998046875,7096.5,7164.2998046875,903979900
2020-06-01,7221.39990234375,7276.0,7160.10009765625,7228.7001953125,291929600
2020-06-02,7408.10009765625,7445.2998046875,7236.89990234375,7264.0,402947100
2020-06-03,7626.39990234375,7629.7001953125,7448.89990234375,7487.2998046875,445036400
2020-06-04,7566.7998046875,7669.2001953125,7516.0,7567.7001953125,514858000
2020-06-05,7872.60009765625,7890.39990234375,7664.10009765625,7672.0,573283900
2020-06-08,7896.10009765625,7992.7001953125,7796.60009765625,7813.10009765625,557213300
2020-06-09,7752.2998046875,7914.7001953125,7683.2001953125,7878.2001953125,453061900
2020-06-10,7663.89990234375,7861.0,7649.39990234375,7779.7998046875,355564600
2020-06-11,7278.0,7486.5,7278.0,7486.5,456667800
2020-06-12,7292.7001953125,7425.2998046875,7205.0,7232.2001953125,370125100
2020-06-15,7259.2998046875,7309.39990234375,7062.89990234375,7116.89990234375,329041900
2020-06-16,7495.2998046875,7599.2998046875,7349.7001953125,7420.7998046875,388212600
2020-06-17,7478.7001953125,7552.5,7402.5,7458.10009765625,333500600
2020-06-18,7390.2001953125,7495.2001953125,7318.10009765625,7436.39990234375,326763200
2020-06-19,7414.2001953125,7502.10009765625,7401.0,7444.2001953125,634635200
2020-06-22,7345.7001953125,7426.89990234375,7300.7001953125,7371.60009765625,220420500
2020-06-23,7438.39990234375,7495.10009765625,7366.60009765625,7408.7998046875,260896400
2020-06-24,7195.5,7440.89990234375,7195.5,7403.89990234375,248464400
2020-06-25,7270.2998046875,7295.7998046875,7077.7998046875,7176.39990234375,267871700
2020-06-26,7178.39990234375,7344.89990234375,7172.10009765625,7324.5,215724300
2020-06-29,7278.10009765625,7318.2998046875,7146.2998046875,7160.10009765625,216619400
2020-06-30,7231.39990234375,7307.5,7173.0,7270.60009765625,233654700
2020-07-01,7227.39990234375,7283.89990234375,7127.10009765625,7245.60009765625,194032100
2020-07-02,7498.60009765625,7538.2001953125,7292.7001953125,7292.7001953125,310243600
2020-07-03,7403.5,7520.60009765625,7374.89990234375,7510.2998046875,181467000
2020-07-06,7556.2001953125,7632.2998046875,7517.2998046875,7566.5,253508300
2020-07-07,7447.39990234375,7511.2998046875,7441.2998046875,7491.5,191351100
2020-07-08,7326.39990234375,7382.7001953125,7307.39990234375,7361.0,213489300
2020-07-09,7236.89990234375,7383.5,7221.10009765625,7369.89990234375,176465600
2020-07-10,7321.10009765625,7324.2998046875,7183.2001953125,7198.39990234375,182314500
2020-07-13,7426.89990234375,7452.10009765625,7345.89990234375,7403.2001953125,179024200
2020-07-14,7352.0,7352.0,7268.39990234375,7344.39990234375,201386900
2020-07-15,7487.60009765625,7529.60009765625,7317.60009765625,7416.10009765625,262957900
2020-07-16,7474.7001953125,7498.0,7425.2998046875,7438.7998046875,178623900
2020-07-17,7440.39990234375,7485.0,7395.7998046875,7474.10009765625,196831900
2020-07-20,7478.0,7495.5,7365.10009765625,7442.5,148683100
2020-07-21,7494.5,7654.7998046875,7473.5,7554.2001953125,300453100
2020-07-22,7390.10009765625,7498.60009765625,7368.2001953125,7474.7001953125,192701200
2020-07-23,7384.89990234375,7442.2001953125,7357.2001953125,7434.7001953125,167589000
2020-07-24,7294.7001953125,7322.7001953125,7241.10009765625,7301.7998046875,183906100
2020-07-27,7170.60009765625,7268.0,7141.2998046875,7267.7998046875,232707600
2020-07-28,7246.39990234375,7257.2998046875,7170.60009765625,7191.89990234375,162297200
2020-07-29,7206.2001953125,7260.2001953125,7171.2998046875,7247.60009765625,210361700
2020-07-30,6996.60009765625,7192.7001953125,6924.7001953125,7192.2998046875,324376500
2020-07-31,6877.39990234375,7049.5,6877.39990234375,7025.2001953125,312298100
2020-08-03,6975.0,6983.2998046875,6788.89990234375,6867.39990234375,282337300
2020-08-04,7021.60009765625,7064.7998046875,6955.39990234375,7003.0,225242000
2020-08-05,7039.7001953125,7123.5,7027.7001953125,7073.2001953125,208795900
2020-08-06,6957.89990234375,7046.10009765625,6917.0,7022.10009765625,205847300
2020-08-07,6950.5,6961.7998046875,6876.7001953125,6929.10009765625,184151000
2020-08-10,7053.89990234375,7053.89990234375,6957.0,7004.39990234375,208030800
2020-08-11,7263.5,7290.10009765625,7104.0,7104.0,271632300
2020-08-12,7296.0,7317.89990234375,7225.7001953125,7250.2998046875,219850300
2020-08-13,7250.5,7321.89990234375,7240.7998046875,7267.89990234375,159766300
2020-08-14,7154.2998046875,7227.60009765625,7064.0,7224.10009765625,175803800
2020-08-17,7090.10009765625,7173.2998046875,7064.10009765625,7141.5,131241200
2020-08-18,7043.5,7165.60009765625,7024.39990234375,7065.7001953125,142775200
2020-08-19,7094.2998046875,7094.2998046875,7002.7998046875,7039.10009765625,132230000
2020-08-20,6993.2998046875,7034.5,6974.89990234375,7011.39990234375,155668600
2020-08-21,6982.10009765625,7025.89990234375,6900.5,7016.7001953125,171116500
2020-08-24,7109.10009765625,7120.7998046875,7037.2998046875,7044.2001953125,147789200
2020-08-25,7108.39990234375,7215.10009765625,7103.2001953125,7147.89990234375,189748500
2020-08-26,7123.0,7136.5,7070.39990234375,7088.39990234375,122064500
2020-08-27,7090.7001953125,7130.2001953125,7029.2001953125,7114.10009765625,162183000
2020-08-28,7133.0,7162.89990234375,7055.10009765625,7114.7001953125,193354900
2020-08-31,6969.5,7198.2998046875,6960.0,7174.2998046875,205260600
2020-09-01,6956.89990234375,7042.0,6903.0,7038.5,226079800
2020-09-02,6996.89990234375,7046.10009765625,6963.89990234375,6973.10009765625,208505300
2020-09-03,7006.0,7159.60009765625,6971.2001953125,7065.2001953125,246671100
2020-09-04,6989.7001953125,7133.39990234375,6954.7001953125,7015.7001953125,462539100
2020-09-07,7080.7001953125,7098.0,7013.0,7032.7998046875,257575100
2020-09-08,6955.0,7102.60009765625,6899.0,7087.89990234375,246699200
2020-09-09,7020.89990234375,7038.60009765625,6938.89990234375,6946.39990234375,202896600
2020-09-10,6999.2001953125,7050.89990234375,6967.39990234375,7020.60009765625,211096000
2020-09-11,6943.2001953125,7000.89990234375,6910.39990234375,6989.39990234375,209115200
2020-09-14,6951.10009765625,7005.7001953125,6935.0,6989.7998046875,199767400
2020-09-15,7036.0,7064.0,6954.7998046875,6958.89990234375,204185200
2020-09-16,7110.7998046875,7110.7998046875,7020.7001953125,7048.2998046875,239805900
2020-09-17,7086.2001953125,7101.7998046875,7013.7998046875,7027.10009765625,214242300
2020-09-18,6929.7998046875,7075.2998046875,6923.60009765625,7073.7998046875,975212000
2020-09-21,6692.2998046875,6892.89990234375,6678.7998046875,6892.89990234375,384701000
2020-09-22,6648.60009765625,6758.0,6645.60009765625,6752.89990234375,286493700
2020-09-23,6654.2001953125,6781.10009765625,6654.2001953125,6717.7998046875,294826200
2020-09-24,6643.39990234375,6705.7001953125,6562.60009765625,6577.60009765625,285830200
2020-09-25,6628.2998046875,6681.89990234375,6552.2998046875,6647.39990234375,263364400
2020-09-28,6791.5,6798.89990234375,6681.39990234375,6709.2001953125,212053800
2020-09-29,6713.60009765625,6790.7001953125,6713.60009765625,6769.5,198774100
2020-09-30,6716.60009765625,6771.10009765625,6639.7001953125,6663.60009765625,247927500
2020-10-01,6730.7001953125,6800.7998046875,6701.2001953125,6789.10009765625,227516000
2020-10-02,6754.5,6754.5,6648.89990234375,6675.39990234375,227139400
2020-10-05,6837.89990234375,6851.0,6794.10009765625,6814.5,237493400
2020-10-06,6936.2001953125,6975.39990234375,6838.7998046875,6860.10009765625,265233500
2020-10-07,6910.10009765625,6952.60009765625,6887.10009765625,6920.2001953125,207416200
2020-10-08,6992.7998046875,7018.7998046875,6951.7001953125,6953.2001953125,202093000
2020-10-09,6950.89990234375,7024.60009765625,6936.7001953125,6992.89990234375,182746300
2020-10-12,6951.0,6979.89990234375,6924.7998046875,6968.7998046875,167258200
2020-10-13,6875.2001953125,6960.60009765625,6854.60009765625,6945.2001953125,205874300
2020-10-14,6916.60009765625,6946.7998046875,6846.5,6880.39990234375,178694400
2020-10-15,6816.7998046875,6842.2998046875,6763.0,6840.2001953125,237247000
2020-10-16,6849.7001953125,6877.0,6784.60009765625,6851.89990234375,234162000
2020-10-19,6860.2001953125,6932.7998046875,6816.39990234375,6882.10009765625,173622600
2020-10-20,6927.2998046875,6972.10009765625,6826.7001953125,6834.7998046875,221477800
2020-10-21,6811.5,6962.2001953125,6806.10009765625,6961.5,207333200
2020-10-22,6796.60009765625,6839.5,6709.2998046875,6775.2001953125,212045300
2020-10-23,6893.39990234375,6902.0,6791.89990234375,6802.10009765625,221927800
2020-10-26,6796.89990234375,6904.2001953125,6789.7001953125,6797.89990234375,195991200
2020-10-27,6651.2998046875,6846.7001953125,6647.0,6845.2001953125,273169200
2020-10-28,6474.39990234375,6563.7998046875,6423.2998046875,6560.7998046875,323758000
2020-10-29,6411.7998046875,6514.0,6329.5,6467.7001953125,298195700
2020-10-30,6452.2001953125,6461.60009765625,6345.2998046875,6351.39990234375,260708300
2020-11-02,6585.60009765625,6590.7001953125,6396.2998046875,6481.39990234375,222245200
2020-11-03,6751.60009765625,6760.7998046875,6608.7001953125,6636.10009765625,281852500
2020-11-04,6781.89990234375,6790.7998046875,6563.7001953125,6616.7001953125,274816200
2020-11-05,6924.2001953125,6948.2998046875,6814.2001953125,6833.5,255824700
2020-11-06,6870.39990234375,6940.39990234375,6829.39990234375,6890.60009765625,206308100
2020-11-09,7459.39990234375,7535.2998046875,6945.7998046875,6972.2998046875,751200600
2020-11-10,7711.39990234375,7720.2998046875,7439.5,7447.10009765625,705610500
2020-11-11,7793.7001953125,7804.60009765625,7675.7998046875,7733.7998046875,401246900
2020-11-12,7726.0,7773.2998046875,7688.0,7721.7001953125,309657400
2020-11-13,7783.7001953125,7823.10009765625,7686.2001953125,7698.60009765625,297808600
2020-11-16,7986.2001953125,8102.39990234375,7879.0,7905.89990234375,601880600
2020-11-17,7934.2998046875,7979.0,7835.7998046875,7979.0,428970100
2020-11-18,7981.5,7994.2998046875,7888.7001953125,7914.10009765625,296385800
2020-11-19,7930.2001953125,7978.7998046875,7863.89990234375,7907.2001953125,261607300
2020-11-20,7977.89990234375,8001.10009765625,7920.0,7938.7998046875,232651500
2020-11-23,7981.2001953125,8067.2998046875,7972.2001953125,8029.10009765625,278313000
2020-11-24,8143.2001953125,8143.2001953125,8045.2998046875,8052.39990234375,351639600
2020-11-25,8164.7001953125,8199.900390625,8084.39990234375,8172.39990234375,294450000
2020-11-26,8104.60009765625,8184.89990234375,8086.7001953125,8184.7998046875,218317400
2020-11-27,8190.7001953125,8190.7001953125,8054.39990234375,8069.10009765625,415126100
2020-11-30,8076.89990234375,8165.2001953125,8075.39990234375,8130.60009765625,544905000
2020-12-01,8140.7998046875,8176.39990234375,8100.2001953125,8112.7001953125,284946100
2020-12-02,8220.7998046875,8226.2001953125,8104.2001953125,8111.10009765625,310837500
2020-12-03,8200.7001953125,8223.400390625,8154.7998046875,8208.099609375,233469300
2020-12-04,8322.900390625,8322.900390625,8197.0,8201.2001953125,352968100
2020-12-07,8275.599609375,8296.400390625,8225.5,8283.2998046875,228160200
2020-12-08,8227.599609375,8273.599609375,8206.2998046875,8262.400390625,202823300
2020-12-09,8235.2998046875,8292.599609375,8223.099609375,8262.2001953125,212038900
2020-12-10,8182.2998046875,8284.2998046875,8124.89990234375,8260.2998046875,272111500
2020-12-11,8063.10009765625,8151.39990234375,7978.10009765625,8147.7998046875,269809400
2020-12-14,8140.7998046875,8222.5,8140.5,8160.2001953125,225309600
2020-12-15,8152.39990234375,8166.60009765625,8099.7001953125,8153.2001953125,213877000
2020-12-16,8139.5,8209.7001953125,8104.39990234375,8166.39990234375,218432700
2020-12-17,8153.39990234375,8180.7998046875,8110.5,8164.60009765625,193099700
2020-12-18,8037.39990234375,8159.39990234375,8036.7001953125,8114.2998046875,355173100
2020-12-21,7789.7998046875,7872.2998046875,7663.5,7860.89990234375,339116800
2020-12-22,7934.2001953125,7942.39990234375,7818.0,7822.0,187112500
2020-12-23,8073.60009765625,8084.2001953125,7940.0,7948.7998046875,183108500
2020-12-24,8111.5,8112.39990234375,8073.2998046875,8101.2001953125,83708200
2020-12-28,8155.60009765625,8192.099609375,8122.2001953125,8179.2998046875,147457600
2020-12-29,8174.7998046875,8225.7998046875,8167.0,8203.2001953125,143794800
2020-12-30,8154.39990234375,8194.2001953125,8149.7998046875,8174.2001953125,129930500
2020-12-31,8073.7001953125,8129.7998046875,8073.7001953125,8116.89990234375,82261100
2021-01-04,8099.2001953125,8207.2001953125,8053.0,8191.7998046875,213153000
2021-01-05,8091.5,8118.10009765625,8037.39990234375,8052.2001953125,173796400
2021-01-06,8350.2998046875,8383.7001953125,8134.10009765625,8179.7998046875,275695700
2021-01-07,8385.7998046875,8399.5,8274.099609375,8383.7998046875,247341500
2021-01-08,8407.7001953125,8439.7001953125,8366.2001953125,8439.7001953125,204981400
2021-01-11,8357.5,8411.900390625,8317.0,8369.2001953125,188251800
2021-01-12,8345.900390625,8396.2998046875,8322.400390625,8375.2001953125,207298100
2021-01-13,8361.099609375,8386.599609375,8318.7001953125,8353.900390625,206409700
2021-01-14,8372.400390625,8394.400390625,8335.900390625,8360.900390625,196757600
2021-01-15,8230.7001953125,8361.7001953125,8173.7998046875,8332.2001953125,251305100
2021-01-18,8254.5,8259.400390625,8180.7001953125,8194.7001953125,122092800
2021-01-19,8199.0,8320.2001953125,8198.400390625,8303.7001953125,162964400
2021-01-20,8204.099609375,8240.900390625,8140.2998046875,8220.2998046875,147519500
2021-01-21,8122.10009765625,8275.900390625,8117.89990234375,8234.5,179934200
2021-01-22,8036.39990234375,8078.10009765625,7971.10009765625,8072.7001953125,233703000
2021-01-25,7897.2998046875,8085.7998046875,7846.0,8076.89990234375,218852300
2021-01-26,7964.89990234375,8008.5,7907.7001953125,7907.7001953125,177642900
2021-01-27,7852.7001953125,7995.5,7782.5,7950.39990234375,208275300
2021-01-28,7932.5,7958.89990234375,7713.5,7767.2001953125,201655300
2021-01-29,7757.5,7882.89990234375,7757.2998046875,7825.7998046875,250623200
2021-02-01,7798.2001953125,7842.2998046875,7779.7998046875,7823.0,182007000
2021-02-02,7950.89990234375,7958.89990234375,7828.10009765625,7844.60009765625,238438100
2021-02-03,8012.7998046875,8088.2001953125,7983.2998046875,8048.2001953125,220821600
2021-02-04,8122.60009765625,8122.60009765625,8005.39990234375,8031.39990234375,241673000
2021-02-05,8214.7001953125,8227.2001953125,8107.2998046875,8129.7998046875,261535200
2021-02-08,8219.0,8260.2998046875,8187.89990234375,8251.7998046875,203539900
2021-02-09,8101.0,8219.0,8090.7998046875,8216.7998046875,159552300
2021-02-10,8065.39990234375,8144.2998046875,8026.89990234375,8127.2001953125,170296200
2021-02-11,8037.60009765625,8095.10009765625,8008.2001953125,8067.10009765625,136461900
2021-02-12,8055.0,8055.0,7921.2998046875,8025.0,157832900
2021-02-15,8203.5,8218.599609375,8108.2001953125,8124.39990234375,193906300
2021-02-16,8153.7001953125,8222.2998046875,8129.2001953125,8215.099609375,164686700
2021-02-17,8122.7001953125,8176.2998046875,8073.89990234375,8140.7998046875,190607900
2021-02-18,8058.10009765625,8168.60009765625,8045.2998046875,8133.5,151455500
2021-02-19,8151.60009765625,8172.60009765625,8016.10009765625,8066.7001953125,209007000
2021-02-22,8112.2001953125,8126.2998046875,8045.2998046875,8119.60009765625,221465900
2021-02-23,8252.099609375,8259.900390625,8107.60009765625,8128.0,293160800
2021-02-24,8269.599609375,8311.5,8205.2001953125,8266.599609375,225852700
2021-02-25,8317.7998046875,8387.0,8310.7001953125,8331.2001953125,309755000
2021-02-26,8225.0,8377.099609375,8166.2998046875,8218.599609375,291865800
2021-03-01,8378.099609375,8395.900390625,8291.2998046875,8324.599609375,182097000
2021-03-02,8355.7998046875,8436.5,8328.599609375,8360.900390625,177712100
2021-03-03,8329.2998046875,8466.599609375,8278.5,8397.599609375,240923800
2021-03-04,8354.0,8382.2001953125,8273.900390625,8285.099609375,207044300
2021-03-05,8286.7998046875,8387.099609375,8239.7001953125,8322.099609375,259819800
2021-03-08,8444.2001953125,8458.400390625,8307.5,8358.0,235094900
2021-03-09,8496.400390625,8516.2001953125,8416.0,8446.2998046875,281898000
2021-03-10,8525.2001953125,8561.099609375,8462.2998046875,8479.5,203746300
2021-03-11,8593.0,8609.5,8495.7998046875,8567.599609375,189021600
2021-03-12,8644.5,8644.5,8554.400390625,8570.0,149113500
2021-03-15,8635.400390625,8740.099609375,8617.599609375,8689.900390625,210887200
2021-03-16,8657.7001953125,8717.599609375,8617.7998046875,8679.400390625,209943700
2021-03-17,8599.5,8659.099609375,8570.099609375,8652.099609375,173237000
2021-03-18,8624.599609375,8658.7998046875,8587.099609375,8632.599609375,237338400
2021-03-19,8493.0,8591.2001953125,8465.900390625,8560.099609375,375052600
2021-03-22,8343.5,8432.599609375,8324.7998046875,8430.2001953125,229082300
2021-03-23,8390.2998046875,8425.900390625,8274.2001953125,8316.7001953125,203402800
2021-03-24,8443.7001953125,8443.7001953125,8288.7998046875,8351.2998046875,187924600
2021-03-25,8409.5,8439.2001953125,8299.7001953125,8420.2998046875,161359200
2021-03-26,8498.2001953125,8528.7998046875,8437.7998046875,8480.5,233895700
2021-03-29,8492.099609375,8540.400390625,8451.5,8502.7998046875,177594200
2021-03-30,8595.2001953125,8612.2998046875,8532.400390625,8542.900390625,171860100
2021-03-31,8580.0,8652.2001953125,8568.0,8594.7001953125,265542300
2021-04-01,8577.599609375,8610.099609375,8542.7001953125,8595.599609375,150979000
2021-04-06,8634.599609375,8691.900390625,8615.5,8673.2001953125,201717300
2021-04-07,8597.400390625,8661.7998046875,8592.2001953125,8648.2998046875,137394800
2021-04-08,8637.7998046875,8637.7998046875,8564.400390625,8626.5,165761800
2021-04-09,8565.7998046875,8647.400390625,8565.7998046875,8639.2998046875,133458400
2021-04-12,8532.599609375,8556.900390625,8481.0,8556.099609375,131409400
2021-04-13,8525.099609375,8568.2998046875,8467.2998046875,8533.2001953125,152574000
2021-04-14,8588.400390625,8595.7001953125,8510.099609375,8532.599609375,133519000
2021-04-15,8571.599609375,8621.900390625,8564.7001953125,8603.099609375,146073800
2021-04-16,8613.5,8656.400390625,8553.599609375,8585.0,176861600
2021-04-19,8711.400390625,8741.400390625,8609.2998046875,8613.7998046875,171375300
2021-04-20,8459.400390625,8703.900390625,8450.7001953125,8699.400390625,214621600
2021-04-21,8519.7998046875,8566.2998046875,8426.2001953125,8492.900390625,175189200
2021-04-22,8656.7998046875,8656.7998046875,8527.5,8548.599609375,136381300
2021-04-23,8618.599609375,8674.0,8571.7001953125,8629.400390625,118119300
2021-04-26,8701.900390625,8714.599609375,8590.599609375,8629.900390625,162998200
2021-04-27,8756.7001953125,8756.7001953125,8655.2998046875,8690.7998046875,183162900
2021-04-28,8799.599609375,8815.900390625,8717.599609375,8779.099609375,218196700
2021-04-29,8823.2001953125,8869.900390625,8801.400390625,8821.7998046875,261774400
2021-04-30,8815.0,8860.400390625,8808.599609375,8822.2998046875,267612000
2021-05-03,8893.7001953125,8904.7001953125,8796.2998046875,8821.599609375,150399700
2021-05-04,8830.400390625,9002.400390625,8811.900390625,8906.0,231895800
2021-05-05,8967.7998046875,8967.7998046875,8881.400390625,8896.7001953125,180443400
2021-05-06,8982.2001953125,9010.5,8912.2001953125,8982.599609375,188334200
2021-05-07,9059.2001953125,9065.900390625,8982.900390625,9042.0,191889900
2021-05-10,9144.2998046875,9149.099609375,9061.099609375,9121.5,237075400
2021-05-11,8987.2001953125,9078.7001953125,8948.099609375,9065.099609375,232088700
2021-05-12,9007.7001953125,9055.2001953125,8953.400390625,8990.2001953125,195759200
2021-05-13,8966.2001953125,8989.599609375,8804.2998046875,8932.7001953125,173524400
2021-05-14,9145.599609375,9149.0,9005.900390625,9036.2998046875,161364300
2021-05-17,9155.599609375,9203.0,9099.5,9166.7001953125,164174400
2021-05-18,9183.900390625,9241.5,9127.2001953125,9214.2001953125,176037400
2021-05-19,9070.7001953125,9164.7001953125,8977.900390625,9121.400390625,200253900
2021-05-20,9124.2998046875,9124.2998046875,8997.2001953125,9112.099609375,138305200
2021-05-21,9204.0,9223.900390625,9110.599609375,9129.599609375,175406200
2021-05-24,9205.5,9243.2001953125,9170.7998046875,9230.400390625,91842700
2021-05-25,9208.7001953125,9245.599609375,9197.0,9220.900390625,147285300
2021-05-26,9196.900390625,9243.400390625,9144.900390625,9232.0,160831700
2021-05-27,9186.099609375,9254.7001953125,9173.5,9183.7998046875,325441300
2021-05-28,9224.599609375,9243.2998046875,9204.2998046875,9237.7998046875,192320800
2021-05-31,9148.900390625,9226.099609375,9148.900390625,9224.2001953125,102386400
2021-06-01,9189.7001953125,9226.7998046875,9137.2001953125,9167.2998046875,143121400
2021-06-02,9180.7001953125,9216.0,9152.0,9198.2998046875,137506400
2021-06-03,9142.400390625,9189.400390625,9086.599609375,9179.7998046875,164216700
2021-06-04,9088.2998046875,9158.7998046875,9071.2001953125,9144.5,131208100
2021-06-07,9163.599609375,9175.900390625,9042.0,9076.099609375,129664800
2021-06-08,9153.599609375,9204.7998046875,9110.599609375,9159.599609375,144263700
2021-06-09,9156.099609375,9185.0,9128.7998046875,9157.2001953125,124744700
2021-06-10,9133.7998046875,9205.099609375,9113.099609375,9190.7998046875,154773800
2021-06-11,9205.0,9211.7998046875,9131.099609375,9144.0,107059800
2021-06-14,9281.099609375,9302.7001953125,9233.0,9238.7001953125,135889000
2021-06-15,9230.7001953125,9310.7998046875,9220.7001953125,9310.7998046875,119439700
2021-06-16,9202.2001953125,9274.599609375,9201.0,9266.2998046875,161804400
2021-06-17,9195.900390625,9272.0,9170.7001953125,9178.7998046875,203696100
2021-06-18,9030.599609375,9185.400390625,8976.400390625,9166.2998046875,452775400
2021-06-21,9051.7001953125,9063.2001953125,8906.0,8970.099609375,167378300
2021-06-22,9053.2998046875,9073.7001953125,8998.7998046875,9073.7001953125,137668000
2021-06-23,8954.099609375,9092.7001953125,8954.099609375,9072.2001953125,112812200
2021-06-24,9074.099609375,9098.099609375,8985.099609375,9015.400390625,130938500
2021-06-25,9095.0,9107.2001953125,9034.599609375,9101.0,130343900
2021-06-28,8913.7001953125,9083.5,8913.7001953125,9075.5,152784500
2021-06-29,8915.099609375,8957.599609375,8884.7998046875,8897.400390625,142239100
2021-06-30,8821.2001953125,8903.7001953125,8765.2998046875,8892.7001953125,190176400
2021-07-01,8932.2998046875,8957.7998046875,8862.2001953125,8862.2998046875,122723600
2021-07-02,8907.599609375,8968.099609375,8873.599609375,8951.7001953125,115691700
2021-07-05,8946.400390625,8965.5,8862.400390625,8900.5,100801100
2021-07-06,8860.7998046875,8959.900390625,8837.2001953125,8924.099609375,152719800
2021-07-07,8854.5,8904.5,8826.0,8877.900390625,149997700
2021-07-08,8650.099609375,8772.900390625,8597.7998046875,8768.099609375,201968800
2021-07-09,8776.599609375,8780.7001953125,8654.5,8680.7998046875,141622900
2021-07-12,8816.7001953125,8822.0,8696.7998046875,8791.900390625,103461800
2021-07-13,8694.7998046875,8832.2001953125,8676.7001953125,8824.2998046875,133852800
2021-07-14,8658.2998046875,8712.0,8625.599609375,8674.7001953125,120506000
2021-07-15,8527.0,8626.400390625,8507.400390625,8626.400390625,131271100
2021-07-16,8506.2001953125,8607.400390625,8423.099609375,8546.599609375,147772600
2021-07-19,8301.7001953125,8455.2001953125,8252.2001953125,8450.900390625,212387300
2021-07-20,8358.0,8384.7998046875,8265.599609375,8337.7998046875,155554100
2021-07-21,8567.0,8585.400390625,8384.2998046875,8390.900390625,160923000
2021-07-22,8621.7998046875,8683.7001953125,8601.5,8604.099609375,140853100
2021-07-23,8717.2001953125,8757.5,8652.099609375,8657.400390625,123289800
2021-07-26,8775.2001953125,8786.7001953125,8630.7001953125,8655.099609375,136517300
2021-07-27,8699.2001953125,8768.5,8651.7001953125,8723.7001953125,131607900
2021-07-28,8733.7001953125,8774.599609375,8691.7998046875,8716.900390625,153261800
2021-07-29,8786.2998046875,8840.7001953125,8753.7998046875,8765.099609375,188717200
2021-07-30,8675.7001953125,8753.5,8665.7001953125,8737.5,203148300
2021-08-02,8758.7001953125,8815.2001953125,8723.2998046875,8723.2998046875,140846000
2021-08-03,8772.7998046875,8824.2001953125,8735.599609375,8780.2001953125,131903900
2021-08-04,8792.900390625,8806.599609375,8735.400390625,8806.599609375,117417500
2021-08-05,8836.5,8842.2998046875,8747.400390625,8780.0,108944800
2021-08-06,8879.0,8892.599609375,8796.7998046875,8839.900390625,139018600
2021-08-09,8865.900390625,8893.7001953125,8843.599609375,8870.2001953125,102353900
2021-08-10,8899.0,8903.2001953125,8842.400390625,8867.599609375,106389600
2021-08-11,8975.7998046875,8981.5,8911.900390625,8915.900390625,112210300
2021-08-12,8979.400390625,8999.599609375,8961.5,8974.099609375,98153900
2021-08-13,8999.7998046875,9015.7001953125,8978.099609375,8987.900390625,90564900
2021-08-16,8926.599609375,8979.900390625,8900.2001953125,8933.7001953125,96313400
2021-08-17,8865.7001953125,8880.2001953125,8833.2998046875,8872.400390625,128850900
2021-08-18,8970.2001953125,8978.2998046875,8845.900390625,8852.7001953125,112288100
2021-08-19,8902.2001953125,8952.2001953125,8809.2001953125,8839.900390625,137588100
2021-08-20,8915.2998046875,8941.099609375,8851.5,8893.7001953125,126918700
2021-08-23,8968.099609375,8989.900390625,8910.900390625,8973.400390625,91085100
2021-08-24,8948.599609375,9010.900390625,8884.2998046875,8996.099609375,101636400
2021-08-25,8977.400390625,9000.0,8947.2998046875,8958.7001953125,128024000
2021-08-26,8892.7001953125,8946.400390625,8890.099609375,8945.0,101735300
2021-08-27,8922.2001953125,8924.099609375,8848.900390625,8899.099609375,74733200
2021-08-30,8867.900390625,8936.2001953125,8853.0,8925.7001953125,54118400
2021-08-31,8846.599609375,8913.2001953125,8783.2998046875,8880.599609375,185163000
2021-09-01,8991.5,9055.5,8923.7001953125,8923.7001953125,132646000
2021-09-02,8981.400390625,9020.7001953125,8958.0,8982.099609375,100427500
2021-09-03,8864.0,8984.5,8852.599609375,8981.5,139726800
2021-09-06,8882.2998046875,8915.900390625,8874.2998046875,8889.5,67762300
2021-09-07,8894.5,8899.7998046875,8848.5,8889.900390625,114239200
2021-09-08,8838.7001953125,8912.5,8748.2001953125,8856.5,155622500
2021-09-09,8800.599609375,8828.599609375,8725.2001953125,8783.400390625,149890500
2021-09-10,8695.2998046875,8832.599609375,8668.400390625,8826.099609375,139696400
2021-09-13,8816.099609375,8837.599609375,8721.400390625,8724.2001953125,115679900
2021-09-14,8780.0,8848.099609375,8751.7001953125,8801.400390625,128773000
2021-09-15,8635.400390625,8772.599609375,8629.0,8756.7001953125,178101000
2021-09-16,8733.7001953125,8757.400390625,8659.599609375,8659.599609375,186043200
2021-09-17,8760.900390625,8858.2998046875,8760.900390625,8789.7001953125,588035300
2021-09-20,8655.400390625,8690.2998046875,8551.2001953125,8643.7001953125,277154700
2021-09-21,8756.0,8807.7998046875,8710.0,8710.0,194808200
2021-09-22,8808.400390625,8841.0,8772.599609375,8826.2998046875,173512900
2021-09-23,8876.900390625,8908.2998046875,8853.900390625,8882.0,151032900
2021-09-24,8873.099609375,8898.2998046875,8835.5,8848.5,140557900
2021-09-27,9002.900390625,9011.900390625,8881.2001953125,8925.099609375,203426300
2021-09-28,8769.400390625,9034.7001953125,8769.400390625,9014.2998046875,207454000
2021-09-29,8879.400390625,8895.7001953125,8784.0,8820.5,178659800
2021-09-30,8796.2998046875,8954.599609375,8785.0,8943.7001953125,195050400
2021-10-01,8799.5,8807.7001953125,8654.7998046875,8693.400390625,182239800
2021-10-04,8791.7001953125,8882.099609375,8770.099609375,8801.7001953125,149564600
2021-10-05,8927.400390625,8927.400390625,8784.7998046875,8803.2001953125,169714200
2021-10-06,8775.0,8884.900390625,8723.7998046875,8884.900390625,183948100
2021-10-07,8962.7998046875,8974.2998046875,8877.2001953125,8880.599609375,201215200
2021-10-08,8955.0,9000.7998046875,8931.7998046875,8964.900390625,141240900
2021-10-11,8899.0,8965.7001953125,8875.5,8929.400390625,125070900
2021-10-12,8935.900390625,8935.900390625,8759.7998046875,8807.7001953125,163366100
2021-10-13,8881.400390625,8928.0,8861.400390625,8915.7001953125,191875300
2021-10-14,8925.0,9001.2001953125,8889.099609375,8944.5,155212800
2021-10-15,8997.0,9016.5,8944.099609375,8969.5,217374300
2021-10-18,8936.0,8994.599609375,8885.400390625,8984.400390625,139680500
2021-10-19,8996.2998046875,9020.0,8943.2001953125,8959.5,160869900
2021-10-20,9017.900390625,9038.0,8958.900390625,8966.599609375,160127000
2021-10-21,8944.2998046875,8989.7001953125,8928.2998046875,8964.599609375,153309300
2021-10-22,8906.400390625,8959.7001953125,8906.400390625,8952.2001953125,134363800
2021-10-25,8920.900390625,8963.7001953125,8891.900390625,8932.7998046875,159716400
2021-10-26,9001.599609375,9026.5,8915.7001953125,8925.5,137320700
2021-10-27,8972.2998046875,8999.099609375,8925.599609375,8995.099609375,167907900
2021-10-28,9025.7998046875,9030.2001953125,8918.0,8958.900390625,180332000
2021-10-29,9057.7001953125,9057.7001953125,8944.5,9002.599609375,228787400
2021-11-01,9182.599609375,9198.099609375,9061.599609375,9064.599609375,164893900
2021-11-02,9105.7001953125,9162.2998046875,9102.0,9160.599609375,130170200
2021-11-03,9030.7998046875,9084.7998046875,8989.5,9084.5,162875200
2021-11-04,9039.400390625,9096.2001953125,9011.2998046875,9054.2998046875,221406600
2021-11-05,9130.599609375,9164.099609375,9001.2001953125,9038.0,193267200
2021-11-08,9070.7998046875,9156.599609375,9069.5,9133.099609375,135353600
2021-11-09,9074.900390625,9128.5,9043.2998046875,9051.0,132145800
2021-11-10,9141.7998046875,9150.7001953125,9059.599609375,9059.599609375,146839500
2021-11-11,9092.2001953125,9164.099609375,9079.0,9127.900390625,150325800
2021-11-12,9080.7998046875,9093.599609375,9045.2001953125,9079.599609375,119663100
2021-11-15,9095.7001953125,9104.7001953125,8992.400390625,9036.099609375,144108200
2021-11-16,9040.2001953125,9118.0,9037.5,9086.099609375,155279200
2021-11-17,8993.400390625,9046.2998046875,8993.400390625,9042.900390625,139172900
2021-11-18,8903.2001953125,9013.2001953125,8885.7998046875,8984.7001953125,181599400
2021-11-19,8753.2001953125,8954.2998046875,8713.2001953125,8942.0,278697700
2021-11-22,8821.2998046875,8846.2998046875,8737.2998046875,8774.099609375,204208200
2021-11-23,8815.099609375,8873.400390625,8700.099609375,8763.0,196115700
2021-11-24,8792.0,8865.599609375,8759.2001953125,8827.5,174078100
2021-11-25,8840.900390625,8850.099609375,8795.099609375,8814.599609375,118560500
2021-11-26,8402.7001953125,8592.2998046875,8386.900390625,8592.2998046875,453060000
2021-11-29,8455.2001953125,8562.0,8431.7001953125,8487.599609375,240648500
2021-11-30,8305.099609375,8414.0,8260.7001953125,8345.5,369395400
2021-12-01,8452.599609375,8474.2001953125,8342.0,8357.099609375,203999700
2021-12-02,8300.7998046875,8390.0,8264.2998046875,8335.7001953125,197930100
2021-12-03,8241.7001953125,8374.2998046875,8210.2001953125,8371.900390625,169541900
2021-12-06,8439.7001953125,8446.7001953125,8288.599609375,8323.7998046875,143535600
2021-12-07,8559.5,8560.900390625,8472.7001953125,8523.599609375,170695000
2021-12-08,8478.400390625,8582.400390625,8462.5,8527.599609375,221534000
2021-12-09,8399.599609375,8490.2998046875,8394.2998046875,8490.2998046875,144639700
2021-12-10,8360.2001953125,8410.400390625,8339.5,8356.7001953125,116318700
2021-12-13,8322.7001953125,8408.900390625,8289.599609375,8380.599609375,140412000
2021-12-14,8378.5,8411.7001953125,8356.2001953125,8358.7998046875,163938900
2021-12-15,8275.0,8382.900390625,8268.0,8382.900390625,147413800
2021-12-16,8380.0,8433.7001953125,8356.7998046875,8387.400390625,198862600
2021-12-17,8311.599609375,8344.400390625,8246.7998046875,8328.5,323190600
2021-12-20,8242.400390625,8271.7001953125,8082.39990234375,8113.5,172112600
2021-12-21,8387.5,8394.2001953125,8274.7998046875,8344.7001953125,143384500
2021-12-22,8459.099609375,8461.7998046875,8373.2001953125,8388.900390625,115841000
2021-12-23,8563.7001953125,8587.7001953125,8469.7001953125,8476.7998046875,142486900
2021-12-27,8622.099609375,8634.2998046875,8508.400390625,8512.2001953125,93359100
2021-12-28,8688.900390625,8703.599609375,8617.0,8623.5,90378100
2021-12-29,8673.7001953125,8697.599609375,8641.2998046875,8691.5,110775600
2021-12-30,8713.7998046875,8728.0,8661.5,8665.7998046875,127210400
2022-01-03,8761.2001953125,8808.099609375,8725.0,8729.7001953125,117500900
2022-01-04,8795.7998046875,8834.099609375,8784.7001953125,8821.599609375,192378100
2022-01-05,8790.7998046875,8821.599609375,8768.099609375,8799.599609375,146051700
2022-01-06,8789.900390625,8789.900390625,8628.900390625,8664.599609375,174962400
2022-01-07,8751.7998046875,8796.5,8709.5,8781.900390625,170218700
2022-01-10,8706.900390625,8775.400390625,8679.5,8771.400390625,183558300
2022-01-11,8755.900390625,8790.0,8719.0,8726.7998046875,169260700
2022-01-12,8770.2998046875,8804.099609375,8754.7998046875,8803.099609375,164262600
2022-01-13,8816.900390625,8817.099609375,8750.2998046875,8755.900390625,155323200
2022-01-14,8806.599609375,8810.099609375,8739.7001953125,8767.400390625,158545900
2022-01-17,8838.7001953125,8866.599609375,8829.400390625,8848.400390625,136556800
2022-01-18,8781.599609375,8820.900390625,8761.7998046875,8811.0,158132300
2022-01-19,8774.900390625,8856.900390625,8749.0,8758.599609375,226234800
2022-01-20,8814.599609375,8825.7001953125,8737.7998046875,8783.2998046875,162948900
2022-01-21,8694.7001953125,8760.7998046875,8622.099609375,8702.2998046875,227841100
2022-01-24,8417.7998046875,8673.5,8361.400390625,8660.0,275306600
2022-01-25,8479.5,8529.900390625,8408.900390625,8488.400390625,200726000
2022-01-26,8620.2001953125,8696.400390625,8525.599609375,8526.599609375,206013700
2022-01-27,8706.0,8740.599609375,8489.7998046875,8503.599609375,267817900
2022-01-28,8609.7998046875,8713.099609375,8515.0,8705.7001953125,187559100
2022-01-31,8612.7998046875,8705.099609375,8564.599609375,8697.099609375,213539000
2022-02-01,8726.7001953125,8745.099609375,8665.0,8679.900390625,208657000
2022-02-02,8713.2001953125,8785.2001953125,8713.2001953125,8782.900390625,182818500
2022-02-03,8689.400390625,8735.599609375,8660.099609375,8694.400390625,276245200
2022-02-04,8589.2998046875,8770.099609375,8551.099609375,8741.599609375,314163100
2022-02-07,8558.400390625,8649.7998046875,8509.0,8646.2998046875,255601400
2022-02-08,8674.599609375,8702.2998046875,8572.5,8576.400390625,282897600
2022-02-09,8846.400390625,8850.2001953125,8716.900390625,8736.2998046875,262478800
2022-02-10,8886.2001953125,8912.2001953125,8819.099609375,8871.5,281274100
2022-02-11,8798.099609375,8833.5,8766.5,8797.2998046875,213210700
2022-02-14,8573.7998046875,8643.2001953125,8504.5,8583.900390625,310665400
2022-02-15,8718.0,8721.099609375,8521.2001953125,8533.2998046875,207323900
2022-02-16,8737.2001953125,8798.0,8678.2001953125,8735.2998046875,171253100
2022-02-17,8671.099609375,8749.7001953125,8631.7998046875,8713.0,171634300
2022-02-18,8590.0,8708.0,8564.099609375,8678.900390625,189687500
2022-02-21,8488.900390625,8666.400390625,8439.0,8638.7998046875,164763000
2022-02-22,8493.2001953125,8551.099609375,8262.599609375,8295.2001953125,231609100
2022-02-23,8440.099609375,8607.5,8410.7001953125,8519.099609375,190892300
2022-02-24,8198.5,8254.2001953125,8048.0,8084.2001953125,526124700
2022-02-25,8486.599609375,8496.5,8188.10009765625,8242.900390625,381377500
2022-02-28,8479.2001953125,8500.400390625,8286.900390625,8302.7998046875,396635800
2022-03-01,8188.2001953125,8510.2998046875,8188.2001953125,8462.099609375,360174600
2022-03-02,8321.0,8371.0,8071.2001953125,8145.89990234375,339701800
2022-03-03,8011.39990234375,8349.599609375,7978.39990234375,8296.099609375,297390300
2022-03-04,7720.89990234375,8000.2001953125,7719.0,7988.5,395646300
2022-03-07,7644.60009765625,7769.7001953125,7287.7001953125,7510.39990234375,469180400
2022-03-08,7783.39990234375,7923.7001953125,7566.10009765625,7569.7998046875,372800500
2022-03-09,8163.10009765625,8163.10009765625,7976.2998046875,8043.39990234375,358258700
2022-03-10,8069.2998046875,8197.099609375,7997.2001953125,8166.5,320297800
2022-03-11,8142.10009765625,8375.2998046875,8068.10009765625,8115.2998046875,333210300
2022-03-14,8234.400390625,8313.400390625,8190.2998046875,8228.900390625,236741400
2022-03-15,8236.099609375,8286.7001953125,8092.7001953125,8150.2001953125,238010100
2022-03-16,8380.400390625,8475.5,8324.599609375,8375.7001953125,331698500
2022-03-17,8412.0,8445.7998046875,8317.400390625,8409.5,243534800
2022-03-18,8417.599609375,8434.099609375,8309.2001953125,8422.400390625,336645800
2022-03-21,8389.2001953125,8465.599609375,8389.2001953125,8417.2998046875,149776400
2022-03-22,8487.2001953125,8487.2001953125,8400.7001953125,8415.7001953125,176349800
2022-03-23,8328.400390625,8522.2001953125,8328.400390625,8509.599609375,184043600
2022-03-24,8305.099609375,8380.0,8274.5,8352.099609375,175543500
2022-03-25,8330.599609375,8363.2001953125,8286.5,8314.099609375,156189000
2022-03-28,8365.599609375,8485.7001953125,8354.400390625,8354.400390625,167961800
2022-03-29,8614.599609375,8621.0,8419.7001953125,8451.0,257812200
2022-03-30,8550.599609375,8597.400390625,8508.900390625,8583.2998046875,185389000
2022-03-31,8445.099609375,8588.2998046875,8445.099609375,8562.599609375,220117500
2022-04-01,8503.7001953125,8533.0,8442.7998046875,8481.7001953125,150411500
2022-04-04,8520.7998046875,8546.400390625,8432.900390625,8536.099609375,141856900
2022-04-05,8623.2998046875,8640.2998046875,8505.7001953125,8529.7998046875,180391500
2022-04-06,8482.099609375,8635.599609375,8418.0,8600.599609375,273331900
2022-04-07,8467.400390625,8635.2001953125,8451.0,8512.7001953125,223340300
2022-04-08,8606.400390625,8625.2998046875,8543.099609375,8562.2001953125,175189100
2022-04-11,8585.0,8637.2001953125,8544.0,8580.900390625,167801800
2022-04-12,8578.0,8612.400390625,8446.2998046875,8469.7998046875,194796800
2022-04-13,8617.7998046875,8617.7998046875,8532.900390625,8533.400390625,161724300
2022-04-14,8699.0,8756.7998046875,8606.0,8626.2998046875,172576200
2022-04-19,8694.0,8722.2001953125,8619.099609375,8677.0,157017000
2022-04-20,8769.5,8816.2001953125,8706.7998046875,8713.400390625,188717400
2022-04-21,8814.599609375,8877.7001953125,8774.599609375,8791.599609375,208123800
2022-04-22,8652.2998046875,8788.7001953125,8652.2998046875,8712.5,220990200
2022-04-25,8574.599609375,8656.099609375,8511.099609375,8535.599609375,189832600
2022-04-26,8439.2998046875,8703.7998046875,8435.2998046875,8687.7001953125,321479300
2022-04-27,8477.7001953125,8506.900390625,8344.900390625,8458.7998046875,243349200
2022-04-28,8512.2001953125,8554.900390625,8415.7998046875,8515.7998046875,234735800
2022-04-29,8584.2001953125,8617.2998046875,8526.0,8572.099609375,218569900
2022-05-02,8436.0,8563.2001953125,8350.0,8516.599609375,158843800
2022-05-03,8590.2001953125,8590.2001953125,8477.099609375,8501.900390625,173278100
2022-05-04,8500.5,8612.099609375,8498.400390625,8594.7998046875,158306400
2022-05-05,8434.7001953125,8651.2001953125,8427.599609375,8636.7001953125,252403200
2022-05-06,8322.0,8406.5,8283.599609375,8398.599609375,314494000
2022-05-09,8139.2001953125,8358.400390625,8139.2001953125,8280.099609375,192928700
2022-05-10,8139.2001953125,8259.0,8138.89990234375,8219.2998046875,204415900
2022-05-11,8312.599609375,8316.7998046875,8138.5,8187.10009765625,199584100
2022-05-12,8200.400390625,8257.099609375,8134.5,8183.2001953125,202060000
2022-05-13,8338.099609375,8338.099609375,8244.7001953125,8263.400390625,148599600
2022-05-16,8353.7001953125,8383.2001953125,8284.7998046875,8316.2998046875,118777700
2022-05-17,8475.7001953125,8488.900390625,8409.400390625,8422.5,156305200
2022-05-18,8476.400390625,8546.400390625,8454.7998046875,8492.7998046875,156404000
2022-05-19,8406.0,8436.599609375,8341.7001953125,8416.099609375,155481600
2022-05-20,8484.5,8546.900390625,8456.099609375,8464.900390625,172383300
2022-05-23,8625.7998046875,8625.7998046875,8514.7001953125,8600.400390625,166876400
2022-05-24,8631.2001953125,8654.0,8534.2998046875,8537.7998046875,207033000
2022-05-25,8760.2001953125,8773.900390625,8652.2001953125,8723.099609375,203488200
2022-05-26,8888.7998046875,8901.2001953125,8780.0,8787.5,203819800
2022-05-27,8933.599609375,8937.7001953125,8873.0,8904.0,194951400
2022-05-30,8930.7998046875,8992.7001953125,8905.599609375,8975.599609375,159281100
2022-05-31,8851.5,8922.7998046875,8836.900390625,8898.7998046875,314821900
2022-06-01,8747.2001953125,8909.2998046875,8736.7001953125,8881.2998046875,163198400
2022-06-02,8744.099609375,8793.2001953125,8709.0,8778.900390625,103691200
2022-06-03,8724.7998046875,8808.2001953125,8706.400390625,8800.7001953125,95868700
2022-06-06,8836.2998046875,8852.2998046875,8768.2001953125,8785.2998046875,124143400
2022-06-07,8841.599609375,8848.7998046875,8793.2998046875,8793.2998046875,139318200
2022-06-08,8842.7001953125,8881.599609375,8791.0,8876.7001953125,145183000
2022-06-09,8711.2001953125,8836.2998046875,8707.7998046875,8812.5,174009600
2022-06-10,8390.599609375,8671.2998046875,8362.7998046875,8662.0,271499400
2022-06-13,8183.2998046875,8312.900390625,8159.0,8312.900390625,266905800
2022-06-14,8066.39990234375,8280.400390625,8066.39990234375,8229.2001953125,175608800
2022-06-15,8174.7001953125,8242.2001953125,8097.7001953125,8201.2001953125,194099900
2022-06-16,8078.10009765625,8172.10009765625,8034.7001953125,8157.5,162994800
2022-06-17,8145.89990234375,8236.0,8025.60009765625,8107.60009765625,395310900
2022-06-20,8286.0,8297.0,8159.0,8180.39990234375,143710700
2022-06-21,8235.599609375,8361.400390625,8222.7998046875,8324.5,157761600
2022-06-22,8145.39990234375,8193.400390625,8066.60009765625,8158.2998046875,162162400
2022-06-23,8106.39990234375,8172.89990234375,8034.2998046875,8097.5,195483200
2022-06-24,8244.099609375,8262.2998046875,8108.5,8129.5,174310900
2022-06-27,8242.599609375,8309.900390625,8185.5,8266.099609375,132601700
2022-06-28,8317.5,8374.7998046875,8278.599609375,8292.0,127855300
2022-06-29,8188.0,8262.900390625,8159.0,8236.2998046875,139284000
2022-06-30,8098.7001953125,8117.2001953125,7994.2001953125,8094.7998046875,222962400
2022-07-01,8176.10009765625,8206.900390625,8027.2998046875,8043.0,150837600
2022-07-04,8161.7998046875,8240.400390625,8161.7998046875,8226.2001953125,117450800
2022-07-05,7959.39990234375,8209.5,7959.39990234375,8191.2001953125,193250400
2022-07-06,7948.60009765625,8061.7001953125,7939.7001953125,8040.5,249441900
2022-07-07,8122.5,8128.89990234375,7998.60009765625,8026.60009765625,200236500
2022-07-08,8100.2998046875,8137.89990234375,8034.10009765625,8099.0,147633700
2022-07-11,8065.2001953125,8099.7998046875,7980.39990234375,7994.39990234375,130231900
2022-07-12,8014.7998046875,8071.2998046875,7893.10009765625,8029.0,365803600
2022-07-13,7944.89990234375,8002.60009765625,7891.5,7991.2998046875,198608900
2022-07-14,7804.2998046875,7922.2001953125,7764.89990234375,7903.7998046875,197271700
2022-07-15,7945.89990234375,7969.2998046875,7806.2001953125,7821.2998046875,197816100
2022-07-18,7963.10009765625,8030.10009765625,7926.7998046875,8004.7001953125,156061800
2022-07-19,8125.10009765625,8161.2001953125,7912.7001953125,7920.39990234375,201692300
2022-07-20,8028.89990234375,8173.2998046875,7989.60009765625,8156.7998046875,176080300
2022-07-21,8012.7001953125,8105.7001953125,7970.2998046875,7981.60009765625,218616100
2022-07-22,8051.60009765625,8085.2998046875,7999.2998046875,8009.39990234375,181045500
2022-07-25,8085.60009765625,8103.39990234375,8015.7001953125,8021.89990234375,124363100
2022-07-26,8069.60009765625,8097.0,8033.5,8063.10009765625,129251000
2022-07-27,8124.39990234375,8149.7001953125,8054.2001953125,8106.5,147895400
2022-07-28,8084.89990234375,8196.400390625,7995.39990234375,8193.7001953125,250669600
2022-07-29,8156.2001953125,8207.7998046875,8134.10009765625,8140.2998046875,249071400
2022-08-01,8085.10009765625,8230.7001953125,8071.7998046875,8161.89990234375,162088800
2022-08-02,8096.89990234375,8122.5,8049.7998046875,8060.60009765625,154636100
2022-08-03,8142.10009765625,8161.2998046875,8066.2998046875,8092.60009765625,146693600
2022-08-04,8161.10009765625,8214.400390625,8133.89990234375,8148.0,135699300
2022-08-05,8168.0,8198.0,8120.5,8151.2001953125,144261300
2022-08-08,8272.5,8294.400390625,8193.2998046875,8220.900390625,118565500
2022-08-09,8311.900390625,8339.599609375,8245.599609375,8260.0,115016800
2022-08-10,8352.7998046875,8367.2001953125,8295.900390625,8299.599609375,131019400
2022-08-11,8380.0,8420.400390625,8368.900390625,8386.0,104906600
2022-08-12,8400.400390625,8453.0,8371.400390625,8383.5,118970900
2022-08-15,8427.0,8429.2998046875,8384.400390625,8423.900390625,82277100
2022-08-16,8511.900390625,8527.2998046875,8440.400390625,8448.7001953125,118720500
2022-08-17,8434.7998046875,8540.0,8426.5,8520.2001953125,113535300
2022-08-18,8430.2998046875,8470.099609375,8392.599609375,8440.7001953125,88536300
2022-08-19,8338.099609375,8408.7001953125,8320.900390625,8395.0,145359800
2022-08-22,8284.7998046875,8300.900390625,8213.599609375,8291.599609375,125075200
2022-08-23,8226.2998046875,8272.599609375,8205.5,8254.900390625,102243900
2022-08-24,8199.400390625,8224.7001953125,8161.7998046875,8196.900390625,82594700
2022-08-25,8187.5,8263.0,8166.2998046875,8230.0,88849300
2022-08-26,8063.89990234375,8239.599609375,8044.10009765625,8229.7001953125,120272900
2022-08-29,7989.60009765625,8005.0,7933.39990234375,7970.89990234375,103313100
2022-08-30,7979.7998046875,8105.2001953125,7968.60009765625,8004.5,158859600
2022-08-31,7886.10009765625,7996.39990234375,7866.60009765625,7994.7998046875,228022400
2022-09-01,7806.0,7849.39990234375,7797.0,7838.7998046875,132467000
2022-09-02,7932.2001953125,7943.39990234375,7796.7001953125,7843.7998046875,121212900
2022-09-05,7862.7001953125,7867.7998046875,7765.5,7801.2998046875,119377800
2022-09-06,7842.2001953125,7935.89990234375,7813.60009765625,7868.0,125296900
2022-09-07,7855.89990234375,7880.2001953125,7784.39990234375,7791.10009765625,147011500
2022-09-08,7916.7998046875,7933.2998046875,7772.7001953125,7902.2998046875,206754300
2022-09-09,8033.10009765625,8063.7998046875,7918.60009765625,7920.5,189938300
2022-09-12,8194.2998046875,8212.599609375,8077.39990234375,8087.7998046875,173424800
2022-09-13,8064.0,8235.7998046875,8054.7001953125,8229.0,192028100
2022-09-14,8055.60009765625,8124.5,8024.0,8070.2998046875,160072500
2022-09-15,8085.5,8125.39990234375,8024.2001953125,8051.89990234375,229942400
2022-09-16,7984.7001953125,8039.2001953125,7962.2001953125,7994.39990234375,329447100
2022-09-19,7993.2001953125,8023.39990234375,7911.0,7957.7998046875,110506300
2022-09-20,7873.10009765625,8064.10009765625,7873.10009765625,8020.7998046875,157288100
2022-09-21,7872.2001953125,7896.7001953125,7790.5,7803.39990234375,157194700
2022-09-22,7774.7001953125,7897.10009765625,7753.60009765625,7776.2998046875,182956600
2022-09-23,7583.5,7770.7998046875,7527.5,7770.7998046875,215665900
2022-09-26,7508.5,7589.2001953125,7473.5,7534.2001953125,190143900
2022-09-27,7445.7001953125,7587.60009765625,7436.10009765625,7564.2998046875,199705600
2022-09-28,7442.2001953125,7448.39990234375,7273.0,7380.7001953125,217516300
2022-09-29,7300.10009765625,7416.89990234375,7242.2001953125,7407.39990234375,185712500
2022-09-30,7366.7998046875,7395.10009765625,7318.5,7345.60009765625,186033300
2022-10-03,7462.0,7472.89990234375,7288.5,7327.5,155766200
2022-10-04,7696.60009765625,7699.89990234375,7529.2001953125,7548.5,199972900
2022-10-05,7579.89990234375,7678.39990234375,7537.89990234375,7655.60009765625,130259400
2022-10-06,7511.10009765625,7638.7998046875,7482.10009765625,7597.2998046875,118066500
2022-10-07,7436.89990234375,7517.5,7412.5,7463.89990234375,132997300
2022-10-10,7413.5,7441.39990234375,7372.89990234375,7389.5,114404200
2022-10-11,7355.89990234375,7410.2998046875,7315.5,7369.2998046875,130873100
2022-10-12,7261.10009765625,7359.7001953125,7239.0,7356.2998046875,135442500
2022-10-13,7348.7998046875,7385.2998046875,7189.60009765625,7234.10009765625,195470900
2022-10-14,7382.5,7503.39990234375,7371.60009765625,7467.89990234375,187967900
2022-10-17,7557.10009765625,7589.10009765625,7413.39990234375,7416.10009765625,166450500
2022-10-18,7611.2998046875,7692.2998046875,7594.60009765625,7613.0,149752400
2022-10-19,7583.60009765625,7642.60009765625,7530.5,7630.39990234375,131870500
2022-10-20,7644.39990234375,7660.7001953125,7552.10009765625,7584.7001953125,178416300
2022-10-21,7545.60009765625,7592.60009765625,7449.60009765625,7586.39990234375,245063000
2022-10-24,7680.5,7739.60009765625,7570.0,7612.2001953125,169749600
2022-10-25,7794.89990234375,7803.60009765625,7675.2001953125,7716.5,149338200
2022-10-26,7870.60009765625,7877.89990234375,7756.60009765625,7826.39990234375,186582400
2022-10-27,7921.10009765625,7944.2998046875,7798.89990234375,7846.89990234375,202336800
2022-10-28,7916.5,7916.5,7832.60009765625,7859.60009765625,185925600
2022-10-31,7956.5,7958.10009765625,7871.7001953125,7913.60009765625,164827400
2022-11-01,7999.0,8073.89990234375,7971.7998046875,8011.7998046875,146532300
2022-11-02,7968.60009765625,8018.2001953125,7960.60009765625,8017.7998046875,144925900
2022-11-03,7868.89990234375,7897.5,7798.39990234375,7897.5,140561300
2022-11-04,7942.7001953125,8006.0,7830.60009765625,7908.5,197127100
2022-11-07,7962.2998046875,7990.0,7893.2001953125,7910.5,138355500
2022-11-08,7998.89990234375,8005.7998046875,7922.0,7942.2998046875,120200600
2022-11-09,8040.39990234375,8061.60009765625,7968.10009765625,7983.39990234375,161112100
2022-11-10,8133.2001953125,8176.0,7975.10009765625,8004.0,256116900
2022-11-11,8133.2001953125,8178.7001953125,8073.7998046875,8178.7001953125,217995500
2022-11-14,8166.5,8210.7998046875,8110.39990234375,8123.2001953125,142671600
2022-11-15,8188.39990234375,8192.099609375,8117.2998046875,8161.0,182285400
2022-11-16,8101.39990234375,8188.7001953125,8075.0,8175.10009765625,163754600
2022-11-17,8040.7001953125,8123.2001953125,7986.10009765625,8105.10009765625,139502400
2022-11-18,8127.7998046875,8127.7998046875,8048.5,8107.0,178686400
2022-11-21,8188.39990234375,8198.5,8100.5,8100.5,155115500
2022-11-22,8325.0,8345.599609375,8200.2998046875,8203.5,215622700
2022-11-23,8331.2001953125,8344.0,8288.400390625,8337.7998046875,154543800
2022-11-24,8388.099609375,8412.5,8339.2001953125,8341.2998046875,137787400
2022-11-25,8416.599609375,8425.5,8378.2001953125,8391.2001953125,135912400
2022-11-28,8323.2001953125,8396.400390625,8316.7001953125,8375.599609375,125888100
2022-11-29,8322.099609375,8354.5,8282.7998046875,8347.2998046875,145888800
2022-11-30,8363.2001953125,8364.599609375,8304.400390625,8350.599609375,325057800
2022-12-01,8407.900390625,8469.0,8381.7998046875,8423.099609375,209724800
2022-12-02,8382.599609375,8414.099609375,8342.2998046875,8390.0,146276600
2022-12-05,8370.099609375,8395.7001953125,8358.7998046875,8373.2998046875,103858400
2022-12-06,8331.900390625,8355.900390625,8296.400390625,8333.2001953125,123949400
2022-12-07,8290.5,8344.0,8279.7998046875,8306.7998046875,129308700
2022-12-08,8225.2001953125,8308.599609375,8225.2001953125,8307.900390625,118774300
2022-12-09,8289.2001953125,8293.7001953125,8194.900390625,8256.599609375,131660300
2022-12-12,8258.900390625,8270.2001953125,8222.5,8260.599609375,116655000
2022-12-13,8327.7001953125,8415.7001953125,8213.2001953125,8263.900390625,206579600
2022-12-14,8360.599609375,8360.599609375,8297.900390625,8323.099609375,160329800
2022-12-15,8218.7998046875,8332.400390625,8195.900390625,8315.2001953125,216854000
2022-12-16,8112.5,8192.099609375,8079.7998046875,8189.2001953125,387741300
2022-12-19,8136.7998046875,8180.2998046875,8109.39990234375,8122.2998046875,129226200
2022-12-20,8185.2001953125,8216.900390625,8059.5,8086.7001953125,181953600
2022-12-21,8302.2998046875,8312.2001953125,8201.7001953125,8220.2001953125,146342300
2022-12-22,8272.099609375,8338.599609375,8257.599609375,8308.400390625,122263100
2022-12-23,8269.099609375,8313.7001953125,8236.099609375,8281.599609375,103234700
2022-12-27,8270.099609375,8332.5,8266.7998046875,8307.900390625,91612000
2022-12-28,8258.5,8319.400390625,8252.2998046875,8275.7001953125,97669900
2022-12-29,8318.2998046875,8321.900390625,8208.7001953125,8238.099609375,117198300
2022-12-30,8229.099609375,8290.400390625,8221.7001953125,8288.900390625,121407700
2023-01-02,8369.7001953125,8384.900390625,8283.7001953125,8297.900390625,92193500
2023-01-03,8397.400390625,8454.2998046875,8327.400390625,8367.5,164671600
2023-01-04,8559.7998046875,8560.5,8442.099609375,8442.099609375,206752400
2023-01-05,8607.599609375,8618.900390625,8527.7001953125,8530.099609375,182438200
2023-01-06,8701.099609375,8701.099609375,8589.2001953125,8608.5,162161400
2023-01-09,8694.900390625,8721.599609375,8661.400390625,8691.0,215668200
2023-01-10,8712.7001953125,8724.5,8666.7001953125,8668.400390625,147719000
2023-01-11,8726.2998046875,8762.900390625,8700.7001953125,8722.7998046875,166063200
2023-01-12,8828.099609375,8849.7001953125,8735.2001953125,8737.7998046875,203505800
2023-01-13,8881.7001953125,8918.400390625,8828.7001953125,8838.0,197132600
2023-01-16,8871.099609375,8918.2001953125,8847.099609375,8896.7998046875,125051900
2023-01-17,8890.400390625,8916.7998046875,8833.400390625,8862.400390625,145661400
2023-01-18,8933.2998046875,8988.900390625,8909.5,8909.5,202920700
2023-01-19,8793.099609375,8894.400390625,8726.7001953125,8892.900390625,236199000
2023-01-20,8918.2001953125,8918.2001953125,8828.900390625,8828.900390625,188973800
2023-01-23,8944.099609375,8976.5,8909.900390625,8927.099609375,134688300
2023-01-24,8967.099609375,8978.099609375,8906.0,8955.7998046875,123864400
2023-01-25,8957.5,8968.2998046875,8905.0,8961.400390625,166333600
2023-01-26,9035.599609375,9054.5,8995.2998046875,9002.599609375,304449100
2023-01-27,9060.2001953125,9082.7998046875,9022.2998046875,9045.900390625,201024600
2023-01-30,9049.2998046875,9066.099609375,9011.400390625,9050.2001953125,152780500
2023-01-31,9034.0,9069.900390625,8994.0,9053.7001953125,239317900
2023-02-01,9098.099609375,9126.599609375,9046.2001953125,9048.0,236081200
2023-02-02,9229.7001953125,9281.400390625,9133.099609375,9144.099609375,364813600
2023-02-03,9225.599609375,9248.5,9155.599609375,9214.2001953125,297607800
2023-02-06,9159.2001953125,9198.599609375,9124.7998046875,9174.7998046875,148027100
2023-02-07,9172.400390625,9204.2998046875,9149.7998046875,9165.7998046875,145446500
2023-02-08,9227.2998046875,9277.7001953125,9200.0,9223.599609375,181821800
2023-02-09,9243.5,9296.2998046875,9243.5,9268.599609375,142052300
2023-02-10,9117.400390625,9214.5,9069.599609375,9208.400390625,179657200
2023-02-13,9210.2998046875,9217.2001953125,9120.7001953125,9134.7998046875,108839700
2023-02-14,9263.2001953125,9311.599609375,9231.5,9238.0,153032700
2023-02-15,9294.7998046875,9313.5,9258.7001953125,9273.5,124531200
2023-02-16,9327.2998046875,9362.7998046875,9291.400390625,9338.900390625,170117900
2023-02-17,9333.0,9363.099609375,9240.7998046875,9276.2998046875,168390800
2023-02-20,9281.2998046875,9369.099609375,9273.900390625,9352.400390625,101224000
2023-02-21,9252.099609375,9286.099609375,9195.900390625,9257.400390625,116050500
2023-02-22,9172.7001953125,9222.599609375,9118.5,9220.2998046875,154725800
2023-02-23,9231.599609375,9253.900390625,9179.5,9183.599609375,144006300
2023-02-24,9201.5,9314.5,9194.400390625,9255.5,254028900
2023-02-27,9314.2998046875,9351.7001953125,9250.5,9252.5,150061600
2023-02-28,9394.599609375,9442.7998046875,9279.599609375,9303.400390625,306110200
2023-03-01,9322.900390625,9453.7998046875,9307.400390625,9419.2998046875,187235400
2023-03-02,9327.2998046875,9336.2001953125,9246.099609375,9292.7998046875,157352100
2023-03-03,9464.2001953125,9472.2001953125,9357.0,9357.0,161254800
2023-03-06,9511.0,9524.599609375,9441.7998046875,9497.900390625,145464800
2023-03-07,9411.099609375,9528.2998046875,9408.5,9502.099609375,159198700
2023-03-08,9466.099609375,9480.900390625,9369.400390625,9386.400390625,123507900
2023-03-09,9423.2001953125,9457.400390625,9388.900390625,9455.2998046875,116716400
2023-03-10,9285.0,9296.5,9182.7001953125,9246.7998046875,279917900
2023-03-13,8958.900390625,9273.599609375,8894.5,9273.599609375,426525400
2023-03-14,9159.0,9181.0,8914.599609375,8936.0,300029600
2023-03-15,8759.099609375,9169.7001953125,8736.5,9165.2998046875,422530000
2023-03-16,8890.2001953125,8984.599609375,8731.0,8925.7998046875,324579000
2023-03-17,8719.2998046875,9027.400390625,8655.2998046875,8935.5,477657900
2023-03-20,8833.099609375,8875.2998046875,8501.2001953125,8672.2998046875,359818300
2023-03-21,9049.400390625,9085.400390625,8918.7998046875,8930.099609375,248775500
2023-03-22,9009.2998046875,9100.2001953125,9001.7001953125,9037.2998046875,197220400
2023-03-23,8970.0,9027.7001953125,8921.599609375,8969.400390625,155229200
2023-03-24,8792.5,8933.0,8703.2998046875,8933.0,289524100
2023-03-27,8906.099609375,8935.7001953125,8839.7998046875,8897.7998046875,187284700
2023-03-28,8944.2998046875,9019.099609375,8911.0,8984.2001953125,153710700
2023-03-29,9070.7001953125,9075.2998046875,8962.400390625,8991.400390625,131051100
2023-03-30,9207.099609375,9226.400390625,9131.2001953125,9138.2998046875,149632100
2023-03-31,9232.5,9254.5,9183.7998046875,9234.5,178940500
2023-04-03,9157.400390625,9233.5,9135.5,9217.7998046875,129264000
2023-04-04,9183.2001953125,9257.5,9168.5,9174.7998046875,120081300
2023-04-05,9254.599609375,9254.599609375,9196.5,9202.099609375,140130100
2023-04-06,9312.2998046875,9323.5,9232.599609375,9252.7998046875,128321400
2023-04-11,9237.7001953125,9378.400390625,9227.099609375,9355.099609375,154539500
2023-04-12,9278.7001953125,9324.599609375,9253.599609375,9255.599609375,130923300
2023-04-13,9310.0,9320.2001953125,9238.7001953125,9284.400390625,109714700
2023-04-14,9362.900390625,9375.400390625,9313.2001953125,9335.900390625,152448900
2023-04-17,9378.5,9413.400390625,9361.0,9387.599609375,154770500
2023-04-18,9421.900390625,9445.400390625,9381.5,9408.0,143015100
2023-04-19,9494.7998046875,9498.7001953125,9405.400390625,9418.599609375,117659000
2023-04-20,9450.900390625,9540.5,9425.0,9508.599609375,153368400
2023-04-21,9415.599609375,9436.599609375,9366.2998046875,9433.900390625,205592800
2023-04-24,9406.400390625,9433.900390625,9362.900390625,9383.599609375,99647400
2023-04-25,9290.2998046875,9352.099609375,9267.599609375,9352.099609375,167260800
2023-04-26,9293.7001953125,9297.7001953125,9193.5,9264.900390625,165805000
2023-04-27,9314.599609375,9334.2001953125,9226.400390625,9254.099609375,128409300
2023-04-28,9241.0,9338.900390625,9159.7998046875,9336.099609375,233876400
2023-05-02,9082.0,9264.900390625,9069.099609375,9257.5,172428700
2023-05-03,9076.7001953125,9132.2001953125,9035.099609375,9117.7998046875,136589900
2023-05-04,9043.599609375,9056.599609375,8967.2998046875,9053.7001953125,150274800
2023-05-05,9147.2998046875,9147.2998046875,9047.7001953125,9097.2998046875,144355000
2023-05-08,9211.2998046875,9221.7998046875,9157.900390625,9162.2998046875,81672300
2023-05-09,9183.2001953125,9219.5,9130.2001953125,9202.099609375,113458000
2023-05-10,9167.7001953125,9223.2998046875,9143.7998046875,9219.7998046875,103618500
2023-05-11,9182.7998046875,9215.099609375,9118.0,9166.099609375,139070300
2023-05-12,9234.099609375,9276.900390625,9213.900390625,9218.599609375,106389900
2023-05-15,9201.5,9279.5,9162.2998046875,9269.099609375,92014700
2023-05-16,9191.400390625,9241.900390625,9174.900390625,9181.2001953125,91133400
2023-05-17,9211.599609375,9218.599609375,9125.7001953125,9148.2001953125,110933000
2023-05-18,9213.099609375,9282.2001953125,9202.0,9247.2998046875,105199800
2023-05-19,9251.5,9309.400390625,9222.900390625,9247.2001953125,127277500
2023-05-22,9305.0,9326.599609375,9241.900390625,9242.7998046875,96207700
2023-05-23,9267.0,9305.0,9260.099609375,9304.5,82288900
2023-05-24,9163.5,9193.2001953125,9128.7998046875,9191.2998046875,108838000
2023-05-25,9116.099609375,9188.099609375,9116.099609375,9169.5,123786500
2023-05-26,9191.099609375,9210.900390625,9048.2001953125,9137.7998046875,99198600
2023-05-29,9180.099609375,9271.099609375,9146.599609375,9263.099609375,59244300
2023-05-30,9167.5,9248.2998046875,9156.0,9189.0,111494900
2023-05-31,9050.2001953125,9183.400390625,9034.900390625,9096.5,401513500
2023-06-01,9167.5,9181.599609375,9105.900390625,9130.2998046875,109883600
2023-06-02,9317.2998046875,9324.7998046875,9204.2001953125,9216.2001953125,132595800
2023-06-05,9289.099609375,9382.400390625,9276.099609375,9352.0,102104900
2023-06-06,9310.7998046875,9310.7998046875,9242.2998046875,9266.0,94770400
2023-06-07,9359.7998046875,9401.7998046875,9294.900390625,9296.2998046875,100905200
2023-06-08,9338.2998046875,9427.599609375,9331.7001953125,9358.7001953125,109449100
2023-06-09,9309.7001953125,9370.400390625,9288.599609375,9345.7001953125,84882800
2023-06-12,9344.400390625,9382.099609375,9328.5,9345.900390625,95656000
2023-06-13,9333.7001953125,9357.7001953125,9261.099609375,9357.7001953125,121829000
2023-06-14,9432.7998046875,9468.099609375,9315.900390625,9333.7001953125,155571800
2023-06-15,9430.7998046875,9453.7001953125,9389.2998046875,9404.099609375,123381800
2023-06-16,9495.0,9580.7998046875,9428.5,9465.0,384178600
2023-06-19,9431.900390625,9503.2001953125,9412.099609375,9457.7998046875,87888300
2023-06-20,9439.7998046875,9469.099609375,9401.0,9418.2998046875,87716600
2023-06-21,9436.400390625,9463.5,9415.2998046875,9431.2001953125,101629200
2023-06-22,9364.7001953125,9365.900390625,9284.2001953125,9365.5,108508000
2023-06-23,9265.7998046875,9334.099609375,9239.7001953125,9305.599609375,124528300
2023-06-26,9274.0,9306.900390625,9198.7001953125,9283.099609375,110992200
2023-06-27,9393.0,9399.5,9287.2998046875,9309.2001953125,120553900
2023-06-28,9481.2998046875,9489.7001953125,9414.0,9421.0,126194000
2023-06-29,9510.599609375,9524.099609375,9479.0,9486.2001953125,103479900
2023-06-30,9593.0,9642.2998046875,9534.599609375,9541.400390625,172932500
2023-07-03,9644.7998046875,9658.599609375,9598.599609375,9604.2998046875,119153100
2023-07-04,9588.400390625,9649.7998046875,9580.900390625,9635.0,97859400
2023-07-05,9486.2998046875,9567.900390625,9470.7001953125,9541.7001953125,116017000
2023-07-06,9285.0,9435.900390625,9261.2001953125,9384.599609375,142178200
2023-07-07,9248.7998046875,9258.599609375,9169.7998046875,9246.900390625,114921000
2023-07-10,9252.900390625,9282.5,9183.0,9210.5,91453400
2023-07-11,9331.099609375,9333.7001953125,9226.7001953125,9295.7998046875,100280000
2023-07-12,9453.7001953125,9464.7998046875,9344.599609375,9356.5,155443100
2023-07-13,9478.7001953125,9523.599609375,9444.7998046875,9459.099609375,118162000
2023-07-14,9438.2998046875,9507.2001953125,9437.7998046875,9468.900390625,105127200
2023-07-17,9438.0,9483.2998046875,9402.599609375,9414.900390625,77438400
2023-07-18,9455.7001953125,9471.7998046875,9388.900390625,9446.5,88491000
2023-07-19,9451.7998046875,9532.400390625,9433.099609375,9482.7998046875,92225100
2023-07-20,9519.599609375,9539.5,9444.0,9445.099609375,108475200
2023-07-21,9571.5,9571.5,9481.2001953125,9521.0,114901000
2023-07-24,9543.5,9543.5,9401.0,9417.0,121342800
2023-07-25,9519.2001953125,9542.7998046875,9497.7998046875,9534.0,86427600
2023-07-26,9600.5,9604.099609375,9489.599609375,9515.900390625,164640400
2023-07-27,9694.7001953125,9715.099609375,9611.7998046875,9646.2998046875,203878100
2023-07-28,9685.099609375,9741.900390625,9674.099609375,9682.2001953125,222144300
2023-07-31,9641.5,9688.2998046875,9641.5,9675.900390625,160130500
2023-08-01,9502.900390625,9657.2001953125,9491.7001953125,9639.900390625,136369400
2023-08-02,9328.7001953125,9424.400390625,9311.0,9409.5,223086300
2023-08-03,9307.099609375,9341.900390625,9244.2998046875,9291.0,139652300
2023-08-04,9368.400390625,9377.599609375,9278.900390625,9333.900390625,111010600
2023-08-07,9358.599609375,9369.400390625,9273.5,9346.099609375,80687700
2023-08-08,9301.7998046875,9361.2998046875,9213.599609375,9292.099609375,136457400
2023-08-09,9354.400390625,9420.7998046875,9334.2998046875,9403.5,88364200
2023-08-10,9502.2001953125,9522.900390625,9396.7001953125,9404.7998046875,109204400
2023-08-11,9434.2998046875,9493.900390625,9415.400390625,9476.7001953125,80015200
2023-08-14,9429.599609375,9471.7001953125,9399.599609375,9423.7001953125,71422800
2023-08-15,9347.5,9435.099609375,9305.900390625,9427.5,63980500
2023-08-16,9350.5,9404.0,9313.2001953125,9318.099609375,60764100
2023-08-17,9278.0,9356.400390625,9270.2998046875,9312.7998046875,83008600
2023-08-18,9267.7001953125,9273.7998046875,9192.7001953125,9250.0,93675700
2023-08-21,9262.7998046875,9367.599609375,9239.400390625,9268.599609375,72507400
2023-08-22,9314.0,9370.7001953125,9302.900390625,9310.7001953125,66059900
2023-08-23,9315.599609375,9395.400390625,9292.099609375,9333.7998046875,74919900
2023-08-24,9324.7001953125,9415.5,9321.5,9385.900390625,67799700
2023-08-25,9338.900390625,9414.2001953125,9304.400390625,9308.7001953125,75145000
2023-08-28,9490.099609375,9524.900390625,9397.7001953125,9398.2001953125,73880200
2023-08-29,9581.2001953125,9592.7001953125,9491.099609375,9513.7998046875,106623300
2023-08-30,9551.099609375,9614.7001953125,9531.900390625,9595.099609375,99874200
2023-08-31,9505.900390625,9606.2001953125,9505.900390625,9556.900390625,212295400
2023-09-01,9449.599609375,9552.900390625,9449.599609375,9512.7998046875,108269100
2023-09-04,9416.2998046875,9515.0,9396.2001953125,9486.7001953125,69158100
2023-09-05,9392.0,9449.599609375,9353.2001953125,9396.2001953125,87067800
2023-09-06,9314.400390625,9382.0,9289.2998046875,9382.0,139455100
2023-09-07,9310.0,9379.900390625,9277.7998046875,9288.099609375,112157000
2023-09-08,9364.599609375,9372.2998046875,9238.5,9357.2001953125,92062600
2023-09-11,9435.2001953125,9457.900390625,9367.2998046875,9403.5,85725100
2023-09-12,9455.400390625,9501.7001953125,9448.0,9454.5,107657600
2023-09-13,9424.099609375,9448.2998046875,9330.599609375,9435.099609375,105247500
2023-09-14,9549.0,9563.099609375,9380.0,9422.2998046875,133995400
2023-09-15,9549.7001953125,9642.0,9524.7001953125,9605.2998046875,348282000
2023-09-18,9482.099609375,9553.900390625,9455.2998046875,9530.7998046875,109941400
2023-09-19,9527.2001953125,9550.099609375,9458.5,9459.7001953125,88182400
2023-09-20,9645.7998046875,9672.2001953125,9539.099609375,9550.0,125806100
2023-09-21,9548.900390625,9606.7998046875,9475.2001953125,9582.099609375,120718600
2023-09-22,9502.0,9542.599609375,9477.0,9499.0,100119800
2023-09-25,9386.0,9523.900390625,9337.7001953125,9468.5,107471700
2023-09-26,9366.900390625,9405.400390625,9307.099609375,9327.5,121930200
2023-09-27,9331.900390625,9420.900390625,9311.7998046875,9366.0,106336400
2023-09-28,9426.7998046875,9442.2998046875,9311.5,9344.099609375,171533200
2023-09-29,9428.0,9508.2998046875,9423.0,9458.5,139259800
2023-10-02,9319.0,9495.099609375,9299.400390625,9447.7001953125,157515300
2023-10-03,9165.5,9369.599609375,9164.0,9284.599609375,142881400
2023-10-04,9102.900390625,9186.400390625,9077.599609375,9137.900390625,139573600
2023-10-05,9157.7001953125,9193.2998046875,9096.0,9160.2001953125,114922100
2023-10-06,9235.7998046875,9235.7998046875,9110.400390625,9179.900390625,122390000
2023-10-09,9151.2998046875,9223.0,9111.7998046875,9182.900390625,135294000
2023-10-10,9352.099609375,9371.900390625,9217.900390625,9217.900390625,129139100
2023-10-11,9360.400390625,9381.7001953125,9297.5,9306.7998046875,108807000
2023-10-12,9336.0,9434.5,9322.0,9403.7998046875,94383400
2023-10-13,9232.900390625,9363.400390625,9223.7998046875,9317.2001953125,143092900
2023-10-16,9287.099609375,9306.0,9174.2001953125,9244.7998046875,105248200
2023-10-17,9298.5,9323.400390625,9219.5,9268.400390625,79826100
2023-10-18,9212.7001953125,9305.7001953125,9202.5,9278.2001953125,108127200
2023-10-19,9146.7998046875,9189.7001953125,9101.099609375,9176.7998046875,143366500
2023-10-20,9029.099609375,9098.2998046875,9021.7998046875,9067.099609375,230887100
2023-10-23,8995.5,9037.0,8920.7001953125,9028.7001953125,139157300
2023-10-24,8975.7998046875,9029.0,8950.7998046875,9004.2001953125,162189000
2023-10-25,8984.7998046875,9000.7998046875,8898.0,8961.7998046875,149177700
2023-10-26,8962.7998046875,8978.5,8879.2998046875,8926.900390625,164229500
2023-10-27,8918.2998046875,9037.2998046875,8904.099609375,9015.7001953125,178436300
2023-10-30,9013.900390625,9048.400390625,8945.900390625,8955.2001953125,164425900
2023-10-31,9017.2998046875,9084.900390625,8959.599609375,8978.599609375,189064200
2023-11-01,9075.0,9093.2998046875,8999.7998046875,9039.7998046875,121703800
2023-11-02,9260.400390625,9278.099609375,9101.900390625,9122.400390625,152576500
2023-11-03,9293.900390625,9339.7998046875,9249.599609375,9294.900390625,152566200
2023-11-06,9241.5,9313.599609375,9224.7001953125,9296.400390625,114365200
2023-11-07,9235.900390625,9279.7998046875,9201.2998046875,9208.5,113897000
2023-11-08,9283.7998046875,9326.5,9200.2998046875,9203.400390625,146534900
2023-11-09,9405.2001953125,9420.2001953125,9291.2001953125,9295.7001953125,133336100
2023-11-10,9371.7001953125,9415.2001953125,9329.2998046875,9367.400390625,122578700
2023-11-13,9461.7001953125,9463.2998046875,9401.0,9409.599609375,142296700
2023-11-14,9623.2998046875,9636.599609375,9471.7998046875,9488.0,171920600
2023-11-15,9640.7001953125,9684.900390625,9604.0,9636.099609375,161156100
2023-11-16,9667.400390625,9710.400390625,9652.5,9652.5,132367600
2023-11-17,9761.400390625,9774.7001953125,9693.599609375,9697.2001953125,249654700
2023-11-20,9839.0,9857.0,9759.7001953125,9761.2001953125,144062800
2023-11-21,9827.5,9858.400390625,9801.7001953125,9832.5,141826400
2023-11-22,9887.400390625,9897.2001953125,9847.099609375,9852.5,125070100
2023-11-23,9905.5,9921.099609375,9873.900390625,9891.0,111600100
2023-11-24,9939.0,9957.2998046875,9901.900390625,9906.400390625,93309200
2023-11-27,9936.099609375,9983.900390625,9925.7998046875,9927.2998046875,112098900
2023-11-28,10003.400390625,10014.2998046875,9919.5,9925.2001953125,118647800
2023-11-29,10062.599609375,10097.900390625,10018.400390625,10018.400390625,129372500
2023-11-30,10058.2001953125,10103.7998046875,10053.7998046875,10079.2998046875,252839300
2023-12-01,10140.7998046875,10140.7998046875,10080.900390625,10085.900390625,117751200
2023-12-04,10178.2998046875,10201.7001953125,10135.7998046875,10135.7998046875,105497200
2023-12-05,10238.400390625,10262.900390625,10166.099609375,10174.7998046875,137169800
2023-12-06,10258.099609375,10301.2998046875,10229.7001953125,10263.400390625,134294600
2023-12-07,10146.0,10246.7001953125,10113.900390625,10226.0,210704200
2023-12-08,10223.400390625,10229.2001953125,10139.400390625,10153.5,139106200
2023-12-11,10198.0,10226.599609375,10178.2001953125,10216.5,140388800
2023-12-12,10118.7001953125,10198.400390625,10111.400390625,10184.7998046875,145123700
2023-12-13,10096.099609375,10158.7001953125,10077.0,10112.599609375,142958200
2023-12-14,10171.7001953125,10257.7998046875,10124.099609375,10225.900390625,255848900
2023-12-15,10095.599609375,10200.7998046875,10050.7001953125,10192.2998046875,330245400
2023-12-18,10054.900390625,10125.7998046875,10039.2998046875,10063.5,134020100
2023-12-19,10106.7001953125,10123.099609375,10023.7998046875,10055.2001953125,115239700
2023-12-20,10101.0,10158.2001953125,10037.5,10148.099609375,146798700
2023-12-21,10104.2998046875,10108.5,10063.2998046875,10065.400390625,84138300
2023-12-22,10111.900390625,10143.099609375,10081.0,10094.099609375,91972000
2023-12-27,10121.7998046875,10146.7998046875,10077.900390625,10091.7998046875,130947500
2023-12-28,10086.2001953125,10136.2998046875,10074.599609375,10126.2998046875,95148800
2023-12-29,10102.099609375,10143.599609375,10090.900390625,10090.900390625,101943700
2024-01-02,10182.099609375,10287.900390625,10122.400390625,10161.099609375,137052900
2024-01-03,10053.400390625,10209.7998046875,10038.099609375,10183.7998046875,136612300
2024-01-04,10182.400390625,10190.7998046875,10067.5,10067.5,110894200
2024-01-05,10164.5,10192.0,10061.2001953125,10130.2998046875,145036200
2024-01-08,10209.0,10209.0,10079.2998046875,10140.5,110110400
2024-01-09,10060.2998046875,10181.900390625,9994.0,10159.0,157192400
2024-01-10,10067.099609375,10079.7998046875,10017.7998046875,10053.900390625,136822100
2024-01-11,10004.900390625,10151.7998046875,10004.900390625,10112.7001953125,134217300
2024-01-12,10094.7998046875,10134.7001953125,10023.7998046875,10024.7998046875,134251900
2024-01-15,10076.900390625,10135.2998046875,10048.599609375,10118.900390625,87931100
2024-01-16,9994.099609375,10024.2998046875,9955.0,10022.7001953125,138279400
2024-01-17,9867.7998046875,9916.7998046875,9826.599609375,9916.7998046875,133882600
2024-01-18,9880.2998046875,9901.5,9798.7998046875,9876.7998046875,134134100
2024-01-19,9858.2998046875,9931.0,9823.7001953125,9915.7998046875,146590900
2024-01-22,9968.099609375,9980.7998046875,9903.2001953125,9915.2001953125,105116800
2024-01-23,9859.2001953125,10000.599609375,9845.099609375,9980.5,119165400
2024-01-24,9974.0,9974.0,9892.7998046875,9897.900390625,126373600
2024-01-25,9916.599609375,9941.7001953125,9863.7998046875,9941.7001953125,162814100
2024-01-26,9936.599609375,9973.0,9910.099609375,9923.5,107711200
2024-01-29,9890.2998046875,9944.0,9864.2001953125,9938.2998046875,112770300
2024-01-30,10039.2998046875,10050.7001953125,9888.400390625,9902.900390625,139738300
2024-01-31,10077.7001953125,10128.0,10042.7998046875,10066.2001953125,171867800
2024-02-01,10014.0,10149.599609375,9986.400390625,10034.0,208762700
2024-02-02,10062.5,10132.7998046875,10033.7001953125,10087.599609375,161360600
2024-02-05,9941.2998046875,10083.099609375,9928.599609375,10047.400390625,187035600
2024-02-06,10003.0,10013.599609375,9941.599609375,9988.2001953125,148017600
2024-02-07,9920.2001953125,9985.900390625,9886.5,9978.900390625,154163400
2024-02-08,9905.400390625,9952.400390625,9899.400390625,9913.099609375,110769400
2024-02-09,9896.599609375,9921.400390625,9857.400390625,9906.0,153135700
2024-02-12,9984.7001953125,9987.0,9929.2998046875,9938.5,95624200
2024-02-13,9925.400390625,10004.099609375,9908.2001953125,9987.7998046875,130998800
2024-02-14,9916.599609375,9991.5,9913.2998046875,9922.599609375,119508700
2024-02-15,9927.2998046875,9963.900390625,9861.2001953125,9955.0,113529500
2024-02-16,9886.400390625,9978.400390625,9841.599609375,9975.2001953125,126325600
2024-02-19,9944.7998046875,9954.7998046875,9878.2998046875,9884.599609375,87430700
2024-02-20,10038.2001953125,10048.2998046875,9926.5,9940.099609375,118742600
2024-02-21,10107.2001953125,10127.2998046875,10031.5,10049.7998046875,105194400
2024-02-22,10138.900390625,10196.400390625,10120.900390625,10179.099609375,155634000
2024-02-23,10130.599609375,10136.7001953125,10064.2998046875,10123.2998046875,108883100
2024-02-26,10138.400390625,10157.2998046875,10102.5,10120.400390625,104520800
2024-02-27,10113.7998046875,10125.2998046875,10058.400390625,10111.400390625,110771900
2024-02-28,10068.599609375,10127.099609375,10028.900390625,10096.7998046875,128594200
2024-02-29,10001.2998046875,10095.7001953125,10001.0,10054.7998046875,340767500
2024-03-01,10064.7001953125,10108.0,10008.7998046875,10015.0,172079700
2024-03-04,10069.7998046875,10084.5,10035.599609375,10069.599609375,125103700
2024-03-05,10117.099609375,10121.7001953125,10032.099609375,10060.099609375,132426700
2024-03-06,10197.2001953125,10246.2001953125,10105.5,10116.0,182074800
2024-03-07,10319.599609375,10359.2001953125,10164.7998046875,10167.7998046875,202030200
2024-03-08,10305.7001953125,10366.900390625,10304.2001953125,10321.2001953125,168061400
2024-03-11,10325.7001953125,10330.900390625,10268.900390625,10280.599609375,149087900
2024-03-12,10388.900390625,10403.2001953125,10342.900390625,10357.5,185340700
2024-03-13,10560.5,10594.099609375,10431.7998046875,10436.2998046875,169503900
2024-03-14,10490.5,10606.900390625,10476.5,10567.400390625,160547200
2024-03-15,10597.900390625,10640.7998046875,10489.7001953125,10490.0,487575600
2024-03-18,10596.7001953125,10657.0,10576.599609375,10597.099609375,145580000
2024-03-19,10701.400390625,10711.599609375,10589.7998046875,10604.599609375,138362500
2024-03-20,10752.5,10752.5,10680.2998046875,10699.900390625,142721700
2024-03-21,10867.5,10931.7001953125,10817.900390625,10820.7998046875,186540700
2024-03-22,10943.2001953125,10963.900390625,10846.7001953125,10856.900390625,170404400
2024-03-25,10952.2001953125,10986.0,10911.5,10918.0,131499600
2024-03-26,10991.5,11008.5,10950.2001953125,10965.2998046875,139644100
2024-03-27,11111.2998046875,11140.099609375,11000.7998046875,11007.5,181418900
2024-03-28,11074.599609375,11105.599609375,11057.400390625,11075.7001953125,182530200
2024-04-02,10975.599609375,11095.5,10953.900390625,11034.599609375,157049100
2024-04-03,11032.2998046875,11052.7998046875,10959.400390625,10981.099609375,143750000
2024-04-04,11090.900390625,11111.2001953125,11042.0,11049.5,167469700
2024-04-05,10916.0,11000.2001953125,10879.900390625,10967.400390625,198548000
2024-04-08,10911.7998046875,10932.2998046875,10846.0,10864.2001953125,125829800
2024-04-09,10816.0,10909.099609375,10809.5,10909.099609375,139504300
2024-04-10,10775.0,10879.2001953125,10697.400390625,10863.2998046875,149227000
2024-04-11,10649.7998046875,10782.599609375,10591.400390625,10761.0,183036500
2024-04-12,10686.0,10781.599609375,10660.7001953125,10707.7001953125,154049100
2024-04-15,10687.2001953125,10750.2001953125,10660.2001953125,10668.7001953125,144065900
2024-04-16,10526.900390625,10605.5,10499.2001953125,10575.7998046875,169501300
2024-04-17,10633.900390625,10704.2001953125,10530.0,10532.0,120116300
2024-04-18,10765.0,10776.2998046875,10686.2001953125,10694.900390625,164337900
2024-04-19,10729.5,10747.099609375,10611.900390625,10680.099609375,204551500
2024-04-22,10890.2001953125,10895.7998046875,10783.900390625,10818.900390625,140903400
2024-04-23,11075.400390625,11080.0,10924.2998046875,10927.7998046875,156006800
2024-04-24,11027.7998046875,11110.0,11005.0,11110.0,138502500
2024-04-25,10983.7001953125,11095.0,10887.400390625,11049.099609375,306290600
2024-04-26,11154.599609375,11168.7001953125,11037.0,11044.5,188579200
2024-04-29,11100.7998046875,11228.2998046875,11057.7998046875,11179.5,201545700
2024-04-30,10854.400390625,11089.7998046875,10839.400390625,11064.2001953125,314561700
2024-05-02,10872.0,10920.099609375,10845.7998046875,10857.2998046875,254697600
2024-05-03,10854.7001953125,10953.2998046875,10820.5,10907.5,204827400
2024-05-06,10917.5,10945.7001953125,10847.099609375,10877.900390625,142156400
2024-05-07,11080.900390625,11089.7998046875,10958.0,10972.2001953125,206435300
2024-05-08,11153.0,11160.0,11076.099609375,11104.5,206758900
2024-05-09,11050.099609375,11121.900390625,11004.900390625,11112.7001953125,212325300
2024-05-10,11105.5,11137.7001953125,11045.099609375,11045.900390625,155650400
2024-05-13,11152.0,11152.0,11073.900390625,11104.2001953125,106337500
2024-05-14,11239.2998046875,11246.2998046875,11138.400390625,11180.5,137103300
2024-05-15,11362.7998046875,11377.099609375,11260.2998046875,11260.900390625,159465800
2024-05-16,11299.2998046875,11385.7001953125,11293.400390625,11376.400390625,141057900
2024-05-17,11327.7001953125,11343.0,11246.599609375,11252.599609375,143697900
2024-05-20,11339.5,11371.5,11312.5,11333.2001953125,90520700
2024-05-21,11334.900390625,11371.2998046875,11291.5,11326.0,123348800
2024-05-22,11329.0,11354.099609375,11268.400390625,11324.400390625,123189800
2024-05-23,11311.099609375,11360.2001953125,11277.0,11331.7998046875,109142200
2024-05-24,11246.0,11261.599609375,11169.2001953125,11236.0,110214700
2024-05-27,11325.5,11325.5,11248.900390625,11260.099609375,69177700
2024-05-28,11276.0,11355.099609375,11240.0,11337.599609375,96442400
2024-05-29,11145.099609375,11260.900390625,11135.0,11241.0,121731200
2024-05-30,11338.2001953125,11350.900390625,11125.2998046875,11125.2998046875,127541700
2024-05-31,11322.0,11361.2001953125,11278.599609375,11353.5,714440000
2024-06-03,11397.2001953125,11452.900390625,11378.0,11403.2001953125,128800700
2024-06-04,11286.400390625,11402.2001953125,11213.2001953125,11384.0,198258400
2024-06-05,11353.099609375,11412.400390625,11323.599609375,11378.5,119487700
2024-06-06,11444.0,11450.900390625,11357.7001953125,11387.599609375,108478700
2024-06-07,11404.900390625,11469.900390625,11350.7001953125,11447.099609375,119978300
2024-06-10,11357.2001953125,11375.2998046875,11286.900390625,11375.2998046875,104801700
2024-06-11,11175.5,11378.2001953125,11113.599609375,11377.7001953125,132147600
2024-06-12,11245.400390625,11273.900390625,11167.0,11208.400390625,138540800
2024-06-13,11066.099609375,11241.2001953125,11049.099609375,11213.2998046875,150308800
2024-06-14,10992.2998046875,11078.099609375,10874.099609375,11060.400390625,214015200
2024-06-17,10959.5,11082.599609375,10881.5,11035.900390625,117337200
2024-06-18,11067.7001953125,11071.099609375,10955.7998046875,11009.2998046875,104528800
2024-06-19,11056.400390625,11095.400390625,11033.2001953125,11074.599609375,103710200
2024-06-20,11160.5,11166.400390625,11041.5,11068.5,93102800
2024-06-21,11032.2998046875,11161.599609375,10969.2001953125,11161.599609375,271061400
2024-06-24,11172.099609375,11182.599609375,11040.099609375,11051.5,98196100
2024-06-25,11118.900390625,11190.400390625,11068.7001953125,11190.099609375,94463200
2024-06-26,11030.5,11170.7998046875,10985.7998046875,11154.7001953125,98074600
2024-06-27,10951.5,11018.900390625,10930.900390625,11018.900390625,100880200
2024-06-28,10943.7001953125,11000.2001953125,10913.0,10990.0,119328500
2024-07-01,11057.0,11141.2001953125,11010.900390625,11086.2001953125,115357900
2024-07-02,10912.7998046875,10984.099609375,10837.400390625,10983.099609375,108682200
2024-07-03,11056.7998046875,11061.400390625,10945.2001953125,10974.2998046875,102596300
2024-07-04,11066.2998046875,11074.2001953125,11014.2001953125,11018.2998046875,89573000
2024-07-05,11023.5,11100.900390625,10957.400390625,11079.900390625,92711400
2024-07-08,11022.099609375,11108.0,10977.7001953125,11003.0,126982800
2024-07-09,10898.7998046875,10992.900390625,10876.7998046875,10990.900390625,104091200
2024-07-10,11071.599609375,11071.599609375,10902.2001953125,10925.900390625,109685600
2024-07-11,11170.0,11195.7998046875,11048.599609375,11114.900390625,111898000
2024-07-12,11250.599609375,11264.7998046875,11178.599609375,11190.0,86435500
2024-07-15,11143.0,11225.900390625,11143.0,11225.099609375,82092900
2024-07-16,11090.5,11104.900390625,11026.5,11086.5,86480900
2024-07-17,11105.2001953125,11137.2998046875,11015.7998046875,11080.900390625,87448400
2024-07-18,11147.5,11221.099609375,11124.400390625,11143.599609375,99682700
2024-07-19,11087.5,11144.599609375,11051.099609375,11109.7998046875,126060400
2024-07-22,11143.7998046875,11201.7998046875,11103.7001953125,11149.599609375,117990000
2024-07-23,11212.7001953125,11221.7998046875,11097.5,11154.7001953125,101473500
2024-07-24,11210.099609375,11245.5,11154.400390625,11200.900390625,128813700
2024-07-25,11145.599609375,11158.099609375,11012.0,11133.2998046875,120027800
2024-07-26,11165.900390625,11177.599609375,11068.7001953125,11102.7998046875,86560000
2024-07-29,11117.7998046875,11254.2001953125,11089.7001953125,11221.7998046875,76497300
2024-07-30,11202.599609375,11226.2001953125,11123.900390625,11129.2001953125,98249400
2024-07-31,11065.0,11232.900390625,11026.7998046875,11222.599609375,156899100
2024-08-01,10854.2998046875,11061.2001953125,10822.099609375,11036.099609375,134958600
2024-08-02,10672.900390625,10841.099609375,10641.7998046875,10763.900390625,187820100
2024-08-05,10423.400390625,10479.5,10298.7001953125,10402.900390625,206599000
2024-08-06,10390.5,10488.599609375,10308.900390625,10463.599609375,133072600
2024-08-07,10599.0,10632.599609375,10413.7001953125,10483.900390625,126387000
2024-08-08,10558.0,10577.2998046875,10445.7001953125,10528.099609375,78715200
2024-08-09,10638.5,10687.7001953125,10571.400390625,10601.2001953125,63173800
2024-08-12,10646.2001953125,10714.400390625,10611.400390625,10681.099609375,61517500
2024-08-13,10723.7998046875,10730.7001953125,10645.7001953125,10680.5,67601600
2024-08-14,10753.0,10778.0,10720.0,10768.7998046875,56773800
2024-08-15,10885.599609375,10889.0,10744.599609375,10786.2001953125,77126200
2024-08-16,10949.7001953125,10961.599609375,10891.7001953125,10904.0,68792600
2024-08-19,11102.5,11112.400390625,10966.900390625,10968.7998046875,76898300
2024-08-20,11087.7998046875,11151.900390625,11056.5,11130.5,68430200
2024-08-21,11114.900390625,11127.2001953125,11066.2998046875,11080.7998046875,66677800
2024-08-22,11156.2998046875,11207.5,11107.400390625,11110.400390625,73242500
2024-08-23,11278.099609375,11285.2001953125,11178.7001953125,11183.0,76125400
2024-08-26,11265.5,11301.900390625,11239.599609375,11261.2001953125,60317600
2024-08-27,11326.900390625,11328.099609375,11266.7001953125,11272.0,96013500
2024-08-28,11332.0,11375.5,11308.099609375,11351.2001953125,78994900
2024-08-29,11358.599609375,11398.7998046875,11326.400390625,11334.400390625,77347600
2024-08-30,11401.900390625,11441.7998046875,11371.599609375,11372.7001953125,199321600
2024-09-02,11395.2998046875,11422.400390625,11337.5,11395.2998046875,71114100
2024-09-03,11279.2001953125,11429.400390625,11257.5,11401.099609375,100572000
2024-09-04,11213.900390625,11238.2998046875,11138.7998046875,11149.2998046875,110558400
2024-09-05,11273.5,11317.2998046875,11152.2001953125,11166.7998046875,96553400
2024-09-06,11173.0,11329.900390625,11157.2001953125,11238.400390625,108703500
2024-09-09,11272.7998046875,11295.0,11214.5,11222.099609375,76641700
2024-09-10,11203.5,11369.0,11177.0,11264.2001953125,95938700
2024-09-11,11278.900390625,11334.900390625,11221.7001953125,11249.099609375,97779100
2024-09-12,11400.2001953125,11445.900390625,11336.900390625,11397.2998046875,101212200
2024-09-13,11540.2001953125,11569.099609375,11418.900390625,11429.5,109312300
2024-09-16,11581.0,11592.5,11510.0,11518.2001953125,81423900
2024-09-17,11703.400390625,11753.900390625,11620.7001953125,11621.900390625,124049000
2024-09-18,11684.7001953125,11720.2001953125,11664.2998046875,11699.2001953125,96277000
2024-09-19,11778.099609375,11808.2001953125,11710.0,11799.599609375,129909000
2024-09-20,11753.2998046875,11826.7001953125,11747.900390625,11751.599609375,307523300
2024-09-23,11797.900390625,11836.2998046875,11721.0,11761.0,97744500
2024-09-24,11837.0,11867.0,11759.5,11851.0,86968100
2024-09-25,11792.599609375,11856.900390625,11766.2998046875,11777.400390625,81758900
2024-09-26,11953.2001953125,11975.7998046875,11875.5,11879.0,125012600
2024-09-27,11967.900390625,12004.599609375,11933.0,11933.2998046875,129700800
2024-09-30,11877.2998046875,11971.7998046875,11876.0,11929.0,128525400
2024-10-01,11673.5,11897.599609375,11625.7998046875,11891.900390625,177883000
2024-10-02,11609.7998046875,11675.5,11570.400390625,11656.5,133885800
2024-10-03,11618.0,11664.2998046875,11563.7998046875,11591.7001953125,112481700
2024-10-04,11659.2001953125,11668.400390625,11594.400390625,11615.2001953125,131353000
2024-10-07,11717.5,11781.2001953125,11655.400390625,11707.599609375,111400600
2024-10-08,11734.7001953125,11734.7001953125,11606.0,11637.900390625,90593900
2024-10-09,11741.5,11745.5,11670.5,11729.7998046875,70809900
2024-10-10,11656.7001953125,11769.599609375,11589.0,11731.400390625,93708700
2024-10-11,11720.0,11729.2998046875,11636.7001953125,11647.599609375,73632500
2024-10-14,11850.900390625,11850.900390625,11712.099609375,11714.400390625,76108500
2024-10-15,11930.2001953125,11962.2001953125,11864.0,11884.400390625,113973300
2024-10-16,11996.7001953125,12024.099609375,11897.5,11906.5,106349700
2024-10-17,11904.5,12037.900390625,11904.5,11999.2998046875,95911400
2024-10-18,11925.2001953125,11934.900390625,11821.599609375,11871.900390625,135861200
2024-10-21,11841.099609375,11932.099609375,11826.599609375,11887.900390625,84296000
2024-10-22,11832.7001953125,11840.2001953125,11682.2998046875,11836.0,94834300
2024-10-23,11865.2001953125,11887.099609375,11808.099609375,11834.5,85372100
2024-10-24,11839.7998046875,11925.400390625,11839.2001953125,11859.7998046875,86009200
2024-10-25,11812.5,11870.0,11782.2001953125,11831.5,86781500
2024-10-28,11904.0,11918.5,11817.2001953125,11863.900390625,90061400
2024-10-29,11795.2998046875,11962.5,11786.5,11959.0,131024200
2024-10-30,11715.0,11754.5,11634.099609375,11748.5,125771600
2024-10-31,11672.599609375,11717.2998046875,11615.400390625,11640.2998046875,152932700
2024-11-01,11843.0,11851.0,11670.599609375,11671.900390625,116075800
2024-11-04,11805.099609375,11892.099609375,11805.099609375,11823.2001953125,118544900
2024-11-05,11839.2001953125,11847.400390625,11769.7001953125,11779.5,106570700
2024-11-06,11495.2998046875,11794.7001953125,11461.2001953125,11779.400390625,215400600
2024-11-07,11570.099609375,11623.0,11512.599609375,11537.2998046875,162858400
2024-11-08,11551.599609375,11617.5,11515.599609375,11552.2998046875,162899600
2024-11-11,11597.2998046875,11667.7001953125,11593.0,11644.0,98355600
2024-11-12,11382.599609375,11550.599609375,11378.900390625,11475.400390625,119021500
2024-11-13,11377.099609375,11442.400390625,11295.0,11361.2001953125,107398700
2024-11-14,11524.2998046875,11536.2001953125,11369.0,11403.5,103802500
2024-11-15,11635.900390625,11664.599609375,11472.0,11478.7998046875,125501300
2024-11-18,11674.7998046875,11674.7998046875,11591.7998046875,11640.7998046875,94911100
2024-11-19,11588.400390625,11677.0,11428.0,11672.599609375,135961100
2024-11-20,11589.5,11720.7001953125,11548.599609375,11643.2998046875,105324500
2024-11-21,11611.7001953125,11631.7001953125,11513.7998046875,11592.900390625,100849000
2024-11-22,11656.599609375,11674.0,11520.900390625,11633.7001953125,158602500
2024-11-25,11711.7998046875,11767.599609375,11679.599609375,11732.7001953125,251665000
2024-11-26,11617.900390625,11662.7001953125,11575.0,11619.7998046875,106149400
2024-11-27,11579.5,11605.0,11486.099609375,11596.0,109154800
2024-11-28,11610.7998046875,11656.900390625,11600.7001953125,11615.7001953125,79734400
2024-11-29,11641.2998046875,11657.099609375,11531.0,11563.400390625,109064800
2024-12-02,11735.2998046875,11785.0,11577.7998046875,11581.400390625,92358600
2024-12-03,11873.599609375,11889.2001953125,11742.400390625,11743.900390625,98386300
2024-12-04,11931.599609375,11975.900390625,11890.099609375,11890.2998046875,99568700
2024-12-05,12118.7001953125,12128.7998046875,11939.099609375,11939.2001953125,143783600
2024-12-06,12072.0,12153.599609375,12059.0,12106.400390625,83928400
2024-12-09,12011.5,12114.7001953125,11999.400390625,12091.400390625,88297700
2024-12-10,11965.5,12021.900390625,11965.5,11981.7998046875,92532900
2024-12-11,11789.2998046875,11950.599609375,11771.900390625,11944.900390625,106111800
2024-12-12,11764.7998046875,11819.2998046875,11741.7998046875,11778.099609375,122243900
2024-12-13,11752.099609375,11857.599609375,11744.2998046875,11768.099609375,95007200
2024-12-16,11778.599609375,11794.2001953125,11721.400390625,11733.7998046875,104561200
2024-12-17,11588.099609375,11738.5,11588.099609375,11712.599609375,138709100
2024-12-18,11617.900390625,11669.599609375,11558.7001953125,11599.400390625,101930600
2024-12-19,11439.900390625,11481.400390625,11401.7001953125,11423.0,138523000
2024-12-20,11467.2998046875,11489.2001953125,11310.5,11373.7001953125,246522300
2024-12-23,11435.7001953125,11474.900390625,11399.099609375,11462.400390625,74793600
2024-12-24,11473.900390625,11485.7001953125,11446.2001953125,11470.0,30482300
2024-12-27,11531.599609375,11531.599609375,11421.900390625,11453.0,78825300
2024-12-30,11536.7998046875,11600.400390625,11470.7998046875,11478.400390625,85852800
2024-12-31,11595.0,11613.400390625,11525.400390625,11530.0,47625000
2025-01-02,11676.900390625,11676.900390625,11456.2001953125,11610.900390625,105381500
2025-01-03,11651.599609375,11701.7998046875,11635.5,11682.900390625,71179100
2025-01-06,11808.2001953125,11808.2001953125,11613.7001953125,11693.0,108994000
2025-01-07,11811.900390625,11866.599609375,11724.599609375,11797.099609375,115308200
2025-01-08,11798.099609375,11871.7001953125,11709.400390625,11799.900390625,123029500
2025-01-09,11899.2998046875,11904.2001953125,11753.7998046875,11756.2001953125,97932900
2025-01-10,11720.900390625,11877.2001953125,11703.7998046875,11862.5,133296700
2025-01-13,11688.2001953125,11707.5,11637.0,11662.5,109070300
2025-01-14,11752.099609375,11797.2001953125,11721.5,11746.0,120298100
2025-01-15,11898.5,11923.5,11750.900390625,11788.7998046875,124473800
2025-01-16,11840.599609375,11973.2998046875,11801.2001953125,11971.7001953125,118292200
2025-01-17,11916.2998046875,11940.7998046875,11873.5,11883.099609375,120721200
2025-01-20,11943.599609375,11991.5,11905.2998046875,11921.099609375,135782800
2025-01-21,11927.400390625,11934.2998046875,11851.2998046875,11884.7001953125,98749400
2025-01-22,11882.7001953125,11963.7001953125,11843.599609375,11932.900390625,119097400
2025-01-23,11991.5,12001.2998046875,11860.599609375,11873.7998046875,121476700
2025-01-24,11982.599609375,12050.2998046875,11933.2998046875,12040.2001953125,105557500
2025-01-27,11997.099609375,12032.900390625,11882.2998046875,11887.5,105749300
2025-01-28,12154.2001953125,12183.0,11975.0,11983.5,102214200
2025-01-29,12286.5,12290.900390625,12197.2998046875,12200.2998046875,123731000
2025-01-30,12419.599609375,12424.400390625,12326.2001953125,12330.2001953125,122507500
2025-01-31,12368.900390625,12465.599609375,12357.7998046875,12450.5,107144500
2025-02-03,12205.7998046875,12264.7998046875,12101.2998046875,12114.2001953125,147691700
2025-02-04,12372.7998046875,12388.5,12173.900390625,12214.2001953125,121115200
2025-02-05,12536.7001953125,12536.7001953125,12420.2998046875,12422.0,189280800
2025-02-06,12731.0,12743.7001953125,12574.2998046875,12576.5,182977900
2025-02-07,12688.900390625,12775.599609375,12672.599609375,12740.900390625,129941800
2025-02-10,12708.7998046875,12739.2998046875,12664.599609375,12681.2001953125,104170800
2025-02-11,12774.7998046875,12778.2998046875,12680.900390625,12696.099609375,132441700
2025-02-12,12911.5,12919.900390625,12810.099609375,12816.7001953125,152197700
2025-02-13,12936.2998046875,12974.900390625,12882.400390625,12964.2001953125,123544900
2025-02-14,12956.0,12984.599609375,12878.900390625,12909.5,123289000
2025-02-17,13016.900390625,13033.7001953125,12942.0,12942.2001953125,98460200
2025-02-18,13143.900390625,13158.599609375,13014.900390625,13026.599609375,127405100
2025-02-19,12929.400390625,13157.2998046875,12914.2001953125,13103.7001953125,131029700
2025-02-20,12967.099609375,13026.2998046875,12918.5,12927.900390625,127107400
2025-02-21,12952.0,12987.900390625,12894.599609375,12952.099609375,125136300
2025-02-24,13012.900390625,13052.0,12927.2001953125,12970.599609375,120800900
2025-02-25,13116.7998046875,13219.400390625,12960.7998046875,12965.099609375,150760400
2025-02-26,13332.0,13339.7001953125,13126.900390625,13130.7998046875,125564200
2025-02-27,13270.599609375,13316.7001953125,13178.0,13221.400390625,159410500
2025-02-28,13347.2998046875,13347.2998046875,13215.7001953125,13240.2001953125,251581300
2025-03-03,13373.099609375,13446.400390625,13218.7001953125,13349.2998046875,153783500
2025-03-04,13031.7001953125,13282.0,12997.099609375,13248.2001953125,195204400
2025-03-05,13214.0,13348.2001953125,13206.400390625,13230.2001953125,177351300
2025-03-06,13234.2001953125,13319.599609375,13099.900390625,13274.0,176624900
2025-03-07,13257.099609375,13291.2998046875,13114.7001953125,13142.900390625,134505200
2025-03-10,13082.7001953125,13291.2998046875,13050.400390625,13262.400390625,164744800
2025-03-11,12877.2998046875,13138.0,12840.900390625,13070.099609375,173666800
2025-03-12,12804.0,12964.2998046875,12708.2001953125,12944.7998046875,139429700
2025-03-13,12821.2998046875,12894.900390625,12729.0,12743.099609375,112707500
2025-03-14,13005.2001953125,13007.400390625,12788.0,12809.2998046875,127740700
2025-03-17,13147.2001953125,13147.2001953125,12974.2001953125,13009.599609375,112264600
2025-03-18,13354.7001953125,13354.7001953125,13153.599609375,13178.5,159889600
2025-03-19,13408.099609375,13427.900390625,13248.099609375,13271.2001953125,118517400
2025-03-20,13306.2998046875,13464.7001953125,13232.900390625,13407.5,131939500
2025-03-21,13350.2001953125,13358.599609375,13213.0,13257.7998046875,327772900
2025-03-24,13323.2998046875,13478.7998046875,13303.2998046875,13429.599609375,105607000
2025-03-25,13484.2998046875,13515.099609375,13363.5,13368.7998046875,111197300
2025-03-26,13432.2001953125,13505.900390625,13414.2998046875,13484.900390625,109255200
2025-03-27,13422.599609375,13463.400390625,13270.7998046875,13328.2998046875,107010900
2025-03-28,13309.2998046875,13440.900390625,13258.2001953125,13363.400390625,121572800
2025-03-31,13135.400390625,13249.7998046875,13051.7998046875,13224.599609375,167060300
2025-04-01,13297.0,13330.900390625,13155.2998046875,13191.599609375,123046200
2025-04-02,13350.2001953125,13350.2001953125,13234.900390625,13268.2001953125,107758200
2025-04-03,13191.2001953125,13281.2998046875,13107.400390625,13141.2998046875,209798600
2025-04-04,12422.0,13091.599609375,12236.400390625,13084.0,371357800
2025-04-07,11785.7998046875,12322.7998046875,11583.0,12091.2998046875,423011800
2025-04-08,12065.599609375,12203.099609375,11699.400390625,11920.7001953125,232198800
2025-04-09,11797.599609375,11924.7001953125,11612.7001953125,11752.900390625,221644700
2025-04-10,12307.599609375,12843.099609375,12307.599609375,12785.900390625,277114600
2025-04-11,12286.0,12419.0,12157.400390625,12364.2001953125,135190900
2025-04-14,12609.7998046875,12633.7998046875,12419.5,12540.599609375,120617900
2025-04-15,12879.2998046875,12881.099609375,12626.599609375,12652.400390625,124665000
2025-04-16,12942.099609375,12942.099609375,12756.099609375,12848.5,127312200
2025-04-17,12918.0,12965.7001953125,12852.0,12934.0,118973300
2025-04-22,13010.599609375,13010.599609375,12812.0,12830.2998046875,109911000
2025-04-23,13208.2998046875,13215.7998046875,13099.0,13170.099609375,163116500
2025-04-24,13179.7001953125,13241.400390625,13110.2001953125,13168.2998046875,104438600
2025-04-25,13355.2998046875,13375.900390625,13254.900390625,13284.599609375,115013300
2025-04-28,13456.099609375,13472.0,13377.7001953125,13415.900390625,117159400
2025-04-29,13366.900390625,13490.7998046875,13292.0,13471.0,116559300
2025-04-30,13287.7998046875,13379.099609375,13074.7998046875,13368.400390625,200803500
2025-05-02,13446.7001953125,13446.7001953125,13316.0,13415.099609375,141233700
2025-05-05,13518.0,13521.099609375,13462.099609375,13473.5,85373300
2025-05-06,13530.2001953125,13579.599609375,13408.0,13551.2001953125,111702500
2025-05-07,13480.400390625,13531.900390625,13423.5,13510.5,118455100
2025-05-08,13488.900390625,13507.0,13428.900390625,13493.900390625,136310300
2025-05-09,13554.099609375,13586.0,13471.2998046875,13505.400390625,127549500
2025-05-12,13655.2998046875,13740.2001953125,13558.099609375,13653.599609375,144186700
2025-05-13,13769.099609375,13800.7001953125,13650.599609375,13664.2998046875,118479800
2025-05-14,13840.2001953125,13846.7001953125,13754.599609375,13777.0,158379200
2025-05-15,13930.2001953125,13930.2001953125,13785.7998046875,13806.900390625,111198100
2025-05-16,14064.5,14064.5,13953.7001953125,13981.7001953125,122336100
2025-05-19,14099.0,14099.5,14003.2001953125,14074.0,104238000
2025-05-20,14323.400390625,14348.099609375,14140.400390625,14153.099609375,140963800
2025-05-21,14307.599609375,14370.7998046875,14253.2998046875,14279.5,114276500
2025-05-22,14272.5,14272.5,14157.5,14228.400390625,106118300
2025-05-23,14104.099609375,14341.7998046875,13851.599609375,14288.0,173060400
2025-05-26,14221.599609375,14275.2998046875,14199.400390625,14259.400390625,87069700
2025-05-27,14239.900390625,14299.099609375,14164.400390625,14198.2998046875,115082000
2025-05-28,14100.599609375,14262.5,14094.7998046875,14208.0,107696100
2025-05-29,14116.599609375,14187.5,14088.900390625,14185.099609375,83480200
2025-05-30,14152.2001953125,14214.599609375,14099.900390625,14129.2001953125,449124100
2025-06-02,14202.7998046875,14234.400390625,14099.599609375,14105.900390625,89794000
2025-06-03,14128.400390625,14249.2001953125,14080.5,14239.599609375,104041400
2025-06-04,14101.2998046875,14185.2001953125,14036.400390625,14175.7998046875,101954800
2025-06-05,14203.7001953125,14204.900390625,14038.2998046875,14082.2998046875,98898900
2025-06-06,14247.599609375,14286.099609375,14179.099609375,14193.7001953125,78318000
2025-06-09,14251.2998046875,14292.2998046875,14206.2998046875,14231.2001953125,75590900
2025-06-10,14221.099609375,14297.0,14221.099609375,14249.0,100383800
2025-06-11,14134.099609375,14186.0,14078.5,14157.2998046875,98420200
2025-06-12,14088.900390625,14134.2998046875,13957.900390625,14062.599609375,102176200
2025-06-13,13910.599609375,13925.0,13829.5,13915.900390625,129988400
2025-06-16,14110.7998046875,14132.2998046875,13925.2001953125,13927.2998046875,140851500
2025-06-17,13911.7001953125,14000.400390625,13864.0,13989.0,112460800
2025-06-18,13923.2001953125,13968.2998046875,13846.900390625,13904.599609375,94902300
2025-06-19,13744.900390625,13896.599609375,13744.099609375,13862.400390625,82221100
2025-06-20,13850.2998046875,13925.0,13753.5,13754.400390625,286491100
2025-06-23,13839.400390625,13881.2001953125,13737.2001953125,13763.7001953125,101045600
2025-06-24,14035.099609375,14086.099609375,13963.599609375,14032.2998046875,143212900
2025-06-25,13811.7998046875,14057.7001953125,13810.7998046875,14054.599609375,107091500
2025-06-26,13815.5,13892.5,13789.099609375,13847.2001953125,93447400
2025-06-27,13969.0,13969.0,13856.7998046875,13868.400390625,100089100
2025-06-30,13991.900390625,14029.099609375,13894.400390625,14025.599609375,110470200
2025-07-01,13987.400390625,14042.900390625,13947.5,14007.7998046875,97952900
2025-07-02,14044.599609375,14104.400390625,13988.099609375,14042.400390625,132184700
2025-07-03,14182.900390625,14182.900390625,14015.400390625,14068.5,104281400
2025-07-04,13973.0,14121.5,13916.900390625,14088.7998046875,83272800
2025-07-07,14074.7998046875,14074.7998046875,13933.7001953125,13959.5,100275300
2025-07-08,14079.5,14119.2001953125,14045.2998046875,14098.2998046875,120473400
2025-07-09,14254.400390625,14254.400390625,14112.5,14117.0,123328700
2025-07-10,14141.599609375,14273.099609375,14126.5,14266.599609375,110944000
2025-07-11,14009.2001953125,14111.2998046875,13973.599609375,14083.7001953125,95693800
2025-07-14,14036.0,14040.7998046875,13887.599609375,13892.5,86325700
2025-07-15,13874.7001953125,14084.2998046875,13855.5,14059.5,87360300
2025-07-16,13885.7001953125,13984.7998046875,13866.099609375,13870.2001953125,97091700
2025-07-17,13994.5,14004.400390625,13931.099609375,13946.0,86514400
2025-07-18,13989.0,14063.099609375,13964.2001953125,14040.400390625,94010100
2025-07-21,14031.5,14031.5,13938.5,13990.7998046875,81563200
2025-07-22,14041.5,14049.2998046875,13950.0,13993.7998046875,86532300
2025-07-23,14067.900390625,14227.0,14039.900390625,14113.599609375,138205900
2025-07-24,14256.5,14328.7001953125,14188.2998046875,14198.2998046875,146515400
2025-07-25,14237.2998046875,14255.900390625,14158.900390625,14243.7001953125,85919600
2025-07-28,14220.2001953125,14404.7998046875,14201.7998046875,14368.7001953125,145598800
2025-07-29,14347.7001953125,14389.5,14211.2001953125,14228.400390625,129145100
2025-07-30,14380.599609375,14396.7001953125,14197.2998046875,14304.400390625,134910900
2025-07-31,14397.0,14598.2998046875,14389.5,14454.7001953125,163375400
2025-08-01,14126.7001953125,14339.2001953125,14063.400390625,14324.900390625,147770700
2025-08-04,14386.099609375,14386.099609375,14165.0,14179.599609375,88452700
2025-08-05,14407.5,14450.2998046875,14275.7001953125,14438.5,88499100
2025-08-06,14536.599609375,14536.599609375,14398.2998046875,14460.2998046875,95482200
2025-08-07,14690.900390625,14690.900390625,14586.5,14589.5,102037000
2025-08-08,14824.900390625,14855.599609375,14703.7998046875,14717.5,95127000
2025-08-11,14855.900390625,14881.599609375,14730.5,14865.5,83418100
2025-08-12,14859.0,14948.5,14843.0,14903.0,102249100
2025-08-13,15019.900390625,15033.900390625,14897.5,14902.099609375,87075300
2025-08-14,15206.400390625,15208.7001953125,15051.2998046875,15055.2001953125,89214200
2025-08-15,15277.2001953125,15337.0,15216.0,15310.900390625,80478900
2025-08-18,15251.7001953125,15285.7998046875,15158.7001953125,15270.2001953125,70222400
2025-08-19,15303.7998046875,15357.599609375,15245.7998046875,15261.7998046875,87973400
2025-08-20,15292.099609375,15308.2998046875,15243.5,15252.2998046875,69710900
2025-08-21,15303.7998046875,15303.7998046875,15170.099609375,15292.400390625,97921200
2025-08-22,15396.7998046875,15443.900390625,15267.7998046875,15277.2998046875,72265200
2025-08-25,15265.5,15352.7998046875,15225.400390625,15339.7001953125,59710500
2025-08-26,15119.2998046875,15187.5,15098.400390625,15148.5,152500800
2025-08-27,15020.900390625,15144.599609375,14970.0,15116.2001953125,80710300
2025-08-28,15071.400390625,15095.0,14976.2001953125,15055.599609375,65867100
2025-08-29,14935.7998046875,15054.099609375,14886.0,15041.2998046875,77503500
2025-09-01,14939.400390625,14972.5,14869.0,14957.099609375,56478800
2025-09-02,14704.2001953125,14938.099609375,14646.0,14922.7001953125,83403600
2025-09-03,14789.400390625,14791.400390625,14663.599609375,14731.400390625,79354500
2025-09-04,14918.2998046875,14922.2998046875,14723.7001953125,14788.099609375,81571500
2025-09-05,14850.900390625,14986.2001953125,14805.099609375,14950.2998046875,85860400
2025-09-08,15002.2001953125,15013.5,14871.7001953125,14881.599609375,72164400
2025-09-09,15023.900390625,15027.599609375,14925.900390625,15007.7001953125,86280600
2025-09-10,15217.5,15254.2998046875,15108.5,15132.2998046875,121291100
2025-09-11,15321.2998046875,15328.7001953125,15204.2998046875,15259.5,88333100
2025-09-12,15308.2001953125,15327.599609375,15203.599609375,15324.599609375,86163600
2025-09-15,15395.099609375,15416.599609375,15334.7998046875,15361.2998046875,86042500
2025-09-16,15163.2998046875,15400.7998046875,15149.900390625,15385.7001953125,108844000
2025-09-17,15127.2001953125,15216.2998046875,15123.099609375,15203.7998046875,92518300
2025-09-18,15175.400390625,15242.7998046875,15088.2998046875,15224.2001953125,88001500
2025-09-19,15260.7001953125,15330.2001953125,15192.2001953125,15212.0,304653800
2025-09-22,15082.5,15244.2001953125,15052.0,15226.2998046875,105181400
2025-09-23,15158.2001953125,15194.7998046875,15093.2998046875,15155.5,93816900
2025-09-24,15194.599609375,15247.2001953125,15078.2998046875,15166.2001953125,90569400
2025-09-25,15153.7001953125,15206.5,15102.7001953125,15179.2001953125,86256200
2025-09-26,15350.400390625,15366.400390625,15184.400390625,15202.400390625,87930000
2025-09-29,15316.2998046875,15386.400390625,15296.7001953125,15384.2001953125,80979800
2025-09-30,15475.0,15488.599609375,15281.5,15315.099609375,102819500
2025-10-01,15538.7998046875,15566.7998046875,15358.400390625,15474.599609375,112447800
2025-10-02,15496.2001953125,15599.400390625,15492.099609375,15571.0,103428700
2025-10-03,15585.099609375,15668.2998046875,15561.7001953125,15583.2998046875,84088800
2025-10-06,15556.7001953125,15630.900390625,15487.2998046875,15563.2998046875,86888000
2025-10-07,15527.0,15620.2998046875,15505.5,15520.400390625,95150900
2025-10-08,15678.2998046875,15732.7001953125,15544.2001953125,15549.5,103099500
2025-10-09,15584.7998046875,15685.2998046875,15551.0,15663.900390625,98918000
2025-10-10,15476.5,15715.400390625,15470.900390625,15600.2998046875,110232400
2025-10-13,15541.599609375,15607.2998046875,15490.400390625,15536.5,67895000
2025-10-14,15586.400390625,15596.2998046875,15433.900390625,15488.2001953125,89838200
2025-10-15,15570.2998046875,15719.7998046875,15570.2998046875,15637.0,95275000
2025-10-16,15645.7998046875,15645.7998046875,15479.7001953125,15582.2998046875,86414300
2025-10-17,15601.099609375,15714.2998046875,15409.2998046875,15454.099609375,226751000
2025-10-20,15828.2998046875,15855.7998046875,15704.7001953125,15739.099609375,114551400
2025-10-21,15767.099609375,15894.2001953125,15764.900390625,15863.400390625,87902600
2025-10-22,15781.599609375,15868.900390625,15761.900390625,15765.2001953125,102103900
2025-10-23,15792.2001953125,15864.400390625,15728.900390625,15769.099609375,78419800
2025-10-24,15861.5,15862.2998046875,15723.900390625,15833.900390625,80345300
2025-10-27,16000.2001953125,16027.599609375,15887.0,15918.5,81172200
2025-10-28,16087.0,16105.900390625,15978.599609375,16041.5,95070000
2025-10-29,16150.099609375,16210.5,15961.2001953125,16050.099609375,121817600
2025-10-30,16040.2998046875,16117.7001953125,15890.2998046875,16100.599609375,99650100
2025-10-31,16032.599609375,16129.2001953125,15975.900390625,16050.900390625,130323900
2025-11-03,16037.0,16136.599609375,16018.2998046875,16033.5,110705800
2025-11-04,16036.400390625,16036.400390625,15763.099609375,15921.2998046875,161044000
2025-11-05,16098.400390625,16098.400390625,15876.599609375,15901.900390625,115005100
2025-11-06,16118.0,16169.0,16026.900390625,16107.099609375,124301600
2025-11-07,15901.400390625,16178.2001953125,15878.5,16168.5,142615100
2025-11-10,16182.5,16194.7998046875,16041.7001953125,16074.400390625,116077100
2025-11-11,16388.80078125,16410.400390625,16204.0,16233.2998046875,111727000
2025-11-12,16615.80078125,16638.099609375,16428.5,16431.400390625,129027700
2025-11-13,16577.400390625,16661.5,16574.099609375,16636.69921875,129174800
2025-11-14,16345.900390625,16417.80078125,16200.7998046875,16407.19921875,119804900
2025-11-17,16172.599609375,16365.400390625,16140.099609375,16311.599609375,88437600
2025-11-18,15827.0,15983.2998046875,15771.900390625,15933.2998046875,119226900
2025-11-19,15889.2998046875,15991.2998046875,15775.2998046875,15830.2998046875,107626100
2025-11-20,15988.900390625,16123.2998046875,15978.599609375,16022.2998046875,98275300
2025-11-21,15821.900390625,15901.2998046875,15724.599609375,15786.400390625,107858900
2025-11-24,15967.7998046875,16034.2001953125,15892.2001953125,15960.7001953125,0
2025-11-25,16140.900390625,16158.599609375,15910.2998046875,15967.7998046875,0
2025-11-26,16361.099609375,16363.7998046875,16153.099609375,16195.099609375,0
2025-11-27,16361.7998046875,16395.30078125,16305.900390625,16373.099609375,0
2025-11-28,16371.599609375,16399.30078125,16301.5,16364.7001953125,0
2025-12-01,16389.0,16425.80078125,16265.099609375,16324.5,0
2025-12-02,16473.099609375,16588.5,16433.80078125,16442.400390625,0
2025-12-03,16585.69921875,16759.19921875,16578.400390625,16578.400390625,0
2025-12-04,16746.599609375,16752.80078125,16602.900390625,16641.599609375,0
2025-12-05,16688.5,16844.5,16679.900390625,16789.5,0
2025-12-08,16712.19921875,16718.69921875,16620.900390625,16696.80078125,0
2025-12-09,16734.5,16796.0,16679.80078125,16735.5,0
2025-12-10,16762.5,16768.19921875,16679.19921875,16692.900390625,0
2025-12-11,16883.0,16946.099609375,16699.69921875,16768.400390625,0
2025-12-12,16854.400390625,17032.5,16833.099609375,16956.69921875,0
2025-12-15,17041.400390625,17066.5,16975.19921875,16990.30078125,0
2025-12-16,16921.900390625,17096.5,16913.599609375,17002.400390625,0
2025-12-17,16938.19921875,17001.5,16908.80078125,16974.599609375,0
2025-12-18,17132.599609375,17143.099609375,16928.5,16938.80078125,0
2025-12-19,17169.80078125,17218.30078125,17079.099609375,17139.19921875,0
2025-12-22,17158.0,17186.599609375,17093.099609375,17124.19921875,0
2025-12-23,17182.80078125,17203.19921875,17076.099609375,17130.69921875,0
2025-12-24,17172.900390625,17206.5,17146.0,17146.0,0
2025-12-29,17195.80078125,17214.0,17140.0,17167.599609375,0
2025-12-30,17354.900390625,17384.900390625,17161.400390625,17166.599609375,0
2025-12-31,17307.80078125,17339.5,17286.099609375,17315.400390625,0
2026-01-02,17492.400390625,17501.5,17277.80078125,17297.80078125,0
2026-01-05,17614.400390625,17629.900390625,17446.69921875,17568.69921875,0
2026-01-06,17647.099609375,17739.599609375,17563.599609375,17648.900390625,0
2026-01-07,17596.400390625,17706.400390625,17554.099609375,17628.5,0
2026-01-08,17654.69921875,17665.5,17532.80078125,17538.5,0
2026-01-09,17649.0,17725.400390625,17565.900390625,17710.0,0
2026-01-12,17673.80078125,17690.30078125,17400.19921875,17545.19921875,0
2026-01-13,17687.099609375,17773.599609375,17614.69921875,17717.30078125,0
2026-01-14,17695.69921875,17833.5,17675.099609375,17761.0,0
2026-01-15,17642.69921875,17725.69921875,17611.69921875,17708.900390625,0
2026-01-16,17710.900390625,17710.900390625,17585.0,17597.30078125,0
2026-01-19,17665.30078125,17692.400390625,17480.5,17515.19921875,0
2026-01-20,17429.099609375,17554.900390625,17334.400390625,17553.400390625,0
2026-01-21,17439.5,17494.599609375,17241.0,17421.19921875,0
2026-01-22,17663.400390625,17695.400390625,17490.5,17644.5,0
2026-01-23,17544.400390625,17645.19921875,17479.19921875,17618.400390625,0
2026-01-26,17680.5,17722.0,17561.599609375,17566.599609375,0
2026-01-27,17804.099609375,17830.30078125,17671.69921875,17744.599609375,0
2026-01-28,17607.599609375,17781.900390625,17506.599609375,17781.900390625,0
2026-01-29,17589.69921875,17817.900390625,17542.900390625,17656.900390625,0
2026-01-30,17880.900390625,17950.599609375,17658.69921875,17670.599609375,0
2026-02-02,18115.19921875,18127.69921875,17803.900390625,17806.69921875,0
2026-02-03,18119.19921875,18271.19921875,18032.099609375,18199.30078125,0
2026-02-04,18102.5,18246.0,17977.69921875,18004.900390625,0
2026-02-05,17746.30078125,18076.0,17694.900390625,18006.80078125,0
2026-02-06,17943.30078125,17969.599609375,17650.80078125,17667.0,0
2026-02-09,18195.099609375,18195.099609375,17988.400390625,18051.19921875,0
2026-02-10,18122.099609375,18267.30078125,18104.0,18217.099609375,0
2026-02-11,18044.5,18197.099609375,17955.5,18157.0,0
2026-02-12,17896.900390625,18170.30078125,17852.900390625,18140.5,0
2026-02-13,17672.400390625,17947.599609375,17581.599609375,17866.599609375,0
2026-02-16,17848.0,17902.599609375,17743.19921875,17746.80078125,0
2026-02-17,17955.400390625,17983.80078125,17831.599609375,17837.900390625,0
2026-02-18,18197.900390625,18228.69921875,18011.0,18018.599609375,0
2026-02-19,18017.5,18182.69921875,17908.400390625,18169.5,0
2026-02-20,18186.0,18214.5,17978.900390625,18067.69921875,0
2026-02-23,18288.69921875,18452.5,18226.5,18257.900390625,0
2026-02-24,18189.5,18294.19921875,18116.5,18262.400390625,0
2026-02-25,18461.0,18461.0,18253.5,18325.80078125,0
2026-02-26,18496.599609375,18503.400390625,18373.80078125,18434.099609375,0
2026-02-27,18360.80078125,18573.80078125,18306.80078125,18443.599609375,0
2026-03-02,17878.900390625,17981.5,17768.19921875,17830.5,0
2026-03-03,17062.400390625,17621.69921875,16904.400390625,17600.69921875,0
2026-03-04,17487.0,17555.69921875,16881.19921875,17062.400390625,0
2026-03-05,17245.19921875,17720.599609375,17201.599609375,17496.400390625,0
2026-03-06,17074.400390625,17414.0,16846.099609375,17337.099609375,0
2026-03-09,16928.19921875,16986.099609375,16497.30078125,16533.400390625,0
2026-03-10,17445.0,17503.30078125,17251.0,17324.19921875,0
2026-03-11,17351.900390625,17497.19921875,17284.30078125,17420.0,0
2026-03-12,17139.900390625,17328.599609375,16987.30078125,17281.400390625,0
2026-03-13,17059.30078125,17291.099609375,16870.400390625,16994.0,0
2026-03-16,17089.400390625,17219.19921875,16906.900390625,17041.900390625,0
2026-03-17,17248.69921875,17376.900390625,17077.19921875,17089.400390625,0
2026-03-18,17299.099609375,17488.599609375,17178.5,17365.599609375,0
2026-03-19,16905.900390625,17072.30078125,16791.69921875,17046.900390625,0
2026-03-20,16714.0,17166.80078125,16638.80078125,17082.30078125,0
2026-03-23,16888.19921875,17198.400390625,16247.2998046875,16388.0,0
2026-03-24,16910.19921875,16984.69921875,16692.0,16907.30078125,0
2026-03-25,17169.900390625,17230.099609375,17074.0,17160.0,0
2026-03-26,16962.900390625,17111.30078125,16919.80078125,17070.900390625,0
2026-03-27,16802.5,17019.5,16696.0,17004.5,0
2026-03-30,16969.19921875,16983.80078125,16762.099609375,16772.599609375,0
2026-03-31,17049.599609375,17180.30078125,16947.5,16994.099609375,0
2026-04-01,17580.400390625,17626.80078125,17467.599609375,17532.400390625,0
2026-04-02,17555.900390625,17557.0,17237.69921875,17305.0,0
2026-04-07,17444.30078125,17808.5,17396.400390625,17576.5,0
2026-04-08,18132.30078125,18253.0,17644.5,17662.30078125,0
2026-04-09,18104.900390625,18149.099609375,17980.19921875,18111.599609375,0
2026-04-10,18204.30078125,18267.400390625,18038.5,18111.900390625,0
2026-04-13,18023.80078125,18048.400390625,17862.099609375,18005.099609375,0
2026-04-14,18286.099609375,18286.099609375,18115.69921875,18132.69921875,0
2026-04-15,18185.80078125,18303.400390625,18138.400390625,18286.900390625,0
2026-04-16,18089.5,18247.80078125,18089.5,18207.19921875,0
2026-04-17,18484.5,18508.19921875,18058.400390625,18078.900390625,0
2026-04-20,18260.900390625,18341.69921875,18197.400390625,18259.400390625,0
2026-04-21,18142.599609375,18371.900390625,18130.0,18318.400390625,0
2026-04-22,18006.400390625,18222.5,17981.400390625,18193.099609375,0
2026-04-23,17885.900390625,17929.900390625,17716.69921875,17853.599609375,0
2026-04-24,17691.30078125,17885.900390625,17618.80078125,17885.900390625,0
2026-04-27,17692.900390625,17857.099609375,17678.400390625,17706.900390625,0
2026-04-28,17774.900390625,17889.400390625,17711.5,17766.80078125,0
2026-04-29,17642.80078125,17756.0,17576.19921875,17752.69921875,0
2026-04-30,17781.0,17800.5,16591.900390625,16632.900390625,0
2026-05-04,17356.099609375,17833.0,17308.19921875,17829.099609375,0
2026-05-05,17667.69921875,17667.69921875,17330.400390625,17357.69921875,0
2026-05-06,18104.30078125,18217.900390625,17831.30078125,17843.30078125,0
2026-05-07,18060.80078125,18182.19921875,18039.400390625,18138.900390625,0
2026-05-08,17889.400390625,18018.599609375,17856.0,17929.69921875,0
2026-05-11,17852.5,17953.19921875,17773.19921875,17905.5,0
2026-05-12,17573.599609375,17747.19921875,17553.0,17649.30078125,0
2026-05-13,17654.900390625,17691.5,17465.900390625,17679.5,0
2026-05-14,17809.19921875,17842.80078125,17703.0,17767.099609375,0
2026-05-15,17622.69921875,17707.80078125,17527.599609375,17628.30078125,0
2026-05-18,17755.099609375,17811.80078125,17465.099609375,17479.5,0
2026-05-19,17670.099609375,17858.19921875,17651.099609375,17754.30078125,0
2026-05-20,18051.69921875,18103.5,17646.30078125,17650.400390625,0
2026-05-21,17975.19921875,18125.900390625,17895.5,18036.19921875,0
2026-05-22,17985.30078125,18097.80078125,17955.30078125,18082.5,0
2026-05-25,18387.400390625,18412.0,18191.400390625,18191.400390625,0
2026-05-26,18290.900390625,18425.099609375,18290.900390625,18379.19921875,0
2026-05-27,18380.900390625,18443.5,18320.400390625,18373.5,0
2026-05-28,18279.30078125,18377.599609375,18217.0,18312.30078125,0
2026-05-29,18362.900390625,18489.0,18340.69921875,18384.80078125,0
2026-06-01,18184.900390625,18384.400390625,18077.400390625,18330.900390625,0
2026-06-02,18272.0,18388.19921875,18212.69921875,18298.400390625,0
2026-06-03,18176.0,18400.0,18176.0,18312.80078125,0
2026-06-04,18276.0,18360.0,18176.0,18176.0,0
2026-06-05,18344.900390625,18500.19921875,18292.900390625,18344.69921875,0
2026-06-08,18223.099609375,18413.30078125,18179.400390625,18209.80078125,0
2026-06-09,18174.69921875,18467.599609375,18174.69921875,18241.30078125,0
2026-06-10,18142.69921875,18271.599609375,17953.5,18265.30078125,0
2026-06-11,18290.099609375,18401.599609375,18150.80078125,18186.400390625,0
2026-06-12,18764.400390625,18796.30078125,18578.69921875,18594.900390625,0
2026-06-15,19032.0,19152.0,18930.400390625,19032.5,0
2026-06-16,19163.599609375,19163.599609375,19035.80078125,19080.400390625,0
2026-06-17,19421.900390625,19421.900390625,19121.400390625,19153.69921875,0
2026-06-18,19404.099609375,19439.69921875,19291.5,19404.69921875,0
2026-06-19,19347.400390625,19439.0,19330.400390625,19352.5,0
2026-06-22,19542.30078125,19575.30078125,19338.099609375,19363.099609375,0
2026-06-23,19476.5,19547.0,19352.400390625,19470.80078125,0
2026-06-24,19389.5,19482.30078125,19314.5,19476.900390625,0
2026-06-25,19513.599609375,19549.30078125,19348.400390625,19403.69921875,0
2026-06-26,19425.30078125,19512.69921875,19330.599609375,19485.30078125,0
2026-06-29,19387.400390625,19432.80078125,19317.80078125,19392.69921875,0
2026-06-30,19471.900390625,19527.400390625,19381.599609375,19411.0,0
2026-07-01,19406.599609375,19450.19921875,19276.0,19450.099609375,0
2026-07-02,19671.80078125,19799.5,19389.80078125,19418.80078125,0
2026-07-03,19852.400390625,19879.099609375,19708.69921875,19714.5,0
2026-07-06,19683.80078125,19833.400390625,19664.900390625,19801.0,0
2026-07-07,19640.19921875,19796.19921875,19640.19921875,19707.0,0
2026-07-08,19104.30078125,19541.0,19038.900390625,19541.0,0
2026-07-09,19322.80078125,19349.0,19237.400390625,19269.5,0
2026-07-10,19384.69921875,19443.900390625,19318.0,19333.69921875,0
2026-07-13,19335.69921875,19440.599609375,19284.0,19305.0,0
2026-07-14,19356.599609375,19388.69921875,19081.19921875,19183.69921875,0
2026-07-15,19275.5,19335.400390625,19137.5,19232.599609375,0
2026-07-16,19304.099609375,19332.80078125,19100.80078125,19327.0,0
2026-07-17,19216.900390625,19290.099609375,19126.19921875,19168.599609375,0
2026-07-20,19206.900390625,19308.900390625,19136.19921875,19148.80078125,0
2026-07-21,19379.80078125,19388.0,19208.0,19248.400390625,0
2026-07-22,19571.30078125,19654.400390625,19242.80078125,19292.0,0
2026-07-23,19267.0,19532.900390625,19226.69921875,19532.5,0
2026-07-24,19585.400390625,19585.69921875,19259.80078125,19267.0,0
2026-07-27,19741.30078125,19913.900390625,19728.80078125,19775.900390625,0
2026-07-28,19727.0,19890.099609375,19666.099609375,19888.19921875,0
2026-07-29,19412.69921875,19743.900390625,19381.19921875,19726.900390625,0
2026-07-30,19757.69921875,19779.80078125,19346.5,19346.5,0
2026-07-31,19782.900390625,19953.5,19702.5,19761.599609375,0
2026-08-03,19982.599609375,19987.400390625,19855.400390625,19917.69921875,0
2026-08-04,20023.599609375,20078.30078125,19937.5,19991.19921875,0
2026-08-05,20057.0,20152.80078125,20037.19921875,20056.19921875,0
2026-08-06,20180.400390625,20326.69921875,20139.69921875,20139.69921875,0
2026-08-07,20176.0,20288.400390625,20055.0,20216.0,0
2026-08-10,20173.0,20256.099609375,20092.19921875,20161.80078125,0
2026-08-11,20213.599609375,20295.0,20184.69921875,20186.30078125,0
2026-08-12,20204.400390625,20307.599609375,20154.69921875,20260.099609375,0
2026-08-13,20168.599609375,20356.5,20168.599609375,20264.900390625,0
2026-08-14,20156.599609375,20212.80078125,20097.599609375,20211.19921875,0
2026-08-17,19981.900390625,20169.30078125,19981.900390625,20124.80078125,0
2026-08-18,19934.900390625,20074.0,19929.0,19988.5,0
2026-08-19,19847.5,19983.19921875,19821.19921875,19939.19921875,0
2026-08-20,19811.0,19916.5,19783.80078125,19834.099609375,0
2026-08-21,19961.5,20020.80078125,19863.0,19868.19921875,0
2026-08-24,20098.599609375,20117.400390625,19957.30078125,19978.69921875,0
2026-08-25,20056.599609375,20202.0,20000.30078125,20189.0,0
2026-08-26,20067.30078125,20178.5,20065.900390625,20109.900390625,0
2026-08-27,19881.599609375,20091.599609375,19845.599609375,20073.599609375,0
2026-08-31,19974.099609375,20135.599609375,19974.099609375,20070.599609375,0
2026-09-01,19824.0,19999.0,19734.69921875,19984.80078125,0
2026-09-02,19779.0,19882.69921875,19739.30078125,19790.80078125,0
2026-09-03,19876.5,19921.69921875,19797.900390625,19817.400390625,107858866
